env,policy,seed,t,q,mu,sigma,rho,a,action_label,p0,p1,p2,r,state_delta,intervention_active,intervention_start,intervention_name
lunarlander,dqn,19,0,-0.0012013117278305194,0.9420404434204102,-0.04756484180688858,0.01325518398080021,0,left_thruster,0.564415156414185,0.08624868210010264,0.3493361614857123,-0.1979780960218136,0.02201634957930701,0.0,0.0,none
lunarlander,dqn,19,1,-0.0024702549368763966,0.9430809815724691,-0.034681957215070724,0.03103320403024554,0,left_thruster,0.4898847363994652,0.1520031309735498,0.3581121326269851,-0.5132995967558259,0.020961415734718512,0.0,0.0,none
lunarlander,dqn,19,2,-0.0037910936710735164,0.9437240759531657,-0.021421056240797043,0.04720018487423658,0,left_thruster,0.44748534663327594,0.18931899064045832,0.3631956627262658,-1.540443027569396,0.027893722248989374,0.0,0.0,none
lunarlander,dqn,19,3,-0.005191087645168106,0.9439590771993002,-0.007799437735229731,0.07150030918419362,0,left_thruster,0.41325843626032427,0.21165066385938236,0.3750908998802934,-1.9493408678278774,0.027235758088229946,0.0,0.0,none
lunarlander,dqn,19,4,-0.006658157023290793,0.9437975883483887,0.005457019433379173,0.09524635076522826,2,right_thruster,0.38418116759949705,0.228120499877594,0.387698332522909,-0.0685962411598257,0.014714059933968755,0.0,0.0,none
lunarlander,dqn,19,5,-0.008058786236991486,0.9432434240976969,0.018552036955952644,0.08870760351419449,2,right_thruster,0.3552810563496915,0.28744001507573885,0.35727892857456967,-0.005277527956126276,0.01780930814750699,0.0,0.0,none
lunarlander,dqn,19,6,-0.009379148638496797,0.9422923723856608,0.031765714287757874,0.07687872648239136,1,main_engine,0.31998172781415674,0.36545012002038874,0.3145681521654546,-0.03367335014383683,0.010139715342866248,0.0,0.0,none
lunarlander,dqn,19,7,-0.010675430142631134,0.9415504137674967,0.024810995906591415,0.08410471230745314,2,right_thruster,0.3433525045873135,0.31241499875243883,0.34423249666024774,-0.4919019339598106,0.01519597450043575,0.0,0.0,none
lunarlander,dqn,19,8,-0.011919180396944284,0.9404122034708658,0.038004640489816666,0.0767560426145792,1,main_engine,0.30797322468264204,0.3854694738713828,0.3065573014459752,0.4040129065677695,0.008725577803841773,0.0,0.0,none
lunarlander,dqn,19,9,-0.01308592191586892,0.9393459955851237,0.03561532869935036,0.08499793633818627,1,main_engine,0.3198901484576444,0.352537522582417,0.32757232895993854,0.371470121526736,0.012675084004667582,0.0,0.0,none
lunarlander,dqn,19,10,-0.014230807622273764,0.9385973612467448,0.02504194900393486,0.09185287468135356,2,right_thruster,0.3508125711051506,0.28512157538523086,0.3640658535096185,-0.15463829305867421,0.01922783782835551,0.0,0.0,none
lunarlander,dqn,19,11,-0.015298604654769104,0.9374535878499349,0.03817664459347725,0.07789790742099285,1,main_engine,0.31532691605718877,0.3674652957361245,0.3172077882066867,0.2360083014717418,0.018168077310946773,0.0,0.0,none
lunarlander,dqn,19,12,-0.016435861277083557,0.9368516604105631,0.020109187811613083,0.07930871192365885,0,left_thruster,0.3650270818578585,0.27333321262021837,0.36163970552192315,-2.008318106445539,0.020763558909978712,0.0,0.0,none
lunarlander,dqn,19,13,-0.017627635970711708,0.9358396530151367,0.03382337465882301,0.09482006169855595,2,right_thruster,0.3358207816581023,0.30574264124613604,0.3584365770957617,-0.42516358616810296,0.018161218235425377,0.0,0.0,none
lunarlander,dqn,19,14,-0.018752097773055237,0.9344330628712972,0.04692738503217697,0.0823753098025918,1,main_engine,0.3002009870067341,0.38757268655803606,0.31222632643522985,-1.097101849644531,0.010858645959408351,0.0,0.0,none
lunarlander,dqn,19,15,-0.020057757695515953,0.9333180586496989,0.03719266131520271,0.07788116205483675,1,main_engine,0.32803151009076637,0.33946323603050577,0.3325052538787278,-1.280346325092961,0.01097276760648773,0.0,0.0,none
lunarlander,dqn,19,16,-0.021527529073258243,0.9324988524119059,0.027315761893987656,0.07340710796415806,0,left_thruster,0.3555172307580842,0.2930658851165144,0.35141688412540134,-1.7968045052852404,0.019517003937930804,0.0,0.0,none
lunarlander,dqn,19,17,-0.023051818522314232,0.9312678178151449,0.04108211025595665,0.08710244260728359,2,right_thruster,0.3261012731781067,0.32859623642704866,0.3453024903948447,-0.047706874441042824,0.020604768022868616,0.0,0.0,none
lunarlander,dqn,19,18,-0.0245029137780269,0.9296375115712484,0.05433949455618858,0.0714808341464959,1,main_engine,0.2879428467781744,0.4180316371974921,0.29402551602433347,0.3482758422919835,0.008740239696214886,0.0,0.0,none
lunarlander,dqn,19,19,-0.02599287002036969,0.9282622337341309,0.045838579535484314,0.07135887093609199,1,main_engine,0.31504920981656526,0.3659433734653303,0.31900741671810445,-0.8088436752536643,0.011057485247222377,0.0,0.0,none
lunarlander,dqn,19,20,-0.027626355489095054,0.9271809260050455,0.036022160202264786,0.0666611704044044,0,left_thruster,0.3434661637742674,0.3175621939233224,0.33897164230241017,-1.8554479164684086,0.01986460571354946,0.0,0.0,none
lunarlander,dqn,19,21,-0.029320400208234787,0.9256873925526937,0.04981350153684616,0.08077857224270701,1,main_engine,0.31416447795262525,0.353116838040337,0.33271868400703775,-1.7448026051452963,0.005350450060795179,0.0,0.0,none
lunarlander,dqn,19,22,-0.031171956410010658,0.9242026011149088,0.04950292408466339,0.07599338765721768,1,main_engine,0.3173806498403578,0.351096677312546,0.33152267284709613,-0.11577166420935668,0.003034449957577465,0.0,0.0,none
lunarlander,dqn,19,23,-0.033015410105387374,0.9227007230122884,0.05007617175579071,0.07778930366039276,1,main_engine,0.3201052716211014,0.34195478149849434,0.33793994688040424,0.5458941989819243,0.020433962101226125,0.0,0.0,none
lunarlander,dqn,19,24,-0.034908692662914596,0.9218077659606934,0.029779864475131035,0.0788960225880146,2,right_thruster,0.37293645771083256,0.24015017702741898,0.38691336526174847,0.42718505076563584,0.021194841270387847,0.0,0.0,none
lunarlander,dqn,19,25,-0.03673211671411991,0.9204988479614258,0.043595388531684875,0.06298016728833318,2,right_thruster,0.34057430134322364,0.3183742614546591,0.3410514372021172,0.43510372480405063,0.02308240552883177,0.0,0.0,none
lunarlander,dqn,19,26,-0.03848362093170484,0.9187959829966227,0.05667635425925255,0.04411967247724533,1,main_engine,0.3016839885339446,0.4101614824777269,0.2881545289883285,0.6483136025845795,0.0029552096339695326,0.0,0.0,none
lunarlander,dqn,19,27,-0.04020738725860914,0.9171285629272461,0.05550478771328926,0.042851194739341736,1,main_engine,0.3084627273581141,0.3977273286201066,0.2938099440217793,0.2858590793784265,0.0211013540764644,0.0,0.0,none
lunarlander,dqn,19,28,-0.04207182054718336,0.916053295135498,0.03576022386550903,0.03572469279170036,0,left_thruster,0.3628898499457278,0.30628528685268497,0.33082486320158727,-1.4508371465305265,0.017596754048422026,0.0,0.0,none
lunarlander,dqn,19,29,-0.04399887596567472,0.9145806630452474,0.049047645181417465,0.04700334519147873,1,main_engine,0.3363426715303792,0.33865493302754046,0.3250023954420803,-0.29051544482421376,0.018805546531351948,0.0,0.0,none
lunarlander,dqn,19,30,-0.04606191379328569,0.9136395454406738,0.031321246176958084,0.04114830195903778,0,left_thruster,0.38299273277945267,0.2602583833258918,0.35674888389465553,-1.3248324519095354,0.017359167933807002,0.0,0.0,none
lunarlander,dqn,19,31,-0.04817835365732511,0.9122929573059082,0.044871289283037186,0.05170502616092563,0,left_thruster,0.35652326310775573,0.2918885426256721,0.3515881942665721,-1.7658759876321302,0.019837960135582082,0.0,0.0,none
lunarlander,dqn,19,32,-0.05035805826385816,0.9105474154154459,0.05820739269256592,0.0661235898733139,2,right_thruster,0.3297863819387099,0.3207171815408102,0.34949643652047996,0.11691325417877352,0.020357587239316858,0.0,0.0,none
lunarlander,dqn,19,33,-0.052469807366530105,0.9084104696909586,0.07121290266513824,0.05075277183204889,1,main_engine,0.2941690419257148,0.40454456559909946,0.30128639247518574,-0.04748622797061329,0.009706606852286102,0.0,0.0,none
lunarlander,dqn,19,34,-0.054671602944533035,0.9065302213033041,0.06265304982662201,0.04720821287482977,1,main_engine,0.3204567577799926,0.35722542892787235,0.32231781329213505,0.5322230830106525,0.01031856537673035,0.0,0.0,none
lunarlander,dqn,19,35,-0.05690066143870354,0.9049468040466309,0.0527576245367527,0.04617021586745977,0,left_thruster,0.34994565406818245,0.30186770753208597,0.3481866383997316,-2.0897999917065304,0.023205638789988436,0.0,0.0,none
lunarlander,dqn,19,36,-0.059211732198794685,0.9029577573140463,0.06632628291845322,0.06474697086960077,2,right_thruster,0.32582007163515425,0.32121318698699475,0.352966741377851,0.3075387379510027,0.022843744126757975,0.0,0.0,none
lunarlander,dqn,19,37,-0.06144118184844653,0.9005818367004395,0.0791708379983902,0.046139482967555524,1,main_engine,0.28862241359221563,0.4134183251779318,0.29795926122985267,0.12667446721716943,0.015962788290515926,0.0,0.0,none
lunarlander,dqn,19,38,-0.06380534420410792,0.8986457188924154,0.06450542062520981,0.04062601514160633,1,main_engine,0.3295822844138845,0.33919188410210843,0.3312258314840071,0.14340612000778494,0.019409902610232052,0.0,0.0,none
lunarlander,dqn,19,39,-0.06628759826223056,0.897264321645101,0.04600685462355614,0.0354803828522563,0,left_thruster,0.37732779374638437,0.2556636159218105,0.36700859033180516,-1.7844178015228636,0.02153023323816201,0.0,0.0,none
lunarlander,dqn,19,40,-0.06884582961599033,0.895470937093099,0.059783510863780975,0.051728272263426335,2,right_thruster,0.3545281598797355,0.27379201298269285,0.37167982713757164,0.5278259174319032,0.023056128432522124,0.0,0.0,none
lunarlander,dqn,19,41,-0.07132617756724358,0.8932868639628092,0.07276178151369095,0.03296055402606726,1,main_engine,0.3162236305744302,0.36890691562091354,0.3148694538046562,2.2328266688913656,0.021172900123205354,0.0,0.0,none
lunarlander,dqn,19,42,-0.07375558217366537,0.891729990641276,0.05186858028173447,0.03481527250260115,0,left_thruster,0.37204353536876755,0.25612717180463973,0.37182929282659277,-1.6783411512783608,0.019595876832874996,0.0,0.0,none
lunarlander,dqn,19,43,-0.07624904314676921,0.8897663752237955,0.06545747816562653,0.048572710854932664,2,right_thruster,0.3537527783348598,0.27677965379407543,0.3694675678710647,-0.021220210429646613,0.018215645273508163,0.0,0.0,none
lunarlander,dqn,19,44,-0.07869148006041846,0.8874088923136393,0.07856181263923645,0.036384071595966815,1,main_engine,0.3173699795450788,0.3626622641172905,0.3199677563376308,0.6535174084969355,0.003708606274001754,0.0,0.0,none
lunarlander,dqn,19,45,-0.0810845692952474,0.8850640455881754,0.07815099507570267,0.037920237984508276,1,main_engine,0.3244607389207199,0.354095582275243,0.321443678804037,-0.7783798974783258,0.009476900621050378,0.0,0.0,none
lunarlander,dqn,19,46,-0.08362309386332831,0.8829003175099691,0.07209859043359756,0.03143531568348408,0,left_thruster,0.3378010101309918,0.333069189343251,0.32912980052575724,-2.035950880136754,0.022399552789116286,0.0,0.0,none
lunarlander,dqn,19,47,-0.08624108508229256,0.8803325494130453,0.08560296148061752,0.04892601654864848,1,main_engine,0.3244399884856816,0.3637799424368785,0.31178006907743994,-0.4273415770486656,0.015001656537058804,0.0,0.0,none
lunarlander,dqn,19,48,-0.08901516596476237,0.8781766891479492,0.07186289876699448,0.04403550356364576,0,left_thruster,0.36046154108071327,0.2952581029291155,0.34428035599017126,-1.7190454739396648,0.019157723131658172,0.0,0.0,none
lunarlander,dqn,19,49,-0.09184479713439941,0.8756256103515625,0.08506263047456741,0.05738730579614639,0,left_thruster,0.3437702976473518,0.3319566423659626,0.32427305998668554,-2.3296202783895157,0.02487974170727375,0.0,0.0,none
lunarlander,dqn,19,50,-0.0947515976925691,0.8726654847462972,0.09873238205909729,0.07775707766413689,1,main_engine,0.3284855042125533,0.3563677485600194,0.31514674722742725,-0.18104867035665392,0.01521205349376493,0.0,0.0,none
lunarlander,dqn,19,51,-0.09777378911773364,0.870146115620931,0.08404461294412613,0.07819883339107037,0,left_thruster,0.37111369427116003,0.2682040394876856,0.3606822662411544,-2.113778847920955,0.022355565437738503,0.0,0.0,none
lunarlander,dqn,19,52,-0.10085384051005046,0.8672289848327637,0.09733498841524124,0.09566711485385895,2,right_thruster,0.34398914514983886,0.2953179962135581,0.3606928586366031,-0.3777990715528245,0.016813468586939048,0.0,0.0,none
lunarlander,dqn,19,53,-0.10387205829222998,0.863921324412028,0.11032448709011078,0.0859761193394661,1,main_engine,0.3139301749617779,0.39031702156846043,0.29575280346976174,2.14687313015406,0.020086266945799916,0.0,0.0,none
lunarlander,dqn,19,54,-0.10681016991535823,0.8611375490824381,0.09288450330495834,0.09508233591914177,2,right_thruster,0.36607633348558305,0.2641913926892865,0.3697322738251304,-0.33565948195367584,0.016962843597134264,0.0,0.0,none
lunarlander,dqn,19,55,-0.1096898689866066,0.8579644362131754,0.10582258552312851,0.08498368356376887,1,main_engine,0.33572859725042487,0.3586185192396822,0.305652883509893,-1.2788144380248083,0.005854293857885826,0.0,0.0,none
lunarlander,dqn,19,56,-0.11271857966979346,0.8548660278320312,0.10331959277391434,0.08194484151899814,1,main_engine,0.34654517046561156,0.3490660282608932,0.30438880127349516,0.27102407120020533,0.0063235097903912305,0.0,0.0,none
lunarlander,dqn,19,57,-0.11574411143859228,0.8518718878428141,0.09985031187534332,0.08508046735078097,0,left_thruster,0.3623506232426055,0.31630473370577056,0.32134464305162397,-2.190899326866472,0.02307452353395136,0.0,0.0,none
lunarlander,dqn,19,58,-0.11883600304524104,0.8484688599904379,0.11352746188640594,0.10308682210743428,1,main_engine,0.33363181018936466,0.33874228222232455,0.3276259075883107,1.1328443518882556,0.020294323125438975,0.0,0.0,none
lunarlander,dqn,19,59,-0.12196365743875504,0.8456424077351888,0.094325952231884,0.10812572315335274,2,right_thruster,0.38469259822077173,0.22302891834699418,0.39227848343223415,-0.3926857280488696,0.016380235269723094,0.0,0.0,none
lunarlander,dqn,19,60,-0.1250388597448667,0.842419703801473,0.10748858749866486,0.09945309665054083,0,left_thruster,0.35861686403080273,0.3076060279209976,0.3337771080481996,-2.2757073744340173,0.02378520858621826,0.0,0.0,none
lunarlander,dqn,19,61,-0.1281824087103208,0.8387927214304606,0.1210281178355217,0.11841042675077915,1,main_engine,0.3215824777191021,0.3438409170397313,0.33457660524116656,-0.11808334300613181,0.007830193236882829,0.0,0.0,none
lunarlander,dqn,19,62,-0.13132588316996893,0.8352189858754476,0.11926580965518951,0.1243730753660202,2,right_thruster,0.32806945629175654,0.32036461819361006,0.35156592551463334,-0.1547412439354275,0.0202159835521433,0.0,0.0,none
lunarlander,dqn,19,63,-0.134389561911424,0.831255833307902,0.1321750432252884,0.10964402332901954,1,main_engine,0.28630084770396547,0.4466877311023265,0.267011421193708,-1.416216621146831,0.0059900396617431195,0.0,0.0,none
lunarlander,dqn,19,64,-0.1375918338696162,0.8272442817687988,0.13376739621162415,0.10699866972863674,1,main_engine,0.2790110552626081,0.46768000103814517,0.2533089436992468,-0.7155173393030726,0.008043289130425488,0.0,0.0,none
lunarlander,dqn,19,65,-0.1409417763352394,0.8233974774678549,0.12826259434223175,0.10410529132932425,1,main_engine,0.29953600613470943,0.4380073535935382,0.2624566402717523,-1.4147332622685849,0.0069326865237317094,0.0,0.0,none
lunarlander,dqn,19,66,-0.14445122331380844,0.8195432821909586,0.1284867376089096,0.09954011193476617,1,main_engine,0.29666388253365344,0.454203379990467,0.2491327374758795,0.6482698669153591,0.012590859410409707,0.0,0.0,none
lunarlander,dqn,19,67,-0.14802058537801108,0.8160354296366373,0.11693994700908661,0.09993507072795182,1,main_engine,0.3427905073552242,0.37347355038438923,0.2837359422603865,-1.0795090161119436,0.006302574788215498,0.0,0.0,none
lunarlander,dqn,19,68,-0.1517156759897868,0.8125408490498861,0.11648531258106232,0.09624048436526209,1,main_engine,0.3437311759920719,0.3816866673763192,0.27458215663160884,-0.041004684836634615,0.005707002322971307,0.0,0.0,none
lunarlander,dqn,19,69,-0.15545129776000977,0.8091249465942383,0.11385750770568848,0.09603736505378038,1,main_engine,0.35319732381764757,0.3664749878742342,0.28032768830811816,0.91337566830505,0.011580426245703202,0.0,0.0,none
lunarlander,dqn,19,70,-0.15918906778097153,0.8060170809427897,0.10360094904899597,0.09833508629817515,0,left_thruster,0.38870925304551945,0.2996776617391988,0.3116130852152817,-1.6591641672121602,0.01937663142288093,0.0,0.0,none
lunarlander,dqn,19,71,-0.16297968725363415,0.8025059700012207,0.11709506809711456,0.1112450011074543,1,main_engine,0.33714580663214416,0.3546450594023089,0.30820913396554683,-1.0611335627503946,0.009191101402232772,0.0,0.0,none
lunarlander,dqn,19,72,-0.16692948838075003,0.7992034753163656,0.11012177914381027,0.10818850211799144,0,left_thruster,0.360619273169553,0.32110134115545835,0.3182793856749887,-1.6919514658625656,0.019648628986561348,0.0,0.0,none
lunarlander,dqn,19,73,-0.1709290718038877,0.79549773534139,0.12361829727888107,0.12138635963201523,1,main_engine,0.3095102088857433,0.3776607113880874,0.31282907972616925,0.1487467581491683,0.008195190365322345,0.0,0.0,none
lunarlander,dqn,19,74,-0.17493601888418198,0.7919241587320963,0.11921988427639008,0.12574400044977666,1,main_engine,0.32199752487784195,0.340966213343581,0.33703626177857693,-0.7335944639902198,0.007315877025051703,0.0,0.0,none
lunarlander,dqn,19,75,-0.1790382837255796,0.788498322168986,0.11428837478160858,0.12654233481734992,2,right_thruster,0.33604402145824963,0.311456919184417,0.3524990593573334,-0.0733165647002147,0.017770908588550516,0.0,0.0,none
lunarlander,dqn,19,76,-0.1830859233935674,0.7846781412760416,0.12737300992012024,0.11588305030018091,1,main_engine,0.29059009368027316,0.4284171005860506,0.2809928057336763,0.30046451394227347,0.007740132008076561,0.0,0.0,none
lunarlander,dqn,19,77,-0.18714801718791327,0.7810039520263672,0.12251722812652588,0.11839914927259088,1,main_engine,0.3064562771879251,0.39190075276003117,0.3016429700520437,0.9685399553504203,0.017071543201868888,0.0,0.0,none
lunarlander,dqn,19,78,-0.1912350207567215,0.7778057257334391,0.10666124522686005,0.12201759424060583,2,right_thruster,0.35670264215313596,0.286494008748305,0.3568033490985591,0.27276989345368857,0.020131546095055627,0.0,0.0,none
lunarlander,dqn,19,79,-0.19525679449240368,0.7742229302724203,0.119402214884758,0.10739105148240924,1,main_engine,0.31219996261458305,0.4094002925645342,0.27839974482088287,-0.3204887410020933,0.015574305399132921,0.0,0.0,none
lunarlander,dqn,19,80,-0.19943352788686752,0.7710630098978678,0.10529390722513199,0.10338050974532961,0,left_thruster,0.3614805282153032,0.3308841237843839,0.3076353480003129,-1.677561657047015,0.020555306750707086,0.0,0.0,none
lunarlander,dqn,19,81,-0.20367121944824856,0.7674875259399414,0.11921722441911697,0.11744890548288822,1,main_engine,0.2709453159382581,0.3988335698007864,0.3302211142609554,-1.5871319463726252,0.007234574150129133,0.0,0.0,none
lunarlander,dqn,19,82,-0.20805445810159048,0.7638586362202963,0.12097609788179398,0.11334234906826168,1,main_engine,0.25081432062170134,0.43054071108995406,0.3186449682883447,-0.5869604767940405,0.005910765996048438,0.0,0.0,none
lunarlander,dqn,19,83,-0.21250891188780469,0.760257879892985,0.1200275793671608,0.11223335735267029,1,main_engine,0.23006399446395828,0.43578939241667203,0.33414661311936966,1.1653501286811456,0.008707225486902502,0.0,0.0,none
lunarlander,dqn,19,84,-0.21686971187591553,0.7567320664723715,0.11755941063165665,0.11842011595144868,1,main_engine,0.1792257577921024,0.4134757994695325,0.4072984427383651,0.376826820716708,0.012931852075093717,0.0,0.0,none
lunarlander,dqn,19,85,-0.22127091884613037,0.7535524368286133,0.1060260534286499,0.12059584623202682,2,right_thruster,0.1932232378624001,0.33573979077264726,0.47103697136495276,0.5080088468258941,0.022026033294634255,0.0,0.0,none
lunarlander,dqn,19,86,-0.22559848924477896,0.7499895095825195,0.11871535331010818,0.10348720820620656,1,main_engine,0.19764634152508076,0.46654325559577875,0.3358104028791405,0.5908236645670478,0.021532322037322436,0.0,0.0,none
lunarlander,dqn,19,87,-0.23002751171588898,0.7470510800679525,0.0979016125202179,0.10201124120503664,2,right_thruster,0.29641578343039915,0.32845049561351763,0.37513372095608316,0.8818672593848987,0.025137124049365134,0.0,0.0,none
lunarlander,dqn,19,88,-0.23437624176343283,0.7437294324239095,0.11058367788791656,0.08100896924734116,1,main_engine,0.32090165581698493,0.4409390334035097,0.23815931077950536,1.9670372924602793,0.014408243256625406,0.0,0.0,none
lunarlander,dqn,19,89,-0.23865660031636557,0.7408053080240885,0.09736299514770508,0.08344598561525345,0,left_thruster,0.36767604036816504,0.3524378675720482,0.27988609205978676,-1.7255628542882984,0.021594179267162464,0.0,0.0,none
lunarlander,dqn,19,90,-0.24301481743653616,0.7374760309855143,0.1109539344906807,0.09930526693351567,1,main_engine,0.15419874325526614,0.44419508937406504,0.40160616737066873,1.7510706835707868,0.019282212655682907,0.0,0.0,none
lunarlander,dqn,19,91,-0.2473229169845581,0.7346830368041992,0.09310504794120789,0.10448797236895188,2,right_thruster,0.17880532849856132,0.31828594937323995,0.5029087221281987,0.35107758402391936,0.019964012514988954,0.0,0.0,none
lunarlander,dqn,19,92,-0.25157228112220764,0.7315011024475098,0.10600703209638596,0.09020795840770006,1,main_engine,0.1722989070462586,0.4420735555898779,0.3856275373638635,0.09911472600368484,0.008719881152495671,0.0,0.0,none
lunarlander,dqn,19,93,-0.2558719366788864,0.7285226980845133,0.09922430664300919,0.08857301734387875,2,right_thruster,0.18695583731799875,0.4041401432796986,0.4089040194023026,0.4569171046556698,0.02124121183782587,0.0,0.0,none
lunarlander,dqn,19,94,-0.26011327902475995,0.7251478036244711,0.11238058656454086,0.07280207946896552,1,main_engine,0.17601347788065286,0.5365305798606813,0.28745594225866583,1.4589308545315725,0.020172567728007115,0.0,0.0,none
lunarlander,dqn,19,95,-0.2643761287132899,0.7223583062489828,0.09288106113672256,0.07193731721490622,1,main_engine,0.2631205793084405,0.40112527320255964,0.3357541474889998,-0.5902469006264847,0.007385974913807049,0.0,0.0,none
lunarlander,dqn,19,96,-0.26870906352996826,0.7195197741190592,0.09451667964458466,0.06693274043500423,1,main_engine,0.2531825461786422,0.4285082948687738,0.31830915895258394,0.9980932404777673,0.01108198648915913,0.0,0.0,none
lunarlander,dqn,19,97,-0.2730262279510498,0.7169779936472574,0.08463724702596664,0.0666030753403902,1,main_engine,0.2852478522930815,0.3662682867945118,0.3484838609124067,0.8843291515912665,0.006231013744354707,0.0,0.0,none
lunarlander,dqn,19,98,-0.27729446689287823,0.7145489056905111,0.08089577406644821,0.0674448475241661,2,right_thruster,0.2695693944416689,0.34864916053427764,0.3817814450240534,0.8269312781743133,0.024237249319565335,0.0,0.0,none
lunarlander,dqn,19,99,-0.2814914286136627,0.7117211023966471,0.09412843734025955,0.04777939766645432,1,main_engine,0.28104500516945013,0.4733626814901071,0.2455923133404429,0.22171075296417714,0.0076934766522376834,0.0,0.0,none
lunarlander,dqn,19,100,-0.285724475979805,0.7089939912160238,0.09078065305948257,0.043022707849740986,1,main_engine,0.3017189624845749,0.461437427719333,0.23684360979609198,0.9303623372168328,0.0062763230716515635,0.0,0.0,none
lunarlander,dqn,19,101,-0.2899228284756343,0.7063712279001871,0.08732312172651291,0.041310207545757295,1,main_engine,0.3039470633279011,0.4494617505851043,0.2465911860869946,-0.8060011165995934,0.009895608825288513,0.0,0.0,none
lunarlander,dqn,19,102,-0.29423952102661133,0.7038007577260336,0.08556851744651794,0.03296734914183617,1,main_engine,0.33792592866048576,0.4475356909833103,0.2145383803562039,1.3548518417232753,0.004976173770542818,0.0,0.0,none
lunarlander,dqn,19,103,-0.2984577417373657,0.7012248039245605,0.08577664941549301,0.03350592367351055,1,main_engine,0.297268158733789,0.4688151988280541,0.23391664243815705,-0.44056442541865976,0.015016877151617645,0.0,0.0,none
lunarlander,dqn,19,104,-0.3028060495853424,0.6989970207214355,0.07416315376758575,0.02533509023487568,0,left_thruster,0.4039305605105841,0.38426757262162853,0.21180186686778735,-1.4146569419242951,0.019153989521970588,0.0,0.0,none
lunarlander,dqn,19,105,-0.30722618103027344,0.6963682969411215,0.08757738769054413,0.038003392890095716,1,main_engine,0.19778908186233854,0.5105658912406827,0.2916450268969787,1.251025529195042,0.007817721873325783,0.0,0.0,none
lunarlander,dqn,19,106,-0.3115670631329219,0.6939080556233724,0.08197598904371262,0.04020454343408346,1,main_engine,0.1901260536722623,0.4746408953766725,0.3352330509510652,-1.1683330953614701,0.017101865589007358,0.0,0.0,none
lunarlander,dqn,19,107,-0.31608834862709045,0.691871166229248,0.06784675270318985,0.03194333612918854,1,main_engine,0.2944440790858437,0.3883231128054079,0.3172328081087484,0.8997973702317323,0.005456553351470983,0.0,0.0,none
lunarlander,dqn,19,108,-0.32053709030151367,0.6898957093556722,0.06581448763608932,0.03333981055766344,1,main_engine,0.2643441971844645,0.38438092390357004,0.35127487891196557,1.3343444815694976,0.01248459239451533,0.0,0.0,none
lunarlander,dqn,19,109,-0.32490022480487823,0.688256581624349,0.0546133778989315,0.03628540141507983,2,right_thruster,0.28018655875349485,0.3124490961049326,0.40736434514157255,0.647502191151267,0.021176902962411592,0.0,0.0,none
lunarlander,dqn,19,110,-0.3292044003804525,0.6862161954243978,0.06796150654554367,0.02055010423064232,1,main_engine,0.27219505319610604,0.434442444552204,0.29336250225169,-0.8354237340662428,0.008190527724724266,0.0,0.0,none
lunarlander,dqn,19,111,-0.3335917492707571,0.6841315428415934,0.06943799555301666,0.014122809469699862,1,main_engine,0.273667479648891,0.4566384504440606,0.26969406990704853,0.8761658703953901,0.0050602707194410705,0.0,0.0,none
lunarlander,dqn,19,112,-0.33791733284791314,0.682096004486084,0.06780531257390976,0.0138285368680954,1,main_engine,0.2550550456345621,0.4575941065430265,0.28735084782241127,-0.9467512013960573,0.017105877358611236,0.0,0.0,none
lunarlander,dqn,19,113,-0.342393641670545,0.6804757118225098,0.053965844213962555,0.004973173141479496,0,left_thruster,0.3864273161068582,0.35450555155890173,0.25906713233424,-1.3343927948068666,0.018701433915934835,0.0,0.0,none
lunarlander,dqn,19,114,-0.34693750242392224,0.6784599622090658,0.06717104464769363,0.01724738981574774,1,main_engine,0.18225807866735794,0.47346699487349797,0.3442749264591441,-0.4634018718191828,0.022089802065635634,0.0,0.0,none
lunarlander,dqn,19,115,-0.35158924758434296,0.6770687103271484,0.04635145515203476,0.011685939133167268,2,right_thruster,0.3092883994126937,0.3378002400630393,0.3529113605242669,1.0150682111998617,0.02399200070559185,0.0,0.0,none
lunarlander,dqn,19,116,-0.35616998871167505,0.6752878824869791,0.059319958090782166,-0.007891586050391197,1,main_engine,0.3372598933185296,0.42309936833800815,0.23964073834346222,1.367064795770624,0.020583613786053192,0.0,0.0,none
lunarlander,dqn,19,117,-0.36069723467032117,0.6741074721018473,0.03931616619229317,-0.009173826873302458,0,left_thruster,0.4654473409210203,0.28676253933379997,0.2477901197451797,-1.4690650098319713,0.020511946278833366,0.0,0.0,none
lunarlander,dqn,19,118,-0.3653034071127574,0.6725300153096517,0.052572350949048996,0.005702607892453672,1,main_engine,0.21918815219467833,0.41034491794872646,0.3704669298565952,-0.8580213294975773,0.015497740855805546,0.0,0.0,none
lunarlander,dqn,19,119,-0.37001137932141626,0.6713589827219645,0.039020247757434845,-4.057511687278678e-05,2,right_thruster,0.30956928781401516,0.3272323678731392,0.3631983443128457,0.9742245926462999,0.02360323747022032,0.0,0.0,none
lunarlander,dqn,19,120,-0.3746506820122401,0.6697855790456136,0.05242624506354332,-0.01883933376520872,1,main_engine,0.34455409813673743,0.4025634053888634,0.2528824964743991,2.0290406149061266,0.01851775140131676,0.0,0.0,none
lunarlander,dqn,19,121,-0.3791571160157522,0.6687470277150472,0.034604236483573914,-0.01686535533517599,0,left_thruster,0.41717890945247293,0.29801924130031765,0.2848018492472094,-1.3821892012263106,0.01968549154871575,0.0,0.0,none
lunarlander,dqn,19,122,-0.38373438020547235,0.6673058668772379,0.0480366013944149,-0.0032984154298901554,1,main_engine,0.1931411395584607,0.4107463880065691,0.39611247243497033,-0.7474532086121565,0.00616494426578817,0.0,0.0,none
lunarlander,dqn,19,123,-0.3883654375871023,0.6658947070439657,0.04703491926193237,-0.006981499213725328,1,main_engine,0.19658616108170954,0.40984892622295344,0.3935649126953369,0.11031536628037772,0.013481516864716511,0.0,0.0,none
lunarlander,dqn,19,124,-0.3929985066254934,0.6648589372634888,0.034523770213127136,-0.00861988216638565,2,right_thruster,0.24232832755596245,0.338419258464465,0.4192524139795726,0.893936332983801,0.024471236389227307,0.0,0.0,none
lunarlander,dqn,19,125,-0.3975555797417959,0.6634259223937988,0.047767508774995804,-0.028635484888218342,1,main_engine,0.31803982023104926,0.4123252670843513,0.26963491268459944,-1.3128392040960284,0.01629394370518167,0.0,0.0,none
lunarlander,dqn,19,126,-0.40218974153200787,0.6624042590459188,0.03405951336026192,-0.036056011263281104,0,left_thruster,0.4678704731143528,0.3002463288551639,0.2318831980304833,-1.518450393713365,0.016238445267645518,0.0,0.0,none
lunarlander,dqn,19,127,-0.40687474111715954,0.6609824101130167,0.04740056023001671,-0.028198995441198346,1,main_engine,0.2487225453431815,0.4387520446826774,0.3125254099741411,-0.4344245671376234,0.012901186557066487,0.0,0.0,none
lunarlander,dqn,19,128,-0.4115662972132365,0.6599051554997762,0.0359199121594429,-0.03158487174659967,1,main_engine,0.31747184223395064,0.3625199684692877,0.32000818929676167,0.5658000432422534,0.009766859261869903,0.0,0.0,none
lunarlander,dqn,19,129,-0.41616511841615045,0.6590836445490519,0.027391798794269562,-0.03066901937127113,2,right_thruster,0.32020629576019466,0.3169856531265722,0.36280805111323317,0.17039932824810536,0.0246662323606381,0.0,0.0,none
lunarlander,dqn,19,130,-0.4206909735997518,0.6578559875488281,0.0409480482339859,-0.050735424458980556,0,left_thruster,0.45576251708275767,0.3586612580388525,0.18557622487838973,-1.6189398241970172,0.016359136470513513,0.0,0.0,none
lunarlander,dqn,19,131,-0.4252696533997854,0.6562271118164062,0.05431749299168587,-0.04265695009380579,1,main_engine,0.2364235518580058,0.5157783365092351,0.24779811163275917,-0.9247268493576087,0.01417618074834773,0.0,0.0,none
lunarlander,dqn,19,132,-0.4299023747444153,0.6549548308054606,0.042436160147190094,-0.04871642403304577,1,main_engine,0.3414032458084042,0.4216314188627029,0.23696533532889297,-0.2815183509686278,0.008914163934604988,0.0,0.0,none
lunarlander,dqn,19,133,-0.4345109562079112,0.6538916826248169,0.03546642139554024,-0.05163460038602352,0,left_thruster,0.38787698350381267,0.37456046266615456,0.23756255383003272,-1.6220576095716228,0.018932234577960123,0.0,0.0,none
lunarlander,dqn,19,134,-0.4391850531101227,0.6524254083633423,0.04889076575636864,-0.03921609232202172,1,main_engine,0.15630996477422454,0.5094758399591576,0.33421419526661783,1.7926689117826913,0.014422835052505592,0.0,0.0,none
lunarlander,dqn,19,135,-0.4436937471230825,0.6513389746348063,0.03621959313750267,-0.03412189017981291,2,right_thruster,0.14377516646546973,0.42116573717774525,0.4350590963567851,0.3438321155009021,0.02404939181289395,0.0,0.0,none
lunarlander,dqn,19,136,-0.4481246074040731,0.6498498121897379,0.049667343497276306,-0.05350438561290502,1,main_engine,0.22203949513522842,0.5240272184378012,0.25393328642697033,-1.038892048723858,0.02013792218184717,0.0,0.0,none
lunarlander,dqn,19,137,-0.4526271919409434,0.6489071846008301,0.031462106853723526,-0.060780610889196396,0,left_thruster,0.3846838751007548,0.37093605210211616,0.244380072797129,-1.4510633000868278,0.01657486373204272,0.0,0.0,none
lunarlander,dqn,19,138,-0.4571813841660818,0.6475724379221598,0.044518936425447464,-0.05174052827060223,1,main_engine,0.18257563028881774,0.5010629593030941,0.3163614104080882,-1.8379901118172735,0.01218063204415198,0.0,0.0,none
lunarlander,dqn,19,139,-0.4618563254674276,0.6464674870173136,0.0368652381002903,-0.05990831293165684,1,main_engine,0.27132256859646336,0.44045040188093426,0.2882270295226024,-0.6920068263930216,0.01179138123379286,0.0,0.0,none
lunarlander,dqn,19,140,-0.46654532353083294,0.6456586122512817,0.0270038191229105,-0.06428416781127452,1,main_engine,0.34928053575771645,0.3650026677763449,0.28571679646593867,-0.17192281399329204,0.018291683854240074,0.0,0.0,none
lunarlander,dqn,19,141,-0.47119776407877606,0.6453738212585449,0.009536731988191605,-0.06706989146769046,0,left_thruster,0.4625545353587207,0.24837465017480892,0.28907081446647037,-1.4182626925131228,0.01860274193352634,0.0,0.0,none
lunarlander,dqn,19,142,-0.47591209411621094,0.6446864207585653,0.02292841672897339,-0.05506875151768327,2,right_thruster,0.2056109140884018,0.36324218341259745,0.43114690249900084,0.3528275517588122,0.024002390481605133,0.0,0.0,none
lunarlander,dqn,19,143,-0.4805499315261841,0.6436020930608114,0.036201369017362595,-0.07449188679456711,1,main_engine,0.3133576023811339,0.43799469278572634,0.24864770483313967,-1.873278107710205,0.009448008093010815,0.0,0.0,none
lunarlander,dqn,19,144,-0.48527851700782776,0.642514705657959,0.036317311227321625,-0.08259802535176278,1,main_engine,0.37520087177588163,0.4194427290797784,0.20535639914433998,0.5232598063783279,0.010451680366156672,0.0,0.0,none
lunarlander,dqn,19,145,-0.48990681767463684,0.641706109046936,0.027021102607250214,-0.08346007652580738,0,left_thruster,0.41533399950424355,0.35851317147281747,0.226152829022939,-1.6824154181541497,0.019426412728872165,0.0,0.0,none
lunarlander,dqn,19,146,-0.49460550149281823,0.6405029296875,0.04013262689113617,-0.06997125996276736,1,main_engine,0.16584439465574546,0.49926593784933954,0.33488966749491506,-0.137628631541495,0.004996732370004481,0.0,0.0,none
lunarlander,dqn,19,147,-0.4992637038230896,0.6392624775568644,0.04137665778398514,-0.07039805157110095,1,main_engine,0.14335905320535092,0.5102996161205912,0.3463413306740579,1.2835073767306449,0.008796757223727395,0.0,0.0,none
lunarlander,dqn,19,148,-0.5037795007228851,0.6382169723510742,0.034863170236349106,-0.06672764085233211,1,main_engine,0.12251930397302085,0.4589772835788779,0.41850341244810124,-1.7047643227884361,0.007554201590877708,0.0,0.0,none
lunarlander,dqn,19,149,-0.5083915591239929,0.6371384859085083,0.03597927838563919,-0.07250570701435208,1,main_engine,0.1374989523716781,0.47544319041267136,0.38705785721565034,-1.6220325493344365,0.008468805429437067,0.0,0.0,none
lunarlander,dqn,19,150,-0.5130938192208608,0.6361408233642578,0.03329458832740784,-0.07894049715250731,1,main_engine,0.17267556027540787,0.4636257848643146,0.36369865486027736,1.337890045368141,0.015243044050437226,0.0,0.0,none
lunarlander,dqn,19,151,-0.5176458259423574,0.6355714003245035,0.01901257410645485,-0.07623320072889328,2,right_thruster,0.18220364612354414,0.36521113677306893,0.45258521710338684,0.1519622685487627,0.022153777019339276,0.0,0.0,none
lunarlander,dqn,19,152,-0.5221345027287801,0.6345920562744141,0.03272005170583725,-0.0930197298526764,1,main_engine,0.2530424980504078,0.45916312294313083,0.2877943790064614,0.9412365157944123,0.020078828831370917,0.0,0.0,none
lunarlander,dqn,19,153,-0.5264994998772939,0.6342002948125204,0.013128873892128468,-0.09339180774986744,0,left_thruster,0.3385828664017549,0.3238492251206763,0.3375679084775688,-1.3792184135395735,0.017294776396231563,0.0,0.0,none
lunarlander,dqn,19,154,-0.5309197306632996,0.6334191560745239,0.026067228987812996,-0.08282962804660202,2,right_thruster,0.14647835282245478,0.42012903481963315,0.4333926123579121,0.10208517293880619,0.021464098665767466,0.0,0.0,none
lunarlander,dqn,19,155,-0.5352779229482015,0.6322381893793741,0.03944290801882744,-0.09899781346321106,1,main_engine,0.19855535242604747,0.5225911354884212,0.27885351208553133,1.5798745814196502,0.0170391688717365,0.0,0.0,none
lunarlander,dqn,19,156,-0.53946852684021,0.6315491596857706,0.023035937920212746,-0.09723466709256172,1,main_engine,0.23754078229760436,0.4088834466779447,0.3535757710244509,-0.7053173108850865,0.01977162766014202,0.0,0.0,none
lunarlander,dqn,19,157,-0.5436662832895915,0.6314150094985962,0.004553601611405611,-0.10286328587681055,0,left_thruster,0.3766387977236349,0.27939920807047774,0.34396199420588747,-1.60772078972023,0.021192678074479516,0.0,0.0,none
lunarlander,dqn,19,158,-0.54794246951739,0.6308862765630087,0.017638910561800003,-0.08675928120501339,2,right_thruster,0.12828079152163974,0.36589130985285473,0.5058278986255056,0.12712918986218028,0.01954298834238151,0.0,0.0,none
lunarlander,dqn,19,159,-0.5521646638711294,0.6299562454223633,0.031060732901096344,-0.10029040072113275,1,main_engine,0.1623186906230751,0.4762665347486248,0.3614147746283002,-0.6381805023765617,0.01740732141792487,0.0,0.0,none
lunarlander,dqn,19,160,-0.5564011136690776,0.6295047998428345,0.015120534226298332,-0.10583779606968165,2,right_thruster,0.26063385587456406,0.36599262535659083,0.37337351876884517,0.05970336195990854,0.023267641950913527,0.0,0.0,none
lunarlander,dqn,19,161,-0.5605726937452953,0.6286458174387614,0.028773080557584763,-0.12419130280613899,1,main_engine,0.36407422288137464,0.42767221696627006,0.20825356015235524,-1.7563750916671734,0.01289978599035626,0.0,0.0,none
lunarlander,dqn,19,162,-0.5648209651311239,0.6279949347178141,0.021866019815206528,-0.13420257307589054,0,left_thruster,0.5122125833747053,0.3370030479446112,0.15078436868068346,-1.907271814015752,0.018778166472726166,0.0,0.0,none
lunarlander,dqn,19,163,-0.5691436429818472,0.626958171526591,0.03465435653924942,-0.12119036503136157,1,main_engine,0.23525067941317526,0.5084512228853881,0.2562980977014366,-0.526317321111078,0.00605748238000681,0.0,0.0,none
lunarlander,dqn,19,164,-0.5734480917453766,0.6259709596633911,0.0330156646668911,-0.12499889694154262,1,main_engine,0.25567975256881503,0.49944075792237375,0.24487948950881128,-0.6733316074292566,0.013712846795649642,0.0,0.0,none
lunarlander,dqn,19,165,-0.5777586996555328,0.6253273884455363,0.02157321758568287,-0.13117279745638372,1,main_engine,0.3682500806965586,0.39890758489469386,0.23284233440874752,-0.3035893794606011,0.013674066372588967,0.0,0.0,none
lunarlander,dqn,19,166,-0.5820297201474508,0.6250472068786621,0.009473303332924843,-0.13589000515639782,0,left_thruster,0.4805086179560633,0.2981406933890947,0.22135068865484195,-1.506906893268863,0.01757331978368863,0.0,0.0,none
lunarlander,dqn,19,167,-0.58636079231898,0.624377449353536,0.022387543693184853,-0.1248068105429411,1,main_engine,0.23163922705058615,0.4379838962260251,0.33037687672338867,-1.3566101250935378,0.009981614218397983,0.0,0.0,none
lunarlander,dqn,19,168,-0.5907504757245382,0.6238848765691122,0.01651255041360855,-0.1315599674358964,1,main_engine,0.3083175411821143,0.3897766544943432,0.3019058043235425,-0.7529005477725185,0.013351653212792886,0.0,0.0,none
lunarlander,dqn,19,169,-0.5951401591300964,0.6237327655156454,0.005181048531085253,-0.13708909489214421,0,left_thruster,0.4172131342854506,0.30158799614037407,0.2811988695741754,-1.4268678476163985,0.018367379087087483,0.0,0.0,none
lunarlander,dqn,19,170,-0.5995911359786987,0.6231853564580282,0.018281621858477592,-0.12502158721908926,1,main_engine,0.18019514382393287,0.4199695510644941,0.3998353051115731,-1.3457367724218239,0.014966372369352379,0.0,0.0,none
lunarlander,dqn,19,171,-0.6041045486927032,0.623011032740275,0.005882507190108299,-0.13208225108683108,2,right_thruster,0.28097344414180025,0.33675872602174445,0.38226782983645524,0.2538219531925449,0.02425491598397649,0.0,0.0,none
lunarlander,dqn,19,172,-0.6085467338562012,0.6224191586176554,0.01988721452653408,-0.15137177668511867,1,main_engine,0.4059077794910482,0.40981140461588594,0.18428081589306586,2.0857741242430166,0.017869356301737645,0.0,0.0,none
lunarlander,dqn,19,173,-0.6127439439296722,0.6223411560058594,0.0027312173042446375,-0.1486582923680544,0,left_thruster,0.45399122663275904,0.295733434214942,0.2502753391522988,-1.4508179557864969,0.018298569439104524,0.0,0.0,none
lunarlander,dqn,19,174,-0.6170035898685455,0.6218664248784384,0.01587446965277195,-0.13666985593736172,1,main_engine,0.20259686151109182,0.4174354557571247,0.37996768273178355,1.2267648027917324,0.009717319271076942,0.0,0.0,none
lunarlander,dqn,19,175,-0.6211085120836894,0.6216440200805664,0.007443617098033428,-0.13413072838447987,2,right_thruster,0.19192542284759798,0.36014445679944085,0.44793012035296104,0.13211366345817055,0.01964692905662471,0.0,0.0,none
lunarlander,dqn,19,176,-0.6251606345176697,0.621015191078186,0.021064015105366707,-0.1476832726970315,1,main_engine,0.24284423189157847,0.4812761457080155,0.2758796224004059,-0.2459222782319648,0.017573597840555923,0.0,0.0,none
lunarlander,dqn,19,177,-0.6291788816452026,0.6208762327829996,0.004748378414660692,-0.15282775722444059,0,left_thruster,0.36860471202108214,0.3448431572104189,0.286552130768499,-1.492403597071284,0.019491134555830538,0.0,0.0,none
lunarlander,dqn,19,178,-0.6332653760910034,0.6203450361887614,0.017734626308083534,-0.13888931809924543,1,main_engine,0.13256881868595685,0.4472342142755663,0.4201969670384768,1.2971239843354692,0.006309484838403019,0.0,0.0,none
lunarlander,dqn,19,179,-0.6371957063674927,0.6199054718017578,0.014654384925961494,-0.1350577389181126,2,right_thruster,0.08662983558825109,0.40104016139725646,0.5123300030144924,0.15564525179590988,0.01972964195729248,0.0,0.0,none
lunarlander,dqn,19,180,-0.6410715977350872,0.6190531651178995,0.02848753333091736,-0.14855417609214783,1,main_engine,0.14380052664143472,0.5680222713676643,0.2881772019909011,0.47286891122658403,0.010789054646356627,0.0,0.0,none
lunarlander,dqn,19,181,-0.6448656320571899,0.6184994777043661,0.018537113443017006,-0.15019477903842926,1,main_engine,0.1749864667923235,0.49282720714896344,0.332186326058713,1.172176007070865,0.005074149406801765,0.0,0.0,none
lunarlander,dqn,19,182,-0.6485057870546977,0.6180130243301392,0.016269955784082413,-0.14752651685848833,1,main_engine,0.13423581600892087,0.4692874619181829,0.3964767220728962,0.7072355272714662,0.004146449495541237,0.0,0.0,none
lunarlander,dqn,19,183,-0.6520322958628337,0.6174987951914469,0.017178598791360855,-0.14561164993792772,1,main_engine,0.09475364764842323,0.46171865113546307,0.4435277012161137,0.8768654423089105,0.004327340744594691,0.0,0.0,none
lunarlander,dqn,19,184,-0.6554358204205831,0.6169755061467489,0.017459508031606674,-0.1430060488404706,2,right_thruster,0.06274234317618596,0.4367493345823891,0.5005083222414248,0.12034601727188032,0.019817561078604252,0.0,0.0,none
lunarlander,dqn,19,185,-0.6587828199068706,0.6160479784011841,0.031017949804663658,-0.15703607629984617,1,main_engine,0.13468890993754495,0.6142821318410618,0.25102895822139315,0.355090775431662,0.00954533631317518,0.0,0.0,none
lunarlander,dqn,19,186,-0.6620607773462932,0.6153781016667684,0.022432992234826088,-0.15952971000224353,1,main_engine,0.17817584426717756,0.5487846478239496,0.2730395079088727,0.45469563355367315,0.009829926638155238,0.0,0.0,none
lunarlander,dqn,19,187,-0.6652538975079855,0.614980419476827,0.013358546420931816,-0.16151155848056079,1,main_engine,0.218698870854804,0.47615949092174664,0.3051416382234493,2.0892184944464818,0.013723694438534972,0.0,0.0,none
lunarlander,dqn,19,188,-0.6682182351748149,0.6149681011835734,0.00047936791088432074,-0.15781303169205785,2,right_thruster,0.19370866602762296,0.37225116821717524,0.43404016575520177,0.4621005733233528,0.024819212503092516,0.0,0.0,none
lunarlander,dqn,19,189,-0.6711043417453766,0.6145455439885458,0.014272217638790607,-0.17823954485356808,1,main_engine,0.3862208722247159,0.4518791259981684,0.16190000177711578,-1.0652202684436622,0.014093899257947842,0.0,0.0,none
lunarlander,dqn,19,190,-0.674013098080953,0.6144431034723917,0.003642971394583583,-0.1870250876992941,0,left_thruster,0.5558146815607217,0.31988448829864224,0.12430083014063611,-1.5950807331596104,0.017678427681596123,0.0,0.0,none
lunarlander,dqn,19,191,-0.6769876678784689,0.6139500538508097,0.01655902899801731,-0.1753370126709342,1,main_engine,0.3080759181748602,0.5040573961155809,0.1878666857095588,1.163527613810545,0.010102743613676687,0.0,0.0,none
lunarlander,dqn,19,192,-0.6798133750756582,0.6137475172678629,0.006862242240458727,-0.17522695418447257,1,main_engine,0.343134953629739,0.4294593972141033,0.22740564915615777,0.9052812455647881,0.01306437481589782,0.0,0.0,none
lunarlander,dqn,19,193,-0.6825016438961029,0.6139277617136637,-0.005903234705328941,-0.175906078889966,0,left_thruster,0.3995846215488581,0.3308215060523934,0.2695938723987485,-1.2861885811156186,0.020363527670276618,0.0,0.0,none
lunarlander,dqn,19,194,-0.6852611402670543,0.6137204170227051,0.006894045043736696,-0.16030976271722466,2,right_thruster,0.10641002711357989,0.4313993854158302,0.46219058747058994,0.25384445626129487,0.019567916587464842,0.0,0.0,none
lunarlander,dqn,19,195,-0.6879663467407227,0.6130954027175903,0.020909760147333145,-0.17367966566234827,1,main_engine,0.20230680964018288,0.5819785894103348,0.21571460094948244,2.263849435185639,0.0148883399553187,0.0,0.0,none
lunarlander,dqn,19,196,-0.6904505689938863,0.6128988265991211,0.006599501706659794,-0.1704132964834571,1,main_engine,0.2060840082896657,0.466637285108906,0.32727870660142844,-0.6029596824695261,0.009762156785552445,0.0,0.0,none
lunarlander,dqn,19,197,-0.6929376224676769,0.6129458347956339,-0.001495483098551631,-0.17526955856010318,1,main_engine,0.3143980644073461,0.3944638810624386,0.29113805453021524,-0.17638518247511684,0.01617794938609871,0.0,0.0,none
lunarlander,dqn,19,198,-0.6953650216261547,0.6134577989578247,-0.016971107572317123,-0.17927913703024387,0,left_thruster,0.42190977347120684,0.2736500355411925,0.3044401909876007,-0.9713984261052394,0.018790646271028697,0.0,0.0,none
lunarlander,dqn,19,199,-0.6978539129098257,0.6135825316111246,-0.004171581007540226,-0.16574952621012926,2,right_thruster,0.1271027220943302,0.3681671353716299,0.5047301425340399,0.6181258526501414,0.022409393240940653,0.0,0.0,none
lunarlander,dqn,19,200,-0.7002717753251394,0.6132919390996298,0.009797731414437294,-0.18310201056301595,1,main_engine,0.30379976816929,0.49053784550181967,0.20566238632889042,-0.6283421547385842,0.013710237449224052,1.0,1.0,lunarlander_engine_fault
lunarlander,dqn,19,201,-0.7026895880699158,0.6126014788945516,0.023131223395466805,-0.18506823759526014,1,main_engine,0.22683806538150636,0.6061245637222575,0.1670373708962361,0.2490969618376471,0.0065725090660742865,1.0,0.0,lunarlander_engine_fault
lunarlander,dqn,19,202,-0.7050455609957378,0.6120738983154297,0.017703473567962646,-0.18788043558597564,1,main_engine,0.27345717757780685,0.5574558734522381,0.169086948969955,-0.7626819400498311,0.013729029059088951,1.0,0.0,lunarlander_engine_fault
lunarlander,dqn,19,203,-0.7074015339215597,0.6111464500427246,0.0310369823127985,-0.18995239473879338,1,main_engine,0.19548196057506684,0.678784026962929,0.1257340124620042,-0.9550821648669774,0.013761835008413222,1.0,0.0,lunarlander_engine_fault
lunarlander,dqn,19,204,-0.7097575068473816,0.6098190546035767,0.044370491057634354,-0.1920243648812175,1,main_engine,0.11029951657526026,0.8175533422477427,0.072147141176997,-1.1317270440906326,0.013806159580581743,1.0,0.0,lunarlander_engine_fault
lunarlander,dqn,19,205,-0.7121134301026663,0.6080916325251261,0.057704005390405655,-0.1940963389351964,1,main_engine,0.05639469675007236,0.905509864915262,0.03809543833466583,2.8544697731056456,0.020550541893597278,1.0,0.0,lunarlander_engine_fault
lunarlander,dqn,19,206,-0.7142858703931173,0.6069757541020712,0.03731251880526543,-0.19483618047088386,1,main_engine,0.13881833600033305,0.7790364267541366,0.08214523724553019,-1.0717101934270987,0.013726983889353287,1.0,0.0,lunarlander_engine_fault
lunarlander,dqn,19,207,-0.716458261013031,0.6054598093032837,0.05064600706100464,-0.19674164839088917,1,main_engine,0.0731144670826408,0.882053755022583,0.044831777894776215,-1.2510415684595546,0.013776874436296598,1.0,0.0,lunarlander_engine_fault
lunarlander,dqn,19,208,-0.7186306516329448,0.6035439570744833,0.06397949159145355,-0.198647085018456,1,main_engine,0.03583811039520047,0.9411594775447416,0.023002412060058073,-1.4069496634617509,0.013838155669922282,1.0,0.0,lunarlander_engine_fault
lunarlander,dqn,19,209,-0.7208030422528585,0.6012281576792399,0.07731296867132187,-0.20055253338068724,1,main_engine,0.017055152424019962,0.971555591492875,0.011389256083105039,-1.5392996479466161,0.013910666470714,1.0,0.0,lunarlander_engine_fault
lunarlander,dqn,19,210,-0.7229754328727722,0.5985123713811239,0.09064643830060959,-0.2024579081684351,1,main_engine,0.008336319988076943,0.9861190453485021,0.005544634663420975,-1.649332552525034,0.01399427618990037,1.0,0.0,lunarlander_engine_fault
lunarlander,dqn,19,211,-0.725147823492686,0.5953966379165649,0.1039799302816391,-0.20436334293335676,1,main_engine,0.0037294632424454996,0.9936618119591365,0.0026087247984179617,-1.7390977549847322,0.014088713337810602,1.0,0.0,lunarlander_engine_fault
lunarlander,dqn,19,212,-0.7273202141125997,0.5918809175491333,0.11731340736150742,-0.206268772482872,1,main_engine,0.001616381796444208,0.9971483072783496,0.0012353109252062054,-1.8110212726325028,0.014193805562321584,1.0,0.0,lunarlander_engine_fault
lunarlander,dqn,19,213,-0.7294925550619762,0.587965210278829,0.13064688444137573,-0.20817420594394206,1,main_engine,0.0006776667259156315,0.9986838698951059,0.0006384633789783106,-1.8675776410971139,0.014309321276807983,1.0,0.0,lunarlander_engine_fault
lunarlander,dqn,19,214,-0.7316649456818899,0.5836495558420817,0.14398036897182465,-0.21007964853197336,1,main_engine,0.00027631458525485705,0.9993928344171117,0.0003308509976335468,-1.9111036218590312,0.014434986999877173,1.0,0.0,lunarlander_engine_fault
lunarlander,dqn,19,215,-0.7338372866312664,0.5789339145024618,0.15731385350227356,-0.21198508851230144,1,main_engine,0.00012305043789300098,0.9996759168438356,0.00020103271827138033,-1.9437223035092892,0.014570545540987327,1.0,0.0,lunarlander_engine_fault
lunarlander,dqn,19,216,-0.7360096275806427,0.5738183259963989,0.17064733803272247,-0.2138905219733715,1,main_engine,7.586687093067444e-05,0.999734765699958,0.00018936742911139186,-1.967285181281519,0.014715731586794682,1.0,0.0,lunarlander_engine_fault
lunarlander,dqn,19,217,-0.7381819685300192,0.5683027505874634,0.1839808076620102,-0.21579596325755118,1,main_engine,4.634301107298152e-05,0.999773676980839,0.00017998000808798793,-1.98339530894895,0.014870287453131388,1.0,0.0,lunarlander_engine_fault
lunarlander,dqn,19,218,-0.7403543094793956,0.5623871882756551,0.1973142921924591,-0.21770140193402768,1,main_engine,2.8176627778536924e-05,0.9997984718315301,0.00017335154069124433,-1.9934267483090502,0.015033849142088626,1.0,0.0,lunarlander_engine_fault
lunarlander,dqn,19,219,-0.742526650428772,0.5560717582702637,0.2106477916240692,-0.21960683930665253,1,main_engine,1.7006185140696166e-05,0.9998151497463879,0.00016784406847151595,-1.9985076564934412,0.015206244455006943,1.0,0.0,lunarlander_engine_fault
lunarlander,dqn,19,220,-0.7446989913781484,0.5493562618891398,0.22398129105567932,-0.22151228059083222,1,main_engine,1.0367786631100731e-05,0.9998275191592586,0.00016211305411044605,-1.9996573183624207,0.015387042553383306,1.0,0.0,lunarlander_engine_fault
lunarlander,dqn,19,221,-0.7468713323275249,0.5422408183415731,0.23731477558612823,-0.22341771144419909,1,main_engine,6.7475203693255926e-06,0.9998406296784078,0.0001526228012228113,1.5388513237718735,0.008422067937915055,1.0,0.0,lunarlander_engine_fault
lunarlander,dqn,19,222,-0.748832921187083,0.535174568494161,0.23562845587730408,-0.2196351413615048,1,main_engine,3.883219750102475e-06,0.9997755515612013,0.0002205652190485718,4.864503947356724,0.02047333358075924,1.0,0.0,lunarlander_engine_fault
lunarlander,dqn,19,223,-0.7505423327287039,0.5286838610967001,0.2164098173379898,-0.2174557032994926,1,main_engine,4.373712423021507e-06,0.9996964427018318,0.00029918358574520506,-1.9870307556935836,0.015125458596008936,1.0,0.0,lunarlander_engine_fault
lunarlander,dqn,19,224,-0.7522517442703247,0.5217931667963663,0.22974318265914917,-0.21822843300178646,1,main_engine,3.385185692132924e-06,0.9997224843990562,0.00027413041525176237,-1.9785524618611054,0.015311747788778064,1.0,0.0,lunarlander_engine_fault
lunarlander,dqn,19,225,-0.7539612054824829,0.5145026445388794,0.24307654798030853,-0.2190011018421501,1,main_engine,3.033305794905207e-06,0.9997656655789574,0.00023130111524777516,0.4232513018590692,0.007982255017218321,1.0,0.0,lunarlander_engine_fault
lunarlander,dqn,19,226,-0.7556397219498953,0.5072342952092489,0.24234984815120697,-0.2217473689466715,1,main_engine,3.082535692423871e-06,0.9997742825220658,0.00022263494224170917,1.5151913681273754,0.008793536353869402,1.0,0.0,lunarlander_engine_fault
lunarlander,dqn,19,227,-0.7572106023629507,0.500111977259318,0.23748086392879486,-0.22239867225289345,1,main_engine,3.3029932557705075e-06,0.9997647794004784,0.00023191760626578732,-2.029211838900126,0.01542007920694734,1.0,0.0,lunarlander_engine_fault
lunarlander,dqn,19,228,-0.7587814827760061,0.49258967240651447,0.2508142292499542,-0.22337205624207854,1,main_engine,2.98085708789986e-06,0.9998024268525171,0.00019459229039510528,-2.0166123584815434,0.015619133809777115,1.0,0.0,lunarlander_engine_fault
lunarlander,dqn,19,229,-0.7603523631890615,0.4846673011779785,0.2641475796699524,-0.22434544023126363,1,main_engine,2.6952630403364745e-06,0.9998339828747287,0.00016332186223099688,-2.0033452004907577,0.015825758403060986,1.0,0.0,lunarlander_engine_fault
lunarlander,dqn,19,230,-0.7619232436021169,0.4763450622558594,0.27748098969459534,-0.22531882617622614,1,main_engine,2.4416869702618215e-06,0.999860441912582,0.00013711640044774919,3.923658544171084,0.017683613185410466,1.0,0.0,lunarlander_engine_fault
lunarlander,dqn,19,231,-0.7632981240749359,0.4684956471125285,0.2617032527923584,-0.2247996160760522,1,main_engine,2.9351058532137488e-06,0.9998317981912227,0.00016526670292419312,1.521826584599446,0.008979255696258166,1.0,0.0,lunarlander_engine_fault
lunarlander,dqn,19,232,-0.764513115088145,0.46076345443725586,0.2577728033065796,-0.22282083034515382,1,main_engine,3.187476968627255e-06,0.9998194164049667,0.000177396118064549,2.038549227601991,0.011006324419118061,1.0,0.0,lunarlander_engine_fault
lunarlander,dqn,19,233,-0.7656286160151164,0.45326797167460126,0.24989144504070282,-0.2240844619926065,1,main_engine,3.511960743220282e-06,0.9998060713860887,0.00019041665316810703,0.708999927206571,0.007816884709476795,1.0,0.0,lunarlander_engine_fault
lunarlander,dqn,19,234,-0.7666086653868358,0.4457849661509196,0.24944859743118286,-0.2220965726301074,1,main_engine,3.690046448132449e-06,0.9997997188803259,0.0001965910732259882,-2.037713122546717,0.015521985405546588,1.0,0.0,lunarlander_engine_fault
lunarlander,dqn,19,235,-0.7675887147585552,0.43790197372436523,0.26278194785118103,-0.22232401743531227,1,main_engine,3.360927435156293e-06,0.9998291260738709,0.0001675129986938589,-2.019032039537285,0.015728851153609297,1.0,0.0,lunarlander_engine_fault
lunarlander,dqn,19,236,-0.7685687641302745,0.429619034131368,0.2761152684688568,-0.22255147038958967,1,main_engine,3.067031753104799e-06,0.9998541556202142,0.00014277734803278796,0.798798818687992,0.00871880311421207,1.0,0.0,lunarlander_engine_fault
lunarlander,dqn,19,237,-0.7694057126839956,0.42135822772979736,0.2753530740737915,-0.22000290566356853,1,main_engine,3.2586010601746786e-06,0.9998473403285997,0.0001494010703403118,4.6042962660965285,0.020988741654454825,1.0,0.0,lunarlander_engine_fault
lunarlander,dqn,19,238,-0.7699286937713623,0.41365309556325275,0.25677385926246643,-0.21402816865593194,1,main_engine,4.185361207208057e-06,0.9997933347830101,0.00020247985578265702,-1.9529878181689935,0.01563555729574643,1.0,0.0,lunarlander_engine_fault
lunarlander,dqn,19,239,-0.7704516748587291,0.4055480162302653,0.2701072692871094,-0.21317669413983822,1,main_engine,3.851392522626744e-06,0.9998202924068593,0.00017585620061793245,-1.9321950071288314,0.01584653743999212,1.0,0.0,lunarlander_engine_fault
lunarlander,dqn,19,240,-0.7709746559460958,0.3970429102579753,0.28344058990478516,-0.21232524048537016,1,main_engine,3.5508465274964963e-06,0.9998436701399035,0.0001527790135690677,-1.9128986838752837,0.016064812438776714,1.0,0.0,lunarlander_engine_fault
lunarlander,dqn,19,241,-0.7714976370334625,0.3881378173828125,0.2967739701271057,-0.21147378161549568,1,main_engine,3.28003136553341e-06,0.9998639511967375,0.00013276877189688068,-1.89520575628885,0.016289887381832725,1.0,0.0,lunarlander_engine_fault
lunarlander,dqn,19,242,-0.7720206181208293,0.37883273760477704,0.3101072907447815,-0.21062232796102762,1,main_engine,2.983115492606652e-06,0.9998812242715445,0.00011579261296274852,1.8225163044029364,0.012370355605445419,1.0,0.0,lunarlander_engine_fault
lunarlander,dqn,19,243,-0.7723147173722585,0.36968910694122314,0.3046766519546509,-0.20431032478809358,1,main_engine,3.362854115061057e-06,0.9998605283449638,0.00013610880092136072,-1.8227256617801937,0.016471192460234697,1.0,0.0,lunarlander_engine_fault
lunarlander,dqn,19,244,-0.7726088166236877,0.36014548937479657,0.3180100619792938,-0.20277630146592857,1,main_engine,3.0449566620362295e-06,0.9998766003879789,0.0001203546553590847,-1.8081141506012488,0.016706154401456345,1.0,0.0,lunarlander_engine_fault
lunarlander,dqn,19,245,-0.7729029655456543,0.35020188490549725,0.33134350180625916,-0.20124229239299893,1,main_engine,2.7608943720861403e-06,0.9998907722656197,0.00010646684000815505,-1.795690827461566,0.016947230040264986,1.0,0.0,lunarlander_engine_fault
lunarlander,dqn,19,246,-0.7731970151265463,0.33985833326975506,0.3446769118309021,-0.19970825929194688,1,main_engine,2.506691568953878e-06,0.9999032731060654,9.422020236572897e-05,-1.7856248590214796,0.017194288864325374,1.0,0.0,lunarlander_engine_fault
lunarlander,dqn,19,247,-0.7734911640485128,0.32911477486292523,0.35801032185554504,-0.19817425282672047,1,main_engine,2.278965992958338e-06,0.999914307393178,8.341364082922897e-05,-1.7780920968383407,0.017446974616369758,1.0,0.0,lunarlander_engine_fault
lunarlander,dqn,19,248,-0.7737852136294048,0.31797128915786743,0.371343731880188,-0.19664018582552673,1,main_engine,2.074757418995408e-06,0.9999240478093939,7.387743318712733e-05,-1.7732639030337203,0.017705146654349135,1.0,0.0,lunarlander_engine_fault
lunarlander,dqn,19,249,-0.774079312880834,0.3064277768135071,0.38467714190483093,-0.1951061638072133,1,main_engine,1.8972135357970784e-06,0.9999321514708103,6.595131565387369e-05,-1.7713333640670554,0.017968541259575473,1.0,0.0,lunarlander_engine_fault
lunarlander,dqn,19,250,-0.7743734121322632,0.2944842378298442,0.39801058173179626,-0.19357213657349348,1,main_engine,1.7804783668145135e-06,0.9999350553422068,6.31641794264375e-05,3.2224452013601845,0.018675299723782575,1.0,0.0,lunarlander_engine_fault
lunarlander,dqn,19,251,-0.7746753593285879,0.2829574743906657,0.38417598605155945,-0.19851312176324426,1,main_engine,2.1413111469101447e-06,0.9999238851045368,7.397358431632702e-05,4.146346621528785,0.021324692905062347,1.0,0.0,lunarlander_engine_fault
lunarlander,dqn,19,252,-0.7747777303059896,0.2719740867614746,0.3660486340522766,-0.19616869147866964,1,main_engine,2.583574504379367e-06,0.9999124372158709,8.497920962490039e-05,0.8975529084523088,0.012394845584981535,1.0,0.0,lunarlander_engine_fault
lunarlander,dqn,19,253,-0.7746962706247966,0.2610488533973694,0.3640736937522888,-0.19065829692408442,1,main_engine,2.7474162706363357e-06,0.9999065430395091,9.07095442204042e-05,-1.8711209996736897,0.017558394377011295,1.0,0.0,lunarlander_engine_fault
lunarlander,dqn,19,254,-0.7746148109436035,0.24972363313039145,0.37740710377693176,-0.18915825011208653,1,main_engine,2.5289343584155916e-06,0.9999141054756772,8.336558996447784e-05,-1.874185729003617,0.0178190196317411,1.0,0.0,lunarlander_engine_fault
lunarlander,dqn,19,255,-0.7745333015918732,0.23799840609232584,0.3907405138015747,-0.18765823515132068,1,main_engine,2.37621171415564e-06,0.9999176025425764,8.002124570942564e-05,-1.8805153409452577,0.018084700009978742,1.0,0.0,lunarlander_engine_fault
lunarlander,dqn,19,256,-0.7744518419106802,0.22587323188781738,0.40407392382621765,-0.18615821301937102,1,main_engine,2.2366668441527515e-06,0.9999208279517009,7.693538145511133e-05,-1.8902937087425176,0.018355339529051096,1.0,0.0,lunarlander_engine_fault
lunarlander,dqn,19,257,-0.7743703822294872,0.2133480111757914,0.417407363653183,-0.18465818567201495,1,main_engine,2.1091587132911194e-06,0.9999238014760433,7.408936524352499e-05,0.6722354101561177,0.012557145488811046,1.0,0.0,lunarlander_engine_fault
lunarlander,dqn,19,258,-0.7742407917976379,0.20085988442103067,0.41618213057518005,-0.18419927041977643,1,main_engine,2.251112372023165e-06,0.9999193590292017,7.838985842611712e-05,-1.9459547449900025,0.0185950852273091,1.0,0.0,lunarlander_engine_fault
lunarlander,dqn,19,259,-0.7741112013657888,0.18797175089518228,0.429515540599823,-0.18282938273623586,1,main_engine,2.1279693088525457e-06,0.9999221813097948,7.569072089621877e-05,-1.9646803314713475,0.01887451009549025,1.0,0.0,lunarlander_engine_fault
lunarlander,dqn,19,260,-0.7739816109339397,0.17468367020289102,0.44284898042678833,-0.18145948071032764,1,main_engine,2.01390939809798e-06,0.9999236974952086,7.428859539322736e-05,-1.9874752316637614,0.019158209050638118,1.0,0.0,lunarlander_engine_fault
lunarlander,dqn,19,261,-0.7738520205020905,0.16099558273951212,0.4561823904514313,-0.1800895832479,1,main_engine,1.9090330159400557e-06,0.9999247853225146,7.330564446928286e-05,-2.014541358067012,0.019446023618390908,1.0,0.0,lunarlander_engine_fault
lunarlander,dqn,19,262,-0.7737224300702413,0.1469074785709381,0.4695158004760742,-0.17871971502900125,1,main_engine,1.8129205379128517e-06,0.9999256778968444,7.250918261784213e-05,3.088360885610321,0.02073737580433964,1.0,0.0,lunarlander_engine_fault
lunarlander,dqn,19,263,-0.7733352979024252,0.13323684533437094,0.45555728673934937,-0.17177978958934545,1,main_engine,2.103584533937999e-06,0.9999172291243011,8.066729116477445e-05,-2.000012625102098,0.01949820722970341,1.0,0.0,lunarlander_engine_fault
lunarlander,dqn,19,264,-0.7729482154051464,0.1191662847995758,0.4688907265663147,-0.16971364319324495,1,main_engine,1.991514756145518e-06,0.9999184868344003,7.952165084356422e-05,-2.0351202685497447,0.019788771725033308,1.0,0.0,lunarlander_engine_fault
lunarlander,dqn,19,265,-0.7725610832373302,0.10469575723012288,0.48222416639328003,-0.16764752864837645,1,main_engine,1.8658141830572834e-06,0.9999212762109955,7.685797482139292e-05,-2.074883316862863,0.020083169839339967,1.0,0.0,lunarlander_engine_fault
lunarlander,dqn,19,266,-0.7721739013989767,0.08982525269190471,0.4955576956272125,-0.16558139845728875,1,main_engine,1.6848698954382255e-06,0.999924740543489,7.357458661552869e-05,-2.1194268604782383,0.020381128975035443,1.0,0.0,lunarlander_engine_fault
lunarlander,dqn,19,267,-0.7717867692311605,0.07455473641554515,0.508891224861145,-0.16351527217775583,1,main_engine,1.5178323332173285e-06,0.9999278774861406,7.060468152611807e-05,-2.168895077382244,0.020682413762280437,1.0,0.0,lunarlander_engine_fault
lunarlander,dqn,19,268,-0.7713996370633444,0.05888434251149496,0.5222247242927551,-0.1614491367712617,1,main_engine,1.3687844338245492e-06,0.9999307653426036,6.786587296265055e-05,7.876602732744126,0.15349364247266584,1.0,0.0,lunarlander_engine_fault
lunarlander,dqn,19,269,-0.7710125048955282,0.04281397660573324,0.53555828332901,-0.009383006580173964,1,main_engine,6.099780235963649e-07,0.9999105146535591,8.887536841733403e-05,6.78710299738753,0.15093011325212577,1.0,0.0,lunarlander_engine_fault
lunarlander,dqn,19,270,-0.7705304026603699,0.027432161072889965,0.5117378234863281,0.1388588637113571,1,main_engine,1.6383747064418956e-06,0.9993613560243332,0.0006370056009603577,-99.80883658392669,1.348848282745428,1.0,0.0,lunarlander_engine_fault
lunarlander,dqn,19,271,0.00018111864240684858,0.9434235890706381,-0.09366859495639801,-0.0019893281103577467,0,left_thruster,0.6660046652021818,0.014531778529581917,0.3194635562682362,2.111352550217479,0.019902640512373407,1.0,0.0,lunarlander_engine_fault
lunarlander,dqn,19,272,0.0002985795435961336,0.9458521207173666,-0.0809507742524147,0.013125584158115088,0,left_thruster,0.628728258492775,0.02656383784085467,0.3447079036663703,1.9846974021028325,0.01982671410316284,1.0,0.0,lunarlander_engine_fault
lunarlander,dqn,19,273,0.00036176046705804765,0.9478888511657715,-0.06788857281208038,0.027901416551321744,0,left_thruster,0.5849558778948304,0.048556347566546955,0.3664877745386227,1.872318943826947,0.025338781784959928,1.0,0.0,lunarlander_engine_fault
lunarlander,dqn,19,274,0.00035031635585861903,0.949517567952474,-0.0542769692838192,0.049211631529033184,0,left_thruster,0.5161584041148635,0.09273717490602736,0.39110442097910914,2.068189420374009,0.016631016809073692,1.0,0.0,lunarlander_engine_fault
lunarlander,dqn,19,275,0.0004034837184008211,0.9507520993550619,-0.04113582521677017,0.03909361995756626,0,left_thruster,0.4981109575993198,0.13141503851168027,0.37047400388900004,1.9022580846860047,0.024449387558809068,1.0,0.0,lunarlander_engine_fault
lunarlander,dqn,19,276,0.00038695334903119755,0.9515848954518636,-0.02772965468466282,0.059522847086191176,0,left_thruster,0.4552004856752016,0.16446382167611523,0.3803356926486833,2.2958421133225113,0.018374271211887474,1.0,0.0,lunarlander_engine_fault
lunarlander,dqn,19,277,0.0004453659251642724,0.9520119031270345,-0.014205440878868103,0.04709208942949772,0,left_thruster,0.42314508168522247,0.23169284527023312,0.3451620730445444,1.4965795617867512,0.015963993079306914,1.0,0.0,lunarlander_engine_fault
lunarlander,dqn,19,278,0.0005548795161303133,0.9520415465037028,-0.0009725160780362785,0.03816315308213234,0,left_thruster,0.38255518272848904,0.30923352238595614,0.3082112948855548,-1.749439429772916,0.02327381255655674,1.0,0.0,lunarlander_engine_fault
lunarlander,dqn,19,279,0.0005939801728042464,0.9516661961873373,0.012547370046377182,0.0571036022156477,1,main_engine,0.34540877380706875,0.3510998761231281,0.3034913500698031,-0.08623685344326416,0.01055791754450303,1.0,0.0,lunarlander_engine_fault
lunarlander,dqn,19,280,0.0007310708557876449,0.9514516989390055,0.007200836669653654,0.06620411872863768,0,left_thruster,0.36292396462092746,0.31012704768371596,0.32694898769535663,-2.8992271780315604,0.0223632701912075,1.0,0.0,lunarlander_engine_fault
lunarlander,dqn,19,281,0.0008142789010889828,0.9508283933003744,0.020854678004980087,0.08390420451760291,1,main_engine,0.3305539952130035,0.347124001316295,0.32232200347070145,-3.14179816595395,0.01477282768606478,1.0,0.0,lunarlander_engine_fault
lunarlander,dqn,19,282,0.0008973280394760271,0.9498054186503092,0.03418881446123123,0.09017986133694648,1,main_engine,0.2955285212417359,0.4051649306584117,0.29930654809985247,-3.0859387875236597,0.014809518554906805,1.0,0.0,lunarlander_engine_fault
lunarlander,dqn,19,283,0.0009802182709487777,0.9483828544616699,0.04752464219927788,0.09646054431796074,1,main_engine,0.2603666827725527,0.4658371471965781,0.27379617003086915,2.6213941629145507,0.0190681925013104,1.0,0.0,lunarlander_engine_fault
lunarlander,dqn,19,284,0.0010633468627929688,0.9474777380625407,0.0302919652312994,0.1045725516974926,1,main_engine,0.311494302481954,0.35895197444668225,0.32955372307136377,2.382022834655288,0.01727040385978638,1.0,0.0,lunarlander_engine_fault
lunarlander,dqn,19,285,0.0010580222199981413,0.9470729033152262,0.013627840206027031,0.10909027978777885,2,right_thruster,0.3546550577254408,0.27210816830466933,0.3732367739698898,-2.8791419656726553,0.017622793874346124,1.0,0.0,lunarlander_engine_fault
lunarlander,dqn,19,286,0.0011267662436390917,0.946271816889445,0.026791226118803024,0.09740089699625969,1,main_engine,0.3188503648380687,0.35412600448638465,0.3270236306755465,-0.0030508094123240315,0.007589898881023126,1.0,0.0,lunarlander_engine_fault
lunarlander,dqn,19,287,0.0012269815003188949,0.9455732504526774,0.02339123748242855,0.1041498675942421,2,right_thruster,0.3296343841687433,0.3258710903288162,0.3444945255024405,-3.2117002254970473,0.02769812901591801,1.0,0.0,lunarlander_engine_fault
lunarlander,dqn,19,288,0.0012451012541229527,0.944471518198649,0.03690128028392792,0.1283045969903469,1,main_engine,0.30120639659655873,0.35033712018498303,0.3484564832184582,0.16804273997054567,0.007272338625503508,1.0,0.0,lunarlander_engine_fault
lunarlander,dqn,19,289,0.0010902087281768522,0.9435843626658121,0.029744893312454224,0.1292330354452133,2,right_thruster,0.3194334038787334,0.31303281641967995,0.3675337797015866,-2.451307568875662,0.01742266709738216,1.0,0.0,lunarlander_engine_fault
lunarlander,dqn,19,290,0.0010076364075454574,0.9423055648803711,0.04274304211139679,0.11770241037011146,1,main_engine,0.28355189396638075,0.398586902875366,0.3178612031582532,-2.7852591032618195,0.013991669948981123,1.0,0.0,lunarlander_engine_fault
lunarlander,dqn,19,291,0.0009249846334569156,0.9406269391377767,0.0560765415430069,0.12159599550068378,1,main_engine,0.24946236325061905,0.4625624881838817,0.28797514856549933,-2.7356137791992294,0.014044555792711546,1.0,0.0,lunarlander_engine_fault
lunarlander,dqn,19,292,0.0008421738554413121,0.9385484059651693,0.06941171735525131,0.1254812851548195,1,main_engine,0.21582394670195537,0.5277105561024855,0.2564654971955591,-2.6809679639340604,0.014110224548737546,1.0,0.0,lunarlander_engine_fault
lunarlander,dqn,19,293,0.0007593631744384766,0.9360698858896891,0.08274713158607483,0.12936911806464196,1,main_engine,0.18363059479027571,0.5918246394366826,0.22454476577304158,-2.624148089035416,0.014185780872362694,1.0,0.0,lunarlander_engine_fault
lunarlander,dqn,19,294,0.0006763934895085792,0.9331914583841959,0.09608252346515656,0.13325646594166757,1,main_engine,0.15374366331956452,0.6528646022302402,0.1933917344501952,-2.566241694286024,0.014272170902301503,1.0,0.0,lunarlander_engine_fault
lunarlander,dqn,19,295,0.0005933443511215349,0.9299132029215494,0.10941794514656067,0.13714330717921258,1,main_engine,0.12680226300898864,0.7091778898026275,0.16401984718838392,-2.599379563677154,0.014813791678549678,1.0,0.0,lunarlander_engine_fault
lunarlander,dqn,19,296,0.0005114873056299984,0.9262208143870035,0.12322746217250824,0.14102985188364983,1,main_engine,0.1023181895920839,0.7615518630984857,0.13612994730943043,-2.44647256118595,0.014480520979831268,1.0,0.0,lunarlander_engine_fault
lunarlander,dqn,19,297,0.00042970976210199296,0.9221283594767252,0.13656140863895416,0.14492041543126105,1,main_engine,0.0822269391375451,0.8053542892855057,0.11241877157694932,-2.3873771966385084,0.014598485344714243,1.0,0.0,lunarlander_engine_fault
lunarlander,dqn,19,298,0.0003478527166104565,0.9176363150278727,0.14989537000656128,0.1488109275698662,1,main_engine,0.06541156730412351,0.8427225937993733,0.09186583889650324,-2.3280769123584504,0.014726497992703967,1.0,0.0,lunarlander_engine_fault
lunarlander,dqn,19,299,0.0002659956711189201,0.9127442042032877,0.1632293164730072,0.15270145013928413,1,main_engine,0.05159444076321415,0.8739963963996337,0.0744091628371522,-2.2686763276446698,0.014864115611039085,1.0,0.0,lunarlander_engine_fault
lunarlander,dqn,19,300,0.00018413861350078758,0.9074522654215494,0.17656327784061432,0.1565919630229473,1,main_engine,0.04041285968967146,0.8997579620976972,0.05982917821263138,-0.422070560646157,0.10912749855044689,1.0,1.0,lunarlander_engine_fault|lunarlander_navigation_noise
lunarlander,dqn,19,301,-0.038767136046589094,0.8234717254329437,0.11927088826740734,0.14907796658655625,1,main_engine,0.1946143631076226,0.5307489758474326,0.2746366610449448,1.6250605639614035,0.2082743965049566,1.0,0.0,lunarlander_navigation_noise
lunarlander,dqn,19,302,-0.13335162824261812,1.0,0.1631326768307336,0.18576461072208927,1,main_engine,0.18898563399385346,0.4062558755291622,0.40475849047698426,0.3857911896618896,0.14822438643794236,1.0,0.0,lunarlander_navigation_noise
lunarlander,dqn,19,303,-0.0034249625040249786,0.9307139093773781,0.14941348919558348,0.1958021304267638,1,main_engine,0.08473457764588083,0.7695892380428582,0.14567618431126103,2.547731635388475,0.05391023128898319,1.0,0.0,lunarlander_navigation_noise
lunarlander,dqn,19,304,0.033448269191152485,0.91511922873538,0.13001671584794872,0.22625289300112306,1,main_engine,0.08043539977914076,0.7869363978798052,0.13262820234105407,2.651170070582466,0.04189689292943263,1.0,0.0,lunarlander_navigation_noise
lunarlander,dqn,19,305,0.003975667225179088,0.90148659361551,0.1564899416084562,0.22643983688931785,1,main_engine,0.07627497483111637,0.76804363548881,0.15568138968007367,3.665764381526916,0.12869316864534192,1.0,0.0,lunarlander_navigation_noise
lunarlander,dqn,19,306,-0.06458447709894045,0.9320951129993047,0.1338659595767269,0.12439713874587316,1,main_engine,0.1838000975825292,0.5440423625085951,0.2721575399088758,0.4438461010635966,0.12881445857346097,1.0,0.0,lunarlander_navigation_noise
lunarlander,dqn,19,307,0.06246512256095512,0.9234476331410528,0.11582247303740476,0.13155378945976068,1,main_engine,0.04299867944799756,0.9094182841317712,0.04758303642023109,0.7762858568909996,0.14328235038957815,1.0,0.0,lunarlander_navigation_noise
lunarlander,dqn,19,308,-0.026636777518984092,0.8377553117272571,0.18800037588398416,0.13770681527563838,1,main_engine,0.04941785656795514,0.8794445870338857,0.07113755639815908,0.6646429669215547,0.17469350764523048,1.0,0.0,lunarlander_navigation_noise
lunarlander,dqn,19,309,0.02788566096079259,0.7504010457314148,0.10505656617638175,0.251876346934176,1,main_engine,0.15684888814073247,0.5738738599312567,0.2692772519280109,1.1104668552412884,0.07449760233875938,1.0,0.0,lunarlander_navigation_noise
lunarlander,dqn,19,310,-0.015739788309592592,0.778210267198428,0.06745432109140607,0.21367384313993487,2,right_thruster,0.29010933443014547,0.24913577788171654,0.4607548876881379,-1.7744709636640643,0.08411213527464657,1.0,0.0,lunarlander_navigation_noise
lunarlander,dqn,19,311,-0.022467142098927168,0.84771112165087,0.0997119442033436,0.1796345864940821,1,main_engine,0.22046134780960808,0.45193818638965644,0.32760046580073554,-0.6667814067069685,0.0783881714114285,1.0,0.0,lunarlander_navigation_noise
lunarlander,dqn,19,312,-0.061699677408490965,0.8775859668655707,0.1420233929921571,0.2234837428736593,2,right_thruster,0.17027846211209965,0.3484623117273983,0.48125922616050204,-1.4089865182796928,0.12843989204036477,1.0,0.0,lunarlander_navigation_noise
lunarlander,dqn,19,313,-0.055650093609539215,0.8580537122663199,0.19278342060379455,0.10728512399057676,1,main_engine,0.05926235634100512,0.8639352053032592,0.0768024383557357,2.367073388941516,0.11817999726793661,1.0,0.0,lunarlander_navigation_noise
lunarlander,dqn,19,314,0.020507930749871714,0.8312684043412922,0.14848708654693302,0.18135839277497195,1,main_engine,0.06134743029720705,0.853728937197937,0.08492363250485598,-0.354498909995624,0.09573348952660915,1.0,0.0,lunarlander_navigation_noise
lunarlander,dqn,19,315,0.04961136423423618,0.9033590812392658,0.09408867736736129,0.19407210818339707,1,main_engine,0.106292757002767,0.7519225321849927,0.14178471081224023,2.719167654986362,0.106859557921638,1.0,0.0,lunarlander_navigation_noise
lunarlander,dqn,19,316,-0.0211549799849414,0.8995243740055092,0.07268386475307476,0.11701226998969572,1,main_engine,0.25482202929422454,0.443008815391904,0.3021691553138715,0.4287404228679281,0.07926652822677932,1.0,0.0,lunarlander_navigation_noise
lunarlander,dqn,19,317,-0.03528732073421339,0.9190012526480444,0.10595404785997045,0.18481496578013504,1,main_engine,0.21538243465414725,0.4147204704033828,0.36989709494247,-1.6466482833575617,0.1521915431030894,1.0,0.0,lunarlander_navigation_noise
lunarlander,dqn,19,318,-0.04474855283591902,0.768338857798331,0.08721222616022087,0.1800886800565446,2,right_thruster,0.28096205042045375,0.2618035211492045,0.4572344284303417,-0.9444450582934041,0.09969114987327539,1.0,0.0,lunarlander_navigation_noise
lunarlander,dqn,19,319,-0.08703059126173902,0.8402532583660738,0.13866801454508287,0.1618904542559927,1,main_engine,0.21829147585964,0.39534567379651303,0.3863628503438469,1.2819482940997966,0.09336541509301534,1.0,0.0,lunarlander_navigation_noise
lunarlander,dqn,19,320,-0.0186560383250094,0.8617712155393527,0.08527893495785979,0.1888831374518425,1,main_engine,0.24889047863293204,0.37918850748997845,0.3719210138770895,0.034430592266284074,0.14897342964140034,1.0,0.0,lunarlander_navigation_noise
lunarlander,dqn,19,321,-0.040712278099520466,0.8441128802251889,-0.013447210582971658,0.08095753156188855,0,left_thruster,0.468233346835316,0.09196421047119509,0.4398024426934889,-2.2106860128706955,0.060747767962937,1.0,0.0,lunarlander_navigation_noise
lunarlander,dqn,19,322,-0.025915115700538827,0.8196725160713865,0.03293631724191235,0.1078382354954677,2,right_thruster,0.376457650521801,0.23526057084577628,0.38828177863242275,-0.4458978659673335,0.08526291008047315,1.0,0.0,lunarlander_navigation_noise
lunarlander,dqn,19,323,0.02940198645004973,0.8369201120614804,0.017377883000840547,0.047255749564458396,1,main_engine,0.28386319542901145,0.5134190044713733,0.2027178000996153,-0.24422055719347668,0.0657076856795927,1.0,0.0,lunarlander_navigation_noise
lunarlander,dqn,19,324,0.03704700969013715,0.8039645251106684,-0.03329627744820898,0.07185478061322388,0,left_thruster,0.4619294470378695,0.20827424453411258,0.32979630842801805,-2.124635968633331,0.24910225271228986,1.0,0.0,lunarlander_navigation_noise
lunarlander,dqn,19,325,-0.008677662436685902,0.8871905813989602,0.16766646197811808,0.18432072026695334,1,main_engine,0.06422485039195601,0.8233593305303714,0.1124158190776727,1.0103629957249938,0.12514418006301845,1.0,0.0,lunarlander_navigation_noise
lunarlander,dqn,19,326,-0.044730522368441855,0.7989653111740266,0.09045618740158631,0.20914273243237574,2,right_thruster,0.2566173867603419,0.22570079383495517,0.5176818194047029,0.11145173542753127,0.04552727521266615,1.0,0.0,lunarlander_navigation_noise
lunarlander,dqn,19,327,-0.02667045075440754,0.7977114372462033,0.05665900929586348,0.18459186373391678,2,right_thruster,0.3305767711244017,0.21610395702621524,0.45331927184938314,-0.061158238069346,0.2355256348713916,1.0,0.0,lunarlander_navigation_noise
lunarlander,dqn,19,328,-0.03599403866881369,0.9254671290198939,0.0766119854718744,-0.01204424015120327,1,main_engine,0.18146713325899594,0.668268556480302,0.150264310260702,-0.6472609958198655,0.24107311110837137,1.0,0.0,lunarlander_navigation_noise
lunarlander,dqn,19,329,-0.07843093982424706,0.7604410025063045,0.08148624995569725,0.1584197543856363,2,right_thruster,0.3199580403195357,0.15314378811132232,0.526898171569142,0.01368590716095923,0.1464349413905497,1.0,0.0,lunarlander_navigation_noise
lunarlander,dqn,19,330,-0.08394613785984281,0.8402989902999204,0.1972731110907483,0.11806037846468095,1,main_engine,0.0731841008681934,0.8390058659791044,0.08781003315270212,2.00592754091271,0.11666164556656032,1.0,0.0,lunarlander_navigation_noise
lunarlander,dqn,19,331,-0.0030206954603565622,0.8585249648837905,0.1512357498242065,0.050167908066062986,1,main_engine,0.04340857313574426,0.9155309386185662,0.04106048824568965,-0.16146836701530104,0.1341572011375785,1.0,0.0,lunarlander_navigation_noise
lunarlander,dqn,19,332,-0.010035460821225126,0.7815200544932328,0.04396637627101123,0.07280577362905025,1,main_engine,0.3171585363683529,0.4110196240207882,0.271821839610859,0.21313778588913124,0.10162839482730501,1.0,0.0,lunarlander_navigation_noise
lunarlander,dqn,19,333,-0.06022853129540788,0.8505576383184146,-0.010549784027653275,0.08121925075920503,0,left_thruster,0.46651085122645636,0.06748342961207285,0.4660057191614708,-1.4200979938037803,0.12508761376578603,1.0,0.0,lunarlander_navigation_noise
lunarlander,dqn,19,334,-0.019028971611703065,0.8008149843779105,0.06335735358969556,0.0036762898429953186,1,main_engine,0.21570781837052896,0.6263776063087384,0.15791457532073255,-0.22179362271069747,0.08455074277276606,1.0,0.0,lunarlander_navigation_noise
lunarlander,dqn,19,335,-0.05575183023802496,0.809646594781672,0.06151079540136675,0.07929938577453541,2,right_thruster,0.3549944214813425,0.2794110640698179,0.3655945144488395,0.5700054994206277,0.059674909257717776,1.0,0.0,lunarlander_navigation_noise
lunarlander,dqn,19,336,-0.09084748022873362,0.8488051596679665,0.07475294988138319,0.05438669247534028,0,left_thruster,0.37210366642744475,0.28794116407007486,0.33995516950248034,-1.1943309959460715,0.12080067184165581,1.0,0.0,lunarlander_navigation_noise
lunarlander,dqn,19,337,-0.06918909546839885,0.9315264137652204,0.01200530170055178,0.11221093873347046,2,right_thruster,0.4067747605158775,0.07560311396047432,0.5176221255236482,0.5987900482960151,0.17232224654379472,1.0,0.0,lunarlander_navigation_noise
lunarlander,dqn,19,338,-0.013339386635903339,0.8553672729902063,0.05559693973138349,-0.025176546313117304,1,main_engine,0.19649481442864575,0.6793247554498215,0.1241804301215327,2.1265799623560704,0.1682198706748946,1.0,0.0,lunarlander_navigation_noise
lunarlander,dqn,19,339,-0.1544452141909947,0.7789006788083659,0.10535844089890999,-0.017193859067892493,1,main_engine,0.31229255579808685,0.5551502160251287,0.13255722817678448,3.1654431961792957,0.1207321011357872,1.0,0.0,lunarlander_navigation_noise
lunarlander,dqn,19,340,-0.08390312493550314,0.7223335204468836,0.1003993049731563,0.0626536045982071,1,main_engine,0.31601491479573185,0.4442741722909093,0.23971091291335894,0.7809300125613867,0.08351910774508935,1.0,0.0,lunarlander_navigation_noise
lunarlander,dqn,19,341,-0.037581462764055454,0.7480827933472451,0.10768863316209688,-0.0014836358465356095,1,main_engine,0.1312609900330153,0.7678882659775842,0.1008507439894004,1.290836833593603,0.07416884241574746,1.0,0.0,lunarlander_navigation_noise
lunarlander,dqn,19,342,-0.10679102027428625,0.7515293731345039,0.12385531100393682,-0.022407640001052928,1,main_engine,0.18662959469891272,0.7167382741602133,0.09663213114087404,1.5923383765192782,0.11626382905306053,1.0,0.0,lunarlander_navigation_noise
lunarlander,dqn,19,343,-0.12650558649056776,0.7591258248309087,0.015390395519602494,0.013734715422792004,0,left_thruster,0.5334060983199769,0.10988493814148334,0.3567089635385398,-0.6934245334724118,0.05318426222228013,1.0,0.0,lunarlander_navigation_noise
lunarlander,dqn,19,344,-0.08353097413954226,0.7412518799985468,0.01694362531053524,0.039422417047374564,0,left_thruster,0.47419410292632463,0.11013441524511484,0.4156714818285605,-1.245328689087768,0.10749188169219027,1.0,0.0,lunarlander_navigation_noise
lunarlander,dqn,19,345,-0.05933409796762077,0.8266080113647282,0.07311460133781894,0.016440508867459742,1,main_engine,0.2824223489216269,0.46747601317755244,0.25010163790082074,-1.1001237958439847,0.10275509794693541,1.0,0.0,lunarlander_navigation_noise
lunarlander,dqn,19,346,-0.06491979976292915,0.7456005033227477,0.09999281403109105,-0.04050468770592895,1,main_engine,0.18977589988988286,0.7188453685110763,0.09137873159904075,-2.353100309513555,0.14702395007627392,1.0,0.0,lunarlander_navigation_noise
lunarlander,dqn,19,347,-0.032539625568546546,0.8105447743403726,-0.025906047196997545,-0.06284936534137275,0,left_thruster,0.6572128073499758,0.0971100715075843,0.2456771211424399,-2.529277966792914,0.20060490811102594,1.0,0.0,lunarlander_navigation_noise
lunarlander,dqn,19,348,-0.13670685690393367,0.7819225778541059,0.14298417903870192,-0.05589390529124775,1,main_engine,0.17018751445943173,0.7834346571003397,0.04637782844022862,0.7489458514397427,0.08687393944900382,1.0,0.0,lunarlander_navigation_noise
lunarlander,dqn,19,349,-0.09506778892008848,0.7962407660157587,0.10378524663218787,-0.11970379918539983,1,main_engine,0.3605357656965834,0.6028769859071041,0.03658724839631246,0.2445282710768299,0.08769261041126035,1.0,0.0,lunarlander_navigation_noise
lunarlander,dqn,19,350,-0.04409343332220466,0.8056820117547522,0.09946654307527375,-0.04910761890200906,1,main_engine,0.13838860816342613,0.8052671834647253,0.0563442083718486,0.44198446309293554,0.12223097373057727,1.0,0.0,lunarlander_navigation_noise
lunarlander,dqn,19,351,-0.10415039999187187,0.743355758935117,0.07968871015928516,-0.13311861358826252,0,left_thruster,0.5696838910837844,0.39147639793172195,0.038839710984493535,-2.279811135589691,0.1370036768078622,1.0,0.0,lunarlander_navigation_noise
lunarlander,dqn,19,352,-0.021967610583826708,0.7834140059015627,0.17024412653274296,-0.0860968101414466,1,main_engine,0.08128196391055334,0.9088856987819673,0.00983233730747942,0.19380793448779288,0.18012183968670897,1.0,0.0,lunarlander_navigation_noise
lunarlander,dqn,19,353,-0.02971629978302584,0.6523137753957376,0.06866419621764393,-0.016253540842838747,1,main_engine,0.22046924210804103,0.6461832974968503,0.13334746039510853,1.6881878626964861,0.11893551761951544,1.0,0.0,lunarlander_navigation_noise
lunarlander,dqn,19,354,-0.09980899467636689,0.6994240223456075,0.11898820634310693,-0.0831922449774845,1,main_engine,0.3030734107379533,0.6605530120770136,0.03637357718503298,-0.28515231508967415,0.09171773708414718,1.0,0.0,lunarlander_navigation_noise
lunarlander,dqn,19,355,-0.07799615815890225,0.7510084968835534,0.04683557090743638,-0.07486262042229981,1,main_engine,0.4034121129798743,0.4505368692781688,0.1460510177419569,0.2945532970398358,0.2386642571956812,1.0,0.0,lunarlander_navigation_noise
lunarlander,dqn,19,356,-0.22758170326012606,0.6437813223655053,0.1830114348490319,-0.14226632569264921,1,main_engine,0.02925948257334221,0.9702207247837308,0.0005197926429271135,-0.7840191406002919,0.2123789579104216,1.0,0.0,lunarlander_navigation_noise
lunarlander,dqn,19,357,-0.10614108788908636,0.7771755068171379,0.13288764884280915,-0.04201366322273743,1,main_engine,0.16342856188754015,0.7665183208644643,0.07005311724799558,-1.0705990360005309,0.2374076049530235,1.0,0.0,lunarlander_navigation_noise
lunarlander,dqn,19,358,-0.09037262777849471,0.7481088672751793,-0.037149050509143945,-0.2043601380674439,0,left_thruster,0.9790561754462659,0.0017964141023328677,0.01914741045140109,-1.712281702241662,0.2179438738700174,1.0,0.0,lunarlander_navigation_noise
lunarlander,dqn,19,359,-0.13038513431505414,0.7400223776057692,0.12667952137566235,-0.06654381393585483,1,main_engine,0.24614955659444807,0.7044105994386937,0.049439843966858334,0.19305036382968865,0.08508364960199637,1.0,0.0,lunarlander_navigation_noise
lunarlander,dqn,19,360,-0.13225265135959305,0.7035023197012324,0.05541425957009822,-0.09523680332555313,0,left_thruster,0.5853543901826452,0.3059860868377821,0.1086595229795726,-1.588233922429348,0.1746581333409903,1.0,0.0,lunarlander_navigation_noise
lunarlander,dqn,19,361,-0.041754079506905004,0.8471486123261253,0.07267370569994414,-0.058043710294754775,1,main_engine,0.19637081145894864,0.725791927862463,0.07783726067858826,-0.2041206916782903,0.10891488388965351,1.0,0.0,lunarlander_navigation_noise
lunarlander,dqn,19,362,-0.09211153297453761,0.8064715639436331,-0.013605155967189343,-0.07314055027085431,0,left_thruster,0.5925888392558214,0.14207544990267057,0.265335710841508,-1.191505992380004,0.16881472428875768,1.0,0.0,lunarlander_navigation_noise
lunarlander,dqn,19,363,-0.1424576217474336,0.7236168373576828,0.12456976524104801,-0.07059734099402121,1,main_engine,0.27132706489882097,0.683363695365396,0.04530923973578314,-0.8577787307775406,0.14699149847604828,1.0,0.0,lunarlander_navigation_noise
lunarlander,dqn,19,364,-0.11210948300100268,0.8046203437208956,0.02984053538612369,0.0011682222436440737,0,left_thruster,0.4702976213951041,0.1772143784025644,0.35248800020233134,-1.1563902904750445,0.06804658452372704,1.0,0.0,lunarlander_navigation_noise
lunarlander,dqn,19,365,-0.14652820031172814,0.7695134443157633,0.03225681074384856,-0.0458142935636503,0,left_thruster,0.528248524892143,0.20814823378733607,0.26360324132052093,-0.868313090834298,0.1390445475432654,1.0,0.0,lunarlander_navigation_noise
lunarlander,dqn,19,366,-0.04842131071510569,0.7321402759726763,0.07395567584316354,0.03525897794192011,1,main_engine,0.2942114955347412,0.46321292090137595,0.24257558356388287,-0.45593113131670976,0.10934499666376991,1.0,0.0,lunarlander_navigation_noise
lunarlander,dqn,19,367,-0.12657295261383797,0.76123812332837,0.0045079175069566435,0.021880887447656084,0,left_thruster,0.5425697829864901,0.07881581509709008,0.37861440191641993,-0.8188377315584034,0.11665580065168434,1.0,0.0,lunarlander_navigation_noise
lunarlander,dqn,19,368,-0.03719503272975305,0.781257721814013,0.07639999926989939,0.014745936912185599,1,main_engine,0.23102746010464642,0.5843966478740277,0.18457589202132602,0.695060926196129,0.22986701419621838,1.0,0.0,lunarlander_navigation_noise
lunarlander,dqn,19,369,-0.25547237057870076,0.7381212495214541,0.018968398327390522,0.020636944329811578,0,left_thruster,0.6335352434660625,0.10060106968622452,0.265863686847713,-0.772593934974143,0.17364017727202063,1.0,0.0,lunarlander_navigation_noise
lunarlander,dqn,19,370,-0.08999185082110178,0.7220785011107613,0.06710415660099162,0.03451814538268519,0,left_thruster,0.39342200291646495,0.3104208939968478,0.29615710308668725,-0.9240606398952673,0.13617903194069178,1.0,0.0,lunarlander_navigation_noise
lunarlander,dqn,19,371,-0.22474332924298313,0.7146275295408046,0.07123230782509718,0.016792198481156536,0,left_thruster,0.47294577456979275,0.32517954272141425,0.20187468270879289,-0.6202977244578074,0.20110490993484884,1.0,0.0,lunarlander_navigation_noise
lunarlander,dqn,19,372,-0.02930624644857785,0.7308431859116911,0.07571567382055905,-0.027530294527794458,1,main_engine,0.18694776537271954,0.7126774001052818,0.10037483452199863,1.4714359562573667,0.2611102763868122,1.0,0.0,lunarlander_navigation_noise
lunarlander,dqn,19,373,-0.13385426092406205,0.6734666946554405,0.15497025557670602,0.19081562053775247,2,right_thruster,0.011720892170449996,0.3681637837847177,0.6201153240448323,0.7103840078080623,0.1849957319715653,1.0,0.0,lunarlander_navigation_noise
lunarlander,dqn,19,374,-0.15165536471697766,0.7029075498096623,0.07795973394764961,0.026167033669665912,0,left_thruster,0.45105462683880737,0.3251924400404308,0.22375293312076197,-3.1532912729054985,0.06017586012061781,1.0,0.0,lunarlander_navigation_noise
lunarlander,dqn,19,375,-0.1061507792120797,0.719980153873676,0.09986739206668994,0.05407845687766914,1,main_engine,0.33834000255057123,0.43508562953255536,0.22657436791687335,-1.0049086107608685,0.11680472804521792,1.0,0.0,lunarlander_navigation_noise
lunarlander,dqn,19,376,-0.17769344430154138,0.8109901415589151,0.09328581850023619,0.06818010914030889,0,left_thruster,0.42410409955597017,0.3101640304084029,0.2657318700356269,-2.936711454197981,0.24078167289379873,1.0,0.0,lunarlander_navigation_noise
lunarlander,dqn,19,377,-0.15918351539682024,0.5950905051162558,0.07606361732580275,0.17173656381172633,2,right_thruster,0.047208378784502326,0.09654472973614589,0.8562468914793517,-0.9703462746767593,0.2329851757670852,1.0,0.0,lunarlander_navigation_noise
lunarlander,dqn,19,378,-0.1603500660653203,0.7136859043344026,0.21239339462112944,0.0246649676632775,1,main_engine,0.036411974449116306,0.9459263266538996,0.01766169889698383,-1.5949169067887694,0.11177682092821317,1.0,0.0,lunarlander_navigation_noise
lunarlander,dqn,19,379,-0.16079264785544042,0.6827925238173689,0.1245543460436912,0.08650154586273073,1,main_engine,0.27888772486458235,0.5121338019512338,0.20897847318418386,-0.6704868646823138,0.1335930861038203,1.0,0.0,lunarlander_navigation_noise
lunarlander,dqn,19,380,-0.1676857457928687,0.7940149141590318,0.1487784154022864,0.15608870132955885,1,main_engine,0.1397791299019252,0.46463431045032183,0.39558655964775286,-0.9042652417621514,0.13696731664882164,1.0,0.0,lunarlander_navigation_noise
lunarlander,dqn,19,381,-0.21145995281361918,0.7100927635747829,0.057388680644504794,0.1941525115946917,2,right_thruster,0.014476009168276498,0.0278773844689544,0.9576466063627691,-0.4473367598881555,0.12461959620921668,1.0,0.0,lunarlander_navigation_noise
lunarlander,dqn,19,382,-0.3113906821609286,0.6726172466985177,0.09899553458186958,0.14507758488303407,2,right_thruster,6.334005298172945e-05,0.07032383396958264,0.9296128259774357,-0.3593687316178728,0.10812134604896266,1.0,0.0,lunarlander_navigation_noise
lunarlander,dqn,19,383,-0.2137001804814227,0.6760432540347828,0.1241885482475948,0.10634302809950506,1,main_engine,0.09561274123819914,0.5190451173134711,0.3853421414483298,0.3528559259556971,0.06563875343221551,1.0,0.0,lunarlander_navigation_noise
lunarlander,dqn,19,384,-0.26092940790464836,0.6794348515692258,0.1627951253901955,0.1303404299721494,2,right_thruster,0.0002631397824578789,0.4128153827034679,0.5869214775140743,-0.4114695243321421,0.08031580356340058,1.0,0.0,lunarlander_navigation_noise
lunarlander,dqn,19,385,-0.22040646607248648,0.7142906626918475,0.1031118145035433,0.12472844993892426,2,right_thruster,0.12006065361211497,0.3162851136012129,0.563654232786672,-0.3838253791023772,0.19031046111939123,1.0,0.0,lunarlander_navigation_noise
lunarlander,dqn,19,386,-0.10188381699297686,0.6523365086304923,0.2349737525470203,0.09399466792936939,1,main_engine,0.023322504712713955,0.9554546653976391,0.021222829889647094,0.7654349086788489,0.14905292885252572,1.0,0.0,lunarlander_navigation_noise
lunarlander,dqn,19,387,-0.2014090037902154,0.6006501978197653,0.15306317160038616,0.1481305598704161,2,right_thruster,0.0005292604326136599,0.331156477224826,0.6683142623425603,-0.04879954796783409,0.1462791864621159,1.0,0.0,lunarlander_navigation_noise
lunarlander,dqn,19,388,-0.19168304161819583,0.7358736215061187,0.15074791274981944,0.09324639717440024,1,main_engine,0.1827403430993012,0.6651348340312866,0.15212482286941215,1.233424718073719,0.08679857436666763,1.0,0.0,lunarlander_navigation_noise
lunarlander,dqn,19,389,-0.2323746034314419,0.6708475348328771,0.1116382643609613,0.10421146735879303,2,right_thruster,0.08174888076458788,0.44117735011175924,0.4770737691236528,0.1396970089837316,0.05544019326719854,1.0,0.0,lunarlander_navigation_noise
lunarlander,dqn,19,390,-0.2788207255865551,0.6520515427627415,0.12455185282193179,0.12411932212561108,2,right_thruster,0.0004408358214068734,0.23527158867068818,0.764287575507905,0.31908558351730787,0.1447511683502493,1.0,0.0,lunarlander_navigation_noise
lunarlander,dqn,19,391,-0.23046385895211488,0.6229538699995234,0.18571220168406638,0.00568262445597896,1,main_engine,0.05242212351868621,0.9235678474204563,0.024010029060857474,1.0034403337016942,0.17047447395425286,1.0,0.0,lunarlander_navigation_noise
lunarlander,dqn,19,392,-0.23112950615823913,0.608136541211199,0.14164727879359892,0.16969430855809425,2,right_thruster,0.0001061389099430727,0.16897557892484646,0.8309182821652105,0.6399872489311303,0.10328222877422231,1.0,0.0,lunarlander_navigation_noise
lunarlander,dqn,19,393,-0.20385945779999476,0.6206406480422187,0.14831185494954113,0.0710900795406231,1,main_engine,0.08275610062935904,0.7626587385402994,0.15458516083034152,0.45813668332163954,0.1593163011611325,1.0,0.0,lunarlander_navigation_noise
lunarlander,dqn,19,394,-0.3037114214273544,0.7329393267363126,0.11997114567717415,0.02640137697582534,1,main_engine,0.1580534328777976,0.7055524636127303,0.13639410350947198,3.1632379581194003,0.21895676519093638,1.0,0.0,lunarlander_navigation_noise
lunarlander,dqn,19,395,-0.19198603400086237,0.5804276536786269,0.2266746415162702,-0.002130296373992483,1,main_engine,0.023437392317934593,0.9669465260612401,0.009616081620825286,1.930620600745872,0.16968226365631323,1.0,0.0,lunarlander_navigation_noise
lunarlander,dqn,19,396,-0.27316294457309587,0.6236660373968665,0.08589575247066282,0.020544058346639447,1,main_engine,0.3359335649838859,0.4850692440648753,0.17899719095123875,1.2732756196095725,0.10483032052200834,1.0,0.0,lunarlander_navigation_noise
lunarlander,dqn,19,397,-0.32977598207711495,0.5469345343431216,0.10073907373596838,0.06148685183027444,2,right_thruster,0.0005724219594017989,0.3187945890752571,0.6806329889653412,0.4922731067808706,0.18208875390131254,1.0,0.0,lunarlander_navigation_noise
lunarlander,dqn,19,398,-0.2069365993885576,0.49835090360163076,0.1733390784693555,-0.04066827772626595,1,main_engine,0.04894597111335867,0.9389707134629727,0.012083315423668757,0.6815809909112976,0.10686257670738482,1.0,0.0,lunarlander_navigation_noise
lunarlander,dqn,19,399,-0.23248125815803092,0.5363580966016127,0.11693314295422792,0.03769564527289396,1,main_engine,0.1079004255384239,0.6987258328853644,0.19337374157621162,2.728332286719616,0.033048896470769716,1.0,0.0,lunarlander_navigation_noise
lunarlander,dqn,19,400,-0.24538829671985113,0.5118665146177053,0.13440993630988549,0.033183215835381925,1,main_engine,0.03450768871567185,0.8008879422178118,0.16460436906651635,2.071631260206142,0.1680299152411751,1.0,0.0,lunarlander_navigation_noise
lunarlander,dqn,19,401,-0.2896899413246888,0.5692915894083801,0.13120425340835803,-0.11835391190459937,1,main_engine,0.13802792015288995,0.8533358685423774,0.008636211304732617,2.4323393989842033,0.08969826540173556,0.0,0.0,none
lunarlander,dqn,19,402,-0.27764121691385907,0.5920817454655966,0.11574215441942215,-0.03384273312985897,1,main_engine,0.23300148711965743,0.7012515978772856,0.06574691500305685,1.9899082190059083,0.015046517933927337,0.0,0.0,none
lunarlander,dqn,19,403,-0.2814267575740814,0.5889909664789835,0.1029868945479393,-0.04015286900103092,1,main_engine,0.2972628305077392,0.6264671146707633,0.07627005482149743,2.832242426958044,0.014791651870780327,0.0,0.0,none
lunarlander,dqn,19,404,-0.28510379294554394,0.5863176584243774,0.08909256011247635,-0.04240526119247079,1,main_engine,0.3778766143034006,0.5288937244657026,0.09322966123089682,3.046222244119096,0.018386529737751588,0.0,0.0,none
lunarlander,dqn,19,405,-0.2886376281579336,0.5841822624206543,0.07117728888988495,-0.04264944435562938,0,left_thruster,0.4844307748208943,0.3976649173098763,0.11790430786922942,-1.9478992066301464,0.015585166748578303,0.0,0.0,none
lunarlander,dqn,19,406,-0.2922259271144867,0.5816533168156942,0.0843019038438797,-0.03548212619498372,1,main_engine,0.3939344909880721,0.49530666257791073,0.11075884643401707,-0.41297360855628995,0.021010014049984208,0.0,0.0,none
lunarlander,dqn,19,407,-0.29590363303820294,0.5796875953674316,0.06553710997104645,-0.04396231602877378,0,left_thruster,0.505287056930631,0.37082276701578637,0.12389017605358264,-2.053251801070365,0.019532197043375034,0.0,0.0,none
lunarlander,dqn,19,408,-0.2996569126844406,0.57731560866038,0.0790766105055809,-0.030602854304015634,1,main_engine,0.40015786958141797,0.4732888236132397,0.12655330680534224,-1.3070782461415025,0.007608274474437014,0.0,0.0,none
lunarlander,dqn,19,409,-0.30348526934782666,0.5749214092890421,0.07982232421636581,-0.03668078538030386,1,main_engine,0.40307343789818273,0.4805716425642393,0.11635491953757802,1.0538050056445718,0.020705092921019543,0.0,0.0,none
lunarlander,dqn,19,410,-0.3072783102591833,0.5731325149536133,0.059647176414728165,-0.038699939101934436,0,left_thruster,0.5050193255620966,0.3524056781736882,0.14257499626421516,-1.660697410063823,0.01864458799269521,0.0,0.0,none
lunarlander,dqn,19,411,-0.3111349294583003,0.5709493557612101,0.07277768105268478,-0.0262271361425519,1,main_engine,0.40572278170905973,0.4488304319720251,0.14544678631891528,1.5173030974142294,0.021494787233773446,0.0,0.0,none
lunarlander,dqn,19,412,-0.3149241705735525,0.569398045539856,0.05171574652194977,-0.024940325971692802,0,left_thruster,0.49586496384282924,0.31986028699050445,0.18427474916666636,-1.4995995368025956,0.021603737325390244,0.0,0.0,none
lunarlander,dqn,19,413,-0.318784366051356,0.567446231842041,0.06504936516284943,-0.008501792140305043,1,main_engine,0.28354209841747546,0.4600780271724799,0.2563798744100446,0.704776481640688,0.0059298635197800615,0.0,0.0,none
lunarlander,dqn,19,414,-0.32258304456869763,0.565536896387736,0.06363700330257416,-0.004616821743547918,1,main_engine,0.23831463188214758,0.46591262887975277,0.2957727392380996,-0.50468053950333,0.02079613087663635,0.0,0.0,none
lunarlander,dqn,19,415,-0.3264898806810379,0.5642291307449341,0.043585874140262604,-0.008285290002822876,0,left_thruster,0.37745123683521703,0.32337993183611013,0.2991688313286728,-1.0993374740790511,0.020207295874807515,0.0,0.0,none
lunarlander,dqn,19,416,-0.3304529935121536,0.5625252723693848,0.056780990213155746,0.006398521549999713,1,main_engine,0.16353648644394037,0.42872985745266756,0.40773365610339213,1.2171296036503372,0.013996580143102793,0.0,0.0,none
lunarlander,dqn,19,417,-0.33435252805550897,0.5611907243728638,0.0444730669260025,0.011636067926883695,2,right_thruster,0.1637488178383254,0.3548674900398932,0.4813836921217813,0.36909469894608604,0.017187749232204164,0.0,0.0,none
lunarlander,dqn,19,418,-0.3381981949011485,0.5594545602798462,0.05786744877696037,0.0017261819913983335,1,main_engine,0.144160584134201,0.44946526813084076,0.4063741477349583,0.5425471863578366,0.00666327032449889,0.0,0.0,none
lunarlander,dqn,19,419,-0.34200238684813183,0.557843804359436,0.053685955703258514,0.004864314571022987,2,right_thruster,0.12896090042670671,0.4195783031249251,0.4514607964483683,0.35238938086560323,0.021134446645408922,0.0,0.0,none
lunarlander,dqn,19,420,-0.34573423365751904,0.55583123366038,0.06708817929029465,-0.010917577473446727,1,main_engine,0.12862553715990005,0.5358089300511362,0.3355655327889638,0.9573107105151154,0.006184814822413557,0.0,0.0,none
lunarlander,dqn,19,421,-0.3493530054887136,0.5537823836008707,0.06829698383808136,-0.006501988065429032,1,main_engine,0.09474846589788385,0.5384190454147237,0.36683248868739254,2.0587185539439385,0.019420651620890177,0.0,0.0,none
lunarlander,dqn,19,422,-0.3528541326522827,0.552284042040507,0.0499422550201416,-0.0014262890443205835,2,right_thruster,0.12193602360626477,0.41242400601436063,0.4656399703793746,0.15245958675672341,0.02022874690576208,0.0,0.0,none
lunarlander,dqn,19,423,-0.35629093647003174,0.5503890117009481,0.06317253410816193,-0.01621679803356528,1,main_engine,0.1264001919781777,0.5275381360072152,0.3460616720146072,0.990176038434539,0.02140578327454844,0.0,0.0,none
lunarlander,dqn,19,424,-0.3596946845451991,0.5491268237431844,0.04207686334848404,-0.01625696513801813,2,right_thruster,0.19568598160076964,0.3885998732209242,0.4157141451783062,-0.0622229387673076,0.020532417631392658,0.0,0.0,none
lunarlander,dqn,19,425,-0.36304031809171045,0.5474621057510376,0.05550015717744827,-0.031337774358689785,1,main_engine,0.24179620704929783,0.4846869018012565,0.2735168911494458,-1.5354273577135689,0.007763647564853955,0.0,0.0,none
lunarlander,dqn,19,426,-0.36647096276283264,0.5458016395568848,0.05536452680826187,-0.038100122846663,1,main_engine,0.2875620852236141,0.4780032331904018,0.23443468158598413,-1.2118022028351494,0.018785785061658514,0.0,0.0,none
lunarlander,dqn,19,427,-0.37000874678293866,0.5446304480234782,0.03906296566128731,-0.04666033424437046,0,left_thruster,0.4769238288238189,0.3284029139085646,0.19467325726761653,-1.9446529686426937,0.020991994407449185,0.0,0.0,none
lunarlander,dqn,19,428,-0.3736281394958496,0.5430578390757242,0.052429456263780594,-0.03096231985837221,1,main_engine,0.18757974348182188,0.48870445345330543,0.3237158030648727,-0.0952561760472713,0.01839790656814105,0.0,0.0,none
lunarlander,dqn,19,429,-0.3772699336210887,0.5420167843500773,0.034713782370090485,-0.03417034186422825,1,main_engine,0.28304446732315985,0.3682945312941797,0.34866100138266043,-1.7096347294859435,0.014835482133723236,0.0,0.0,none
lunarlander,dqn,19,430,-0.38103071351846063,0.5413400729497274,0.022576553747057915,-0.041797779686748984,0,left_thruster,0.4243958836148873,0.2775198708989065,0.29808424548620616,-1.6244104884223418,0.021337819315606025,0.0,0.0,none
lunarlander,dqn,19,431,-0.38486885527769726,0.5402631759643555,0.035895757377147675,-0.025611047202255578,2,right_thruster,0.1513463610726046,0.3846438646325461,0.46400977429484935,0.14626375757449067,0.020056555678749054,0.0,0.0,none
lunarlander,dqn,19,432,-0.3886468708515167,0.5387919346491495,0.049056924879550934,-0.04019223861396313,1,main_engine,0.19904378151439223,0.48652363847214963,0.31443258001345825,1.0808745578803722,0.005397304393493713,0.0,0.0,none
lunarlander,dqn,19,433,-0.39229147136211395,0.5373516082763672,0.04802364110946655,-0.036627751775085926,1,main_engine,0.15576883004276842,0.4814922812083536,0.36273888874887794,1.498412033222886,0.007668955695179726,0.0,0.0,none
lunarlander,dqn,19,434,-0.3957845767339071,0.5360473791758219,0.04347723722457886,-0.03170430841855705,1,main_engine,0.1223439527074775,0.4421449836707353,0.4355110636217871,-1.4757325963180563,0.007865433773951281,0.0,0.0,none
lunarlander,dqn,19,435,-0.3993806491295497,0.5348644256591797,0.039445292204618454,-0.03729692427441478,1,main_engine,0.15805351823928965,0.42384211086065054,0.41810437090005975,-0.5388663061847752,0.004254115797632179,0.0,0.0,none
lunarlander,dqn,19,436,-0.4029829055070877,0.5336992343266805,0.03885265439748764,-0.03914418164640665,1,main_engine,0.15701345598505845,0.4222658523083206,0.420720691706621,0.7063240635998635,0.020059248760981762,0.0,0.0,none
lunarlander,dqn,19,437,-0.4065223534901937,0.5331258773803711,0.019121723249554634,-0.03868878437206149,2,right_thruster,0.20748622467119462,0.2962040824453367,0.4963096928834687,0.37603883147396,0.024189111289019523,0.0,0.0,none
lunarlander,dqn,19,438,-0.4099837442239126,0.5321518977483114,0.032503798604011536,-0.058515617251396174,1,main_engine,0.34244121687850826,0.36897427863983023,0.2885845044816615,0.21218882741717496,0.0038977080138287933,0.0,0.0,none
lunarlander,dqn,19,439,-0.41336941222349805,0.5312258005142212,0.030908597633242607,-0.05908750686794519,1,main_engine,0.33315941374697217,0.36403425012628926,0.30280633612673863,-1.8360884707451681,0.019689683737235262,0.0,0.0,none
lunarlander,dqn,19,440,-0.4168749849001567,0.5308048327763876,0.01408365461975336,-0.06868639662861824,0,left_thruster,0.5465801182025803,0.22426127057044415,0.2291586112269755,-1.479687799361857,0.016883910413542282,0.0,0.0,none
lunarlander,dqn,19,441,-0.4204375545183818,0.5299899180730184,0.02719140611588955,-0.05869153328239918,1,main_engine,0.298204728273172,0.35285393309486,0.348941338631968,-1.2875552278443934,0.012003174673555264,0.0,0.0,none
lunarlander,dqn,19,442,-0.4240676760673523,0.5294632116953532,0.01759970560669899,-0.06490605510771275,0,left_thruster,0.408389517204615,0.28023239614358686,0.3113780866517982,-1.358716417008427,0.017328422055961714,0.0,0.0,none
lunarlander,dqn,19,443,-0.427752286195755,0.5285391807556152,0.030815230682492256,-0.05436120219528675,2,right_thruster,0.18961305649719806,0.3879640089393767,0.4224229345634253,0.2011200663887928,0.023350817291950918,0.0,0.0,none
lunarlander,dqn,19,444,-0.43136388063430786,0.5272099574406942,0.04435921832919121,-0.0729894232004881,1,main_engine,0.2864977756311998,0.48078101396264045,0.23272121040615978,1.633333368546149,0.01078114645974875,0.0,0.0,none
lunarlander,dqn,19,445,-0.4348063965638479,0.526171604792277,0.034655436873435974,-0.06996607203036546,1,main_engine,0.2842589090949496,0.41215473173250816,0.30358635917254223,0.9586831439884054,0.00463186433757276,0.0,0.0,none
lunarlander,dqn,19,446,-0.4381119211514791,0.5251066287358602,0.03553159907460213,-0.06702909395098686,1,main_engine,0.2264812838412273,0.4286578220425033,0.3448608941162694,0.699340490419811,0.01708425251935987,0.0,0.0,none
lunarlander,dqn,19,447,-0.44134502609570825,0.5245444377263387,0.018769152462482452,-0.06737986654043197,2,right_thruster,0.293815387709154,0.3163019719378862,0.3898826403529598,0.032783381393808216,0.020524114059873134,0.0,0.0,none
lunarlander,dqn,19,448,-0.44452155629793805,0.5235811471939087,0.03217387571930885,-0.08256322517991066,1,main_engine,0.3828736030645707,0.38990715705742574,0.2272192398780035,-0.9316983625856415,0.005897496228950246,0.0,0.0,none
lunarlander,dqn,19,449,-0.44771184523900354,0.5225778818130493,0.033513348549604416,-0.0872324638068676,0,left_thruster,0.4082944642969275,0.39469532122055884,0.19701021448251363,-1.816502694127214,0.019638403150572113,0.0,0.0,none
lunarlander,dqn,19,450,-0.45097485184669495,0.5211776892344157,0.046702198684215546,-0.07312171049416065,1,main_engine,0.16184202030760383,0.5338370685702339,0.30432091112216236,2.0492118459047064,0.012501688402036698,0.0,0.0,none
lunarlander,dqn,19,451,-0.4540596902370453,0.5201075474421183,0.0356789231300354,-0.06821068436838687,1,main_engine,0.15004109978957453,0.43941849670369404,0.4105404035067313,-0.12909893554548146,0.013136513565141072,0.0,0.0,none
lunarlander,dqn,19,452,-0.4571481545766195,0.5194127162297567,0.023176440969109535,-0.07070758766494692,2,right_thruster,0.2011180828553759,0.35808888959561846,0.44079302754900557,-0.036321120100409415,0.01886300920772551,0.0,0.0,none
lunarlander,dqn,19,453,-0.4601871967315674,0.5183124542236328,0.036726824939250946,-0.08342583663761616,1,main_engine,0.2476611746486395,0.46928501554770236,0.2830538098036581,0.9713498598493242,0.018519118553483236,0.0,0.0,none
lunarlander,dqn,19,454,-0.4631351431210836,0.5177600781122843,0.018461009487509727,-0.0839934902265668,2,right_thruster,0.3322293232938065,0.32791436623774517,0.33985631046844833,-0.08216596223873808,0.02058731025135109,0.0,0.0,none
lunarlander,dqn,19,455,-0.46602949500083923,0.5167982975641886,0.032147035002708435,-0.09906756579875946,0,left_thruster,0.41987289513008375,0.40328598219902606,0.17684112267089022,-1.7568955359182554,0.0179688710101486,0.0,0.0,none
lunarlander,dqn,19,456,-0.4689880708853404,0.5154443979263306,0.0451723113656044,-0.08712452240288257,1,main_engine,0.18829453342672675,0.5535487597667004,0.25815670680657293,-0.7595803223036433,0.008433050675673551,0.0,0.0,none
lunarlander,dqn,19,457,-0.47198812166849774,0.5142664909362793,0.03931596502661705,-0.09226570725440979,1,main_engine,0.24689636449626004,0.5079491429857449,0.24515449251799512,0.43283261343971957,0.003565426663506598,0.0,0.0,none
lunarlander,dqn,19,458,-0.47490711013476056,0.513139526049296,0.03761482611298561,-0.09209882356226444,1,main_engine,0.2355050059380329,0.5001375246029742,0.26435746945899286,0.22349872968643922,0.0040533718581025144,0.0,0.0,none
lunarlander,dqn,19,459,-0.4777678847312927,0.5120901266733805,0.035025037825107574,-0.09276029895991086,1,main_engine,0.23727479060210302,0.48360220859228703,0.27912300080561,-0.8493702338981177,0.015259029151452018,0.0,0.0,none
lunarlander,dqn,19,460,-0.4806857307751974,0.5114437341690063,0.021609008312225342,-0.0993872495368123,0,left_thruster,0.37252588399478753,0.3680650572961598,0.2594090587090526,-1.3752319130093928,0.01683946698449298,0.0,0.0,none
lunarlander,dqn,19,461,-0.4836539427439372,0.5103952487309774,0.03497236222028732,-0.08963641282171012,1,main_engine,0.17554899923857673,0.4879585024062825,0.3364924983551407,0.40771105247757305,0.006243155464633881,0.0,0.0,none
lunarlander,dqn,19,462,-0.48656269907951355,0.5095102389653524,0.029520127922296524,-0.08955878801643849,1,main_engine,0.1809943161543087,0.44557242032405797,0.3734332635216333,1.917171343975484,0.011321946712706457,0.0,0.0,none
lunarlander,dqn,19,463,-0.489291250705719,0.5089158217112223,0.01981409080326557,-0.08444205126725138,2,right_thruster,0.15701348837301984,0.3575135841909313,0.48547292743604886,0.11595205121059621,0.01986735583708489,0.0,0.0,none
lunarlander,dqn,19,464,-0.4919626812140147,0.5079083442687988,0.033632081001996994,-0.0984285956248641,1,main_engine,0.213918136831807,0.4925090956728229,0.29357276749537004,1.3999489357211574,0.012500460993986594,0.0,0.0,none
lunarlander,dqn,19,465,-0.49450154105822247,0.5072636604309082,0.021529149264097214,-0.09672004599124193,1,main_engine,0.2371165393843189,0.39832132270084847,0.36456213791483266,-0.684550626420463,0.015537537764284648,0.0,0.0,none
lunarlander,dqn,19,466,-0.49707015355428064,0.5070507129033407,0.0071526444517076015,-0.10201986413449049,0,left_thruster,0.357435243610714,0.2927602425558541,0.34980451383343186,-1.2833165946705607,0.018475062388884158,0.0,0.0,none
lunarlander,dqn,19,467,-0.49969901641209924,0.5064487457275391,0.020062504336237907,-0.08908192907401827,2,right_thruster,0.14450948922757736,0.3702220372243251,0.4852684735480976,0.16274542419438148,0.020876648938852743,0.0,0.0,none
lunarlander,dqn,19,468,-0.5022650460402172,0.5054325262705485,0.033932559192180634,-0.10443897433578968,1,main_engine,0.21536623883357564,0.4990291032594596,0.28560465790696477,-1.243744167848464,0.010796781923450285,0.0,0.0,none
lunarlander,dqn,19,469,-0.5049096544583639,0.5046364863713583,0.026614395901560783,-0.11188124231994152,1,main_engine,0.3207289219114035,0.4303204461440962,0.24895063194450034,-1.3254475038341844,0.012055383334498838,0.0,0.0,none
lunarlander,dqn,19,470,-0.5076264341672262,0.5040974617004395,0.0180711280554533,-0.11992321982979774,0,left_thruster,0.4649915465153182,0.33580612899342394,0.19920232449125783,-1.5564633114872504,0.017516920095447978,0.0,0.0,none
lunarlander,dqn,19,471,-0.5104035635789236,0.5031736294428507,0.030841954052448273,-0.10829641548916698,1,main_engine,0.22245529404548034,0.478941992248229,0.2986027137062906,-1.0159854893861155,0.0054575938925900585,0.0,0.0,none
lunarlander,dqn,19,472,-0.5132199823856354,0.5022490421930949,0.03087856061756611,-0.11287865452468396,1,main_engine,0.25374147062078745,0.4766154105110117,0.2696431188682009,1.0195979029011117,0.006452792022357643,0.0,0.0,none
lunarlander,dqn,19,473,-0.515915205081304,0.501492977142334,0.025248678401112556,-0.11142707215622068,1,main_engine,0.24890647117235476,0.4379573850326994,0.31313614379494586,-0.5418626412255652,0.016719302918893123,0.0,0.0,none
lunarlander,dqn,19,474,-0.5186319847901663,0.5012030601501465,0.009731244295835495,-0.11701986975967885,0,left_thruster,0.38444510336441534,0.3156309106418752,0.2999239859937094,-1.4549989984727016,0.02010769033826225,0.0,0.0,none
lunarlander,dqn,19,475,-0.5214185516039531,0.5005147059758505,0.02293485775589943,-0.102128764486406,2,right_thruster,0.14192875654424106,0.41095245660939334,0.4471187868463655,0.09122589951247732,0.019815520314256665,0.0,0.0,none
lunarlander,dqn,19,476,-0.5241473515828451,0.4994159936904907,0.03668012470006943,-0.11609547361731529,1,main_engine,0.197186868350324,0.5298638144191428,0.2729493172305332,2.2640635507653557,0.013664670172042571,0.0,0.0,none
lunarlander,dqn,19,477,-0.5266758302847545,0.49869823455810547,0.02395634911954403,-0.11186222862452269,1,main_engine,0.19685962750672936,0.4331517077506241,0.3699886647426465,-0.2762904505733411,0.017630242716710265,0.0,0.0,none
lunarlander,dqn,19,478,-0.5292090276877086,0.4984857638676961,0.007128371857106686,-0.11646466348320246,2,right_thruster,0.3075424800560526,0.3136106046094739,0.37884691533447346,0.1087508643196827,0.019832237285041802,0.0,0.0,none
lunarlander,dqn,19,479,-0.5316878855228424,0.4978727499643962,0.02054540626704693,-0.13084452096372842,0,left_thruster,0.412719940671052,0.37490377748436576,0.21237628184458224,-1.766742369533208,0.02025017222726723,0.0,0.0,none
lunarlander,dqn,19,480,-0.5342418452103933,0.49686336517333984,0.03366996347904205,-0.11566974236629904,1,main_engine,0.15782792876642673,0.5089464391829589,0.33322563205061434,0.11967485088891863,0.019089266277959316,0.0,0.0,none
lunarlander,dqn,19,481,-0.5367906391620636,0.4964066743850708,0.015266308560967445,-0.1200287165120244,1,main_engine,0.2616158643389036,0.37395486348380136,0.364429272177295,-0.4173258111121504,0.008436692711366382,0.0,0.0,none
lunarlander,dqn,19,482,-0.5393339196840923,0.49616805712382,0.008008127100765705,-0.12348868353292346,2,right_thruster,0.32344972215954015,0.32153919805157466,0.35501107978888513,0.1804417606272659,0.02220330701711516,0.0,0.0,none
lunarlander,dqn,19,483,-0.5418134232362112,0.4955151478449504,0.02189689129590988,-0.1406209584325552,0,left_thruster,0.4601702005940923,0.36793643934473047,0.17189336006117725,-1.546946487096468,0.016156089436379674,0.0,0.0,none
lunarlander,dqn,19,484,-0.5443449318408966,0.49447691440582275,0.03467905521392822,-0.1311262732371688,1,main_engine,0.24326276269439717,0.5259122986016572,0.23082493870394571,1.973383144669442,0.007554007481325355,0.0,0.0,none
lunarlander,dqn,19,485,-0.546679844458898,0.49360620975494385,0.02906542271375656,-0.12672852203249932,1,main_engine,0.21421612105491178,0.4871908566605367,0.2985930222845514,1.5515667555808306,0.01752016114393396,0.0,0.0,none
lunarlander,dqn,19,486,-0.5488812923431396,0.4932560125986735,0.011706198565661907,-0.12592579377815127,2,right_thruster,0.26808173519141953,0.35360274286398186,0.3783155219445986,0.3425125240526347,0.024712799523911443,0.0,0.0,none
lunarlander,dqn,19,487,-0.5510032176971436,0.4924914439519246,0.025619350373744965,-0.14622504338622094,0,left_thruster,0.433803388029688,0.4102626836098603,0.15593392836045167,-1.8216775925703825,0.01875045196961789,0.0,0.0,none
lunarlander,dqn,19,488,-0.5531930426756542,0.4913344383239746,0.03861524164676666,-0.13293774630874394,1,main_engine,0.19106798625737986,0.5779098854301523,0.23102212831246774,-1.1247747991536075,0.007394309243195739,0.0,0.0,none
lunarlander,dqn,19,489,-0.5554509162902832,0.4902610778808594,0.03585426136851311,-0.1393254455178976,1,main_engine,0.2506932150823245,0.5500031817559833,0.19930360316169227,-0.6008911918788875,0.006641740012585782,0.0,0.0,none
lunarlander,dqn,19,490,-0.5577269196510315,0.489296833674113,0.03223683685064316,-0.14431713782250882,1,main_engine,0.31116507393860465,0.5092204777283619,0.17961444833303344,-0.7520967942610901,0.005827603828525695,0.0,0.0,none
lunarlander,dqn,19,491,-0.5600202083587646,0.48837578296661377,0.030813468620181084,-0.14939921237528325,1,main_engine,0.36418073130193157,0.48175303177703044,0.1540662369210379,1.8898677791496084,0.02003006794811322,0.0,0.0,none
lunarlander,dqn,19,492,-0.5621470014254253,0.4880518118540446,0.010899405926465988,-0.14947352930903435,0,left_thruster,0.49217131568164796,0.3172295053329385,0.1905991789854136,-1.5922559489787762,0.020561836777578855,0.0,0.0,none
lunarlander,dqn,19,493,-0.5643481512864431,0.4873337745666504,0.023932572454214096,-0.13373932886315743,1,main_engine,0.20586848190511706,0.47205988106333024,0.3220716370315526,0.23977926200774277,0.005683463909907719,0.0,0.0,none
lunarlander,dqn,19,494,-0.5665074288845062,0.48677043120066327,0.018783750012516975,-0.13464019177481532,1,main_engine,0.22525762620106826,0.43218931008469064,0.3425530637142411,1.1405970414223703,0.004834266275786675,0.0,0.0,none
lunarlander,dqn,19,495,-0.5685415863990784,0.48630324999491376,0.015559794381260872,-0.13170417654328048,1,main_engine,0.19821548769978165,0.4048017431611329,0.3969827691390855,-0.5919920859033869,0.022288843540763086,0.0,0.0,none
lunarlander,dqn,19,496,-0.5706001321474712,0.48647860685984295,-0.0058206855319440365,-0.13765390464104713,2,right_thruster,0.34774547208776707,0.25264422776995327,0.3996103001422796,0.435591018108181,0.02043217339451199,0.0,0.0,none
lunarlander,dqn,19,497,-0.5726011594136556,0.4862384796142578,0.008108687587082386,-0.15246553868055343,0,left_thruster,0.47048018193308483,0.31995716434849797,0.20956265371841715,-1.5001021885201067,0.01979013982682512,0.0,0.0,none
lunarlander,dqn,19,498,-0.5746722718079885,0.48561640580495197,0.02073950134217739,-0.13738456736318766,1,main_engine,0.2044738687049569,0.4602742371786662,0.33525189411637685,1.5185944142218364,0.006090313974701823,0.0,0.0,none
lunarlander,dqn,19,499,-0.5765903492768606,0.4851192633310954,0.016557347029447556,-0.13342535812407733,2,right_thruster,0.15930222661444826,0.41947497840884024,0.4212227949767115,0.026670840234760365,0.019469147209534413,0.0,0.0,none
lunarlander,dqn,19,500,-0.5784529447555542,0.48420631885528564,0.030493486672639847,-0.14686146527528762,1,main_engine,0.2414796323027672,0.5444049176283744,0.2141154500688584,0.15415055810927017,0.0056893463696332785,0.0,0.0,none
lunarlander,dqn,19,501,-0.5802785356839498,0.4834354321161906,0.02576390467584133,-0.14932574359700085,1,main_engine,0.28194386714169795,0.5025138441424064,0.21554228871589554,-0.32254632228449165,0.02297569641340029,0.0,0.0,none
lunarlander,dqn,19,502,-0.582129955291748,0.4833097457885742,0.004298014100641012,-0.15730412788689135,0,left_thruster,0.49523750211081236,0.3003331898665796,0.20442930802260817,-1.3568762871507158,0.01833147751620932,0.0,0.0,none
lunarlander,dqn,19,503,-0.5840432643890381,0.4827917019526164,0.017286041751503944,-0.14452034579589962,1,main_engine,0.24724250267519754,0.4460822331055296,0.3066752642192728,1.9278919875142924,0.019672684390737223,0.0,0.0,none
lunarlander,dqn,19,504,-0.5857755740483602,0.48285667101542157,-0.002160615287721157,-0.1421043732378166,2,right_thruster,0.2842915932739442,0.2964668522370772,0.41924155448897854,0.6007507199150052,0.022899890298889437,0.0,0.0,none
lunarlander,dqn,19,505,-0.5874343713124593,0.4825076262156169,0.01174746360629797,-0.16021781787276268,0,left_thruster,0.4623733754194965,0.36141236335062765,0.17621426122987574,-1.4706485663197133,0.017781439401159692,0.0,0.0,none
lunarlander,dqn,19,506,-0.5891518791516622,0.4817761580149333,0.02440623566508293,-0.14787074541673065,1,main_engine,0.23304329120710182,0.5153907791311887,0.2515659296617093,-0.09802607626628854,0.013959924840403901,0.0,0.0,none
lunarlander,dqn,19,507,-0.5908758441607158,0.48143331209818524,0.011479548178613186,-0.15283971447497607,1,main_engine,0.3424802325473372,0.39881764609280845,0.25870212135985443,1.1530913930716586,0.007772199038192553,0.0,0.0,none
lunarlander,dqn,19,508,-0.5924685299396515,0.4813143809636434,0.003999058622866869,-0.15146183157339693,0,left_thruster,0.3478314714802961,0.34559099759010414,0.3065775309295998,-1.2193858357577472,0.019480236475212798,0.0,0.0,none
lunarlander,dqn,19,509,-0.5941235522429149,0.4807995955149333,0.01710684970021248,-0.13715584250167012,2,right_thruster,0.10000217183214737,0.4306903355209289,0.46930749264692384,0.19536967884865475,0.02116735340065443,0.0,0.0,none
lunarlander,dqn,19,510,-0.5957082907358806,0.4798755645751953,0.030846934765577316,-0.15315276980400086,1,main_engine,0.20681732778660536,0.6235421742979865,0.1696404979154082,-0.12552447761370217,0.002727969304196082,0.0,0.0,none
lunarlander,dqn,19,511,-0.5972664058208466,0.4789590040842692,0.030609596520662308,-0.15518197687342764,1,main_engine,0.21308397593504108,0.634152344121178,0.15276367994378096,0.8949089767365922,0.010119309440327271,0.0,0.0,none
lunarlander,dqn,19,512,-0.5987516542275747,0.47833776473999023,0.020765764638781548,-0.15688711507245898,1,main_engine,0.285012843131112,0.5241488602729026,0.1908382965959854,1.0191098012010855,0.007119510011318196,0.0,0.0,none
lunarlander,dqn,19,513,-0.6001310547192892,0.4779255787531535,0.013794261030852795,-0.15677346102893353,1,main_engine,0.32392722422718667,0.4416612278851537,0.2344115478876595,1.567484075652286,0.015944007776255154,0.0,0.0,none
lunarlander,dqn,19,514,-0.6013549367586772,0.4779889186223348,-0.002073231851682067,-0.1558079795911908,0,left_thruster,0.38698552308330364,0.3107144567178067,0.30230002019888974,-0.9138949177693088,0.01710123985970492,0.0,0.0,none
lunarlander,dqn,19,515,-0.6026270985603333,0.477666179339091,0.010723274201154709,-0.14453947120346128,2,right_thruster,0.15048383687804193,0.4151617285835752,0.4343544345383829,0.08018077398004265,0.02056322343757367,0.0,0.0,none
lunarlander,dqn,19,516,-0.6038366754849752,0.47692469755808514,0.024778833612799644,-0.15948184505105018,1,main_engine,0.2485708776440952,0.6016738093560391,0.14975531299986566,1.2341844178211239,0.0189761315635565,0.0,0.0,none
lunarlander,dqn,19,517,-0.6049654384454092,0.47674445311228436,0.006081821862608194,-0.16251643346622585,0,left_thruster,0.4104658032909389,0.37877982363431273,0.21075437307474842,-1.5793818981395031,0.02177016828302449,0.0,0.0,none
lunarlander,dqn,19,518,-0.6061716874440511,0.47617987791697186,0.018772849813103676,-0.14487828575074674,1,main_engine,0.10793062404174812,0.4827418892222491,0.40932748673600283,-0.8843433650106863,0.005519139167486221,0.0,0.0,none
lunarlander,dqn,19,519,-0.6074409683545431,0.4757006565729777,0.015960289165377617,-0.14942907388322055,1,main_engine,0.15912338537412637,0.4791057885919378,0.3617708260339358,1.1865677579654539,0.018970910186638643,0.0,0.0,none
lunarlander,dqn,19,520,-0.6086050967375438,0.47578946749369305,-0.002967074979096651,-0.14996501938439905,2,right_thruster,0.2381616701042704,0.3248201150929491,0.4370182148027806,0.5036970220296177,0.020191779693171066,0.0,0.0,none
lunarlander,dqn,19,521,-0.6097069382667542,0.4754739999771118,0.010605885647237301,-0.16487035844475031,1,main_engine,0.3694671870392653,0.4582019568174285,0.1723308561433062,0.15368043125431655,0.007146742507517643,0.0,0.0,none
lunarlander,dqn,19,522,-0.6107611457506816,0.4753509759902954,0.004199075512588024,-0.16785401795059443,0,left_thruster,0.44621724062851337,0.38489522031113665,0.16888753906035012,-1.3307823855061542,0.017531918777743474,0.0,0.0,none
lunarlander,dqn,19,523,-0.6118709842363994,0.47484485308329266,0.01687539927661419,-0.1558044914039783,1,main_engine,0.2058090968110529,0.5267280795063083,0.26746282368263885,2.8942858515058947,0.020137473576968407,0.0,0.0,none
lunarlander,dqn,19,524,-0.6127398212750753,0.47492388884226483,-0.0026602663565427065,-0.1509967387188226,2,right_thruster,0.2169088841669316,0.3335301501855956,0.44956096564747283,0.5400023504277754,0.02192867603953334,0.0,0.0,none
lunarlander,dqn,19,525,-0.6135398149490356,0.4745827913284302,0.011461119167506695,-0.167750752158463,1,main_engine,0.36427780463842646,0.4882894739378545,0.14743272142371913,-1.3393063893698827,0.008744009162230159,0.0,0.0,none
lunarlander,dqn,19,526,-0.6144194801648458,0.47434139251708984,0.008177733048796654,-0.17580339070409537,0,left_thruster,0.4610822918704272,0.4416493456746868,0.09726836245488603,-1.6914912482921125,0.018152437579000726,0.0,0.0,none
lunarlander,dqn,19,527,-0.6153612832228343,0.47370636463165283,0.02120167575776577,-0.16320983469486236,1,main_engine,0.23493985435244047,0.6132540642592966,0.15180608138826288,2.817010721016306,0.010622904339256585,0.0,0.0,none
lunarlander,dqn,19,528,-0.6160715222358704,0.47333888212839764,0.012238276191055775,-0.1575650067999959,1,main_engine,0.22097699362038428,0.4927093291706023,0.2863136772090134,1.237770607351372,0.0035585327704830156,0.0,0.0,none
lunarlander,dqn,19,529,-0.6166558464368185,0.4730205535888672,0.010583791881799698,-0.15448554754257202,1,main_engine,0.1808536953220641,0.4545204725404745,0.36462583213746147,1.2953245828679893,0.020375710860355226,0.0,0.0,none
lunarlander,dqn,19,530,-0.6171026825904846,0.47331297397613525,-0.009773608297109604,-0.1538068143185228,2,right_thruster,0.2556997803882098,0.2898342474942532,0.45446597211753703,1.2057507602373367,0.023393291210285664,0.0,0.0,none
lunarlander,dqn,19,531,-0.6174706419308981,0.4731915394465129,0.004145178012549877,-0.17260477486997844,0,left_thruster,0.4468715861671159,0.41616482415523964,0.13696358967764458,-1.9209186304123722,0.019284319315088342,0.0,0.0,none
lunarlander,dqn,19,532,-0.6179046134154003,0.47268354892730713,0.016923505812883377,-0.15817726904060692,1,main_engine,0.18239662094350825,0.5611657152898155,0.25643766376667637,-0.46148300677841403,0.0066248427736786695,0.0,0.0,none
lunarlander,dqn,19,533,-0.6183906396230062,0.47229909896850586,0.012839719653129578,-0.16335676796734333,1,main_engine,0.2764052856784861,0.5260379252847293,0.1975567890367847,0.010401854182060232,0.009115052488695966,0.0,0.0,none
lunarlander,dqn,19,534,-0.6188821295897167,0.47215298811594647,0.004925024230033159,-0.16784885739907623,1,main_engine,0.3800663302281752,0.43604251154342744,0.18389115822839727,0.6036145179066511,0.012748123310789125,0.0,0.0,none
lunarlander,dqn,19,535,-0.6192699571450552,0.47238771120707196,-0.007769539952278137,-0.1689245818182826,0,left_thruster,0.4858212992445371,0.29116812713561685,0.22301057361984616,-0.7296250016629398,0.01897357313769325,0.0,0.0,none
lunarlander,dqn,19,536,-0.6197185814380646,0.47223198413848877,0.005142855457961559,-0.15503066200762988,1,main_engine,0.18741016245362113,0.4127124882314213,0.3998773493149576,2.2364603622306163,0.010934777448792912,0.0,0.0,none
lunarlander,dqn,19,537,-0.6199589371681213,0.47234944502512616,-0.003996088169515133,-0.1490325373597443,2,right_thruster,0.13479201156997508,0.31673965675290483,0.5484683316771201,0.26920260213057073,0.022471403747315277,0.0,0.0,none
lunarlander,dqn,19,538,-0.6201228002707164,0.4720478057861328,0.01010225247591734,-0.1665277635678649,1,main_engine,0.31595722860660835,0.5039841759803185,0.180058595413073,-0.7936316761540951,0.007266997916677902,0.0,0.0,none
lunarlander,dqn,19,539,-0.6203591823577881,0.47181959946950275,0.007691499311476946,-0.17337535973638296,1,main_engine,0.3955818006128377,0.47701531805434705,0.1274028813328152,-1.1712952465894386,0.022665866756836364,0.0,0.0,none
lunarlander,dqn,19,540,-0.6205771863460541,0.47223854064941406,-0.013839389197528362,-0.1804421354085207,0,left_thruster,0.6586534923950003,0.22562927284522866,0.11571723475977096,0.30817486186984294,0.017098141968556444,0.0,0.0,none
lunarlander,dqn,19,541,-0.6208501259485881,0.47226754824320477,-0.0009309015586040914,-0.1692331181373447,0,left_thruster,0.4305739194098613,0.3733591742901452,0.19606690629999335,-1.409373510913494,0.01799633972095067,0.0,0.0,none
lunarlander,dqn,19,542,-0.6211766600608826,0.4719001849492391,0.012189509347081184,-0.15692533683031798,1,main_engine,0.1681686670168337,0.501389027649544,0.3304423053336223,1.268610846597237,0.005509558841899309,0.0,0.0,none
lunarlander,dqn,19,543,-0.6214108566443126,0.47168970108032227,0.006954072043299675,-0.1552382436580956,1,main_engine,0.16987978069907209,0.4299465111297651,0.4001737081711629,0.6658792759188861,0.004450898493561946,0.0,0.0,none
lunarlander,dqn,19,544,-0.6215938925743103,0.47161293029785156,0.002509451238438487,-0.15510999625548721,2,right_thruster,0.1838895239597379,0.3926917859068078,0.4234186901334543,-1.3363298398024943,0.02074499222383641,0.0,0.0,none
lunarlander,dqn,19,545,-0.6217127044995626,0.47111539045969647,0.01664176769554615,-0.1702879629097879,1,main_engine,0.2784381234773563,0.5972008957637662,0.12436098075887746,2.2653658421507137,0.017879420784633192,0.0,0.0,none
lunarlander,dqn,19,546,-0.6216429670651754,0.4711514711380005,-0.00116491480730474,-0.16867874548770487,0,left_thruster,0.41745515036515274,0.3764666016713915,0.2060782479634557,-1.280981830725878,0.02069453402880354,0.0,0.0,none
lunarlander,dqn,19,547,-0.621642569700877,0.4707963864008586,0.011759002692997456,-0.15251984670758248,1,main_engine,0.11734742202703444,0.4566141631772656,0.42603841479569987,0.5946514855944661,0.005478893959682696,0.0,0.0,none
lunarlander,dqn,19,548,-0.6215525666872661,0.4705939292907715,0.0066686165519058704,-0.15050560776144267,2,right_thruster,0.11193268500022602,0.40521417753623495,0.482853137463539,-2.9473762467450686,0.020944899768932025,0.0,0.0,none
lunarlander,dqn,19,549,-0.6213915844758352,0.4699830214182536,0.020403679460287094,-0.16630553654395044,1,main_engine,0.21617441844760116,0.6421360353161313,0.14168954623626764,-0.6437165442037861,0.008877582943991604,0.0,0.0,none
lunarlander,dqn,19,550,-0.6210373342037201,0.4696084260940552,0.012492630630731583,-0.1623104182188399,1,main_engine,0.22905398232777285,0.5402355195641069,0.23071049810812025,-2.0946237884630046,0.005637919126861231,0.0,0.0,none
lunarlander,dqn,19,551,-0.6205081442991893,0.4691920280456543,0.013844248838722706,-0.15687849121168257,1,main_engine,0.15655309051889535,0.5276783404205128,0.3157685690605919,-1.3231387195958133,0.003155603399610413,0.0,0.0,none
lunarlander,dqn,19,552,-0.6198714176813762,0.46876060962677,0.01433221809566021,-0.1538572040386498,1,main_engine,0.12635413624889927,0.5062062017018216,0.36743966204927914,-2.757540218912638,0.01946780882749107,0.0,0.0,none
lunarlander,dqn,19,553,-0.6189624468485515,0.4688689311345418,-0.003699399996548891,-0.1465758327394724,2,right_thruster,0.10630073604207946,0.30467655093247004,0.5890227130254505,-1.097352167291931,0.02034634833720199,0.0,0.0,none
lunarlander,dqn,19,554,-0.6179886062939962,0.46855688095092773,0.010419861413538456,-0.1611900247167796,1,main_engine,0.25288999831354325,0.503682521300758,0.24342748038569864,-1.0601586127384712,0.006201449385867266,0.0,0.0,none
lunarlander,dqn,19,555,-0.6169329583644867,0.46842793623606366,0.004312701523303986,-0.16136193536221982,1,main_engine,0.3136147851326582,0.42222254370354223,0.26416267116379943,-0.6703719666160055,0.0022298879868833206,0.0,0.0,none
lunarlander,dqn,19,556,-0.6158437331517538,0.4682476917902629,0.006029868498444557,-0.16225906321778893,1,main_engine,0.32480692057038285,0.4414539535745251,0.23373912585509193,-0.24249007671692424,0.006100863253895246,0.0,0.0,none
lunarlander,dqn,19,557,-0.6147576868534088,0.4682095448176066,0.0013175068888813257,-0.1659783680923283,0,left_thruster,0.4053036252019351,0.3870223548639489,0.20767401993411594,0.7488721174081422,0.018638331508939128,0.0,0.0,none
lunarlander,dqn,19,558,-0.6137293577194214,0.46778595447540283,0.014067218638956547,-0.15242863148450853,1,main_engine,0.14767478914758161,0.48978573563936345,0.36253947521305485,-1.318082031027043,0.006709286366301441,0.0,0.0,none
lunarlander,dqn,19,559,-0.6125754117965698,0.4675365686416626,0.0082468893378973,-0.1493070123717189,2,right_thruster,0.1375616233870006,0.4164572348015394,0.4459811418114601,-1.370871305343777,0.019467197666906293,0.0,0.0,none
lunarlander,dqn,19,560,-0.6113632520039877,0.46686820189158124,0.022309355437755585,-0.16269741142168642,1,main_engine,0.22749758172763293,0.6320781759919798,0.14042424228038733,-0.435289100632142,0.0029142961164346642,0.0,0.0,none
lunarlander,dqn,19,561,-0.6101396183172862,0.46616097291310626,0.023615224286913872,-0.1648861042223871,1,main_engine,0.23539170204928148,0.6478580398677779,0.11675025808294058,0.058010105015855525,0.007614566212306526,0.0,0.0,none
lunarlander,dqn,19,562,-0.6089200576146444,0.46563700834910077,0.017532160505652428,-0.1692697199061513,1,main_engine,0.3227540258404141,0.5718505352964594,0.10539543886312643,0.1911639474223557,0.005969087431169236,0.0,0.0,none
lunarlander,dqn,19,563,-0.6077476839224498,0.465134064356486,0.016862092539668083,-0.1750622669234872,1,main_engine,0.37809497890023275,0.5488714395376084,0.07303358156215883,0.2522689612811803,0.013984941480812243,0.0,0.0,none
lunarlander,dqn,19,564,-0.6066107253233592,0.46497849623362225,0.005328943952918053,-0.1828883895650506,0,left_thruster,0.5734315269270598,0.3724961831562404,0.05407228991669983,0.5114852043468329,0.0180172002265382,0.0,0.0,none
lunarlander,dqn,19,565,-0.6055352588494619,0.46443386872609455,0.01819109544157982,-0.17032927670516074,1,main_engine,0.34145694324386094,0.5668397300790546,0.09170332667708445,-0.7688066889630727,0.006415701460863849,0.0,0.0,none
lunarlander,dqn,19,566,-0.6043925881385803,0.4640744129816691,0.012022082693874836,-0.17162140756845473,1,main_engine,0.4207624983177894,0.48261641339999584,0.09662108828221484,-2.072071871334708,0.018202603974675838,0.0,0.0,none
lunarlander,dqn,19,567,-0.603084961573283,0.46425894896189374,-0.006119237747043371,-0.17092617857269943,0,left_thruster,0.5842079569270204,0.269545063192199,0.14624697988078061,1.1741742389848695,0.01985222256478365,0.0,0.0,none
lunarlander,dqn,19,568,-0.6018410623073578,0.46405382951100665,0.006760341580957174,-0.1558716836385429,1,main_engine,0.3210809713883523,0.39887897908437625,0.2800400495272714,-1.7534479259030855,0.0063964393817251015,0.0,0.0,none
lunarlander,dqn,19,569,-0.600442538658778,0.4639577070871989,0.0031034802086651325,-0.15081434305757285,1,main_engine,0.2669183176705507,0.36755106870068927,0.3655306136287601,0.014917360010634878,0.0016372281954541367,0.0,0.0,none
lunarlander,dqn,19,570,-0.599050372838974,0.4638632933298747,0.0030645604711025953,-0.15166989071294665,1,main_engine,0.29754202278161757,0.36277485104158536,0.33968312617679697,0.25759256405516684,0.008860565105491974,0.0,0.0,none
lunarlander,dqn,19,571,-0.5976971487204235,0.4640037616093953,-0.004728336818516254,-0.15566105833277105,0,left_thruster,0.40083441231628303,0.29219254880414014,0.3069730388795768,1.4900954466548648,0.023254324330022943,0.0,0.0,none
lunarlander,dqn,19,572,-0.596420019865036,0.4637511173884074,0.00825273897498846,-0.13641111329197883,2,right_thruster,0.0823228290062504,0.34916786122543125,0.5685093097683184,-1.4150708123073197,0.020941195182700777,0.0,0.0,none
lunarlander,dqn,19,573,-0.5950682858626049,0.46307984987894696,0.022332558408379555,-0.15183883365243672,1,main_engine,0.21389912394773902,0.5643967779669791,0.2217040980852819,-0.8049435400640415,0.017637438971597395,0.0,0.0,none
lunarlander,dqn,19,574,-0.593609760204951,0.46293604373931885,0.004756435286253691,-0.15173313515260817,1,main_engine,0.32359189903937785,0.3649681709304047,0.3114399300302175,-1.5004786262704477,0.01156904131973681,0.0,0.0,none
lunarlander,dqn,19,575,-0.5920365452766418,0.4631330569585164,-0.006608502473682165,-0.15026103211566805,2,right_thruster,0.3555068669452849,0.27789011012388454,0.3666030229308305,-0.7526142026245168,0.018441616614109264,0.0,0.0,none
lunarlander,dqn,19,576,-0.590410977602005,0.462918480237325,0.007192797493189573,-0.16238245237618684,0,left_thruster,0.45859840941678315,0.37674093478857945,0.16466065579463735,1.0838855580233713,0.021962816411322868,0.0,0.0,none
lunarlander,dqn,19,577,-0.5888607104619344,0.462324062983195,0.01973622478544712,-0.14443054227158428,1,main_engine,0.1737349978848671,0.48824914340812997,0.33801585870700285,-1.7342908535877837,0.01060674233097082,0.0,0.0,none
lunarlander,dqn,19,578,-0.5871298412481945,0.46199238300323486,0.01094872783869505,-0.13875806834548712,2,right_thruster,0.14062714733828358,0.3940617215131541,0.4653111311485623,-0.9621329022423425,0.017404744397331664,0.0,0.0,none
lunarlander,dqn,19,579,-0.5853493014971416,0.4612470865249634,0.02481638267636299,-0.14909670888446272,1,main_engine,0.22608558150060767,0.5595757266427513,0.21433869185664098,-2.2394146658281406,0.009341748636071174,0.0,0.0,none
lunarlander,dqn,19,580,-0.5833482245604198,0.4606771469116211,0.018929000943899155,-0.14214848149567844,1,main_engine,0.1805755453813821,0.47136527513637855,0.34805917948223936,-0.6812085107326346,0.0055012858238637045,0.0,0.0,none
lunarlander,dqn,19,581,-0.5812748273213705,0.46025335788726807,0.014060146175324917,-0.14070632141083478,1,main_engine,0.19181508367965225,0.4249633770287922,0.3832215392915554,0.7469926234563808,0.005210464760926983,0.0,0.0,none
lunarlander,dqn,19,582,-0.5792687833309174,0.4598986705144246,0.011790710501372814,-0.14493108047172426,1,main_engine,0.2755955415066226,0.4035241113683467,0.3208803471250307,-0.9545246629936708,0.008509630409442585,0.0,0.0,none
lunarlander,dqn,19,583,-0.5771787464618683,0.4597902297973633,0.0035779380705207586,-0.14416677346453072,2,right_thruster,0.30653531629730485,0.334950487687906,0.3585141960147891,-1.1931098829741769,0.021190739445949423,0.0,0.0,none
lunarlander,dqn,19,584,-0.5750201642513275,0.4592742919921875,0.017272282391786575,-0.16018509743735193,1,main_engine,0.4347453312886242,0.44459516715583086,0.120659501555545,-2.404273885940646,0.013926365099684071,0.0,0.0,none
lunarlander,dqn,19,585,-0.5726531147956848,0.45915699005126953,0.003951756749302149,-0.15688501279801131,0,left_thruster,0.5143037289510113,0.28970363941598404,0.19599263163300476,1.4046499677859356,0.02308096526542637,0.0,0.0,none
lunarlander,dqn,19,586,-0.5703675250212352,0.45865031083424884,0.016805682331323624,-0.1378580080345273,1,main_engine,0.21132022974457126,0.43171942781750583,0.3569603424379229,1.105476957572266,0.005510127747189775,0.0,0.0,none
lunarlander,dqn,19,587,-0.568179190158844,0.45816898345947266,0.01600242778658867,-0.1428274953737855,1,main_engine,0.28199545575647883,0.42086499237075675,0.29713955187276453,-0.9989204550819023,0.016820900847606183,0.0,0.0,none
lunarlander,dqn,19,588,-0.5658959348996481,0.4581877787907918,-0.0006626853137277067,-0.14277179227210582,0,left_thruster,0.37077531696070415,0.28765957580220436,0.3415651072370915,1.210646180556007,0.019929780717785308,0.0,0.0,none
lunarlander,dqn,19,589,-0.5636706451574962,0.45782482624053955,0.011973966844379902,-0.12752621807157993,2,right_thruster,0.12856629217925494,0.3606267308905843,0.5108069769301607,-1.0296094152056288,0.01915838671899222,0.0,0.0,none
lunarlander,dqn,19,590,-0.5613821744918823,0.45704929033915204,0.0258235651999712,-0.1405413574539125,1,main_engine,0.24340899679312125,0.49450619123979156,0.2620848119670872,0.07140370300158339,0.00815682293762076,0.0,0.0,none
lunarlander,dqn,19,591,-0.5590857068697612,0.4564971923828125,0.01838858798146248,-0.1429238558281213,1,main_engine,0.31815944045441164,0.42262462528187705,0.25921593426371126,-0.10719511664756282,0.011091779541291117,0.0,0.0,none
lunarlander,dqn,19,592,-0.5567759772141775,0.4562585751215617,0.00796417985111475,-0.14591843413654715,0,left_thruster,0.4301199941137854,0.32325288848580763,0.24662711740040702,1.3346925564272465,0.02288609977457207,0.0,0.0,none
lunarlander,dqn,19,593,-0.5545433362325033,0.45564091205596924,0.020482705906033516,-0.1269001830369234,1,main_engine,0.14607880579218444,0.4298165245371406,0.4241046696706751,0.630812320588293,0.003034567653308024,0.0,0.0,none
lunarlander,dqn,19,594,-0.5523596207300823,0.4550165335337321,0.020734187215566635,-0.12889690436422824,1,main_engine,0.18581384434812956,0.4377435134337273,0.37644264221814305,-0.18614550811172648,0.02153550985354026,0.0,0.0,none
lunarlander,dqn,19,595,-0.550136963526408,0.45503262678782147,-0.0005929764593020082,-0.13089435528963805,2,right_thruster,0.3093931778910905,0.27360363030924145,0.4170031917996681,-1.117846354141933,0.021746988813411337,0.0,0.0,none
lunarlander,dqn,19,596,-0.54784228404363,0.454633633295695,0.013345856219530106,-0.14742359351366757,0,left_thruster,0.4791914257794492,0.3313809166638763,0.1894276575566746,1.1332957759598026,0.021889353974204443,0.0,0.0,none
lunarlander,dqn,19,597,-0.5456231534481049,0.4538532495498657,0.025949029251933098,-0.12968182619661092,1,main_engine,0.20260865603622757,0.476052516645805,0.32133882731796737,-1.4704432587466545,0.0074734952024515435,0.0,0.0,none
lunarlander,dqn,19,598,-0.54325004418691,0.4532095988591512,0.021368933841586113,-0.1243124758824706,1,main_engine,0.18244946231925677,0.4288677124742426,0.3886828252065005,-1.2900085819892935,0.010649441142202551,0.0,0.0,none
lunarlander,dqn,19,599,-0.540734479824702,0.4528418779373169,0.012156606651842594,-0.11961350347846747,2,right_thruster,0.17449940816323956,0.34507976667787893,0.4804208251588815,-0.810881708104215,0.0175437375329599,0.0,0.0,none
