env,policy,seed,t,q,mu,sigma,rho,a,action_label,p0,p1,p2,r,state_delta,intervention_active,intervention_start,intervention_name
lunarlander,ppo,17,0,-0.0055379866777608795,0.9482440948486328,-0.2543414831161499,0.06107473615556955,2,right_thruster,0.4045836311329861,0.019908895826509405,0.5755074730405044,0.7636847296419796,0.01848454989272698,0.0,0.0,none
lunarlander,ppo,17,1,-0.011007388432820639,0.9554909865061442,-0.24154192209243774,0.05130652096122503,0,left_thruster,0.4138797141508732,0.020213194875029945,0.5659070909740969,-1.212706535285215,0.028792385124750103,0.0,0.0,none
lunarlander,ppo,17,2,-0.016552925420304142,0.9623298645019531,-0.2279197722673416,0.07509549409151077,0,left_thruster,0.3620331609955691,0.020751331988695172,0.6172155070157357,-1.3472717259715217,0.028750213270661625,0.0,0.0,none
lunarlander,ppo,17,3,-0.022165377934773765,0.9687623977661133,-0.21433232724666595,0.0989508707076311,2,right_thruster,0.312962284383757,0.02116662619352812,0.6658710894227149,0.4590313556560284,0.016559120576161202,0.0,0.0,none
lunarlander,ppo,17,4,-0.02771417299906413,0.9747989972432455,-0.2011292576789856,0.09323652312159539,0,left_thruster,0.31445808933758784,0.021645718026550655,0.6638961926358615,-1.2589389866587863,0.026182820855810463,0.0,0.0,none
lunarlander,ppo,17,5,-0.03331859906514486,0.9804404576619467,-0.1879117637872696,0.11439313665032386,1,main_engine,0.27331299166707507,0.02198963389097711,0.7046973744419478,-3.9992963565740953,0.012300931179398074,0.0,0.0,none
lunarlander,ppo,17,6,-0.039038658142089844,0.9863066673278809,-0.1953866332769394,0.11971363872289657,2,right_thruster,0.26447830049448906,0.021019075112923367,0.7145026243925875,0.7448301904805998,0.018195770008540585,0.0,0.0,none
lunarlander,ppo,17,7,-0.04468162854512533,0.9917763868967692,-0.18219073116779327,0.10995693504810333,2,right_thruster,0.27181276803895943,0.021575604256383035,0.7066116277046575,1.062575826249689,0.0200493257410942,0.0,0.0,none
lunarlander,ppo,17,8,-0.05024305855234464,0.9968501726786295,-0.16903604567050934,0.09683226719498635,0,left_thruster,0.284626749578637,0.02219922430440512,0.6931740261169579,-1.2426639597912152,0.02672543626751706,0.0,0.0,none
lunarlander,ppo,17,9,-0.05587872117757797,1.0,-0.1554839313030243,0.11894350945949554,0,left_thruster,0.2448058967492894,0.022657545073125236,0.7325365581775853,-1.2980014412227092,0.02557610565892478,0.0,0.0,none
lunarlander,ppo,17,10,-0.06157501290241878,1.0,-0.14200839400291443,0.13992205411195754,2,right_thruster,0.2107601230063893,0.023254464734115986,0.7659854122594947,0.4740058497684731,0.015431799992205803,0.0,0.0,none
lunarlander,ppo,17,11,-0.06721345707774162,1.0,-0.12892024219036102,0.13400186151266097,2,right_thruster,0.21253220923117727,0.024261545466253868,0.7632062453025688,0.7498122221226958,0.016899043626254797,0.0,0.0,none
lunarlander,ppo,17,12,-0.07278744131326675,1.0,-0.11594308167695999,0.12472276240587235,0,left_thruster,0.21872180520284967,0.0253757886368961,0.7559024061602542,-1.273899957264689,0.024844378741654478,0.0,0.0,none
lunarlander,ppo,17,13,-0.07842580477396648,1.0,-0.10238893330097198,0.14476614221930503,0,left_thruster,0.18843066330614425,0.02603191309415893,0.7855374235996969,-1.296212679901489,0.024242112930513798,0.0,0.0,none
lunarlander,ppo,17,14,-0.08411582559347153,1.0,-0.0885884240269661,0.16386718004941941,0,left_thruster,0.16256585083088185,0.02667894240469854,0.8107552067644197,-1.8501991701433917,0.029621305509783216,0.0,0.0,none
lunarlander,ppo,17,15,-0.08987688769896826,1.0,-0.07460424304008484,0.18933627083897592,2,right_thruster,0.13430597743410103,0.02713237549168129,0.8385616470742177,0.19209035434944666,0.01502123466810623,0.0,0.0,none
lunarlander,ppo,17,16,-0.09557763735453288,1.0,-0.06144746392965317,0.18485987633466722,2,right_thruster,0.1341017908605811,0.028346010388784267,0.8375521987506347,0.4529928912040111,0.016149889291528618,0.0,0.0,none
lunarlander,ppo,17,17,-0.10121202717224757,1.0,-0.04859890416264534,0.1768606834113598,2,right_thruster,0.13701044820194444,0.029707580656272367,0.8332819711417832,0.5911890022851559,0.016919744950758,0.0,0.0,none
lunarlander,ppo,17,18,-0.10678211847941081,1.0,-0.035812053829431534,0.16728214956820012,2,right_thruster,0.14143946289367426,0.031195329216354123,0.8273652078899716,0.6716682057614991,0.017375390031742807,0.0,0.0,none
lunarlander,ppo,17,19,-0.11229260514179866,1.0,-0.0230752844363451,0.1568268436938524,0,left_thruster,0.146871378002534,0.032797663886541005,0.820330958110925,-1.436707108129075,0.023660442812934012,0.0,0.0,none
lunarlander,ppo,17,20,-0.1178684209783872,1.0,-0.009307416155934334,0.17524348385632038,2,right_thruster,0.1266551249076553,0.03359080930748097,0.8397540657848639,0.5194240287929699,0.0170494170489468,0.0,0.0,none
lunarlander,ppo,17,21,-0.12338701635599136,1.0,0.003873042529448867,0.1659427722916007,0,left_thruster,0.13047713513221407,0.03536713809545884,0.8341557267723271,-1.7143928036092324,0.025742601711242992,0.0,0.0,none
lunarlander,ppo,17,22,-0.12897825489441556,1.0,0.01797376200556755,0.18674155361950398,2,right_thruster,0.11065013943271668,0.03614472516946754,0.8532051353978158,0.4048306148337383,0.01703041554850137,0.0,0.0,none
lunarlander,ppo,17,23,-0.13451019922892254,1.0,0.03112400695681572,0.1774408169090748,2,right_thruster,0.11397983573571527,0.03809083851074222,0.8479293257535424,0.7391031830686166,0.019734998126258726,0.0,0.0,none
lunarlander,ppo,17,24,-0.1399720460176468,1.0,0.04397816210985184,0.16349775139242412,2,right_thruster,0.12105789967357232,0.040334231997187116,0.8386078683292405,0.749134855404186,0.017826117375452855,0.0,0.0,none
lunarlander,ppo,17,25,-0.1453661173582077,1.0,0.05686042085289955,0.1524197612889111,2,right_thruster,0.12625827273026463,0.042595324260985966,0.8311464030087494,0.9402954309550636,0.02431075104398741,0.0,0.0,none
lunarlander,ppo,17,26,-0.15069914360841116,1.0,0.06985410302877426,0.13257698751986027,2,right_thruster,0.13934919856623024,0.04545868474903328,0.8151921166847365,0.9166892299576056,0.021641097144750373,0.0,0.0,none
lunarlander,ppo,17,27,-0.1559762905041377,1.0,0.08290329575538635,0.11613900177180767,2,right_thruster,0.1504575472765098,0.04834497274618247,0.8011974799773076,1.37510893040455,0.026759227545743138,0.0,0.0,none
lunarlander,ppo,17,28,-0.1611785839001338,1.0,0.09570253640413284,0.09322237372398376,0,left_thruster,0.16937174676521277,0.051695627265049504,0.7789326259697378,-0.8265476381550673,0.016499555309998828,0.0,0.0,none
lunarlander,ppo,17,29,-0.16643984864155453,1.0,0.1094076931476593,0.10075384750962257,2,right_thruster,0.15664667327323092,0.05380337282535596,0.7895499539014131,1.2244426332881175,0.025977750953793382,0.0,0.0,none
lunarlander,ppo,17,30,-0.17163236935933432,1.0,0.12214279174804688,0.07871527820825577,2,right_thruster,0.17533299081169273,0.057488763274398474,0.7671782459139087,1.2628597399238606,0.02666266244640659,0.0,0.0,none
lunarlander,ppo,17,31,-0.17676102618376416,1.0,0.13520127534866333,0.05604215636849404,2,right_thruster,0.19671004671766346,0.061451893774945365,0.7418380595073912,1.1613993138012961,0.025407092056496248,0.0,0.0,none
lunarlander,ppo,17,32,-0.1818403353293737,0.9989548524220785,0.14823172986507416,0.03485640957951547,2,right_thruster,0.21834401927757283,0.0657374133661614,0.7159185673562658,1.4433373615399865,0.029466123934585857,0.0,0.0,none
lunarlander,ppo,17,33,-0.18685853729645413,0.9941015243530273,0.16134361922740936,0.009408547729253772,0,left_thruster,0.24836634561134732,0.0713665534749062,0.6802671009137465,-0.49481707920590456,0.016004705055526494,0.0,0.0,none
lunarlander,ppo,17,34,-0.19193974634011587,0.9888339837392172,0.1752554327249527,0.012416264414787298,2,right_thruster,0.23742027868141022,0.0765644496578717,0.6860152716607181,1.2227413427473743,0.027703721685377745,0.0,0.0,none
lunarlander,ppo,17,35,-0.1969689130783081,0.9831739266713461,0.1883407086133957,-0.010798881202936164,2,right_thruster,0.2657361055873748,0.083106853535464,0.6511570408771611,1.7437231290512067,0.034821261843803235,0.0,0.0,none
lunarlander,ppo,17,36,-0.20191884289185208,0.9771184126536051,0.2015201598405838,-0.042066296935081474,0,left_thruster,0.30979927849481825,0.09011052471630267,0.600090196788879,-0.43590490272501486,0.0162117037524656,0.0,0.0,none
lunarlander,ppo,17,37,-0.20694255828857422,0.9706582228342692,0.21511612832546234,-0.038750092685222615,2,right_thruster,0.29638094616397,0.09736526980892747,0.6062537840271025,1.4975757434536285,0.0318892835901189,0.0,0.0,none
lunarlander,ppo,17,38,-0.21190211176872253,0.9638090133666992,0.22810806334018707,-0.0666181243956089,0,left_thruster,0.3367424007168065,0.1051444774725043,0.5581131218106892,-0.10041958328894907,0.016079523574275976,0.0,0.0,none
lunarlander,ppo,17,39,-0.21691436568895978,0.9565614859263102,0.24146978557109833,-0.06815634220838546,2,right_thruster,0.3309017289625861,0.11396742027718613,0.5551308507602277,1.32198467022376,0.03043641057851889,0.0,0.0,none
lunarlander,ppo,17,40,-0.22187205652395886,0.9489174683888754,0.2547297775745392,-0.09399309894070029,2,right_thruster,0.3687209358966753,0.12275799331639642,0.5085210707869282,-0.30044370473670146,0.037370198115709984,0.0,0.0,none
lunarlander,ppo,17,41,-0.22674938042958578,0.940879742304484,0.26793211698532104,-0.12766558937728406,2,right_thruster,0.4224676622335695,0.1305332710974574,0.4469990666689731,-1.9056201719293473,0.03774694102552632,0.0,0.0,none
lunarlander,ppo,17,42,-0.23155542711416882,0.9324425856272379,0.2813591957092285,-0.16158109344542027,2,right_thruster,0.4768653565135764,0.13718258917947546,0.3859520543069482,-2.247445368766439,0.03608049568802942,0.0,0.0,none
lunarlander,ppo,17,43,-0.23630658785502118,0.9236130714416504,0.2945871949195862,-0.19361682906746863,0,left_thruster,0.5262338623956732,0.1427443713772037,0.33102176622712315,-3.2547929116640284,0.017237012040940452,0.0,0.0,none
lunarlander,ppo,17,44,-0.24112418293952942,0.9143953323364258,0.30761879682540894,-0.19798901379108427,0,left_thruster,0.5221246300949027,0.15497938403437803,0.32289598587071927,-2.9278919179814418,0.018001038455999513,0.0,0.0,none
lunarlander,ppo,17,45,-0.24599341054757437,0.9047855536142985,0.32075974345207214,-0.20393003076314925,0,left_thruster,0.5200420915603717,0.16798874833809374,0.31196916010153447,-2.865689193223734,0.017120634089302176,0.0,0.0,none
lunarlander,ppo,17,46,-0.2509398013353348,0.894791046778361,0.33360305428504944,-0.2019784852862358,1,main_engine,0.5027537232583581,0.1844902290293849,0.31275604771225707,1.5317018558803193,0.018060848933604223,0.0,0.0,none
lunarlander,ppo,17,47,-0.2557796736558279,0.8850283622741699,0.32593849301338196,-0.21417333632707597,2,right_thruster,0.5261664424877027,0.18081019246892385,0.29302336504337334,-1.8136785054487292,0.03262618340513602,0.0,0.0,none
lunarlander,ppo,17,48,-0.26056453585624695,0.8748650550842285,0.33942726254463196,-0.24167484939098358,2,right_thruster,0.5600998063018316,0.18777314629030306,0.2521270474078653,-1.947750544058415,0.03670405018314803,0.0,0.0,none
lunarlander,ppo,17,49,-0.2652827401955923,0.864297072092692,0.3530978262424469,-0.2737116917967796,1,main_engine,0.5980783572544269,0.1918921220375276,0.2100295207080455,-0.31250073866840467,0.021111702164290667,0.0,0.0,none
lunarlander,ppo,17,50,-0.2699451148509979,0.8537305196126302,0.35316190123558044,-0.2913839891552925,0,left_thruster,0.6206803115126034,0.1904894388893682,0.18883024959802852,-2.833818169712223,0.017563580984565345,0.0,0.0,none
lunarlander,ppo,17,51,-0.27467402319113415,0.8427790006001791,0.3659730553627014,-0.29281764328479765,2,right_thruster,0.6063753844349282,0.20821861932853142,0.1854059962365403,-2.045191033804108,0.03603867013237728,0.0,0.0,none
lunarlander,ppo,17,52,-0.27934273084004724,0.8314129511515299,0.3799983859062195,-0.3236574217677116,1,main_engine,0.6344669333377946,0.2116721699494391,0.15386089671276637,2.5886272917350723,0.02799765772461048,0.0,0.0,none
lunarlander,ppo,17,53,-0.28391214708487195,0.8205258051554362,0.36416128277778625,-0.34349792301654813,0,left_thruster,0.6694036507910133,0.19421557817661106,0.13638077103237578,-2.7250028999422113,0.01779923863212117,0.0,0.0,none
lunarlander,ppo,17,54,-0.2885377903779348,0.8092621167500814,0.3766768276691437,-0.34694854319095614,2,right_thruster,0.6569467518792629,0.21081045434227497,0.13224279377846215,-2.0893762168301597,0.03663747352773685,0.0,0.0,none
lunarlander,ppo,17,55,-0.2931011964877447,0.7975874741872152,0.39061853289604187,-0.3784256994724273,2,right_thruster,0.678845275463681,0.2121945180972898,0.10896020643902911,-2.3992931083523885,0.0358767875638066,0.0,0.0,none
lunarlander,ppo,17,56,-0.2976170430580775,0.78549591700236,0.4047587513923645,-0.40876708179712296,0,left_thruster,0.6955323371575177,0.2140854845720674,0.09038217827041493,-2.816352919696786,0.018503244844717034,0.0,0.0,none
lunarlander,ppo,17,57,-0.30219698945681256,0.773027499516805,0.4172525107860565,-0.41190375238656995,0,left_thruster,0.6798980014677768,0.23260552406674775,0.08749647446547554,-2.587379942666773,0.018461416281687966,0.0,0.0,none
lunarlander,ppo,17,58,-0.30685211221377057,0.7601863543192545,0.42952632904052734,-0.410003200173378,0,left_thruster,0.6570566058849573,0.25603316032967754,0.08691023378536518,-2.277432748549031,0.019085370979862414,0.0,0.0,none
lunarlander,ppo,17,59,-0.31155956288178766,0.7469591299692789,0.44229856133461,-0.4120036780834198,1,main_engine,0.6370071411650848,0.2787696466474754,0.08422321218743983,2.5817613463854605,0.016996160649020462,0.0,0.0,none
lunarlander,ppo,17,60,-0.31599844495455426,0.7338830629984537,0.43724769353866577,-0.420528407394886,1,main_engine,0.6430683669334483,0.2775708261844594,0.07936080688209246,4.3934670837494405,0.023769999962578177,0.0,0.0,none
lunarlander,ppo,17,61,-0.3201634933551153,0.7212810516357422,0.4214878976345062,-0.43238097727298735,0,left_thruster,0.6640155372816545,0.2621392584919145,0.07384520422643095,-1.9923721864765276,0.01836237614788357,0.0,0.0,none
lunarlander,ppo,17,62,-0.3243742386500041,0.7083061536153158,0.43378007411956787,-0.4323509693145752,1,main_engine,0.6418377145370006,0.28584833992629727,0.07231394553670212,2.981026385148456,0.025992670925764808,0.0,0.0,none
lunarlander,ppo,17,63,-0.3284964462121328,0.6957407792409261,0.4202694892883301,-0.4501891814172268,1,main_engine,0.667088288615561,0.26769803837495826,0.06521367300948062,3.4193971493096607,0.02103496189331685,0.0,0.0,none
lunarlander,ppo,17,64,-0.33238204816977185,0.6835221449534098,0.4087573289871216,-0.4622534617781639,0,left_thruster,0.6829254561614223,0.2564568898065286,0.06061765403204924,-2.0014266767376863,0.018652811622522067,0.0,0.0,none
lunarlander,ppo,17,65,-0.33633088072141015,0.6709399223327637,0.4206407964229584,-0.4565258987247944,0,left_thruster,0.6554004656549978,0.28336651866489276,0.06123301568010953,-1.747496289815881,0.019692556317559045,0.0,0.0,none
lunarlander,ppo,17,66,-0.3403431673844656,0.657992959022522,0.4325428903102875,-0.4486256055533886,0,left_thruster,0.623426391319694,0.3142597334859848,0.06231387519432116,-1.4981300793327819,0.020632961994117224,0.0,0.0,none
lunarlander,ppo,17,67,-0.34441662331422174,0.644678513209025,0.4445286691188812,-0.4392345078289509,1,main_engine,0.5875685288561067,0.34883598333711574,0.06359548780677773,1.859302958011318,0.016126254995277627,0.0,0.0,none
lunarlander,ppo,17,68,-0.34837856888771057,0.6314473152160645,0.4418029189109802,-0.4470999240875244,0,left_thruster,0.5894218878033971,0.3504783671646926,0.06009974503191037,-1.361302310837782,0.021141057430614257,0.0,0.0,none
lunarlander,ppo,17,69,-0.35239915053049725,0.617838978767395,0.4541229009628296,-0.43741434440016747,0,left_thruster,0.5511936382417887,0.38775535281258455,0.06105100894562674,-1.0354134308543916,0.02233180196498918,0.0,0.0,none
lunarlander,ppo,17,70,-0.3564745932817459,0.6038662989934286,0.46600329875946045,-0.4253428691998124,1,main_engine,0.5089615920756129,0.42866013956461635,0.06237826835977081,2.2376877745647334,0.01456776333738385,0.0,0.0,none
lunarlander,ppo,17,71,-0.3603829195102056,0.5899171829223633,0.46520885825157166,-0.42666034400463104,0,left_thruster,0.49942255694605503,0.44006208444411526,0.06051535860982959,-0.8896053450928275,0.024762142653859856,0.0,0.0,none
lunarlander,ppo,17,72,-0.3643558919429779,0.5755979617436727,0.4772489368915558,-0.41093216515146197,0,left_thruster,0.4513238406237208,0.48638806015568103,0.06228809922059808,-0.6873721447839398,0.02368093743782591,0.0,0.0,none
lunarlander,ppo,17,73,-0.36837769051392877,0.560895840326945,0.4898006021976471,-0.39785870891064407,1,main_engine,0.40619148686736184,0.531010714767273,0.06279779836536518,4.4059954966926105,0.01728774286983309,0.0,0.0,none
lunarlander,ppo,17,74,-0.3721410781145096,0.5464386145273844,0.4816220700740814,-0.3948916899040341,1,main_engine,0.39983341534314576,0.5377105133974264,0.062456071259427884,1.9033150596628114,0.015202971351066852,0.0,0.0,none
lunarlander,ppo,17,75,-0.3758690009514491,0.5320160786310831,0.4805455803871155,-0.39773150635883214,0,left_thruster,0.3926936020557358,0.5474181924323871,0.059888205511877166,-0.5276361486705184,0.024751998148618365,0.0,0.0,none
lunarlander,ppo,17,76,-0.3796444336573283,0.51722518603007,0.49260205030441284,-0.38242534585297105,1,main_engine,0.34727643898085836,0.5923443658535792,0.06037919516556245,5.251157882741398,0.019353232349570836,0.0,0.0,none
lunarlander,ppo,17,77,-0.38309593995412194,0.5027604103088379,0.4816887080669403,-0.3765683900564909,0,left_thruster,0.3408965744024465,0.5981418995609595,0.06096152603659399,-0.3523761205456481,0.02695598282956644,0.0,0.0,none
lunarlander,ppo,17,78,-0.3865999480088552,0.48793009916941327,0.49362799525260925,-0.35781039893627165,0,left_thruster,0.29451335772819637,0.6437098432882978,0.061776798983505805,-0.17293453752601634,0.03167991590912977,0.0,0.0,none
lunarlander,ppo,17,79,-0.3901741405328115,0.47273723284403485,0.5054091811180115,-0.33288605958223344,1,main_engine,0.24538908795728398,0.6910757552379885,0.06353515680472747,3.1310242129670054,0.016421779209689236,0.0,0.0,none
lunarlander,ppo,17,80,-0.393666351834933,0.45765570799509686,0.5017796754837036,-0.328780747205019,1,main_engine,0.2351180035775445,0.7024583670962768,0.06242362932617871,2.240321811064655,0.016752312297775535,0.0,0.0,none
lunarlander,ppo,17,81,-0.39706503351529443,0.44253913561503094,0.5029829144477844,-0.3225253187119961,0,left_thruster,0.21900584738551723,0.7199372476572911,0.06105690495719152,-0.15558487311806515,0.028667460480867324,0.0,0.0,none
lunarlander,ppo,17,82,-0.4005143543084463,0.42703906695048016,0.515583872795105,-0.3022549167275429,1,main_engine,0.18267280380361428,0.7565188962637754,0.06080829993261016,5.1358761986202355,0.020579563602520022,0.0,0.0,none
lunarlander,ppo,17,83,-0.40377750992774963,0.4118947188059489,0.5037843585014343,-0.2955998107790947,1,main_engine,0.17825123964684803,0.7603882827249809,0.06136047762817105,3.5093462254314116,0.019540576643438314,0.0,0.0,none
lunarlander,ppo,17,84,-0.4068176696697871,0.39682189623514813,0.5013778805732727,-0.28378412425518035,1,main_engine,0.16357942118123253,0.7749258824927702,0.06149469632599747,6.680862229926445,0.026504247294482735,0.0,0.0,none
lunarlander,ppo,17,85,-0.40943933029969537,0.38220783074696857,0.48601844906806946,-0.2680959448218346,0,left_thruster,0.15540282655335075,0.7799814963612223,0.0646156770854271,-0.05023389497492303,0.0330552326106199,0.0,0.0,none
lunarlander,ppo,17,86,-0.41212613383928937,0.36721527576446533,0.49844130873680115,-0.24151916280388833,0,left_thruster,0.12477958419802758,0.8099931217208006,0.06522729408117163,0.23871095764815775,0.03398602225247725,0.0,0.0,none
lunarlander,ppo,17,87,-0.41486985981464386,0.35185523827870685,0.5105270147323608,-0.21385101079940796,1,main_engine,0.0993661064766582,0.8347998030295396,0.0658340904938022,6.216363481577437,0.02518175043438648,0.0,0.0,none
lunarlander,ppo,17,88,-0.41741440693537396,0.3369753360748291,0.4946064054965973,-0.20149105340242385,1,main_engine,0.09590255863993756,0.8357157273812593,0.0683817139788033,6.734345555428602,0.029298385285938863,0.0,0.0,none
lunarlander,ppo,17,89,-0.4195887843767802,0.3225664297739665,0.47889444231987,-0.1815114364027977,1,main_engine,0.08917929792699882,0.8379757977374102,0.07284490433559086,3.4828983507555384,0.019434240572338463,0.0,0.0,none
lunarlander,ppo,17,90,-0.421686073144277,0.3082919716835022,0.4745037853717804,-0.16925366073846818,1,main_engine,0.08228200310167075,0.8443936241749747,0.0733243727233545,4.388368550037498,0.025590657064914153,0.0,0.0,none
lunarlander,ppo,17,91,-0.42350540558497113,0.29419366518656415,0.46863213181495667,-0.14880046546459197,1,main_engine,0.07340585878783061,0.8504936448488758,0.0761004963632937,2.558229782730415,0.021753913735358836,0.0,0.0,none
lunarlander,ppo,17,92,-0.42520999908447266,0.2800712585449219,0.46949347853660583,-0.13236444294452668,1,main_engine,0.06504328931208815,0.8585020758701328,0.07645463481777913,4.985317082943496,0.025513766912546053,0.0,0.0,none
lunarlander,ppo,17,93,-0.42668739954630536,0.2662583390871684,0.4592188894748688,-0.11359197199344635,2,right_thruster,0.05971813135736953,0.8603428956139729,0.07993897302865749,-0.1226980312246701,0.020253992837152825,0.0,0.0,none
lunarlander,ppo,17,94,-0.42811249693234765,0.2520261804262797,0.47339051961898804,-0.11140019595623017,1,main_engine,0.05389322943390352,0.872269586143956,0.07383718442214056,5.799428216648113,0.02854671923996855,0.0,0.0,none
lunarlander,ppo,17,95,-0.42924890915552777,0.23824520905812582,0.45836639404296875,-0.09145065397024155,1,main_engine,0.05024185524934923,0.8712454805123894,0.0785126642382614,4.46120513765175,0.02263463612937258,0.0,0.0,none
lunarlander,ppo,17,96,-0.43026357889175415,0.22477799654006958,0.4479784071445465,-0.07655028104782105,1,main_engine,0.0471890373009027,0.8716570355535446,0.08115392714555279,5.093933694108029,0.02258328324579147,0.0,0.0,none
lunarlander,ppo,17,97,-0.4312418897946676,0.2117646336555481,0.4329513907432556,-0.06587841361761093,1,main_engine,0.046125594701719556,0.8698859153903945,0.08398848990788589,5.435475776778487,0.023325442904577675,0.0,0.0,none
lunarlander,ppo,17,98,-0.43223510185877484,0.1992966334025065,0.4148794114589691,-0.05806545317173005,1,main_engine,0.04631681035799089,0.8666283750345907,0.08705481460741855,4.6197166431296575,0.02485470159377955,0.0,0.0,none
lunarlander,ppo,17,99,-0.4330258071422577,0.18719172477722168,0.40281182527542114,-0.04003837555646897,1,main_engine,0.04333110093773754,0.8649641770463217,0.09170472201594085,2.1057201429009833,0.01716713601307975,0.0,0.0,none
lunarlander,ppo,17,100,-0.43380786975224817,0.1751304268836975,0.40143251419067383,-0.027925509214401248,1,main_engine,0.040032117110247206,0.8679840130822916,0.09198386980746144,2.8465529695842737,0.02158181803260458,0.0,0.0,none
lunarlander,ppo,17,101,-0.4344506065050761,0.16319494446118674,0.3972855508327484,-0.010440981388092047,1,main_engine,0.03651812899642457,0.8688742668578493,0.09460760414572614,2.2748230879978633,0.017687814728619123,0.0,0.0,none
lunarlander,ppo,17,102,-0.43508008122444153,0.15133700768152872,0.3947736918926239,0.0024253487586975014,1,main_engine,0.033868496669583366,0.8706413741211564,0.09549012920926024,3.9390665159343374,0.018579280693683205,0.0,0.0,none
lunarlander,ppo,17,103,-0.43578838308652246,0.13985066612561545,0.38247472047805786,0.010266728699207306,1,main_engine,0.03337153519626,0.8689809659904129,0.0976474988133271,2.8479938744271704,0.016130247869139105,0.0,0.0,none
lunarlander,ppo,17,104,-0.43655256430308026,0.12858548760414124,0.3751758933067322,0.01917873173952102,1,main_engine,0.032142838653519065,0.8689804433788537,0.09887671796762731,2.202271899662851,0.014691703547044709,0.0,0.0,none
lunarlander,ppo,17,105,-0.4373853405316671,0.11746564507484436,0.37039580941200256,0.027464414387941352,1,main_engine,0.030779128457130253,0.8699340830123055,0.09928678853056429,2.538435603196467,0.014629013789533374,0.0,0.0,none
lunarlander,ppo,17,106,-0.43832768996556604,0.10657788316408794,0.36272141337394714,0.033437713980674744,1,main_engine,0.030114604475177685,0.8700062167130411,0.09987917881178121,1.8018420118695382,0.013833829180589141,0.0,0.0,none
lunarlander,ppo,17,107,-0.43933620055516565,0.09581623474756877,0.35856789350509644,0.04100692346692085,1,main_engine,0.02889979666294871,0.8710502194413711,0.10004998389568019,4.023814258341659,0.02203781312320094,0.0,0.0,none
lunarlander,ppo,17,108,-0.4402632017930349,0.08547649780909221,0.3445422947406769,0.054467172175645825,1,main_engine,0.028050288732134915,0.8669210383785844,0.1050286728892807,2.3068846089502575,0.014206332713987243,0.0,0.0,none
lunarlander,ppo,17,109,-0.44129669666290283,0.07537704209486644,0.3365776240825653,0.060409965552389616,1,main_engine,0.02753735271056319,0.8664455258930597,0.10601712139637703,3.0355709347838036,0.018085065710307494,0.0,0.0,none
lunarlander,ppo,17,110,-0.442315936088562,0.06559715668360393,0.3259632885456085,0.07125987224280833,1,main_engine,0.026744586066830542,0.863705480519045,0.10954993341412443,1.319876232279634,0.0167077987607967,0.0,0.0,none
lunarlander,ppo,17,111,-0.4433699448903402,0.05612955490748087,0.31559106707572937,0.0802499302662909,2,right_thruster,0.026181271847317934,0.8612332738120544,0.11258545434062771,-3.3141319176764648,0.01679107979141475,0.0,0.0,none
lunarlander,ppo,17,112,-0.4443737864494324,0.04625960191090902,0.32903432846069336,0.07857798114418983,1,main_engine,0.02464508974866719,0.8705762776905859,0.10477863256074689,-1.1173507310013708,0.010767692699593016,0.0,0.0,none
lunarlander,ppo,17,113,-0.445492962996165,0.03642850617567698,0.3277606964111328,0.08262990266084672,1,main_engine,0.023855874841586286,0.8727735473178548,0.10337057784055875,-0.25875553973681065,0.012314634425589286,0.0,0.0,none
lunarlander,ppo,17,114,-0.44669295350710553,0.026761012772719067,0.32232606410980225,0.08784666284918785,1,main_engine,0.023326036451437885,0.873089695774523,0.10358426777403913,0.6865105657896964,0.018065686885282088,0.0,0.0,none
lunarlander,ppo,17,115,-0.4477999111016592,0.01734910657008489,0.31383582949638367,0.1006714679300785,1,main_engine,0.022360240422794792,0.8704330515345271,0.10720670804267804,2.406600708815324,0.022703657041741526,0.0,0.0,none
lunarlander,ppo,17,116,-0.448974072933197,0.00852766695121924,0.29417458176612854,0.10772093087434768,2,right_thruster,0.02282856401256825,0.8646258044376556,0.1125456315497761,-3.012659021538532,0.019498592990209177,0.0,0.0,none
lunarlander,ppo,17,117,-0.45006801684697473,-0.0006874974351376295,0.30727678537368774,0.09665696136653423,1,main_engine,0.02241961242719796,0.8753785553044156,0.10220183226838646,1.186063981315632,0.016332556237130477,0.0,0.0,none
lunarlander,ppo,17,118,-0.45133690039316815,-0.009491914262374243,0.2935803532600403,0.09647718518972397,1,main_engine,0.023101379380269346,0.8736014315748817,0.10329718904484916,10.794953775843048,0.15928303033014032,0.0,0.0,none
lunarlander,ppo,17,119,-0.45255561669667566,-0.01804508517185847,0.28522586822509766,0.25530616343021395,1,main_engine,0.01299080395745092,0.8233285855070108,0.16368061053553828,1.8773921376134957,0.15670117284546548,0.0,0.0,none
lunarlander,ppo,17,120,-0.45390789707501733,-0.02567848563194275,0.2553005516529083,0.4089278921484947,1,main_engine,0.00884787488209836,0.740735916082955,0.2504162090349466,-1.848143629791913,0.17890228076242556,0.0,0.0,none
lunarlander,ppo,17,121,-0.45522039135297143,-0.03271512438853582,0.2361537367105484,0.5866585552692413,1,main_engine,0.00612096634880489,0.6386147152968967,0.35526431835429845,7.243896386174768,0.3485423833328572,0.0,0.0,none
lunarlander,ppo,17,122,-0.45660580197970074,-0.03884665419658025,0.2077942192554474,0.9339883923530579,2,right_thruster,0.0038532036709301156,0.45865661572338784,0.537490180605682,0.8398378801174886,0.06815208978567146,0.0,0.0,none
lunarlander,ppo,17,123,-0.45753613114356995,-0.04412097235520681,0.18095824122428894,0.9964051663875579,2,right_thruster,0.0036994490755931707,0.42155201247478497,0.5747485384496218,-0.3237288004012629,0.02311171941284785,0.0,0.0,none
lunarlander,ppo,17,124,-0.45823216438293457,-0.048712700605392456,0.15860515832901,1.0,2,right_thruster,0.0037457288166234323,0.40960715904790546,0.5866471121354712,-5.70912852393559,0.004721331386016378,0.0,0.0,none
lunarlander,ppo,17,125,-0.4589502016703288,-0.05323838690916697,0.1574678122997284,1.0,1,main_engine,0.003741155546732278,0.4117845382998838,0.5844743061533839,2.307296110397123,0.037992710230144194,0.0,0.0,none
lunarlander,ppo,17,126,-0.4595290621121725,-0.05660084883371989,0.11962861567735672,1.0,1,main_engine,0.0038501036003849793,0.39093390847472503,0.6052159879248901,20.277744685636744,0.38781102971151243,0.0,0.0,none
lunarlander,ppo,17,127,-0.46010255813598633,-0.057429095109303795,0.025939788669347763,0.6236772879958152,2,right_thruster,0.00783249158047249,0.48467308998915865,0.5074944184303688,5.305490709840839,0.01569252006167201,0.0,0.0,none
lunarlander,ppo,17,128,-0.46044066548347473,-0.057787363727887474,0.01044445764273405,0.6212468087673186,1,main_engine,0.008071963265710764,0.4739748279721515,0.5179532087621378,-4.494741781943423,0.04797516441176163,0.0,0.0,none
lunarlander,ppo,17,129,-0.4610340793927511,-0.056968371073404946,-0.028121786192059517,0.6497641429305077,2,right_thruster,0.007988460808308007,0.42908748503346233,0.5629240541582297,0.17559376368278268,0.02094229037031084,0.0,0.0,none
lunarlander,ppo,17,130,-0.46147356430689496,-0.0558767964442571,-0.036791086196899414,0.6687914412468672,2,right_thruster,0.007729012835159257,0.4126919903315934,0.5795789968332474,-0.003775475572148801,0.018393632909456514,0.0,0.0,none
lunarlander,ppo,17,131,-0.4618319869041443,-0.05467609564463297,-0.04008214920759201,0.6868448200635612,2,right_thruster,0.007445452007705898,0.4011821690832403,0.5913723789090538,0.5097351754474476,0.010666780505231961,0.0,0.0,none
lunarlander,ppo,17,132,-0.4621151089668274,-0.05348920325438181,-0.03944474458694458,0.6974223930388689,2,right_thruster,0.007264459975500379,0.3961096252479133,0.5966259147765863,1.1472386124268081,0.005605749210222486,0.0,0.0,none
lunarlander,ppo,17,133,-0.4623274008433024,-0.05243169764677683,-0.03509309142827988,0.7007875309325755,1,main_engine,0.007171270221018504,0.3970492010298002,0.5957795287491812,-1.6641336956737838,0.007784270437973203,0.0,0.0,none
lunarlander,ppo,17,134,-0.46255990862846375,-0.05116428931554159,-0.04205956682562828,0.7040128530934453,2,right_thruster,0.007188089779287678,0.38942396316951067,0.6033879470512017,2.6592485985251555,0.016139033894523015,0.0,0.0,none
lunarlander,ppo,17,135,-0.4627312223116557,-0.05025366942087809,-0.030371366068720818,0.6929225058876909,0,left_thruster,0.00725976768945993,0.4021248517610881,0.5906153805494521,2.172675205967589,0.015258079964693668,0.0,0.0,none
lunarlander,ppo,17,136,-0.4629501700401306,-0.04974896212418874,-0.01672813482582569,0.6997319535817951,1,main_engine,0.0070229905051225425,0.4089884166454085,0.5839885928494689,-4.335452181939556,0.017068737228486494,0.0,0.0,none
lunarlander,ppo,17,137,-0.46336298187573755,-0.04874283572038015,-0.033398814499378204,0.7032316001132131,1,main_engine,0.007125000635086195,0.39411706076335334,0.5987579386015605,-12.135718464941174,0.14558417028981746,0.0,0.0,none
lunarlander,ppo,17,138,-0.46391492088635766,-0.04761254290739695,-0.03748075291514397,0.5577101026661694,2,right_thruster,0.010426165414836997,0.4579269269076336,0.5316469076775294,2.373960302083673,0.017987549084852533,0.0,0.0,none
lunarlander,ppo,17,139,-0.4644112288951874,-0.04686302443345388,-0.025023384019732475,0.5447656914126128,2,right_thruster,0.010595635307800895,0.4742024956757597,0.5152018690164394,-7.830492129974722,0.1657791278858664,0.0,0.0,none
lunarlander,ppo,17,140,-0.46485304832458496,-0.04648584624131521,-0.012857324443757534,0.3794346030801535,1,main_engine,0.018100252238286235,0.5778783110566235,0.4040214367050902,-5.229851740934967,0.019399978516618066,0.0,0.0,none
lunarlander,ppo,17,141,-0.46558295687039697,-0.04552664359410604,-0.032213907688856125,0.37991315852850677,1,main_engine,0.01897822617254849,0.5596282502816893,0.42139352354576226,-5.8888827330103695,0.017051724743951894,0.0,0.0,none
lunarlander,ppo,17,142,-0.4667084912459056,-0.04408795138200124,-0.04825340211391449,0.3744214126840234,2,right_thruster,0.020207219265461394,0.5469421604364627,0.43285062029807586,2.2958777046333623,0.021515600368970676,0.0,0.0,none
lunarlander,ppo,17,143,-0.4677784939606985,-0.04301967223485311,-0.03615042194724083,0.35669705644249916,1,main_engine,0.0210524069022177,0.5668252857281167,0.4121223073696655,-3.404612880253631,0.01319144280191229,0.0,0.0,none
lunarlander,ppo,17,144,-0.46903640031814575,-0.041558091839154564,-0.04919419065117836,0.35630244836211206,1,main_engine,0.02182445243387417,0.5536489917664815,0.42452655579964427,-4.5881266647788665,0.01555688846370844,0.0,0.0,none
lunarlander,ppo,17,145,-0.4706258078416189,-0.039745514591534935,-0.06098494306206703,0.3464442901313305,1,main_engine,0.023469973866818497,0.546546232497313,0.42998379363586847,-5.102439911305051,0.017254461044312868,0.0,0.0,none
lunarlander,ppo,17,146,-0.4725456237792969,-0.03745493292808533,-0.07693395763635635,0.3405780389904976,1,main_engine,0.025116830925566578,0.5325363123387974,0.4423468567356362,-2.617163831179876,0.012645903794316272,0.0,0.0,none
lunarlander,ppo,17,147,-0.47456949949264526,-0.03479987879594167,-0.08897387236356735,0.3425309728831053,1,main_engine,0.025715030563585727,0.5170282575616064,0.4572567118748078,-5.175681784356414,0.016063080487820753,0.0,0.0,none
lunarlander,ppo,17,148,-0.4769567648569743,-0.03174752493699392,-0.10227738320827484,0.33440550342202185,1,main_engine,0.027624758643235724,0.5055068396291283,0.466868401727636,-4.91362171505507,0.016218953830694487,0.0,0.0,none
lunarlander,ppo,17,149,-0.4796681304772695,-0.0282738134264946,-0.11635182052850723,0.3276566885411739,1,main_engine,0.02957459571112111,0.49176529501333394,0.47866010927554503,-2.5837625673013145,0.0087254733161612,0.0,0.0,none
lunarlander,ppo,17,150,-0.48258329431215924,-0.024681322276592255,-0.12032783031463623,0.32141801416873933,2,right_thruster,0.03077377092732609,0.48703962374257725,0.4821866053300966,2.6280648086904796,0.027472666118645253,0.0,0.0,none
lunarlander,ppo,17,151,-0.48542549212773645,-0.021457475920518238,-0.10831168293952942,0.29708925932645797,1,main_engine,0.03345099508321572,0.508141212920432,0.4584077919963523,-3.6924349215685353,0.014632207972730875,0.0,0.0,none
lunarlander,ppo,17,152,-0.48853660623232525,-0.01793116827805837,-0.11840812861919403,0.28759982213377955,2,right_thruster,0.03601143676342843,0.49921026435438487,0.4647782988821868,2.84463961934379,0.029920948743329026,0.0,0.0,none
lunarlander,ppo,17,153,-0.4915734132130941,-0.01477684328953425,-0.10625742375850677,0.2606099799275398,2,right_thruster,0.03975535345218745,0.521830064521685,0.43841458202612743,2.703070570699795,0.026659170294746782,0.0,0.0,none
lunarlander,ppo,17,154,-0.49455846349398297,-0.012008088330427805,-0.09354687482118607,0.2375323548913002,1,main_engine,0.04297579181721417,0.543091524239262,0.4139326839435239,-3.637526429271495,0.0214468846441891,0.0,0.0,none
lunarlander,ppo,17,155,-0.49774855375289917,-0.008661764363447825,-0.11271434277296066,0.22909419909119605,2,right_thruster,0.04751998125799793,0.5243382919345303,0.4281417268074719,2.9742157174886907,0.030850697913727177,0.0,0.0,none
lunarlander,ppo,17,156,-0.5008754630883535,-0.005686920757095019,-0.10049792379140854,0.20109603106975554,1,main_engine,0.05293517277191522,0.5469106729553704,0.4001541542727143,-0.7191076356268684,0.015724866716200797,0.0,0.0,none
lunarlander,ppo,17,157,-0.5041406055291494,-0.0027332243820031485,-0.09975484758615494,0.18601843863725664,2,right_thruster,0.05714563669631654,0.5511280273226891,0.39172633598099443,3.0481770524464196,0.031767517185024435,0.0,0.0,none
lunarlander,ppo,17,158,-0.5073457956314087,-0.00015928109254067144,-0.0872063934803009,0.1571253076195717,2,right_thruster,0.06391378268175779,0.5735998353289786,0.3624863819892637,3.3130407353219584,0.03568801025716921,0.0,0.0,none
lunarlander,ppo,17,159,-0.5104817450046539,0.0020385567719737687,-0.07478078454732895,0.12389018088579179,2,right_thruster,0.07311760869814721,0.5967490566681105,0.3301333346337423,3.425709960579486,0.03683498791082078,0.0,0.0,none
lunarlander,ppo,17,160,-0.5135503907998403,0.0038516822581489882,-0.062014997005462646,0.0895223617553711,2,right_thruster,0.08392931426553092,0.618768080736423,0.29730260499804606,3.5703197818360652,0.03986720024030915,0.0,0.0,none
lunarlander,ppo,17,161,-0.5165491004784902,0.005292064199844996,-0.04961704835295677,0.051778255403041845,2,right_thruster,0.0979821540974214,0.6385793471961031,0.2634384987064755,3.3792782950216167,0.037393506746839826,0.0,0.0,none
lunarlander,ppo,17,162,-0.5194953580697378,0.006343323116501172,-0.03658672422170639,0.01686837971210481,1,main_engine,0.11204250034236383,0.6550463405441206,0.2329111591135156,0.4234634215517645,0.02564938601562073,0.0,0.0,none
lunarlander,ppo,17,163,-0.5225502947966258,0.007420307646195094,-0.03726977854967117,-0.0085664764046669,1,main_engine,0.1280148978800784,0.6540142662329174,0.21797083588700425,0.033078189451675837,0.026881244817782587,0.0,0.0,none
lunarlander,ppo,17,164,-0.525734970966975,0.008636051788926125,-0.041720014065504074,-0.03485671281814573,1,main_engine,0.14872937894354465,0.646472460770177,0.20479816028627834,-0.05155089645804877,0.028211327484750085,0.0,0.0,none
lunarlander,ppo,17,165,-0.5290607611338298,0.009981495638688406,-0.04586343467235565,-0.06253052651882171,1,main_engine,0.17328638699096524,0.63591927442354,0.1907943385854947,-0.18482611345167355,0.029187148695601992,0.0,0.0,none
lunarlander,ppo,17,166,-0.5325034260749817,0.011680275201797485,-0.057446323335170746,-0.08904445767402647,0,left_thruster,0.20538262972698837,0.6137256119770832,0.1808917582959284,1.4765085822085127,0.016284645091170932,0.0,0.0,none
lunarlander,ppo,17,167,-0.536015381415685,0.012975603342056274,-0.04374708607792854,-0.09701370224356651,0,left_thruster,0.2028270629564145,0.6250437240728397,0.1721292129707457,1.1517212896930136,0.015747405714242678,0.0,0.0,none
lunarlander,ppo,17,168,-0.5395908157030742,0.01387520506978035,-0.030354252085089684,-0.1044312335550785,0,left_thruster,0.19971853983385837,0.6363140761957518,0.1639673839703899,0.8034361172182428,0.01511372410235552,0.0,0.0,none
lunarlander,ppo,17,169,-0.5432276427745819,0.014377695818742117,-0.01695842482149601,-0.11038920804858207,1,main_engine,0.19502886576881606,0.6482260207281045,0.15674511350307943,1.1911611562194024,0.018651527145427702,0.0,0.0,none
lunarlander,ppo,17,170,-0.5468513071537018,0.015019327402114868,-0.021472694352269173,-0.12810807372443378,0,left_thruster,0.2147914307480459,0.6352657311786488,0.1499428380733052,-2.2934728188137723,0.013872942070987361,0.0,0.0,none
lunarlander,ppo,17,171,-0.5505433678627014,0.015268618861834208,-0.008286375552415848,-0.13031851705163716,1,main_engine,0.20613434560804417,0.648636007590835,0.1452296468011208,-2.604469027027782,0.018721300862077555,0.0,0.0,none
lunarlander,ppo,17,172,-0.5542443195978801,0.015707213431596756,-0.014500954188406467,-0.1475805189460516,1,main_engine,0.22740905390719474,0.6331088073237164,0.13948213876908885,-1.383929816828683,0.014169399357503743,0.0,0.0,none
lunarlander,ppo,17,173,-0.5578521390755972,0.016280895719925564,-0.01891622133553028,-0.16053937003016472,1,main_engine,0.2440258104252158,0.6206439656566675,0.13533022391811672,-0.7666258342191384,0.017609818968058348,0.0,0.0,none
lunarlander,ppo,17,174,-0.5612958470980327,0.01727786660194397,-0.03295085206627846,-0.17055344954133034,2,right_thruster,0.2669792668513268,0.5975635399321825,0.13545719321649083,-0.8197995898307238,0.03527044077983455,0.0,0.0,none
lunarlander,ppo,17,175,-0.5646700660387676,0.01786857346693675,-0.019273152574896812,-0.2028828516602516,1,main_engine,0.2909704050148937,0.591881367970564,0.11714822701454233,-3.859145147766932,0.026655171291174746,0.0,0.0,none
lunarlander,ppo,17,176,-0.5681336422761282,0.01880970597267151,-0.030824989080429077,-0.22663513869047164,0,left_thruster,0.33072984835804714,0.5592971498687218,0.10997300177323112,-2.688579127518315,0.014409975536477543,0.0,0.0,none
lunarlander,ppo,17,177,-0.5716554323832195,0.019353491564591725,-0.01753375120460987,-0.2309120163321495,1,main_engine,0.3216914631456467,0.5721042807916085,0.1062042560627449,-1.4097332580332926,0.015069679404163277,0.0,0.0,none
lunarlander,ppo,17,178,-0.5750924348831177,0.019939571619033813,-0.018863093107938766,-0.24551241397857665,0,left_thruster,0.3403974839772648,0.5584540954830259,0.10114842053970918,-2.626277228153428,0.013619848797246727,0.0,0.0,none
lunarlander,ppo,17,179,-0.5785862108071645,0.02013722062110901,-0.0059114014729857445,-0.2478594183921814,0,left_thruster,0.3289158337196536,0.5726501636206631,0.09843400265968337,-2.681250058760789,0.0135685714228312,0.0,0.0,none
lunarlander,ppo,17,180,-0.5821414291858673,0.019941384593645733,0.007177384104579687,-0.24752491414546968,1,main_engine,0.31399036462198154,0.5893808542839664,0.09662878109405211,-2.3530883135578184,0.0219862616567352,0.0,0.0,none
lunarlander,ppo,17,181,-0.5857253074645996,0.020096403857072193,-0.004422730766236782,-0.2658542573451996,0,left_thruster,0.34735521265085745,0.5602123628755673,0.09243242447357519,-2.750998253019212,0.014099242567971362,0.0,0.0,none
lunarlander,ppo,17,182,-0.5893841882546743,0.019876200705766678,0.007998657412827015,-0.26028094068169594,1,main_engine,0.32634094659542934,0.58079240627442,0.09286664713015073,-1.8387452967864817,0.0280007234733026,0.0,0.0,none
lunarlander,ppo,17,183,-0.5930361648400625,0.020300204555193584,-0.013380351476371288,-0.277985792607069,1,main_engine,0.3700690246421451,0.5393481135577548,0.09058286180010011,-0.7073311231699415,0.011248409728740923,0.0,0.0,none
lunarlander,ppo,17,184,-0.5965829888979595,0.02078767493367195,-0.015462815761566162,-0.2884439222514629,1,main_engine,0.3848325233623626,0.5274597450861923,0.08770773155144504,1.2743135176674787,0.01855046278320519,0.0,0.0,none
lunarlander,ppo,17,185,-0.5998285611470541,0.021798379719257355,-0.03291735798120499,-0.2937262855470181,1,main_engine,0.41062153004777463,0.5004145883277902,0.08896388162443526,-2.154838748620567,0.01831914971066978,0.0,0.0,none
lunarlander,ppo,17,186,-0.6030772129694622,0.023051219681898754,-0.04089830815792084,-0.30984373986721037,1,main_engine,0.4402870586650444,0.4749668357262803,0.08474610560867524,0.739648424144475,0.013824839276593651,0.0,0.0,none
lunarlander,ppo,17,187,-0.6060511867205303,0.02466621994972229,-0.05298486724495888,-0.3156393006443977,0,left_thruster,0.4616427542250121,0.4535730805774761,0.08478416519751174,-1.6651350224317776,0.014525427713232602,0.0,0.0,none
lunarlander,ppo,17,188,-0.6090939541657766,0.025910240908463795,-0.04076779633760452,-0.3085031107068062,1,main_engine,0.4385146968230051,0.4747610519623226,0.08672425121467227,-0.64479987167525,0.00939531557831426,0.0,0.0,none
lunarlander,ppo,17,189,-0.6120651463667552,0.02711253861586253,-0.039351627230644226,-0.3172205023467541,2,right_thruster,0.44812618319189634,0.4678639428778658,0.08400987393023776,0.05514432922952551,0.02935798809613,0.0,0.0,none
lunarlander,ppo,17,190,-0.6149673958619436,0.02790113041798274,-0.025346284732222557,-0.34284660071134565,0,left_thruster,0.4647696786972793,0.4610048743860178,0.07422544691670292,-1.760189249900658,0.013096513947828249,0.0,0.0,none
lunarlander,ppo,17,191,-0.6179168323675792,0.028306442002455395,-0.012673723511397839,-0.3414108373224735,0,left_thruster,0.44791993449894246,0.47823921768732963,0.07384084781372802,-2.148279864164948,0.0162589612438285,0.0,0.0,none
lunarlander,ppo,17,192,-0.6209423144658407,0.028334051370620728,-0.00028505915543064475,-0.33132517859339716,0,left_thruster,0.4201892740635037,0.5037291008996263,0.07608162503686994,-1.7755340757690214,0.014359759466108991,0.0,0.0,none
lunarlander,ppo,17,193,-0.6240180134773254,0.027979237337907154,0.012321063317358494,-0.32518493831157685,1,main_engine,0.39713521014640885,0.5260096962346804,0.07685509361891074,0.5443819840089997,0.006057612729819996,0.0,0.0,none
lunarlander,ppo,17,194,-0.6269523998101553,0.027717786530653637,0.009206494316458702,-0.32946455888450144,1,main_engine,0.4049233822398329,0.5188355177519054,0.07624110000826181,0.3919842054091066,0.022834975500240433,0.0,0.0,none
lunarlander,ppo,17,195,-0.6297547618548076,0.02806578328212102,-0.011036225594580173,-0.3396475870162249,1,main_engine,0.440011370442608,0.48419491405321363,0.07579371550417835,-0.045720405610154544,0.022920995064377628,0.0,0.0,none
lunarlander,ppo,17,196,-0.6324141224225363,0.029020744065443676,-0.031196387484669685,-0.35018114000558853,1,main_engine,0.4761317477003052,0.4488820179987803,0.07498623430091444,-0.5092411920759571,0.00840300726867049,0.0,0.0,none
lunarlander,ppo,17,197,-0.6350096066792806,0.029967695474624634,-0.030894916504621506,-0.3581112340092659,1,main_engine,0.48570141884558093,0.44140816046780024,0.07289042068661877,0.8996477322823738,0.01730032685226979,0.0,0.0,none
lunarlander,ppo,17,198,-0.6373453636964163,0.031399828692277275,-0.04706869646906853,-0.36360699459910395,1,main_engine,0.5111619334104757,0.4157612431090942,0.07307682348043011,0.25179956963078215,0.006105468873173483,0.0,0.0,none
lunarlander,ppo,17,199,-0.639559825261434,0.03277998665968577,-0.045337971299886703,-0.36884843185544014,0,left_thruster,0.516071103344462,0.4121916338557114,0.07173726279982655,-1.084004465234566,0.017737461709417878,0.0,0.0,none
lunarlander,ppo,17,200,-0.6418474515279134,0.03378410885731379,-0.033047858625650406,-0.3563053388148546,1,main_engine,0.4865100267024071,0.4382739279304677,0.07521604536712512,-0.17913415502841532,0.014093822657580371,1.0,1.0,lunarlander_engine_fault
lunarlander,ppo,17,201,-0.6441349784533184,0.03438835839430491,-0.019714821130037308,-0.3602127742022276,1,main_engine,0.4760786581352241,0.45083354202311793,0.073087799841658,-0.3705696766688368,0.01882310871652962,1.0,0.0,lunarlander_engine_fault
lunarlander,ppo,17,202,-0.6463149189949036,0.035469157000382744,-0.03550826013088226,-0.37016045935451986,0,left_thruster,0.5065453716179626,0.42165832363016853,0.07179630475186884,-0.7872249389490458,0.014988641307422775,1.0,0.0,lunarlander_engine_fault
lunarlander,ppo,17,203,-0.6485428412755331,0.03616538643836975,-0.022860275581479073,-0.3624637404456735,1,main_engine,0.4824174307683128,0.4440423157708098,0.07354025346087724,-0.2762965678943772,0.013877652304062342,1.0,0.0,lunarlander_engine_fault
lunarlander,ppo,17,204,-0.6507707138856252,0.03646183758974075,-0.009528005495667458,-0.36559239961206913,0,left_thruster,0.47076628849532853,0.4576014186478865,0.071632292856785,-1.2230820299881133,0.017302720554085795,1.0,0.0,lunarlander_engine_fault
lunarlander,ppo,17,205,-0.6530539194742839,0.036388546228408813,0.0025818231515586376,-0.3534467094577849,1,main_engine,0.44092605338364343,0.48458150128760225,0.0744924453287544,2.5670961234005985,0.018035845186532312,1.0,0.0,lunarlander_engine_fault
lunarlander,ppo,17,206,-0.6550503770510356,0.036851984759171806,-0.015313674695789814,-0.35436445139348505,0,left_thruster,0.4620832518634576,0.4614691363317647,0.07644761180477783,-0.9424093298766321,0.019561516380647376,1.0,0.0,lunarlander_engine_fault
lunarlander,ppo,17,207,-0.6571075320243835,0.036943728725115456,-0.003158568637445569,-0.3391767584718764,1,main_engine,0.42841309586939097,0.49108096303236204,0.08050594109824696,-0.2495067351175885,0.013520244238001881,1.0,0.0,lunarlander_engine_fault
lunarlander,ppo,17,208,-0.6591647366682689,0.03663550068934759,0.010173373855650425,-0.3383228157646954,2,right_thruster,0.41152689740598725,0.5090740690416333,0.0793990335523794,-1.2613333201744217,0.021608175115022492,1.0,0.0,lunarlander_engine_fault
lunarlander,ppo,17,209,-0.6612853209177654,0.035954671601454415,0.022357076406478882,-0.320616596005857,0,left_thruster,0.3746894375651534,0.541421441771386,0.08388912066346055,-1.2235703673941953,0.02583944743143905,1.0,0.0,lunarlander_engine_fault
lunarlander,ppo,17,210,-0.6634654601414999,0.034887224435806274,0.03497421741485596,-0.2981980245560408,1,main_engine,0.33241552378278233,0.577798396806795,0.08978607941042273,3.5013844484066228,0.01761789179979674,1.0,0.0,lunarlander_engine_fault
lunarlander,ppo,17,211,-0.6654057403405508,0.03432889531056086,0.01802690699696541,-0.2938273996114731,1,main_engine,0.3438396157981225,0.5616924773287255,0.09446790687315197,-0.256405702304437,0.014503100089183714,1.0,0.0,lunarlander_engine_fault
lunarlander,ppo,17,212,-0.6673459211985271,0.03337083508570989,0.03136134892702103,-0.2885500527918339,1,main_engine,0.3224997984609831,0.5833503460903238,0.09414985544869309,-0.5226108623691198,0.014534977914594944,1.0,0.0,lunarlander_engine_fault
lunarlander,ppo,17,213,-0.6692860523859661,0.03201299409071604,0.044695787131786346,-0.28327269554138185,0,left_thruster,0.3015706028928116,0.6048654930615789,0.09356390404560944,-0.24408745443321095,0.018505681442107312,1.0,0.0,lunarlander_engine_fault
lunarlander,ppo,17,214,-0.6711635986963909,0.030228622257709503,0.059140972793102264,-0.2945460133254528,1,main_engine,0.2987233422962454,0.6143813426697076,0.08689531503404704,2.630325429725368,0.009673326310601525,1.0,0.0,lunarlander_engine_fault
lunarlander,ppo,17,215,-0.6727812190850576,0.02846227337916692,0.05846131220459938,-0.2851985741406679,1,main_engine,0.2873478846218951,0.6226972787237697,0.08995483665433537,2.487280104567143,0.008225565218124797,1.0,0.0,lunarlander_engine_fault
lunarlander,ppo,17,216,-0.6741919616858165,0.026821143925189972,0.05425719544291496,-0.2784679111093283,1,main_engine,0.28252446925734936,0.6246013989936738,0.09287413174897677,-1.271229656087412,0.014234388394192415,1.0,0.0,lunarlander_engine_fault
lunarlander,ppo,17,217,-0.6756027042865753,0.024780184030532837,0.06759127974510193,-0.27414769157767294,1,main_engine,0.26390181148963193,0.6446911651157167,0.09140702339465141,4.590322216242769,0.018320547116303248,1.0,0.0,lunarlander_engine_fault
lunarlander,ppo,17,218,-0.6767521798610687,0.023263603448867798,0.050108153373003006,-0.2690133534371853,1,main_engine,0.27329358075839993,0.6301833533346973,0.09652306590690275,-1.3625190360115869,0.014224844916711,1.0,0.0,lunarlander_engine_fault
lunarlander,ppo,17,219,-0.6779016057650249,0.021347242097059887,0.06344227492809296,-0.2645913861691952,1,main_engine,0.25508913381639,0.6499418409486166,0.09496902523499355,1.3058030817078055,0.005027569933692949,1.0,0.0,lunarlander_engine_fault
lunarlander,ppo,17,220,-0.6789482633272808,0.019517714778582256,0.06056233495473862,-0.2610502362251282,1,main_engine,0.2527055954979843,0.6508094747647739,0.09648492973724188,0.7588355203437607,0.0055867312581444435,1.0,0.0,lunarlander_engine_fault
lunarlander,ppo,17,221,-0.6799841423829397,0.017843491087357204,0.05545704811811447,-0.2621778629720211,1,main_engine,0.25728384558903955,0.6458271752673593,0.09688897914360102,-1.6238623054038988,0.014012793803207852,1.0,0.0,lunarlander_engine_fault
lunarlander,ppo,17,222,-0.6810200214385986,0.015769345064957935,0.06879092007875443,-0.2585459046065807,0,left_thruster,0.24054079941859724,0.6645780035134042,0.0948811970679985,12.477283132541414,0.32633934126797065,1.0,0.0,lunarlander_engine_fault
lunarlander,ppo,17,223,-0.681917816400528,0.01370340089003245,0.06659375876188278,0.06777826547622678,1,main_engine,0.04940943258530428,0.6955795867939416,0.2550109806207541,3.9943540050693565,0.14423307311200054,1.0,0.0,lunarlander_engine_fault
lunarlander,ppo,17,224,-0.682643751303355,0.01152530312538147,0.06944699585437775,0.21196483671665187,1,main_engine,0.02509400863870235,0.6300197939717019,0.34488619738959575,4.295047426134762,0.035111974131685895,1.0,0.0,lunarlander_engine_fault
lunarlander,ppo,17,225,-0.6832489868005117,0.009307104473312696,0.0712786614894867,0.24695353507995602,1,main_engine,0.021510470132096258,0.6137507278866378,0.364738801981266,-8.330378191767986,0.1114193181304547,1.0,0.0,lunarlander_engine_fault
lunarlander,ppo,17,226,-0.683852235476176,0.006702524920304616,0.08467637002468109,0.13637497425079342,1,main_engine,0.03312243872761257,0.6856359692901809,0.2812415919822065,12.893319773792973,0.03880851071816857,1.0,0.0,lunarlander_engine_fault
lunarlander,ppo,17,227,-0.6845007836818695,0.004156142783661683,0.0839705839753151,0.17508799135684966,1,main_engine,0.02781478439071218,0.6676649884919145,0.30452022711737337,4.304168231061963,0.1386365556490993,1.0,0.0,lunarlander_engine_fault
lunarlander,ppo,17,228,-0.6852049628893535,0.0023109023459255695,0.06146952882409096,0.038303868379443884,1,main_engine,0.056792526190409205,0.7101839124360315,0.23302356137355928,12.928302988454995,0.15423198695784573,1.0,0.0,lunarlander_engine_fault
lunarlander,ppo,17,229,-0.6857844193776449,0.0008017364889383316,0.050248563289642334,0.19211863484233616,1,main_engine,0.02841844103362187,0.6334812515719179,0.33810030739446034,2.957734104861243,0.011850464403586784,1.0,0.0,lunarlander_engine_fault
lunarlander,ppo,17,230,-0.6862342854340872,-0.00038191637334724266,0.039387479424476624,0.19668667055666444,1,main_engine,0.02870446262749108,0.6227099729832157,0.3485855643892931,2.976697144151982,0.01182828376665372,1.0,0.0,lunarlander_engine_fault
lunarlander,ppo,17,231,-0.6865554054578146,-0.0012458499210576217,0.028714371845126152,0.20170100722461937,2,right_thruster,0.02892582228148319,0.6114604847161139,0.3596136930024029,3.1410593567998792,0.01372046634988795,1.0,0.0,lunarlander_engine_fault
lunarlander,ppo,17,232,-0.6866984566052755,-0.001802271232008934,0.018520453944802284,0.19253557398915289,1,main_engine,0.031039086277658657,0.6080071996790307,0.36095371404331056,2.7782481138285315,0.011233889311242268,1.0,0.0,lunarlander_engine_fault
lunarlander,ppo,17,233,-0.6867138048013052,-0.0020453627221286297,0.008060668595135212,0.19662627447396516,1,main_engine,0.031412330093835227,0.5967395542970295,0.37184811560913533,-1.3857812173570734,0.021113573512360338,1.0,0.0,lunarlander_engine_fault
lunarlander,ppo,17,234,-0.6865238149960836,-0.001696723358084758,-0.011696352623403072,0.20406169332563875,1,main_engine,0.03217984307720421,0.5745728032248676,0.3932473536979282,-1.389623736083089,0.006617992798980396,1.0,0.0,lunarlander_engine_fault
lunarlander,ppo,17,235,-0.6862359742323558,-0.001150053304930528,-0.01828310638666153,0.20388618521392343,2,right_thruster,0.032858665875387244,0.5681912820883745,0.3989500520362383,-2.0415654471382036,0.01667541186728548,1.0,0.0,lunarlander_engine_fault
lunarlander,ppo,17,236,-0.685797929763794,-0.0004368479906891783,-0.02375422976911068,0.1881560985930264,1,main_engine,0.03601159385584138,0.571096043297707,0.3928923628464516,-5.151293822436636,0.020453017970567672,1.0,0.0,lunarlander_engine_fault
lunarlander,ppo,17,237,-0.6850951910018921,0.0008867804426699877,-0.04411184787750244,0.18943964643403888,1,main_engine,0.038090401421711356,0.5502598357293043,0.41164976284898447,-3.478243129760566,0.0465617640449663,1.0,0.0,lunarlander_engine_fault
lunarlander,ppo,17,238,-0.6842597325642904,0.0025023524649441242,-0.05362797901034355,0.14389699548482893,2,right_thruster,0.049337837723804144,0.5632050568708388,0.38745710540535705,-7.435854505077329,0.132169113084981,1.0,0.0,lunarlander_engine_fault
lunarlander,ppo,17,239,-0.6834950546423595,0.0037066523606578508,-0.04003040865063667,0.01243694275617599,1,main_engine,0.09397877327910949,0.6251088601218274,0.2809123665990631,1.4883684356535156,0.0136881861655371,1.0,0.0,lunarlander_engine_fault
lunarlander,ppo,17,240,-0.6827254593372345,0.004501873627305031,-0.026409657672047615,0.01322239134460687,1,main_engine,0.08937240122344725,0.6376709053696294,0.2729566934069233,-9.140225933649516,0.1530057684557969,1.0,0.0,lunarlander_engine_fault
lunarlander,ppo,17,241,-0.6819558640321096,0.004897076326111953,-0.013075491413474083,-0.1391987906768918,1,main_engine,0.18478726236851084,0.6465409283032932,0.16867180932819603,-2.246239995195794,0.0133546860946096,1.0,0.0,lunarlander_engine_fault
lunarlander,ppo,17,242,-0.6811108191808065,0.005683714523911476,-0.026119520887732506,-0.14181948434561492,1,main_engine,0.19658601472490567,0.6309563548535897,0.17245763042150453,0.7776972453930102,0.013586536799080255,1.0,0.0,lunarlander_engine_fault
lunarlander,ppo,17,243,-0.6802657246589661,0.006070358057816823,-0.012784088030457497,-0.1442477624863386,1,main_engine,0.18988376058390535,0.644228604514617,0.16588763490147748,-0.3701641855818599,0.009398206610776923,1.0,0.0,lunarlander_engine_fault
lunarlander,ppo,17,244,-0.679468959569931,0.006633502741654714,-0.018640218302607536,-0.15153336878865958,1,main_engine,0.20108934315003865,0.6347993970574396,0.16411125979252175,0.4055576460376153,0.013700074466756642,1.0,0.0,lunarlander_engine_fault
lunarlander,ppo,17,245,-0.6786721448103588,0.006796748066941897,-0.005305023863911629,-0.15456702448427678,1,main_engine,0.1946493180672571,0.6479355286039892,0.15741515332875386,-3.3754857557081865,0.01598505764627287,1.0,0.0,lunarlander_engine_fault
lunarlander,ppo,17,246,-0.6776817142963409,0.007436233883102735,-0.02120164781808853,-0.15337139908224345,1,main_engine,0.20541613880195625,0.6306174073789238,0.16396645381911987,-3.0168727696324487,0.007191476368212325,1.0,0.0,lunarlander_engine_fault
lunarlander,ppo,17,247,-0.6764831145604452,0.008252674713730812,-0.02713591977953911,-0.14957685936242343,0,left_thruster,0.20672260017144875,0.6248516551331108,0.16842574469544028,-0.6764386896272823,0.02450981482705013,1.0,0.0,lunarlander_engine_fault
lunarlander,ppo,17,248,-0.6752089162667593,0.008658176908890406,-0.013326941058039665,-0.1697821833193302,2,right_thruster,0.2165429806261415,0.6313040213489246,0.15215299802493376,-1.3840664651728718,0.0257038641256586,1.0,0.0,lunarlander_engine_fault
lunarlander,ppo,17,249,-0.6738612055778503,0.008659130583206812,0.00027122636674903333,-0.19155285507440567,2,right_thruster,0.22792927890925693,0.6356782128922194,0.1363925081985238,-2.0608997625657253,0.02562555068321977,1.0,0.0,lunarlander_engine_fault
lunarlander,ppo,17,250,-0.6724334259827932,0.008243519191940626,0.014269324019551277,-0.2129657208919525,1,main_engine,0.23845286007370625,0.639541784884239,0.12200535504205476,-1.2594159146026067,0.015715739433810744,1.0,0.0,lunarlander_engine_fault
lunarlander,ppo,17,251,-0.6710055967171987,0.0074284616857767105,0.027605419978499413,-0.2211161807179451,1,main_engine,0.2355881361925037,0.6499619443285086,0.11444991947898758,-1.6043632914664312,0.01574150738967585,1.0,0.0,lunarlander_engine_fault
lunarlander,ppo,17,252,-0.6695776681105297,0.0062140052517255144,0.0409415140748024,-0.22926662638783454,0,left_thruster,0.2324434686080496,0.6603510784321909,0.10720545295975943,-3.093571434629602,0.028841290336835836,1.0,0.0,lunarlander_engine_fault
lunarlander,ppo,17,253,-0.6680814921855927,0.004583508086701234,0.05495966970920563,-0.2543746784329414,1,main_engine,0.24549513627394243,0.6602951994553736,0.09420966427068408,-2.7063377595131666,0.006831754206291285,1.0,0.0,lunarlander_engine_fault
lunarlander,ppo,17,254,-0.6663947800795238,0.0030600611741344133,0.05138746649026871,-0.25973623991012573,1,main_engine,0.25377512641162636,0.653743995248169,0.09248087834020484,-2.057597394924129,0.016663308372861035,1.0,0.0,lunarlander_engine_fault
lunarlander,ppo,17,255,-0.6647079686323802,0.0011374298483133316,0.06472465395927429,-0.26939250379800794,2,right_thruster,0.2513700235200289,0.6626640194834996,0.0859659569964714,19.50171615787061,0.4238176872157127,1.0,0.0,lunarlander_engine_fault
lunarlander,ppo,17,256,-0.6627385318279266,-0.0008478816598653793,0.06570948660373688,0.15441481322050093,0,left_thruster,0.03272403731245553,0.6735730381419502,0.29370292454559427,2.4594002322980186,0.022884546656165693,1.0,0.0,lunarlander_engine_fault
lunarlander,ppo,17,257,-0.660780668258667,-0.0025541003172596297,0.05630110949277878,0.17511361762881278,1,main_engine,0.030681935953003395,0.6574014121007237,0.311916651946273,1.2482542674450907,0.019163832734755384,1.0,0.0,lunarlander_engine_fault
lunarlander,ppo,17,258,-0.6588160494963329,-0.0040095504373312,0.04817645624279976,0.15793035738170147,2,right_thruster,0.03402791683363412,0.6612107074697555,0.30476137569661027,1.6099053448153597,0.014970313404880949,1.0,0.0,lunarlander_engine_fault
lunarlander,ppo,17,259,-0.6568978230158489,-0.00521699773768584,0.04005151987075806,0.14556273147463797,1,main_engine,0.03700183875728353,0.6620817748906186,0.3009163863520978,0.6599813799939426,0.012391204842718034,1.0,0.0,lunarlander_engine_fault
lunarlander,ppo,17,260,-0.6549496452013652,-0.0061507876962423325,0.031019389629364014,0.13735936507582663,1,main_engine,0.039642552354677556,0.6597274782756873,0.3006299693696352,-1.390471645413054,0.058742940256329736,1.0,0.0,lunarlander_engine_fault
lunarlander,ppo,17,261,-0.652922143538793,-0.00652317392329375,0.01273436564952135,0.08157279416918753,1,main_engine,0.055551902061522905,0.6688944701154242,0.27555362782305276,-0.6771382272541178,0.02502569543843676,1.0,0.0,lunarlander_engine_fault
lunarlander,ppo,17,262,-0.650876263777415,-0.00666567621131738,0.005224942695349455,0.05778859630227087,1,main_engine,0.06449494071946778,0.6713471928890777,0.26415786639145455,-0.8852389177986549,0.02126026658577181,1.0,0.0,lunarlander_engine_fault
lunarlander,ppo,17,263,-0.6488091746966045,-0.006648009642958641,1.209719994221814e-05,0.03728123158216473,2,right_thruster,0.07319052234052399,0.6733311249815687,0.25347835267790736,-2.2244997555805455,0.019446839288826623,1.0,0.0,lunarlander_engine_fault
lunarlander,ppo,17,264,-0.6466200947761536,-0.006558841094374657,-0.0022582404781132936,0.018092039227485646,0,left_thruster,0.0817118963819753,0.6764159923856747,0.24187211123235003,-0.012204252064161647,0.006949850977849636,1.0,0.0,lunarlander_engine_fault
lunarlander,ppo,17,265,-0.6444746255874634,-0.006509035204847653,-0.0009461109293624759,0.01161336451768874,1,main_engine,0.08431061742860052,0.6793426048822275,0.23634677768917198,-0.7523063851314225,0.005717270696795822,1.0,0.0,lunarlander_engine_fault
lunarlander,ppo,17,266,-0.6423010925451915,-0.006554191932082176,0.0021975610870867968,0.007361514866352059,1,main_engine,0.0853975146905729,0.6834600521921472,0.23114243311728,-0.6558250855705375,0.004816162127280995,1.0,0.0,lunarlander_engine_fault
lunarlander,ppo,17,267,-0.6400985022385915,-0.006723254298170407,0.00627660658210516,0.006066594272851944,2,right_thruster,0.0848679142320561,0.6879183937854103,0.22721369198253358,-1.685531507834694,0.005996032249240472,1.0,0.0,lunarlander_engine_fault
lunarlander,ppo,17,268,-0.6377833088239034,-0.0070036109536886215,0.00996749009937048,0.0019567206501960865,0,left_thruster,0.08568317834422762,0.6925910108585348,0.22172581079723752,-1.8668900249688793,0.006419491282028025,1.0,0.0,lunarlander_engine_fault
lunarlander,ppo,17,269,-0.6353381276130676,-0.007386177157362302,0.013363394886255264,-0.0028963640332221874,1,main_engine,0.08691999327993549,0.6971340967932043,0.21594590992686016,-0.5378816642255151,0.004598400816566404,1.0,0.0,lunarlander_engine_fault
lunarlander,ppo,17,270,-0.6328645348548889,-0.007842748736341795,0.015801720321178436,-0.0058750785887241586,1,main_engine,0.08762748701309958,0.7005241824514544,0.21184833053544605,-0.38989998623492167,0.009925529238894622,1.0,0.0,lunarlander_engine_fault
lunarlander,ppo,17,271,-0.6303579111893972,-0.008484714974959692,0.021838992834091187,0.0015661705285310856,1,main_engine,0.08258144854372582,0.7055907826288554,0.21182776882741877,-0.36314842477305204,0.00610671481051134,1.0,0.0,lunarlander_engine_fault
lunarlander,ppo,17,272,-0.6278244157632192,-0.009139531602462133,0.022280771285295486,-0.003933776170015335,2,right_thruster,0.08493855720195624,0.7077905831136302,0.20727085968441367,-1.254443000616476,0.007282418909204803,1.0,0.0,lunarlander_engine_fault
lunarlander,ppo,17,273,-0.6251942118008932,-0.009817713250716528,0.02308596298098564,-0.01064253076910976,1,main_engine,0.08778657487505183,0.710365749032704,0.2018476760922442,-0.37827825132380555,0.006407551983877017,1.0,0.0,lunarlander_engine_fault
lunarlander,ppo,17,274,-0.6225365400314331,-0.010504405945539474,0.023384302854537964,-0.01642465405166149,2,right_thruster,0.09047303712324976,0.7122403085416423,0.1972866543351079,0.4376305757707496,0.005460289664106557,1.0,0.0,lunarlander_engine_fault
lunarlander,ppo,17,275,-0.6199197471141815,-0.011181895931561789,0.023079415783286095,-0.02115912437438966,1,main_engine,0.0929525794501894,0.7133503164873974,0.1936971040624132,-0.03361089871086617,0.009130860753087073,1.0,0.0,lunarlander_engine_fault
lunarlander,ppo,17,276,-0.6173314650853475,-0.011808221538861593,0.02142161689698696,-0.029734253138303746,1,main_engine,0.09790301320129159,0.7133630246863418,0.18873396211236645,-1.7538513312306043,0.013060579406431813,1.0,0.0,lunarlander_engine_fault
lunarlander,ppo,17,277,-0.6146135926246643,-0.012127154817183813,0.01121025811880827,-0.03740356452763083,1,main_engine,0.10615412640598765,0.7052108359188481,0.1886350376751642,-10.438174244564763,0.15303463411984888,1.0,0.0,lunarlander_engine_fault
lunarlander,ppo,17,278,-0.6118906537691753,-0.012837188939253489,0.024214942008256912,-0.18985866904258727,0,left_thruster,0.21162697668362054,0.6779066403500177,0.11046638296636176,0.7626304532393954,0.02708433783766832,1.0,0.0,lunarlander_engine_fault
lunarlander,ppo,17,279,-0.6092185775438945,-0.013886731117963791,0.0351603627204895,-0.16525140199810265,0,left_thruster,0.18172936263562925,0.7020017066617787,0.11626893070259205,10.947452905353162,0.1276942673552117,1.0,0.0,lunarlander_engine_fault
lunarlander,ppo,17,280,-0.6066166361172994,-0.014654319733381271,0.026028446853160858,-0.03791297599673271,1,main_engine,0.10092784159600586,0.7212704474030592,0.17780171100093486,-0.5520433528812498,0.030868130813858384,1.0,0.0,lunarlander_engine_fault
lunarlander,ppo,17,281,-0.6039941807587942,-0.015134351948897043,0.016773147508502007,-0.06723998114466667,1,main_engine,0.12159409669123802,0.7125877089187829,0.16581819438997916,-0.5226775169926783,0.011832229124763009,1.0,0.0,lunarlander_engine_fault
lunarlander,ppo,17,282,-0.6013776858647665,-0.015528743465741476,0.013986244797706604,-0.07843074649572374,1,main_engine,0.13028597931588284,0.7092180754419747,0.16049594524214236,-4.229475588435232,0.014264787115215982,1.0,0.0,lunarlander_engine_fault
lunarlander,ppo,17,283,-0.5984366933504741,-0.015520542860031128,0.0005290405824780464,-0.08213726803660393,0,left_thruster,0.1402512087274034,0.6962261896681634,0.16352260160443313,-19.2174862430241,0.28917508884312565,1.0,0.0,lunarlander_engine_fault
lunarlander,ppo,17,284,-0.5955683688322704,-0.01589009165763855,0.012880608439445496,-0.3710339743643999,0,left_thruster,0.42994204272230296,0.5154341971464002,0.05462376013129681,0.7407483709009295,0.017807686192661862,1.0,0.0,lunarlander_engine_fault
lunarlander,ppo,17,285,-0.5927666028340658,-0.01662837838133176,0.02492968551814556,-0.3582457583397627,1,main_engine,0.40120597010867654,0.5427887791023985,0.05600525078892482,-0.463935364771794,0.013969422115507484,1.0,0.0,lunarlander_engine_fault
lunarlander,ppo,17,286,-0.5899648368358612,-0.017766612271467846,0.03826334327459335,-0.3611115664243698,1,main_engine,0.3897808955868472,0.5564812836318285,0.05373782078132432,-0.6615027881251058,0.014007676468178226,1.0,0.0,lunarlander_engine_fault
lunarlander,ppo,17,287,-0.5871630708376567,-0.019304769734541576,0.051597002893686295,-0.36397734731435777,0,left_thruster,0.37817258062063314,0.5703373346255274,0.05149008475383955,7.339499367929783,0.04475962807386872,1.0,0.0,lunarlander_engine_fault
lunarlander,ppo,17,288,-0.5843826134999593,-0.02105211466550827,0.060074858367443085,-0.3201508015394211,2,right_thruster,0.31803895756974565,0.622732511513082,0.05922853091717239,10.407174728943986,0.16333711790928765,1.0,0.0,lunarlander_engine_fault
lunarlander,ppo,17,289,-0.5816123882929485,-0.022447198629379272,0.04799199476838112,-0.15729074478149413,1,main_engine,0.16850449827538244,0.7236232520380044,0.10787224968661326,-0.6946119166541951,0.013702386435147321,1.0,0.0,lunarlander_engine_fault
lunarlander,ppo,17,290,-0.5787599583466848,-0.02357611060142517,0.03881819173693657,-0.14758580103516578,1,main_engine,0.1668929275133925,0.7198925381143627,0.11321453437224477,-11.212488401430795,0.05049644707199369,1.0,0.0,lunarlander_engine_fault
lunarlander,ppo,17,291,-0.5755787591139476,-0.024046247204144795,0.015063051134347916,-0.19202951155602935,0,left_thruster,0.2238766635167897,0.6739023628466644,0.10222097363654589,2.0835251264218835,0.07547915926756123,1.0,0.0,lunarlander_engine_fault
lunarlander,ppo,17,292,-0.5723639329274496,-0.02475249022245407,0.02187260054051876,-0.11693024635314944,1,main_engine,0.15465289176928848,0.7160797389477207,0.1292673692829909,-0.5194531871696165,0.01671612618941312,1.0,0.0,lunarlander_engine_fault
lunarlander,ppo,17,293,-0.5689885218938192,-0.02496351550022761,0.005650373641401529,-0.11912804022431375,1,main_engine,0.1669140251366703,0.7001015784730249,0.13298439639030496,-11.603063560473492,0.1372138415188074,1.0,0.0,lunarlander_engine_fault
lunarlander,ppo,17,294,-0.5653686324755351,-0.024887387951215107,-0.0038982166443020105,-0.25596134513616564,1,main_engine,0.3122036753716988,0.605429033703061,0.08236729092524017,-0.7787725109918779,0.014027869415594857,1.0,0.0,lunarlander_engine_fault
lunarlander,ppo,17,295,-0.5615725616614025,-0.024703137576580048,-0.0074722240678966045,-0.24293969050049782,1,main_engine,0.30186392719371125,0.6114141497249997,0.08672192308128898,1.643226179777149,0.018359050359745995,1.0,0.0,lunarlander_engine_fault
lunarlander,ppo,17,296,-0.5577760934829712,-0.024917667110761006,0.005866882856935263,-0.23091206550598145,0,left_thruster,0.276296016545251,0.6360510660142016,0.08765291744054739,2.7568702219909187,0.032959048985451156,1.0,0.0,lunarlander_engine_fault
lunarlander,ppo,17,297,-0.5540503064791362,-0.025506156186262768,0.018146568909287453,-0.20055946409702302,1,main_engine,0.2339952440526452,0.6713826436717103,0.09462211227564446,1.5438928408328139,0.019946029287069223,1.0,0.0,lunarlander_engine_fault
lunarlander,ppo,17,298,-0.550324022769928,-0.02649289866288503,0.03148815780878067,-0.18624208867549896,1,main_engine,0.2097068021891873,0.6946772116613507,0.09561598614946214,-0.6903836696094618,0.021815873680296177,1.0,0.0,lunarlander_engine_fault
lunarlander,ppo,17,299,-0.5463788906733196,-0.02700354407231013,0.015682285651564598,-0.17174098789691927,2,right_thruster,0.2091364592810482,0.6871023861725141,0.10376115454643765,0.33629793375294526,0.015276823240154454,1.0,0.0,lunarlander_engine_fault
lunarlander,ppo,17,300,-0.5423657099405925,-0.027937548855940502,0.03005123883485794,-0.17489321380853654,1,main_engine,0.20145556859073319,0.7003771117465921,0.09816731966267478,1.1716683490822584,0.10200813268274951,1.0,1.0,lunarlander_engine_fault|lunarlander_navigation_noise
lunarlander,ppo,17,301,-0.6281383163920868,-0.04175184420243021,0.08347318022970476,-0.17289808533547799,1,main_engine,0.1438660007758411,0.7615299551609871,0.09460404406317173,-2.1527966472982993,0.14080320854872075,1.0,0.0,lunarlander_navigation_noise
lunarlander,ppo,17,302,-0.5261048326088589,-0.10771252290813538,0.012805689254634448,-0.16453110806507804,1,main_engine,0.17490972036432026,0.743657436714579,0.08143284292110074,16.322886736057825,0.29455961041217543,1.0,0.0,lunarlander_navigation_noise
lunarlander,ppo,17,303,-0.4812060204252674,-0.021649820539540843,-0.007241454824128818,0.11285091014442157,2,right_thruster,0.06068148194095273,0.692583432426514,0.24673508563253335,4.580395424184568,0.11487259668309367,1.0,0.0,lunarlander_navigation_noise
lunarlander,ppo,17,304,-0.5692003235056478,-0.03037113354728931,0.0660247663871825,0.11580313353551826,1,main_engine,0.04087803402397161,0.7372613584893971,0.22186060748663128,2.282401663309784,0.21955112446845673,1.0,0.0,lunarlander_navigation_noise
lunarlander,ppo,17,305,-0.6677144514145464,0.07489173500223714,0.0634222367585885,0.28136465745327616,1,main_engine,0.020917584575362223,0.5296017185199411,0.44948069690469655,12.152077501005998,0.2545221114373729,1.0,0.0,lunarlander_navigation_noise
lunarlander,ppo,17,306,-0.49647607342565836,-0.04868223016358619,-0.047345146635034,0.37035333664113285,2,right_thruster,0.01980618911397643,0.5462675224193912,0.4339262884666323,-17.257691477172905,0.2581466013879212,1.0,0.0,lunarlander_navigation_noise
lunarlander,ppo,17,307,-0.4792453014484855,-0.037588960737580904,-0.11615758436597623,0.1223925411669849,1,main_engine,0.08309552654441135,0.6021996768932901,0.31470479656229855,2.256923749766297,0.22803364967811374,1.0,0.0,lunarlander_navigation_noise
lunarlander,ppo,17,308,-0.5353147045977998,-0.06001749317298618,0.07067883709524299,0.23834373764360606,1,main_engine,0.023029443525277353,0.7158926893968351,0.2610778670778875,3.154206091162937,0.16356964685716047,1.0,0.0,lunarlander_navigation_noise
lunarlander,ppo,17,309,-0.6683118918949954,0.0014171485096884893,0.011215932235111775,0.280257044491518,2,right_thruster,0.022098672953741634,0.5544057209464168,0.42349560609984144,-0.9372237232994877,0.25415251543885664,1.0,0.0,lunarlander_navigation_noise
lunarlander,ppo,17,310,-0.4549155965711924,-0.12830127257633162,0.015063779050965932,0.23320550305230234,1,main_engine,0.02714649311644478,0.7487780201470653,0.22407548673649005,-3.391493569599644,0.22843587296782805,1.0,0.0,lunarlander_navigation_noise
lunarlander,ppo,17,311,-0.41471130700284603,0.0030927401441146925,-0.1164395967183271,0.35973233317689507,1,main_engine,0.02837061109619746,0.45935968291461327,0.5122697059891893,-3.8123438244690555,0.19464760230115066,1.0,0.0,lunarlander_navigation_noise
lunarlander,ppo,17,312,-0.5500830792087616,0.038860498258368806,-0.018657266222408257,0.26634359887942366,2,right_thruster,0.029990230745035693,0.5316937506257673,0.438316018629197,-2.9705880681704926,0.13463559970517672,1.0,0.0,lunarlander_navigation_noise
lunarlander,ppo,17,313,-0.6020598686268175,-0.06517782258026932,-0.07674424996073231,0.3013734174205457,2,right_thruster,0.025193024121839835,0.5462946641619991,0.428512311716161,-2.9719421979071448,0.21042069550721212,1.0,0.0,lunarlander_navigation_noise
lunarlander,ppo,17,314,-0.4890063350193036,0.06661165612738539,0.0069323054903638465,0.3857863015461213,1,main_engine,0.018448620528938225,0.4762091768284403,0.5053422026426215,-3.2041910811452783,0.12011534035393316,1.0,0.0,lunarlander_navigation_noise
lunarlander,ppo,17,315,-0.5343143466067705,-0.04152817418733952,0.020949262822827587,0.4077904166379301,1,main_engine,0.014249968334355562,0.5662336788829607,0.4195163527826837,-0.9728019656707931,0.17316048401877224,1.0,0.0,lunarlander_navigation_noise
lunarlander,ppo,17,316,-0.43201765795692076,-0.04028468565373762,-0.10149937283030516,0.47505650081000256,1,main_engine,0.0160224045540063,0.44775812710135515,0.5362194683446386,-3.0679585283125608,0.15871881505130014,1.0,0.0,lunarlander_navigation_noise
lunarlander,ppo,17,317,-0.5003756084846106,-0.03551857610462837,0.029482665738962674,0.4172651292832127,2,right_thruster,0.013983728930757763,0.5716713083255162,0.41434496274372606,-2.7263745308247187,0.12875936827281884,1.0,0.0,lunarlander_navigation_noise
lunarlander,ppo,17,318,-0.4928319052160929,0.030433641369930146,-0.05135923892542075,0.49234481308272815,2,right_thruster,0.013541243085597683,0.4017032821982366,0.5847554747161656,-2.5212019792697444,0.17990187604127647,1.0,0.0,lunarlander_navigation_noise
lunarlander,ppo,17,319,-0.46123950818063175,-0.05712786024263087,0.10243357195729305,0.4992266884718859,1,main_engine,0.009342540658281391,0.6110205535072623,0.37963690583445636,-0.8228562725038012,0.21936717820190055,1.0,0.0,lunarlander_navigation_noise
lunarlander,ppo,17,320,-0.4422053445470326,-0.01896351381103465,-0.09968540031513871,0.425395372649812,1,main_engine,0.019489604229343534,0.4532508344232759,0.5272595613473806,0.08419289353617047,0.14952280767784423,1.0,0.0,lunarlander_navigation_noise
lunarlander,ppo,17,321,-0.5128425599324152,0.034489302860678056,0.014964993092521903,0.46234855248313045,2,right_thruster,0.013060345318111559,0.46551352911189237,0.5214261255699961,-2.1016400978837373,0.09240225853846976,1.0,0.0,lunarlander_navigation_noise
lunarlander,ppo,17,322,-0.46743064835182013,0.010038365159621096,-0.037533064403226735,0.5182237820067621,1,main_engine,0.012212782997402125,0.42514735058515524,0.5626398664174427,-0.7491834719217809,0.08626716196148018,1.0,0.0,lunarlander_navigation_noise
lunarlander,ppo,17,323,-0.41081899603406824,0.012655107804929663,-0.007018086566746115,0.46078570369359473,2,right_thruster,0.014725076757264241,0.4943621186263244,0.49091280461641124,-2.360320499234976,0.13469929559618116,1.0,0.0,lunarlander_navigation_noise
lunarlander,ppo,17,324,-0.39485247770979964,-0.11428804910210573,-0.023235183079377233,0.49966257627722704,1,main_engine,0.012047351127220234,0.578904111940348,0.4090485369324318,-0.20868310503326254,0.11355569158254405,1.0,0.0,lunarlander_navigation_noise
lunarlander,ppo,17,325,-0.4088502310239941,-0.017059693149052237,-0.029233531749725254,0.4430090273606756,1,main_engine,0.016086631966845722,0.5137823100269431,0.47013105800621113,-0.8100718723873729,0.13790036031093883,1.0,0.0,lunarlander_navigation_noise
lunarlander,ppo,17,326,-0.452277015523803,-0.048234017790480484,-0.025556279461596037,0.5700730390266631,1,main_engine,0.009929456727317834,0.46472225168510795,0.5253482915875742,0.8974089865821588,0.07065037258073115,1.0,0.0,lunarlander_navigation_noise
lunarlander,ppo,17,327,-0.444747461117989,-0.032130747352527286,-0.0938929670417687,0.5724315911287025,1,main_engine,0.011248996592176179,0.39479339850834866,0.5939576048994752,-1.2530375769581499,0.09017620165681024,1.0,0.0,lunarlander_navigation_noise
lunarlander,ppo,17,328,-0.39490318008358877,0.0336113618229933,-0.06683239090011525,0.5480800964425617,1,main_engine,0.012563121273368671,0.381250816966285,0.6061860617603464,2.2437505353223934,0.09831962738405801,1.0,0.0,lunarlander_navigation_noise
lunarlander,ppo,17,329,-0.4582157345532427,0.035876356721276634,-0.1215770455859852,0.5996180645525165,2,right_thruster,0.010966799527753262,0.3023396900814734,0.6866935103907735,-1.6533860925457657,0.10278337875560953,1.0,0.0,lunarlander_navigation_noise
lunarlander,ppo,17,330,-0.5327061968514663,0.04579845374124233,-0.05238121240383256,0.5882566105975814,2,right_thruster,0.009764777425869047,0.33689961183768524,0.6533356107364456,-1.5098723497052686,0.12432897730869642,1.0,0.0,lunarlander_navigation_noise
lunarlander,ppo,17,331,-0.4194999596703576,0.0322499258152629,-0.048681007251529684,0.6377014114849421,1,main_engine,0.009119037169388017,0.3526080301507984,0.6382729326798137,3.536833884856536,0.1432145508524794,1.0,0.0,lunarlander_navigation_noise
lunarlander,ppo,17,332,-0.40522968780448626,-0.06029337703188919,-0.14448502471931196,0.6883382977628787,1,main_engine,0.008829870121581348,0.3374547882877274,0.6537153415906913,-0.22969735664354402,0.20575524065642573,1.0,0.0,lunarlander_navigation_noise
lunarlander,ppo,17,333,-0.4312696366308868,0.06389888308108495,0.006682519806951594,0.6301850851892503,1,main_engine,0.00866920477816903,0.3700065521618797,0.6213242430599512,0.5425123425639186,0.10007167642351512,1.0,0.0,lunarlander_navigation_noise
lunarlander,ppo,17,334,-0.4336843770917752,-0.023354823833767753,0.026408977169429845,0.6749753403823453,2,right_thruster,0.007209712667562884,0.43749460922364297,0.5552956781087942,-1.1880887908895477,0.14941289571837887,1.0,0.0,lunarlander_navigation_noise
lunarlander,ppo,17,335,-0.41002957939713564,0.053559228432615597,-0.09610516160980938,0.6460067657518566,2,right_thruster,0.009633593245198113,0.29886597256265285,0.691500434192149,-1.2324939992876842,0.050610000371410564,1.0,0.0,lunarlander_navigation_noise
lunarlander,ppo,17,336,-0.4241317652790723,0.005620321458369468,-0.10317690153522265,0.6422183381773378,2,right_thruster,0.009573925586653792,0.33014310011668363,0.6602829742966626,-1.3342363776239803,0.08390456844502883,1.0,0.0,lunarlander_navigation_noise
lunarlander,ppo,17,337,-0.3838401973904706,-0.04325577872009335,-0.07846756526688821,0.6913827734486593,1,main_engine,0.008185590189338208,0.376342128354799,0.6154722814558627,12.954815236051491,0.12141976410783978,1.0,0.0,lunarlander_navigation_noise
lunarlander,ppo,17,338,-0.4417784330512508,-0.0006612553403215257,0.004410086140670143,0.7433724016425276,2,right_thruster,0.006454042804543418,0.37187582666041413,0.6216701305350425,0.6141562140197266,0.18891713560949053,1.0,0.0,lunarlander_navigation_noise
lunarlander,ppo,17,339,-0.29070325182614676,0.0057091239478249374,-0.1065958656774233,0.7209431646207101,2,right_thruster,0.008569247481298822,0.32189269130429904,0.6695380612144021,1.1325066698392583,0.11491690145738417,1.0,0.0,lunarlander_navigation_noise
lunarlander,ppo,17,340,-0.371975624603383,0.05152384832237876,-0.09199351140032558,0.655456693164585,2,right_thruster,0.009599505757867848,0.3065761784384296,0.6838243158037026,1.20490422910555,0.17146456740595337,1.0,0.0,lunarlander_navigation_noise
lunarlander,ppo,17,341,-0.3233166074176018,0.023070492572722624,0.05214371482158536,0.5816511074283973,1,main_engine,0.009682610921132288,0.49092543276120926,0.49939195631765854,4.48192827952728,0.04157451045807645,1.0,0.0,lunarlander_navigation_noise
lunarlander,ppo,17,342,-0.3539373410614174,0.01275263368202616,0.06406077551410604,0.5583629979451081,2,right_thruster,0.009810330469303666,0.5150394614316135,0.4751502080990828,0.9724663531265832,0.08088471894401676,1.0,0.0,lunarlander_navigation_noise
lunarlander,ppo,17,343,-0.31321599504259257,0.023942662620390808,-0.0025864536909829938,0.5405573856638466,1,main_engine,0.01223721555485117,0.46850659148366247,0.5192561929614864,-3.8475663355695575,0.23321456205734264,1.0,0.0,lunarlander_navigation_noise
lunarlander,ppo,17,344,-0.43014188271686143,-0.06430783273168593,-0.005269524516171471,0.3591131243926714,2,right_thruster,0.019411167071134272,0.6221776783804417,0.358411154548424,1.378217934883329,0.1741942516679655,1.0,0.0,lunarlander_navigation_noise
lunarlander,ppo,17,345,-0.31245186039295275,0.036761609837616865,0.015615672911781998,0.4355426492288641,1,main_engine,0.017246824255218517,0.5330056033553987,0.4497475723893827,2.5062710968861888,0.1623495905595188,1.0,0.0,lunarlander_navigation_noise
lunarlander,ppo,17,346,-0.37431232837160666,0.06044461225283622,-0.09684190475327807,0.3389865480305813,2,right_thruster,0.03301581214641599,0.4416089189046193,0.5253752689489648,1.1079112023000306,0.20041497908872485,1.0,0.0,lunarlander_navigation_noise
lunarlander,ppo,17,347,-0.3163697118346329,0.006513246062202667,0.08712626259981966,0.33150736535212966,2,right_thruster,0.0204729079017132,0.682242884156835,0.29728420794145194,1.3325888694473251,0.14640877991791015,1.0,0.0,lunarlander_navigation_noise
lunarlander,ppo,17,348,-0.40954694864965596,0.08509325239707946,0.02246862403244973,0.28253690736090553,2,right_thruster,0.030810429739528876,0.5548798520210915,0.4143097182393796,1.317683456654451,0.12226154036365493,1.0,0.0,lunarlander_navigation_noise
lunarlander,ppo,17,349,-0.36766179410063954,-0.027779127548006884,0.008478984385112878,0.2985878857911559,1,main_engine,0.026820190227188997,0.6530036539960951,0.32017615577671604,7.613352139730321,0.08736980949189388,1.0,0.0,lunarlander_navigation_noise
lunarlander,ppo,17,350,-0.39739333296982365,0.0034100584614875484,-0.026047511337679727,0.23087765778763222,1,main_engine,0.04146138134112131,0.6224043235818508,0.3361342950770278,3.852899923871926,0.09503285641205225,1.0,0.0,lunarlander_navigation_noise
lunarlander,ppo,17,351,-0.332788574626215,0.038895566079453894,-0.014947859249972714,0.1719281415061157,1,main_engine,0.06191522433046841,0.6430404080334883,0.29504436763604336,5.481873860380262,0.15982767721157842,1.0,0.0,lunarlander_navigation_noise
lunarlander,ppo,17,352,-0.3438250650229134,0.05735959692839753,0.03557827751001928,0.32202568096460227,1,main_engine,0.025824242069572175,0.590417216124035,0.3837585418063928,3.73774472749053,0.14372474216222114,1.0,0.0,lunarlander_navigation_noise
lunarlander,ppo,17,353,-0.3507749855659041,-0.015934232706952225,-0.017026852123020617,0.21036004172083822,1,main_engine,0.04565410102435708,0.6705352736706488,0.2838106253049941,3.9376980179131458,0.1272239065471709,1.0,0.0,lunarlander_navigation_noise
lunarlander,ppo,17,354,-0.40534145486707657,0.0032815870732205276,-0.08686137416952078,0.12112823894940321,1,main_engine,0.08932720872852462,0.6080650063698153,0.3026077849016601,5.440002596644485,0.1522634725317745,1.0,0.0,lunarlander_navigation_noise
lunarlander,ppo,17,355,-0.319691263340679,0.06510110023878139,0.016681847897745822,0.15725798728547138,1,main_engine,0.06358821308907778,0.65713775864308,0.27927402826784214,2.4502385681935746,0.185437657006924,1.0,0.0,lunarlander_navigation_noise
lunarlander,ppo,17,356,-0.3924421880296228,0.095477888347282,0.06097358397379815,-0.004636794757378271,1,main_engine,0.12148047274990362,0.6901873964998413,0.18833213075025512,0.12860551572379902,0.15862240163949462,1.0,0.0,lunarlander_navigation_noise
lunarlander,ppo,17,357,-0.41304114251867613,0.052759239534167904,-0.009688749104712055,0.1292239579049408,1,main_engine,0.07009042665827886,0.6324725225315029,0.29743705081021826,1.90348009844318,0.13515196031121762,1.0,0.0,lunarlander_navigation_noise
lunarlander,ppo,17,358,-0.34569488315435404,-0.0359394536133813,-0.0851299761718529,0.11612064465525465,1,main_engine,0.09206025586703566,0.6599951752178083,0.24794456891515607,1.3141724023849688,0.07614866516705732,1.0,0.0,lunarlander_navigation_noise
lunarlander,ppo,17,359,-0.3545356351205211,-0.07197944731323808,-0.06440527365982235,0.052937847381792295,1,main_engine,0.10861849077144974,0.7147997793563381,0.17658172987221224,-0.15158918317515258,0.1377541188943812,1.0,0.0,lunarlander_navigation_noise
lunarlander,ppo,17,360,-0.35469987444639967,0.05216937948805502,-0.04191171633202634,-0.0023548192243212254,1,main_engine,0.17046071543434174,0.6253791635373288,0.20416012102832948,0.10569939807290553,0.08239582794530864,1.0,0.0,lunarlander_navigation_noise
lunarlander,ppo,17,361,-0.4075380380791826,0.024364584222761415,-0.04109279429019308,-0.059130022030235235,0,left_thruster,0.1993161939524473,0.6340559817241698,0.166627824323383,4.870344602134122,0.15468441069758548,1.0,0.0,lunarlander_navigation_noise
lunarlander,ppo,17,362,-0.29908524048503593,0.12524988064577294,-0.0238965386794025,-0.017999700301955402,1,main_engine,0.21346536186348558,0.5744284728399476,0.21210616529656678,1.691561091064492,0.16913766954503104,1.0,0.0,lunarlander_navigation_noise
lunarlander,ppo,17,363,-0.3508988279652855,-0.01806543780533554,0.014705641967491967,-0.08039757332750437,1,main_engine,0.17381132471509625,0.7178705552729188,0.10831812001198506,0.7782507453177706,0.15285793352846078,1.0,0.0,lunarlander_navigation_noise
lunarlander,ppo,17,364,-0.3906702122891402,0.12105536670645273,-0.01782532085927102,-0.11742355124993248,2,right_thruster,0.2951999675039063,0.5414900121194371,0.16331002037665657,5.014332770745451,0.14070954882138922,1.0,0.0,lunarlander_navigation_noise
lunarlander,ppo,17,365,-0.3405819698844066,0.048005869201707414,-0.014200367035801596,-0.2266983229330867,1,main_engine,0.4022842137514528,0.5203898207212313,0.07732596552731591,1.119047357030327,0.118483879075338,1.0,0.0,lunarlander_navigation_noise
lunarlander,ppo,17,366,-0.4044102284890219,-0.039492719715369586,-0.05215156583395665,-0.1972350160659859,1,main_engine,0.32838481827561256,0.5880663191672381,0.0835488625571494,-2.163815006749101,0.18850384992142544,1.0,0.0,lunarlander_navigation_noise
lunarlander,ppo,17,367,-0.33270306303819686,0.1316389139185388,-0.04796633443369544,-0.23022337258951264,0,left_thruster,0.5090565541139336,0.3954305250927132,0.0955129207933532,0.021057548933611378,0.16665556168181525,1.0,0.0,lunarlander_navigation_noise
lunarlander,ppo,17,368,-0.35865576882338096,0.05574611828979146,-0.15345784842206073,-0.1291671637253131,1,main_engine,0.42305494929696824,0.42166140302502253,0.15528364767800934,-7.3200164689301115,0.15508506949189435,1.0,0.0,lunarlander_navigation_noise
lunarlander,ppo,17,369,-0.3439700946291945,0.079918848626018,-0.021431609379497604,-0.20545910999184872,1,main_engine,0.404244880653993,0.5022032547841996,0.09355186456180752,-3.769261033283576,0.13817598327572425,1.0,0.0,lunarlander_navigation_noise
lunarlander,ppo,17,370,-0.2873283268973426,0.06853350303399994,-0.14168668832002151,-0.24142301407890313,1,main_engine,0.5976541272483518,0.32249455400155813,0.07985131875009002,-3.615787654158232,0.18731776006334,1.0,0.0,lunarlander_navigation_noise
lunarlander,ppo,17,371,-0.3598595074377967,0.08611469471789518,-0.0007879176918670072,-0.33973684433184315,1,main_engine,0.5520633575488214,0.3962616511897479,0.051674991261430665,-4.615547947541699,0.1529598997846317,1.0,0.0,lunarlander_navigation_noise
lunarlander,ppo,17,372,-0.35719656620306306,0.012262117043369658,-0.09092770206823689,-0.24069010925433212,1,main_engine,0.47782952485152796,0.44499899055652364,0.07717148459194834,-6.064472188138331,0.09819734363929916,1.0,0.0,lunarlander_navigation_noise
lunarlander,ppo,17,373,-0.27272038596163484,-0.03365621176140316,-0.11068901999297333,-0.23795320164050932,1,main_engine,0.4891332790734936,0.44859267281806486,0.06227404810844145,-5.466548526815729,0.1788370747973276,1.0,0.0,lunarlander_navigation_noise
lunarlander,ppo,17,374,-0.3979725071110564,0.09230644967255458,-0.10671126625074442,-0.2582556859534177,0,left_thruster,0.5624196191533549,0.3455338703142179,0.09204651053242724,0.22459784627836193,0.19383068453066812,1.0,0.0,lunarlander_navigation_noise
lunarlander,ppo,17,375,-0.33429044984610334,-0.05790413393744046,-0.17313451387686607,-0.3391238663117901,1,main_engine,0.63863642226619,0.3166539117467006,0.04470966598710928,-4.947982675971561,0.17485819286972437,1.0,0.0,lunarlander_navigation_noise
lunarlander,ppo,17,376,-0.3742039263340958,0.040979110786968954,-0.06853557835606422,-0.4300274889513521,1,main_engine,0.680987418766444,0.28440269048218325,0.034609890751372746,-3.462658388410815,0.1852678071198217,1.0,0.0,lunarlander_navigation_noise
lunarlander,ppo,17,377,-0.3511587457033575,0.11632163667243677,-0.23078233741788878,-0.3876887009217455,0,left_thruster,0.8143507313026068,0.13826385779874606,0.047385410898647055,0.14293482527847684,0.24067357819082041,1.0,0.0,lunarlander_navigation_noise
lunarlander,ppo,17,378,-0.3714056282167046,0.035204497274752056,-0.01106054501918749,-0.43922682883402286,1,main_engine,0.6293899795605646,0.33914135909127413,0.03146866134816132,-5.644580483581356,0.18353609569994736,1.0,0.0,lunarlander_navigation_noise
lunarlander,ppo,17,379,-0.32176915344935986,0.02852736543215717,-0.18559131888982994,-0.4124659678627786,0,left_thruster,0.766683212446936,0.1977885620790995,0.03552822547396446,0.42779582173240666,0.10631610533993083,1.0,0.0,lunarlander_navigation_noise
lunarlander,ppo,17,380,-0.30147271672807746,0.06966695439062152,-0.09210022302998896,-0.43386966208421784,0,left_thruster,0.7363429544660808,0.23208222449140953,0.031574821042509645,0.6457404081003756,0.04956513008690931,1.0,0.0,lunarlander_navigation_noise
lunarlander,ppo,17,381,-0.302725905796003,0.09172515736186276,-0.0984913758303229,-0.38996384828633246,0,left_thruster,0.7200391198734875,0.23998334515566416,0.03997753497084822,0.8007583983663665,0.04442885065119885,1.0,0.0,lunarlander_navigation_noise
lunarlander,ppo,17,382,-0.3331937393829115,0.0898135100759549,-0.1186370146581256,-0.41518552007035564,0,left_thruster,0.7495877213509596,0.21264218586821912,0.03777009278082132,1.031623773991692,0.09237736887760865,1.0,0.0,lunarlander_navigation_noise
lunarlander,ppo,17,383,-0.3782478335864381,0.1526117024296612,-0.08917408396825983,-0.37405123232253384,0,left_thruster,0.7182858962224461,0.2275976737815249,0.05411642999602911,1.180780173028728,0.10431097671839704,1.0,0.0,lunarlander_navigation_noise
lunarlander,ppo,17,384,-0.38691222815569454,0.11596038024348046,-0.1540468960185432,-0.4465350716895789,0,left_thruster,0.7998227936986103,0.16263069604328223,0.03754651025810751,1.2202970511254356,0.09320236116534758,1.0,0.0,lunarlander_navigation_noise
lunarlander,ppo,17,385,-0.2981460691336554,0.10286351658484123,-0.17161417620065594,-0.4284488346962154,0,left_thruster,0.8067928701059425,0.15877320153553412,0.03443392835852335,1.3300697570076414,0.10339786318999905,1.0,0.0,lunarlander_navigation_noise
lunarlander,ppo,17,386,-0.3707170119342476,0.05392445528729352,-0.13028237306622498,-0.4647975169592967,0,left_thruster,0.7674686272113735,0.201565702758451,0.03096567003017543,1.2371859656579225,0.19662540818424074,1.0,0.0,lunarlander_navigation_noise
lunarlander,ppo,17,387,-0.2782738708959335,0.06782879560616678,-0.0005597970720739101,-0.3503661426936335,0,left_thruster,0.5720288069928752,0.38690191053391415,0.04106928247321082,0.9201781547520392,0.15051513705950822,1.0,0.0,lunarlander_navigation_noise
lunarlander,ppo,17,388,-0.40450914879958566,0.10023843335694219,-0.022805112673502482,-0.42229821072512136,1,main_engine,0.6633714557249804,0.29642712118196946,0.04020142309305018,1.4523990988149909,0.0647947060585823,1.0,0.0,lunarlander_navigation_noise
lunarlander,ppo,17,389,-0.35425503007000614,0.09420435760936838,-0.01700059859763839,-0.38226353787586426,0,left_thruster,0.6249600341728468,0.3316305883917089,0.04340937743544422,1.2460910573050608,0.10451389981238547,1.0,0.0,lunarlander_navigation_noise
lunarlander,ppo,17,390,-0.3889646450507912,0.09214532412982443,-0.06460962233642298,-0.2959644120306451,1,main_engine,0.5669354219960903,0.3607358347497943,0.07232874325411542,0.3150623519095262,0.05564244613504384,1.0,0.0,lunarlander_navigation_noise
lunarlander,ppo,17,391,-0.34685945719479777,0.09237173554906056,-0.039596569106959724,-0.32237522181588335,0,left_thruster,0.5835877510412819,0.35886972787581656,0.05754252108290165,2.0952960752070955,0.11109303836803311,1.0,0.0,lunarlander_navigation_noise
lunarlander,ppo,17,392,-0.3621613522758189,0.06850342049191227,0.02100852051015863,-0.2336912783446751,1,main_engine,0.37912970075465696,0.5435947363964965,0.07727556284884654,-0.8702299168350226,0.15703341054957046,1.0,0.0,lunarlander_navigation_noise
lunarlander,ppo,17,393,-0.2611980482738864,0.1270733885491267,-0.03367650318802614,-0.14399729694821153,1,main_engine,0.3944663467112362,0.48334482689022096,0.1221888263985429,-1.9084710118849637,0.17932144125245061,1.0,0.0,lunarlander_navigation_noise
lunarlander,ppo,17,394,-0.34274787706864474,0.11128391859794257,-0.06412243409717416,-0.2999765989281144,0,left_thruster,0.5987401091546939,0.33389706739071684,0.0673628234545894,3.115041156417437,0.08517185366111373,1.0,0.0,lunarlander_navigation_noise
lunarlander,ppo,17,395,-0.3863748787397155,0.06421906035710095,-0.013701422796929173,-0.2756137148728017,0,left_thruster,0.4627485260182884,0.46696373509297684,0.07028773888873462,2.1743770708384327,0.1018716789033319,1.0,0.0,lunarlander_navigation_noise
lunarlander,ppo,17,396,-0.35660082263218196,0.09957856961905515,-0.0958903594616498,-0.23706467675036183,0,left_thruster,0.5415035567885469,0.36353134487080674,0.0949650983406463,-0.438974621792994,0.06139084659336415,1.0,0.0,lunarlander_navigation_noise
lunarlander,ppo,17,397,-0.40284452348057753,0.08685398970872771,-0.06682995466513669,-0.2120860035177308,2,right_thruster,0.44990977611652205,0.44034539688534496,0.10974482699813302,-2.2313649017398745,0.11214582151390928,1.0,0.0,lunarlander_navigation_noise
lunarlander,ppo,17,398,-0.3444340417783207,0.07999816780651535,0.0046088737415422125,-0.27544523656443165,0,left_thruster,0.46585206319871264,0.46828257492797914,0.0658653618733083,-1.2563905791351972,0.06827833110816045,1.0,0.0,lunarlander_navigation_noise
lunarlander,ppo,17,399,-0.28699179475131503,0.06014242603158099,-0.02006083011726288,-0.2564854373700828,0,left_thruster,0.473129708971798,0.4628985173390147,0.06397177368918731,-1.1255339644481632,0.12896834493012538,1.0,0.0,lunarlander_navigation_noise
lunarlander,ppo,17,400,-0.3579688685348438,0.0739487166898915,0.04838824041116429,-0.1745147104415264,1,main_engine,0.28240016109412197,0.6236029324861317,0.0939969064197462,2.093141602296952,0.13285583160537875,1.0,0.0,lunarlander_navigation_noise
lunarlander,ppo,17,401,-0.2942135909525911,0.18603178097596673,0.018480791858039462,-0.185866705563635,2,right_thruster,0.4226111861080662,0.46303028427596155,0.1143585296159722,-1.7895739886205888,0.12451721388181801,0.0,0.0,none
lunarlander,ppo,17,402,-0.3588002423445384,0.08967666824658711,0.0626758486032486,-0.17608968019485474,0,left_thruster,0.27925276273117466,0.6258682980511285,0.09487893921769673,-0.7928859838202567,0.030912164265587135,0.0,0.0,none
lunarlander,ppo,17,403,-0.35851962864398956,0.08739600578943889,0.074898362159729,-0.14778964668512345,1,main_engine,0.2358209301852975,0.6620083764257885,0.10217069338891409,0.7748494166350218,0.020338347453868318,0.0,0.0,none
lunarlander,ppo,17,404,-0.35799617568651837,0.08513717850049336,0.07416517287492752,-0.12759720981121064,1,main_engine,0.2150614143744589,0.6754106471209949,0.10952793850454626,1.0288215345653333,0.012429114575278311,0.0,0.0,none
lunarlander,ppo,17,405,-0.3574475149313609,0.0828632911046346,0.07475508749485016,-0.11540445387363435,1,main_engine,0.20197857852131673,0.6845435094030201,0.11347791207566323,0.7858835675968822,0.013911522842208309,0.0,0.0,none
lunarlander,ppo,17,406,-0.35684168338775635,0.08055563767751057,0.07594668120145798,-0.10175094604492188,1,main_engine,0.18774310888652423,0.6943575678094503,0.11789932330402549,2.1034519730717207,0.02238706180017218,0.0,0.0,none
lunarlander,ppo,17,407,-0.35599557061990106,0.07860208054383595,0.06416955590248108,-0.08283144384622575,0,left_thruster,0.17893864932914946,0.6920378356910576,0.12902351497979284,0.0367524836675301,0.03221105183896751,0.0,0.0,none
lunarlander,ppo,17,408,-0.35520898799101513,0.07626443604628245,0.07693702727556229,-0.05336179435253144,2,right_thruster,0.14663515330668603,0.7163438404533834,0.1370210062399306,-1.3788331232288074,0.014301077733421421,0.0,0.0,none
lunarlander,ppo,17,409,-0.3543530652920405,0.07351308564345042,0.09092959016561508,-0.05401484519243241,1,main_engine,0.13837723584796807,0.7313084111775121,0.13031435297451982,2.2918595058908378,0.022678918231880552,0.0,0.0,none
lunarlander,ppo,17,410,-0.3532939652601878,0.07113247613112132,0.07861270755529404,-0.035151156783103946,1,main_engine,0.13172108700148197,0.7260482790868819,0.14223063391163623,1.299042624610057,0.013767114633483093,0.0,0.0,none
lunarlander,ppo,17,411,-0.3522181510925293,0.0687648852666219,0.07825969159603119,-0.021636499464511877,2,right_thruster,0.12269103222378668,0.7298108304958768,0.14749813728033642,-1.3165270001388434,0.014254665233554358,0.0,0.0,none
lunarlander,ppo,17,412,-0.3510834028323492,0.06598358849684398,0.09219327569007874,-0.021470819413661968,1,main_engine,0.11532046199576411,0.7441905514273301,0.14048898657690562,1.5085556227363912,0.011145972480695836,0.0,0.0,none
lunarlander,ppo,17,413,-0.349958340326945,0.06325588623682658,0.09046999365091324,-0.010861536860466009,1,main_engine,0.10950105368793969,0.7459172439403706,0.14458170237168982,2.2827914376383385,0.020079135183273727,0.0,0.0,none
lunarlander,ppo,17,414,-0.3487053761879603,0.060906797647476196,0.0778944343328476,0.004563729465007771,1,main_engine,0.1060771411133384,0.7380610627937566,0.15586179609290496,2.7800435708854687,0.013920715888271975,0.0,0.0,none
lunarlander,ppo,17,415,-0.34747925897439325,0.05885439614454905,0.06807369738817215,0.014135758578777302,1,main_engine,0.10473649478120935,0.7315359656481523,0.16372753957063843,2.6959688794278764,0.00919599264571306,0.0,0.0,none
lunarlander,ppo,17,416,-0.3463517377773921,0.05698457360267639,0.06205442175269127,0.02073629349470138,1,main_engine,0.10342556380111911,0.7278941112862168,0.16868032491266408,2.8615617742958124,0.01488033979585332,0.0,0.0,none
lunarlander,ppo,17,417,-0.34525493780771893,0.055473764737447105,0.050141043961048126,0.029454689472913742,1,main_engine,0.10347698169670186,0.7185555359268163,0.17796748237648174,3.1304085736722334,0.015911840939688723,0.0,0.0,none
lunarlander,ppo,17,418,-0.3442171464363734,0.05438662072022756,0.0360695943236351,0.03672944679856299,0,left_thruster,0.10523616952033932,0.7065663341758488,0.18819749630381186,0.7678659625962708,0.03352956376289444,0.0,0.0,none
lunarlander,ppo,17,419,-0.34326160947481793,0.05290070176124573,0.04937821626663208,0.06745388694107532,1,main_engine,0.0849813207101125,0.7170020446783767,0.19801663461151092,2.224470850655728,0.022573492897857157,0.0,0.0,none
lunarlander,ppo,17,420,-0.34221184750398004,0.05186887582143148,0.034302398562431335,0.08419054243713617,1,main_engine,0.08252968040751138,0.7018232165613045,0.21564710303118412,1.3449582674998466,0.022818846758198508,0.0,0.0,none
lunarlander,ppo,17,421,-0.3410835315783819,0.051297386487325035,0.019021620973944664,0.10109018464572728,1,main_engine,0.08012413732108602,0.6849407785818845,0.2349350840970294,-0.17549960460592073,0.010775240755689926,0.0,0.0,none
lunarlander,ppo,17,422,-0.34005646904309594,0.05086236695448557,0.014536608010530472,0.11082395948469638,1,main_engine,0.07747673820019489,0.6789054655174869,0.24361779628231822,-2.099949824888918,0.02518676440911862,0.0,0.0,none
lunarlander,ppo,17,423,-0.33895326157410943,0.05097017685572306,-0.0034904791973531246,0.12837868928909302,1,main_engine,0.07566715192934254,0.6569414988360145,0.26739134923464297,-3.0809682851381544,0.022487978176746568,0.0,0.0,none
lunarlander,ppo,17,424,-0.33775337040424347,0.051427751779556274,-0.015071924775838852,0.14761225804686545,1,main_engine,0.07146879548997598,0.6391147437109707,0.2894164607990533,-3.2194092534324676,0.026964762452781354,0.0,0.0,none
lunarlander,ppo,17,425,-0.3365565091371536,0.052529151240984596,-0.03645585477352142,0.1639579117298126,2,right_thruster,0.07093433921012823,0.6109497790432488,0.31811588174662303,-1.0764456262219926,0.013608627876036542,0.0,0.0,none
lunarlander,ppo,17,426,-0.3352893143892288,0.05322962502638499,-0.023068230599164963,0.161990724503994,1,main_engine,0.06858420673603975,0.6246818758937109,0.3067339173702493,0.22048593777268707,0.0075151777627978115,0.0,0.0,none
lunarlander,ppo,17,427,-0.33416882157325745,0.05391288300355276,-0.022457612678408623,0.16936518698930741,1,main_engine,0.06599282365193145,0.6219289253526226,0.312078250995446,-2.7537035349639507,0.021726582096826035,0.0,0.0,none
lunarlander,ppo,17,428,-0.3330608705679576,0.05508413910865784,-0.0386652871966362,0.1837442085146904,1,main_engine,0.06490140246010505,0.5987837225502761,0.3363148749896189,-3.216002910699257,0.02323482111645085,0.0,0.0,none
lunarlander,ppo,17,429,-0.3320402652025223,0.0568481981754303,-0.05837555229663849,0.19587717279791833,2,right_thruster,0.06527897918705247,0.5717237065977704,0.36299731421517717,0.07462791185609376,0.01342585534372542,0.0,0.0,none
lunarlander,ppo,17,430,-0.33095983167489373,0.05821719765663147,-0.045226678252220154,0.19379890263080596,1,main_engine,0.06339507817079255,0.5849901242007409,0.35161479762846665,-1.3873818362355854,0.01475474747069721,0.0,0.0,none
lunarlander,ppo,17,431,-0.3300969551006953,0.06000247597694397,-0.059097353368997574,0.19842223152518274,1,main_engine,0.06502786506882763,0.5670193341976256,0.3679528007335467,-4.313032806923023,0.023731554656220382,0.0,0.0,none
lunarlander,ppo,17,432,-0.3292851150035858,0.06239138046900431,-0.0791701152920723,0.21082807555794714,1,main_engine,0.06521851696548185,0.5380116949329475,0.3967697881015706,-3.684035640747569,0.019323951737592448,0.0,0.0,none
lunarlander,ppo,17,433,-0.3284968932469686,0.0651928981145223,-0.09286970645189285,0.2241422228515148,2,right_thruster,0.06364861710119107,0.5144219512540749,0.4219294316447342,0.8959247622805441,0.015220725328929815,0.0,0.0,none
lunarlander,ppo,17,434,-0.32763389249642694,0.0676072637240092,-0.08005185425281525,0.2163448378443718,1,main_engine,0.06407333143745463,0.5292994937292776,0.4066271748332678,-2.6553641116565307,0.015867937160110045,0.0,0.0,none
lunarlander,ppo,17,435,-0.32671908537546795,0.07022710641225179,-0.08683722466230392,0.23041785210371019,2,right_thruster,0.060913777425530745,0.5127072122079662,0.426379010366503,0.9649836830919242,0.013473667755651128,0.0,0.0,none
lunarlander,ppo,17,436,-0.32575433452924096,0.07246180375417073,-0.07406377047300339,0.22688883319497108,2,right_thruster,0.059926648433504544,0.5256879270745742,0.4143854244919212,0.7994368166094079,0.015530098113074538,0.0,0.0,none
lunarlander,ppo,17,437,-0.32472496231396997,0.07430801788965861,-0.061215177178382874,0.2184254128485918,1,main_engine,0.0604669451113618,0.5415787514560102,0.397954303432628,-1.3368212433152735,0.010779550172250504,0.0,0.0,none
lunarlander,ppo,17,438,-0.3238184005022049,0.07643809914588928,-0.07067486643791199,0.22304643876850605,1,main_engine,0.06102613404404023,0.5273849244607871,0.41158894149517267,0.10836940463672307,0.002760982686229554,0.0,0.0,none
lunarlander,ppo,17,439,-0.3230927884578705,0.07861123482386272,-0.07213900983333588,0.2235263116657734,0,left_thruster,0.06138804216924977,0.5234686232015713,0.4151433346291791,2.15293794341684,0.02467604179347129,0.0,0.0,none
lunarlander,ppo,17,440,-0.32243072986602783,0.08037329216798146,-0.05830139294266701,0.24387045651674272,0,left_thruster,0.05289026501269656,0.525776209966114,0.4213335250211895,2.0047560853500297,0.028546103613238515,0.0,0.0,none
lunarlander,ppo,17,441,-0.3218426803747813,0.08172264695167542,-0.044374074786901474,0.268745007365942,1,main_engine,0.04462996743970678,0.5253366833405793,0.430033349219714,-1.6561913278554778,0.012310842585303766,0.0,0.0,none
lunarlander,ppo,17,442,-0.3212803105513255,0.08317962288856506,-0.04791104421019554,0.2804329350590706,2,right_thruster,0.04258172468082727,0.5138526650614176,0.44356561025775504,0.7767576714225759,0.013071024640600998,0.0,0.0,none
lunarlander,ppo,17,443,-0.32066953678925836,0.08425526817639668,-0.03528615087270737,0.2772811584174633,1,main_engine,0.04178218035070952,0.5274189810866922,0.4307988385625984,-3.696148208945963,0.02290019227617378,0.0,0.0,none
lunarlander,ppo,17,444,-0.3201872607072195,0.08594112594922383,-0.05558401346206665,0.2877377770841122,2,right_thruster,0.04213827005027661,0.49934160564828395,0.45852012430143946,0.9991222015256732,0.01585400510182789,0.0,0.0,none
lunarlander,ppo,17,445,-0.3196351230144501,0.08725242813428243,-0.04325217381119728,0.2778761930763721,0,left_thruster,0.04286187275699881,0.5161349702728134,0.44100315697018777,2.1233360379519652,0.02943982145523184,0.0,0.0,none
lunarlander,ppo,17,446,-0.3191620111465454,0.08814216653505962,-0.02898911014199257,0.3036104626953602,1,main_engine,0.03620421950308329,0.5150474801036663,0.4487483003932504,-0.7628378789058992,0.006991363327773492,0.0,0.0,none
lunarlander,ppo,17,447,-0.3188640375932058,0.08915677666664124,-0.03315787389874458,0.30912248119711877,1,main_engine,0.03570643230899934,0.5067214360661338,0.45757213162486676,-0.3684801586883515,0.0023584274500451073,0.0,0.0,none
lunarlander,ppo,17,448,-0.3187863528728485,0.09014740586280823,-0.03240003436803818,0.31112260073423387,1,main_engine,0.035325315977595584,0.5052996703056175,0.45937501371678685,-2.56268235692593,0.00538812129079113,0.0,0.0,none
lunarlander,ppo,17,449,-0.3189669797817866,0.09128871560096741,-0.03747173026204109,0.31252778321504593,1,main_engine,0.0356166956324946,0.49816915476881896,0.4662141495986864,-2.9959093657557645,0.004996537559999702,0.0,0.0,none
lunarlander,ppo,17,450,-0.3193717698256175,0.092559148867925,-0.04181446507573128,0.31460821256041527,1,main_engine,0.03570802693535792,0.4911742392479427,0.4731177338166994,-1.9360277588287569,0.010864723323368556,0.0,0.0,none
lunarlander,ppo,17,451,-0.3198022395372391,0.09394899010658264,-0.04573170095682144,0.32463719621300696,1,main_engine,0.034380707710164854,0.4799275220361001,0.48569177025373506,-3.516046809725741,0.013095891902880494,0.0,0.0,none
lunarlander,ppo,17,452,-0.3203463554382324,0.09562970201174419,-0.055388856679201126,0.333304426074028,1,main_engine,0.033835979843909444,0.4634612225023896,0.502702797653701,-2.570130507338405,0.003284360040771568,0.0,0.0,none
lunarlander,ppo,17,453,-0.32108716666698456,0.09732318917910258,-0.055850084871053696,0.33597979322075844,1,main_engine,0.03345674211694204,0.4595027689772328,0.5070404889058252,-4.032767912315665,0.01579345132238384,0.0,0.0,none
lunarlander,ppo,17,454,-0.32194601992766064,0.09939127167065938,-0.06828275322914124,0.345458573102951,1,main_engine,0.03299615181503282,0.4395136377971576,0.5274902103878096,-5.2119425177391125,0.018665045571148755,0.0,0.0,none
lunarlander,ppo,17,455,-0.32298887769381207,0.10195117195447286,-0.08463811129331589,0.3540169343352318,1,main_engine,0.03297302008823721,0.41589887514799906,0.5511281047637637,-5.307446955363719,0.010291364918643917,0.0,0.0,none
lunarlander,ppo,17,456,-0.32437113424142205,0.10480256875356038,-0.09442691504955292,0.35424146950244906,1,main_engine,0.03374313937194485,0.40300144863315623,0.5632554119948989,-4.382322732591096,0.01509186189010543,0.0,0.0,none
lunarlander,ppo,17,457,-0.32590925693511963,0.10802055398623149,-0.1066058799624443,0.3624094471335411,2,right_thruster,0.03335585985576607,0.3834240839691322,0.5832200561751018,1.5025864725258264,0.014555224637603677,0.0,0.0,none
lunarlander,ppo,17,458,-0.32739773392677307,0.11085725824038188,-0.09405743330717087,0.355766511335969,2,right_thruster,0.0334717639368335,0.3955820899803922,0.5709461460827744,1.5680605818464222,0.014918290042902977,0.0,0.0,none
lunarlander,ppo,17,459,-0.3288402160008749,0.11331777771313985,-0.08168032020330429,0.3479417085647583,2,right_thruster,0.03377709437540246,0.4087628608322865,0.5574600447923111,1.9962082018228717,0.020354952113804437,0.0,0.0,none
lunarlander,ppo,17,460,-0.3302110731601715,0.11541548371315002,-0.0698486864566803,0.33156926529482006,2,right_thruster,0.035599373903880384,0.4266185725909531,0.5377820535051666,2.2641017063601034,0.022484719511268684,0.0,0.0,none
lunarlander,ppo,17,461,-0.3315078467130661,0.11714368065198262,-0.05779794603586197,0.3127099445089698,1,main_engine,0.037958886666719864,0.44676654409773814,0.515274569235542,-1.5596383911126948,0.0030970270593056013,0.0,0.0,none
lunarlander,ppo,17,462,-0.3329253693421682,0.11886878808339436,-0.05769673362374306,0.31056612394750116,2,right_thruster,0.03835363887212326,0.44583400337415363,0.5158123577537231,2.08383811838458,0.02069608972537877,0.0,0.0,none
lunarlander,ppo,17,463,-0.33428855240345,0.12022224068641663,-0.04550526663661003,0.2939526908099651,1,main_engine,0.04039411917985252,0.46550075857548584,0.49410512224466163,-3.5921521117127133,0.012737710020712709,0.0,0.0,none
lunarlander,ppo,17,464,-0.33585814138253534,0.12193665901819865,-0.057530082762241364,0.2904526602476835,1,main_engine,0.04248292217567902,0.45297239484150886,0.5045446829828122,-4.287523627056973,0.014714461021523541,0.0,0.0,none
lunarlander,ppo,17,465,-0.33768308659394586,0.12405548493067424,-0.07102669775485992,0.2853012625128031,2,right_thruster,0.04525130089656499,0.4392950485313545,0.5154536505720805,2.2011817973471586,0.022107944730252516,0.0,0.0,none
lunarlander,ppo,17,466,-0.339454064766566,0.12579851349194845,-0.05867952108383179,0.26713167428970336,2,right_thruster,0.048145690411909706,0.4592882484711161,0.49256606111697404,2.553011171856373,0.027365477289624747,0.0,0.0,none
lunarlander,ppo,17,467,-0.3411538153886795,0.1271724303563436,-0.04660024493932724,0.24267388135194778,2,right_thruster,0.05298518890547792,0.48285848254634745,0.4641563285481745,2.3520131200102794,0.02467523281337454,0.0,0.0,none
lunarlander,ppo,17,468,-0.3428026785453161,0.12816481788953146,-0.034021876752376556,0.22153273224830627,1,main_engine,0.057145772225945926,0.5055088784246278,0.43734534934942626,-1.9946101523638653,0.012930884703127173,0.0,0.0,none
lunarlander,ppo,17,469,-0.34460239112377167,0.1294312576452891,-0.04311760514974594,0.2126090183854103,2,right_thruster,0.06162162407478829,0.4985718980374475,0.4398064778877642,2.4167065153243494,0.02597502810051117,0.0,0.0,none
lunarlander,ppo,17,470,-0.3463505953550339,0.13031287988026938,-0.030408883467316628,0.1900400795042515,1,main_engine,0.06696432250367729,0.5216341469445517,0.4114015305517711,-0.9460381167812841,0.012005760108287626,0.0,0.0,none
lunarlander,ppo,17,471,-0.3482168912887573,0.1312661667664846,-0.03276050463318825,0.178454902023077,2,right_thruster,0.07182443584290205,0.5229772619588026,0.4051983021982955,2.7445298546104575,0.032349932580131836,0.0,0.0,none
lunarlander,ppo,17,472,-0.35001104076703393,0.13184686501820883,-0.020492080599069595,0.14858103841543197,0,left_thruster,0.08128494698919005,0.547889394142857,0.37082565886795293,0.353117698828695,0.014498274559948881,0.0,0.0,none
lunarlander,ppo,17,473,-0.35186623533566797,0.13200713197390238,-0.006263726856559515,0.15065142065286635,1,main_engine,0.07643514591295765,0.5616445094604907,0.36192034462655165,-2.028215159645868,0.022183610035143856,0.0,0.0,none
lunarlander,ppo,17,474,-0.3538931657870611,0.13274899125099182,-0.025599775835871696,0.13999445289373397,1,main_engine,0.08635428460616829,0.5437991611763874,0.36984655421744433,-1.6773777615753078,0.017763258146002128,0.0,0.0,none
lunarlander,ppo,17,475,-0.35612689952055615,0.13344665368398032,-0.024136444553732872,0.12244692593812943,2,right_thruster,0.09454843333961324,0.5504228120527623,0.3550287546076244,2.2303419544351417,0.02874731912081913,0.0,0.0,none
lunarlander,ppo,17,476,-0.35830820600191754,0.1337664226690928,-0.011602244339883327,0.09667015671730042,1,main_engine,0.10421130150463005,0.5711796251005866,0.32460907339478334,-0.44148394659384904,0.015444846654975598,0.0,0.0,none
lunarlander,ppo,17,477,-0.3605763117472331,0.1343194544315338,-0.01930704154074192,0.08348951786756516,1,main_engine,0.11487005992702051,0.5648829405097214,0.3202469995632582,-1.376189081644493,0.0186250793291,0.0,0.0,none
lunarlander,ppo,17,478,-0.3630120803912481,0.1350811024506887,-0.026223497465252876,0.0663856253027916,2,right_thruster,0.1290171157916656,0.5591538926605409,0.31182899154779353,2.8803377019905025,0.0362247022421104,0.0,0.0,none
lunarlander,ppo,17,479,-0.3653694689273834,0.13546762863794962,-0.01377440057694912,0.03245124220848085,2,right_thruster,0.1481180827071678,0.5759431842436528,0.27593873304917954,2.965406950299115,0.03856556896632807,0.0,0.0,none
lunarlander,ppo,17,480,-0.3676474094390869,0.135471781094869,-0.0010468882974237204,-0.003882275521755213,2,right_thruster,0.1709822426628637,0.5890792757944605,0.2399384815426759,2.567753662312711,0.03560410639272033,0.0,0.0,none
lunarlander,ppo,17,481,-0.3698685516913732,0.13508563240369162,0.012020937167108059,-0.03692469894886016,1,main_engine,0.19242744298607864,0.5987016775034664,0.20887087951045497,2.5076252346959778,0.018269794717181646,0.0,0.0,none
lunarlander,ppo,17,482,-0.37200522919495904,0.13504543900489807,0.0006607189425267279,-0.051072625815868355,1,main_engine,0.21433768731332528,0.5812253184323689,0.20443699425430578,1.374063613244208,0.01891502998789952,0.0,0.0,none
lunarlander,ppo,17,483,-0.3741455078125,0.13509012262026468,-0.002029148628935218,-0.0696726307272911,0,left_thruster,0.23604715994184508,0.571159484129509,0.19279335592864594,0.5924617525841347,0.014978315335233148,0.0,0.0,none
lunarlander,ppo,17,484,-0.3763429323832194,0.13473487893740335,0.011466528289020061,-0.07577687203884123,2,right_thruster,0.23107599799229858,0.5853837160448196,0.18354028596288177,2.499197924286022,0.03821182064003609,0.0,0.0,none
lunarlander,ppo,17,485,-0.3784673909346263,0.13398709893226624,0.024636805057525635,-0.11157651655375955,1,main_engine,0.2593251148867855,0.5847349196773747,0.15593996543583982,1.2546243084964988,0.028298362551627834,0.0,0.0,none
lunarlander,ppo,17,486,-0.3806549310684204,0.1337708036104838,0.00706025306135416,-0.13364527337253093,1,main_engine,0.3018804341227827,0.5496590027800244,0.1484605630971928,-0.42950644092964463,0.028458967181636253,0.0,0.0,none
lunarlander,ppo,17,487,-0.3828214357296626,0.13418484727541605,-0.013808472082018852,-0.15286879930645225,1,main_engine,0.34780617935115277,0.5091840143205227,0.1430098063283244,-3.813397108380914,0.025927408995730764,0.0,0.0,none
lunarlander,ppo,17,488,-0.3850618253151576,0.1348948081334432,-0.023528259247541428,-0.17679018899798393,1,main_engine,0.39081008512510035,0.47758162564903617,0.1316082892258636,-2.3028159555814787,0.020327366062922552,0.0,0.0,none
lunarlander,ppo,17,489,-0.3872420887152354,0.1358242134253184,-0.03070257231593132,-0.19566116407513617,0,left_thruster,0.4250883143858469,0.4520497948703703,0.12286189074378284,-2.752849192151883,0.013609148974195216,0.0,0.0,none
lunarlander,ppo,17,490,-0.38949668407440186,0.13636164863904318,-0.017545826733112335,-0.19825672656297683,2,right_thruster,0.41356604237940475,0.4666761434844898,0.11975781413610533,-1.035680653059565,0.03824957005600471,0.0,0.0,none
lunarlander,ppo,17,491,-0.3916792819897334,0.1364981234073639,-0.004001674707978964,-0.23396111279726028,0,left_thruster,0.44701277265181016,0.45286112487852037,0.10012610246966938,-3.258371522919616,0.013540867486441094,0.0,0.0,none
lunarlander,ppo,17,492,-0.3939343988895416,0.13624526063601175,0.009039712138473988,-0.2368120476603508,1,main_engine,0.43495652169288906,0.46769763251369356,0.09734584579341742,-2.5559759717175403,0.023938774576930933,0.0,0.0,none
lunarlander,ppo,17,493,-0.3962075213591258,0.13628153999646506,-0.0004697769181802869,-0.25866304636001586,1,main_engine,0.4749393793676818,0.4355320263317364,0.08952859430058183,-0.018664052372963612,0.014915399362798107,0.0,0.0,none
lunarlander,ppo,17,494,-0.3982739398876826,0.13655062516530356,-0.008149153552949429,-0.27127866446971893,1,main_engine,0.5002997629559032,0.4141519539408721,0.08554828310322472,-0.9722025506414224,0.01585175580591622,0.0,0.0,none
lunarlander,ppo,17,495,-0.4002194106578827,0.13692336281140646,-0.01151407603174448,-0.2866419866681099,1,main_engine,0.5241212125236693,0.3957114881056786,0.0801672993706522,-0.02685696197189201,0.012098441909686937,0.0,0.0,none
lunarlander,ppo,17,496,-0.4019699494043986,0.13734999299049377,-0.013250087387859821,-0.29847888499498365,0,left_thruster,0.5411915783057658,0.38261241648058014,0.07619600521365408,-2.7056984462274856,0.013112277279150505,0.0,0.0,none
lunarlander,ppo,17,497,-0.40379854540030163,0.13739133874575296,-0.0004696649266406894,-0.29618822038173676,0,left_thruster,0.5230652940720093,0.4006847359694375,0.07624996995855338,-2.4346221809380872,0.012885378891581391,0.0,0.0,none
lunarlander,ppo,17,498,-0.40567750732103985,0.13705230752627054,0.012169403955340385,-0.29781348556280135,0,left_thruster,0.5097106704389995,0.4155067996972683,0.07478252986373213,-2.555448946297349,0.013164935714160782,0.0,0.0,none
lunarlander,ppo,17,499,-0.4076078037420909,0.13632159431775412,0.02516636997461319,-0.2981801196932793,0,left_thruster,0.4938773432628776,0.4324959583302971,0.07362669840682544,-2.756845880063059,0.01372719369409293,0.0,0.0,none
lunarlander,ppo,17,500,-0.4096015791098277,0.1352023184299469,0.0380096398293972,-0.2939071409404278,0,left_thruster,0.4717536039530788,0.454324428655394,0.07392196739152725,-2.835477459907736,0.016260157483542544,0.0,0.0,none
lunarlander,ppo,17,501,-0.4116724679867427,0.13371153672536215,0.05023014172911644,-0.2834888376295567,0,left_thruster,0.44194689114500857,0.4818856065331259,0.07616750232186549,-2.4256046824527537,0.014013568954159901,0.0,0.0,none
lunarlander,ppo,17,502,-0.41379128893216455,0.131840189297994,0.06280488520860672,-0.2779875107109547,1,main_engine,0.4179982958248906,0.5055076560507333,0.07649404812437617,1.8429425738076202,0.0055183975276280545,0.0,0.0,none
lunarlander,ppo,17,503,-0.4156889021396637,0.13011308511098227,0.05795847252011299,-0.27860490083694456,0,left_thruster,0.4225853038943973,0.5006026358270097,0.07681206027859308,-2.4120299871656985,0.015701284884758342,0.0,0.0,none
lunarlander,ppo,17,504,-0.4176402588685354,0.1280011236667633,0.07065127044916153,-0.2698211058974266,1,main_engine,0.394322628992946,0.5276514171426355,0.07802595386441845,1.4446544838164805,0.014241723151471705,0.0,0.0,none
lunarlander,ppo,17,505,-0.4195008178551992,0.12626691659291586,0.05809832364320755,-0.27604854926466943,0,left_thruster,0.4150715557145015,0.5074673767280655,0.07746106755743305,-2.289376959623871,0.016866809883425694,0.0,0.0,none
lunarlander,ppo,17,506,-0.42141725619633996,0.1241544783115387,0.07055489718914032,-0.2650400107726455,0,left_thruster,0.3843472008887922,0.5362455720305355,0.0794072270806723,-2.2351967556294894,0.01765531205663638,0.0,0.0,none
lunarlander,ppo,17,507,-0.4233879347642263,0.12165169914563496,0.08342539519071579,-0.2533818442170741,1,main_engine,0.3527368390686537,0.5660311127426616,0.08123204818868483,1.6479653756122365,0.014196396079615042,0.0,0.0,none
lunarlander,ppo,17,508,-0.4252951343854269,0.11954384048779805,0.07030913233757019,-0.2580101086758077,0,left_thruster,0.3711687511368986,0.5473963294090244,0.08143491945407706,-2.1840676155125327,0.02020332647634868,0.0,0.0,none
lunarlander,ppo,17,509,-0.42726606130599976,0.11705394585927327,0.08287647366523743,-0.2425132636912167,1,main_engine,0.3355308842910407,0.5798984290418489,0.0845706866671104,3.6034371182869984,0.019108710896249898,0.0,0.0,none
lunarlander,ppo,17,510,-0.4290550450483958,0.1151321033636729,0.06395173817873001,-0.2421918955631554,2,right_thruster,0.35389373994878953,0.5584976971664285,0.08760856288478196,-0.9618488346585861,0.02128028114245535,0.0,0.0,none
lunarlander,ppo,17,511,-0.4307775696118673,0.11278987924257915,0.07814480364322662,-0.2577788822352886,1,main_engine,0.35583370669889297,0.5644574969401656,0.07970879636094148,2.2576056836556626,0.0068704854551621735,0.0,0.0,none
lunarlander,ppo,17,512,-0.4322445889314016,0.1105192204316457,0.07568669319152832,-0.2519605296954978,0,left_thruster,0.34925837869721194,0.5689961595799728,0.08174546172281513,-2.1868293366884433,0.018988997970119346,0.0,0.0,none
lunarlander,ppo,17,513,-0.4337650040785472,0.107872873544693,0.08806177228689194,-0.23788485396653414,1,main_engine,0.316517397442573,0.5993733068668616,0.08410929569056537,3.9935524063996235,0.014357889669768704,0.0,0.0,none
lunarlander,ppo,17,514,-0.43500175078709924,0.10559378067652385,0.07576881349086761,-0.23093443289399146,1,main_engine,0.31916454337512495,0.5925299280421289,0.08830552858274607,3.2207526109526206,0.01649603274466971,0.0,0.0,none
lunarlander,ppo,17,515,-0.436111589272817,0.10380630691846211,0.05940870940685272,-0.23113264180719853,0,left_thruster,0.3352561143800117,0.5738855639210799,0.09085832169890841,-2.11393158235253,0.02202109322096722,0.0,0.0,none
lunarlander,ppo,17,516,-0.4372846086819967,0.10163312156995137,0.07210935652256012,-0.21331345550715924,1,main_engine,0.2986480189283447,0.6065436948454169,0.09480828622623834,2.9985271633856274,0.011252860600095282,0.0,0.0,none
lunarlander,ppo,17,517,-0.4382519920667013,0.0997115174929301,0.0636981725692749,-0.20615451261401177,1,main_engine,0.29718026184601826,0.6039131231074234,0.0989066150465583,1.0603177362339562,0.005847825587031862,0.0,0.0,none
lunarlander,ppo,17,518,-0.439195583264033,0.09795527656873067,0.05823029577732086,-0.20558473989367484,1,main_engine,0.30067036770923183,0.5993981778361733,0.09993145445459486,3.0438551397540756,0.0176548742940698,0.0,0.0,none
lunarlander,ppo,17,519,-0.44006044665972394,0.09672789772351582,0.040648557245731354,-0.2061527267098427,1,main_engine,0.3183340917982647,0.5785478359227079,0.10311807227902738,4.937272684007454,0.018652475897662432,0.0,0.0,none
lunarlander,ppo,17,520,-0.4406110942363739,0.09597812096277873,0.02467544935643673,-0.19656579270958902,1,main_engine,0.3223401960680336,0.5671237555344458,0.11053604839752057,0.17105864465745413,0.005045964753857904,0.0,0.0,none
lunarlander,ppo,17,521,-0.4411974549293518,0.09536887208620708,0.020053287968039513,-0.1984049178659916,0,left_thruster,0.32890679142502477,0.5604829886654346,0.11061021990954065,-1.8310366915332759,0.02593101355961863,0.0,0.0,none
lunarlander,ppo,17,522,-0.44186045726140344,0.09438129266103108,0.03249044716358185,-0.1756822496652603,1,main_engine,0.2876461992484143,0.5942378715100469,0.11811592924153871,0.7418940412025631,0.004333591627096357,0.0,0.0,none
lunarlander,ppo,17,523,-0.4424858589967092,0.09343291322390239,0.031211521476507187,-0.17170056477189063,2,right_thruster,0.2834440363634898,0.5964371208519803,0.12011884278452992,-1.0152317395455976,0.01606830230277114,0.0,0.0,none
lunarlander,ppo,17,524,-0.44305553038915,0.09207449356714885,0.045008499175310135,-0.17980389222502707,1,main_engine,0.2787418279302224,0.6085968055741661,0.11266136649561151,1.0483932737673478,0.004921071648545711,0.0,0.0,none
lunarlander,ppo,17,525,-0.44353629151980084,0.09077878793080647,0.04291876032948494,-0.17556833401322364,2,right_thruster,0.2749670517172652,0.6103047073052985,0.11472824097743635,-1.773716854665476,0.018501898337601484,0.0,0.0,none
lunarlander,ppo,17,526,-0.4439529776573181,0.08906837304433186,0.05688408389687538,-0.1875762827694416,0,left_thruster,0.274379202913536,0.6198564002737899,0.10576439681267402,-2.2903851178992882,0.02288103665641438,0.0,0.0,none
lunarlander,ppo,17,527,-0.44443701704343164,0.0869824488957723,0.06925781071186066,-0.16844914630055427,1,main_engine,0.24077273870503016,0.6491295483088548,0.11009771298611488,4.9945112341021245,0.021564260523380778,0.0,0.0,none
lunarlander,ppo,17,528,-0.4446488122145335,0.08548455437024434,0.04962485656142235,-0.1596584752202034,1,main_engine,0.24783110488280055,0.6335945457676779,0.11857434934952149,4.186078713380952,0.020426259108564413,0.0,0.0,none
lunarlander,ppo,17,529,-0.44457385937372845,0.08450718720753987,0.03223409503698349,-0.14898923859000207,0,left_thruster,0.251118860132953,0.6208542961548816,0.12802684371216527,-1.797190522838419,0.023946161856245457,0.0,0.0,none
lunarlander,ppo,17,530,-0.44455796480178833,0.08314796288808186,0.0448591522872448,-0.1286870501935482,0,left_thruster,0.21836375696783783,0.6479926980398647,0.13364354499229752,-1.7531013590541584,0.02349132513627999,0.0,0.0,none
lunarlander,ppo,17,531,-0.44459174076716107,0.0813979705174764,0.05781203880906105,-0.1091677911579609,1,main_engine,0.18910734235255236,0.6726691155653443,0.1382235420821035,3.7339478123325742,0.021753684836823616,0.0,0.0,none
lunarlander,ppo,17,532,-0.44435953100522363,0.0801192323366801,0.04208705574274063,-0.09419252425432206,1,main_engine,0.18633408272762397,0.6628263081956832,0.15083960907669278,3.1285497695132563,0.017609973339105748,0.0,0.0,none
lunarlander,ppo,17,533,-0.44402653972307843,0.07929616669813792,0.026935361325740814,-0.08526229485869408,0,left_thruster,0.18866028234253385,0.6503297566505188,0.16100996100694737,-0.7350681585021954,0.03150025145390168,0.0,0.0,none
lunarlander,ppo,17,534,-0.44377172986666363,0.07809000710646312,0.03961686044931412,-0.05645386427640915,1,main_engine,0.15559367743210337,0.6729452102492273,0.17146111231866934,3.5334776037615128,0.017327361096078176,0.0,0.0,none
lunarlander,ppo,17,535,-0.4434804121653239,0.0773257315158844,0.024950934574007988,-0.04726261422038079,0,left_thruster,0.1569166622659407,0.6601803175612184,0.18290302017284102,-0.7197779784838446,0.03265815050101804,0.0,0.0,none
lunarlander,ppo,17,536,-0.4432641466458639,0.07617765168348949,0.03769947960972786,-0.017218238115310674,1,main_engine,0.12786949805596695,0.6777900000808762,0.19434050186315696,3.1634879181446554,0.022893507524714047,0.0,0.0,none
lunarlander,ppo,17,537,-0.44287800788879395,0.07545944054921468,0.023417824879288673,0.00065582394599914,2,right_thruster,0.12296339847085967,0.6645417958458315,0.2124948056833089,-1.615170500986319,0.014065971563467037,0.0,0.0,none
lunarlander,ppo,17,538,-0.44242411851882935,0.07432995239893596,0.03725697100162506,-0.001545955240726482,1,main_engine,0.11775264542485318,0.6793786993742754,0.2028686552008715,2.6676521819692733,0.02248588177484919,0.0,0.0,none
lunarlander,ppo,17,539,-0.4418499271074931,0.07371207078297932,0.02024625428020954,0.013135288655757901,0,left_thruster,0.11632199224545417,0.662683406938205,0.22099460081634067,0.5221698678097181,0.03484513076239271,0.0,0.0,none
lunarlander,ppo,17,540,-0.441356897354126,0.07270670433839162,0.033165015280246735,0.04547775164246559,1,main_engine,0.09327297254274093,0.6726051930380336,0.2341218344192255,1.6821083100002214,0.0158389801453664,0.0,0.0,none
lunarlander,ppo,17,541,-0.440832128127416,0.07181840638319652,0.02934008650481701,0.06081329062581062,1,main_engine,0.08717551256716059,0.6668042672487867,0.2460202201840528,1.2000756846638223,0.01777540679198197,0.0,0.0,none
lunarlander,ppo,17,542,-0.44023528695106506,0.07102346916993459,0.026300152763724327,0.07829859144985675,1,main_engine,0.08032775023120298,0.6604224841939365,0.25924976557486057,1.7859309229855185,0.011926936149443373,0.0,0.0,none
lunarlander,ppo,17,543,-0.4397081832091014,0.07022209962209065,0.026597734540700912,0.09018317051231861,2,right_thruster,0.07530070452694118,0.6581267641807531,0.2665725312923056,-1.261466139475784,0.013540831279896979,0.0,0.0,none
lunarlander,ppo,17,544,-0.4391230642795563,0.06901979943116505,0.040039073675870895,0.09113007287960499,1,main_engine,0.0712020717608929,0.6716693984273234,0.25712852981178347,0.5207764707333415,0.02181541587278098,0.0,0.0,none
lunarlander,ppo,17,545,-0.4384847482045492,0.0682777464389801,0.02475610561668873,0.1066666480153799,1,main_engine,0.06937424963801903,0.6530892170739027,0.2775365332880782,0.3438738050128981,0.01534777487790712,0.0,0.0,none
lunarlander,ppo,17,546,-0.4379183053970337,0.06786819299062093,0.013731135055422783,0.11732101924717425,0,left_thruster,0.06824799695248408,0.6392514737378627,0.29250052930965315,-2.4546677530125596,0.028747269721499442,0.0,0.0,none
lunarlander,ppo,17,547,-0.437403271595637,0.06706467270851135,0.026942454278469086,0.14283485189080236,1,main_engine,0.056978789228987956,0.6425364027494572,0.3004848080215548,0.010118883206372413,0.01958022270508145,0.0,0.0,none
lunarlander,ppo,17,548,-0.4369001090526581,0.06662893791993459,0.014757361263036728,0.15814712122082708,1,main_engine,0.0549134512562328,0.6247883202483249,0.3202982284954423,-0.28843946795811803,0.024455816127449216,0.0,0.0,none
lunarlander,ppo,17,549,-0.4364567001660665,0.06679344673951466,-0.005177754443138838,0.1723053142428398,1,main_engine,0.05462967622006001,0.5988181389643463,0.3465521848155937,-3.7956820777898854,0.02535292477468975,0.0,0.0,none
lunarlander,ppo,17,550,-0.43609549601872766,0.06759868065516154,-0.026467015966773033,0.18604428321123123,1,main_engine,0.05462012215285521,0.5702633803511579,0.375116497495987,-2.2291923515255148,0.018141389946462493,0.0,0.0,none
lunarlander,ppo,17,551,-0.4356849193572998,0.06843462586402893,-0.027405044063925743,0.20413745194673538,1,main_engine,0.04993338307374552,0.559414874238058,0.39065174268819647,-1.0703305625739028,0.010160125978732068,0.0,0.0,none
lunarlander,ppo,17,552,-0.435418983300527,0.06927653153737386,-0.02755189873278141,0.21425807774066924,1,main_engine,0.047479647349484136,0.553171319566882,0.3993490330836338,-4.3145547608497345,0.023992101155631447,0.0,0.0,none
lunarlander,ppo,17,553,-0.4350772500038147,0.07047262787818909,-0.03925418481230736,0.23516573160886764,1,main_engine,0.04427842539021785,0.5290633378463023,0.42665823676347986,-1.9987190263398555,0.013715013925975256,0.0,0.0,none
lunarlander,ppo,17,554,-0.4348258674144745,0.07173800965150197,-0.041495196521282196,0.2486347734928131,1,main_engine,0.04169131241433803,0.5181709206118651,0.4401377669737968,-2.525692266087426,0.012629949033203988,0.0,0.0,none
lunarlander,ppo,17,555,-0.43471137682596844,0.07313332955042522,-0.04577548801898956,0.26043454855680465,2,right_thruster,0.039833527411773866,0.5059119828805942,0.45425448970763194,1.1398340495143633,0.012674573092685824,0.0,0.0,none
lunarlander,ppo,17,556,-0.4345341523488363,0.074150284131368,-0.03320329263806343,0.25920203030109407,1,main_engine,0.038718144624150304,0.518098631199961,0.4431832241758888,-2.041106973100274,0.0179912512184414,0.0,0.0,none
lunarlander,ppo,17,557,-0.4343003034591675,0.07521353165308635,-0.03465123474597931,0.2771018460392952,2,right_thruster,0.03563197547517342,0.5055164078121186,0.4588516167127081,0.9798455588777528,0.01296965585560038,0.0,0.0,none
lunarlander,ppo,17,558,-0.43401261170705163,0.07588678101698558,-0.02170228771865368,0.277128541469574,2,right_thruster,0.034399604434305626,0.5176250527843574,0.4479753427813369,0.12135315228954084,0.014019169124063207,0.0,0.0,none
lunarlander,ppo,17,559,-0.4336538414160411,0.07617989182472229,-0.009141390211880207,0.27091997265815737,2,right_thruster,0.034238541209598315,0.5332727994863413,0.4324886593040604,-1.1877320880427744,0.013418371541535568,0.0,0.0,none
lunarlander,ppo,17,560,-0.4332396388053894,0.07609510918458302,0.003360598348081112,0.2660646431148052,1,main_engine,0.03382402149709885,0.5484171360037395,0.41775884249916156,-1.1674064071378565,0.02212902962588825,0.0,0.0,none
lunarlander,ppo,17,561,-0.43292800585428876,0.07659035424391429,-0.015927422791719437,0.2768962547183037,1,main_engine,0.0339572556714294,0.5229942195911386,0.4430485247374319,-3.960063234561375,0.02097689781387963,0.0,0.0,none
lunarlander,ppo,17,562,-0.43283889691034955,0.07768345375855763,-0.03584962710738182,0.2833718404173851,2,right_thruster,0.034826872506811324,0.49860361467186787,0.46656951282132075,1.6560428007138939,0.017412750861673577,0.0,0.0,none
lunarlander,ppo,17,563,-0.432670662800471,0.07840204735596974,-0.023542214184999466,0.27107603624463084,1,main_engine,0.035778404417009566,0.5170269400618153,0.44719465552117516,-3.3363310706106044,0.012555575426326286,0.0,0.0,none
lunarlander,ppo,17,564,-0.43279126286506653,0.07949405411879222,-0.03603890910744667,0.2705582842230797,1,main_engine,0.037195773229528564,0.50377914985605,0.4590250769144215,-3.3174342617917687,0.009653029698718988,0.0,0.0,none
lunarlander,ppo,17,565,-0.43309837579727173,0.08086252709229787,-0.045267678797245026,0.2730166893452406,0,left_thruster,0.037743300359482056,0.49170013680732155,0.47055656283319636,1.02887542019669,0.027038595888696,0.0,0.0,none
lunarlander,ppo,17,566,-0.4334798951943716,0.08181143303712209,-0.031084109097719193,0.29601377695798875,1,main_engine,0.03245044267382077,0.49159836149269565,0.4759511958334835,-3.6720968625680337,0.005356304659041242,0.0,0.0,none
lunarlander,ppo,17,567,-0.43409729997317,0.08290854096412659,-0.03606273606419563,0.2975364189594984,1,main_engine,0.03265725356032978,0.48453287112038496,0.4828098753192852,-5.023788584547086,0.01835522938820999,0.0,0.0,none
lunarlander,ppo,17,568,-0.43489734331766766,0.08451619744300842,-0.05306180566549301,0.3042238287627697,0,left_thruster,0.03308028058472671,0.4621992003802651,0.5047205190350083,-0.06579596113478431,0.028679474033195124,0.0,0.0,none
lunarlander,ppo,17,569,-0.4357727865378062,0.08570600549379985,-0.038913048803806305,0.3291264966130257,1,main_engine,0.028333396734753484,0.4605141704437366,0.51115243282151,-4.206170277950681,0.014199020003407429,0.0,0.0,none
lunarlander,ppo,17,570,-0.43680975834528607,0.08722725510597229,-0.0499342605471611,0.3378875210881233,2,right_thruster,0.027950520564991695,0.443189150777136,0.5288603286578722,1.5496617446568706,0.01674512857111712,0.0,0.0,none
lunarlander,ppo,17,571,-0.4377695918083191,0.08837462464968364,-0.037680935114622116,0.326573034375906,1,main_engine,0.02858721554906944,0.4598410144181511,0.5115717700327794,-3.9054892607801,0.0034099594722749958,0.0,0.0,none
lunarlander,ppo,17,572,-0.43898358941078186,0.08960805336634318,-0.040609199553728104,0.3268137715756893,0,left_thruster,0.02875479184388339,0.45527759331725437,0.5159676148388622,-0.952340524499777,0.029157823019988517,0.0,0.0,none
lunarlander,ppo,17,573,-0.4402751723925273,0.09041481216748555,-0.026131518185138702,0.35207750722765924,1,main_engine,0.024702389976907057,0.4537979510227783,0.5214996590003146,-2.7655161214457964,0.012051489666913403,0.0,0.0,none
lunarlander,ppo,17,574,-0.44165646036465966,0.09140373269716899,-0.03215295821428299,0.3623777374625206,1,main_engine,0.023914375932893073,0.44100325612182567,0.5350823679452813,-3.8037369660609794,0.011928016201554944,0.0,0.0,none
lunarlander,ppo,17,575,-0.4432021578152975,0.0926413635412852,-0.04041802138090134,0.3707470498979092,2,right_thruster,0.023467992318013553,0.42702144802989445,0.549510559652092,0.5846187530590566,0.013248029243093347,0.0,0.0,none
lunarlander,ppo,17,576,-0.44470200935999554,0.09350137909253438,-0.027972297742962837,0.3665488287806511,1,main_engine,0.023212138247906623,0.4397099602999551,0.5370779014521383,-4.6337675598384935,0.007694942833192544,0.0,0.0,none
lunarlander,ppo,17,577,-0.4464718699455261,0.09457112352053325,-0.035007111728191376,0.36888266205787656,2,right_thruster,0.02332113488525053,0.4303019554455133,0.5463769096692361,0.7325278407657714,0.015019425396952866,0.0,0.0,none
lunarlander,ppo,17,578,-0.4481877386569977,0.09526615341504414,-0.02270505018532276,0.3604674883186817,2,right_thruster,0.023494118562609773,0.4453133896735362,0.5311924917638541,0.6615416374429958,0.015724961675557318,0.0,0.0,none
lunarlander,ppo,17,579,-0.4498518506685893,0.09558406472206116,-0.010318022221326828,0.35092989839613437,1,main_engine,0.02375919533978733,0.4615724676855957,0.5146683369746171,-4.254520792749588,0.010357293229984995,0.0,0.0,none
lunarlander,ppo,17,580,-0.4517872134844462,0.09620538353919983,-0.02046857215464115,0.3506009716540575,2,right_thruster,0.024334448088147075,0.45099682963575033,0.5246687222761025,1.0369639531245094,0.019781880778880576,0.0,0.0,none
lunarlander,ppo,17,581,-0.4536558190981547,0.09645453095436096,-0.00830948818475008,0.335111435741419,2,right_thruster,0.025277345830108516,0.4705223729796491,0.5042002811902424,1.2169022901335853,0.023748599463418413,0.0,0.0,none
lunarlander,ppo,17,582,-0.4554481307665507,0.0963390866915385,0.0035610024351626635,0.3146209081634879,1,main_engine,0.026857768526620564,0.4932683621926647,0.4798738692807148,-4.0065993936241115,0.011429841692030129,0.0,0.0,none
lunarlander,ppo,17,583,-0.4575611154238383,0.09643765290578206,-0.0036522068548947573,0.30601065419614315,1,main_engine,0.028398748102784283,0.49059291579111375,0.4810083361061019,-1.0247179770680168,0.010163941821560872,0.0,0.0,none
lunarlander,ppo,17,584,-0.45971542596817017,0.0968215564886729,-0.013073855079710484,0.3091331247240305,2,right_thruster,0.028615853815801492,0.47869815387654685,0.4926859923076517,1.3982337941001315,0.024719956477251448,0.0,0.0,none
lunarlander,ppo,17,585,-0.46179999907811486,0.0968423883120219,-0.0012235010508447886,0.2875391561537981,2,right_thruster,0.030623963236063773,0.5019628377226785,0.4674131990412579,1.1265321685355332,0.022922778515549122,0.0,0.0,none
lunarlander,ppo,17,586,-0.46382894118626916,0.09647956490516663,0.011387591250240803,0.2685084998607635,1,main_engine,0.032290816395640035,0.5249974709113574,0.4427117126930026,-1.5879245959580868,0.016531856253497387,0.0,0.0,none
lunarlander,ppo,17,587,-0.46599671244621277,0.09660549958546956,-0.00483322748914361,0.26616922244429586,2,right_thruster,0.03407703115699352,0.5097368386310648,0.45618613021194176,1.5041801121699587,0.02612775222320952,0.0,0.0,none
lunarlander,ppo,17,588,-0.4680984218915304,0.09634981552759807,0.007686713244765997,0.24333442524075508,2,right_thruster,0.03666211254839479,0.5346819316083372,0.4286559558432679,1.536526616932934,0.028916533629197435,0.0,0.0,none
lunarlander,ppo,17,589,-0.4701312879721324,0.09571977456410725,0.019969873130321503,0.21724303960800173,1,main_engine,0.04008114750670342,0.5613888137531793,0.3985300387401172,-1.3376220163135901,0.012926474237895788,0.0,0.0,none
lunarlander,ppo,17,590,-0.4723318914572398,0.09522176782290141,0.015587756410241127,0.20529313907027247,2,right_thruster,0.04298041266222206,0.5635091739653169,0.3935104133724612,1.2843108649933008,0.02693612628783305,0.0,0.0,none
lunarlander,ppo,17,591,-0.4744807879130046,0.09433642029762268,0.028390932828187943,0.1817085683345795,2,right_thruster,0.046332500287978,0.5888288384486273,0.3648386612633947,1.6364082407100056,0.0339490508803035,0.0,0.0,none
lunarlander,ppo,17,592,-0.47655378778775537,0.09307413299878438,0.04079845920205116,0.150201416015625,2,right_thruster,0.05200627610077995,0.6171433970076032,0.330850326891617,1.4184532299860626,0.03387379313930282,0.0,0.0,none
lunarlander,ppo,17,593,-0.4785609245300293,0.09143176674842834,0.05337056890130043,0.11885416805744171,1,main_engine,0.0582268643365299,0.6441017368147403,0.2976713988487298,-0.22563782106187885,0.02176940243030523,0.0,0.0,none
lunarlander,ppo,17,594,-0.4807653526465098,0.09009004632631938,0.04341994225978851,0.0996647909283638,2,right_thruster,0.06631135434296279,0.6429959411229377,0.29069270453409946,1.7056884965270387,0.03697620852164725,0.0,0.0,none
lunarlander,ppo,17,595,-0.48289904991785687,0.08836441238721211,0.05616343021392822,0.06506257951259614,1,main_engine,0.07547450417947205,0.6676313852990204,0.2568941105215076,2.1548961270123255,0.01812775462181617,0.0,0.0,none
lunarlander,ppo,17,596,-0.48503443598747253,0.08698745568593343,0.04470492899417877,0.0512472853064537,1,main_engine,0.08424533747580669,0.6612704168445966,0.25448424567959665,-0.5821151992417425,0.024190958380383445,0.0,0.0,none
lunarlander,ppo,17,597,-0.48736676573753357,0.08570990959803264,0.04146939143538475,0.02742162942886353,1,main_engine,0.09619415246460891,0.663820959552085,0.23998488798330608,-0.4849751326192421,0.024532230347748984,0.0,0.0,none
lunarlander,ppo,17,598,-0.4898753762245178,0.084465891122818,0.04044412076473236,0.003071302175521873,1,main_engine,0.1091798453470633,0.6666398824024214,0.22418027225051537,0.9981900740777848,0.02277938922396024,0.0,0.0,none
lunarlander,ppo,17,599,-0.492464154958725,0.08357234795888265,0.02889482118189335,-0.016371281445026392,1,main_engine,0.12566191680868335,0.6563977543945316,0.21794032879678507,2.3651750646038883,0.019424480091483915,0.0,0.0,none
