env,policy,seed,t,q,mu,sigma,rho,a,action_label,p0,p1,p2,r,state_delta,intervention_active,intervention_start,intervention_name
lunarlander,ppo,13,0,-0.005555709358304739,0.9392181237538656,0.04652352258563042,0.061269670724868774,0,left_thruster,0.10510790830274154,0.6831967848428272,0.21169530685443114,-2.2314379883910407,0.02940985652979881,0.0,0.0,none
lunarlander,ppo,13,1,-0.011189937746773165,0.9374380111694336,0.059378914535045624,0.0870527122169733,2,right_thruster,0.09288532451676448,0.6775849472793302,0.22952972820390533,-0.04661830444207453,0.015586355476915137,0.0,0.0,none
lunarlander,ppo,13,2,-0.016758997614185017,0.935265064239502,0.07248888909816742,0.08110906705260276,1,main_engine,0.09167101294598255,0.6867181818458495,0.22161080520816787,0.1273988992352315,0.013834804024537517,0.0,0.0,none
lunarlander,ppo,13,3,-0.02225518226623535,0.9332183202107748,0.06831193715333939,0.09292251989245415,1,main_engine,0.08674785144118433,0.678962229329416,0.23428991922939985,-0.4567343789423262,0.023634257116836855,0.0,0.0,none
lunarlander,ppo,13,4,-0.027769248311718307,0.9318060874938965,0.047183357179164886,0.10185347124934196,1,main_engine,0.08438788143291225,0.6642286389184958,0.2513834796485918,0.584630467027091,0.02263764707263209,0.0,0.0,none
lunarlander,ppo,13,5,-0.033164263392488166,0.9308660825093588,0.031476691365242004,0.11720840260386467,0,left_thruster,0.07966788137037589,0.6472829015749573,0.27304921705466695,-2.2263804364236717,0.028572644108860824,0.0,0.0,none
lunarlander,ppo,13,6,-0.03862150634328525,0.9295156796773275,0.04523072764277458,0.14161367639899253,1,main_engine,0.07052068655612916,0.6374320200379852,0.2920472934058857,-2.8238004991905106,0.022076170468761484,0.0,0.0,none
lunarlander,ppo,13,7,-0.04424921547373136,0.9287811915079752,0.024719279259443283,0.14748114645481109,1,main_engine,0.06901919942776931,0.6225733404425947,0.30840746012963594,-1.461090272177147,0.013074343823394933,0.0,0.0,none
lunarlander,ppo,13,8,-0.049892980605363846,0.9281531174977621,0.0212151650339365,0.1587245039641857,2,right_thruster,0.06508813965646057,0.6118941419479388,0.3230177183956006,0.014463205041498669,0.015225062748332891,0.0,0.0,none
lunarlander,ppo,13,9,-0.05547014996409416,0.9271362622578939,0.034150294959545135,0.15303713753819465,1,main_engine,0.06440669260095833,0.6223200715236834,0.3132732358753582,-3.072250682399731,0.012229062335419833,0.0,0.0,none
lunarlander,ppo,13,10,-0.06124011551340421,0.9264340400695801,0.023656729608774185,0.15541399121284485,2,right_thruster,0.06317096610900977,0.6146522186081715,0.3221768152828187,0.14922790299584676,0.015655970716372054,0.0,0.0,none
lunarlander,ppo,13,11,-0.0669511966407299,0.9253433545430502,0.036568574607372284,0.14873659387230873,1,main_engine,0.06271591209638518,0.6257480056162882,0.31153608228732665,0.29135984088896977,0.0136010011508236,0.0,0.0,none
lunarlander,ppo,13,12,-0.07255943492054939,0.9242698351542155,0.036036815494298935,0.16106946393847466,1,main_engine,0.058796756848985256,0.6153143275635959,0.32588891558741867,-1.7655537039142006,0.01587419939270557,0.0,0.0,none
lunarlander,ppo,13,13,-0.07825755824645361,0.9236002763112386,0.022581730037927628,0.16723663210868836,2,right_thruster,0.05700790526546209,0.602817352600887,0.3401747421336509,0.3425976553306225,0.016714283109648762,0.0,0.0,none
lunarlander,ppo,13,14,-0.0838919480641683,0.922544002532959,0.035406503826379776,0.15817956998944283,2,right_thruster,0.05716802405565736,0.6159800140299159,0.32685196191442684,0.5723377032798749,0.018667110847565796,0.0,0.0,none
lunarlander,ppo,13,15,-0.08945703506469727,0.9210921128590902,0.04850725084543228,0.14618985448032618,1,main_engine,0.057919900908024166,0.6312668167933613,0.3108132822986146,-0.40958325100106546,0.01786832650180469,0.0,0.0,none
lunarlander,ppo,13,16,-0.0950410341223081,0.9201163450876871,0.03265872597694397,0.15218720249831677,1,main_engine,0.05638800066995321,0.6179918708774459,0.325620128452601,0.04949277329350481,0.015662069564022794,0.0,0.0,none
lunarlander,ppo,13,17,-0.10057576621572177,0.919489860534668,0.021054476499557495,0.16110998652875425,1,main_engine,0.054068035535781885,0.6041509387656466,0.34178102569857155,-0.7447216755070417,0.023146213957008253,0.0,0.0,none
lunarlander,ppo,13,18,-0.10611064732074738,0.9194832642873129,0.00042157797724939883,0.17002041675150395,1,main_engine,0.052189053527683875,0.5852676608959576,0.36254328557635845,-2.460716382333845,0.008652934279857565,0.0,0.0,none
lunarlander,ppo,13,19,-0.11178580423196158,0.9196685155232748,-0.005984224379062653,0.17128423787653446,1,main_engine,0.05118131983138654,0.5800599869597622,0.36875869320885124,-1.4501910107078413,0.013584483995189457,0.0,0.0,none
lunarlander,ppo,13,20,-0.11750022570292155,0.9201745986938477,-0.01665741391479969,0.1774251252412796,1,main_engine,0.04942119102456964,0.568297161320286,0.3822816476551443,-1.401240848724565,0.007964315344007234,0.0,0.0,none
lunarlander,ppo,13,21,-0.12325334052244823,0.9207406044006348,-0.018648657947778702,0.18252870962023734,2,right_thruster,0.04756630789277888,0.561889670963733,0.39054402114348813,0.3968867602578996,0.016099245079260284,0.0,0.0,none
lunarlander,ppo,13,22,-0.12895750502745312,0.9209147294362386,-0.005655078683048487,0.17492707967758178,2,right_thruster,0.04751370633366773,0.5745947657954893,0.37789152787084296,0.7425362549939961,0.018682840734948847,0.0,0.0,none
lunarlander,ppo,13,23,-0.13459984213113785,0.9206991990407308,0.007237911690026522,0.16264144107699394,1,main_engine,0.04829626017966405,0.5911277420252652,0.3605759977950707,-3.6146425717728445,0.02104219480568287,0.0,0.0,none
lunarlander,ppo,13,24,-0.14050794144471487,0.9210692246754965,-0.012319947592914104,0.15761933533940464,1,main_engine,0.048980434143163804,0.5845091502983321,0.36651041555850405,-1.0409941779435667,0.022776168777286162,0.0,0.0,none
lunarlander,ppo,13,25,-0.14641650021076202,0.9220427672068278,-0.03237941116094589,0.16659223530441522,1,main_engine,0.04711230766518631,0.565291837904663,0.38759585443015077,-3.1481825502348144,0.014167101327686192,0.0,0.0,none
lunarlander,ppo,13,26,-0.15252359211444855,0.9233496983846029,-0.04354313388466835,0.1605034411419183,1,main_engine,0.047596855765119,0.563940494173441,0.38846265006143993,-3.6425103117265767,0.017579547904185085,0.0,0.0,none
lunarlander,ppo,13,27,-0.15885019054015478,0.9251288572947184,-0.05931254103779793,0.1563591621350497,1,main_engine,0.04785820663989823,0.5584088893285342,0.39373290403156763,-1.2299042753751712,0.009100578157772477,0.0,0.0,none
lunarlander,ppo,13,28,-0.16520189742247265,0.9270840485890707,-0.06516801565885544,0.15844889571890236,1,main_engine,0.0466142139569771,0.5525548504253609,0.4008309356176621,-2.160706192087009,0.010429627218162164,0.0,0.0,none
lunarlander,ppo,13,29,-0.17164989064137143,0.929275910059611,-0.07305705547332764,0.15804976985091343,1,main_engine,0.04589009093275912,0.5478190690770994,0.4062908399901413,-3.2864450712506605,0.010316966224746269,0.0,0.0,none
lunarlander,ppo,13,30,-0.17831015090147656,0.9315957228342692,-0.07736613601446152,0.15187473795376719,1,main_engine,0.04603598083818842,0.5501609752743125,0.40380304388749905,-0.893316832998512,0.010680223955535697,0.0,0.0,none
lunarlander,ppo,13,31,-0.18495075404644012,0.9341284434000651,-0.08443568646907806,0.15555934872245417,2,right_thruster,0.04455012763467378,0.5421350791882494,0.4133147931770768,0.9383251459086898,0.01939202935637604,0.0,0.0,none
lunarlander,ppo,13,32,-0.1915406808257103,0.936276356379191,-0.0716862753033638,0.142696120031178,1,main_engine,0.04528904059764276,0.5595337653044842,0.39517719409787316,-2.618428847624168,0.013364585259990035,0.0,0.0,none
lunarlander,ppo,13,33,-0.1982691635688146,0.9387431939442953,-0.08233463019132614,0.13897229004651307,2,right_thruster,0.04521232521366527,0.556309094249584,0.3984785805367508,1.6447384585164104,0.026288997478042003,0.0,0.0,none
lunarlander,ppo,13,34,-0.20491647223631543,0.9408236344655355,-0.06957496702671051,0.11706823930144311,1,main_engine,0.04750681755236551,0.5814115489141364,0.3710816335334982,-2.335723235061622,0.01885729161250339,0.0,0.0,none
lunarlander,ppo,13,35,-0.2116745213667552,0.9434097607930502,-0.08642572909593582,0.11267620250582695,1,main_engine,0.04778786806687274,0.5756074614333441,0.3766046704997831,-0.5637232187030896,0.012925856550638118,0.0,0.0,none
lunarlander,ppo,13,36,-0.21839149296283722,0.9463148911794027,-0.09701860696077347,0.11382128596305847,0,left_thruster,0.04683855471528174,0.5681902303593286,0.3849712149253897,-0.5696186535045457,0.018492904084360044,0.0,0.0,none
lunarlander,ppo,13,37,-0.2251642445723216,0.9488085905710856,-0.08322066813707352,0.12379704080522061,2,right_thruster,0.04357260533277674,0.5655113898220618,0.3909160048451614,1.47972934829932,0.02468349814070769,0.0,0.0,none
lunarlander,ppo,13,38,-0.23186450203259787,0.9509182771046957,-0.07051955908536911,0.10383175387978553,2,right_thruster,0.04541150408107092,0.588677861447971,0.3659106344709582,1.6727604821109912,0.02619195327880554,0.0,0.0,none
lunarlander,ppo,13,39,-0.23849333326021832,0.952639102935791,-0.057644668966531754,0.08207507729530335,1,main_engine,0.047565615396103954,0.6127488568368092,0.33968552776708677,-2.5509712970049554,0.020848431798877843,0.0,0.0,none
lunarlander,ppo,13,40,-0.24528272449970245,0.954878012339274,-0.07491903752088547,0.07284768596291542,1,main_engine,0.04874342551741915,0.6109633835642346,0.3402931909183462,-1.926337613916619,0.01887260046934698,0.0,0.0,none
lunarlander,ppo,13,41,-0.25216611723105115,0.9575933615366617,-0.09078013151884079,0.06578747853636742,1,main_engine,0.04948017441620379,0.6080559133313842,0.34246391225241196,-1.6348497452999606,0.014930082810414703,0.0,0.0,none
lunarlander,ppo,13,42,-0.2591285606225332,0.960625966389974,-0.10134518146514893,0.05846526697278023,1,main_engine,0.050035245223252665,0.6080005267332202,0.3419642280435273,-0.4584372419341878,0.011115949223209442,0.0,0.0,none
lunarlander,ppo,13,43,-0.26606922348340356,0.9638768831888834,-0.10859213024377823,0.054957447201013566,1,main_engine,0.04975237374929936,0.6064452222906501,0.34380240396005046,-2.327518856522032,0.015066953014730707,0.0,0.0,none
lunarlander,ppo,13,44,-0.27315827707449597,0.9673370520273844,-0.11556565761566162,0.044179899245500566,1,main_engine,0.050770456066677676,0.611032056316431,0.3381974876168914,-2.417655480597717,0.020184888337074897,0.0,0.0,none
lunarlander,ppo,13,45,-0.28034759064515435,0.9712905089060465,-0.131999209523201,0.03581018969416619,2,right_thruster,0.05174983500989821,0.6089030018925015,0.3393471630976003,2.122457324395798,0.030960963215090426,0.0,0.0,none
lunarlander,ppo,13,46,-0.2874554693698883,0.974854310353597,-0.11905954778194427,0.008830127120018016,0,left_thruster,0.05502058636839378,0.6359285960227383,0.3090508176088678,-0.18474294270560904,0.016755413331997242,0.0,0.0,none
lunarlander,ppo,13,47,-0.2946285406748454,0.9780152638753256,-0.10555167496204376,0.014899449050426485,2,right_thruster,0.05184338576626104,0.6369340941634359,0.31122252007030304,2.014381406929772,0.029520374889862852,0.0,0.0,none
lunarlander,ppo,13,48,-0.3017287701368332,0.9807793299357096,-0.09235107153654099,-0.010381834208965296,2,right_thruster,0.05464115916356929,0.6613909525226701,0.2839678883137605,2.2063078765012256,0.031255120931067304,0.0,0.0,none
lunarlander,ppo,13,49,-0.3087567041317622,0.9831571578979492,-0.07947583496570587,-0.037878469377756116,1,main_engine,0.057936691675602066,0.6855883774591188,0.25647493086527906,-1.379688743693539,0.023026600871106504,0.0,0.0,none
lunarlander,ppo,13,50,-0.3158744921286901,0.986020008722941,-0.09559743106365204,-0.05242012217640876,2,right_thruster,0.0603709967436348,0.6876000123613252,0.25202899089504005,2.272322367944843,0.031181577701103937,0.0,0.0,none
lunarlander,ppo,13,51,-0.32293101151784265,0.988483746846517,-0.08226294815540314,-0.0795976474881172,2,right_thruster,0.06373197889409667,0.7094097073630609,0.22685831374284257,2.755741948132244,0.036567128540732276,0.0,0.0,none
lunarlander,ppo,13,52,-0.3299086044232051,0.9905511538187662,-0.06898937374353409,-0.11288437363691627,1,main_engine,0.06852664526132565,0.7321954533869758,0.19927790135169837,-3.337599274489886,0.0240798005149594,0.0,0.0,none
lunarlander,ppo,13,53,-0.3369864573081335,0.9928964773813883,-0.0781494677066803,-0.13386848494410514,1,main_engine,0.07236614326278003,0.7385985090447423,0.1890353476924776,-3.8266406470545267,0.024298829129997056,0.0,0.0,none
lunarlander,ppo,13,54,-0.34412908057371777,0.9955677191416422,-0.08891446143388748,-0.15427425391972066,1,main_engine,0.0763710044701753,0.743555303300626,0.18007369222919864,-3.660455187257821,0.024982409461984514,0.0,0.0,none
lunarlander,ppo,13,55,-0.3512998918692271,0.9986372788747152,-0.10208315402269363,-0.1740192174911499,1,main_engine,0.08061374017298688,0.7468441853567144,0.17254207447029876,-3.6627171354794585,0.02866107180485535,0.0,0.0,none
lunarlander,ppo,13,56,-0.3584482272466024,1.0,-0.12255608290433884,-0.19271040558815003,1,main_engine,0.08559216949414838,0.7465425882158355,0.1678652422900161,-2.840301291801603,0.02170013589700355,0.0,0.0,none
lunarlander,ppo,13,57,-0.3655285139878591,1.0,-0.13431613147258759,-0.20951715111732483,1,main_engine,0.08948269373485489,0.74830709677386,0.16221020949128506,-1.253366922180345,0.015211578299047478,0.0,0.0,none
lunarlander,ppo,13,58,-0.3724188357591629,1.0,-0.14171849191188812,-0.22088027745485306,1,main_engine,0.09150230473053114,0.7496981749874064,0.15879952028206243,-1.5887879160678517,0.015337833032800176,0.0,0.0,none
lunarlander,ppo,13,59,-0.3792032102743785,1.0,-0.14067403972148895,-0.23459634482860564,0,left_thruster,0.09334843088432407,0.7546065744301858,0.1520449946854902,-2.5734996093229072,0.014972062347968301,0.0,0.0,none
lunarlander,ppo,13,60,-0.38606755435466766,1.0,-0.12768051028251648,-0.23173075169324875,1,main_engine,0.08901338990141308,0.7589977155222182,0.15198889457636877,-1.1860058072811763,0.012860157663073067,0.0,0.0,none
lunarlander,ppo,13,61,-0.3928038229544958,1.0,-0.12965096533298492,-0.2425068199634552,1,main_engine,0.09029018864775874,0.7618844694198923,0.147825341932349,-1.520580976384847,0.02217351450236851,0.0,0.0,none
lunarlander,ppo,13,62,-0.3993374605973562,1.0,-0.14832045137882233,-0.25252812802791597,1,main_engine,0.09328052429416352,0.7587477327953632,0.14797174291047333,-2.081784380475478,0.01553617756986418,0.0,0.0,none
lunarlander,ppo,13,63,-0.4057992249727249,1.0,-0.15304161608219147,-0.26584462225437167,1,main_engine,0.09577894598640166,0.7610967139351862,0.14312434007841207,-2.1975982205991564,0.015762803713748247,0.0,0.0,none
lunarlander,ppo,13,64,-0.41222289204597473,1.0,-0.15405841171741486,-0.28020319491624834,1,main_engine,0.09821973313576043,0.7646924610892296,0.13708780577501004,-3.6151504625710342,0.021358077538711606,0.0,0.0,none
lunarlander,ppo,13,65,-0.4187043011188507,1.0,-0.15907645225524902,-0.299925722181797,1,main_engine,0.10288278481706963,0.7676029647004322,0.12951425048249826,-0.5412685642865472,0.011143173091063656,0.0,0.0,none
lunarlander,ppo,13,66,-0.4249661167462667,1.0,-0.16281446814537048,-0.30835111290216444,1,main_engine,0.10393552566940069,0.7687101688595352,0.12735430547106402,-2.8805353063053345,0.020632069946957828,0.0,0.0,none
lunarlander,ppo,13,67,-0.4311672349770864,1.0,-0.17350035905838013,-0.3248750403523445,0,left_thruster,0.10861247423471493,0.7685801285363042,0.12280739722898087,-1.8469151322028414,0.01441042110468885,0.0,0.0,none
lunarlander,ppo,13,68,-0.4374205569426219,1.0,-0.16055609285831451,-0.32587612643837927,1,main_engine,0.10503180171127376,0.7739903391898909,0.12097785909883521,-3.1909902569317907,0.019564346198759783,0.0,0.0,none
lunarlander,ppo,13,69,-0.4437278707822164,1.0,-0.1618761420249939,-0.34434877932071684,0,left_thruster,0.1090632075674837,0.7767734925276989,0.11416329990481743,-1.867847296945256,0.014348026136006093,0.0,0.0,none
lunarlander,ppo,13,70,-0.4500919083754222,1.0,-0.1490585058927536,-0.3433128818869591,1,main_engine,0.10480466017442562,0.7818099931919453,0.11338534663362909,-2.900995676432953,0.02691431710629992,0.0,0.0,none
lunarlander,ppo,13,71,-0.4563558598359426,1.0,-0.1692003756761551,-0.3600295938551426,1,main_engine,0.11080310109546133,0.7782863453220233,0.11091055358251535,-1.103015467098917,0.016465395374278973,0.0,0.0,none
lunarlander,ppo,13,72,-0.4623942573865255,1.0,-0.18088912963867188,-0.369930100440979,1,main_engine,0.11361974679865149,0.7765786306223683,0.10980162257898,-3.3348518333792887,0.02235915131824764,0.0,0.0,none
lunarlander,ppo,13,73,-0.46840692559878033,1.0,-0.1921135038137436,-0.38830924332141875,0,left_thruster,0.1194665044311587,0.7752926049997987,0.1052408905690426,-1.8366131706405804,0.014330574396659669,0.0,0.0,none
lunarlander,ppo,13,74,-0.4744834204514822,1.0,-0.17988769710063934,-0.3839536465704441,1,main_engine,0.11384674709544082,0.7802491515012218,0.1059041014033373,0.20758466106571405,0.017990770318753513,0.0,0.0,none
lunarlander,ppo,13,75,-0.4801606635252635,1.0,-0.19654959440231323,-0.3876708909869194,1,main_engine,0.11543002353766511,0.7765047506759458,0.10806522578638894,-2.7818067325677225,0.02056853501031401,0.0,0.0,none
lunarlander,ppo,13,76,-0.485739807287852,1.0,-0.20974969863891602,-0.40242538303136827,1,main_engine,0.1205125261715321,0.7742356544904511,0.10525181933801679,-1.000391996670578,0.010883137441015682,0.0,0.0,none
lunarlander,ppo,13,77,-0.49112667640050256,1.0,-0.21393875777721405,-0.41090336069464684,1,main_engine,0.12213414472018441,0.7744036565524035,0.1034621987274121,-2.1207901535577136,0.020994355439844018,0.0,0.0,none
lunarlander,ppo,13,78,-0.4962687691052755,1.0,-0.23102135956287384,-0.42197162881493566,1,main_engine,0.1268927394228114,0.7703979146660682,0.10270934591112042,-1.2508729752567502,0.011220966617281204,0.0,0.0,none
lunarlander,ppo,13,79,-0.5012078086535137,1.0,-0.23609845340251923,-0.43067445009946825,1,main_engine,0.12900648580988164,0.7700391561818487,0.1009543580082696,-3.1274051913468064,0.022913385609321667,0.0,0.0,none
lunarlander,ppo,13,80,-0.5059544245402019,1.0,-0.2535512149333954,-0.4447419300675392,1,main_engine,0.13545415602363975,0.765441499899369,0.09910434407699129,-1.7429281656666535,0.014093784201778169,0.0,0.0,none
lunarlander,ppo,13,81,-0.51043634613355,1.0,-0.2635101079940796,-0.4536507785320282,1,main_engine,0.13883971316534055,0.763158449202019,0.09800183763264053,-2.4593459377843714,0.01537213587372207,0.0,0.0,none
lunarlander,ppo,13,82,-0.5147457619508108,1.0,-0.27186474204063416,-0.4658134914934635,1,main_engine,0.14345076066243256,0.761060053912875,0.09548918542469244,-2.0117451069873664,0.01802076694931425,0.0,0.0,none
lunarlander,ppo,13,83,-0.5186436076958975,1.0,-0.28831249475479126,-0.4720605924725533,1,main_engine,0.14736684922603688,0.7564078556689978,0.09622529510496539,-3.152533655638383,0.01740988658371395,0.0,0.0,none
lunarlander,ppo,13,84,-0.5225311716397604,1.0,-0.2912924885749817,-0.488767196983099,2,right_thruster,0.1533873000612766,0.7552284626563602,0.09138423728236328,0.1653115148903862,0.030851202663495687,0.0,0.0,none
lunarlander,ppo,13,85,-0.526362160841624,1.0,-0.27655652165412903,-0.5155994817614555,1,main_engine,0.16058563719225244,0.7579727611119967,0.08144160169575083,-2.338507189785921,0.015531070945299201,0.0,0.0,none
lunarlander,ppo,13,86,-0.5300781627496084,1.0,-0.27804431319236755,-0.5306058794260025,0,left_thruster,0.16591605003275034,0.7563837465153052,0.07770020345194435,-1.089229936538634,0.012693547027397016,0.0,0.0,none
lunarlander,ppo,13,87,-0.5338446299235027,1.0,-0.2660324275493622,-0.5289766266942024,1,main_engine,0.16075287424631748,0.7620064966435176,0.07724062911016491,-1.7165460362306204,0.014924429203507984,0.0,0.0,none
lunarlander,ppo,13,88,-0.5371905366579692,1.0,-0.2787719666957855,-0.5359942927956581,0,left_thruster,0.1649259603714997,0.7579651064658866,0.07710893316261365,-0.7847598185200833,0.013687848402375245,0.0,0.0,none
lunarlander,ppo,13,89,-0.540594756603241,1.0,-0.2667990028858185,-0.5303007334470748,1,main_engine,0.1581625142781149,0.7640813854588346,0.07775610026305053,-1.9897976636140675,0.014133152250751074,0.0,0.0,none
lunarlander,ppo,13,90,-0.5436418950557709,1.0,-0.2785989046096802,-0.5374577760696411,1,main_engine,0.16229353125218754,0.7602621130809153,0.07744435566689707,-1.444443825409328,0.008906086751833143,0.0,0.0,none
lunarlander,ppo,13,91,-0.5463151633739471,1.0,-0.28594163060188293,-0.5417305260896683,1,main_engine,0.16443366348338628,0.7581729251116898,0.07739341140492395,-2.405102916031294,0.01468627415370596,0.0,0.0,none
lunarlander,ppo,13,92,-0.548488199710846,1.0,-0.30023249983787537,-0.5443258330225944,1,main_engine,0.16755577506466077,0.7538909501967631,0.07855327473857604,-2.821996236565742,0.013377727539210812,0.0,0.0,none
lunarlander,ppo,13,93,-0.5505502223968506,1.0,-0.30478933453559875,-0.5567333675920964,0,left_thruster,0.17335751752633058,0.7508181083096732,0.07582437416399636,-0.05345513358800645,0.013812421472238814,0.0,0.0,none
lunarlander,ppo,13,94,-0.5526619156201681,1.0,-0.2927071154117584,-0.5503816969692708,1,main_engine,0.1666273221059733,0.7568842286108474,0.07648844928317938,-1.3041520829517663,0.0038930925345330982,0.0,0.0,none
lunarlander,ppo,13,95,-0.554477870464325,1.0,-0.29462653398513794,-0.5532407719641924,1,main_engine,0.16743481943484462,0.756441032354862,0.07612414821029335,-1.7383569290733771,0.006261228076617328,0.0,0.0,none
lunarlander,ppo,13,96,-0.5558508137861888,1.0,-0.3006664216518402,-0.5523254793137312,0,left_thruster,0.1675887774629069,0.7551920101508257,0.07721921238626739,0.48032785841676057,0.015265175466736797,0.0,0.0,none
lunarlander,ppo,13,97,-0.5572735269864401,1.0,-0.28852614760398865,-0.5431813437491655,1,main_engine,0.16012447529893237,0.7612821641932785,0.07859336050778906,-0.6744623094617782,0.0035629296814667097,0.0,0.0,none
lunarlander,ppo,13,98,-0.5585009853045146,1.0,-0.2854291796684265,-0.5444449115544557,1,main_engine,0.15945424686247323,0.7625205593680728,0.07802519376945388,-3.099953734053706,0.01112759262824601,0.0,0.0,none
lunarlander,ppo,13,99,-0.5594929059346517,1.0,-0.294515460729599,-0.5507914781570434,1,main_engine,0.16371499967100403,0.7588963341264866,0.07738866620250931,-2.100568368617985,0.005608139924634039,0.0,0.0,none
lunarlander,ppo,13,100,-0.5602907637755077,1.0,-0.297198623418808,-0.5556510351598263,2,right_thruster,0.16611697531080594,0.7574544372430277,0.0764285874461663,1.1959988520483034,0.022977628272306806,0.0,0.0,none
lunarlander,ppo,13,101,-0.5610422790050507,1.0,-0.2824656069278717,-0.5732676424086094,0,left_thruster,0.1708058610377748,0.7589085643036577,0.07028557465856734,0.5464385559163087,0.01896944015540923,0.0,0.0,none
lunarlander,ppo,13,102,-0.5618614455064138,1.0,-0.2711467146873474,-0.5580672705546021,2,right_thruster,0.16100237025609715,0.7658785319798004,0.07311909776410244,1.4445798670075054,0.02512318030638989,0.0,0.0,none
lunarlander,ppo,13,103,-0.5626237392425537,1.0,-0.256076842546463,-0.578154382109642,1,main_engine,0.166616372428484,0.7667139801902342,0.06666964738128173,-2.3908579111092236,0.0066743221429309,0.0,0.0,none
lunarlander,ppo,13,104,-0.5631201465924581,1.0,-0.26048192381858826,-0.583143912628293,1,main_engine,0.1696061653335896,0.7644323817923669,0.06596145287404344,-3.2599025449468555,0.0090577199476637,0.0,0.0,none
lunarlander,ppo,13,105,-0.5632860958576202,1.0,-0.2682713270187378,-0.5877634309232235,1,main_engine,0.1733789504228772,0.7609935353310244,0.06562751424609838,-2.3725946578033605,0.008845505451851997,0.0,0.0,none
lunarlander,ppo,13,106,-0.5633158485094707,1.0,-0.2701314389705658,-0.5964110933244229,1,main_engine,0.1779080503371714,0.7582747070418386,0.06381724262099002,-1.8456529035079894,0.0019134162412231177,0.0,0.0,none
lunarlander,ppo,13,107,-0.5629803240299225,1.0,-0.2688571512699127,-0.5950237303972244,1,main_engine,0.1771340258430258,0.7588829650770771,0.06398300907989705,-3.432077835772131,0.005438917410982874,0.0,0.0,none
lunarlander,ppo,13,108,-0.5622798204421997,1.0,-0.27397310733795166,-0.5967319782823324,1,main_engine,0.1794880187155058,0.7565235584222639,0.06398842286223021,-2.442830784501468,0.004004672024517767,0.0,0.0,none
lunarlander,ppo,13,109,-0.5613539119561514,1.0,-0.2743225395679474,-0.6006124407052994,1,main_engine,0.1819644793016259,0.7549793219919515,0.06305619870642269,-3.9041667567057763,0.010724993737121333,0.0,0.0,none
lunarlander,ppo,13,110,-0.5602084100246429,1.0,-0.28122586011886597,-0.6087400160729886,0,left_thruster,0.18824440989899505,0.7499993566572933,0.06175623344371173,1.0510566727553055,0.018625568974790393,0.0,0.0,none
lunarlander,ppo,13,111,-0.5591263373692831,1.0,-0.26980727910995483,-0.5940649710595608,0,left_thruster,0.1789527774076115,0.7571419859540539,0.06390523663833461,1.2694290350266464,0.017432165835549653,0.0,0.0,none
lunarlander,ppo,13,112,-0.5580900609493256,1.0,-0.25817397236824036,-0.5811238462571054,1,main_engine,0.17076527563108965,0.7635262299725065,0.0657084943964037,-5.5517093828519,0.014660625693554618,0.0,0.0,none
lunarlander,ppo,13,113,-0.556659499804179,1.0,-0.2725464999675751,-0.5836373877711594,1,main_engine,0.17586257017397436,0.757815649107598,0.06632178071842756,-3.9580178644722785,0.0059438671823286585,0.0,0.0,none
lunarlander,ppo,13,114,-0.5548463265101116,1.0,-0.27764251828193665,-0.5811731318943203,0,left_thruster,0.1767849031481767,0.7560088986694758,0.06720619818234745,1.4652652081953306,0.018321216984660486,0.0,0.0,none
lunarlander,ppo,13,115,-0.5530771613121033,1.0,-0.2658262252807617,-0.5672838458791375,1,main_engine,0.1685442766669111,0.7621996460658637,0.0692560772672253,-1.3861437015313436,0.006393333354415052,0.0,0.0,none
lunarlander,ppo,13,116,-0.5510919789473216,1.0,-0.26143282651901245,-0.5630848210304975,1,main_engine,0.16668042935473112,0.7636695509601363,0.06965001968513244,-2.035847279509812,0.0032297151541194956,0.0,0.0,none
lunarlander,ppo,13,117,-0.5489023526509603,1.0,-0.26032984256744385,-0.5609824359416962,1,main_engine,0.1665937912098359,0.7635759277796688,0.06983028101049539,-3.499879122213865,0.005221667440500692,0.0,0.0,none
lunarlander,ppo,13,118,-0.5464423696200054,1.0,-0.2647569179534912,-0.5597114922478795,1,main_engine,0.1682081980054415,0.7614595348890426,0.07033226710551592,-5.553922400705733,0.014798604373382693,0.0,0.0,none
lunarlander,ppo,13,119,-0.5436867475509644,1.0,-0.2788226306438446,-0.5633940137922764,1,main_engine,0.1744574993023221,0.7550146980803288,0.07052780261734908,-2.0980313984021652,0.009332163299738105,0.0,0.0,none
lunarlander,ppo,13,120,-0.540646364291509,1.0,-0.27350911498069763,-0.5563504427671433,1,main_engine,0.17153699507810868,0.7570095160625413,0.07145348885935006,-4.293581625168105,0.007402119904233384,0.0,0.0,none
lunarlander,ppo,13,121,-0.5373188356558483,1.0,-0.2800856828689575,-0.5556665662676096,1,main_engine,0.17442170796682155,0.7536340364012678,0.07194425563191066,-2.611885036996989,0.0039892488399813535,0.0,0.0,none
lunarlander,ppo,13,122,-0.5337862173716228,1.0,-0.2795475721359253,-0.5538931088522077,1,main_engine,0.17533760655757585,0.7527054938940377,0.07195689954838633,-5.7545874077766825,0.010813378173629517,0.0,0.0,none
lunarlander,ppo,13,123,-0.5297880868117015,1.0,-0.2867024838924408,-0.546839646063745,1,main_engine,0.17567414833899533,0.7501918050757669,0.07413404658523783,-3.7198891467851123,0.008154608487055117,0.0,0.0,none
lunarlander,ppo,13,124,-0.5256079137325287,1.0,-0.2932063639163971,-0.5494325859472156,0,left_thruster,0.1807070275526005,0.7456382976284552,0.0736546748189444,1.5647955992013975,0.023872080016076765,0.0,0.0,none
lunarlander,ppo,13,125,-0.5214860538641612,1.0,-0.28192970156669617,-0.5287995211780071,1,main_engine,0.17037435277246868,0.751997684470838,0.07762796275669334,-5.896703944609544,0.01288506327426428,0.0,0.0,none
lunarlander,ppo,13,126,-0.5169121424357097,1.0,-0.2907605469226837,-0.5206068195402622,0,left_thruster,0.1708101879598607,0.7487136479414248,0.08047616409871453,1.8476390117028676,0.027420922078078037,0.0,0.0,none
lunarlander,ppo,13,127,-0.5123989284038544,1.0,-0.27966776490211487,-0.4959392689168453,1,main_engine,0.15927017881727681,0.7546258903467531,0.08610393083597011,-2.772958594156905,0.007770537957756734,0.0,0.0,none
lunarlander,ppo,13,128,-0.5076839526494344,1.0,-0.2821978032588959,-0.49030462875962255,1,main_engine,0.15958336731051095,0.7527976923262796,0.08761894036320939,-5.882320756856213,0.015586213461953161,0.0,0.0,none
lunarlander,ppo,13,129,-0.5025914311408997,1.0,-0.29561036825180054,-0.48421370312571527,1,main_engine,0.16212927031306543,0.7471292550224035,0.09074147466453124,-4.33557255433439,0.013112221411807146,0.0,0.0,none
lunarlander,ppo,13,130,-0.497133731842041,1.0,-0.2990521788597107,-0.47279889658093455,1,main_engine,0.16032893716725152,0.7452764072486686,0.09439465558407985,-1.7203225133739102,0.006107406677838039,0.0,0.0,none
lunarlander,ppo,13,131,-0.4915979007879893,1.0,-0.30048123002052307,-0.4706511527299881,1,main_engine,0.1624579232409651,0.7429839117337682,0.09455816502526673,-2.142733093604713,0.009062966679144429,0.0,0.0,none
lunarlander,ppo,13,132,-0.4858886698881785,1.0,-0.2990626394748688,-0.46375697776675223,1,main_engine,0.16187185832093712,0.7421441384220918,0.09598400325697105,-2.5782918430648394,0.007871092646600448,0.0,0.0,none
lunarlander,ppo,13,133,-0.4800140857696533,1.0,-0.3009684681892395,-0.45887730792164805,1,main_engine,0.1630107931181277,0.739822468257435,0.09716673862443716,-4.340396608536862,0.011483069187187622,0.0,0.0,none
lunarlander,ppo,13,134,-0.47385176022847497,1.0,-0.3077335059642792,-0.45194038599729536,0,left_thruster,0.164357293256852,0.7358150578774085,0.09982764886573949,1.9967133951784537,0.029511697335481785,0.0,0.0,none
lunarlander,ppo,13,135,-0.4677573839823405,1.0,-0.2962178587913513,-0.42546041756868364,0,left_thruster,0.15280605997596977,0.7397931380003401,0.10740080202369019,1.9821837291961404,0.026535113878599508,0.0,0.0,none
lunarlander,ppo,13,136,-0.46170756220817566,1.0,-0.28430503606796265,-0.4025345243513584,1,main_engine,0.14332402144935716,0.7427305275951246,0.11394545095551835,-3.7916632569364466,0.014110528984774827,0.0,0.0,none
lunarlander,ppo,13,137,-0.4554290572802226,1.0,-0.2941223978996277,-0.39457796663045885,1,main_engine,0.14463137270792872,0.7372469175204484,0.11812170977162287,-5.79346981100822,0.021565049465661575,0.0,0.0,none
lunarlander,ppo,13,138,-0.44885943333307904,1.0,-0.31396037340164185,-0.3892538584768772,1,main_engine,0.14915119788374867,0.7277501429551362,0.1230986591611151,-6.0891021130626655,0.02007485946099301,0.0,0.0,none
lunarlander,ppo,13,139,-0.4418990512688955,1.0,-0.3288481533527374,-0.377725325524807,1,main_engine,0.15016725502387046,0.7195538684791921,0.1302788764969374,-2.8745099266261853,0.013518599482526828,0.0,0.0,none
lunarlander,ppo,13,140,-0.4347219069798788,1.0,-0.3309951424598694,-0.3664722561836243,1,main_engine,0.14895719476695218,0.716045001773813,0.13499780345923487,-3.345985307374899,0.013908882630938181,0.0,0.0,none
lunarlander,ppo,13,141,-0.42741934458414715,1.0,-0.3422800898551941,-0.3628974050283432,1,main_engine,0.15310944059618645,0.7091052149883529,0.13778534441546064,-4.301136110122868,0.016194821369943973,0.0,0.0,none
lunarlander,ppo,13,142,-0.41980688770612085,1.0,-0.34808671474456787,-0.3498357877135277,0,left_thruster,0.15191909798475509,0.7035669779689913,0.14451392404625377,2.1349725766312235,0.032637806474542376,0.0,0.0,none
lunarlander,ppo,13,143,-0.41226399441560113,1.0,-0.33641260862350464,-0.3203053556382656,0,left_thruster,0.1399107168971345,0.7030620778246826,0.157027205278183,2.2482612758808207,0.030738678171411717,0.0,0.0,none
lunarlander,ppo,13,144,-0.4047764092683792,1.0,-0.3241126835346222,-0.2931481420993805,1,main_engine,0.1295116875051994,0.7016578297172669,0.16883048277753362,-1.429216712942589,0.018599249849187413,0.0,0.0,none
lunarlander,ppo,13,145,-0.3971172869205475,1.0,-0.321281373500824,-0.2764372587203979,1,main_engine,0.12544650725889583,0.6975214095003608,0.17703208324074343,-3.158254699616539,0.017870301367727427,0.0,0.0,none
lunarlander,ppo,13,146,-0.3892681250969569,1.0,-0.3308301568031311,-0.263531482219696,1,main_engine,0.12494516203162483,0.688555308688802,0.1864995292795733,-2.812001771715304,0.017494386791703356,0.0,0.0,none
lunarlander,ppo,13,147,-0.38123394052187604,1.0,-0.3376220762729645,-0.2495538115501404,2,right_thruster,0.12361034461677849,0.6800704033727144,0.19631925201050715,0.6454371583242118,0.017933110350932875,0.0,0.0,none
lunarlander,ppo,13,148,-0.3731265415747961,1.0,-0.322702556848526,-0.2553222142159939,2,right_thruster,0.12726628255024733,0.6869890205678421,0.1857446968819107,0.44950547931933665,0.01774523283346475,0.0,0.0,none
lunarlander,ppo,13,149,-0.364952360590299,1.0,-0.30813735723495483,-0.2613164626061916,1,main_engine,0.13113915805681625,0.6932806046738403,0.17558023726934333,-2.557424051089781,0.01692282157633276,0.0,0.0,none
lunarlander,ppo,13,150,-0.3565556307633718,1.0,-0.30671295523643494,-0.24669292345643046,1,main_engine,0.12841249496852497,0.6886587704578507,0.18292873457362444,-3.617448389437434,0.017801029196016737,0.0,0.0,none
lunarlander,ppo,13,151,-0.3480118016401927,1.0,-0.32075127959251404,-0.2398515000939369,1,main_engine,0.13151751257630542,0.6789024247925715,0.1895800626311232,-5.948899577180511,0.023909956444027606,0.0,0.0,none
lunarlander,ppo,13,152,-0.33911049365997314,1.0,-0.33725303411483765,-0.22501422166824342,1,main_engine,0.13165020499112623,0.6653222247444402,0.20302757026443352,-2.6897944549931045,0.01462851113901046,0.0,0.0,none
lunarlander,ppo,13,153,-0.3301088015238444,1.0,-0.34610018134117126,-0.21761889457702638,1,main_engine,0.13388899786627637,0.6571462629043034,0.20896473922942027,-3.6507604927376223,0.020354229931782906,0.0,0.0,none
lunarlander,ppo,13,154,-0.32103213171164197,1.0,-0.3640116751194,-0.21428916007280352,1,main_engine,0.1395795167854787,0.6456419284396715,0.2147785547748498,-6.438007457082481,0.025307271830309806,0.0,0.0,none
lunarlander,ppo,13,155,-0.31158765157063806,1.0,-0.3817247748374939,-0.19887793362140654,1,main_engine,0.13967808481381286,0.6298418095562173,0.23048010562996993,-2.7286408125318413,0.018694667342259434,0.0,0.0,none
lunarlander,ppo,13,156,-0.3019234041372935,1.0,-0.38008975982666016,-0.18295877426862717,1,main_engine,0.13642967411877277,0.6230751704061925,0.24049515547503472,-3.1665690862714992,0.018201859203026912,0.0,0.0,none
lunarlander,ppo,13,157,-0.2920507142941157,1.0,-0.3834870755672455,-0.1680491827428341,1,main_engine,0.1345324263735016,0.6137264957219146,0.2517410779045838,-3.966133595204828,0.02204000778804514,0.0,0.0,none
lunarlander,ppo,13,158,-0.28207858403523767,1.0,-0.4018952548503876,-0.16116024255752565,1,main_engine,0.13883118412745826,0.5995059654716375,0.26166285040090437,-3.7614948125326646,0.020206968175269385,0.0,0.0,none
lunarlander,ppo,13,159,-0.2718565364678701,1.0,-0.40639957785606384,-0.14432152584195138,1,main_engine,0.13612462321883953,0.5880619493834747,0.2758134273976858,-4.812230095616005,0.023339836956951018,0.0,0.0,none
lunarlander,ppo,13,160,-0.2614079415798187,1.0,-0.4217153787612915,-0.13014404028654097,1,main_engine,0.13635057662006247,0.5714700869920348,0.2921793363879027,-2.7215305869451,0.01852637911241248,0.0,0.0,none
lunarlander,ppo,13,161,-0.2507997304201126,1.0,-0.42453569173812866,-0.11521961688995362,1,main_engine,0.13436569643172047,0.5610144578720533,0.3046198456962262,-0.8020637007469714,0.013916972342316718,0.0,0.0,none
lunarlander,ppo,13,162,-0.2401990443468094,1.0,-0.42405709624290466,-0.10621525570750237,2,right_thruster,0.1349004332381702,0.5552643524094354,0.3098352143523944,0.1801313891393852,0.017571137251868128,0.0,0.0,none
lunarlander,ppo,13,163,-0.22954846421877545,1.0,-0.41010192036628723,-0.10696563795208931,2,right_thruster,0.13862882369221324,0.5619939102390316,0.29937726606875525,0.019085876896176617,0.017590333152304887,0.0,0.0,none
lunarlander,ppo,13,164,-0.21884818871816,1.0,-0.39629700779914856,-0.10905089899897576,1,main_engine,0.1431624952145966,0.5690121636917109,0.2878253410936925,-4.868325591108614,0.024941619818037764,0.0,0.0,none
lunarlander,ppo,13,165,-0.20800530910491943,1.0,-0.4170808494091034,-0.10053337067365647,1,main_engine,0.1474134700680463,0.5515914961411723,0.30099503379078146,-4.288073485966551,0.021324690966411968,0.0,0.0,none
lunarlander,ppo,13,166,-0.197034552693367,1.0,-0.43296486139297485,-0.09147339761257173,1,main_engine,0.15066958993019,0.5363989927725807,0.3129314172972293,-1.8246754092675543,0.013689896894788776,0.0,0.0,none
lunarlander,ppo,13,167,-0.18602311611175537,1.0,-0.43406686186790466,-0.08341441899538041,2,right_thruster,0.15226201608383994,0.5300093406244999,0.3177286432916601,-0.35011998613394785,0.018790437562225173,0.0,0.0,none
lunarlander,ppo,13,168,-0.1749539002776146,1.0,-0.4200412333011627,-0.08923118337988853,0,left_thruster,0.159780339836902,0.5386875524073602,0.3015321077557377,1.4569082061891367,0.030452623303902183,0.0,0.0,none
lunarlander,ppo,13,169,-0.16396005948384604,1.0,-0.40730246901512146,-0.06384966224431991,0,left_thruster,0.1491004977623334,0.5321096177047943,0.31878988453287227,1.4803287738641415,0.029347908008869543,0.0,0.0,none
lunarlander,ppo,13,170,-0.15302641938130063,1.0,-0.39458179473876953,-0.039767725765705114,1,main_engine,0.1396150532657162,0.5252830310921262,0.3351019156421577,-0.955467986687479,0.014905644925490543,0.0,0.0,none
lunarlander,ppo,13,171,-0.14207832515239716,1.0,-0.39349982142448425,-0.02971054837107659,1,main_engine,0.13961411518649516,0.5189629486587275,0.3414229361547773,-3.2359853001512873,0.023467944292440757,0.0,0.0,none
lunarlander,ppo,13,172,-0.13111773878335953,1.0,-0.41280612349510193,-0.022102877497673035,1,main_engine,0.14370187606554713,0.5021081426901017,0.3541899812443512,-0.9268950260731572,0.013298474704212233,0.0,0.0,none
lunarlander,ppo,13,173,-0.12019030749797821,1.0,-0.4140862226486206,-0.014632802456617355,1,main_engine,0.14543538128295036,0.49575705349762766,0.3588075652194221,-2.387435106868688,0.016963859197939548,0.0,0.0,none
lunarlander,ppo,13,174,-0.1092460130651792,1.0,-0.42371588945388794,-0.0059572935104370145,2,right_thruster,0.14758170536434914,0.4838224711639861,0.3685958234716648,-0.373252142797478,0.018505615910076406,0.0,0.0,none
lunarlander,ppo,13,175,-0.09823735803365707,1.0,-0.4099956154823303,-0.011703719943761827,2,right_thruster,0.15537682795217828,0.4933306119482061,0.3512925600996155,-0.7034970762119338,0.01996487856137012,0.0,0.0,none
lunarlander,ppo,13,176,-0.08715629577636719,1.0,-0.3964058756828308,-0.02124968282878399,1,main_engine,0.16589184480812866,0.5040059374123665,0.3301022177795049,-4.724063683641757,0.02530795839696424,0.0,0.0,none
lunarlander,ppo,13,177,-0.07598090295990309,1.0,-0.4178078770637512,-0.013663004338741305,1,main_engine,0.1711945921086974,0.4857083760380696,0.3430970318532331,-0.8117960271163475,0.011170622775385608,0.0,0.0,none
lunarlander,ppo,13,178,-0.06489237149556479,1.0,-0.4181550443172455,-0.0123565748333931,2,right_thruster,0.17742541378175156,0.48260418181813985,0.3399704044001085,-1.1180581306189334,0.022527111814148005,0.0,0.0,none
lunarlander,ppo,13,179,-0.053723653157552086,1.0,-0.404509961605072,-0.026375926285982135,2,right_thruster,0.1924248724685284,0.493740506180347,0.3138346213511245,-1.19644926029991,0.022696864069280266,0.0,0.0,none
lunarlander,ppo,13,180,-0.042484443013866745,1.0,-0.3907737731933594,-0.04052318474277854,1,main_engine,0.2081651860787647,0.5033246778421296,0.28851013607910575,-2.3238328560409762,0.013919219713809071,0.0,0.0,none
lunarlander,ppo,13,181,-0.03129784328242143,1.0,-0.3986435532569885,-0.04310605633072555,1,main_engine,0.22011776904074823,0.4958187797244677,0.28406345123478416,-4.488015650538218,0.017738862550859002,0.0,0.0,none
lunarlander,ppo,13,182,-0.020002682382861774,1.0,-0.411758691072464,-0.0392227916046977,0,left_thruster,0.22855754020036764,0.48325569098953336,0.28818676881009897,0.8015507010750571,0.025643515015213003,0.0,0.0,none
lunarlander,ppo,13,183,-0.0087826248879234,1.0,-0.39874139428138733,-0.02018992118537426,0,left_thruster,0.21925853899883155,0.4817679697662096,0.29897349123495887,1.1136134261325605,0.027639548305205045,0.0,0.0,none
lunarlander,ppo,13,184,0.002361297568616768,1.0,-0.3854030966758728,0.001300714910030365,2,right_thruster,0.20815792063352215,0.4792483765219532,0.31259370284452465,-0.7389342455573024,0.019441820189238127,0.0,0.0,none
lunarlander,ppo,13,185,0.013561566981176536,1.0,-0.37181535363197327,-0.006940133124589923,1,main_engine,0.22030934776776542,0.4862419817307066,0.29344867050152795,-2.3791630090668057,0.015414581225225071,0.0,0.0,none
lunarlander,ppo,13,186,0.024725675272444885,1.0,-0.382371723651886,-0.005701160803437234,2,right_thruster,0.23022810344253986,0.47593045861003497,0.2938414379474252,-1.3758789714796285,0.023878935960429296,0.0,0.0,none
lunarlander,ppo,13,187,0.03597124479711056,1.0,-0.368981271982193,-0.02196266604587436,1,main_engine,0.24998274502163625,0.48306402159348594,0.2669532333848779,-2.6716304416993535,0.02074780090082485,0.0,0.0,none
lunarlander,ppo,13,188,0.047113814701636635,1.0,-0.3858734965324402,-0.026541653694584964,1,main_engine,0.2675642788019149,0.46932595954930195,0.263109761648783,-4.134744210167441,0.02323957140621285,0.0,0.0,none
lunarlander,ppo,13,189,0.05824613695343336,1.0,-0.4062344431877136,-0.02779900477034971,2,right_thruster,0.28368246135504005,0.4528097680633728,0.26350777058158714,-1.3483320151813427,0.022382911703156903,0.0,0.0,none
lunarlander,ppo,13,190,0.06943591559926669,1.0,-0.3926458954811096,-0.04162416160106659,2,right_thruster,0.30342149801835494,0.45628204674561346,0.2402964552360317,-1.5292110588804895,0.02376537988290054,0.0,0.0,none
lunarlander,ppo,13,191,0.08068418751160304,1.0,-0.37898537516593933,-0.05748795196413994,0,left_thruster,0.3253478474804528,0.4580467718707603,0.21660538064878693,0.4935387904880781,0.023303268100927265,0.0,0.0,none
lunarlander,ppo,13,192,0.09185353914896648,1.0,-0.36576738953590393,-0.0418811347335577,1,main_engine,0.31744183701637885,0.4598206861895517,0.22273747679406938,-4.332072431295776,0.02374696378869132,0.0,0.0,none
lunarlander,ppo,13,193,0.10303004334370296,1.0,-0.38661953806877136,-0.04392855865880847,1,main_engine,0.336346297596323,0.44182771732435555,0.2218259850793215,-3.069031201670343,0.016015460296284464,0.0,0.0,none
lunarlander,ppo,13,194,0.11417269706726074,1.0,-0.397530734539032,-0.047573010344058274,1,main_engine,0.3543036533577315,0.42919430307386364,0.2165020435684049,-5.682141698352424,0.022535088333008824,0.0,0.0,none
lunarlander,ppo,13,195,0.12545379499594372,1.0,-0.4167563319206238,-0.044264923129230735,0,left_thruster,0.36812093853797456,0.41231279311388697,0.21956626834813842,0.680592965461501,0.02569068456174972,0.0,0.0,none
lunarlander,ppo,13,196,0.13665255159139633,1.0,-0.40357083082199097,-0.025271722115576267,0,left_thruster,0.35624666825918244,0.4144694131342605,0.229283918606557,0.7823433429849228,0.02550016861040818,0.0,0.0,none
lunarlander,ppo,13,197,0.14778001854817074,1.0,-0.3904532492160797,-0.00644708052277565,1,main_engine,0.344548397008975,0.4162806805550866,0.2391709224359385,-1.9427985171860929,0.011700464291285352,0.0,0.0,none
lunarlander,ppo,13,198,0.15890860309203467,1.0,-0.3920101523399353,-0.003186478838324548,0,left_thruster,0.3528806518466404,0.4094914283061062,0.2376279198472533,0.8462403533561018,0.025109369021118672,0.0,0.0,none
lunarlander,ppo,13,199,0.16997671375672024,1.0,-0.3788876533508301,0.01513774991035461,2,right_thruster,0.3415806071402435,0.41110995314053506,0.24730943971922142,-1.153136154428962,0.022314840017129717,0.0,0.0,none
lunarlander,ppo,13,200,0.18112428486347198,1.0,-0.36524322628974915,0.0014441983774304383,1,main_engine,0.3631646679337786,0.41213608613013436,0.224699245936087,-0.09472164235519358,0.017656581936406467,1.0,1.0,lunarlander_engine_fault
lunarlander,ppo,13,201,0.1922718683878581,1.0,-0.3519095182418823,0.004558439366519451,0,left_thruster,0.3675092123451325,0.413299588139661,0.21919119951520655,0.7569007521819776,0.023452646645494384,1.0,0.0,lunarlander_engine_fault
lunarlander,ppo,13,202,0.20336691290140152,1.0,-0.33857807517051697,0.02034448534250259,0,left_thruster,0.3587874219419477,0.41538923585673726,0.22582334220131514,1.3945563539094223,0.02971684455225175,1.0,0.0,lunarlander_engine_fault
lunarlander,ppo,13,203,0.2143807460864385,1.0,-0.3254794776439667,0.04463878655806183,2,right_thruster,0.3414048649480031,0.41741956374322065,0.24117557130877634,-0.8666105879799603,0.01999391688041934,1.0,0.0,lunarlander_engine_fault
lunarlander,ppo,13,204,0.2254665642976761,1.0,-0.3123326897621155,0.03443960447330027,2,right_thruster,0.35931877679456653,0.41816778957524753,0.22251343363018602,0.10064415456564348,0.03024920867824554,1.0,0.0,lunarlander_engine_fault
lunarlander,ppo,13,205,0.23646997908751172,1.0,-0.29904380440711975,0.05928603308275342,1,main_engine,0.3413719337332671,0.420430383912467,0.23819768235426592,-1.0548486570966542,0.01883091261562758,1.0,0.0,lunarlander_engine_fault
lunarlander,ppo,13,206,0.24747331937154135,1.0,-0.28570812940597534,0.06674857586622238,1,main_engine,0.3411375247606842,0.4220125263065008,0.23684994893281497,-1.041390889806903,0.018830939505958606,1.0,0.0,lunarlander_engine_fault
lunarlander,ppo,13,207,0.25847673416137695,1.0,-0.27237245440483093,0.07421107664704323,1,main_engine,0.3409017501422149,0.4235862278039698,0.2355120220538153,-1.0288187584378035,0.018830866597674308,1.0,0.0,lunarlander_engine_fault
lunarlander,ppo,13,208,0.2694800744454066,1.0,-0.2590368092060089,0.0816735565662384,2,right_thruster,0.34066439549595995,0.4251515345500918,0.23418406995394828,-1.7167700978427252,0.018705447216334752,1.0,0.0,lunarlander_engine_fault
lunarlander,ppo,13,209,0.28054381410280865,1.0,-0.24571888148784637,0.07459399290382862,2,right_thruster,0.35515340849724353,0.4259570991127904,0.21888949238996608,0.05048473597715656,0.03058802469365431,1.0,0.0,lunarlander_engine_fault
lunarlander,ppo,13,210,0.29152631759643555,1.0,-0.23233409225940704,0.09981024339795112,0,left_thruster,0.33699312202250825,0.4283278222847671,0.2346790556927246,-0.5013634651224175,0.02677517026922709,1.0,0.0,lunarlander_engine_fault
lunarlander,ppo,13,211,0.30245875318845117,1.0,-0.21863722801208496,0.12005345225334167,1,main_engine,0.32383729758286356,0.430124273077401,0.24603842933973533,-1.1967112211104314,0.019742062270556283,1.0,0.0,lunarlander_engine_fault
lunarlander,ppo,13,212,0.3133912881215414,1.0,-0.20530001819133759,0.12966321483254434,0,left_thruster,0.3214321669313347,0.4316886420492375,0.2468791910194278,-1.9399156308320336,0.01798118095490112,1.0,0.0,lunarlander_engine_fault
lunarlander,ppo,13,213,0.32438596089680993,1.0,-0.19214850664138794,0.1242338702082634,1,main_engine,0.33405782686843644,0.43317292682682745,0.232769246304736,-0.9985800850502937,0.018933561975637458,1.0,0.0,lunarlander_engine_fault
lunarlander,ppo,13,214,0.3353805591662725,1.0,-0.1788126677274704,0.13196393996477127,2,right_thruster,0.33354920664010856,0.4347100484061738,0.23174074495371758,-1.7058118848872437,0.018142329669936386,1.0,0.0,lunarlander_engine_fault
lunarlander,ppo,13,215,0.34643245240052545,1.0,-0.16586075723171234,0.12569913379848002,1,main_engine,0.3470964544732608,0.43536643965300065,0.21753710587373867,-0.8151868626364558,0.018322970713390486,1.0,0.0,lunarlander_engine_fault
lunarlander,ppo,13,216,0.3574843456347784,1.0,-0.15252593159675598,0.1316798809915781,1,main_engine,0.34834654788620556,0.4367062598378664,0.214947192275928,-0.8099135995355345,0.01832297754527857,1.0,0.0,lunarlander_engine_fault
lunarlander,ppo,13,217,0.3685362388690313,1.0,-0.13919109106063843,0.1376606158912182,0,left_thruster,0.3495882809770022,0.4380225333681005,0.2123891856548973,-1.5040697812121153,0.018812262817949087,1.0,0.0,lunarlander_engine_fault
lunarlander,ppo,13,218,0.3796442349751791,1.0,-0.12606048583984375,0.1300382237881422,1,main_engine,0.364399481789151,0.43769919136530744,0.19790132684554165,-0.6338212266144364,0.017874787406051126,1.0,0.0,lunarlander_engine_fault
lunarlander,ppo,13,219,0.39075223108132684,1.0,-0.1127263754606247,0.13431863822042941,0,left_thruster,0.3673315046634855,0.43860592992257275,0.19406256541394168,0.10365437297915378,0.026388838097822068,1.0,0.0,lunarlander_engine_fault
lunarlander,ppo,13,220,0.4017965743939082,1.0,-0.09911789000034332,0.15404685102403165,2,right_thruster,0.3548785510960607,0.4416428181578304,0.2034786307461088,-1.5119302045468885,0.0185635077446515,1.0,0.0,lunarlander_engine_fault
lunarlander,ppo,13,221,0.4128960023323695,1.0,-0.08610176295042038,0.14683665297925472,1,main_engine,0.36919478634976494,0.44090110812743705,0.18990410552279802,-1.629896080730864,0.019046733592954758,1.0,0.0,lunarlander_engine_fault
lunarlander,ppo,13,222,0.42398413022359216,1.0,-0.09966675192117691,0.1543081022799015,1,main_engine,0.37760334942892215,0.427506943457843,0.19488970711323486,-1.2466284715167104,0.01700404892220473,1.0,0.0,lunarlander_engine_fault
lunarlander,ppo,13,223,0.4350222647190094,1.0,-0.11112788319587708,0.16030307821929454,1,main_engine,0.38670112679839747,0.4151702799969797,0.19812859320462295,-0.7852156207487361,0.015882794133352033,1.0,0.0,lunarlander_engine_fault
lunarlander,ppo,13,224,0.44596458474795025,1.0,-0.12186507135629654,0.1644553754478693,1,main_engine,0.3973313644760271,0.40311685732494423,0.1995517781990287,-1.1298037362668583,0.01669076584436693,1.0,0.0,lunarlander_engine_fault
lunarlander,ppo,13,225,0.4568304121494293,1.0,-0.13344289362430573,0.16960022635757924,1,main_engine,0.40709600843039845,0.3909359480119427,0.20196804355765882,-2.340753944284643,0.015503609822671127,1.0,0.0,lunarlander_engine_fault
lunarlander,ppo,13,226,0.4677390058835348,1.0,-0.13879232108592987,0.17923080921173096,2,right_thruster,0.41018818379712124,0.38280670421747315,0.20700511198540564,0.12058745495362018,0.03041135601197714,1.0,0.0,lunarlander_engine_fault
lunarlander,ppo,13,227,0.47856956720352173,1.0,-0.12481735646724701,0.20397449284791946,0,left_thruster,0.3912199034720946,0.38672310947774546,0.22205698705015986,-0.40724311020379905,0.02733535628507286,1.0,0.0,lunarlander_engine_fault
lunarlander,ppo,13,228,0.48934628566106164,1.0,-0.11114629358053207,0.22505021542310716,1,main_engine,0.3762180675117451,0.38954321385640645,0.23423871863184842,-1.1836326227158087,0.019642017050906294,1.0,0.0,lunarlander_engine_fault
lunarlander,ppo,13,229,0.5001228551069896,1.0,-0.09780912846326828,0.2346311554312706,0,left_thruster,0.3735727996801587,0.39118880784849963,0.23523839247134162,-0.33772465531120816,0.032648127002009725,1.0,0.0,lunarlander_engine_fault
lunarlander,ppo,13,230,0.5108272035916647,1.0,-0.08376099914312363,0.26208961829543115,1,main_engine,0.35177299697831677,0.3938111885572064,0.25441581446447686,-1.4030644966016508,0.020787330836593846,1.0,0.0,lunarlander_engine_fault
lunarlander,ppo,13,231,0.5215316017468771,1.0,-0.07042186707258224,0.27390471622347834,0,left_thruster,0.3467807332042251,0.39539567837980183,0.25782358841597314,-0.54205349089013,0.034912549354587194,1.0,0.0,lunarlander_engine_fault
lunarlander,ppo,13,232,0.5321623384952545,1.0,-0.056326210498809814,0.30402424484491347,0,left_thruster,0.3225114473317548,0.3965407283727884,0.28094782429545684,-0.8447588096465325,0.03555929533068177,1.0,0.0,lunarlander_engine_fault
lunarlander,ppo,13,233,0.5427250762780508,1.0,-0.04229532927274704,0.33494392186403277,1,main_engine,0.2979082206517036,0.3960391569993896,0.3060526223489068,-1.8436243337479299,0.023498602606401988,1.0,0.0,lunarlander_engine_fault
lunarlander,ppo,13,234,0.5532875160376232,1.0,-0.028951169922947884,0.35114739686250684,1,main_engine,0.2887324516177025,0.3963794700925295,0.3148880782897681,-1.8464321840084403,0.02349817217962007,1.0,0.0,lunarlander_engine_fault
lunarlander,ppo,13,235,0.5638494590918224,1.0,-0.015607049688696861,0.3673506036400795,0,left_thruster,0.279697751315809,0.39650229785301866,0.3237999508311724,-2.5684679740754564,0.016520317726040814,1.0,0.0,lunarlander_engine_fault
lunarlander,ppo,13,236,0.5744682749112447,1.0,-0.003045652061700821,0.36889103800058365,1,main_engine,0.2853839987101697,0.398906247303792,0.31570975398603845,-0.2363993755320098,0.029287206180173664,1.0,0.0,lunarlander_engine_fault
lunarlander,ppo,13,237,0.5849237243334453,1.0,-0.02406829223036766,0.38639739751815794,1,main_engine,0.28200185945565603,0.38015349498865103,0.3378446455556929,0.0003938625894625257,0.024987868910761695,1.0,0.0,lunarlander_engine_fault
lunarlander,ppo,13,238,0.5951791008313497,1.0,-0.040717367082834244,0.40195468366146087,0,left_thruster,0.2789768894673523,0.36427277939746255,0.3567503311351851,-1.0613240642182153,0.034323018830446604,1.0,0.0,lunarlander_engine_fault
lunarlander,ppo,13,239,0.6053767104943594,1.0,-0.02655653841793537,0.43151055127382276,2,right_thruster,0.256211314735634,0.3607892567710961,0.3829994284932699,-2.607753092701805,0.016391238389154433,1.0,0.0,lunarlander_engine_fault
lunarlander,ppo,13,240,0.6156295041243236,1.0,-0.013999789953231812,0.4339356258511543,2,right_thruster,0.26080144832173113,0.3636594922318671,0.37553905944640187,-2.4234851118347023,0.015996714037246756,1.0,0.0,lunarlander_engine_fault
lunarlander,ppo,13,241,0.6259368360042572,1.0,-0.0017664943588897586,0.4339513868093491,2,right_thruster,0.26789997227946905,0.36688654984483404,0.36521347787569686,-2.3263349301720653,0.01649145293435453,1.0,0.0,lunarlander_engine_fault
lunarlander,ppo,13,242,0.6363064547379812,1.0,0.010721568018198013,0.4310380853712559,0,left_thruster,0.27799862409642284,0.3707247813295595,0.35127659457401766,-2.0579953964334115,0.01664648032110851,1.0,0.0,lunarlander_engine_fault
lunarlander,ppo,13,243,0.6467331449190776,1.0,0.02277422696352005,0.4262294627726078,0,left_thruster,0.2902656223085202,0.37433449052188655,0.33539988716959324,-0.6150742628872513,0.028345206316974174,1.0,0.0,lunarlander_engine_fault
lunarlander,ppo,13,244,0.6571103632450104,1.0,0.037018705159425735,0.44842988848686216,2,right_thruster,0.27476385590679914,0.37351056826742035,0.35172557582578057,-1.9720431253503465,0.01656369916534999,1.0,0.0,lunarlander_engine_fault
lunarlander,ppo,13,245,0.6675405303637187,1.0,0.049513477832078934,0.4453560635447502,0,left_thruster,0.2850773216226798,0.3770717486569569,0.33785092972036335,-1.8615049406780964,0.017404970878728897,1.0,0.0,lunarlander_engine_fault
lunarlander,ppo,13,246,0.6780293583869934,1.0,0.06194358319044113,0.4391584850847721,1,main_engine,0.2987329058362292,0.38071800232785674,0.32054909183591407,-0.9659524212916085,0.018388709759250117,1.0,0.0,lunarlander_engine_fault
lunarlander,ppo,13,247,0.6885180373986562,1.0,0.0752788856625557,0.4462508730590343,2,right_thruster,0.2986877049978458,0.3824735804751657,0.3188387145269886,-1.5434372005730257,0.017348552581319593,1.0,0.0,lunarlander_engine_fault
lunarlander,ppo,13,248,0.6990553438663483,1.0,0.08767957985401154,0.4402375351637602,2,right_thruster,0.31229623322204064,0.38542155155764507,0.3022822152203143,-0.23970917671265396,0.02662805731299586,1.0,0.0,lunarlander_engine_fault
lunarlander,ppo,13,249,0.7095389564832052,1.0,0.10203184187412262,0.46006579473614695,1,main_engine,0.29897923858886516,0.3860495583984012,0.31497120301273357,-0.9865992389879921,0.01844744550885517,1.0,0.0,lunarlander_engine_fault
lunarlander,ppo,13,250,0.7200223704179128,1.0,0.11536721140146255,0.4673166014254093,1,main_engine,0.29875122701333257,0.38776768729771866,0.31348108568894884,-0.9873649280357131,0.018447265376326183,1.0,0.0,lunarlander_engine_fault
lunarlander,ppo,13,251,0.7305054863293966,1.0,0.1287025660276413,0.4745674081146717,0,left_thruster,0.2985182590997225,0.3894813368948487,0.31200040400542883,-0.5025503933061782,0.026720473531322963,1.0,0.0,lunarlander_engine_fault
lunarlander,ppo,13,252,0.7409400741259258,1.0,0.1429133266210556,0.4946461871266365,0,left_thruster,0.285278144910691,0.38962293948203525,0.32509891560727383,-1.7162686622791763,0.016984157223922332,1.0,0.0,lunarlander_engine_fault
lunarlander,ppo,13,253,0.7514263689517975,1.0,0.15513810515403748,0.4892560102045536,0,left_thruster,0.29786021822256736,0.3927628344817549,0.3093769472956778,-0.3579743385074153,0.031613550548138414,1.0,0.0,lunarlander_engine_fault
lunarlander,ppo,13,254,0.7618474960327148,1.0,0.17016105353832245,0.5150460802018643,1,main_engine,0.27893631469496094,0.39232325219546094,0.3287404331095781,-1.20695944621948,0.019366771860541174,1.0,0.0,lunarlander_engine_fault
lunarlander,ppo,13,255,0.7722686231136322,1.0,0.18349777162075043,0.5244590453803539,2,right_thruster,0.2765954014622899,0.3936610788656741,0.329743519672036,-0.7512785533100305,0.031054754574798935,1.0,0.0,lunarlander_engine_fault
lunarlander,ppo,13,256,0.7826366523901622,1.0,0.19839292764663696,0.5496589675545692,2,right_thruster,0.2589416518898854,0.39227929864691,0.34877904946320465,-0.8811100301107582,0.03343703765078803,1.0,0.0,lunarlander_engine_fault
lunarlander,ppo,13,257,0.7929452260335287,1.0,0.21315988898277283,0.5778317496180534,1,main_engine,0.23923119439615148,0.38907737039627516,0.3716914352075734,-1.6183222544497995,0.021587424579849156,1.0,0.0,lunarlander_engine_fault
lunarlander,ppo,13,258,0.8032530049482982,1.0,0.2265000343322754,0.5913153365254402,1,main_engine,0.2334630950937276,0.3889843136598705,0.3775525912464019,-1.6146569548478646,0.02158700066571361,1.0,0.0,lunarlander_engine_fault
lunarlander,ppo,13,259,0.8135601878166199,1.0,0.23984013497829437,0.6047987446188927,2,right_thruster,0.2278000387670612,0.3888021355455164,0.3833978256874225,-2.08358246615393,0.015964034341974968,1.0,0.0,lunarlander_engine_fault
lunarlander,ppo,13,260,0.8239220082759857,1.0,0.25136566162109375,0.6009718261659145,2,right_thruster,0.2376753956714743,0.39323797511624214,0.3690866292122835,-100.03230240598322,0.9864252026198378,1.0,0.0,lunarlander_engine_fault
lunarlander,ppo,13,261,-0.006636778513590495,0.9335335890452067,0.2360060065984726,0.07319054640829563,1,main_engine,0.08087089736837227,0.7550706447874129,0.16405845784421474,-1.0242985787384031,0.01823998580461767,1.0,0.0,lunarlander_engine_fault
lunarlander,ppo,13,262,-0.013274112716317177,0.9260701338450114,0.24882394075393677,0.08147548921406268,1,main_engine,0.07610039337316016,0.756593343331927,0.16730626329491285,-1.1740519019299813,0.01910418446788198,1.0,0.0,lunarlander_engine_fault
lunarlander,ppo,13,263,-0.01991176667312781,0.9182068506876627,0.2621777653694153,0.0904618989676237,1,main_engine,0.07144625970303597,0.7576465135669069,0.1709072267300571,-0.13121638291184126,0.013540609919821518,1.0,0.0,lunarlander_engine_fault
lunarlander,ppo,13,264,-0.026635170603791874,0.9105499585469564,0.2553230822086334,0.09616534337401389,1,main_engine,0.06930467938501451,0.7526266445019367,0.17806867611304866,-1.1258187172656482,0.019027865207922667,1.0,0.0,lunarlander_engine_fault
lunarlander,ppo,13,265,-0.033358813573916755,0.9024935563405355,0.26866379380226135,0.10476604551076889,1,main_engine,0.06516199887178138,0.7532259464039861,0.18161205472423247,-1.1216975020990287,0.01919464049449975,1.0,0.0,lunarlander_engine_fault
lunarlander,ppo,13,266,-0.040082773193717,0.8940378824869791,0.28199949860572815,0.11336157619953155,1,main_engine,0.06130815010318653,0.7534806975617436,0.18521115233506974,-1.1160461659307612,0.019374284860388686,1.0,0.0,lunarlander_engine_fault
lunarlander,ppo,13,267,-0.04680689113835494,0.885182778040568,0.2953357994556427,0.12195688635110855,1,main_engine,0.05772153318899095,0.753409184938344,0.18886928187266516,-1.10841900861353,0.019559919976988888,1.0,0.0,lunarlander_engine_fault
lunarlander,ppo,13,268,-0.05353132883707683,0.8759282430013021,0.30867278575897217,0.13055053427815438,1,main_engine,0.05438344888020188,0.7530297251992241,0.1925868259205741,-1.0988704100763242,0.019751757268664148,1.0,0.0,lunarlander_engine_fault
lunarlander,ppo,13,269,-0.06025608628988266,0.8662742773691813,0.3220099210739136,0.13914304971694946,1,main_engine,0.05127609132660339,0.7523584664841099,0.1963654421892868,1.6150639214953206,0.019224140588414037,1.0,0.0,lunarlander_engine_fault
lunarlander,ppo,13,270,-0.0669295775393645,0.8568739096323649,0.3136003911495209,0.15202501341700553,2,right_thruster,0.04873420470305243,0.7411083941174677,0.2101574011794798,-0.20365675266221614,0.01908336560580597,1.0,0.0,lunarlander_engine_fault
lunarlander,ppo,13,271,-0.07353647301594417,0.8470746676127116,0.32686173915863037,0.1450511135160923,1,main_engine,0.04830863943123515,0.7490479454943086,0.20264341507445627,-0.9629372981693837,0.019396519114691754,1.0,0.0,lunarlander_engine_fault
lunarlander,ppo,13,272,-0.08014361063639323,0.836875836054484,0.34019654989242554,0.15217412859201432,1,main_engine,0.04583456685492262,0.7486913173270557,0.2054741158180216,0.2692812300661035,0.013939646844375118,1.0,0.0,lunarlander_engine_fault
lunarlander,ppo,13,273,-0.0868171826004982,0.8267779350280762,0.33684855699539185,0.1582239657640457,1,main_engine,0.04431685205059487,0.7428040278141753,0.21287912013522975,-0.9400135079207587,0.01953024136323419,1.0,0.0,lunarlander_engine_fault
lunarlander,ppo,13,274,-0.09349091599384944,0.816280206044515,0.350188285112381,0.1652054376900196,1,main_engine,0.0420945240156707,0.742183233913386,0.2157222420709432,0.8429405588837755,0.018507305022445065,1.0,0.0,lunarlander_engine_fault
lunarlander,ppo,13,275,-0.10031461715698242,0.8061849276224772,0.3367740511894226,0.1689605839550495,1,main_engine,0.041342022636180704,0.7336355981120795,0.22502237925173976,-0.8952126985003451,0.019441812817142266,1.0,0.0,lunarlander_engine_fault
lunarlander,ppo,13,276,-0.10713847974936168,0.7956899007161459,0.3501153886318207,0.17553949803113938,1,main_engine,0.03932181470305751,0.7329896215617794,0.22768856373516308,-0.8814770251179209,0.0196547748946349,1.0,0.0,lunarlander_engine_fault
lunarlander,ppo,13,277,-0.11396256585915884,0.7847949663798014,0.3634504973888397,0.18211348503828048,1,main_engine,0.037429212108853784,0.7321836390718061,0.2303871488193402,-0.8671719382368974,0.019879854031592537,1.0,0.0,lunarlander_engine_fault
lunarlander,ppo,13,278,-0.12078690032164256,0.7735005219777426,0.37678661942481995,0.18868770971894264,1,main_engine,0.035654528506144104,0.7312256184199888,0.23311985307386712,2.432424740377984,0.025916683062782556,1.0,0.0,lunarlander_engine_fault
lunarlander,ppo,13,279,-0.12770517418781918,0.7628416220347086,0.35562631487846375,0.1965896911919117,1,main_engine,0.034768730121194344,0.7160851639452718,0.24914610593353398,1.4888071908121536,0.02166514025988373,1.0,0.0,lunarlander_engine_fault
lunarlander,ppo,13,280,-0.13473160564899445,0.7526752154032389,0.3392239809036255,0.2034900665283203,1,main_engine,0.0338428009142,0.7028554656324059,0.26330173345339414,-0.9296510723079336,0.01961200541513043,1.0,0.0,lunarlander_engine_fault
lunarlander,ppo,13,281,-0.14175835996866226,0.7421091397603353,0.3525634706020355,0.21024813875555992,2,right_thruster,0.032212225807014015,0.7013813212166419,0.266406452976344,0.1752346236289327,0.021303679444914198,1.0,0.0,lunarlander_engine_fault
lunarlander,ppo,13,282,-0.1487128684918086,0.7311568260192871,0.36532703042030334,0.19917475022375583,1,main_engine,0.0324245028834182,0.7131066576711099,0.254468839445472,1.0669082770085538,0.015557437068827472,1.0,0.0,lunarlander_engine_fault
lunarlander,ppo,13,283,-0.1556384563446045,0.7202473481496176,0.3639374375343323,0.20772591419517994,1,main_engine,0.031069640261500605,0.7044072046849675,0.2645231550535319,-0.7616467795730932,0.01946855748574885,1.0,0.0,lunarlander_engine_fault
lunarlander,ppo,13,284,-0.16256428013245267,0.7089379628499349,0.3772759437561035,0.212749832123518,1,main_engine,0.029781648078019227,0.704070104021563,0.2661482479004178,2.351321035343992,0.02376956398890071,1.0,0.0,lunarlander_engine_fault
lunarlander,ppo,13,285,-0.16955502331256866,0.6981745560963949,0.359108567237854,0.22112940177321433,1,main_engine,0.028893009035810054,0.688285617123324,0.28282137384086586,-0.8692795933591014,0.020789808172943562,1.0,0.0,lunarlander_engine_fault
lunarlander,ppo,13,286,-0.17653942108154297,0.687005360921224,0.37266892194747925,0.22977811098098755,2,right_thruster,0.027401914965447687,0.6849531099054078,0.28764497512914455,0.015102098366276096,0.02243926988984593,1.0,0.0,lunarlander_engine_fault
lunarlander,ppo,13,287,-0.1834673061966896,0.6754345893859863,0.38592329621315,0.21769655272364616,1,main_engine,0.027690987503543284,0.6981279518586727,0.2741810606377839,-0.6288169486807191,0.019548046941870085,1.0,0.0,lunarlander_engine_fault
lunarlander,ppo,13,288,-0.19039519131183624,0.6634639898935953,0.39925718307495117,0.2213080283254385,1,main_engine,0.026699105372047248,0.6986657183247201,0.27463517630323264,-0.6172448226915389,0.019795419612563335,1.0,0.0,lunarlander_engine_fault
lunarlander,ppo,13,289,-0.19732308884461722,0.6510934829711914,0.41259104013442993,0.22491935603320598,1,main_engine,0.02575865950906121,0.6991273883093576,0.27511395218158136,-0.6053869576584645,0.02004780102079974,1.0,0.0,lunarlander_engine_fault
lunarlander,ppo,13,290,-0.20425101121266684,0.6383230288823446,0.4259248971939087,0.22853072360157967,2,right_thruster,0.024866561399580617,0.6995162696136694,0.2756171689867499,0.4491898472031687,0.024101542522950225,1.0,0.0,lunarlander_engine_fault
lunarlander,ppo,13,291,-0.2111074576775233,0.6251703500747681,0.43851926922798157,0.21430882755666972,1,main_engine,0.025301296141610554,0.7135343118000852,0.2611643920583043,-0.36750009972644987,0.02025778721879154,1.0,0.0,lunarlander_engine_fault
lunarlander,ppo,13,292,-0.21796392897764844,0.6116175651550293,0.45185261964797974,0.2156910474412143,1,main_engine,0.024601796009350696,0.71554647198341,0.25985173200723927,0.7583185464297548,0.015361722450334571,1.0,0.0,lunarlander_engine_fault
lunarlander,ppo,13,293,-0.22492739061514538,0.5981358687082926,0.4494759142398834,0.2159874441102147,1,main_engine,0.024234633827786504,0.7124324141401631,0.26333295203205037,-0.35830831907467997,0.0205066627826461,1.0,0.0,lunarlander_engine_fault
lunarlander,ppo,13,294,-0.23189087708791098,0.584254264831543,0.46280935406684875,0.2172338512726128,1,main_engine,0.023581058924878013,0.7144594966192301,0.2619594444558919,-0.3492337556361326,0.020779575973507616,1.0,0.0,lunarlander_engine_fault
lunarlander,ppo,13,295,-0.23885436356067657,0.5699725151062012,0.4761427342891693,0.21848013792186977,1,main_engine,0.02295571875452514,0.7164208251178379,0.260623456127637,-0.3412683844115281,0.021056405808389855,1.0,0.0,lunarlander_engine_fault
lunarlander,ppo,13,296,-0.2458178500334422,0.5552908976872762,0.4894760847091675,0.21972671654075385,2,right_thruster,0.022357185867439726,0.7183181763140318,0.2593246378185284,0.742705571157262,0.02712421072004188,1.0,0.0,lunarlander_engine_fault
lunarlander,ppo,13,297,-0.25270745158195496,0.5402348438898722,0.5017871260643005,0.2021196241490543,1,main_engine,0.022956413728123876,0.7338850590333015,0.24315852723857478,-0.10357757111866249,0.021572293937801496,1.0,0.0,lunarlander_engine_fault
lunarlander,ppo,13,298,-0.2595970282951991,0.5247789621353149,0.5151205658912659,0.20100935390219093,1,main_engine,0.022513898306287708,0.7373443826423441,0.2401417190513681,1.1497076268838622,0.020011407013279442,1.0,0.0,lunarlander_engine_fault
lunarlander,ppo,13,299,-0.26673222581545514,0.509577473004659,0.506587564945221,0.19425302427262067,1,main_engine,0.022709053186635214,0.7372451307516118,0.24004581606175301,1.3794326998623045,0.018363569716380375,1.0,0.0,lunarlander_engine_fault
lunarlander,ppo,13,300,-0.2740255494912466,0.49456814924875897,0.5001647472381592,0.19007023386657237,1,main_engine,0.02270840552526882,0.7359733476002563,0.24131824687447478,-0.16122813402977043,0.11301337047035008,1.0,1.0,lunarlander_engine_fault|lunarlander_navigation_noise
lunarlander,ppo,13,301,-0.28561989698382034,0.5550634221656474,0.4743491469207876,0.09890297139667614,1,main_engine,0.028352935910340687,0.786544075446114,0.1851029886435453,0.5397068294508744,0.13648870745242855,1.0,0.0,lunarlander_navigation_noise
lunarlander,ppo,13,302,-0.27461269208307754,0.497176394090518,0.5303242768696624,0.2085564506398969,1,main_engine,0.02117138352513157,0.7328899664015789,0.24593865007328952,3.456455949752921,0.1141721342276928,1.0,0.0,lunarlander_navigation_noise
lunarlander,ppo,13,303,-0.2991093202199157,0.42293414631356385,0.455026727123249,0.1731508142066465,1,main_engine,0.023336231409092578,0.7244720330397586,0.2521917355511487,2.150050367620072,0.1023946035425586,1.0,0.0,lunarlander_navigation_noise
lunarlander,ppo,13,304,-0.3189273402314099,0.48599299401335594,0.5118850508716034,0.11946083688532969,1,main_engine,0.02432922096554784,0.7775351513371531,0.19813562769729895,1.927684832895666,0.15780102531502097,1.0,0.0,lunarlander_navigation_noise
lunarlander,ppo,13,305,-0.2720679330747725,0.4246416913294035,0.5250910894068702,0.2564534562361088,2,right_thruster,0.01908869694964086,0.6919800698592329,0.28893123319112635,0.4364103817301452,0.1993524889756999,1.0,0.0,lunarlander_navigation_noise
lunarlander,ppo,13,306,-0.28668412466439636,0.322449611878917,0.5145970598260106,0.08623466748186037,1,main_engine,0.030391435875602377,0.7979862460418354,0.17162231808256223,0.5658217724098802,0.18101115000197487,1.0,0.0,lunarlander_navigation_noise
lunarlander,ppo,13,307,-0.24339904190155504,0.3645822239713745,0.4724941717275117,0.25159375506788695,2,right_thruster,0.021770853627676428,0.6800425443719672,0.2981866020003564,0.49161838760755244,0.2253604456271232,1.0,0.0,lunarlander_navigation_noise
lunarlander,ppo,13,308,-0.41919463936691037,0.38465825136919474,0.44067289020536893,0.11569821602681019,1,main_engine,0.020431134113077436,0.732631239514077,0.2469376263728455,0.21050292102410822,0.06489947699775449,1.0,0.0,lunarlander_navigation_noise
lunarlander,ppo,13,309,-0.37854020033849395,0.40305648629778945,0.4757971451145864,0.1471139822987219,1,main_engine,0.02027173113072512,0.7319762237731262,0.24775204509614868,2.2602604979868013,0.16931979277191675,1.0,0.0,lunarlander_navigation_noise
lunarlander,ppo,13,310,-0.31401915388026436,0.2680179876522199,0.5450012412045298,0.10862211619451481,1,main_engine,0.02634385843998066,0.788253623267817,0.1854025182922024,1.341220413588553,0.14593124595314758,1.0,0.0,lunarlander_navigation_noise
lunarlander,ppo,13,311,-0.43859566348484885,0.3074940452745248,0.5094132632216782,0.16295220452381406,1,main_engine,0.016908041318203382,0.7137481692055857,0.26934378947621074,2.486640716897821,0.06307038844242788,1.0,0.0,lunarlander_navigation_noise
lunarlander,ppo,13,312,-0.39788513722107494,0.33258088564092253,0.46829486616747173,0.16227780573317735,1,main_engine,0.01895323348961296,0.7108524829145654,0.2701942835958216,1.7041478893506403,0.11195172007325309,1.0,0.0,lunarlander_navigation_noise
lunarlander,ppo,13,313,-0.37807511752619943,0.36363226106565083,0.4116064691198098,0.07304222722635151,1,main_engine,0.02621123190072624,0.7607399070498263,0.21304886104944748,2.976321908718867,0.0801039978733553,1.0,0.0,lunarlander_navigation_noise
lunarlander,ppo,13,314,-0.34567107976245287,0.33778460605434113,0.4345327046791328,0.1376403329678897,1,main_engine,0.023632623994186704,0.7299402621282003,0.24642711387761299,0.19611622471928059,0.06328158358003474,1.0,0.0,lunarlander_navigation_noise
lunarlander,ppo,13,315,-0.37742349405030035,0.327492620196526,0.48604032472228187,0.12223309077848593,1,main_engine,0.02201249285882633,0.7510135374261453,0.22697396971502837,2.7241804253751365,0.19328256133002006,1.0,0.0,lunarlander_navigation_noise
lunarlander,ppo,13,316,-0.3546341285954672,0.2561201258400927,0.38446161204024637,-0.02414493187402976,2,right_thruster,0.03946173123708885,0.8054700801224671,0.15506818864044417,0.09590691497278613,0.07533174140390791,1.0,0.0,lunarlander_navigation_noise
lunarlander,ppo,13,317,-0.38401141063162625,0.2651805627890539,0.45313811359477374,-0.020498950574280403,1,main_engine,0.03354535958699419,0.8189553821825183,0.14749925823048748,1.4427804497145336,0.19801106824120296,1.0,0.0,lunarlander_navigation_noise
lunarlander,ppo,13,318,-0.43799026799925805,0.22271768309506013,0.32791098525288226,0.11664964139313298,1,main_engine,0.021749775404538832,0.6795936876887774,0.29865653690668387,0.7519353327047588,0.136482216361847,1.0,0.0,lunarlander_navigation_noise
lunarlander,ppo,13,319,-0.35961726321063014,0.17433970414319522,0.4244640909081937,0.1453225631886338,1,main_engine,0.023569667329827394,0.7111637636107282,0.26526656905944446,2.501611892703968,0.1731155837425926,1.0,0.0,lunarlander_navigation_noise
lunarlander,ppo,13,320,-0.4923940421210008,0.2783704107362873,0.4633412318323447,0.14767039538681667,2,right_thruster,0.015980720600879007,0.6939183702436975,0.29010090915542336,-0.06351541980213937,0.14174178306476024,1.0,0.0,lunarlander_navigation_noise
lunarlander,ppo,13,321,-0.5086819591495977,0.1619626818136023,0.40615676018727503,0.09285603891897155,2,right_thruster,0.018843151267296375,0.708066706943951,0.27309014178875257,0.42822622939761906,0.06459631147817121,1.0,0.0,lunarlander_navigation_noise
lunarlander,ppo,13,322,-0.5118920256660094,0.16582175861290357,0.35136480647063734,0.05901334009461574,1,main_engine,0.021187799496181103,0.7134129759580033,0.26539922454581555,2.436428350642133,0.09729454363254807,1.0,0.0,lunarlander_navigation_noise
lunarlander,ppo,13,323,-0.48470440118522473,0.22187896530173537,0.4257921882995519,0.05228907745130798,2,right_thruster,0.02167636238517463,0.7519033436284132,0.22642029398641217,0.05705892425023536,0.0854402662810908,1.0,0.0,lunarlander_navigation_noise
lunarlander,ppo,13,324,-0.44325329515592904,0.1979180719925703,0.4650496184246814,-0.0065885471859782226,1,main_engine,0.027772365052478636,0.8053438872881798,0.16688374765934152,1.5168590693636201,0.11723559512447755,1.0,0.0,lunarlander_navigation_noise
lunarlander,ppo,13,325,-0.5377664403333822,0.14146472735369994,0.44018226572260466,-0.03830738703757961,1,main_engine,0.024535521640395516,0.7978023263055921,0.1776621520540123,0.15372743237518988,0.12836954621232333,1.0,0.0,lunarlander_navigation_noise
lunarlander,ppo,13,326,-0.49989881168199646,0.17006974666222466,0.5559248476729285,-0.0671204168836417,1,main_engine,0.026539961668159057,0.8443386284816834,0.12912140985015763,1.6939847371376298,0.21008306246946096,1.0,0.0,lunarlander_navigation_noise
lunarlander,ppo,13,327,-0.4659512846074424,0.17011743694148723,0.35368361509793,-0.021503094359709096,1,main_engine,0.03008201523260167,0.777538455186693,0.1923795295807055,-0.8998642244297411,0.05919453454826657,1.0,0.0,lunarlander_navigation_noise
lunarlander,ppo,13,328,-0.4556682911004438,0.15629076188254884,0.2990137241049891,-0.036277363903596566,1,main_engine,0.03413608181636749,0.7701278821983214,0.19573603598531125,-0.8658603061658801,0.11751209662298572,1.0,0.0,lunarlander_navigation_noise
lunarlander,ppo,13,329,-0.4692058213140916,0.12096040444915268,0.22161175238979464,-0.11619312421827546,1,main_engine,0.04593395865686371,0.7838944909081869,0.17017155043494947,-1.8263663857382721,0.16635872559564802,1.0,0.0,lunarlander_navigation_noise
lunarlander,ppo,13,330,-0.5795000576007134,0.10279593670397616,0.33346773905981775,-0.16785256073638893,1,main_engine,0.03484986999016313,0.8246620152171455,0.14048811479269135,-1.7430219727981195,0.14041701842180868,1.0,0.0,lunarlander_navigation_noise
lunarlander,ppo,13,331,-0.47400954973721166,0.10977437687902032,0.4241112526459625,-0.1858455213224834,1,main_engine,0.04553797234407391,0.8556410584625027,0.09882096919342324,-3.1597721954055507,0.0995175798241514,1.0,0.0,lunarlander_navigation_noise
lunarlander,ppo,13,332,-0.5445571818987517,0.16320466842751857,0.3788179915121515,-0.19037373635307453,1,main_engine,0.03842197993382443,0.8472279029192276,0.11435011714694808,0.04326519150344667,0.13886841926942925,1.0,0.0,lunarlander_navigation_noise
lunarlander,ppo,13,333,-0.589063569951201,0.0523151097990479,0.35093121961274004,-0.12533949127305577,1,main_engine,0.03018277594263183,0.8075089620961768,0.16230826196119125,-1.5984474799798114,0.0941954858933894,1.0,0.0,lunarlander_navigation_noise
lunarlander,ppo,13,334,-0.5445249503709885,0.11138548063580402,0.3854717693929707,-0.1723154706526105,2,right_thruster,0.037011418478715134,0.8412185644737983,0.12177001704748656,-3.3194481241253126,0.07716958243075817,1.0,0.0,lunarlander_navigation_noise
lunarlander,ppo,13,335,-0.4943594434167918,0.10003580190381935,0.3466199415597961,-0.2147452553712267,2,right_thruster,0.0508146805135303,0.8462064676340367,0.10297885185243313,-3.3983502168355404,0.12611247314516988,1.0,0.0,lunarlander_navigation_noise
lunarlander,ppo,13,336,-0.5700460909161816,0.013322982238282044,0.30071707059787733,-0.23819095041743388,1,main_engine,0.047367143094976444,0.8376087082727481,0.11502414863227542,0.17949153170049614,0.07221822524407205,1.0,0.0,lunarlander_navigation_noise
lunarlander,ppo,13,337,-0.6037815536327247,0.07079214934281772,0.32661542280790423,-0.24838706721848172,1,main_engine,0.04192171693452857,0.8468606635452774,0.11121761952019392,-1.1139779327757164,0.09719519739756467,1.0,0.0,lunarlander_navigation_noise
lunarlander,ppo,13,338,-0.5755072074573776,0.006267341028726173,0.3581116106246996,-0.3074802733469961,1,main_engine,0.0541660163737469,0.8620968892215106,0.08373709440474256,0.31815453424918244,0.07217169647689874,1.0,0.0,lunarlander_navigation_noise
lunarlander,ppo,13,339,-0.6158305816612845,0.06170746381337246,0.35311836327651447,-0.28547483011791114,1,main_engine,0.044126447126021505,0.8600020437304413,0.09587150914353718,-2.3510426231063386,0.15539286295631807,1.0,0.0,lunarlander_navigation_noise
lunarlander,ppo,13,340,-0.6422069467575384,0.04648195599053451,0.4355000207986982,-0.4136648283139658,1,main_engine,0.05513221093960967,0.8870887327958328,0.05777905626455754,-0.3261044802869924,0.19183959901574804,1.0,0.0,lunarlander_navigation_noise
lunarlander,ppo,13,341,-0.5557422674883888,0.01222693180222566,0.38319842224124767,-0.25423638952213745,2,right_thruster,0.04761054928440589,0.8579346164902955,0.09445483422529868,-3.704083493637988,0.18593192874462486,1.0,0.0,lunarlander_navigation_noise
lunarlander,ppo,13,342,-0.6696636078615588,0.08032006989848542,0.31058047598566696,-0.36232232181724194,1,main_engine,0.04897204353569791,0.8667746549173405,0.08425330154696141,-2.2535320345150875,0.1389636355757873,1.0,0.0,lunarlander_navigation_noise
lunarlander,ppo,13,343,-0.5929962199453925,-0.023172971401857333,0.34796859462543445,-0.3987135656752983,1,main_engine,0.06943615024775322,0.8664291833196849,0.06413466643256183,-2.167289648022415,0.14119099925863376,1.0,0.0,lunarlander_navigation_noise
lunarlander,ppo,13,344,-0.6862058915790988,-0.02751522237578021,0.2689610915965899,-0.32810326396786504,1,main_engine,0.046239432668249945,0.8485948524869169,0.10516571484483322,8.452837935584366,0.09719336241450093,1.0,0.0,lunarlander_navigation_noise
lunarlander,ppo,13,345,-0.6280205292087861,0.03427663704556881,0.2561435180304764,-0.37369371494612835,1,main_engine,0.06227665349126744,0.8550116924893918,0.08271165401934079,15.419474917680013,0.4508314493897996,1.0,0.0,lunarlander_navigation_noise
lunarlander,ppo,13,346,-0.7646926977496147,-0.06591531011902259,0.22708037570140943,0.043063554440481,1,main_engine,0.013843458156686566,0.6020826454697051,0.38407389637360845,6.416652957980433,0.09062836848304205,1.0,0.0,lunarlander_navigation_noise
lunarlander,ppo,13,347,-0.7292611766131203,-0.12514297127299295,0.2697976069734519,0.002746922754122229,1,main_engine,0.016714393058426487,0.6600766982614008,0.32320890868017277,-99.96270241454243,1.3996021728675043,1.0,0.0,lunarlander_navigation_noise
lunarlander,ppo,13,348,0.046039501859499815,0.989593846605628,-0.04609354760615112,-0.12122769392020216,1,main_engine,0.2437540459267271,0.645745789941591,0.11050016413168184,-0.9901785958356981,0.1072558705469051,1.0,0.0,lunarlander_navigation_noise
lunarlander,ppo,13,349,-0.027564473945447733,1.0,-0.08627106404884999,-0.05516896507602426,0,left_thruster,0.1637976083567111,0.6649022829095771,0.17130010873371176,0.3499543773668074,0.08540033540752925,1.0,0.0,lunarlander_navigation_noise
lunarlander,ppo,13,350,0.02899692736176996,0.9510944474088865,-0.06992895413034271,-0.09305309815376045,1,main_engine,0.22373041516180528,0.6438697552073226,0.1323998296308721,-1.4159320760838796,0.13566148579903953,1.0,0.0,lunarlander_navigation_noise
lunarlander,ppo,13,351,0.0016953526359531727,0.8512861809313441,0.01654733107116424,-0.07826037064362337,2,right_thruster,0.18390268897716902,0.6869760255357366,0.12912128548709445,-1.9107732035859795,0.16965479695073568,1.0,0.0,lunarlander_navigation_noise
lunarlander,ppo,13,352,-0.03342481374512182,0.9830950530047003,-0.021520609356913273,-0.17167652126049965,2,right_thruster,0.21156024159265646,0.6902075974222812,0.0982321609850623,-2.1645684037859394,0.08531386518094852,1.0,0.0,lunarlander_navigation_noise
lunarlander,ppo,13,353,0.01310315330697806,1.0,-0.014304973894139546,-0.10256963849136992,1,main_engine,0.19858695895849424,0.6819414040866268,0.11947163695487881,-3.0448863840318507,0.11835872373689518,1.0,0.0,lunarlander_navigation_noise
lunarlander,ppo,13,354,0.09673035207371296,0.9527141453675259,-0.05891821434074976,-0.04975878885244482,1,main_engine,0.24253661405201551,0.6176402923836661,0.1398230935643185,-2.389923116391602,0.11224751087334973,1.0,0.0,lunarlander_navigation_noise
lunarlander,ppo,13,355,0.04213345100949016,0.9573722214360229,-0.027322995634844853,-0.14248810769881814,1,main_engine,0.25310896502078334,0.6476855952468338,0.09920543973238292,-0.7855077513598326,0.10447023427177234,1.0,0.0,lunarlander_navigation_noise
lunarlander,ppo,13,356,-0.005921051718436557,1.0,-0.06479268929298038,-0.06911448050050739,2,right_thruster,0.17957786601314596,0.668423006802499,0.15199912718435504,-2.495036296722152,0.20581637455778024,1.0,0.0,lunarlander_navigation_noise
lunarlander,ppo,13,357,0.0893180816954443,0.9183701720398766,0.03193692686833262,-0.20052924392976293,1,main_engine,0.3182703527308687,0.6151163837190845,0.06661326355004678,-4.762902457512857,0.22380769415558407,1.0,0.0,lunarlander_navigation_noise
lunarlander,ppo,13,358,0.025234414047222035,0.9657079163158165,-0.17625930698571013,-0.18061357974676065,1,main_engine,0.31650699715394603,0.5757139585067844,0.10777904433926958,-4.616460109688513,0.05749735313521699,1.0,0.0,lunarlander_navigation_noise
lunarlander,ppo,13,359,0.038255286432357684,0.9567559587567624,-0.12131310677069876,-0.17451603616933228,1,main_engine,0.3049193422336538,0.595029020936918,0.10005163682942815,-3.182960081029837,0.147173386020743,1.0,0.0,lunarlander_navigation_noise
lunarlander,ppo,13,360,0.10025564009708979,1.0,0.0003169685132915906,-0.2084577418074228,1,main_engine,0.33377354983454094,0.600161468002132,0.06606498216332697,-4.689312034773966,0.14582916198746937,1.0,0.0,lunarlander_navigation_noise
lunarlander,ppo,13,361,0.09309887595881763,0.990991493571335,-0.13598364589854142,-0.25901379521270995,1,main_engine,0.4237791866454931,0.5120078610747203,0.06421295227978664,-2.7248003490807204,0.09536732625105086,1.0,0.0,lunarlander_navigation_noise
lunarlander,ppo,13,362,0.1335153219550651,0.9345145083061935,-0.201112470225547,-0.2644932282536209,0,left_thruster,0.5066911499506209,0.43170062177668594,0.06160822827269313,-0.31561825759270506,0.10620461084467966,1.0,0.0,lunarlander_navigation_noise
lunarlander,ppo,13,363,0.11434940016561321,1.0,-0.12540034798197724,-0.294349747300985,0,left_thruster,0.4661091269601619,0.48146842770313064,0.05242244533670756,-0.055987305133526205,0.07115542395092952,1.0,0.0,lunarlander_navigation_noise
lunarlander,ppo,13,364,0.11255295126461379,0.9758591774088891,-0.0634449662124518,-0.26907884538990406,1,main_engine,0.4219720696011279,0.5236024617895777,0.05442546860929452,-2.6418007753668076,0.05519428077729917,1.0,0.0,lunarlander_navigation_noise
lunarlander,ppo,13,365,0.12425108311149127,0.9565411643861884,-0.024922521394279307,-0.23663816167482138,0,left_thruster,0.39493465942096406,0.5469762354830879,0.058089105095947884,0.3119529638303947,0.11432878025118383,1.0,0.0,lunarlander_navigation_noise
lunarlander,ppo,13,366,0.14967516299120862,0.9656760289454361,-0.13586830794573312,-0.24231908166692503,1,main_engine,0.47095936370836866,0.46777236206652106,0.06126827422511029,-3.4862446494873436,0.12920584717838207,1.0,0.0,lunarlander_navigation_noise
lunarlander,ppo,13,367,0.12423257401710897,1.0,-0.01402835793706992,-0.24718911291018775,1,main_engine,0.3910725458820859,0.5538601428752514,0.05506731124266266,-3.9212500267074835,0.0875849397216134,1.0,0.0,lunarlander_navigation_noise
lunarlander,ppo,13,368,0.13132757736266623,0.9420546726714549,-0.07889618910687003,-0.2397536496644135,1,main_engine,0.430025509443684,0.5097681773671814,0.060206313189134594,-2.7377769604141746,0.08892918981894951,1.0,0.0,lunarlander_navigation_noise
lunarlander,ppo,13,369,0.11921295279756673,0.9400801427886808,-0.0223181509836861,-0.30725671261251253,1,main_engine,0.4457908682146982,0.5103044568650899,0.04390467492021191,-3.434553131196228,0.12787961399791933,1.0,0.0,lunarlander_navigation_noise
lunarlander,ppo,13,370,0.23167144611980336,1.0,-0.029146894256894484,-0.31557908805664114,1,main_engine,0.5507165581435665,0.414744945578271,0.034538496278162426,-5.273680274026524,0.1463238244470801,1.0,0.0,lunarlander_navigation_noise
lunarlander,ppo,13,371,0.18624377600710712,0.9316956534789129,-0.14354907106029252,-0.35549959128397124,0,left_thruster,0.5976996353499365,0.36704547638249935,0.035254888267564226,0.5655429238459783,0.18274771629695502,1.0,0.0,lunarlander_navigation_noise
lunarlander,ppo,13,372,0.12382011326594633,0.9791952740833677,-0.0636339627429853,-0.21107876298418587,0,left_thruster,0.3870922966445365,0.5450605094714615,0.06784719388400205,0.439704561879214,0.1390898571139238,1.0,0.0,lunarlander_navigation_noise
lunarlander,ppo,13,373,0.14922224326415978,0.9902839129302434,-0.14794280981341912,-0.3181758242776843,1,main_engine,0.5294667543399265,0.42543296109794265,0.04510028456213078,-4.0021609673629515,0.089581994024882,1.0,0.0,lunarlander_navigation_noise
lunarlander,ppo,13,374,0.08417871919984782,0.9937347083871397,-0.08860780809473744,-0.3019979624743442,0,left_thruster,0.4276721258272127,0.5205745359806888,0.05175333819209848,0.4816386069579243,0.14510554810047366,1.0,0.0,lunarlander_navigation_noise
lunarlander,ppo,13,375,0.20061500020019166,0.9459875261715379,-0.157589694134038,-0.28055225089186425,0,left_thruster,0.5626971241379759,0.3899262189491763,0.04737665691284794,0.6671262714288833,0.11427840505455647,1.0,0.0,lunarlander_navigation_noise
lunarlander,ppo,13,376,0.23382285849407092,0.9778478532492095,-0.054978949900998275,-0.26023608157300887,0,left_thruster,0.5289096700284488,0.42725114321147906,0.04383918676007215,1.0866804571625244,0.1317060510934165,1.0,0.0,lunarlander_navigation_noise
lunarlander,ppo,13,377,0.1394886228959054,0.902487999287396,-0.10567828916852923,-0.274307517086892,0,left_thruster,0.48409261574350887,0.46337589517838773,0.05253148907810333,1.4868412084656006,0.19093586648077668,1.0,0.0,lunarlander_navigation_noise
lunarlander,ppo,13,378,0.24848499408798297,1.0,-0.15266980408517855,-0.16090776656429487,1,main_engine,0.5051275505078007,0.4225334423187807,0.07233900717341872,-2.1309409549125733,0.1474560977393161,1.0,0.0,lunarlander_navigation_noise
lunarlander,ppo,13,379,0.2364031382362123,0.8571001503845371,-0.1312055624045232,-0.18767059206229275,0,left_thruster,0.5312122511669072,0.40539445557555825,0.06339329325753468,1.402606107068484,0.17647928749924116,1.0,0.0,lunarlander_navigation_noise
lunarlander,ppo,13,380,0.1354238284443812,0.9673404401947487,-0.03954515893771257,-0.16783207273580916,1,main_engine,0.3562772112089961,0.5664578143747054,0.0772649744162986,-1.6282179503824228,0.1807637362365387,1.0,0.0,lunarlander_navigation_noise
lunarlander,ppo,13,381,0.24590701845399981,1.0,-0.1245847736889382,-0.05751158443113477,0,left_thruster,0.40217438215872464,0.48526872911012736,0.11255688873114796,1.4261075470109812,0.08605450826511477,1.0,0.0,lunarlander_navigation_noise
lunarlander,ppo,13,382,0.256388002508858,1.0,-0.08072043794896577,-0.130801743498253,0,left_thruster,0.45745687786947165,0.4673441432738214,0.07519897885670698,2.064249891747627,0.04376596674377295,1.0,0.0,lunarlander_navigation_noise
lunarlander,ppo,13,383,0.2539937266488673,0.9965329075009097,-0.038843256333549486,-0.1188014010999921,0,left_thruster,0.4277984215999421,0.49629673666472357,0.0759048417353343,1.9044488991416006,0.04735540280236231,1.0,0.0,lunarlander_navigation_noise
lunarlander,ppo,13,384,0.2845751336040937,1.0,-0.03910449357762653,-0.08281219788683558,0,left_thruster,0.4282953918055591,0.48808718319722916,0.08361742499721174,2.1020249854673523,0.056530522977366326,1.0,0.0,lunarlander_navigation_noise
lunarlander,ppo,13,385,0.3231777939619135,1.0,0.00110041559278478,-0.07337292249132307,1,main_engine,0.4424602899290919,0.4807051867881593,0.07683452328274876,-1.67212771819011,0.20341058924642347,1.0,0.0,lunarlander_navigation_noise
lunarlander,ppo,13,386,0.15799802403013014,0.9585570001689596,-0.0912729088140986,-0.13534999991423324,1,main_engine,0.3742234427864013,0.5347779226301479,0.09099863458345084,-0.08488032393935327,0.11713748911130806,1.0,0.0,lunarlander_navigation_noise
lunarlander,ppo,13,387,0.23265741652558228,0.9149650108958958,-0.035300709121348146,-0.0795466147097155,2,right_thruster,0.3862069874521405,0.5204383949252179,0.09335461762264165,0.17052208532252733,0.14669784648341877,1.0,0.0,lunarlander_navigation_noise
lunarlander,ppo,13,388,0.33261309247965387,1.0,-0.09906567772972497,-0.06430849101042344,0,left_thruster,0.486915200158708,0.4253726446024526,0.08771215523883932,2.0391975356808043,0.08643320615303243,1.0,0.0,lunarlander_navigation_noise
lunarlander,ppo,13,389,0.28002410141039263,0.9696786165544596,-0.04010241165294143,-0.08188814128330155,2,right_thruster,0.42861577732736494,0.4867188438720251,0.08466537880061006,0.09681468535890077,0.12394996919790668,1.0,0.0,lunarlander_navigation_noise
lunarlander,ppo,13,390,0.24784976770434197,1.0,-0.02510317850932634,0.03293365031474703,0,left_thruster,0.2909315554977753,0.5628465977785848,0.14622184672363997,2.1795559820408754,0.08450310522065096,1.0,0.0,lunarlander_navigation_noise
lunarlander,ppo,13,391,0.1850646422663795,0.9637642830908704,-0.013936346564465988,0.07489884422670684,1,main_engine,0.21021327833855333,0.6000851549631453,0.1897015666983013,-1.831866256917556,0.18144296909203547,1.0,0.0,lunarlander_navigation_noise
lunarlander,ppo,13,392,0.35448626541119743,1.0,0.03345938503245316,0.10055975010282212,0,left_thruster,0.3136826808414919,0.5370231597602645,0.14929415939824367,2.65117357505388,0.08846300617602483,1.0,0.0,lunarlander_navigation_noise
lunarlander,ppo,13,393,0.33936800846093396,0.9916959267528004,0.006631215040326386,0.018046518249598048,1,main_engine,0.3805224670528798,0.5086697324819036,0.1108078004652166,0.8539379485710856,0.07825253921419728,1.0,0.0,lunarlander_navigation_noise
lunarlander,ppo,13,394,0.30108441078919534,1.0,-0.02775825157167026,0.07640946022843806,1,main_engine,0.30462738499078323,0.5345058139434646,0.16086680106575213,0.2589737452464567,0.10010680395918586,1.0,0.0,lunarlander_navigation_noise
lunarlander,ppo,13,395,0.2976769185213532,0.9372153506565737,-0.08945888952609769,0.12395817501871537,1,main_engine,0.2881458303477032,0.4968051402547642,0.21504902939753265,0.6387558091946323,0.09477753440362373,1.0,0.0,lunarlander_navigation_noise
lunarlander,ppo,13,396,0.3280343406497471,1.0,-0.027751845528167805,0.10630777906822406,0,left_thruster,0.30425458861958693,0.5215872312447201,0.17415818013569292,2.4462742748995003,0.12576617450623856,1.0,0.0,lunarlander_navigation_noise
lunarlander,ppo,13,397,0.34671876674385305,0.9859784031592463,0.05980809215946069,0.19351256681317258,1,main_engine,0.2273735077058047,0.5581648427555578,0.21446164953863753,-0.997409866483722,0.10511514868203184,1.0,0.0,lunarlander_navigation_noise
lunarlander,ppo,13,398,0.3600788794919366,0.9504879284925869,-0.03463505698811127,0.1672139041698206,1,main_engine,0.28975207280310866,0.4956123444266925,0.2146355827701989,-1.2422891200447714,0.07391818848099177,1.0,0.0,lunarlander_navigation_noise
lunarlander,ppo,13,399,0.4048262453624607,1.0,-0.02342044640191525,0.19695208031439398,1,main_engine,0.2947680195766354,0.4843096960322888,0.22092228439107575,-1.5170152506464558,0.08693835736206115,1.0,0.0,lunarlander_navigation_noise
lunarlander,ppo,13,400,0.35912929512157743,0.9944891204007806,-0.07755549300523609,0.24704293431784335,2,right_thruster,0.22561395229609343,0.46535367754663687,0.30903237015726975,-3.0481281918603087,0.14558887959754507,1.0,0.0,lunarlander_navigation_noise
lunarlander,ppo,13,401,0.35728224833368993,0.9762245049938265,-0.013703023610653857,0.11749766710640942,0,left_thruster,0.3210213491138427,0.5089007126077717,0.17007793827838552,-0.9848324032027506,0.10022705133624722,0.0,0.0,none
lunarlander,ppo,13,402,0.36452698210875195,1.0,0.002897091442719102,0.21316447257995605,1,main_engine,0.23892861851928582,0.5175887431596916,0.24348263832102257,-3.0353035529967167,0.029164399133674548,0.0,0.0,none
lunarlander,ppo,13,403,0.3713363905747732,1.0,-0.013868235982954502,0.23603624403476714,0,left_thruster,0.23013242579613552,0.5009418260390593,0.2689257481648052,-1.376917729257475,0.03504245136745721,0.0,0.0,none
lunarlander,ppo,13,404,0.3780899941921234,1.0,-0.00034756530658341944,0.26765196323394774,1,main_engine,0.2080083324559261,0.497776873637348,0.29421479390672584,-2.473422231801969,0.02666188875136877,0.0,0.0,none
lunarlander,ppo,13,405,0.3848302364349365,1.0,-0.01226218044757843,0.2905313730239868,2,right_thruster,0.19806217411818927,0.4809911542931541,0.32094667158865653,-3.0526582774723825,0.015267971820395722,0.0,0.0,none
lunarlander,ppo,13,406,0.3916353483994802,1.0,0.0007068196428008378,0.2948448926210403,1,main_engine,0.197410539853999,0.48489689677876385,0.31769256336723706,-2.608204235050682,0.02398065005544878,0.0,0.0,none
lunarlander,ppo,13,407,0.3984565039475759,1.0,-0.004528021905571222,0.3172310456633568,0,left_thruster,0.1867638862895241,0.4711105681171239,0.34212554559335207,-1.209891357809545,0.04155207721792047,0.0,0.0,none
lunarlander,ppo,13,408,0.40519848465919495,1.0,0.009717150591313839,0.3556783586740494,1,main_engine,0.16252827782486928,0.4595579178948137,0.37791380428031696,-0.38661836489495044,0.01906209401439402,0.0,0.0,none
lunarlander,ppo,13,409,0.41175127029418945,1.0,0.004746871069073677,0.37287489175796507,2,right_thruster,0.15594937661892622,0.4463570162969557,0.39769360708411805,-3.2395870329810825,0.014246308361416042,0.0,0.0,none
lunarlander,ppo,13,410,0.4183761278788249,1.0,0.017156926915049553,0.37512413114309306,1,main_engine,0.1568900761933889,0.4512349852816917,0.39187493852491945,-0.9159621536053442,0.021544628725689872,0.0,0.0,none
lunarlander,ppo,13,411,0.42488346497217816,1.0,0.009485085494816303,0.39417586177587505,2,right_thruster,0.1495140309263555,0.4351612121175353,0.4153247569561091,-2.9383927569220076,0.014350609918577768,0.0,0.0,none
lunarlander,ppo,13,412,0.431454877058665,1.0,0.022061876952648163,0.3963161572813988,1,main_engine,0.15049487678048942,0.4402609403087026,0.4092441829108079,0.09267630247807575,0.01389669592381885,0.0,0.0,none
lunarlander,ppo,13,413,0.43784022331237793,1.0,0.023107299581170082,0.40861463695764544,2,right_thruster,0.14635770445580334,0.43288889516436263,0.42075340037983394,-2.6084469553834375,0.014012099417151785,0.0,0.0,none
lunarlander,ppo,13,414,0.4442812502384186,1.0,0.035496875643730164,0.4097767502069473,1,main_engine,0.14789023550483643,0.4384891318461623,0.4136206326490013,1.0385057051463171,0.023627028953624823,0.0,0.0,none
lunarlander,ppo,13,415,0.4504965742429098,1.0,0.018282728269696236,0.42471928596496583,1,main_engine,0.14403791037097033,0.4191506823350302,0.4368114072939993,0.5334886620291445,0.026421807271029468,0.0,0.0,none
lunarlander,ppo,13,416,0.4565082987149557,1.0,-0.0008681714534759521,0.44190108180046084,2,right_thruster,0.13871855196605135,0.3973806241095476,0.4639008239244011,-2.3428050454963247,0.014214478062058057,0.0,0.0,none
lunarlander,ppo,13,417,0.46256949504216516,1.0,0.01183982565999031,0.4438555881381035,0,left_thruster,0.1396100528416693,0.40274790866859317,0.4576420384897376,-0.8159467270290679,0.03475352363474031,0.0,0.0,none
lunarlander,ppo,13,418,0.4685595631599426,1.0,0.026199661195278168,0.47493164986371994,1,main_engine,0.1234111805943804,0.39050084740803676,0.4860879719975828,2.6676919237285235,0.021240069526141,0.0,0.0,none
lunarlander,ppo,13,419,0.47417004903157556,1.0,0.009313912130892277,0.4865305498242378,1,main_engine,0.12104728100401846,0.37343114033346053,0.505521578662521,0.2577592121058865,0.013979884622037458,0.0,0.0,none
lunarlander,ppo,13,420,0.47959158817927044,1.0,0.008585499599575996,0.49939575493335725,2,right_thruster,0.11669150317600788,0.36438475954668126,0.5189237372773109,-2.47194814669285,0.01333126936430413,0.0,0.0,none
lunarlander,ppo,13,421,0.4850722849369049,1.0,0.02056005224585533,0.4973233662545681,2,right_thruster,0.11953280481814312,0.3720384451587875,0.5084287500230694,-2.1883186912493806,0.013378602567513352,0.0,0.0,none
lunarlander,ppo,13,422,0.4906025032202403,1.0,0.03257671371102333,0.4953224815428257,2,right_thruster,0.1223815149609733,0.37966787149554065,0.49795061354348613,-2.011030039792413,0.013727887842701252,0.0,0.0,none
lunarlander,ppo,13,423,0.4961792627970378,1.0,0.04495496675372124,0.49328937828540803,2,right_thruster,0.12526530915343273,0.3875067985578169,0.4872278922887504,-2.0026269425033116,0.015205591702276686,0.0,0.0,none
lunarlander,ppo,13,424,0.5018138885498047,1.0,0.05678215250372887,0.4855706550180912,0,left_thruster,0.13149941068615884,0.39866099302904906,0.4698395962847921,-0.4734343262111179,0.0318680399050684,0.0,0.0,none
lunarlander,ppo,13,425,0.5073774854342143,1.0,0.07197299599647522,0.5130271047353745,2,right_thruster,0.11782312214183623,0.38879624213669256,0.4933806357214713,-2.104107954445358,0.015023912249121795,0.0,0.0,none
lunarlander,ppo,13,426,0.512998898824056,1.0,0.08370979130268097,0.5055194228887558,0,left_thruster,0.12360283434900551,0.40000069947402883,0.4763964661769656,-0.7296916648939259,0.028660970627001413,0.0,0.0,none
lunarlander,ppo,13,427,0.5185586710770925,1.0,0.09828802943229675,0.5295613683760166,2,right_thruster,0.11247890164889471,0.39166201817612045,0.49585908017498476,-2.139483653235768,0.015235684663572866,0.0,0.0,none
lunarlander,ppo,13,428,0.5241766075293224,1.0,0.10987039655447006,0.5214119113981723,2,right_thruster,0.11834437620109176,0.40338606418968925,0.4782695596092189,-1.8718742038475058,0.014739389059710369,0.0,0.0,none
lunarlander,ppo,13,429,0.5298423767089844,1.0,0.12226181477308273,0.5157903987914324,2,right_thruster,0.12298913651908011,0.41373506076456423,0.4632758027163557,-1.7557451454834654,0.01633197973936474,0.0,0.0,none
lunarlander,ppo,13,430,0.5355613927046459,1.0,0.13431806862354279,0.50637375600636,1,main_engine,0.12987449445503077,0.42621305524076625,0.443912450304203,2.438566911931735,0.007155872513279416,0.0,0.0,none
lunarlander,ppo,13,431,0.5410002171993256,1.0,0.1382453739643097,0.5038833800703287,1,main_engine,0.13368212073008814,0.4295569007640329,0.4367609785058788,3.1412184886854972,0.01619576698623158,0.0,0.0,none
lunarlander,ppo,13,432,0.5462132891019186,1.0,0.12506303191184998,0.5117161706089973,1,main_engine,0.13318114222797778,0.41686335631688903,0.44995550145513313,4.408388705919938,0.009108711839950445,0.0,0.0,none
lunarlander,ppo,13,433,0.5510436495145162,1.0,0.11735980957746506,0.5111715465784072,1,main_engine,0.13676566391338202,0.41253245300062485,0.4507018830859931,2.408193463863056,0.004584520928422593,0.0,0.0,none
lunarlander,ppo,13,434,0.5556216339270275,1.0,0.11760446429252625,0.5111656362190843,2,right_thruster,0.13919971028376427,0.41227698336205554,0.44852330635418025,-1.5195759038646406,0.017610438457317114,0.0,0.0,none
lunarlander,ppo,13,435,0.5602486928304037,0.996376117070516,0.12972117960453033,0.49981792494654653,1,main_engine,0.147652969238566,0.42496823554574364,0.42737879521569033,1.185283092072923,0.006545510110346032,0.0,0.0,none
lunarlander,ppo,13,436,0.5647389094034831,0.9924220244089762,0.13196280598640442,0.5012398673221469,2,right_thruster,0.14933789036806067,0.42448663494956373,0.42617547468237565,-1.5005717422440286,0.023263751244671744,0.0,0.0,none
lunarlander,ppo,13,437,0.5692969759305319,0.9881144364674886,0.14334164559841156,0.4819423844106495,0,left_thruster,0.16347083827549364,0.44042834791444707,0.3961008138100592,-0.43531495401337,0.019744003116523124,0.0,0.0,none
lunarlander,ppo,13,438,0.5738086501757305,0.9833801587422689,0.15782980620861053,0.4936535018263385,1,main_engine,0.15706582799279342,0.4411548865545153,0.4017792854526914,4.774051877865104,0.020912473436173324,0.0,0.0,none
lunarlander,ppo,13,439,0.5780423680941265,0.9792207082112631,0.13879194855690002,0.4999516067095101,2,right_thruster,0.15809775077491606,0.4259937198515608,0.41590852937352296,-1.316318416746492,0.0182256999834343,0.0,0.0,none
lunarlander,ppo,13,440,0.5823173622290294,0.9746970335642496,0.1506681591272354,0.4876068687532097,2,right_thruster,0.16783562627427628,0.438062867784822,0.3941015059409019,-1.3680614330120102,0.02275200238645103,0.0,0.0,none
lunarlander,ppo,13,441,0.5866548418998718,0.9698060353597006,0.16256417334079742,0.46934754606336354,1,main_engine,0.18211248077694267,0.4522072483235431,0.36568027089951427,6.708918617033191,0.01747726270925678,0.0,0.0,none
lunarlander,ppo,13,442,0.5905284980932872,0.9653697808583578,0.14733900129795074,0.4631054885685444,1,main_engine,0.19206445679423795,0.4449798669639752,0.3629556762417869,3.5104332883870666,0.010317240528412045,0.0,0.0,none
lunarlander,ppo,13,443,0.5940944453080496,0.9609281222025553,0.14742626249790192,0.4545035395771265,1,main_engine,0.20154198944254628,0.4471478294060992,0.3513101811513546,2.996837916987345,0.007538031664273193,0.0,0.0,none
lunarlander,ppo,13,444,0.5974443753560384,0.9565887451171875,0.14402011036872864,0.4506089504808187,0,left_thruster,0.2080449129416054,0.4453114651154752,0.34664362194291937,-0.48338176646161857,0.022869732051908828,0.0,0.0,none
lunarlander,ppo,13,445,0.6007284919420879,0.9518012205759684,0.15934987366199493,0.4665562759153545,0,left_thruster,0.19598720516478838,0.4463422028595673,0.3576705919756444,-0.8164279712327038,0.024488365412630997,0.0,0.0,none
lunarlander,ppo,13,446,0.603945404291153,0.9465699990590414,0.17452092468738556,0.48477179259061814,2,right_thruster,0.1828538337780362,0.4457213177916239,0.37142484843033996,-1.638583842548253,0.02339714094861297,0.0,0.0,none
lunarlander,ppo,13,447,0.6072303652763367,0.9409864743550619,0.18587468564510345,0.4653668550774455,1,main_engine,0.19812320520518378,0.4589294160821786,0.3429473787126377,3.742069373499221,0.00954296820341444,0.0,0.0,none
lunarlander,ppo,13,448,0.6101791063944499,0.9354942639668783,0.18273428082466125,0.4588594246655703,0,left_thruster,0.20629506458297467,0.4581683230814372,0.3355366123355881,-0.9937280177821458,0.0192997511558318,0.0,0.0,none
lunarlander,ppo,13,449,0.6130800147851309,0.9295778274536133,0.19712883234024048,0.46989834629930555,1,main_engine,0.19803778426068155,0.4607045370577136,0.3412576786816049,2.694516291684587,0.008125179246829315,0.0,0.0,none
lunarlander,ppo,13,450,0.6156935791174571,0.9236756960550944,0.1965680569410324,0.46499547008424996,2,right_thruster,0.20429691439019312,0.4608523013609483,0.33485078424885856,-1.5012190426985457,0.024157345612714144,0.0,0.0,none
lunarlander,ppo,13,451,0.6183740496635437,0.9174113273620605,0.20828495919704437,0.44499886259436605,2,right_thruster,0.22034080150096125,0.4725204860725456,0.30713871242649315,-1.244205829148832,0.026801798074400536,0.0,0.0,none
lunarlander,ppo,13,452,0.6211236119270325,0.9107855161031088,0.21996654570102692,0.421968112513423,0,left_thruster,0.23936890897807428,0.48308316972464577,0.27754792129727984,-0.8148899786667789,0.02206317320973018,0.0,0.0,none
lunarlander,ppo,13,453,0.6238069633642833,0.9037124315897623,0.235256627202034,0.43595982864499094,0,left_thruster,0.22762221572281915,0.48663275847496074,0.28574502580222005,-1.081728036003135,0.023591167249128384,0.0,0.0,none
lunarlander,ppo,13,454,0.6264227132002513,0.8961966832478842,0.250384658575058,0.4522188943810761,2,right_thruster,0.21457731935975605,0.48898693456165826,0.2964357460785856,-1.4090491044141369,0.02601025461651329,0.0,0.0,none
lunarlander,ppo,13,455,0.6291133662064871,0.8883190949757894,0.26205429434776306,0.4305150482803583,2,right_thruster,0.2319029764981633,0.4990527577277037,0.269044265774133,-1.1146922829154164,0.022187145903928406,0.0,0.0,none
lunarlander,ppo,13,456,0.6318510572115581,0.8800625801086426,0.2744612991809845,0.4143079299479723,1,main_engine,0.24507531868350854,0.5066866171267665,0.24823806418972488,2.3797171261449535,0.01182227460528679,0.0,0.0,none
lunarlander,ppo,13,457,0.6343633433183035,0.8717853228251139,0.2751046419143677,0.40627501532435417,0,left_thruster,0.25450847429212264,0.5058701250649169,0.23962140064296045,-0.9268235963025973,0.0231827670146886,0.0,0.0,none
lunarlander,ppo,13,458,0.6368028124173483,0.8630665938059489,0.29020240902900696,0.42135914172977207,1,main_engine,0.24156868987133487,0.5101533889932234,0.24827792113544175,3.6156357691056384,0.012684953611688716,0.0,0.0,none
lunarlander,ppo,13,459,0.639042208592097,0.8546252250671387,0.28100597858428955,0.42110991533845665,2,right_thruster,0.2468055548898531,0.5030109219065436,0.2501835232036033,-1.1879342055928463,0.023338680686064026,0.0,0.0,none
lunarlander,ppo,13,460,0.64133753379186,0.8458089033762614,0.293239027261734,0.40344496443867683,1,main_engine,0.2611555340148816,0.5095632489211095,0.2292812170640089,4.17221556981058,0.013887419678108559,0.0,0.0,none
lunarlander,ppo,13,461,0.6433860460917156,0.8373004595438639,0.28299984335899353,0.40006420724093916,2,right_thruster,0.2695378521397002,0.5019538052649011,0.22850834259539876,-1.0210120216116514,0.024287356540210334,0.0,0.0,none
lunarlander,ppo,13,462,0.6454887489477794,0.8284155527750651,0.29530081152915955,0.381217484921217,0,left_thruster,0.2851457745048294,0.5069078349636137,0.20794639053155675,-0.9210500592283256,0.021708957292997263,0.0,0.0,none
lunarlander,ppo,13,463,0.6475203732649486,0.8191000620524088,0.3099907338619232,0.3940463252365589,0,left_thruster,0.27306032711144806,0.5126689465884698,0.21427072630008223,-1.2271946661070832,0.02207535640698005,0.0,0.0,none
lunarlander,ppo,13,464,0.6494935353597006,0.8093486626942953,0.32481661438941956,0.40702829230576754,0,left_thruster,0.26112747457655433,0.5181099523431969,0.22076257308024866,-1.3666587696690125,0.023539587767125468,0.0,0.0,none
lunarlander,ppo,13,465,0.651403417189916,0.7991694609324137,0.3393721282482147,0.4223575261887163,1,main_engine,0.24772831120383634,0.522775261048597,0.2294964277475667,3.354675910956771,0.013298631778254296,0.0,0.0,none
lunarlander,ppo,13,466,0.6530596315860748,0.78925093015035,0.33067023754119873,0.4224595374427736,1,main_engine,0.2524223930808973,0.5158797727217617,0.2316978341973409,4.83703144186158,0.020037264417655482,0.0,0.0,none
lunarlander,ppo,13,467,0.6544594963391622,0.7798506418863932,0.3134559690952301,0.426311275549233,0,left_thruster,0.25599738531810284,0.504004551546883,0.23999806313501426,-1.8375117318510104,0.025798638990415755,0.0,0.0,none
lunarlander,ppo,13,468,0.6557939946651459,0.7700184186299642,0.3281683623790741,0.4450372403487563,2,right_thruster,0.23934472494193973,0.5079237419212789,0.2527315331367813,-1.5795509213589742,0.018746530074155866,0.0,0.0,none
lunarlander,ppo,13,469,0.6571740905443828,0.7598113218943278,0.3404397666454315,0.4353029946796596,1,main_engine,0.2463901459343718,0.5142850987693982,0.23932475529622996,3.2327440950542576,0.017036875048516736,0.0,0.0,none
lunarlander,ppo,13,470,0.6584194302558899,0.7499566078186035,0.32879796624183655,0.4427901392802596,1,main_engine,0.24539544203734592,0.5049510492262848,0.24965350873636924,2.0062989256774415,0.010865359383691108,0.0,0.0,none
lunarlander,ppo,13,471,0.6593368947505951,0.7401915391286215,0.3257159888744354,0.43927458208054304,2,right_thruster,0.2509121030357869,0.5020379520577547,0.24704994490645837,-1.3808786209846369,0.01990558063698444,0.0,0.0,none
lunarlander,ppo,13,472,0.6603018442789714,0.7300548553466797,0.337860643863678,0.42723066203761845,1,main_engine,0.25973983403464324,0.5083488211820306,0.2319113447833261,4.7853696874194185,0.01930677384933319,0.0,0.0,none
lunarlander,ppo,13,473,0.6608336667219799,0.7204023202260336,0.3216554820537567,0.4231453251093626,1,main_engine,0.26912992371588174,0.4980166903710661,0.23285338591305216,4.086758319581029,0.01748089256038602,0.0,0.0,none
lunarlander,ppo,13,474,0.661015659570694,0.7111912568410238,0.3069201111793518,0.4212549177929759,1,main_engine,0.27604158566301,0.4885206767981971,0.23543773753879277,0.49560245455076024,0.010481668811733607,0.0,0.0,none
lunarlander,ppo,13,475,0.6609878440697988,0.7019085089365641,0.3092512786388397,0.41698164539411664,1,main_engine,0.28027723321481396,0.48881833242896033,0.2309044343562256,4.350167400061207,0.020277744261555028,0.0,0.0,none
lunarlander,ppo,13,476,0.6606922050317129,0.6931718190511068,0.2911083400249481,0.4193488247692585,0,left_thruster,0.28399284590518037,0.47744530835207716,0.23856184574274245,-1.972957054559039,0.022085125886470464,0.0,0.0,none
lunarlander,ppo,13,477,0.6603420774141948,0.6840101877848307,0.3055325746536255,0.43333582459017633,1,main_engine,0.2685845742231869,0.48351759013983975,0.2478978356369735,1.772779054837581,0.011839549933630266,0.0,0.0,none
lunarlander,ppo,13,478,0.6598429878552755,0.6750454107920328,0.2990279197692871,0.43748890664428475,0,left_thruster,0.2672711664978824,0.47845170531406606,0.25427712818805154,-2.262224239539397,0.02464841068008961,0.0,0.0,none
lunarlander,ppo,13,479,0.6592876215775808,0.6656481027603149,0.3137269616127014,0.4548919089138508,0,left_thruster,0.2492750191731351,0.4834088795535099,0.2673161012733551,-2.4741567131968223,0.027662788035835856,0.0,0.0,none
lunarlander,ppo,13,480,0.6586686770121257,0.6558160781860352,0.3285359740257263,0.4760784894227982,0,left_thruster,0.2289901379923844,0.4865559980073633,0.28445386400025235,-2.5470933806626213,0.02713588231857336,0.0,0.0,none
lunarlander,ppo,13,481,0.6579966346422832,0.6455557743708292,0.3430863916873932,0.4965459264814854,2,right_thruster,0.2104339424071472,0.488293966423946,0.30127209116890685,-1.6622542684350663,0.017020739296493552,0.0,0.0,none
lunarlander,ppo,13,482,0.657368004322052,0.6349291006724039,0.3550783395767212,0.49083826653659346,2,right_thruster,0.212905789763347,0.49577957705043274,0.29131463318622025,-1.3042147999399323,0.021433492543036094,0.0,0.0,none
lunarlander,ppo,13,483,0.6568115452925365,0.6239391565322876,0.36682507395744324,0.47668481059372425,0,left_thruster,0.22191850325799337,0.5050256026092158,0.2730558941327909,-2.148225083746904,0.024511724076899066,0.0,0.0,none
lunarlander,ppo,13,484,0.6562108794848125,0.6125218470891317,0.38131263852119446,0.4928161259740591,2,right_thruster,0.2073352767712896,0.5078986964612883,0.28476602676742213,-1.163709130123898,0.022294131545640677,0.0,0.0,none
lunarlander,ppo,13,485,0.6556814412275951,0.6007411877314249,0.39305579662323,0.47798162903636693,0,left_thruster,0.21662839339899506,0.5172100947804262,0.2661615118205786,-2.252434436402534,0.030031517219844754,0.0,0.0,none
lunarlander,ppo,13,486,0.6550817688306173,0.5885171890258789,0.4082242548465729,0.5008294768631458,0,left_thruster,0.19755487282689288,0.5183565151504619,0.28408861202264535,-2.3719650901271527,0.02972105589400315,0.0,0.0,none
lunarlander,ppo,13,487,0.6544224421183269,0.575855533281962,0.42315447330474854,0.5231829442083835,2,right_thruster,0.18010981956549738,0.5178743048809891,0.3020158755535135,-1.4620393702806735,0.01925534854587499,0.0,0.0,none
lunarlander,ppo,13,488,0.6538154184818268,0.5628198782602946,0.435356467962265,0.5160008139908314,1,main_engine,0.18336803659436152,0.5261365227878616,0.2904954406177769,1.3650369239246765,0.0142807387329244,0.0,0.0,none
lunarlander,ppo,13,489,0.6528115272521973,0.5499649047851562,0.4292280972003937,0.5156480677425861,2,right_thruster,0.185182829993626,0.5215854428529627,0.2932317271534113,-1.0967046194607588,0.020091479267236704,0.0,0.0,none
lunarlander,ppo,13,490,0.651852935552597,0.5367453495661417,0.44111350178718567,0.5063352186232806,1,main_engine,0.1897287065660053,0.5302362576231271,0.28003503581086764,-0.1333322297004747,0.014211877854435078,0.0,0.0,none
lunarlander,ppo,13,491,0.6505873799324036,0.5234333276748657,0.4440664052963257,0.5025343930348753,1,main_engine,0.1920623148118916,0.5319435492450587,0.27599413594304967,1.1579614106121094,0.014642280302989927,0.0,0.0,none
lunarlander,ppo,13,492,0.6492007772127788,0.5101974407831827,0.4415956437587738,0.5081183290109038,1,main_engine,0.18898381443706622,0.5276379399721232,0.2833782455908107,2.431748072103477,0.01795252266327075,0.0,0.0,none
lunarlander,ppo,13,493,0.6474903225898743,0.49732200304667157,0.42959651350975037,0.5112185534089804,1,main_engine,0.18914315389619224,0.5187507022217602,0.29210614388204753,1.770249015034259,0.016053037504224033,0.0,0.0,none
lunarlander,ppo,13,494,0.6454806526501974,0.4847268263498942,0.4202580749988556,0.5140143234282732,1,main_engine,0.18871455418085437,0.5115210820316598,0.29976436378748583,1.2008851002782877,0.015358197665717286,0.0,0.0,none
lunarlander,ppo,13,495,0.6433652341365814,0.47225598494211835,0.41621774435043335,0.5217313878238201,2,right_thruster,0.1837957620335244,0.5054624623782743,0.3107417755882013,-0.5656950241063214,0.024215295866488056,0.0,0.0,none
lunarlander,ppo,13,496,0.641319751739502,0.45942652225494385,0.42776912450790405,0.5048741324339062,2,right_thruster,0.19302302906016805,0.517207705631299,0.289769265308533,-0.5933504615899869,0.022077269783289576,0.0,0.0,none
lunarlander,ppo,13,497,0.6393195688724518,0.4462287823359172,0.4397675395011902,0.49201867412775757,2,right_thruster,0.19945405121000423,0.5270887595561741,0.2734571892338216,-0.38005809229737453,0.024370950684628356,0.0,0.0,none
lunarlander,ppo,13,498,0.6373724838097891,0.4326620101928711,0.4517664313316345,0.4758285108953714,1,main_engine,0.2083023336857002,0.5371182142388367,0.2545794520754631,3.18001041715185,0.020400236771318622,0.0,0.0,none
lunarlander,ppo,13,499,0.635063002506892,0.41955633958180744,0.4364158511161804,0.4739745849743485,1,main_engine,0.21265189948565152,0.5280463817753775,0.2593017187389709,2.084547417932181,0.014971756093806016,0.0,0.0,none
lunarlander,ppo,13,500,0.6326163808504741,0.40665630499521893,0.42966997623443604,0.4764745455235243,2,right_thruster,0.2117657815421122,0.5228859769510401,0.2653482415068477,0.028274286349007978,0.02866285686769,0.0,0.0,none
lunarlander,ppo,13,501,0.6302393476168315,0.3934015432993571,0.4410902261734009,0.45389583297073843,2,right_thruster,0.22553826650098813,0.5332594388838364,0.2412022946151756,0.20904252621072372,0.029700408059345644,0.0,0.0,none
lunarlander,ppo,13,502,0.6279247502485912,0.37979288895924884,0.4525189697742462,0.43021155074238776,1,main_engine,0.24038995945979824,0.541908281999926,0.21770175854027565,2.0632518674907763,0.014833101204651707,0.0,0.0,none
lunarlander,ppo,13,503,0.625463624795278,0.36631516615549725,0.4482329487800598,0.4264772817492485,1,main_engine,0.24395173338467663,0.5391602734913001,0.21688799312402313,3.5014385342844005,0.02214859503670548,0.0,0.0,none
lunarlander,ppo,13,504,0.6226488947868347,0.35334638754526776,0.4313078820705414,0.4211866810917854,0,left_thruster,0.2518655135293623,0.5295796482078936,0.2185548382627442,-1.357192101141709,0.02350374984591076,0.0,0.0,none
lunarlander,ppo,13,505,0.6197735667228699,0.33993494510650635,0.44641628861427307,0.4328497856855392,1,main_engine,0.23782528199077266,0.5366948601556727,0.22547985785355468,0.7364955997711388,0.01701904810322765,0.0,0.0,none
lunarlander,ppo,13,506,0.6165561576684316,0.32662854592005414,0.4428214728832245,0.4233992133289576,1,main_engine,0.24502453545342714,0.5352594407311693,0.21971602381540364,2.271773613907137,0.01894638636251231,0.0,0.0,none
lunarlander,ppo,13,507,0.6130235890547435,0.3136984507242839,0.43028777837753296,0.4186869256198406,2,right_thruster,0.2506917008365922,0.5284534636410637,0.22085483552234403,0.2543099084950847,0.028059981017225247,0.0,0.0,none
lunarlander,ppo,13,508,0.6095512708028158,0.3003968795140584,0.44237473607063293,0.3974200688302517,0,left_thruster,0.26309783292225275,0.5359905388926278,0.2009116281851194,-1.1594485593080026,0.02232432277895791,0.0,0.0,none
lunarlander,ppo,13,509,0.6060193479061127,0.2866683006286621,0.45691490173339844,0.4066942594945431,1,main_engine,0.25021359937333626,0.5439118407895502,0.2058745598371135,0.9310465815014572,0.019085674781648777,0.0,0.0,none
lunarlander,ppo,13,510,0.602100690205892,0.2731499671936035,0.44981011748313904,0.39593861885368825,0,left_thruster,0.25906105539798446,0.5403103991651749,0.20062854543684056,-1.4404468385200404,0.024871463111889473,0.0,0.0,none
lunarlander,ppo,13,511,0.5981170137723287,0.25918881098429364,0.464914470911026,0.4093425221741199,0,left_thruster,0.24262487688204587,0.5484458861943933,0.2089292369235609,-1.3903746506765107,0.023321453024271105,0.0,0.0,none
lunarlander,ppo,13,512,0.5940864980220795,0.24479732910792032,0.4795014560222626,0.4197228029370308,1,main_engine,0.22930746928405424,0.5557693847941886,0.21492314592175726,0.6805695618181448,0.01497653237053446,0.0,0.0,none
lunarlander,ppo,13,513,0.5899497866630554,0.23041621843973795,0.47919270396232605,0.42024478865787385,2,right_thruster,0.22734267261626886,0.5555011187425288,0.21715620864120225,-0.029714222867326043,0.02683421507671712,0.0,0.0,none
lunarlander,ppo,13,514,0.5858753621578217,0.2156670093536377,0.4911598265171051,0.40173201002180575,0,left_thruster,0.2363701408384401,0.5635453574319971,0.20008450172956288,-1.682885883023638,0.0265264485315737,0.0,0.0,none
lunarlander,ppo,13,515,0.5817340314388275,0.2004815141359965,0.5060333013534546,0.4170513550750911,1,main_engine,0.2197694887977816,0.5704885172770565,0.20974199392516188,0.49130921428893654,0.016465631393419094,0.0,0.0,none
lunarlander,ppo,13,516,0.5773450434207916,0.18540449937184653,0.502378523349762,0.41370770065113904,1,main_engine,0.2213719186665952,0.5687744181679221,0.20985366316548268,0.4545838322188365,0.017928436739046663,0.0,0.0,none
lunarlander,ppo,13,517,0.5726213256518047,0.17052189509073892,0.49582070112228394,0.40782396104186774,2,right_thruster,0.22528939048632204,0.5658583759196237,0.20885223359405425,-0.01484899409898276,0.026791631015543795,0.0,0.0,none
lunarlander,ppo,13,518,0.567952295144399,0.15527649720509848,0.5076372027397156,0.38982563391327857,1,main_engine,0.23333605675862168,0.5736854001656323,0.19297854307574605,-0.14272024005599745,0.019081941362077044,0.0,0.0,none
lunarlander,ppo,13,519,0.5629613995552063,0.14008012413978577,0.5059028267860413,0.3795653399080038,1,main_engine,0.2391428608245014,0.5733811325037106,0.1874760066717881,1.6912097822690428,0.01648828307871889,0.0,0.0,none
lunarlander,ppo,13,520,0.5579202870527904,0.12501507004102072,0.5016298890113831,0.38067746013402937,1,main_engine,0.23721744014767565,0.5714751813623687,0.1913073784899555,25.98756321730858,0.15081042739191464,0.0,0.0,none
lunarlander,ppo,13,521,0.5525382359822592,0.11055971185366313,0.478666216135025,0.5289290398359299,2,right_thruster,0.14258677267728617,0.5158220962330203,0.3415911310896935,2.3388497565642274,0.04957759475003343,0.0,0.0,none
lunarlander,ppo,13,522,0.5471158027648926,0.09618859489758809,0.4769069254398346,0.5760343581438064,1,main_engine,0.1165939718852984,0.48545046520715807,0.3979555629075434,-99.888717674613,1.1651024773938246,0.0,0.0,none
lunarlander,ppo,13,523,-0.00632905944560965,0.935341993967692,0.17572812736034393,0.06979778129607439,1,main_engine,0.08771594383652238,0.7340291658708912,0.17825489029258643,0.9993676853329475,0.015870552192177374,0.0,0.0,none
lunarlander,ppo,13,524,-0.01253962516784668,0.9301185607910156,0.17415736615657806,0.08334590867161751,1,main_engine,0.0824258282213773,0.7280841670109633,0.18949000476765945,-1.3534236108379163,0.009634777356187653,0.0,0.0,none
lunarlander,ppo,13,525,-0.01885239345331987,0.9249428908030192,0.17259106040000916,0.08821797370910645,1,main_engine,0.07965430419360661,0.725350464922766,0.19499523088362733,0.12682176971326045,0.021935741854684287,0.0,0.0,none
lunarlander,ppo,13,526,-0.02525234284500281,0.9203571478525797,0.15294788777828217,0.0939915470778942,1,main_engine,0.07825557441782395,0.7146350111398595,0.20710941444231645,-0.7418341410568781,0.01097932955174754,0.0,0.0,none
lunarlander,ppo,13,527,-0.03169981762766838,0.9158739248911539,0.14954733848571777,0.10086997151374816,2,right_thruster,0.07517650699568962,0.7096184551413489,0.21520503786296144,-0.15145796713718027,0.016696030957152937,0.0,0.0,none
lunarlander,ppo,13,528,-0.038088876754045486,0.9109893639882406,0.16291899979114532,0.09493051767349242,1,main_engine,0.07405925729470658,0.718017232317363,0.2079235103879303,-0.6332405538652631,0.01155449576541341,0.0,0.0,none
lunarlander,ppo,13,529,-0.0445678240309159,0.9063324928283691,0.15533728897571564,0.09844631440937518,1,main_engine,0.07229054792837296,0.7128733149500615,0.2148361371215656,1.2146725296911802,0.01756187724109047,0.0,0.0,none
lunarlander,ppo,13,530,-0.05097341413299243,0.9020156860351562,0.1440272480249405,0.10943886190652846,1,main_engine,0.06906351712642556,0.701731254966581,0.22920522790699344,0.8334474661445835,0.014916365343486887,0.0,0.0,none
lunarlander,ppo,13,531,-0.05727330843607585,0.89777143796285,0.14164067804813385,0.1220523439347744,1,main_engine,0.06498408211318288,0.6927117708229874,0.24230414706382974,-0.679096297515472,0.020003454138317136,0.0,0.0,none
lunarlander,ppo,13,532,-0.06369598830739658,0.89406951268514,0.12357465922832489,0.1263884797692299,1,main_engine,0.06386085724835404,0.6814297791576582,0.2547093635939877,-0.49962920098718083,0.014302052570673213,0.0,0.0,none
lunarlander,ppo,13,533,-0.07016579310099284,0.8906721274058024,0.11343923211097717,0.1333470158278942,0,left_thruster,0.061641608295441165,0.6715858206896845,0.2667725710148743,-2.303050672970669,0.02931609074042031,0.0,0.0,none
lunarlander,ppo,13,534,-0.07670966908335686,0.8868714173634847,0.12696363031864166,0.15823187306523323,1,main_engine,0.054584663783915834,0.659292485767378,0.28612285044870617,-2.3544578763266517,0.0134667760110273,0.0,0.0,none
lunarlander,ppo,13,535,-0.08346017450094223,0.8833960692087809,0.11611960828304291,0.1607044979929924,2,right_thruster,0.053467400618664986,0.6514030917556022,0.2951295076257328,-0.018244844654799405,0.016828057737442063,0.0,0.0,none
lunarlander,ppo,13,536,-0.09014702091614406,0.8795228004455566,0.1293378323316574,0.1537226676940918,0,left_thruster,0.05298135031506709,0.6619010139876728,0.2851176356972603,-1.9349610983554977,0.025433877163441785,0.0,0.0,none
lunarlander,ppo,13,537,-0.09688751151164374,0.8752349217732748,0.14323441684246063,0.17346974164247514,1,main_engine,0.047803590513125264,0.6521628260647425,0.3000335834221322,-0.7229731155883611,0.01649100969536162,0.0,0.0,none
lunarlander,ppo,13,538,-0.10370516528685889,0.8713101545969645,0.13115134835243225,0.1814740315079689,2,right_thruster,0.045960758114597475,0.6388393232891149,0.31519991859628776,0.19125864881124813,0.018332049422275738,0.0,0.0,none
lunarlander,ppo,13,539,-0.11044780413309734,0.8669948577880859,0.14409507811069489,0.1712544947862625,2,right_thruster,0.0461231407183655,0.6519818330534637,0.3018950262281708,0.14115530416494834,0.017605017659468793,0.0,0.0,none
lunarlander,ppo,13,540,-0.1171307514111201,0.8622957865397135,0.1568136364221573,0.162230534106493,1,main_engine,0.04609608703910966,0.6637448913613255,0.29015902159956475,-1.6857480762629236,0.01279284974937175,0.0,0.0,none
lunarlander,ppo,13,541,-0.12402351945638657,0.8578852017720541,0.14716844260692596,0.16031644642353057,1,main_engine,0.0457983739349311,0.6596158692341295,0.29458575683093935,-1.2585785339952145,0.010146074246530449,0.0,0.0,none
lunarlander,ppo,13,542,-0.1310595621665319,0.8536528746287028,0.14121055603027344,0.16014935337007047,1,main_engine,0.04505930199547906,0.6557539112797176,0.2991867867248033,-0.11645668177147513,0.01941224328222068,0.0,0.0,none
lunarlander,ppo,13,543,-0.13818033039569855,0.8499383131663004,0.12396009266376495,0.16399036832153796,1,main_engine,0.04411669514967814,0.6433094075664322,0.31257389728388985,-0.586478475440315,0.01429688445263285,0.0,0.0,none
lunarlander,ppo,13,544,-0.14538494249184927,0.8465671539306641,0.11251566559076309,0.16717703491449357,1,main_engine,0.04304797340546604,0.633891895952462,0.323060130642072,0.37844452449915594,0.011177285034599835,0.0,0.0,none
lunarlander,ppo,13,545,-0.15252891927957535,0.8432112534840902,0.1120431199669838,0.1750770304352045,2,right_thruster,0.04094819433999457,0.625605071680806,0.3334467339791995,0.24749149627004496,0.017891866974501625,0.0,0.0,none
lunarlander,ppo,13,546,-0.1596204439798991,0.8394574324289957,0.12522941827774048,0.16602940391749144,2,right_thruster,0.04090399324552867,0.6381497801893531,0.3209462265651183,0.5378973907803265,0.019988653023608444,0.0,0.0,none
lunarlander,ppo,13,547,-0.16665108501911163,0.8353120485941569,0.1381833553314209,0.15317920376546681,1,main_engine,0.04139953067479819,0.6534031932541727,0.3051972760710291,-1.3693375435484245,0.008333649194775597,0.0,0.0,none
lunarlander,ppo,13,548,-0.1738208532333374,0.8311921755472819,0.13733084499835968,0.15259268448571675,2,right_thruster,0.040606501289180794,0.6520739935073975,0.3073195052034217,0.8847061830441794,0.025406422194414552,0.0,0.0,none
lunarlander,ppo,13,549,-0.18092659612496695,0.826684315999349,0.1501390039920807,0.1323288010433316,1,main_engine,0.042112236207102645,0.6726268991290153,0.285260864663882,-1.5026435075763789,0.01282577715597422,0.0,0.0,none
lunarlander,ppo,13,550,-0.1882392168045044,0.8222962220509847,0.14610689878463745,0.12363898530602455,1,main_engine,0.042552824914734,0.6761941240558209,0.28125305102944503,0.5290459456475355,0.009052753025889215,0.0,0.0,none
lunarlander,ppo,13,551,-0.19555989652872086,0.8179984092712402,0.14311359822750092,0.12267516851425171,1,main_engine,0.04185597445999575,0.6742594559770613,0.2838845695629429,0.08513320735516346,0.021819690915318855,0.0,0.0,none
lunarlander,ppo,13,552,-0.20300527413686117,0.8142984708150228,0.12319009751081467,0.11950817648321391,1,main_engine,0.04205760022767524,0.666486482827292,0.29145591694503276,-1.330457954399192,0.013100665353701113,0.0,0.0,none
lunarlander,ppo,13,553,-0.21063141524791718,0.8107842604319254,0.11697275936603546,0.11160473190248013,1,main_engine,0.04241735252163698,0.6684907376487854,0.28909190982957766,-1.7552151437385284,0.014174452308081424,0.0,0.0,none
lunarlander,ppo,13,554,-0.21847193439801535,0.8074088096618652,0.112314872443676,0.10129203200340271,1,main_engine,0.04304202057792983,0.6730012796034043,0.28395669981866595,0.24820558267218645,0.00954630218467996,0.0,0.0,none
lunarlander,ppo,13,555,-0.22633560001850128,0.8041242758433024,0.10929640382528305,0.0982268512248993,1,main_engine,0.04255111745730381,0.6726246681643869,0.2848242143783093,-1.4599509739882082,0.021982851820777086,0.0,0.0,none
lunarlander,ppo,13,556,-0.23442340393861136,0.8013719717661539,0.09153291583061218,0.08849461004137993,1,main_engine,0.04354873575766042,0.6708213876718551,0.2856298765704845,-0.32175100030130577,0.015370008559176569,0.0,0.0,none
lunarlander,ppo,13,557,-0.24259984493255615,0.7989668846130371,0.07996702939271927,0.08303303495049477,1,main_engine,0.04367561605596229,0.6684667797106076,0.28785760423343,1.1609711125919444,0.010455107119453445,0.0,0.0,none
lunarlander,ppo,13,558,-0.2507067223389944,0.7967483202616373,0.07377828657627106,0.08363738432526588,1,main_engine,0.04270859734022009,0.6638069126629436,0.29348448999683624,-0.6888226661046111,0.021322485933230988,0.0,0.0,none
lunarlander,ppo,13,559,-0.2589248369137446,0.7950975100199381,0.054862238466739655,0.07848287671804428,1,main_engine,0.043045083549775966,0.65785383968849,0.29910107676173403,-0.2233266593269195,0.016505300052814698,0.0,0.0,none
lunarlander,ppo,13,560,-0.26718628903230035,0.7938643296559652,0.0409524030983448,0.07545482702553272,1,main_engine,0.04286736462258442,0.652450546390199,0.3046820889872166,0.010337306896877873,0.01749706294056121,0.0,0.0,none
lunarlander,ppo,13,561,-0.2754550675551097,0.7930922508239746,0.025600625202059746,0.07422954216599464,1,main_engine,0.042465015872478015,0.6448736782573243,0.3126613058701978,-1.1301757102756245,0.017044286630158653,0.0,0.0,none
lunarlander,ppo,13,562,-0.2838172515233358,0.7927404244740804,0.011591955088078976,0.06930867172777652,1,main_engine,0.042542486170379874,0.6408733172449017,0.31658419658471854,-0.40790033405146797,0.014071061054757165,0.0,0.0,none
lunarlander,ppo,13,563,-0.29219627380371094,0.792722225189209,0.0004861627530772239,0.0671996932476759,2,right_thruster,0.042089213620473055,0.6359132392667743,0.3219975471127526,1.4212682488487427,0.0267275740394558,0.0,0.0,none
lunarlander,ppo,13,564,-0.30050091445446014,0.7923124631245931,0.013474595732986927,0.04537015222012997,1,main_engine,0.04371709752639683,0.6581717653495517,0.2981111371240515,-1.6446691820739465,0.021523915308648434,0.0,0.0,none
lunarlander,ppo,13,565,-0.30895101527373,0.7924242814381918,-0.00390850193798542,0.035899664461612704,1,main_engine,0.044622643508658195,0.6562995934595298,0.29907776303181205,-0.32704633803697447,0.012847053578187374,0.0,0.0,none
lunarlander,ppo,13,566,-0.31742279728253686,0.792774518330892,-0.011841049417853355,0.030401690304279333,1,main_engine,0.04454296669692173,0.6556369612949347,0.29982007200814376,-1.7851864702423417,0.015836485794353875,0.0,0.0,none
lunarlander,ppo,13,567,-0.32604408760865533,0.7933354377746582,-0.018862765282392502,0.019138985872268678,2,right_thruster,0.045303757629392725,0.6598711902204474,0.29482505215015986,1.4099691355044637,0.026056689876975587,0.0,0.0,none
lunarlander,ppo,13,568,-0.33460808296998346,0.7935088475545248,-0.005967271979898214,-0.0018201470375060966,1,main_engine,0.04678971704500519,0.68011644963227,0.27309383332272474,-1.1631421583675252,0.02111653717305788,0.0,0.0,none
lunarlander,ppo,13,569,-0.3432795902093252,0.7941439946492513,-0.021335970610380173,-0.01340085491538047,2,right_thruster,0.04799364306419762,0.6806198349345741,0.27138652200122826,1.9216782207349912,0.03137718158850929,0.0,0.0,none
lunarlander,ppo,13,570,-0.35187621911366784,0.794385035832723,-0.008207262493669987,-0.0405707724392414,1,main_engine,0.05052214359895539,0.7038952733149753,0.2455825830860694,-0.04481044736841681,0.023731095943666146,0.0,0.0,none
lunarlander,ppo,13,571,-0.36049452920754754,0.7952044804890951,-0.027437150478363037,-0.05145330727100372,1,main_engine,0.051913838248648786,0.7021349460534736,0.2459512156978776,-0.1752849335100643,0.01555357881610574,0.0,0.0,none
lunarlander,ppo,13,572,-0.3691583126783371,0.7960575421651205,-0.028522783890366554,-0.06429645158350467,1,main_engine,0.052729922464994014,0.7090703702644795,0.23819970727052636,-0.09984147940368074,0.015718975695164263,0.0,0.0,none
lunarlander,ppo,13,573,-0.3778598209222158,0.7969794273376465,-0.0307698305696249,-0.0771599993109703,1,main_engine,0.053608214558096376,0.715353040431086,0.23103874501081756,0.26990079480062606,0.02163760891988083,0.0,0.0,none
lunarlander,ppo,13,574,-0.3864146023988724,0.7984781265258789,-0.049954403191804886,-0.08213070426136254,1,main_engine,0.0540157611002165,0.7099054040151651,0.2360788348846183,-2.402670730284526,0.018985004052272717,0.0,0.0,none
lunarlander,ppo,13,575,-0.394978274901708,0.8003503481547037,-0.062362730503082275,-0.09351587407290934,1,main_engine,0.05522567659972873,0.7111684457397763,0.23360587766049482,-3.5499391368833377,0.020284578182805005,0.0,0.0,none
lunarlander,ppo,13,576,-0.4036463797092438,0.8024884859720866,-0.0711827427148819,-0.10945211648941039,1,main_engine,0.05709973333366114,0.7165415151437451,0.22635875152259363,-4.172964539143561,0.024313953454916028,0.0,0.0,none
lunarlander,ppo,13,577,-0.412446732322375,0.8050254185994467,-0.08441488444805145,-0.12767837569117546,1,main_engine,0.05973434837614445,0.7212381363406204,0.21902751528323508,-1.7817752435082275,0.020828803311945494,0.0,0.0,none
lunarlander,ppo,13,578,-0.4211498300234477,0.8080480893452963,-0.10056480020284653,-0.13706660345196725,1,main_engine,0.06086655344675041,0.7196659905966748,0.21946745595657494,-2.3078050944487254,0.024082389435159435,0.0,0.0,none
lunarlander,ppo,13,579,-0.4297741750876109,0.8116597334543864,-0.12015357613563538,-0.14749819189310073,1,main_engine,0.06247908445231613,0.71730073634265,0.2202201792050339,-2.692030087901787,0.022200399994247583,0.0,0.0,none
lunarlander,ppo,13,580,-0.438350389401118,0.8157598177591959,-0.1363879144191742,-0.1592855527997017,1,main_engine,0.06420202200430479,0.7169989598417817,0.2187990181539135,-1.673921343860485,0.014511810910269499,0.0,0.0,none
lunarlander,ppo,13,581,-0.4468284050623576,0.8200449148813883,-0.14251595735549927,-0.16838505491614342,1,main_engine,0.06467723509984737,0.7192512374086709,0.2160715274914817,-1.5141024717687628,0.01911156669005084,0.0,0.0,none
lunarlander,ppo,13,582,-0.45514499147733056,0.824779192606608,-0.15746758878231049,-0.1754647232592106,1,main_engine,0.06536690086749139,0.7169059080757596,0.217727191056749,-3.8151071162736354,0.023426794323864086,0.0,0.0,none
lunarlander,ppo,13,583,-0.46349356571833294,0.8299555778503418,-0.17213967442512512,-0.19086118191480636,1,main_engine,0.06791190285950895,0.7190640986192355,0.21302399852125567,-1.740527619980311,0.015455078431170402,0.0,0.0,none
lunarlander,ppo,13,584,-0.4717160264650981,0.8353813489278158,-0.18042609095573425,-0.1994137778878212,1,main_engine,0.06847911127634777,0.7201484651498261,0.21137242357382624,-2.9914078855955744,0.01930784769571786,0.0,0.0,none
lunarlander,ppo,13,585,-0.4799061020215353,0.8411192099253336,-0.19077542424201965,-0.21228560358285903,1,main_engine,0.07022362100884671,0.7225657690861748,0.20721060990497847,-1.3228272207040983,0.019264635754622186,0.0,0.0,none
lunarlander,ppo,13,586,-0.48786645134290063,0.8473215897878011,-0.20625390112400055,-0.2177359491586685,1,main_engine,0.07068320548911423,0.7192567752156847,0.21006001929520107,-3.9971227721128,0.025382078793024822,0.0,0.0,none
lunarlander,ppo,13,587,-0.49581070741017663,0.8540590604146322,-0.2240225374698639,-0.23256904631853104,1,main_engine,0.07361486494235968,0.7196389812124107,0.20674615384522974,-1.547022721291005,0.013525988509899544,0.0,0.0,none
lunarlander,ppo,13,588,-0.503650705019633,0.8607762654622396,-0.223323792219162,-0.24127982780337331,1,main_engine,0.07356794485857074,0.7243083559600854,0.20212369918134396,-4.126662994430703,0.026554551957767857,0.0,0.0,none
lunarlander,ppo,13,589,-0.5114566286404928,0.8680638472239176,-0.24226950109004974,-0.25651672556996347,2,right_thruster,0.07684126257371549,0.7242135549798513,0.19894518244643328,-0.684609801523784,0.030405844714267948,0.0,0.0,none
lunarlander,ppo,13,590,-0.5192085107167562,0.874936024347941,-0.2282700389623642,-0.28144084960222243,1,main_engine,0.07978290191031025,0.7404163810289831,0.17980071706070674,-1.48550188872121,0.014205846838730898,0.0,0.0,none
lunarlander,ppo,13,591,-0.5268043776353201,0.8818763097127279,-0.23051334917545319,-0.29097546488046644,2,right_thruster,0.08023752767369541,0.743793912781793,0.1759685595445116,-0.5981316890985932,0.03472177439635252,0.0,0.0,none
lunarlander,ppo,13,592,-0.5343278745810192,0.8884073893229166,-0.21666671335697174,-0.3212180554866791,1,main_engine,0.0846754983378599,0.7595177674673264,0.15580673419481372,-3.175724150583064,0.021277175112960997,0.0,0.0,none
lunarlander,ppo,13,593,-0.5418013532956442,0.8951443831125895,-0.2234266698360443,-0.33870465606451033,0,left_thruster,0.08782825455119354,0.7630424737807608,0.14912927166804574,-2.4992611747491216,0.01616621360114879,0.0,0.0,none
lunarlander,ppo,13,594,-0.5493475496768951,0.9015088876088461,-0.21112830936908722,-0.33514870405197145,0,left_thruster,0.08324489952710822,0.7670522749310308,0.149702825541861,-2.1013105794826443,0.016026155418406848,0.0,0.0,none
lunarlander,ppo,13,595,-0.5569513638814291,0.9074908097585043,-0.19847774505615234,-0.3333599902689457,1,main_engine,0.07934462109710469,0.7713973678956583,0.1492580110072371,-3.1490333042433414,0.02166814854160362,0.0,0.0,none
lunarlander,ppo,13,596,-0.5645185708999634,0.9137920538584391,-0.20902681350708008,-0.3495234526693821,1,main_engine,0.08228721260047613,0.7732595200225065,0.1444532673770173,-3.619766145449671,0.025348716148810506,0.0,0.0,none
lunarlander,ppo,13,597,-0.5720430115858715,0.9205360412597656,-0.22366611659526825,-0.3675830662250519,1,main_engine,0.08625743347711433,0.7740425725793636,0.139699993943522,-1.6545742002492716,0.01767310329597752,0.0,0.0,none
lunarlander,ppo,13,598,-0.5793683727582296,0.9275644620259603,-0.2331128716468811,-0.37853924185037613,2,right_thruster,0.08791268671086894,0.7745752379353653,0.13751207535376597,-0.4053375438319381,0.03707343329125136,0.0,0.0,none
lunarlander,ppo,13,599,-0.586615651845932,0.9341626167297363,-0.21846364438533783,-0.4111548960208893,1,main_engine,0.0930880853290525,0.7864217402792707,0.12049017439167686,-2.472172927985682,0.021007538799528696,0.0,0.0,none
