env,policy,seed,t,q,mu,sigma,rho,a,action_label,p0,p1,p2,r,state_delta,intervention_active,intervention_start,intervention_name
lunarlander,ppo,19,0,-0.0012013117278305194,0.9420404434204102,-0.04756484180688858,0.01325518398080021,0,left_thruster,0.4312022615634858,0.43752175503621205,0.13127598340030214,-0.1979780960218136,0.02201634957930701,0.0,0.0,none
lunarlander,ppo,19,1,-0.0024702549368763966,0.9430809815724691,-0.034681957215070724,0.03103320403024554,0,left_thruster,0.3681330444419251,0.46343253570494414,0.16843441985313087,-0.5132995967558259,0.020961415734718512,0.0,0.0,none
lunarlander,ppo,19,2,-0.0037910936710735164,0.9437240759531657,-0.021421056240797043,0.04720018487423658,0,left_thruster,0.31141923069345284,0.4798656818364839,0.20871508747006323,-1.540443027569396,0.027893722248989374,0.0,0.0,none
lunarlander,ppo,19,3,-0.005191087645168106,0.9439590771993002,-0.007799437735229731,0.07150030918419362,2,right_thruster,0.23809596655002063,0.48656416792769597,0.2753398655222834,0.419550953591995,0.015396412223767053,0.0,0.0,none
lunarlander,ppo,19,4,-0.006527026804784934,0.943800131479899,0.0053373295813798904,0.06358419544994831,0,left_thruster,0.24746161780505374,0.49016811257446435,0.262370269620482,-2.040263223526053,0.025049767754657934,0.0,0.0,none
lunarlander,ppo,19,5,-0.007927496917545795,0.9432442982991537,0.01860061287879944,0.08478103280067444,2,right_thruster,0.18989436929816622,0.4831506630016552,0.3269549677001785,-0.0075555465195100155,0.017831605690845055,0.0,0.0,none
lunarlander,ppo,19,6,-0.009247700218111277,0.9422911802927653,0.03183025121688843,0.07293656319379807,1,main_engine,0.2066027710976908,0.49088536201618904,0.30251186688612003,-0.009650068628887983,0.010143079318434615,0.0,0.0,none
lunarlander,ppo,19,7,-0.010541915738334259,0.9415469964345297,0.02487916313111782,0.08017090000212193,1,main_engine,0.19341276175280928,0.4856929136571417,0.32089432459004896,-1.8508169537467882,0.010871420504965049,0.0,0.0,none
lunarlander,ppo,19,8,-0.011980215397973856,0.9411257902781168,0.014111553318798542,0.08018646240234376,2,right_thruster,0.1977576960289233,0.48441511129735015,0.3178271926737266,0.3246057831372627,0.019116962485416042,0.0,0.0,none
lunarlander,ppo,19,9,-0.013342301050821941,0.9403034845987955,0.02744912914931774,0.06658367365598679,0,left_thruster,0.21876641329992105,0.4921987620707624,0.2890348246293166,-2.115348732686865,0.021700530707046965,0.0,0.0,none
lunarlander,ppo,19,10,-0.014764309550325077,0.9390782515207926,0.040917206555604935,0.08349522650241852,2,right_thruster,0.1739004443708836,0.4823574920999524,0.34374206352916403,-0.26323897478579283,0.019606611095453728,0.0,0.0,none
lunarlander,ppo,19,11,-0.01610930698613326,0.9374571641286215,0.054069533944129944,0.06910778265446424,1,main_engine,0.19495134581300752,0.49286918777311317,0.3121794664138794,0.7090754062880489,0.018194413989402306,0.0,0.0,none
lunarlander,ppo,19,12,-0.017519155517220497,0.936378558476766,0.03598882257938385,0.07009445074945689,1,main_engine,0.20117096437446408,0.4901737010254142,0.30865533460012157,0.552571959858784,0.006766324183198234,0.0,0.0,none
lunarlander,ppo,19,13,-0.018849452026188374,0.9353458086649576,0.034470848739147186,0.07646960858255625,0,left_thruster,0.18702602823567605,0.4855038142596615,0.32747015750466235,-2.3116302683543095,0.022458355995660616,0.0,0.0,none
lunarlander,ppo,19,14,-0.020243803349634014,0.9339086214701334,0.04799729213118553,0.09428542628884315,1,main_engine,0.14515197538306537,0.46806860978507336,0.3867794148318612,-1.5111786745460427,0.010173243177036932,0.0,0.0,none
lunarlander,ppo,19,15,-0.021816333755850792,0.9327641328175863,0.038225408643484116,0.0922305628657341,2,right_thruster,0.15166644151877967,0.4696535306842468,0.3786800277969735,-0.4192361738234581,0.016174329947950657,0.0,0.0,none
lunarlander,ppo,19,16,-0.023336568847298622,0.9312240282694498,0.051379818469285965,0.08307155556976795,2,right_thruster,0.16089882845859727,0.47803261457876295,0.3610685569626399,-0.18915957539620307,0.021366619847301906,0.0,0.0,none
lunarlander,ppo,19,17,-0.02478011418133974,0.9292834599812826,0.06467998772859573,0.06652500568889082,0,left_thruster,0.18511101871393482,0.4915659100078619,0.3233230712782032,-2.2295774383312117,0.01965906582797974,0.0,0.0,none
lunarlander,ppo,19,18,-0.026281593988339107,0.926932175954183,0.0784091129899025,0.080316561460495,1,main_engine,0.15050012814910338,0.47837694428919453,0.37112292756170207,0.5797757782467045,0.009005581552407407,0.0,0.0,none
lunarlander,ppo,19,19,-0.027820905670523643,0.924835999806722,0.06990513205528259,0.08173760771751404,2,right_thruster,0.15021247636557758,0.47581036709066743,0.373977156543755,-0.6965235244890903,0.017937332466579397,0.0,0.0,none
lunarlander,ppo,19,20,-0.029305458689729374,0.9223446846008301,0.08304112404584885,0.06987240391317755,1,main_engine,0.16430034582025327,0.4865358132863239,0.34916384089342284,0.19555063796807645,0.003318610398677523,0.0,0.0,none
lunarlander,ppo,19,21,-0.030771732951203983,0.9198499520619711,0.08315352350473404,0.07149317246221472,2,right_thruster,0.15961487800814372,0.4838466036932818,0.3565385182985744,-0.8371218589162891,0.018558406671374594,0.0,0.0,none
lunarlander,ppo,19,22,-0.03218626913925012,0.9169532457987467,0.09651802480220795,0.0590267077088356,1,main_engine,0.17530834817520266,0.4940520911652059,0.3306395606595913,0.24205449057419173,0.003289128133567956,0.0,0.0,none
lunarlander,ppo,19,23,-0.03359158833821615,0.914039691289266,0.09708856046199799,0.05885602962225676,2,right_thruster,0.1736786540049311,0.4931268514569285,0.3331944945381402,-0.6053469451058187,0.02215165138572795,0.0,0.0,none
lunarlander,ppo,19,24,-0.03493022794524829,0.9107387860616049,0.10995443910360336,0.04117901362478733,1,main_engine,0.20141391464034106,0.5046245953982553,0.2939614899614037,0.2663860060073921,0.004650704279022712,0.0,0.0,none
lunarlander,ppo,19,25,-0.03626322684188684,0.9073850313822428,0.11171788722276688,0.03883492648601532,0,left_thruster,0.20365820257400072,0.5050839464191902,0.29125785100680907,-2.0688240642126376,0.017973793385725353,0.0,0.0,none
lunarlander,ppo,19,26,-0.03765574966867765,0.9036267598470052,0.12524911761283875,0.04996593398973346,2,right_thruster,0.17203316158389434,0.49779849387577246,0.3301683445403332,-0.7660652097219633,0.02344195118432238,0.0,0.0,none
lunarlander,ppo,19,27,-0.03897651098668575,0.8994674682617188,0.13857026398181915,0.031176894158124926,2,right_thruster,0.20148942263247305,0.5097032436270666,0.2888073337404604,-0.7281888840335807,0.02215512578426936,0.0,0.0,none
lunarlander,ppo,19,28,-0.040241082509358726,0.894919236501058,0.15151087939739227,0.013824530690908436,2,right_thruster,0.23055123863124155,0.515988374359821,0.2534603870089375,-0.4888344592263502,0.026123991275005087,0.0,0.0,none
lunarlander,ppo,19,29,-0.04143667096892993,0.8899828592936198,0.16442440450191498,-0.00830930173397064,1,main_engine,0.2734282122205782,0.5164941856949584,0.21007760208446336,3.7802345058264155,0.02164075523000086,0.0,0.0,none
lunarlander,ppo,19,30,-0.04275536475082239,0.8855811754862467,0.14661778509616852,-0.019716878980398173,2,right_thruster,0.3126303031430508,0.505448668154895,0.18192102870205426,-0.1880653713714753,0.03033472154382108,0.0,0.0,none
lunarlander,ppo,19,31,-0.043995777765909835,0.8807817300160726,0.1598728597164154,-0.04654829762876034,1,main_engine,0.37341439740206595,0.48726348787139606,0.13932211472653808,4.593007049381894,0.020413250359811327,0.0,0.0,none
lunarlander,ppo,19,32,-0.04522927726308505,0.876514752705892,0.142160564661026,-0.05567226484417914,0,left_thruster,0.410216058125381,0.46839043484139675,0.1213935070332221,-1.3238034782016563,0.015037092258058837,0.0,0.0,none
lunarlander,ppo,19,33,-0.04652651026844978,0.8718512852986654,0.15541933476924896,-0.05048686061054468,0,left_thruster,0.38313081070183674,0.48184121276355774,0.13502797653460566,-1.561694881741106,0.01706876060073047,0.0,0.0,none
lunarlander,ppo,19,34,-0.047896066680550575,0.8667866388956705,0.16881060600280762,-0.04129501013085246,0,left_thruster,0.34526447488603684,0.49773019920611994,0.15700532590784336,-2.228115877716582,0.017435439037968542,0.0,0.0,none
lunarlander,ppo,19,35,-0.04933094916244348,0.8613220850626627,0.18215055763721466,-0.031593464454635976,2,right_thruster,0.30719585254302006,0.5103504995262645,0.18245364793071547,-1.8715697276214838,0.02177496619278211,0.0,0.0,none
lunarlander,ppo,19,36,-0.050716083496809006,0.8554574648539225,0.1955011785030365,-0.04770550057291984,0,left_thruster,0.33788916849228445,0.5032887860407832,0.15882204546693224,-2.214639209753518,0.015898167124192623,0.0,0.0,none
lunarlander,ppo,19,37,-0.05215088526407878,0.8492012023925781,0.20855645835399628,-0.04129364360123873,0,left_thruster,0.3088962508964019,0.5131971108979242,0.17790663820567384,-2.096949265393357,0.020623940494996593,0.0,0.0,none
lunarlander,ppo,19,38,-0.05366206169128418,0.8425496419270834,0.22172823548316956,-0.026964502036571504,2,right_thruster,0.26120971323961695,0.5231443700944343,0.2156459166659488,-1.4880223225756037,0.021731907973119892,0.0,0.0,none
lunarlander,ppo,19,39,-0.05511538436015447,0.835503101348877,0.2349020391702652,-0.04267948977649212,1,main_engine,0.28887150656851346,0.5207688505136456,0.19035964291784097,-0.15995327255894834,0.010658377824483853,0.0,0.0,none
lunarlander,ppo,19,40,-0.05665898323059082,0.8284346262613932,0.2356400191783905,-0.05047117546200752,1,main_engine,0.3054507837302011,0.5164218862708506,0.1781273299989482,3.9578079020232657,0.01793299418190444,0.0,0.0,none
lunarlander,ppo,19,41,-0.058073680847883224,0.8218642870585123,0.21903976798057556,-0.04954747967422009,1,main_engine,0.31189008546910246,0.5112162954074241,0.1768936191234735,4.616401383311934,0.021550162530625843,0.0,0.0,none
lunarlander,ppo,19,42,-0.05937417348225912,0.8159136772155762,0.1983790099620819,-0.048882991448044776,0,left_thruster,0.3222420210453666,0.5042876592292286,0.17347031972540494,-2.028548366233291,0.01943861931618482,0.0,0.0,none
lunarlander,ppo,19,43,-0.06073895841836929,0.8095622857411703,0.21172553300857544,-0.03633199818432331,1,main_engine,0.27782636323144466,0.515198285673388,0.2069753510951673,2.629687289751572,0.017443017249370543,0.0,0.0,none
lunarlander,ppo,19,44,-0.06221810976664226,0.8036542733510336,0.19695113599300385,-0.04332367498427629,1,main_engine,0.3031687349313751,0.5073027252945075,0.1895285397741174,0.8213325850535045,0.0061767075273886285,0.0,0.0,none
lunarlander,ppo,19,45,-0.06362168118357658,0.7977530161539713,0.1967233121395111,-0.04218132523819804,2,right_thruster,0.29773351217402205,0.5076752925499691,0.19459119527600885,-1.6098058248624023,0.020532891952872355,0.0,0.0,none
lunarlander,ppo,19,46,-0.06497280051310858,0.7914472421010336,0.2102273851633072,-0.05624017845839262,0,left_thruster,0.3227828929588531,0.5034845248474954,0.17373258219365148,-1.988464862709724,0.021984127366797876,0.0,0.0,none
lunarlander,ppo,19,47,-0.06640323127309482,0.7847448984781901,0.22341863811016083,-0.04004372330382466,1,main_engine,0.2691176904665,0.5154128953804112,0.21546941415308885,2.678561568945303,0.016725139524922508,0.0,0.0,none
lunarlander,ppo,19,48,-0.06793538729349773,0.7784668604532877,0.20928525924682617,-0.04622568339109421,0,left_thruster,0.29146795350334925,0.5088436200570812,0.19968842643956958,-1.719048933245956,0.019009705067774146,0.0,0.0,none
lunarlander,ppo,19,49,-0.06952254101634026,0.7717989285786947,0.22225959599018097,-0.03414035756140947,2,right_thruster,0.24992449209524714,0.5147134401282453,0.23536206777650753,-1.3207201237589516,0.020004718556771,0.0,0.0,none
lunarlander,ppo,19,50,-0.0710553303360939,0.7647237777709961,0.23585322499275208,-0.046907299757003786,1,main_engine,0.26971382034287483,0.515254432077152,0.21503174757997298,3.052568272152512,0.017143097106991793,0.0,0.0,none
lunarlander,ppo,19,51,-0.07264177004496257,0.7580980459849039,0.22088117897510529,-0.05173498075455427,0,left_thruster,0.28904788029828465,0.5089600874371775,0.20199203226453785,-1.7286129403346275,0.019255358109464618,0.0,0.0,none
lunarlander,ppo,19,52,-0.0742855854332447,0.7510809898376465,0.23390203714370728,-0.03951676228898578,2,right_thruster,0.2471870517664808,0.5143853129036107,0.23842763532990852,-1.2427359547468189,0.02138051406634634,0.0,0.0,none
lunarlander,ppo,19,53,-0.0758671760559082,0.743665854136149,0.24719637632369995,-0.05444664042443037,0,left_thruster,0.27238693022888183,0.5145102893537323,0.2131027804173858,-1.6261466522748946,0.018699955962606853,0.0,0.0,none
lunarlander,ppo,19,54,-0.07750057925780615,0.7358583609263102,0.2602543830871582,-0.043697135499678554,1,main_engine,0.23521641280492317,0.5176428948197673,0.2471406923753095,4.068786362487,0.020424369778468267,0.0,0.0,none
lunarlander,ppo,19,55,-0.07916529973347983,0.7286138534545898,0.24149161577224731,-0.0468370814807713,1,main_engine,0.2512760360176282,0.5128522792504693,0.2358716847319025,0.7122006882597531,0.00998834314838339,0.0,0.0,none
lunarlander,ppo,19,56,-0.08093444630503654,0.7214608987172445,0.23845094442367554,-0.05285594146698713,0,left_thruster,0.264895277545873,0.5106353358385823,0.22446938661554477,-1.6873152417017547,0.02068661444180228,0.0,0.0,none
lunarlander,ppo,19,57,-0.08276597907145819,0.7139066855112711,0.2517980933189392,-0.039094801107421515,1,main_engine,0.22084641588457926,0.511629865361775,0.26752371875364567,1.9068605479200165,0.0093966225887844,0.0,0.0,none
lunarlander,ppo,19,58,-0.0845847154657046,0.7065176963806152,0.24629108607769012,-0.038840980548411605,2,right_thruster,0.22047507184073595,0.5093102094139416,0.27021471874532255,-1.0841863465357882,0.02229118908073692,0.0,0.0,none
lunarlander,ppo,19,59,-0.08633454640706381,0.6987315813700358,0.2595583498477936,-0.05487816631793976,0,left_thruster,0.2469099061454678,0.5126253294420395,0.24046476441249265,-1.6408042368172426,0.023551424531119233,0.0,0.0,none
lunarlander,ppo,19,60,-0.08816361427307129,0.6905485788981119,0.27275535464286804,-0.03726562410593033,2,right_thruster,0.19642911802624044,0.5084104389989456,0.29516044297481403,-1.0339026791274148,0.02157062696540199,0.0,0.0,none
lunarlander,ppo,19,61,-0.08992910385131836,0.6819645563761393,0.2861502766609192,-0.051724725589156154,1,main_engine,0.21745864429435377,0.5141406813982224,0.26840067430742376,1.3667486069759207,0.008868386745869558,0.0,0.0,none
lunarlander,ppo,19,62,-0.09164515882730484,0.6734296480814616,0.28450918197631836,-0.05131780123338103,0,left_thruster,0.21449656520744495,0.5121068582890989,0.27339657650345617,-1.3946543161497642,0.019758447137616136,0.0,0.0,none
lunarlander,ppo,19,63,-0.09341271594166756,0.6644994020462036,0.2976686656475067,-0.039726827573031184,0,left_thruster,0.18010500548669175,0.5051807205068202,0.31471427400648805,-1.2866522822025548,0.025499334611819524,0.0,0.0,none
lunarlander,ppo,19,64,-0.09525839239358902,0.6551654736200968,0.31108397245407104,-0.020240502431988716,0,left_thruster,0.13598430658295343,0.4832196754597115,0.3807960179573352,-0.9657302449343615,0.02724319528605998,0.0,0.0,none
lunarlander,ppo,19,65,-0.09718123823404312,0.6454328695933024,0.3243495523929596,0.0013880703598260838,2,right_thruster,0.0976596273621261,0.4469990717259791,0.45534130091189473,-0.4899827446788004,0.018574532083427228,0.0,0.0,none
lunarlander,ppo,19,66,-0.09905211006601652,0.6352914969126383,0.3380015790462494,-0.00584296062588692,1,main_engine,0.10068960421081848,0.4524775638280425,0.446832831961139,3.78923463415126,0.01579522650839326,0.0,0.0,none
lunarlander,ppo,19,67,-0.10090223823984465,0.6254997253417969,0.326353520154953,-0.0020337428897619254,1,main_engine,0.09732078575597529,0.443656537435482,0.45902267680854264,1.3179510875266351,0.010001732565948586,0.0,0.0,none
lunarlander,ppo,19,68,-0.10283390680948894,0.6157368818918864,0.3253987431526184,-0.002314098924398423,0,left_thruster,0.09591167129350137,0.4399262193319291,0.4641621093745695,-0.8903638293433653,0.025634570302112327,0.0,0.0,none
lunarlander,ppo,19,69,-0.10483177999655406,0.6055711905161539,0.3388161063194275,0.01691537797451019,2,right_thruster,0.069406065212601,0.3992731533368565,0.5313207814505425,-0.36223581934708027,0.02099372006459681,0.0,0.0,none
lunarlander,ppo,19,70,-0.10675771782795589,0.5950040817260742,0.3522183299064636,0.004842944070696829,1,main_engine,0.07663110478845903,0.4139641361686397,0.5094047590429013,4.701086950848898,0.01940328678169589,0.0,0.0,none
lunarlander,ppo,19,71,-0.10855055103699367,0.5848591725031534,0.3381449580192566,0.013345550000667571,1,main_engine,0.06978061153279154,0.39637792370150143,0.533841464765707,2.512466292829912,0.012641755520036449,0.0,0.0,none
lunarlander,ppo,19,72,-0.11044502258300781,0.5749404827753702,0.3306097388267517,0.012313549034297464,1,main_engine,0.07087741544951194,0.3949889227765719,0.5341336617739162,4.641416770498437,0.01940033169389762,0.0,0.0,none
lunarlander,ppo,19,73,-0.11218421161174774,0.5654327472050985,0.31691667437553406,0.02208345392718911,1,main_engine,0.06326838778641909,0.37511415141772536,0.5616174607958555,2.4456766336018703,0.01192034794909327,0.0,0.0,none
lunarlander,ppo,19,74,-0.11388262112935385,0.5560550689697266,0.312583863735199,0.02778398049995303,2,right_thruster,0.057934322176144165,0.360984487518634,0.5810811903052218,-0.7934145046050969,0.019718847333641074,0.0,0.0,none
lunarlander,ppo,19,75,-0.11552023390928905,0.5462741057078043,0.32603269815444946,0.017314368521329015,2,right_thruster,0.06293457977452818,0.3734284717972497,0.5636369484282221,-0.9660357689143814,0.0200783446776637,0.0,0.0,none
lunarlander,ppo,19,76,-0.11710286140441895,0.5360917250315348,0.3394133448600769,0.0064556101802736516,1,main_engine,0.06868354989276709,0.3864523180623015,0.5448641320449313,2.0919621183685138,0.011472218780518162,0.0,0.0,none
lunarlander,ppo,19,77,-0.11865091820557913,0.5260539054870605,0.3345937728881836,0.00874236086383462,2,right_thruster,0.0661719571864892,0.3787155129534064,0.5551125298601044,-0.6696248336283236,0.023567884960710273,0.0,0.0,none
lunarlander,ppo,19,78,-0.120127039651076,0.5156204303105673,0.34778425097465515,-0.007702095666900277,2,right_thruster,0.07802390917496392,0.401751576719776,0.52022451410526,-0.8974871285461222,0.024260910952513242,0.0,0.0,none
lunarlander,ppo,19,79,-0.12153681367635727,0.504793643951416,0.36089181900024414,-0.024952507112175226,2,right_thruster,0.0926149063542472,0.4251569937327611,0.4822280999129917,-1.3097349377156149,0.02441282749233209,0.0,0.0,none
lunarlander,ppo,19,80,-0.12288904438416164,0.49357012907663983,0.37412482500076294,-0.042072024755179876,1,main_engine,0.10910128892685536,0.4466201524240977,0.44427855864904686,0.7690495378890068,0.01184960922886802,0.0,0.0,none
lunarlander,ppo,19,81,-0.12420328954855601,0.4823224147160848,0.37494081258773804,-0.04546452891081571,1,main_engine,0.11161797321068812,0.4475173369895405,0.44086468979977134,0.2916106262779454,0.015048749491601962,0.0,0.0,none
lunarlander,ppo,19,82,-0.12562640011310577,0.47104036808013916,0.37609872221946716,-0.05525300614535808,2,right_thruster,0.12358361327393079,0.4574597543230405,0.4189566324030287,-1.5539570343505171,0.027274863615921543,0.0,0.0,none
lunarlander,ppo,19,83,-0.126987062394619,0.45935118198394775,0.3896908462047577,-0.07576358579099178,2,right_thruster,0.14982190752030866,0.4785003956815333,0.371677696798158,-1.7257393109661587,0.03243389774332182,0.0,0.0,none
lunarlander,ppo,19,84,-0.12826704730590185,0.4472547769546509,0.40331077575683594,-0.10256832167506218,1,main_engine,0.19260480770635827,0.4988108401821856,0.3085843521114561,2.787548389388385,0.018516762066083037,0.0,0.0,none
lunarlander,ppo,19,85,-0.12949593365192413,0.43550435702006024,0.39180466532707214,-0.11098837926983833,2,right_thruster,0.21429259011501725,0.49934705862584716,0.28636035125913545,-1.9203698771776159,0.032976498518164934,0.0,0.0,none
lunarlander,ppo,19,86,-0.1306498795747757,0.4233577648798625,0.4050864577293396,-0.13859584480524062,1,main_engine,0.26922327137655,0.5028586360651768,0.22791809255827314,4.3765459690825335,0.02684068366326793,0.0,0.0,none
lunarlander,ppo,19,87,-0.13176099707682928,0.41184274355570477,0.3840824365615845,-0.15065499469637872,1,main_engine,0.31195040805068963,0.49141179296445214,0.1966377989848582,4.078713807480169,0.021976352252821886,0.0,0.0,none
lunarlander,ppo,19,88,-0.13267580419778824,0.40087441603342694,0.3658823072910309,-0.1561843954026699,1,main_engine,0.3373728822757143,0.48094714397565536,0.18167997374863037,2.8808116608235586,0.016972828079093893,0.0,0.0,none
lunarlander,ppo,19,89,-0.13340052217245102,0.39027567704518634,0.3535812795162201,-0.1610734775662422,1,main_engine,0.35768350788481973,0.4718878756630921,0.1704286164520883,3.305238805153704,0.02476008834450109,0.0,0.0,none
lunarlander,ppo,19,90,-0.13416870186726254,0.38018059730529785,0.3368477523326874,-0.17625736072659492,1,main_engine,0.41182565054454034,0.4489121583867237,0.13926219106873589,3.6366385209646706,0.020052356137774355,0.0,0.0,none
lunarlander,ppo,19,91,-0.1347298671801885,0.37059128284454346,0.32000333070755005,-0.18136545121669767,0,left_thruster,0.43785032654694533,0.43449946738853695,0.1276502060645177,-2.080136847899298,0.017848003288725958,0.0,0.0,none
lunarlander,ppo,19,92,-0.13536270707845688,0.36061592896779376,0.33281877636909485,-0.17398931384086608,2,right_thruster,0.40369942725366,0.44947134322765075,0.14682922951868926,-2.2275574784408807,0.029567942325910618,0.0,0.0,none
lunarlander,ppo,19,93,-0.13593005637327832,0.3502298593521118,0.3466162085533142,-0.19798309952020643,0,left_thruster,0.4607688455376451,0.42529023900956664,0.11394091545278837,-1.98392081513501,0.018607401471402153,0.0,0.0,none
lunarlander,ppo,19,94,-0.1365706076224645,0.33945226669311523,0.35959768295288086,-0.19016325920820237,1,main_engine,0.42517787694809345,0.44238119541310134,0.13244092763880527,4.3035681720813,0.022048816263400352,0.0,0.0,none
lunarlander,ppo,19,95,-0.13704260190327963,0.3292398452758789,0.34076231718063354,-0.19534620866179467,1,main_engine,0.45308852280953177,0.42633624713364926,0.12057523005681886,0.09648493361232227,0.013927512437707809,0.0,0.0,none
lunarlander,ppo,19,96,-0.13751411189635596,0.3189886212348938,0.3420870900154114,-0.2046687975525856,0,left_thruster,0.4771781197440609,0.4138344067256239,0.10898747353031529,-1.7851689968977222,0.01796024365643806,0.0,0.0,none
lunarlander,ppo,19,97,-0.13804340114196142,0.3083481788635254,0.35498619079589844,-0.1981354683637619,0,left_thruster,0.44550801465157264,0.4297148644318251,0.12477712091660229,-1.5989710470741387,0.018792943685891017,0.0,0.0,none
lunarlander,ppo,19,98,-0.13862911611795425,0.2973141670227051,0.368024080991745,-0.19031909629702567,2,right_thruster,0.40976629827386074,0.445535536067615,0.1446981656585243,-1.8209342140069498,0.02815282215893942,0.0,0.0,none
lunarlander,ppo,19,99,-0.13914552827676138,0.2858607769012451,0.3821306526660919,-0.21181651949882507,0,left_thruster,0.4592606795695918,0.4246404275076457,0.11609889292276251,-1.505946598198832,0.020052912913576398,0.0,0.0,none
lunarlander,ppo,19,100,-0.139727753897508,0.2740163405736287,0.3950611352920532,-0.2021060984581709,1,main_engine,0.4180767787798,0.44365648273392433,0.1382667384862756,1.54213734751542,0.012146036791725478,0.0,0.0,none
lunarlander,ppo,19,101,-0.1401735097169876,0.2622505823771159,0.3924243748188019,-0.2034996334463358,1,main_engine,0.4218240979681662,0.4405172149351791,0.1376586870966546,1.2915900506534557,0.014392209815841266,0.0,0.0,none
lunarlander,ppo,19,102,-0.14064176628986996,0.2505582968393962,0.39001139998435974,-0.21152362562716007,1,main_engine,0.4448864712362466,0.4290553417154963,0.126058187048257,0.6982794355316684,0.01187051406405843,0.0,0.0,none
lunarlander,ppo,19,103,-0.14093422641356787,0.23881951967875162,0.39152461290359497,-0.21066638082265854,1,main_engine,0.4389933229001321,0.4307131944587018,0.13029348264116603,3.207690546083585,0.018363864829696968,0.0,0.0,none
lunarlander,ppo,19,104,-0.14120085785786313,0.2274445096651713,0.3794367015361786,-0.2185182586312294,1,main_engine,0.4696044719931734,0.4140025438082333,0.11639298419859345,3.7822156811534695,0.020011694524689146,0.0,0.0,none
lunarlander,ppo,19,105,-0.1413845270872116,0.21653191248575845,0.3640487790107727,-0.2251936797052622,1,main_engine,0.49948703521025994,0.39627725183919843,0.10423571295054158,1.5886681383017538,0.011607166893679036,0.0,0.0,none
lunarlander,ppo,19,106,-0.14137506484985352,0.20574704806009927,0.359758198261261,-0.22513163201510905,0,left_thruster,0.5011505659024663,0.39401563046082855,0.10483380363670522,-1.2290977638740084,0.02303873550333015,0.0,0.0,none
lunarlander,ppo,19,107,-0.14144476503133774,0.1945844292640686,0.3721897304058075,-0.209268737398088,0,left_thruster,0.44262447077501177,0.4219988269093479,0.1353767023156403,-1.1499754254920789,0.02113786045695323,0.0,0.0,none
lunarlander,ppo,19,108,-0.14157024522622427,0.18302951256434122,0.38515233993530273,-0.19721684735268355,0,left_thruster,0.3945165034096149,0.4406901015784072,0.16479339501197796,-0.939962774495358,0.02190507062318662,0.0,0.0,none
lunarlander,ppo,19,109,-0.14174786706765494,0.1710879405339559,0.3979335427284241,-0.18403199687600136,1,main_engine,0.34392579999034556,0.4550800994589157,0.2009941005507387,1.9845493878426497,0.012385386269505437,0.0,0.0,none
lunarlander,ppo,19,110,-0.14190809180339178,0.1592512627442678,0.3944641649723053,-0.1851404182612896,1,main_engine,0.3475282888179636,0.452075963274775,0.20039574790726133,0.9974251541409154,0.012035467835270453,0.0,0.0,none
lunarlander,ppo,19,111,-0.14207911988099417,0.14738360047340393,0.39552050828933716,-0.18683333480730652,0,left_thruster,0.3494314067215236,0.4502521426393457,0.20031645063913062,-0.9678341147604971,0.023328071165666868,0.0,0.0,none
lunarlander,ppo,19,112,-0.14230760435263318,0.13512359062830606,0.4084872007369995,-0.17180989496409893,0,left_thruster,0.2951121779254832,0.45880446241476974,0.24608335965974712,-0.6712646958229107,0.02842463470111113,0.0,0.0,none
lunarlander,ppo,19,113,-0.14261357486248016,0.12248459458351135,0.42096906900405884,-0.14962149746716022,1,main_engine,0.2271154236074918,0.45577364967687306,0.31711092671563523,5.5172089539319655,0.023689117179236066,0.0,0.0,none
lunarlander,ppo,19,114,-0.14277649422486624,0.11044207215309143,0.40110114216804504,-0.14499647133052349,1,main_engine,0.22565422852179373,0.44886661551441437,0.32547915596379184,5.513826472385179,0.02388839926864593,0.0,0.0,none
lunarlander,ppo,19,115,-0.14286541690429053,0.09902849793434143,0.3801707327365875,-0.14348121657967566,2,right_thruster,0.2325969671567633,0.4434564110938963,0.32394662174934036,-1.395914089587422,0.022031698611241133,0.0,0.0,none
lunarlander,ppo,19,116,-0.1428830623626709,0.08720789353052776,0.393871933221817,-0.1560488674789667,2,right_thruster,0.2540094495648269,0.44750193502773766,0.2984886154074354,-1.6946004183964716,0.02399015153040846,0.0,0.0,none
lunarlander,ppo,19,117,-0.14282703399658203,0.07497878869374593,0.4076201021671295,-0.17144240757916124,0,left_thruster,0.28394343187885446,0.44970088832627236,0.2663556797948731,-1.2986353166853104,0.02635830209260243,0.0,0.0,none
lunarlander,ppo,19,118,-0.14284785836935043,0.062370638052622475,0.4201168715953827,-0.15195844117552043,2,right_thruster,0.22361566873380617,0.4444630483501766,0.3319212829160173,-1.8255511136141724,0.02186387644833121,0.0,0.0,none
lunarlander,ppo,19,119,-0.14281296481688818,0.04935351014137268,0.43384698033332825,-0.16291592130437493,1,main_engine,0.24031082132708717,0.4483872460147583,0.3113019326581545,1.2977694553919719,0.01367778507195044,0.0,0.0,none
lunarlander,ppo,19,120,-0.14267889161904654,0.03645816445350647,0.4297809898853302,-0.1608564043417573,2,right_thruster,0.23573385059780752,0.44453795880410346,0.3197281905980891,-2.442301579877246,0.02674257983815957,0.0,0.0,none
lunarlander,ppo,19,121,-0.14246400445699692,0.023151832322279613,0.4436224699020386,-0.179470225982368,1,main_engine,0.2731378786900749,0.44893930800350623,0.27792281330641905,11.309374196143368,0.14736987872405993,0.0,0.0,none
lunarlander,ppo,19,122,-0.14220833778381348,0.01005354585746924,0.4367021322250366,-0.03284703679382803,1,main_engine,0.041668849333906806,0.2623254005463617,0.6960057501197314,6.093691716416899,0.1416555393801838,0.0,0.0,none
lunarlander,ppo,19,123,-0.14195911586284637,-0.0023907359379033246,0.4138775169849396,0.10640240311622619,2,right_thruster,0.005760953482498593,0.10319509353157964,0.8910439529859217,0.7563491568425991,0.08566911407612272,0.0,0.0,none
lunarlander,ppo,19,124,-0.14147830506165823,-0.015083211163679758,0.42189350724220276,0.1907446280121803,2,right_thruster,0.0019051652726182835,0.05960123927595661,0.9384935954514252,-99.89894925121217,1.0165348009426876,0.0,0.0,none
lunarlander,ppo,19,125,0.004779656883329153,0.9347044626871744,0.19696848094463348,-0.05269677611067891,1,main_engine,0.4333110776867048,0.46637520558825946,0.10031371672503575,0.9361673197222399,0.012757010296073934,0.0,0.0,none
lunarlander,ppo,19,126,0.009548664093017578,0.9290361404418945,0.18896713852882385,-0.05931844692677259,0,left_thruster,0.4632894037985906,0.447966859408273,0.08874373679313632,-0.19300276676848513,0.018599041720095164,0.0,0.0,none
lunarlander,ppo,19,127,0.014247338597973188,0.9229694207509359,0.2022455632686615,-0.04879584461450577,1,main_engine,0.42934871647870204,0.4678874657891232,0.10276381773217477,0.3207261654026218,0.009729415861965915,0.0,0.0,none
lunarlander,ppo,19,128,0.018995363886157673,0.9170692761739095,0.19670133292675018,-0.05135857611894608,1,main_engine,0.44618501544199896,0.45743794134641463,0.09637704321158638,0.6205104797788703,0.010334655766143926,0.0,0.0,none
lunarlander,ppo,19,129,0.023688396128515404,0.9111675421396891,0.19676247239112854,-0.0584258496761322,2,right_thruster,0.4710887388331284,0.4424826236611721,0.08642863750569943,-2.210944335518652,0.026834476901570908,0.0,0.0,none
lunarlander,ppo,19,130,0.028453031554818153,0.9048635164896647,0.21019984781742096,-0.08026809319853782,0,left_thruster,0.5255544846926717,0.4085740284991186,0.06587148680820971,-0.5528866606543715,0.016908240635083296,0.0,0.0,none
lunarlander,ppo,19,131,0.033164977406462036,0.898154099782308,0.22371135652065277,-0.07425901442766189,1,main_engine,0.5043253985436477,0.4231681082028342,0.07250649325351818,0.6797791682436922,0.011197956682944597,0.0,0.0,none
lunarlander,ppo,19,132,0.03789544105529785,0.891619602839152,0.21788451075553894,-0.07939371652901173,1,main_engine,0.52792531244758,0.40665131327792187,0.06542337427449818,1.8990103749165756,0.015429530396650673,0.0,0.0,none
lunarlander,ppo,19,133,0.042505819971362754,0.8852809270222982,0.21138262748718262,-0.09098515808582305,0,left_thruster,0.5683513208799557,0.3777526833566637,0.05389599576338057,-0.32181121749373465,0.017899889756654134,0.0,0.0,none
lunarlander,ppo,19,134,0.047053974121809006,0.8785514036814371,0.22438691556453705,-0.0817481480538845,1,main_engine,0.5394398628137703,0.39844434006421164,0.06211579712201811,0.20706403005360244,0.009004458493649926,0.0,0.0,none
lunarlander,ppo,19,135,0.0516401914258798,0.8718891938527426,0.22214831411838531,-0.08501165956258774,0,left_thruster,0.5547748345761343,0.3872584110258251,0.05796675439804065,-0.19876428056264445,0.018529303518866176,0.0,0.0,none
lunarlander,ppo,19,136,0.05616815760731697,0.8648381233215332,0.23507779836654663,-0.07471877597272396,2,right_thruster,0.5226415792849434,0.409644936271464,0.06771348444359258,-2.0644387063291,0.026449382259306892,0.0,0.0,none
lunarlander,ppo,19,137,0.06077400719126066,0.8573830922444662,0.24859653413295746,-0.09569548368453978,0,left_thruster,0.5725178505145996,0.37553257762103476,0.05194957186436562,-0.14444793745179596,0.01999393684752336,0.0,0.0,none
lunarlander,ppo,19,138,0.06531127418080966,0.8495360215504965,0.2616193890571594,-0.083529981225729,0,left_thruster,0.5358996195512722,0.40170344719144374,0.06239693325728398,0.13040500081294226,0.022741492808667753,0.0,0.0,none
lunarlander,ppo,19,139,0.069772241016229,0.84129532178243,0.27469462156295776,-0.0674550183233805,1,main_engine,0.4873251317830343,0.4340109949526575,0.07866387326430817,2.4696728201126645,0.019467663621882916,0.0,0.0,none
lunarlander,ppo,19,140,0.07432484378417334,0.8335703214009603,0.2575009763240814,-0.06573261667508631,0,left_thruster,0.5009237035161839,0.4233321041222639,0.07574419236155215,0.02217802153175171,0.020056395985721794,0.0,0.0,none
lunarlander,ppo,19,141,0.07882825409372649,0.8254543940226237,0.270490825176239,-0.053592852875590326,1,main_engine,0.46234482335742055,0.4473612720866504,0.09029390455592903,0.4213360178808489,0.012713298387206919,0.0,0.0,none
lunarlander,ppo,19,142,0.08348981539408366,0.8174769083658854,0.26586592197418213,-0.04618557300418616,1,main_engine,0.4504973997200329,0.45289482305934076,0.09660777722062631,3.282814610131877,0.016294270079787836,0.0,0.0,none
lunarlander,ppo,19,143,0.08809177204966545,0.8099046548207601,0.2523728609085083,-0.04840447176247835,1,main_engine,0.472319587699235,0.43832046930109275,0.08935994299967229,3.5704881077497705,0.01855964299521382,0.0,0.0,none
lunarlander,ppo,19,144,0.09262148290872574,0.802818218866984,0.23619391024112701,-0.05186366941779852,1,main_engine,0.4996460359858884,0.41976957987476793,0.08058438413934373,1.5401571984821305,0.014198518421908623,0.0,0.0,none
lunarlander,ppo,19,145,0.09722884744405746,0.7960683504740397,0.2249644249677658,-0.04891272811219096,1,main_engine,0.5054866981023737,0.4145710245895435,0.07994227730808279,3.583150528824582,0.022591749724250994,0.0,0.0,none
lunarlander,ppo,19,146,0.10179479916890463,0.78995148340861,0.20387853682041168,-0.051652892120182516,1,main_engine,0.5346182700963854,0.39388318413864143,0.07149854576497322,0.2982604698904106,0.008789192517047788,0.0,0.0,none
lunarlander,ppo,19,147,0.10643680890401205,0.7839258511861166,0.2008327841758728,-0.048472200706601146,1,main_engine,0.5336319268609562,0.39377643127447237,0.07259164186457161,0.668574660717037,0.012660117626780083,0.0,0.0,none
lunarlander,ppo,19,148,0.11118674029906592,0.7781752745310465,0.19165745377540588,-0.04394882693886757,0,left_thruster,0.5338799736690715,0.39235422096899136,0.07376580536193711,0.5221390329629377,0.023572111480425154,0.0,0.0,none
lunarlander,ppo,19,149,0.11586848646402359,0.7720340092976888,0.2046465128660202,-0.025857533514499667,1,main_engine,0.47867373525520085,0.426006369737038,0.09531989500776127,1.0515557577493768,0.010733513820165666,0.0,0.0,none
lunarlander,ppo,19,150,0.12060419966777167,0.766064723332723,0.19891181588172913,-0.0209318645298481,0,left_thruster,0.47482066266699535,0.42688608592241184,0.09829325141059288,0.6855592436952134,0.02563913626845057,0.0,0.0,none
lunarlander,ppo,19,151,0.12527068456013998,0.7596947352091471,0.21224340796470642,-0.0005044043064117432,1,main_engine,0.41130632040326787,0.45934267347572766,0.12935100612100456,3.2395001421423832,0.01824116504814334,0.0,0.0,none
lunarlander,ppo,19,152,0.1299082487821579,0.7538148562113444,0.19592460989952087,0.002713817730545992,0,left_thruster,0.42031141543071954,0.4523145982878326,0.12737398628144783,1.0129939847860419,0.029321720432564632,0.0,0.0,none
lunarlander,ppo,19,153,0.13446522255738577,0.7475377718607584,0.209147647023201,0.027708752825856206,0,left_thruster,0.34418848194616647,0.48166034407612546,0.174151173977708,0.9608136657802447,0.02854324188963534,0.0,0.0,none
lunarlander,ppo,19,154,0.13895607242981595,0.7408593495686849,0.22254052758216858,0.051595534756779665,1,main_engine,0.2751418370844276,0.49596270533645936,0.2288954575791131,1.039078888609622,0.014591131981423104,0.0,0.0,none
lunarlander,ppo,19,155,0.14350096384684247,0.7341554959615072,0.22341696918010712,0.06370071098208427,1,main_engine,0.24850118927466583,0.49553915936264964,0.2559596513626845,1.289829432620247,0.017917189639790353,0.0,0.0,none
lunarlander,ppo,19,156,0.14813375969727835,0.7276913324991862,0.2154613882303238,0.07764654224738478,1,main_engine,0.22423048805228812,0.49034166525212325,0.2854278466955885,-0.7029950792944715,0.018847650492526877,0.0,0.0,none
lunarlander,ppo,19,157,0.15287431577841443,0.7214450041453043,0.20824295282363892,0.09319127220660448,0,left_thruster,0.19742106375424004,0.4814413009061535,0.32113763533960654,-1.4161399028515325,0.02886588098295872,0.0,0.0,none
lunarlander,ppo,19,158,0.1575605074564616,0.714805523554484,0.22140930593013763,0.1175601691007614,1,main_engine,0.14631359872389196,0.45941163626630865,0.3942747650097994,-0.6073755317061273,0.02303573177691432,0.0,0.0,none
lunarlander,ppo,19,159,0.16236440589030585,0.7084841728210449,0.2108626663684845,0.13643810376524923,1,main_engine,0.12211700135489166,0.4361585572296747,0.44172444141543366,0.88599584898486,0.01808711618883799,0.0,0.0,none
lunarlander,ppo,19,160,0.16711513201395672,0.7024858792622884,0.20015569031238556,0.14884598478674888,1,main_engine,0.11002365711547643,0.41994191807314873,0.47003442481137486,2.460697907866704,0.023633526679096194,0.0,0.0,none
lunarlander,ppo,19,161,0.17174911995728812,0.697089672088623,0.1801397204399109,0.15920511782169341,1,main_engine,0.1046120017541106,0.4075142772520606,0.487873720993829,1.529408781989316,0.020724016290431007,0.0,0.0,none
lunarlander,ppo,19,162,0.17630053063233694,0.6921682357788086,0.16436542570590973,0.17085503637790678,2,right_thruster,0.09632215119781833,0.39233780688486897,0.5113400419173126,-2.634539760699929,0.014802224630758453,0.0,0.0,none
lunarlander,ppo,19,163,0.18091225375731787,0.686859925587972,0.17726558446884155,0.16905347853899,1,main_engine,0.0969148601125607,0.39497961065178694,0.5081055292356523,0.35580313712988526,0.018627457299361407,0.0,0.0,none
lunarlander,ppo,19,164,0.1855233560005824,0.6818786462148031,0.16641168296337128,0.18258490785956383,2,right_thruster,0.08544540163569787,0.3755790324234165,0.5389755659408857,-2.5508538656677864,0.015553910157076247,0.0,0.0,none
lunarlander,ppo,19,165,0.19019809861977896,0.676498810450236,0.17967548966407776,0.17868622839450837,1,main_engine,0.08844316644444165,0.3817667077249451,0.5297901258306132,1.1681414541365485,0.01082512093017023,0.0,0.0,none
lunarlander,ppo,19,166,0.19475221633911133,0.6712756156921387,0.17446283996105194,0.18516618013381958,1,main_engine,0.08421082174878836,0.37313985102136826,0.5426493272298435,2.5964689234512752,0.011966194656015098,0.0,0.0,none
lunarlander,ppo,19,167,0.19909175733725232,0.6663408279418945,0.16484622657299042,0.18790968433022498,1,main_engine,0.08556094227538208,0.3715307084048944,0.5429083493197235,1.978030339527511,0.01854740436114411,0.0,0.0,none
lunarlander,ppo,19,168,0.20333663870890936,0.6618689695994059,0.14943750202655792,0.19618983417749405,2,right_thruster,0.08202166031622843,0.36148990994355934,0.5564884297402122,-2.1306563892986503,0.014972587275563108,0.0,0.0,none
lunarlander,ppo,19,169,0.207630954682827,0.6570078134536743,0.16235996782779694,0.19230187088251113,1,main_engine,0.08486241313156961,0.36759444356080095,0.5475431433076294,-0.37660162768532246,0.010587949563288974,0.0,0.0,none
lunarlander,ppo,19,170,0.21191423137982687,0.6521265109380087,0.16305899620056152,0.2006350852549076,1,main_engine,0.0770316764283633,0.35469571130310296,0.5682726122685338,0.4383505308672341,0.009711804962618793,0.0,0.0,none
lunarlander,ppo,19,171,0.2161357303460439,0.6473167339960734,0.16068707406520844,0.20754436403512955,2,right_thruster,0.0719725705201667,0.34464549299456393,0.5833819364852695,-2.1554117797802834,0.0175612857706376,0.0,0.0,none
lunarlander,ppo,19,172,0.22042607267697653,0.6421287457148234,0.1731945425271988,0.19721771255135537,1,main_engine,0.08168955657345343,0.36192693299027456,0.556383510436272,0.6637906408251956,0.017681608733330433,0.0,0.0,none
lunarlander,ppo,19,173,0.22475687166055044,0.6373042265574137,0.1611340045928955,0.20840479917824267,2,right_thruster,0.07427913827372745,0.34624089095023464,0.579479970776038,-1.9334064410698193,0.016687125776994712,0.0,0.0,none
lunarlander,ppo,19,174,0.2291433761517207,0.6320886611938477,0.17407843470573425,0.20037620328366756,1,main_engine,0.08154082512724392,0.3594759270571445,0.5589832478156115,1.769066059138413,0.011444313884118151,0.0,0.0,none
lunarlander,ppo,19,175,0.23343371848265332,0.6271292765935262,0.16554082930088043,0.2042593825608492,1,main_engine,0.08121596669447796,0.3557425153684383,0.5630415179370837,2.00353078081582,0.015197065698426564,0.0,0.0,none
lunarlander,ppo,19,176,0.237641582886378,0.6225534677505493,0.15277153253555298,0.20966786816716193,1,main_engine,0.0802803922024611,0.35017549484011423,0.5695441129574247,2.5617078391071937,0.018829864527748704,0.0,0.0,none
lunarlander,ppo,19,177,0.24174079298973083,0.6184904972712199,0.1356906145811081,0.21509877853095533,1,main_engine,0.08046602107089129,0.34539570851058654,0.5741382704185222,1.6681386344465305,0.014869961730426137,0.0,0.0,none
lunarlander,ppo,19,178,0.24575956165790558,0.61480180422465,0.12324151396751404,0.22113025411963463,2,right_thruster,0.07873123217884527,0.33893578574028693,0.5823329820808678,-1.9176117662454988,0.01787680655034146,0.0,0.0,none
lunarlander,ppo,19,179,0.2498413622379303,0.610723614692688,0.1361011564731598,0.2101340238004923,1,main_engine,0.09005305903923844,0.35693687128549584,0.5530100696752657,1.1711646915789993,0.008388941410503612,0.0,0.0,none
lunarlander,ppo,19,180,0.2538460989793142,0.6068073511123657,0.1307147741317749,0.21329411659389735,2,right_thruster,0.08962626636186462,0.35408362224444284,0.5562901113936926,-1.8416457886970476,0.021690025721518486,0.0,0.0,none
lunarlander,ppo,19,181,0.25792782505353296,0.6025142669677734,0.14311537146568298,0.196513432986103,1,main_engine,0.11072067140778886,0.38064834993584296,0.5086309786563682,2.4346225167843034,0.022079788401039534,0.0,0.0,none
lunarlander,ppo,19,182,0.26196797688802087,0.5988409916559855,0.1224985420703888,0.2022272428497672,0,left_thruster,0.11192707272140837,0.375785821889376,0.5122871053892156,-0.2648992051328958,0.025677349951413662,0.0,0.0,none
lunarlander,ppo,19,183,0.2659293760855993,0.5947465101877848,0.13670559227466583,0.22284346371889113,1,main_engine,0.08198529723694785,0.3419358683340283,0.5760788344290239,1.3117518443204812,0.00917520197734687,0.0,0.0,none
lunarlander,ppo,19,184,0.2698005735874176,0.5908416906992594,0.13039062917232513,0.22659470178186894,1,main_engine,0.0810768441771132,0.3381791445343209,0.5807440112885659,2.5828211080958807,0.007281723552394543,0.0,0.0,none
lunarlander,ppo,19,185,0.27343861758708954,0.5870608488718668,0.12620969116687775,0.22376395519822836,0,left_thruster,0.08727181942861895,0.34493586027002976,0.5677923203013513,-0.6824647350320003,0.026045371193584625,0.0,0.0,none
lunarlander,ppo,19,186,0.27700449029604596,0.5828546682993571,0.14054973423480988,0.24479529187083243,1,main_engine,0.06261095921521156,0.30822895228681035,0.6291600884979782,1.6080785961638548,0.007281911112671832,0.0,0.0,none
lunarlander,ppo,19,187,0.2804194390773773,0.5787775913874308,0.13623017072677612,0.24726170003414155,2,right_thruster,0.06241279386250804,0.30602596257338843,0.6315612435641036,-2.0350804911216422,0.017906332054656905,0.0,0.0,none
lunarlander,ppo,19,188,0.2838976432879766,0.5743242502212524,0.1486341655254364,0.23564931489527224,1,main_engine,0.07214984897493303,0.32477658588166314,0.6030735651434038,3.5654863781937456,0.01766306347761861,0.0,0.0,none
lunarlander,ppo,19,189,0.2871917188167572,0.5703746875127157,0.13183557987213135,0.23747725151479243,2,right_thruster,0.07567378289927132,0.32566033665918187,0.5986658804415468,-1.8293910930261494,0.01837563931522303,0.0,0.0,none
lunarlander,ppo,19,190,0.2905440330505371,0.5660402377446493,0.1445302963256836,0.22537424243055285,1,main_engine,0.0876612597984673,0.3448503901669857,0.567488350034547,1.1745726078999563,0.008853811725099662,0.0,0.0,none
lunarlander,ppo,19,191,0.29385288556416833,0.5618909994761149,0.1383839100599289,0.2289023063145578,2,right_thruster,0.08658069417021008,0.34098799939016905,0.5724313064396209,-1.7880954649860792,0.02108409988264448,0.0,0.0,none
lunarlander,ppo,19,192,0.29722993572553,0.5573550462722778,0.15112081170082092,0.21308044595643877,0,left_thruster,0.10522848863655165,0.36557521012487326,0.5291963012385751,-0.6672820708379482,0.019769048577776414,0.0,0.0,none
lunarlander,ppo,19,193,0.30055277049541473,0.5524026950200399,0.1651262789964676,0.22569373869337142,2,right_thruster,0.08568467709639009,0.3439108005337085,0.5704045223699014,-1.724552288185289,0.02064946879259869,0.0,0.0,none
lunarlander,ppo,19,194,0.3039387861887614,0.5470617214838663,0.1779334396123886,0.21078112330287696,1,main_engine,0.10273694858617902,0.3669952304612514,0.5302678209525696,1.525392288562475,0.006785297682090061,0.0,0.0,none
lunarlander,ppo,19,195,0.3072274476289749,0.5417810678482056,0.17592160403728485,0.20896668527275325,0,left_thruster,0.10762295086689978,0.37063712120063513,0.521739927932465,-0.7022230364598864,0.021752098786583966,0.0,0.0,none
lunarlander,ppo,19,196,0.3104504694541296,0.5360809564590454,0.19005568325519562,0.2241489929612726,2,right_thruster,0.08445513793578971,0.34450427704914455,0.5710405850150656,-1.6497457493227057,0.020089201024320876,0.0,0.0,none
lunarlander,ppo,19,197,0.31373118360837304,0.5300033489863077,0.20250391960144043,0.20997447315603496,2,right_thruster,0.10023745171170331,0.3663123338565536,0.5334502144317431,-1.592790252377605,0.024812281353440147,0.0,0.0,none
lunarlander,ppo,19,198,0.31708789368470514,0.523544430732727,0.21504226326942444,0.18983858190476893,2,right_thruster,0.12798255638497547,0.3955572239911968,0.4764602196238278,-1.1980415738183945,0.023281626894483026,0.0,0.0,none
lunarlander,ppo,19,199,0.320501650373141,0.5167047580083212,0.22760912775993347,0.17179216369986533,0,left_thruster,0.15707596597379608,0.41800757971739616,0.4249164543088077,-0.37958384042664195,0.01943734733020586,0.0,0.0,none
lunarlander,ppo,19,200,0.3238503138224284,0.5094496806462606,0.24160520732402802,0.18265819028019906,2,right_thruster,0.13290780234169228,0.403134896500425,0.46395730115788264,-0.6103171379345963,0.020002626799434518,1.0,1.0,lunarlander_engine_fault
lunarlander,ppo,19,201,0.3271365165710449,0.5017860333124796,0.25535473227500916,0.1945546193048358,1,main_engine,0.1101930518181908,0.3841129112138209,0.5056940369679883,0.17520540587154756,0.009586546770770633,1.0,0.0,lunarlander_engine_fault
lunarlander,ppo,19,202,0.330491786201795,0.4941351016362508,0.2549879252910614,0.19924212843179703,2,right_thruster,0.10490975161199892,0.3766921123195202,0.5183981360684808,-1.0401945519180185,0.020346182415069428,1.0,0.0,lunarlander_engine_fault
lunarlander,ppo,19,203,0.3337980806827545,0.48606598377227783,0.2690333425998688,0.21110177198424934,2,right_thruster,0.08617967868317312,0.35511883236982156,0.5587014889470053,-1.1341451950393195,0.026685919506636194,1.0,0.0,lunarlander_engine_fault
lunarlander,ppo,19,204,0.3370274603366852,0.47756969928741455,0.28344032168388367,0.23164347372949123,0,left_thruster,0.06196376975491506,0.3170648961715884,0.6209713340734966,-1.8594903708122104,0.02045413323338563,1.0,0.0,lunarlander_engine_fault
lunarlander,ppo,19,205,0.34032218158245087,0.4686906735102336,0.2960594594478607,0.21862669065594673,2,right_thruster,0.07255109345037208,0.33717719993581546,0.5902717066138125,-1.6320549172562369,0.022196190498398154,1.0,0.0,lunarlander_engine_fault
lunarlander,ppo,19,206,0.34368370970090234,0.45942890644073486,0.308671772480011,0.20324747636914253,1,main_engine,0.08752541767138494,0.360991474361,0.551483107967615,-1.1498651887178313,0.016823320137846397,1.0,0.0,lunarlander_engine_fault
lunarlander,ppo,19,207,0.34704526265462243,0.4497671127319336,0.32200512290000916,0.2024757438339293,1,main_engine,0.08567999183334425,0.35963564253916525,0.5546843656274906,-1.1410715096934518,0.01705616073879058,1.0,0.0,lunarlander_engine_fault
lunarlander,ppo,19,208,0.3504068156083425,0.43970537185668945,0.3353384733200073,0.20170391611754895,2,right_thruster,0.08383932834561908,0.35814368793637613,0.5580169837180048,-0.968090061297612,0.025992751914894176,1.0,0.0,lunarlander_engine_fault
lunarlander,ppo,19,209,0.3536903113126755,0.42922250429789227,0.34954842925071716,0.22049296740442514,1,main_engine,0.06180600136540752,0.3222409598534988,0.6159530387810936,-1.3784742986627134,0.017601199156726116,1.0,0.0,lunarlander_engine_fault
lunarlander,ppo,19,210,0.3569737325112025,0.41833945115407306,0.3628818690776825,0.22216625567525625,2,right_thruster,0.05825412733996055,0.3160031169172988,0.6257427557427406,-1.525245770902253,0.020472657931640024,1.0,0.0,lunarlander_engine_fault
lunarlander,ppo,19,211,0.3603074451287588,0.4070660670598348,0.37579014897346497,0.21147498801583425,1,main_engine,0.06578027305805888,0.3315185028347912,0.6027012241071499,5.382724552019169,0.021100640603363835,1.0,0.0,lunarlander_engine_fault
lunarlander,ppo,19,212,0.36336844166119897,0.39631009101867676,0.3584998548030853,0.20686824936419726,2,right_thruster,0.07493151828964029,0.3413977222917468,0.5836707594186129,-1.3333983508815062,0.024094110888914128,1.0,0.0,lunarlander_engine_fault
lunarlander,ppo,19,213,0.36649465560913086,0.38517757256825763,0.370906800031662,0.1897542869672179,2,right_thruster,0.09225482501090529,0.36730207004280496,0.5404431049462898,-1.1534511398780183,0.024869289777979135,1.0,0.0,lunarlander_engine_fault
lunarlander,ppo,19,214,0.3696816662947337,0.37365953127543133,0.3836289942264557,0.17203974388539792,0,left_thruster,0.11357334533133151,0.3925542420287926,0.4938724126398759,-0.9242426480584243,0.0242760506999092,1.0,0.0,lunarlander_engine_fault
lunarlander,ppo,19,215,0.37291710575421655,0.36175374190012616,0.3964576721191406,0.15553108640015126,0,left_thruster,0.13642339429846823,0.41351605232152594,0.4500605533800059,-0.595753701712622,0.020567091023911913,1.0,0.0,lunarlander_engine_fault
lunarlander,ppo,19,216,0.3760959208011627,0.34943358103434247,0.41039979457855225,0.16370000466704368,2,right_thruster,0.11848761829628952,0.39904621687910036,0.4824661648246102,-0.940861834065313,0.027612988075221435,1.0,0.0,lunarlander_engine_fault
lunarlander,ppo,19,217,0.379340797662735,0.33673322200775146,0.42294636368751526,0.1428857699036598,2,right_thruster,0.14989048526581158,0.4245723936474416,0.4255371210867468,-0.7192027707561601,0.02811319083960238,1.0,0.0,lunarlander_engine_fault
lunarlander,ppo,19,218,0.3826448072989782,0.3236520290374756,0.435538649559021,0.12167841866612435,1,main_engine,0.1876383068491448,0.44456413658574634,0.3677975565651088,-0.45052750630514765,0.020895194059474955,1.0,0.0,lunarlander_engine_fault
lunarlander,ppo,19,219,0.3859487424294154,0.3101714650789897,0.44887465238571167,0.11354708597064019,1,main_engine,0.19974245375133906,0.44946589066914866,0.3507916555795122,-0.46542229099650856,0.021155122100510633,1.0,0.0,lunarlander_engine_fault
lunarlander,ppo,19,220,0.389252578218778,0.296291450659434,0.4622107148170471,0.10541575774550438,1,main_engine,0.21223277445540495,0.45358768796875465,0.3341795375758404,3.1799611154263996,0.018354580040276767,1.0,0.0,lunarlander_engine_fault
lunarlander,ppo,19,221,0.39242371916770935,0.28256016969680786,0.45725759863853455,0.09475025087594986,1,main_engine,0.24240515727784057,0.45557899059326123,0.3020158521288983,-0.5191386079781841,0.021423227482272805,1.0,0.0,lunarlander_engine_fault
lunarlander,ppo,19,222,0.39559458692868554,0.2684295177459717,0.4705938994884491,0.08630229085683823,2,right_thruster,0.2569154042681415,0.45742812999395943,0.2856564657378989,-0.5399045172987315,0.022204218348591452,1.0,0.0,lunarlander_engine_fault
lunarlander,ppo,19,223,0.3986973067124685,0.2538800835609436,0.484679639339447,0.09486420303583146,1,main_engine,0.22789557636472854,0.45425917715404246,0.31784524648122886,-0.7945304449566924,0.02123415221381772,1.0,0.0,lunarlander_engine_fault
lunarlander,ppo,19,224,0.4017998278141022,0.23893094062805176,0.4980145990848541,0.08854237124323845,2,right_thruster,0.23643948952309227,0.4560031873004626,0.3075573231764452,-0.8869282561855084,0.029097784210819513,1.0,0.0,lunarlander_engine_fault
lunarlander,ppo,19,225,0.40496135751406354,0.22359871864318848,0.5107219219207764,0.06756303161382676,2,right_thruster,0.2838668961937819,0.4588289709233042,0.25730413288291387,-0.7763695358760424,0.03319122938603869,1.0,0.0,lunarlander_engine_fault
lunarlander,ppo,19,226,0.40819565455118817,0.2078851858774821,0.5233633518218994,0.04140053614974022,0,left_thruster,0.34986208556763837,0.4504274341105729,0.1997104803217887,-0.45994739366559206,0.02160945783277537,1.0,0.0,lunarlander_engine_fault
lunarlander,ppo,19,227,0.4113701234261195,0.19177051385243735,0.5368354320526123,0.045364349335432055,1,main_engine,0.33000940204332324,0.4543479026692328,0.2156426952874439,-0.790323096682813,0.02312480468102005,1.0,0.0,lunarlander_engine_fault
lunarlander,ppo,19,228,0.41454459230105084,0.17525655031204224,0.5501717925071716,0.036755642294883734,2,right_thruster,0.34629926267169764,0.4513073482847406,0.2023933890435618,-1.0015826410401973,0.03421154047634761,1.0,0.0,lunarlander_engine_fault
lunarlander,ppo,19,229,0.4177928964296977,0.15834961334864298,0.5632262825965881,0.010229922831058502,1,main_engine,0.41581366814536835,0.4310778237553311,0.15310850809930057,-0.740581924334457,0.02460955376794445,1.0,0.0,lunarlander_engine_fault
lunarlander,ppo,19,230,0.42104115088780725,0.14104371269543967,0.5765644907951355,-0.0006179794669151223,2,right_thruster,0.4391947301403069,0.42196223072846484,0.13884303913122828,-0.9440914105268655,0.03242614183159682,1.0,0.0,lunarlander_engine_fault
lunarlander,ppo,19,231,0.4243417580922445,0.12334327896436055,0.5897206664085388,-0.024158802628517148,0,left_thruster,0.4997413711316556,0.39392405780555934,0.10633457106278497,-0.8871756253749686,0.03382959098606381,1.0,0.0,lunarlander_engine_fault
lunarlander,ppo,19,232,0.4276948173840841,0.10525136192639668,0.6027974486351013,-0.04935559853911399,1,main_engine,0.5626624793391058,0.3587846669273251,0.07855285373356904,-0.7731781236326788,0.02698025408272136,1.0,0.0,lunarlander_engine_fault
lunarlander,ppo,19,233,0.43104777733484906,0.08676114678382874,0.6161390542984009,-0.06338432878255844,0,left_thruster,0.5922478551201094,0.3403669174653333,0.06738522741455734,-0.8266709207788153,0.02334647749348148,1.0,0.0,lunarlander_engine_fault
lunarlander,ppo,19,234,0.43433999021848047,0.06787405411402385,0.6294487118721008,-0.06279264353215694,1,main_engine,0.5825668449627258,0.3463385117036631,0.07109464333361114,4.414362443000871,0.02856269680990497,1.0,0.0,lunarlander_engine_fault
lunarlander,ppo,19,235,0.43759862581888836,0.049509053428967796,0.6120948195457458,-0.07570690363645553,1,main_engine,0.6305738211714825,0.31280805838228626,0.056618120446231254,-1.775726156375432,0.02629999438928564,1.0,0.0,lunarlander_engine_fault
lunarlander,ppo,19,236,0.4408571620782217,0.03074541687965393,0.6254344582557678,-0.08799720993265508,0,left_thruster,0.6529745558199396,0.2974061283876686,0.04961931579239189,-4.599973550239659,0.03711940627725087,1.0,0.0,lunarlander_engine_fault
lunarlander,ppo,19,237,0.4441831012566885,0.011575323839982351,0.639043927192688,-0.11652926802635193,0,left_thruster,0.7094603233319816,0.2563239797083295,0.03421569695968909,-5.027394305792705,0.040427498535672686,1.0,0.0,lunarlander_engine_fault
lunarlander,ppo,19,238,0.4475842912991842,-0.007999508952101072,0.6526262760162354,-0.1490124985575676,0,left_thruster,0.7649079725921615,0.2129006786055308,0.02219134880230775,-5.417147228695308,0.04155541739587195,1.0,0.0,lunarlander_engine_fault
lunarlander,ppo,19,239,0.45105566581090295,-0.02798206110795339,0.6663464903831482,-0.18258712589740753,0,left_thruster,0.8117904850763548,0.17399358777438861,0.01421592714925655,-5.625967298778728,0.04073485962951289,1.0,0.0,lunarlander_engine_fault
lunarlander,ppo,19,240,0.4545844594637553,-0.0483588178952535,0.679643988609314,-0.2150654375553131,0,left_thruster,0.8481689501951292,0.14250559272867364,0.009325457076197249,-5.156575311850063,0.026276410173913883,1.0,0.0,lunarlander_engine_fault
lunarlander,ppo,19,241,0.4580627381801605,-0.06913375357786815,0.693011462688446,-0.22331552803516386,0,left_thruster,0.8536266444826275,0.13766255259430935,0.008710802923063093,5.137977063780373,0.15163373907750316,1.0,0.0,lunarlander_engine_fault
lunarlander,ppo,19,242,0.46146462361017865,-0.0903036097685496,0.7062129974365234,-0.07378702014684677,1,main_engine,0.5685969701613867,0.35050749809490467,0.08089553174370881,-99.80277440761841,1.3467279282489564,1.0,0.0,lunarlander_engine_fault
lunarlander,ppo,19,243,-0.005553483885402481,0.9409332275390625,-0.01064620353281498,0.0612450921908021,2,right_thruster,0.264364584262454,0.48637336731960695,0.24926204841793917,0.2509897113250315,0.014995212099784211,1.0,0.0,lunarlander_engine_fault
lunarlander,ppo,19,244,-0.011056899869193634,0.9408655961354574,0.0022754021920263767,0.055991871282458305,1,main_engine,0.262561549219668,0.4895280841727796,0.24791036660755236,-0.6185680431021945,0.015627842465202116,1.0,0.0,lunarlander_engine_fault
lunarlander,ppo,19,245,-0.01656055450439453,0.9403985341389974,0.015604929998517036,0.06199560239911079,2,right_thruster,0.23304456059678524,0.491601907870806,0.2753535315324088,0.29996797204070047,0.016171521629844532,1.0,0.0,lunarlander_engine_fault
lunarlander,ppo,19,246,-0.022009055440624557,0.9395319620768229,0.02891651540994644,0.05465511903166771,2,right_thruster,0.2360781946598631,0.4950987620149723,0.26882304332516455,0.5360515149696369,0.01779428477264243,1.0,0.0,lunarlander_engine_fault
lunarlander,ppo,19,247,-0.027395645156502724,0.9382704099019369,0.04207200929522514,0.04402672834694385,1,main_engine,0.24711200613660167,0.49873448113788027,0.25415351272551795,-0.415614824600882,0.01468877044390699,1.0,0.0,lunarlander_engine_fault
lunarlander,ppo,19,248,-0.03278231558700403,0.9366089502970377,0.055406440049409866,0.04651193805038929,0,left_thruster,0.22682155976245674,0.5004211017715507,0.27275733846599265,-1.7003783449610206,0.023788592894275436,1.0,0.0,lunarlander_engine_fault
lunarlander,ppo,19,249,-0.03823741339147091,0.934552272160848,0.06860551238059998,0.06542472802102565,2,right_thruster,0.1735027200885902,0.4899371260758752,0.3365601538355345,0.2073746021616762,0.01650947954896916,1.0,0.0,lunarlander_engine_fault
lunarlander,ppo,19,250,-0.043639978393912315,0.9321049849192301,0.0816107839345932,0.05716343857347965,1,main_engine,0.17798131779144624,0.4948846267269399,0.32713405548161384,-0.5950655778491251,0.014958998025564966,1.0,0.0,lunarlander_engine_fault
lunarlander,ppo,19,251,-0.04904254339635372,0.9292577902475992,0.09494539350271225,0.060107174888253206,0,left_thruster,0.16069047402575945,0.49030237155075723,0.3490071544234834,0.6094600078671544,0.020636199705205926,1.0,0.0,lunarlander_engine_fault
lunarlander,ppo,19,252,-0.054372387627760574,0.9260168075561523,0.10804232954978943,0.04543026117607951,1,main_engine,0.1771941285042515,0.5006931865687795,0.3221126849269691,-0.46176674863432027,0.014833113556126654,1.0,0.0,lunarlander_engine_fault
lunarlander,ppo,19,253,-0.059702315678199135,0.922375758488973,0.12137659639120102,0.04617404490709305,1,main_engine,0.1640749697062527,0.49805246186917435,0.3378725684245731,-0.49591244148929264,0.01493580245266888,1.0,0.0,lunarlander_engine_fault
lunarlander,ppo,19,254,-0.0650322437286377,0.9183348019917806,0.1347108781337738,0.04690729989670217,1,main_engine,0.15166426786495155,0.4944476041950612,0.35388812793998725,-0.5263642874170398,0.015049138018369773,1.0,0.0,lunarlander_engine_fault
lunarlander,ppo,19,255,-0.07036217177907626,0.9138937791188558,0.14804516732692719,0.047643825272098185,1,main_engine,0.1399343385552491,0.48989830108619303,0.37016736035855796,-0.552885697255698,0.015172047584705542,1.0,0.0,lunarlander_engine_fault
lunarlander,ppo,19,256,-0.07569209982951483,0.9090526898701986,0.16137950122356415,0.048380228225141764,2,right_thruster,0.12888525025495598,0.48444525536567046,0.3866694943793736,0.5295542611541827,0.022024214692151833,1.0,0.0,lunarlander_engine_fault
lunarlander,ppo,19,257,-0.08095288028319678,0.9038147926330566,0.17457722127437592,0.03238726602867246,1,main_engine,0.14495701939001052,0.4988133926170234,0.3562295879929661,2.0445608563040074,0.015999357820525518,1.0,0.0,lunarlander_engine_fault
lunarlander,ppo,19,258,-0.08618990580240886,0.8990058898925781,0.1602809727191925,0.03340939423069358,2,right_thruster,0.14454788902991336,0.4945589011008024,0.36089320986928425,0.6208970808848187,0.022745365077126878,1.0,0.0,lunarlander_engine_fault
lunarlander,ppo,19,259,-0.09136096884806952,0.8937983512878418,0.17354178428649902,0.01644931882619858,1,main_engine,0.16378225660640452,0.507896020800121,0.3283217225934745,-0.25644300885229315,0.015656515220258804,1.0,0.0,lunarlander_engine_fault
lunarlander,ppo,19,260,-0.09653194497028987,0.8881911436716715,0.18687386810779572,0.01341579966247082,1,main_engine,0.1581109229775537,0.5077386543542375,0.3341504226682089,-0.27257498227475024,0.015807813848009087,1.0,0.0,lunarlander_engine_fault
lunarlander,ppo,19,261,-0.10170292730132739,0.8821838696797689,0.20020808279514313,0.010372890159487724,2,right_thruster,0.15257216941864848,0.5073331178967253,0.34009471268462627,-1.064024525843472,0.01793376457877529,1.0,0.0,lunarlander_engine_fault
lunarlander,ppo,19,262,-0.10692358016967773,0.8757816950480143,0.213388130068779,0.019298315048217773,1,main_engine,0.12780725560161454,0.4929103430636301,0.3792824013347554,-0.4301320303582997,0.015929023117275252,1.0,0.0,lunarlander_engine_fault
lunarlander,ppo,19,263,-0.11214422682921092,0.8689795335133871,0.22672250866889954,0.01774796936661005,2,right_thruster,0.12082259718788152,0.48935694547639963,0.3898204573357189,-1.6583646296612915,0.02391705636252813,1.0,0.0,lunarlander_engine_fault
lunarlander,ppo,19,264,-0.11744515349467596,0.8617808024088541,0.23996831476688385,0.03554270602762699,0,left_thruster,0.08937159667589975,0.4553986848738958,0.45522971845020455,-1.57435252091483,0.022165241460701313,1.0,0.0,lunarlander_engine_fault
lunarlander,ppo,19,265,-0.12280424435933432,0.8541775544484457,0.25346678495407104,0.05046115089207888,1,main_engine,0.06751407282556508,0.4202113396549495,0.5122745875194854,-0.8227899756880084,0.01665690712072609,1.0,0.0,lunarlander_engine_fault
lunarlander,ppo,19,266,-0.12816342214743298,0.8461745580037435,0.26680147647857666,0.05308218467980623,2,right_thruster,0.05984804350672912,0.405765206011399,0.534386750481872,-2.0439285089286363,0.027961806538918495,1.0,0.0,lunarlander_engine_fault
lunarlander,ppo,19,267,-0.13360468049844107,0.8377699851989746,0.2802134156227112,0.07548170201480389,2,right_thruster,0.04008833331377363,0.35244750016406434,0.607464166522162,-0.0585442089065998,0.019399960610879244,1.0,0.0,lunarlander_engine_fault
lunarlander,ppo,19,268,-0.13896680126587552,0.8289619286855062,0.2936454117298126,0.06601567044854165,1,main_engine,0.041943907146248356,0.3605222096642096,0.5975338831895419,-0.8728942429384438,0.01726280829369548,1.0,0.0,lunarlander_engine_fault
lunarlander,ppo,19,269,-0.14433407535155615,0.8197466532389323,0.30722007155418396,0.06608069483190775,1,main_engine,0.038308685906158615,0.34996355427055303,0.6117277598232883,-0.8131546793256189,0.01753036327476133,1.0,0.0,lunarlander_engine_fault
lunarlander,ppo,19,270,-0.14970136185487112,0.8101314703623453,0.320553719997406,0.06895609907805919,2,right_thruster,0.03361409398059947,0.33397876437017154,0.6324071416492291,0.12401304024989486,0.021760958132154045,1.0,0.0,lunarlander_engine_fault
lunarlander,ppo,19,271,-0.1550019532442093,0.8001263936360677,0.33351799845695496,0.05564186032861471,1,main_engine,0.037197477491771117,0.3491820690173534,0.6136204534908756,-0.5930388699614924,0.017744475434837252,1.0,0.0,lunarlander_engine_fault
lunarlander,ppo,19,272,-0.16030248254537582,0.7897211710611979,0.34685128927230835,0.056493621319532394,1,main_engine,0.03358942301594158,0.3368699904259393,0.6295405865581191,3.28405400260036,0.01842871967207999,1.0,0.0,lunarlander_engine_fault
lunarlander,ppo,19,273,-0.16556310156981152,0.7797351678212484,0.33288857340812683,0.06064884709194303,2,right_thruster,0.03156914019674656,0.3244997920332679,0.6439310677699854,-1.440018267152525,0.023150324400010903,1.0,0.0,lunarlander_engine_fault
lunarlander,ppo,19,274,-0.17087996006011963,0.7693478266398112,0.3462976813316345,0.07548014856874943,0,left_thruster,0.023264740158147286,0.28693432455391227,0.6898009352879404,-1.9308672451650386,0.028931562250717205,1.0,0.0,lunarlander_engine_fault
lunarlander,ppo,19,275,-0.1762773965795835,0.7585527102152506,0.3599431812763214,0.09795610830187798,2,right_thruster,0.015302793402108633,0.23949036295730125,0.7452068436405901,-1.8739672689818325,0.027310207866083375,1.0,0.0,lunarlander_engine_fault
lunarlander,ppo,19,276,-0.181735431154569,0.7473498185475668,0.3735857307910919,0.11806663721799851,2,right_thruster,0.010439061378035599,0.2014110335239218,0.7881499050980425,-1.9022893379556285,0.02726330881615832,1.0,0.0,lunarlander_engine_fault
lunarlander,ppo,19,277,-0.18724533418814343,0.7357406616210938,0.3871857821941376,0.13789578378200532,1,main_engine,0.0071941381601163,0.16909274242203734,0.8237131194178463,-1.2937420989838244,0.020738433352429617,1.0,0.0,lunarlander_engine_fault
lunarlander,ppo,19,278,-0.1927552620569865,0.7237321535746256,0.400522381067276,0.1467079445719719,1,main_engine,0.005823635376126047,0.15296959598529325,0.8412067686385808,0.1280899658398505,0.014827284618453895,1.0,0.0,lunarlander_engine_fault
lunarlander,ppo,19,279,-0.1984344298640887,0.7119082609812418,0.39437660574913025,0.1498734511435032,2,right_thruster,0.005392213594781075,0.14593418017383686,0.8486736062313821,-0.1601611068505167,0.021721968131536925,1.0,0.0,lunarlander_engine_fault
lunarlander,ppo,19,280,-0.2040344476699829,0.6996954282124838,0.4072786271572113,0.13869900442659855,2,right_thruster,0.005761137637521169,0.15132791198951745,0.8429109503729614,-1.771843159658565,0.027695966294049287,1.0,0.0,lunarlander_engine_fault
lunarlander,ppo,19,281,-0.20969144999980927,0.6870714823404948,0.42105212807655334,0.15834567174315453,2,right_thruster,0.004040359908909308,0.12712661669054767,0.868833023400543,-0.3240348930522078,0.020478642796560517,1.0,0.0,lunarlander_engine_fault
lunarlander,ppo,19,282,-0.21528859933217367,0.6740589141845703,0.4339594841003418,0.15112625621259212,2,right_thruster,0.004085394861240504,0.1282126433953043,0.8677019617434552,0.016137637651080467,0.022551691070824876,1.0,0.0,lunarlander_engine_fault
lunarlander,ppo,19,283,-0.2208154896895091,0.660662571589152,0.4466744661331177,0.13942585065960883,2,right_thruster,0.004388412413036612,0.13327468271416174,0.8623369048728017,0.24572195264513422,0.02506685010858415,1.0,0.0,lunarlander_engine_fault
lunarlander,ppo,19,284,-0.22626439730326336,0.6468696594238281,0.45980775356292725,0.12406587945297361,2,right_thruster,0.004950175479641123,0.14196598431085514,0.8530838402095037,0.2169036642923072,0.023349194933345592,1.0,0.0,lunarlander_engine_fault
lunarlander,ppo,19,285,-0.23165933787822723,0.6326843500137329,0.47282299399375916,0.11200519814155996,2,right_thruster,0.005346372713454719,0.14787574660003885,0.8467778806865064,0.7120767255809164,0.028190537614599494,1.0,0.0,lunarlander_engine_fault
lunarlander,ppo,19,286,-0.23697587351004284,0.6181146701176962,0.4855409264564514,0.09219561759382486,2,right_thruster,0.006433650077246481,0.16239967193965954,0.831166677983094,-0.8070469467399357,0.024510789880163263,1.0,0.0,lunarlander_engine_fault
lunarlander,ppo,19,287,-0.2423565338055293,0.6031367381413778,0.49922752380371094,0.1048512851819396,1,main_engine,0.0049467627208614326,0.1428178561857454,0.8522353810933931,1.837680163878241,0.017389143416530112,1.0,0.0,lunarlander_engine_fault
lunarlander,ppo,19,288,-0.24787028630574545,0.5883287588755289,0.49354663491249084,0.10033109784126282,2,right_thruster,0.005069364986031559,0.14313326450579728,0.8517973705081712,0.39683792523326245,0.024888022074108593,1.0,0.0,lunarlander_engine_fault
lunarlander,ppo,19,289,-0.253333846728007,0.5731212695439657,0.5068084597587585,0.08682482447475195,2,right_thruster,0.005575069454274477,0.15036886085480733,0.8440560696909182,-0.9783437644540743,0.02716166545361096,1.0,0.0,lunarlander_engine_fault
lunarlander,ppo,19,290,-0.25887735188007355,0.5575031439463297,0.5205867886543274,0.10335532436147332,2,right_thruster,0.004080830803352845,0.12878538216832566,0.8671337870283214,0.49295469964015065,0.026008801283619043,1.0,0.0,lunarlander_engine_fault
lunarlander,ppo,19,291,-0.2643619477748871,0.541496475537618,0.5334740877151489,0.08838598765432834,2,right_thruster,0.004569213974566417,0.1365151126411652,0.8589156733842683,-0.9315534196838314,0.027224818515791976,1.0,0.0,lunarlander_engine_fault
lunarlander,ppo,19,292,-0.26992077628771466,0.5250779390335083,0.5472814440727234,0.10419986568158493,2,right_thruster,0.0033972520045719204,0.11758551554490711,0.879017232450521,0.36858368656315404,0.025267848131946307,1.0,0.0,lunarlander_engine_fault
lunarlander,ppo,19,293,-0.2754286179939906,0.5082697868347168,0.5602129697799683,0.09161457698792219,2,right_thruster,0.0036760303566042256,0.12250624223069088,0.8738177274127048,0.748916330503431,0.0292739367147079,1.0,0.0,lunarlander_engine_fault
lunarlander,ppo,19,294,-0.28086476027965546,0.4910740852355957,0.5730637311935425,0.07246836312115193,2,right_thruster,0.00434210308445021,0.1333785909943617,0.8622793059211882,-0.6661379440647807,0.026353308638695633,1.0,0.0,lunarlander_engine_fault
lunarlander,ppo,19,295,-0.2863684544960658,0.4734648863474528,0.5869137644767761,0.0852080224081874,2,right_thruster,0.003365834469691195,0.1172297820565543,0.8794043834737545,-0.9549055405494369,0.028915946240128332,1.0,0.0,lunarlander_engine_fault
lunarlander,ppo,19,296,-0.29194876551628113,0.45544270674387616,0.6007606983184814,0.10219200137071312,2,right_thruster,0.002493767245071027,0.10044446761697738,0.8970617651379517,-1.1182956368093755,0.030304383219789344,1.0,0.0,lunarlander_engine_fault
lunarlander,ppo,19,297,-0.2976059913635254,0.4370186726252238,0.6142297983169556,0.12130978759378194,2,right_thruster,0.0018255013248978803,0.08529839456031331,0.9128761041147889,-1.2391067787325414,0.029853246520676748,1.0,0.0,lunarlander_engine_fault
lunarlander,ppo,19,298,-0.30332379043102264,0.41818392276763916,0.6279924511909485,0.13904011994600296,2,right_thruster,0.0013775070215517801,0.07346633321028921,0.9251561597681589,-1.4250468860031538,0.03108782434413209,1.0,0.0,lunarlander_engine_fault
lunarlander,ppo,19,299,-0.30910099546114606,0.39893821875254315,0.6417669057846069,0.15835187807679177,2,right_thruster,0.001036877765212804,0.06308393974896268,0.9358791824858246,-0.30734181742239347,0.02561742805551663,1.0,0.0,lunarlander_engine_fault
lunarlander,ppo,19,300,-0.314817875623703,0.37929415702819824,0.6549867391586304,0.15041987039148808,1,main_engine,0.0010513846429645044,0.06350165653451925,0.9354469588225162,-0.8423634294154158,0.11764082363023784,1.0,1.0,lunarlander_engine_fault|lunarlander_navigation_noise
lunarlander,ppo,19,301,-0.3592828978196838,0.28062393312540784,0.6089654090985155,0.1475131058700941,2,right_thruster,0.0008922625396708721,0.05448605221899711,0.944621685241332,-0.07497527242874412,0.20339421475203537,1.0,0.0,lunarlander_navigation_noise
lunarlander,ppo,19,302,-0.4591855051654612,0.44396405304141107,0.6744285765795358,0.16808625753166723,2,right_thruster,0.0004940113437511942,0.044803777945793766,0.9547022107104549,0.006792019557710777,0.15237232635423298,1.0,0.0,lunarlander_navigation_noise
lunarlander,ppo,19,303,-0.33444258584908215,0.3567302599645871,0.6758030135362131,0.16138504961740158,2,right_thruster,0.0008110110024433357,0.05543850655979826,0.9437504824377583,0.05319016291496155,0.04693116061054975,1.0,0.0,lunarlander_navigation_noise
lunarlander,ppo,19,304,-0.30264213657150874,0.3245364804812398,0.6830893621082103,0.1714714240434605,2,right_thruster,0.0008090694324670922,0.054459186761280684,0.9447317438062522,0.09417234997248215,0.07371982385897878,1.0,0.0,lunarlander_navigation_noise
lunarlander,ppo,19,305,-0.3369678182732493,0.29343394252806687,0.7385426045770918,0.15684507665019354,2,right_thruster,0.0007138868966234172,0.05198152189273932,0.9473045912106371,0.13968937871335924,0.14635466740982805,1.0,0.0,lunarlander_navigation_noise
lunarlander,ppo,19,306,-0.41027945124137766,0.30554161727430873,0.7501957934418926,0.031295482681482016,2,right_thruster,0.0019170835855846587,0.09057750256059506,0.9075054138538203,0.46063223454520535,0.1280592845501816,1.0,0.0,lunarlander_navigation_noise
lunarlander,ppo,19,307,-0.2879540014453386,0.2779199722943426,0.7478106706024835,0.005468740545804984,2,right_thruster,0.005068375534759456,0.14441632097453408,0.8505153034907065,0.3085214093996023,0.1698048560712366,1.0,0.0,lunarlander_navigation_noise
lunarlander,ppo,19,308,-0.38164565766110664,0.17263622005753865,0.8405148559383626,-0.01394332366874907,2,right_thruster,0.0027614399836430065,0.10772721304029029,0.8895113469760666,0.33953634639805724,0.1596116281690596,1.0,0.0,lunarlander_navigation_noise
lunarlander,ppo,19,309,-0.3315539902105738,0.0650547999657287,0.7787334145879418,0.07309682944748452,2,right_thruster,0.001344258591105891,0.06688202137035079,0.9317737200385433,0.26381734930638684,0.0860611064953274,1.0,0.0,lunarlander_navigation_noise
lunarlander,ppo,19,310,-0.37952370422480863,0.07194793698424545,0.7640701884081289,0.003505917335081425,2,right_thruster,0.0024403140923105987,0.0917076324129246,0.9058520534947648,0.24185120535457594,0.07806637890048673,1.0,0.0,lunarlander_navigation_noise
lunarlander,ppo,19,311,-0.3905965893566943,0.12052336892717613,0.7967558548259404,-0.046930432174688695,2,right_thruster,0.004178231007189911,0.12665653904502372,0.8691652299477864,0.16438043786443812,0.07372995870173035,1.0,0.0,lunarlander_navigation_noise
lunarlander,ppo,19,312,-0.43398296692794003,0.12905225106115276,0.8531516576577607,-0.02959547777892095,2,right_thruster,0.0023662884346227647,0.09877334904068852,0.8988603625246887,0.006760010841887834,0.14532302899842534,1.0,0.0,lunarlander_navigation_noise
lunarlander,ppo,19,313,-0.43210540092681604,0.08816083095236016,0.904554774683041,-0.15921364326802265,2,right_thruster,0.01072432551248947,0.2129402970311292,0.7763353774563813,0.16006768023253243,0.09441099184565171,1.0,0.0,lunarlander_navigation_noise
lunarlander,ppo,19,314,-0.3600562025763409,0.03925036332662094,0.8858464613085144,-0.127906877774832,2,right_thruster,0.010802887218565068,0.20390151072018287,0.7852956020612522,-3.3137370113980227,0.06986294272074238,1.0,0.0,lunarlander_navigation_noise
lunarlander,ppo,19,315,-0.3347697015317805,0.08869273800726987,0.849083121916445,-0.14900977078046082,2,right_thruster,0.019693056403527108,0.2685243489076615,0.7117825946888113,-5.120968138740003,0.14660417292865768,1.0,0.0,lunarlander_navigation_noise
lunarlander,ppo,19,316,-0.40924682759591174,0.061254256166331726,0.8596917032406999,-0.2718125758374889,1,main_engine,0.06219411417018125,0.4245335674152262,0.5132723184145925,-1.9697445180117927,0.0470006885327444,1.0,0.0,lunarlander_navigation_noise
lunarlander,ppo,19,317,-0.4271913223240779,0.05731150875171908,0.8870343087328113,-0.23828801022911464,0,left_thruster,0.03302701172436243,0.3410290408997262,0.6259439473759114,-6.200690779795623,0.17518407638254693,1.0,0.0,lunarlander_navigation_noise
lunarlander,ppo,19,318,-0.4403222036331272,-0.1171760944440435,0.8820219922739789,-0.24506986755349983,2,right_thruster,0.028598840957907764,0.2951041290596138,0.6762970299824784,3.9323486124443994,0.13607135963309294,1.0,0.0,lunarlander_navigation_noise
lunarlander,ppo,19,319,-0.48626614809518504,-0.06908854880066159,0.9338726018258332,-0.1382818948095495,1,main_engine,0.004744318292463324,0.13508432486452582,0.8601713568430108,2.094246034108427,0.16058201414856793,1.0,0.0,lunarlander_navigation_noise
lunarlander,ppo,19,320,-0.42172462085234885,-0.0709030434080198,0.863367228927491,-0.009259902378186538,2,right_thruster,0.001652095847869581,0.07430919555575466,0.9240387085963757,-100.1405339409411,1.602342933994055,1.0,0.0,lunarlander_navigation_noise
lunarlander,ppo,19,321,-0.021286806165340996,0.9523696970892026,-0.2993931438951493,-0.0990020253641533,0,left_thruster,0.8240217019655509,0.16153560331313238,0.014442694721316698,1.449928217408692,0.05751171076829674,1.0,0.0,lunarlander_navigation_noise
lunarlander,ppo,19,322,-0.002446462805197511,0.9365325084165607,-0.2538326556317754,-0.07398076037378515,1,main_engine,0.780533867021806,0.19782202053584616,0.021644112442347836,-2.7713125216938055,0.09249422762326154,1.0,0.0,lunarlander_navigation_noise
lunarlander,ppo,19,323,0.05669670185083494,0.963141212550779,-0.29453360308838905,-0.12587178039194202,0,left_thruster,0.8887033674526329,0.10532459613624041,0.005972036411126519,1.5074577699034408,0.05590610632956236,1.0,0.0,lunarlander_navigation_noise
lunarlander,ppo,19,324,0.06838037749606514,0.9387218849332595,-0.3176705517616588,-0.08277465179677787,0,left_thruster,0.8609416762091341,0.12929217924155254,0.009766144549313464,1.7742580778000545,0.24122734335031956,1.0,0.0,lunarlander_navigation_noise
lunarlander,ppo,19,325,0.02670190691995428,1.0,-0.11732475021107945,0.02929714967536948,2,right_thruster,0.48715609215458655,0.4058945175320078,0.10694939031340572,0.4870642328738585,0.07604535883565122,1.0,0.0,lunarlander_navigation_noise
lunarlander,ppo,19,326,-0.00513277265835884,0.9499083520218049,-0.16396727445287154,0.03850320810292203,0,left_thruster,0.44658653633292,0.4152739336964226,0.1381395299706574,2.0270816803548692,0.042986307781140445,1.0,0.0,lunarlander_navigation_noise
lunarlander,ppo,19,327,0.01698510400956522,0.9562822831680377,-0.19743142650707307,0.05257963227221301,0,left_thruster,0.4639924434685866,0.40280860426347964,0.13319895226793377,2.1403004317931162,0.1671333324508128,1.0,0.0,lunarlander_navigation_noise
lunarlander,ppo,19,328,0.011586918123024322,1.0,-0.1771155027478636,-0.10735921504781305,1,main_engine,0.8089539151154489,0.17693016595369349,0.014115918930857577,-0.566077469285384,0.1988908189377985,1.0,0.0,lunarlander_navigation_noise
lunarlander,ppo,19,329,-0.026760944523775275,0.9341742369118221,-0.1696357776798771,0.07621099472200973,2,right_thruster,0.30839084194525207,0.45040541963670333,0.24120373841804463,0.6428345665976508,0.13813161413880398,1.0,0.0,lunarlander_navigation_noise
lunarlander,ppo,19,330,-0.02817224324685498,1.0,-0.05319093342056991,0.0417738313691661,0,left_thruster,0.3272225663017184,0.4794708345026853,0.1933065991955963,1.8311603682418773,0.10036135040508273,1.0,0.0,lunarlander_navigation_noise
lunarlander,ppo,19,331,0.05682212885467481,1.0,-0.07568124880059512,-0.0066259938402857925,1,main_engine,0.5925333280475699,0.34635201386902476,0.061114658083405354,-0.9732248325961587,0.11628199530539292,1.0,0.0,lunarlander_navigation_noise
lunarlander,ppo,19,332,0.05392580540832492,0.9714365857381465,-0.18371729454779445,0.02539677817764458,0,left_thruster,0.5824590577243564,0.3424508367593606,0.07509010551628308,1.6736131381805397,0.07554080526607675,1.0,0.0,lunarlander_navigation_noise
lunarlander,ppo,19,333,0.007975554978500745,1.0,-0.21313649448068672,0.06914183260323684,0,left_thruster,0.4218756381609114,0.4219630412592514,0.1561613205798371,1.2263392517377019,0.11062704520574068,1.0,0.0,lunarlander_navigation_noise
lunarlander,ppo,19,334,0.053436446294938905,0.9959547103809216,-0.13987123928292408,-4.984684142241014e-05,0,left_thruster,0.6181309573726348,0.3244061358996316,0.05746290672773374,1.1952230586189942,0.11373224428956377,1.0,0.0,lunarlander_navigation_noise
lunarlander,ppo,19,335,0.021053125562349385,1.0,-0.12443908895370145,0.10780110724608347,2,right_thruster,0.2631115227891853,0.4685907789868025,0.2682976982240122,-0.03855174443272745,0.03423120580235987,1.0,0.0,lunarlander_navigation_noise
lunarlander,ppo,19,336,-0.009715782906802098,1.0,-0.11111597646491884,0.100905862804315,1,main_engine,0.23578759285333947,0.4718337533449922,0.2923786538016683,-3.1733449349897977,0.1086260150662007,1.0,0.0,lunarlander_navigation_noise
lunarlander,ppo,19,337,0.016417082179509684,1.0,-0.19469059021620008,0.1651862520989299,2,right_thruster,0.16796844783963055,0.4285991342646283,0.40343241789574125,-0.09764233342088914,0.13861587567581993,1.0,0.0,lunarlander_navigation_noise
lunarlander,ppo,19,338,0.07671520361911871,1.0,-0.15087719310448153,0.048315024785448746,0,left_thruster,0.5270772241394217,0.3790349299086551,0.09388784595192323,1.2370239183017553,0.16159928346185093,1.0,0.0,lunarlander_navigation_noise
lunarlander,ppo,19,339,-0.05996549439322451,0.9907955088763184,-0.0762168350586744,0.09043180868294293,2,right_thruster,0.18497521952080911,0.47010015943756206,0.3449246210416288,-0.5843296215600048,0.12674804985238516,1.0,0.0,lunarlander_navigation_noise
lunarlander,ppo,19,340,0.015096061173006554,0.9371740915324955,-0.047423812700240764,0.1724472735835739,2,right_thruster,0.0892079847008272,0.3862911293559184,0.5245008859432545,-0.5850103289097148,0.0877859446753108,1.0,0.0,lunarlander_navigation_noise
lunarlander,ppo,19,341,0.06617417399753042,0.9654205606303669,-0.012100251954480265,0.1172043417952853,1,main_engine,0.21521927237175587,0.4806696495852141,0.30411107804303006,-2.6901850849812807,0.06745855270065156,1.0,0.0,lunarlander_navigation_noise
lunarlander,ppo,19,342,0.0018893074590715098,0.9711129639599027,0.0074863802170887506,0.1186440122814235,2,right_thruster,0.14312000171665368,0.4612786434877981,0.39560135479554814,-0.9623294326962104,0.0965108703097182,1.0,0.0,lunarlander_navigation_noise
lunarlander,ppo,19,343,-0.012836033339834449,0.9807710211097987,-0.08184742801142911,0.15063940360228495,0,left_thruster,0.11748633883608536,0.4201852361690584,0.4623284249948562,0.8334677569367568,0.06677499353588098,1.0,0.0,lunarlander_navigation_noise
lunarlander,ppo,19,344,0.03510698005579822,0.9653525492236038,-0.08015081179690857,0.1944544631866148,2,right_thruster,0.08630472834354734,0.37742866063677866,0.536266611019674,-1.0390688390486162,0.081779129590848,1.0,0.0,lunarlander_navigation_noise
lunarlander,ppo,19,345,0.06439457717927688,1.0,-0.024283301875458522,0.155615846047955,2,right_thruster,0.14706694589049554,0.4560011676863502,0.39693188642315425,-1.1141086043228428,0.07353442480076261,1.0,0.0,lunarlander_navigation_noise
lunarlander,ppo,19,346,0.06405543143752748,0.9753562228255147,0.018068628874268845,0.10078706875637683,0,left_thruster,0.2344559598040595,0.49220147139635473,0.27334256879958574,0.31389819133215946,0.12237269800049637,1.0,0.0,lunarlander_navigation_noise
lunarlander,ppo,19,347,0.10175258208974433,1.0,-0.0952233377564086,0.11135194415330145,1,main_engine,0.33480137649271086,0.46242385122326135,0.2027747722840277,0.3148426536670297,0.17054793208798236,1.0,0.0,lunarlander_navigation_noise
lunarlander,ppo,19,348,0.002922350647545695,1.0,0.0437625592613205,0.11280208992035351,2,right_thruster,0.14209102391960435,0.47480058910304784,0.38310838697734784,-1.6745239943671641,0.08675568750505126,1.0,0.0,lunarlander_navigation_noise
lunarlander,ppo,19,349,0.04999632536244009,1.0,0.03393985892006686,0.040593331607933214,1,main_engine,0.3671818498055086,0.4787743999727314,0.15404375022175995,0.5396397487737329,0.09554813507128668,1.0,0.0,lunarlander_navigation_noise
lunarlander,ppo,19,350,0.10632762978306065,1.0,0.03310821986628604,0.1177654679937846,1,main_engine,0.2357481153522615,0.4965410163061142,0.2677108683416245,0.06347487755815794,0.09960787964697737,1.0,0.0,lunarlander_navigation_noise
lunarlander,ppo,19,351,0.05151960335274344,0.9866854428747328,0.010107258333487605,0.03895247246826797,0,left_thruster,0.39008494969905383,0.46507416901609133,0.14484088128485487,0.4205045206598356,0.13748590024856078,1.0,0.0,lunarlander_navigation_noise
lunarlander,ppo,19,352,0.13895539356656395,1.0,0.10089688091404196,0.09221899438476323,2,right_thruster,0.29273849521290096,0.5055428020426915,0.20171870274440748,-1.7733721260729556,0.13856339979248639,1.0,0.0,lunarlander_navigation_noise
lunarlander,ppo,19,353,0.13658391876932519,0.9006551768137878,0.026728845471727568,0.15405668915151788,2,right_thruster,0.1757720940748164,0.4612515530452074,0.36297635287997615,-1.738890934196072,0.13911107682909657,1.0,0.0,lunarlander_navigation_noise
lunarlander,ppo,19,354,0.07181041688154596,0.9497937300889343,0.09892673204963655,0.06728599763961597,1,main_engine,0.26952352774257765,0.505404818649951,0.22507165360747125,2.274144169401168,0.09180614491178778,1.0,0.0,lunarlander_navigation_noise
lunarlander,ppo,19,355,0.09884160900501023,1.0,0.027628752714239133,0.0769613012656012,1,main_engine,0.33504238538185355,0.48515897499745914,0.17979863962068746,-1.3766019973637278,0.2346521181549685,1.0,0.0,lunarlander_navigation_noise
lunarlander,ppo,19,356,-0.0454516831483268,0.897281386579576,0.16951967763496253,0.01732142973411526,1,main_engine,0.2073749195892278,0.5179687685858473,0.2746563118249249,1.9015898188936624,0.1968910762265136,1.0,0.0,lunarlander_navigation_noise
lunarlander,ppo,19,357,0.08121347181060797,1.0,0.13263845299887414,0.12129592729573714,0,left_thruster,0.15208144881876456,0.4973179427779893,0.35060060840324603,0.3147454125167178,0.20659412779350128,1.0,0.0,lunarlander_navigation_noise
lunarlander,ppo,19,358,0.10217143515383766,1.0,-0.018655087103654024,-0.01781612155160779,0,left_thruster,0.6330774399665579,0.32083290802793885,0.04608965200550328,-0.4406034227912608,0.21792182238409874,1.0,0.0,lunarlander_navigation_noise
lunarlander,ppo,19,359,0.06736813863559514,0.9961586360489658,0.14577897297716763,0.12083933283444366,2,right_thruster,0.13600634842879852,0.49052482701611033,0.3734688245550911,-1.7954167160692807,0.06248028702872832,1.0,0.0,lunarlander_navigation_noise
lunarlander,ppo,19,360,0.0707412978947608,0.960086010344543,0.1090124679230216,0.08563425018013578,2,right_thruster,0.2200585776324149,0.50826999161357,0.271671430754015,-1.8894334986481216,0.10533664004193678,1.0,0.0,lunarlander_navigation_noise
lunarlander,ppo,19,361,0.16663520147789407,1.0,0.12624327774634325,0.08881852616219077,1,main_engine,0.3179743900289776,0.5031767611294398,0.1788488488415826,1.0978096164457634,0.09468140546269148,1.0,0.0,lunarlander_navigation_noise
lunarlander,ppo,19,362,0.1215543547388947,1.0,0.04522285146264884,0.06963581721653156,1,main_engine,0.37177807820345943,0.47539871142663404,0.1528232103699065,3.6015538971514376,0.12022034910697538,1.0,0.0,lunarlander_navigation_noise
lunarlander,ppo,19,363,0.07638019824606235,0.9829028436493902,0.1537158144127342,0.05094913319827029,1,main_engine,0.2845315910993036,0.5183643380509193,0.19710407084977702,3.1141586876725627,0.1411179219374532,1.0,0.0,lunarlander_navigation_noise
lunarlander,ppo,19,364,0.1118527407771657,1.0,0.03739985720685962,0.12047791833312042,1,main_engine,0.23285282295462098,0.49686746055424946,0.27027971649112964,1.7531100428149748,0.07727940226897957,1.0,0.0,lunarlander_navigation_noise
lunarlander,ppo,19,365,0.08256574123773197,1.0,0.011790779237190963,0.05370552284987147,1,main_engine,0.39046816781600985,0.4651094666630184,0.14442236552097182,3.182984528151717,0.11796067780441129,1.0,0.0,lunarlander_navigation_noise
lunarlander,ppo,19,366,0.18564994153159206,0.9960687688366493,0.02187040194402556,0.11001995959108049,0,left_thruster,0.3605478364147586,0.4715582525330079,0.1678939110522334,0.3773434368012408,0.09172199213814614,1.0,0.0,lunarlander_navigation_noise
lunarlander,ppo,19,367,0.11249309435923156,1.0,-0.03306409756991904,0.10475253723448603,0,left_thruster,0.32106821648215744,0.4763988447430512,0.20253293877479134,0.05107664728890428,0.1191087696819946,1.0,0.0,lunarlander_navigation_noise
lunarlander,ppo,19,368,0.2068452143231549,1.0,0.039146962174829505,0.09637761490575886,2,right_thruster,0.4147665579018346,0.4532977043087902,0.13193573778937528,-1.8080382811213553,0.21753846550629835,1.0,0.0,lunarlander_navigation_noise
lunarlander,ppo,19,369,-0.006393302076910357,1.0,-0.001239245181520611,0.08150235511965895,0,left_thruster,0.21813846360476533,0.49453004825978636,0.2873314881354483,-0.5879060479356417,0.177593639703653,1.0,0.0,lunarlander_navigation_noise
lunarlander,ppo,19,370,0.16411442864147416,0.9949650952473174,0.04730002908662928,0.09073291393863184,1,main_engine,0.36664193373522314,0.4748089942825146,0.15854907198226237,1.206518778653991,0.1387504096764942,1.0,0.0,lunarlander_navigation_noise
lunarlander,ppo,19,371,0.034387230618676906,0.9892118229062831,0.034305211279400914,0.0436100442671469,0,left_thruster,0.3366587248674515,0.488079687045877,0.1752615880866714,-1.2354455255089285,0.20957954420627747,1.0,0.0,lunarlander_navigation_noise
lunarlander,ppo,19,372,0.23487250396706522,1.0,0.03934291537243512,-0.016285508928383916,1,main_engine,0.7285984066143032,0.2475050509229332,0.023896542462763543,3.098802304685248,0.24387821942208018,1.0,0.0,lunarlander_navigation_noise
lunarlander,ppo,19,373,0.13525673659384163,0.9504892153565311,0.11026276358280192,0.18882992718731817,1,main_engine,0.09204042844670607,0.42272296056186204,0.48523661099143184,0.2629677553949864,0.1890306697710241,1.0,0.0,lunarlander_navigation_noise
lunarlander,ppo,19,374,0.12225006899741214,0.9816202198180038,0.021638168885841982,0.025306343297601216,0,left_thruster,0.5137614873223152,0.40168441629195,0.0845540963857347,-1.5363914271547539,0.059840219616799244,1.0,0.0,lunarlander_navigation_noise
lunarlander,ppo,19,375,0.17256574274643038,1.0,0.04393151748535297,0.03994789880414849,0,left_thruster,0.5239610261892937,0.39731415802857906,0.07872481578212712,-1.8778398817312427,0.07694838324876885,1.0,0.0,lunarlander_navigation_noise
lunarlander,ppo,19,376,0.1059186058145208,1.0,0.07007581452818266,0.06815585079494338,0,left_thruster,0.336990418042539,0.4916117519453661,0.17139783001209494,-2.3549057875081245,0.1593148581058541,1.0,0.0,lunarlander_navigation_noise
lunarlander,ppo,19,377,0.12932351650088358,0.876870668563318,0.05302954391338439,0.16501671269041993,1,main_engine,0.1339359944164822,0.4391093956201485,0.42695460996336937,-0.14768254098588046,0.2242613383878868,1.0,0.0,lunarlander_navigation_noise
lunarlander,ppo,19,378,0.13281729157812508,0.9965005659961865,0.1779076670725302,0.022275396220077404,1,main_engine,0.41637197665829334,0.4735152565534556,0.11011276678825108,-0.22198210229003845,0.11147921008352585,1.0,0.0,lunarlander_navigation_noise
lunarlander,ppo,19,379,0.137087760809104,0.9666880163710798,0.08849428846322016,0.08165415491300465,1,main_engine,0.32180601895391636,0.49312290492949307,0.18507107611659052,1.1594466709595836,0.07642294539369884,1.0,0.0,lunarlander_navigation_noise
lunarlander,ppo,19,380,0.13488849139483475,1.0,0.11265110143076693,0.14601555585059497,1,main_engine,0.16180602574199832,0.49340610190063416,0.34478787235736763,-0.18443243781240992,0.09226716914053519,1.0,0.0,lunarlander_navigation_noise
lunarlander,ppo,19,381,0.09592629152314486,0.9956520204463243,0.03792178875970102,0.18332242363492532,1,main_engine,0.1026736571897592,0.4290354267677059,0.46829091604253476,2.7474602286801657,0.10677460034415888,1.0,0.0,lunarlander_navigation_noise
lunarlander,ppo,19,382,0.0007260972260686588,0.959691256275951,0.048498054845064614,0.1527822153771518,2,right_thruster,0.07961376509794753,0.4009366497546274,0.519449585147425,-2.8656245933413436,0.11147275082933855,1.0,0.0,lunarlander_navigation_noise
lunarlander,ppo,19,383,0.10312787420496469,0.9646425067355885,0.07334036968209263,0.11674897015210782,1,main_engine,0.205790541328609,0.4959701940818065,0.29823926458958455,3.273528461397556,0.05135141157389918,1.0,0.0,lunarlander_navigation_noise
lunarlander,ppo,19,384,0.060464437077339964,0.97009642497926,0.09402438893427814,0.135702194850184,1,main_engine,0.1246250951965329,0.4641995478109524,0.4111753569925148,1.9955899921489824,0.09961330744789265,1.0,0.0,lunarlander_navigation_noise
lunarlander,ppo,19,385,0.10536172653666473,1.0,0.010581541602485103,0.14278116723719356,0,left_thruster,0.191872910809532,0.482875483104832,0.325251606085636,-2.728330141352328,0.18775221165903896,1.0,0.0,lunarlander_navigation_noise
lunarlander,ppo,19,386,0.22812381806399565,0.948540479539611,0.14297454958033023,0.14487187507446425,0,left_thruster,0.23190400355421598,0.5040213377270703,0.26407465871871383,-3.153744456793776,0.13986800070791958,1.0,0.0,lunarlander_navigation_noise
lunarlander,ppo,19,387,0.13292298549811468,0.8985714580177226,0.09611595520882274,0.22107704630624667,2,right_thruster,0.05746265272844355,0.34965832344999553,0.5928790238215609,-2.920994037859192,0.11456402114756173,1.0,0.0,lunarlander_navigation_noise
lunarlander,ppo,19,388,0.14698322359132004,1.0,0.09330058358626811,0.16977841864197418,1,main_engine,0.13862284777866474,0.47346788005456014,0.38790927216677507,2.1648373753092076,0.0725077654487771,1.0,0.0,lunarlander_navigation_noise
lunarlander,ppo,19,389,0.11056053401925316,0.9726742105658076,0.039489077034530036,0.18676037168460607,2,right_thruster,0.10423013977765615,0.42596477374219227,0.4698050864801515,-2.934664382633189,0.05658131166623314,1.0,0.0,lunarlander_navigation_noise
lunarlander,ppo,19,390,0.06836250940308802,0.9560464367904514,0.05259001034461017,0.2179477767392967,1,main_engine,0.0487098259741923,0.33256489120327326,0.6187252828225344,-0.3239495220137667,0.11718236215472044,1.0,0.0,lunarlander_navigation_noise
lunarlander,ppo,19,391,0.12090512463451437,0.9295334598432734,0.0999800620370594,0.1283809042987133,2,right_thruster,0.1796338758465496,0.4872556367677355,0.33311048738571497,-2.7437672538691924,0.16142470340565823,1.0,0.0,lunarlander_navigation_noise
lunarlander,ppo,19,392,0.12465845403332863,0.9164610768989635,0.0838022674401062,0.28841602280138706,2,right_thruster,0.021657237379045402,0.23485993985474896,0.7434828227662057,-2.377123103970426,0.09299160593179065,1.0,0.0,lunarlander_navigation_noise
lunarlander,ppo,19,393,0.15632567363063116,0.9307217723479438,0.09005633895689968,0.20238030271069493,2,right_thruster,0.09147739581606706,0.4115718246404923,0.49695077954344075,-2.1305952983361043,0.12731461059313443,1.0,0.0,lunarlander_navigation_noise
lunarlander,ppo,19,394,0.061101662976319415,1.0,0.08227177410086495,0.15461707848136713,1,main_engine,0.10534360777116347,0.4470971626417201,0.4475592295871164,4.573884324627066,0.18886119071990223,1.0,0.0,lunarlander_navigation_noise
lunarlander,ppo,19,395,0.17720961850389969,0.8929948877179336,0.18181579842812018,0.12583539698806473,2,right_thruster,0.191271673761153,0.5004432501971636,0.3082850760416833,-1.9976710600654282,0.1453891429166397,1.0,0.0,lunarlander_navigation_noise
lunarlander,ppo,19,396,0.10050699267990254,0.93679935661582,0.06704238609569334,0.13860028617222148,1,main_engine,0.15849873531609132,0.4720634956876137,0.3694377689962951,4.818032425235848,0.10131113135300189,1.0,0.0,lunarlander_navigation_noise
lunarlander,ppo,19,397,0.048204004292494884,0.8611348164399844,0.06516373602797201,0.18102304864326174,2,right_thruster,0.061567411044706206,0.35140894834450537,0.5870236406107884,-1.8580321199319179,0.18616315400590763,1.0,0.0,lunarlander_navigation_noise
lunarlander,ppo,19,398,0.1753797863177082,0.8136204532893342,0.13758421157129566,0.07623421148886961,0,left_thruster,0.3261961430810708,0.4793567749346384,0.1944470819842907,-1.660143683282746,0.11862522753231183,1.0,0.0,lunarlander_navigation_noise
lunarlander,ppo,19,399,0.15427746172334472,0.8518754426658623,0.10867377203118563,0.1826643706412745,1,main_engine,0.10159683576649703,0.41530795713307306,0.48309520710042986,2.610684843599937,0.030699378058411168,1.0,0.0,lunarlander_navigation_noise
lunarlander,ppo,19,400,0.14569200826042691,0.8276523200020234,0.12543583119018029,0.1816566488680138,2,right_thruster,0.0901547952188131,0.4012057336811273,0.5086394711000597,-1.742635994903276,0.18324936199147626,1.0,0.0,lunarlander_navigation_noise
lunarlander,ppo,19,401,0.10574876704027478,0.8846980708333475,0.14368416217272037,0.0131406351495722,2,right_thruster,0.4173767593690589,0.4599984206235318,0.12262482000740921,-1.3892602687561033,0.07234887372446268,0.0,0.0,none
lunarlander,ppo,19,402,0.12212944527467093,0.9064846833546957,0.1489284783601761,0.07995286136865616,0,left_thruster,0.2577061427902527,0.5069517145245799,0.23534214268516743,-1.3129929218092002,0.015927146526013496,0.0,0.0,none
lunarlander,ppo,19,403,0.12260659287373225,0.9015916983286539,0.1628597527742386,0.08590471968054772,0,left_thruster,0.23464460734748965,0.5089315244522341,0.2564238682002763,-1.3715997687069523,0.01669266437979741,0.0,0.0,none
lunarlander,ppo,19,404,0.12302573770284653,0.8962976137797037,0.17630790174007416,0.09424674101173877,1,main_engine,0.207764642888452,0.5077750048532315,0.2844603522583165,4.628209914932414,0.020334602406809513,0.0,0.0,none
lunarlander,ppo,19,405,0.12322846800088882,0.891527016957601,0.15884219110012054,0.08499226570129395,1,main_engine,0.23839883876459128,0.5066785884929692,0.25492257274243957,4.10155322841634,0.017779398956058227,0.0,0.0,none
lunarlander,ppo,19,406,0.12329968313376109,0.8872352441151937,0.14287251234054565,0.07846141569316387,2,right_thruster,0.2637142207318434,0.502559663543745,0.23372611572441163,-1.2611474966938567,0.025729536620564156,0.0,0.0,none
lunarlander,ppo,19,407,0.12344026317199072,0.8825592994689941,0.1556124985218048,0.056602376699447635,1,main_engine,0.31086643851670515,0.49800035890987787,0.19113320257341704,4.385987565953822,0.01800341086784389,0.0,0.0,none
lunarlander,ppo,19,408,0.12359722206989925,0.8784040609995524,0.13829250633716583,0.05398512035608292,0,left_thruster,0.3299030283650665,0.48982655455681406,0.1802704170781193,-1.5124001590669343,0.0162411792458696,0.0,0.0,none
lunarlander,ppo,19,409,0.12369450181722641,0.8738484382629395,0.151703879237175,0.06193168051540852,1,main_engine,0.2985018524896586,0.49850683671156076,0.20299131079878066,4.792564929529694,0.02136105644254747,0.0,0.0,none
lunarlander,ppo,19,410,0.1238499457637469,0.8699220021565756,0.13076581060886383,0.06349723190069198,0,left_thruster,0.30862895474156565,0.49215887814695314,0.19921216711148118,-1.8727341798359998,0.01801278849378153,0.0,0.0,none
lunarlander,ppo,19,411,0.12394540011882782,0.8655853271484375,0.1444951444864273,0.07432082090526819,1,main_engine,0.2704644516824982,0.4993188635502099,0.2302166847672919,2.4420475124520116,0.01060867930719002,0.0,0.0,none
lunarlander,ppo,19,412,0.12399554252624512,0.8615383307139078,0.13484367728233337,0.07258514724671841,1,main_engine,0.2807836354229607,0.49589054420127254,0.22332582037576676,3.849279139934714,0.01878791901096427,0.0,0.0,none
lunarlander,ppo,19,413,0.12385996679464976,0.8579994042714437,0.11788631975650787,0.06531248986721039,0,left_thruster,0.31106081181733913,0.48767503253960176,0.20126415564305902,-2.076426809758468,0.017853865247204975,0.0,0.0,none
lunarlander,ppo,19,414,0.1236667608221372,0.8540623982747396,0.1312107890844345,0.07652327381074428,0,left_thruster,0.27155900044760567,0.4948442421086523,0.23359675744374203,-2.3079848612870792,0.02014996604031655,0.0,0.0,none
lunarlander,ppo,19,415,0.1234122117360433,0.8497143586476644,0.14496144652366638,0.09059346597641707,1,main_engine,0.22756708352974236,0.4961837229456996,0.276249193524558,1.267181676854882,0.008005924496350637,0.0,0.0,none
lunarlander,ppo,19,416,0.1230247070391973,0.8455483118693033,0.13888128101825714,0.08749180370941759,2,right_thruster,0.237496374447899,0.49513338902301396,0.26737023652908687,-1.6136439732798693,0.01996830919337776,0.0,0.0,none
lunarlander,ppo,19,417,0.1226987068851789,0.8409961859385172,0.1517021209001541,0.0728790931403637,1,main_engine,0.2640721507201798,0.49766322788873,0.2382646213910903,0.4830214950378707,0.004572891714370419,0.0,0.0,none
lunarlander,ppo,19,418,0.12238144874572754,0.8364400068918864,0.15183907747268677,0.07306119557470084,2,right_thruster,0.2624452551879959,0.49709828194288513,0.2404564628691191,-1.4110892814197769,0.02263958155322161,0.0,0.0,none
lunarlander,ppo,19,419,0.12213269869486491,0.8314977486928304,0.16465207934379578,0.05506425574421883,1,main_engine,0.2991024670590596,0.49529677421681345,0.20560075872412703,3.641166726078326,0.016775392638577896,0.0,0.0,none
lunarlander,ppo,19,420,0.12178373833497366,0.827013889948527,0.1493709683418274,0.04980358257889748,0,left_thruster,0.3229724190149795,0.48714459195661897,0.18988298902840148,-1.9715224174779962,0.018943508925126154,0.0,0.0,none
lunarlander,ppo,19,421,0.12136968473593394,0.8221234480539957,0.16297602653503418,0.062037594988942145,1,main_engine,0.2796437385280777,0.4962700193533196,0.2240862421186026,3.5900827685139545,0.01746608004520279,0.0,0.0,none
lunarlander,ppo,19,422,0.12085549533367157,0.8177279631296793,0.14646728336811066,0.05844028033316136,0,left_thruster,0.2991090716945664,0.48996570658217464,0.21092522172325887,-2.168358930337633,0.018932174326234872,0.0,0.0,none
lunarlander,ppo,19,423,0.12028432140747707,0.8129213651021322,0.16022126376628876,0.0705161084071733,1,main_engine,0.25725077395911017,0.4956094350998557,0.2471397909410341,3.6473396144840278,0.01936865964328698,0.0,0.0,none
lunarlander,ppo,19,424,0.11958964169025421,0.8086734612782797,0.14158271253108978,0.06747931446880102,2,right_thruster,0.27575087503954815,0.4903667253264315,0.23388239963402035,-1.4175590924279755,0.019179143183362134,0.0,0.0,none
lunarlander,ppo,19,425,0.11894774933656058,0.8040370146433512,0.15450000762939453,0.05409744773060084,1,main_engine,0.3004977413732462,0.48955777220718066,0.209944486419573,2.958255758952589,0.015086255638277805,0.0,0.0,none
lunarlander,ppo,19,426,0.11821333318948746,0.7998165289560953,0.14062905311584473,0.04999380744993687,0,left_thruster,0.31991134751940126,0.4828543583191862,0.19723429416141258,-2.274127067078581,0.021440156029838755,0.0,0.0,none
lunarlander,ppo,19,427,0.11740422497193019,0.7951870759328207,0.1543152779340744,0.06581408081692644,1,main_engine,0.26675981709276697,0.49166445088747596,0.241575732019757,1.1917228410360792,0.008109450359582462,0.0,0.0,none
lunarlander,ppo,19,428,0.11649743964274725,0.7907382647196451,0.14828425645828247,0.06285168579779565,0,left_thruster,0.27659988216135567,0.4892769067334415,0.2341232111052029,-2.319922089062703,0.021050691882155945,0.0,0.0,none
lunarlander,ppo,19,429,0.11552492777506511,0.7858872413635254,0.16173836588859558,0.07826727405190467,1,main_engine,0.22796346455143024,0.49037709487558706,0.28165944057298276,1.5527841876602133,0.00931580816561154,0.0,0.0,none
lunarlander,ppo,19,430,0.11459581553936005,0.7812256018320719,0.15543405711650848,0.08321154750883579,1,main_engine,0.21848669172723076,0.4867946091669424,0.294718699105827,-0.3990042486235245,0.00516211433381946,0.0,0.0,none
lunarlander,ppo,19,431,0.11359016100565593,0.7765107154846191,0.15720385313034058,0.08268833421170711,1,main_engine,0.21685545910067117,0.486207203254269,0.29693733764505986,0.7705365028733274,0.007456884298656536,0.0,0.0,none
lunarlander,ppo,19,432,0.11247071127096812,0.7719599405924479,0.15171962976455688,0.08080002870410681,1,main_engine,0.22253893102722214,0.4852417186503293,0.29221935032244856,0.0065375759435710385,0.0055590751617929516,0.0,0.0,none
lunarlander,ppo,19,433,0.11123713105916977,0.7674517631530762,0.15029335021972656,0.07814980996772647,1,main_engine,0.22755904706259764,0.4850104219549917,0.2874305309824107,3.0276243376837604,0.017069727801715836,0.0,0.0,none
lunarlander,ppo,19,434,0.10999179134766261,0.7634336153666178,0.13395990431308746,0.08077617045491933,1,main_engine,0.2292120614304206,0.4808987664891296,0.2898891720804497,-0.39128606979931874,0.0046200615518476465,0.0,0.0,none
lunarlander,ppo,19,435,0.10867993036905925,0.7593716780344645,0.13541893661022186,0.07977823289111256,0,left_thruster,0.2286024080022369,0.4805812438682663,0.2908163481294968,-2.409363480896087,0.021010570617569484,0.0,0.0,none
lunarlander,ppo,19,436,0.10730759551127753,0.7549048264821371,0.14895811676979065,0.09515024032443761,2,right_thruster,0.18444815961517214,0.4719921234638485,0.3435597169209794,-1.1217303941283843,0.02003731683649361,0.0,0.0,none
lunarlander,ppo,19,437,0.1060053457816442,0.7500515778859457,0.1617889702320099,0.0806033028755337,0,left_thruster,0.2069012063968666,0.48129502605708346,0.31180376754605,-2.458045971297513,0.024015287282989437,0.0,0.0,none
lunarlander,ppo,19,438,0.10462609430154166,0.744792620340983,0.1753702461719513,0.099648617208004,0,left_thruster,0.15856889630421198,0.46495177269201815,0.37647933100376973,-2.539451282072425,0.024554252859576606,0.0,0.0,none
lunarlander,ppo,19,439,0.10317627340555191,0.7391331990559896,0.18878692388534546,0.11936594620347023,2,right_thruster,0.11778297911413603,0.43690250406394626,0.4453145168219178,-1.4216714477015955,0.018413409163354242,0.0,0.0,none
lunarlander,ppo,19,440,0.10179304828246435,0.7330733935038248,0.20207269489765167,0.1082345774397254,1,main_engine,0.12838694694636926,0.4488987709460497,0.42271428210758105,3.3493056311384204,0.018781312983060197,0.0,0.0,none
lunarlander,ppo,19,441,0.10046982516845068,0.7274884382883707,0.1862751990556717,0.11661516204476356,1,main_engine,0.11963011338305837,0.43611276493021517,0.44425712168672643,2.927120758442218,0.019088222360689036,0.0,0.0,none
lunarlander,ppo,19,442,0.09905369952321053,0.7224483489990234,0.16811111569404602,0.1192643877118826,1,main_engine,0.12072186864779395,0.43168328240090775,0.44759484895129836,-0.517247507387009,0.005524139583649692,0.0,0.0,none
lunarlander,ppo,19,443,0.09749078502257666,0.7174266974131266,0.16748198866844177,0.11769574787467718,1,main_engine,0.1216749124060676,0.4316112267059909,0.4467138608879415,1.4761326809850004,0.011198936817211593,0.0,0.0,none
lunarlander,ppo,19,444,0.09588138510783514,0.7126893997192383,0.15800364315509796,0.12094305362552404,0,left_thruster,0.11849234116131338,0.425460569595912,0.4560470892427746,-2.5843319082680782,0.024086982047019652,0.0,0.0,none
lunarlander,ppo,19,445,0.09420474370320639,0.7075473467508951,0.1715717315673828,0.14009606502950192,0,left_thruster,0.08654325121449512,0.3902890511245119,0.523167697660993,-2.876596912200125,0.027751607373554855,0.0,0.0,none
lunarlander,ppo,19,446,0.09245300044616064,0.7019916375478109,0.18545934557914734,0.16340596377849578,1,main_engine,0.058519042200616676,0.3431262740747903,0.5983546837245931,2.010785295338077,0.021112459686661582,0.0,0.0,none
lunarlander,ppo,19,447,0.0905230020483335,0.697039524714152,0.16533468663692474,0.16693948060274125,2,right_thruster,0.058383070221559474,0.3375384628340913,0.6040784669443491,-1.3565723528315357,0.01660792675847995,0.0,0.0,none
lunarlander,ppo,19,448,0.08865563198924065,0.6916895707448324,0.1785304695367813,0.15859769023954867,0,left_thruster,0.061802417924408826,0.34700013685792813,0.591197445217663,-2.5259257481019084,0.023299538538546594,0.0,0.0,none
lunarlander,ppo,19,449,0.08673358087738356,0.685938278834025,0.19199100136756897,0.17662297636270524,1,main_engine,0.044556343246429965,0.3083570736763429,0.6470865830772271,0.61949477748812,0.011781274566173613,0.0,0.0,none
lunarlander,ppo,19,450,0.08481152976552646,0.6803239186604818,0.1874537616968155,0.18573322147130966,1,main_engine,0.0387516425800778,0.2898815823629799,0.6713667750569423,1.8565138185864178,0.02168194945259914,0.0,0.0,none
lunarlander,ppo,19,451,0.08268975963195166,0.6753315925598145,0.1667139083147049,0.1889797866344452,1,main_engine,0.03880046332328913,0.28524207226565157,0.6759574644110592,1.3164233167533006,0.019543295864272062,0.0,0.0,none
lunarlander,ppo,19,452,0.0804079386095206,0.6708903312683105,0.14834363758563995,0.19340042658150197,2,right_thruster,0.03785915577259658,0.2782324210155832,0.6839084232118202,-0.8744887014258007,0.018239864876557425,0.0,0.0,none
lunarlander,ppo,19,453,0.07819946855306625,0.6660601695378622,0.1612045019865036,0.18160707950592042,2,right_thruster,0.04227176615451205,0.29311661506416137,0.6646116187813265,-0.7105391002858232,0.020268420828374944,0.0,0.0,none
lunarlander,ppo,19,454,0.07606681436300278,0.6608407894770304,0.17406004667282104,0.16698676105588675,2,right_thruster,0.049164720578970075,0.31335058148683337,0.6374846979341965,-0.6890535436422306,0.020289202537740855,0.0,0.0,none
lunarlander,ppo,19,455,0.07399988050262134,0.6552300453186035,0.18700210750102997,0.15255062114447354,1,main_engine,0.05690124328809995,0.3335402399360572,0.6095585167758428,1.8431696377895128,0.011906285820461444,0.0,0.0,none
lunarlander,ppo,19,456,0.07187700519959132,0.6499310731887817,0.17662376165390015,0.15376052788924427,2,right_thruster,0.05671533975948942,0.33007206446309517,0.6132125957774154,-0.48921703817206663,0.021909528419701278,0.0,0.0,none
lunarlander,ppo,19,457,0.06982127825419109,0.644244114557902,0.18944719433784485,0.13705665115267038,2,right_thruster,0.06769391788692472,0.354406998332456,0.5778990837806193,-0.2875037746257476,0.02416198381559849,0.0,0.0,none
lunarlander,ppo,19,458,0.06783525149027507,0.6381729046503702,0.20214854180812836,0.11752018928527833,1,main_engine,0.08373167373632871,0.3833611116412934,0.5329072146223779,2.9998016100062626,0.015566371790800988,0.0,0.0,none
lunarlander,ppo,19,459,0.0657890612880389,0.6325261990229288,0.18801788985729218,0.11495807543396949,1,main_engine,0.08909463386675112,0.3867548891595964,0.5241504769736524,3.9021063848166113,0.018399862044778982,0.0,0.0,none
lunarlander,ppo,19,460,0.06377839793761572,0.6274029811223348,0.17060977220535278,0.11724329628050327,1,main_engine,0.08971433296039098,0.38254714622330377,0.5277385208163052,-0.18142332223359176,0.010213432834109271,0.0,0.0,none
lunarlander,ppo,19,461,0.06160123894611995,0.6222929159800211,0.1701471209526062,0.10868482813239097,2,right_thruster,0.0990630907909662,0.393738110283542,0.5071987989254918,-0.25286930912191563,0.02261732399026706,0.0,0.0,none
lunarlander,ppo,19,462,0.059479394306739174,0.616790771484375,0.1831480860710144,0.09114223904907703,1,main_engine,0.11780397872485124,0.4165051616902302,0.46569085958491857,1.7335360964778248,0.014109552393499605,0.0,0.0,none
lunarlander,ppo,19,463,0.057219664255778,0.6115817228953043,0.1733725368976593,0.08269963636994362,0,left_thruster,0.13292151582762615,0.42653835444891175,0.44054012972346207,-1.467178984656083,0.01704046838026326,0.0,0.0,none
lunarlander,ppo,19,464,0.05490191901723544,0.6059638261795044,0.1870887279510498,0.09078115597367287,1,main_engine,0.1124717427796552,0.41055894923150926,0.4769693079888356,1.253882077623059,0.006425245322729498,0.0,0.0,none
lunarlander,ppo,19,465,0.05259831746419271,0.6003891229629517,0.18566137552261353,0.08908924981951713,1,main_engine,0.11327976477823296,0.410184498738192,0.47653573648357506,1.620059714191899,0.006310408537111146,0.0,0.0,none
lunarlander,ppo,19,466,0.05037879881759485,0.5948533217112223,0.18440097570419312,0.09072059579193592,0,left_thruster,0.10918456948205194,0.40474676465642506,0.48606866586152314,-1.9129612678311025,0.02120238124844884,0.0,0.0,none
lunarlander,ppo,19,467,0.048084259033203125,0.5889102220535278,0.1980641633272171,0.10562941627576947,1,main_engine,0.08351666472520045,0.37477745561719517,0.5417058796576044,2.9334422307979175,0.017340114035429174,0.0,0.0,none
lunarlander,ppo,19,468,0.04574942712982496,0.583455483118693,0.1817968785762787,0.1065510369837284,0,left_thruster,0.08516212042903819,0.3724392112417628,0.5423986683291989,-2.1539690931954225,0.02288144624244442,0.0,0.0,none
lunarlander,ppo,19,469,0.04334139948089918,0.5775896310806274,0.19558244943618774,0.1236773851327598,2,right_thruster,0.06236161006081225,0.33621649596025116,0.6014218939789365,-0.35192108598963845,0.02335692259721582,0.0,0.0,none
lunarlander,ppo,19,470,0.04101451175908248,0.5713405609130859,0.20826438069343567,0.1052315409295261,1,main_engine,0.0760780943978006,0.3630546547604673,0.5608672508417321,2.0187930915697416,0.009780447513566342,0.0,0.0,none
lunarlander,ppo,19,471,0.038738170017798744,0.5652824640274048,0.20191994309425354,0.10890890350565315,2,right_thruster,0.07216267760358955,0.3540749664553683,0.5737623559410422,-0.5132153617042469,0.021450677601553,0.0,0.0,none
lunarlander,ppo,19,472,0.03652429518600305,0.5588302612304688,0.21498672664165497,0.0933249831199646,2,right_thruster,0.0842305421109904,0.3754759055540683,0.5402935523349414,-0.25325825777281125,0.023723523972872126,0.0,0.0,none
lunarlander,ppo,19,473,0.03437686090668043,0.5519946018854777,0.22769524157047272,0.07461772449314594,2,right_thruster,0.10226510562383886,0.40125943843821066,0.4964754559379505,-0.30837785554162794,0.022993180280547733,0.0,0.0,none
lunarlander,ppo,19,474,0.032282828663786255,0.5447598695755005,0.24095217883586884,0.05740686655044556,1,main_engine,0.12067073082160734,0.4227149309245294,0.4566143382538634,0.359853040608599,0.01363469741373372,0.0,0.0,none
lunarlander,ppo,19,475,0.030042569463451706,0.5374716917673746,0.2427246868610382,0.04624322503805161,1,main_engine,0.1356697684689767,0.4347472879450481,0.42958294358597526,2.4963660851054956,0.008153417361264488,0.0,0.0,none
lunarlander,ppo,19,476,0.027910390247901283,0.5302805105845133,0.23953108489513397,0.04610234871506691,2,right_thruster,0.1346440157526924,0.4319740715681715,0.4333819126791361,-0.11330549147079864,0.02422545144767777,0.0,0.0,none
lunarlander,ppo,19,477,0.025831699992219608,0.5226980447769165,0.25253865122795105,0.027238070964813232,0,left_thruster,0.1604355616864252,0.45119737105532115,0.3883670672582536,-1.1754286022808424,0.01811988138299741,0.0,0.0,none
lunarlander,ppo,19,478,0.023686885833740234,0.5147087971369425,0.2661685645580292,0.03584778979420662,2,right_thruster,0.13590376211835772,0.43713219361069766,0.42696404427094464,-0.13431082762643315,0.024903856102804576,0.0,0.0,none
lunarlander,ppo,19,479,0.021599212971826397,0.5063177347183228,0.2795323133468628,0.016694618761539465,1,main_engine,0.16204545324237193,0.4561541331428414,0.38180041361478667,2.315994001638981,0.009544770378425414,0.0,0.0,none
lunarlander,ppo,19,480,0.019568681406478088,0.4980003436406453,0.2771029770374298,0.013245138525962832,1,main_engine,0.1669801172357982,0.4567743482048369,0.376245534559365,4.158114493449609,0.015851441443240206,0.0,0.0,none
lunarlander,ppo,19,481,0.017586151758829754,0.4900827407836914,0.26380231976509094,0.010462719947099686,1,main_engine,0.17622122558848174,0.45659398048397504,0.3671847939275432,4.85890940483747,0.02251677499961472,0.0,0.0,none
lunarlander,ppo,19,482,0.01555673312395811,0.48277302583058673,0.24354787170886993,0.004200769960880285,2,right_thruster,0.19727208061604878,0.458550302266127,0.34417761711782424,0.06876379088680437,0.029714537363229602,0.0,0.0,none
lunarlander,ppo,19,483,0.013606787348786991,0.4750633239746094,0.2568660378456116,-0.021143625676631923,0,left_thruster,0.2462849918531616,0.4702528577182687,0.28346215042856976,-0.9778201448394179,0.0171062396833112,0.0,0.0,none
lunarlander,ppo,19,484,0.01159381897499164,0.46695319811503094,0.27025505900382996,-0.014545795321464536,2,right_thruster,0.21838542715577733,0.4680526329493523,0.3135619398948704,0.08093357559880018,0.027231761505707754,0.0,0.0,none
lunarlander,ppo,19,485,0.009645144455134869,0.45845357577006024,0.2832425832748413,-0.036835975572466845,2,right_thruster,0.2619047652840133,0.47448415666258537,0.2636110780534013,0.25887302137332535,0.029254331545966638,0.0,0.0,none
lunarlander,ppo,19,486,0.00776211420694987,0.449560284614563,0.2963770925998688,-0.06134442612528801,0,left_thruster,0.31505933798477176,0.4719600127944389,0.2129806492207893,-0.47620032676072815,0.016339557450220595,0.0,0.0,none
lunarlander,ppo,19,487,0.0058269500732421875,0.4402732054392497,0.3095422089099884,-0.05942970672622323,1,main_engine,0.2963883369316216,0.47585150140599264,0.22776016166238575,2.8931346149137838,0.02306156897332931,0.0,0.0,none
lunarlander,ppo,19,488,0.0037410257694621882,0.43141623338063556,0.29523515701293945,-0.07506131557747721,1,main_engine,0.3464974478284053,0.46313501585359385,0.1903675363180008,1.0205372764484615,0.015748576021331125,0.0,0.0,none
lunarlander,ppo,19,489,0.0016249815234914422,0.42274924119313556,0.2889355421066284,-0.08640759699046612,0,left_thruster,0.38008912988765103,0.4516909642844154,0.16821990582793359,-2.317959624334032,0.018332752002682806,0.0,0.0,none
lunarlander,ppo,19,490,-0.000569184630876407,0.4136898120244344,0.3020302355289459,-0.07759106829762458,1,main_engine,0.33994327058524276,0.4637584358387628,0.19629829357599446,1.1532812355317423,0.01025045806581269,0.0,0.0,none
lunarlander,ppo,19,491,-0.002667586086317897,0.4046976566314697,0.299805223941803,-0.08144581429660319,1,main_engine,0.3484050806769673,0.46031501293437843,0.1912799063886542,3.507129162703449,0.019495220521992457,0.0,0.0,none
lunarlander,ppo,19,492,-0.004715601680800319,0.3961966037750244,0.2834489643573761,-0.08745198845863342,2,right_thruster,0.37429686030313286,0.44956748434721977,0.17613565534964729,-1.79484286638374,0.02575514260414816,0.0,0.0,none
lunarlander,ppo,19,493,-0.006710767435530822,0.3872888485590617,0.2970484793186188,-0.10732789784669876,1,main_engine,0.41842584261343035,0.43576989519832904,0.14580426218824064,2.8931846249999422,0.01927457221115592,0.0,0.0,none
lunarlander,ppo,19,494,-0.008684078541894754,0.37881898880004883,0.282479465007782,-0.11647232100367547,1,main_engine,0.45330288850370415,0.4183848116225152,0.12831229987378054,0.2559912682692743,0.01039285960745072,0.0,0.0,none
lunarlander,ppo,19,495,-0.010567824356257915,0.3703088363011678,0.2838389575481415,-0.12196705639362335,0,left_thruster,0.4646472244427727,0.4126867828890628,0.12266599266816455,-2.1652415030838843,0.017730289288793062,0.0,0.0,none
lunarlander,ppo,19,496,-0.012517213666190704,0.3614012797673543,0.297061949968338,-0.11445899754762649,2,right_thruster,0.42743827046274296,0.42967778878494195,0.14288394075231503,-1.6914831775671542,0.02518755227351891,0.0,0.0,none
lunarlander,ppo,19,497,-0.01441383423904578,0.35209226608276367,0.3104981482028961,-0.13352798968553542,0,left_thruster,0.46943882656293157,0.41232418084292816,0.11823699259414025,-2.0000602186540175,0.017222864965723176,0.0,0.0,none
lunarlander,ppo,19,498,-0.016362746246159077,0.34238314628601074,0.32381120324134827,-0.12891015708446502,1,main_engine,0.440819178132134,0.4261596900637248,0.13302113180414124,0.232807367234999,0.014813138453026285,0.0,0.0,none
lunarlander,ppo,19,499,-0.018387238184611004,0.332687775293986,0.3233867883682251,-0.13991698026657104,1,main_engine,0.4695677712251382,0.4122441481839259,0.11818808059093593,1.3333233767151624,0.014009579699923162,0.0,0.0,none
lunarlander,ppo,19,500,-0.020410617192586265,0.3231414357821147,0.3184390366077423,-0.14866691827774048,1,main_engine,0.49511850987110684,0.3982536668657591,0.10662782326313411,0.2688281547041174,0.01689355191677818,0.0,0.0,none
lunarlander,ppo,19,501,-0.02254231832921505,0.31366143623987836,0.3162761926651001,-0.16231608167290687,1,main_engine,0.5321706392908109,0.37742195142354906,0.0904074092856401,4.189406304691353,0.02065218256702992,0.0,0.0,none
lunarlander,ppo,19,502,-0.0245272321626544,0.3047147790590922,0.2985047996044159,-0.16748402863740922,1,main_engine,0.5568450402332957,0.36090135800479956,0.08225360176190476,1.7218272002933748,0.019208357178521342,0.0,0.0,none
lunarlander,ppo,19,503,-0.02658239876230558,0.2960732976595561,0.2883829176425934,-0.18118109330534934,0,left_thruster,0.5983178976842902,0.33419542626110343,0.0674866760546063,-2.1014230031822954,0.018468842173266727,0.0,0.0,none
lunarlander,ppo,19,504,-0.02871076265970866,0.28704724709192914,0.3011292517185211,-0.1715566672384739,0,left_thruster,0.5583269332383016,0.3591746247453672,0.08249844201633107,-1.788890285212177,0.017539775807074713,0.0,0.0,none
lunarlander,ppo,19,505,-0.030892211943864822,0.2776333491007487,0.3139938712120056,-0.1645734656602144,1,main_engine,0.5240582647114169,0.37912719132122147,0.09681454396736172,3.4971133310822724,0.017918367405576847,0.0,0.0,none
lunarlander,ppo,19,506,-0.03300706545511882,0.26864854494730633,0.29970449209213257,-0.17020216211676598,0,left_thruster,0.5473448077280777,0.36415452469412934,0.088500667577793,-1.6879911582420875,0.01863314448758934,0.0,0.0,none
lunarlander,ppo,19,507,-0.035178742061058685,0.25927138328552246,0.3127090036869049,-0.16095935888588428,1,main_engine,0.5059174035799084,0.387098513268751,0.10698408315134064,0.8193697033028905,0.011484372917819445,0.0,0.0,none
lunarlander,ppo,19,508,-0.03737481310963631,0.24992632865905762,0.3116603195667267,-0.16717533096671106,0,left_thruster,0.5205584033995226,0.37870887885071586,0.1007327177497614,-1.5502401140737356,0.021280224802108273,0.0,0.0,none
lunarlander,ppo,19,509,-0.03964042601486047,0.24018760522206625,0.3246835470199585,-0.15363768795505167,1,main_engine,0.4652820066514972,0.4062781625412222,0.12843983080728066,3.8345889530969117,0.014806026989555134,0.0,0.0,none
lunarlander,ppo,19,510,-0.04170926287770271,0.23076730966567993,0.3140403926372528,-0.15004329709336162,0,left_thruster,0.45855909144134255,0.4068467440205267,0.13459416453813075,-1.233203365215806,0.021983133841013122,0.0,0.0,none
lunarlander,ppo,19,511,-0.043840647364656135,0.22095771630605063,0.3269219994544983,-0.13532760962843896,1,main_engine,0.3989544956471098,0.4297239408007061,0.17132156355218417,2.2732314678872028,0.011239322212946073,0.0,0.0,none
lunarlander,ppo,19,512,-0.04583859505752723,0.21121984720230103,0.32451188564300537,-0.1306697318330407,1,main_engine,0.38227322091174204,0.43304791754409117,0.18467886154416674,4.814711795858128,0.02227403115856252,0.0,0.0,none
lunarlander,ppo,19,513,-0.04784146944681804,0.20207891861597696,0.30464762449264526,-0.13440811540931463,1,main_engine,0.40485654063212145,0.42209733887184064,0.17304612049603788,3.403465720305707,0.01401116463324409,0.0,0.0,none
lunarlander,ppo,19,514,-0.04976073900858562,0.19325820604960123,0.29397520422935486,-0.13344706688076258,1,main_engine,0.4061101447605251,0.41895382230852213,0.17493603293095278,4.060219145443704,0.02014832715876985,0.0,0.0,none
lunarlander,ppo,19,515,-0.05170520084599654,0.18496624628702799,0.2763839662075043,-0.13834256518166513,1,main_engine,0.4310170697498394,0.40718305632905477,0.16179987392110576,3.439277210769542,0.017785816667756544,0.0,0.0,none
lunarlander,ppo,19,516,-0.053669052819410965,0.1771265665690104,0.2613399922847748,-0.14331215575803072,0,left_thruster,0.45431377455328015,0.3957372872372499,0.14994893820947,-1.5518180870734972,0.02383271903005506,0.0,0.0,none
lunarlander,ppo,19,517,-0.05570912112792333,0.16889305909474692,0.2743600010871887,-0.125242143496871,0,left_thruster,0.3835210469542968,0.4188903270547513,0.1975886259909519,-1.2732185764195247,0.02635567795294576,0.0,0.0,none
lunarlander,ppo,19,518,-0.05782834564646085,0.1602682669957479,0.28729212284088135,-0.10406423434615135,1,main_engine,0.30574612227628684,0.4318484485229858,0.2624054292007273,5.290115580226337,0.020608000076878165,0.0,0.0,none
lunarlander,ppo,19,519,-0.05974276612202327,0.15214105447133383,0.27069002389907837,-0.09515674374997615,0,left_thruster,0.2880789117014646,0.42748441536437515,0.28443667293416036,-1.008051242975389,0.028213901164178497,0.0,0.0,none
lunarlander,ppo,19,520,-0.06173364197214445,0.14362321297327676,0.28362151980400085,-0.07165603265166283,0,left_thruster,0.21373632976192022,0.41869252963599995,0.36757114060207985,-0.746637281964845,0.028726040727986738,0.0,0.0,none
lunarlander,ppo,19,521,-0.06379318113128345,0.134711225827535,0.2966947555541992,-0.04776857346296311,1,main_engine,0.15148705237365137,0.3923414042225886,0.4561715434037601,3.2943157800171536,0.014222736297532724,0.0,0.0,none
lunarlander,ppo,19,522,-0.06582633902629217,0.12603583931922913,0.2888437509536743,-0.03994221463799477,1,main_engine,0.1374739259283622,0.3793121840296535,0.48321389004198434,2.1884863405679797,0.014296834395339552,0.0,0.0,none
lunarlander,ppo,19,523,-0.06777691965301832,0.1173746685187022,0.28839167952537537,-0.028745140880346298,0,left_thruster,0.11622403534767008,0.3599109921933149,0.523864972459015,-0.5466219190756613,0.03146881340350049,0.0,0.0,none
lunarlander,ppo,19,524,-0.06980005651712418,0.10832920670509338,0.30116328597068787,-0.0015190720558166532,2,right_thruster,0.07438014449077948,0.31091614372401116,0.6147037117852092,-0.12497896865660323,0.018139502847872267,0.0,0.0,none
lunarlander,ppo,19,525,-0.07174881175160408,0.09887056549390157,0.3150399327278137,-0.008093012869358068,0,left_thruster,0.07634991170183693,0.315478512133441,0.608171576164722,-0.566664741875162,0.029539423379508434,0.0,0.0,none
lunarlander,ppo,19,526,-0.07376003389557204,0.08901920914649963,0.32811859250068665,0.01641070023179053,1,main_engine,0.0497474808620087,0.26871809407622144,0.6815344250617699,4.44361519102593,0.01947549408109185,0.0,0.0,none
lunarlander,ppo,19,527,-0.0757997048397859,0.079616645971934,0.3132067620754242,0.024433401226997373,0,left_thruster,0.04523787087702824,0.2546061446166316,0.7001559845063402,-0.5991423567262325,0.03345957037284584,0.0,0.0,none
lunarlander,ppo,19,528,-0.0779149557153384,0.06982327004273732,0.3262438476085663,0.053574313223361966,1,main_engine,0.02713972975628048,0.20554181840265684,0.7673184518410626,3.374428800816319,0.0176344321721029,0.0,0.0,none
lunarlander,ppo,19,529,-0.08003337929646175,0.060282617807388306,0.31787949800491333,0.06563661359250544,2,right_thruster,0.022654021384895917,0.18758296615748168,0.7897630124576224,-0.2734565544653043,0.01667379014363051,0.0,0.0,none
lunarlander,ppo,19,530,-0.0821011078854402,0.05034776528676351,0.3310840427875519,0.0664603117853403,2,right_thruster,0.020870086468155868,0.181584166342399,0.7975457471894452,-0.5994753207413607,0.018120909645444414,0.0,0.0,none
lunarlander,ppo,19,531,-0.08409786348541579,0.04000630974769592,0.3446861803531647,0.06076676417142153,2,right_thruster,0.02119410072131628,0.18369282423190847,0.7951130750467751,-1.5471020683407182,0.018717212845685192,0.0,0.0,none
lunarlander,ppo,19,532,-0.08602666979034743,0.029261358082294464,0.35816243290901184,0.053727560117840766,2,right_thruster,0.02197654591803135,0.18751712868283812,0.7905063253991306,-2.6111579709908037,0.01843862835856685,0.0,0.0,none
lunarlander,ppo,19,533,-0.08790294329325359,0.018110996733109157,0.37168973684310913,0.0483290322124958,2,right_thruster,0.022226767987291354,0.1892331406971553,0.7885400913155534,-2.67966634059713,0.019728081897964014,0.0,0.0,none
lunarlander,ppo,19,534,-0.089720884958903,0.006555754070480664,0.38518843054771423,0.039953237399458885,2,right_thruster,0.023515666270757362,0.19481590710369345,0.7816684266255491,17.454891924627777,0.2901012545809381,0.0,0.0,none
lunarlander,ppo,19,535,-0.09147922197977702,-0.005395596846938133,0.39838793873786926,0.3295021699741483,2,right_thruster,0.0006018962660970307,0.032790478159735896,0.966607625574167,3.357914564146696,0.0236474679717983,0.0,0.0,none
lunarlander,ppo,19,536,-0.09315164759755135,-0.016809576501448948,0.38073310256004333,0.31880480758845803,2,right_thruster,0.0006799551385821878,0.03434783473531957,0.9649722101260984,-8.05430214034175,0.172737110664636,0.0,0.0,none
lunarlander,ppo,19,537,-0.09477949390808742,-0.02791077395280202,0.3699738681316376,0.1467685852199793,2,right_thruster,0.004911380367958505,0.09039951305878732,0.9046891065732541,-99.90001667030812,0.9741721520531008,0.0,0.0,none
lunarlander,ppo,19,538,-0.005237817919502656,0.9325900077819824,0.2674550414085388,0.057764042913913724,1,main_engine,0.1273462747595983,0.5084929450434013,0.3641607801970005,0.9316383913434072,0.016042149793708767,0.0,0.0,none
lunarlander,ppo,19,539,-0.010582765098661184,0.924954891204834,0.2545248568058014,0.05957992579787969,1,main_engine,0.12481661117997553,0.5022838846684867,0.3728995041515378,1.4828160436916642,0.014884035244757723,0.0,0.0,none
lunarlander,ppo,19,540,-0.015868266733984154,0.9175251324971517,0.24770037829875946,0.06916236579418182,1,main_engine,0.10931063234975884,0.4848207551671032,0.40586861248313794,0.4383061994470415,0.012086799925169858,0.0,0.0,none
lunarlander,ppo,19,541,-0.02119453779111306,0.9102731545766195,0.24178467690944672,0.0746518887579441,2,right_thruster,0.10005764984707188,0.47177576911891933,0.4281665810340087,-0.0788740069037567,0.0197602005691577,0.0,0.0,none
lunarlander,ppo,19,542,-0.026446102807919186,0.9026242097218832,0.25500789284706116,0.06327090486884117,2,right_thruster,0.10672538035261567,0.48196300143020177,0.4113116182171827,0.15934457637057675,0.021751304621652968,0.0,0.0,none
lunarlander,ppo,19,543,-0.03161970836420854,0.8945784568786621,0.26821309328079224,0.04887501653283834,1,main_engine,0.11797588706234756,0.4957780468291621,0.3862460661084903,1.6394182863179094,0.01426686991047609,0.0,0.0,none
lunarlander,ppo,19,544,-0.036835670471191406,0.8868552049001058,0.25746819376945496,0.04998669531196356,2,right_thruster,0.11585487173973677,0.4900886187367257,0.39405650952353755,0.34727859023747554,0.023535806537366026,0.0,0.0,none
lunarlander,ppo,19,545,-0.041974068929751716,0.8787270387013754,0.27093368768692017,0.03324917941354215,1,main_engine,0.13134684603498428,0.5058203658309609,0.3628327881340548,1.2829307871638604,0.013282886031874431,0.0,0.0,none
lunarlander,ppo,19,546,-0.04720036250849565,0.8708589871724447,0.26226329803466797,0.029779449570924044,2,right_thruster,0.13544172643576324,0.505752510680527,0.3588057628837098,0.43582622592414505,0.022678626511256586,0.0,0.0,none
lunarlander,ppo,19,547,-0.05236474797129631,0.8625981012980143,0.2753288149833679,0.014009248092770578,1,main_engine,0.15122833458940083,0.5179022403867066,0.33086942502389255,0.6302030657637032,0.014647213538988091,0.0,0.0,none
lunarlander,ppo,19,548,-0.05768887077768644,0.8545192082722982,0.2692621052265167,0.004837492480874062,1,main_engine,0.16478787636317058,0.5221674086032381,0.31304471503359127,2.468681178031045,0.018190467712181635,0.0,0.0,none
lunarlander,ppo,19,549,-0.06307538598775864,0.846880038579305,0.25460678339004517,-0.0005237758159637451,1,main_engine,0.17606290703581626,0.5222977980785353,0.3016392948856485,0.36305955133211115,0.0134859220525017,0.0,0.0,none
lunarlander,ppo,19,550,-0.06859564532836279,0.8393262227376302,0.251761257648468,-0.009810307994484898,0,left_thruster,0.1896921277766584,0.5249584970327521,0.28534937519058956,-0.8781236852570533,0.018501809454499668,0.0,0.0,none
lunarlander,ppo,19,551,-0.07416764895121257,0.8313687642415365,0.2652292251586914,-0.001651727594435215,2,right_thruster,0.16157307977526167,0.5169928270489895,0.3214340931757489,0.6397735873369663,0.024032071521808644,0.0,0.0,none
lunarlander,ppo,19,552,-0.07967940842111906,0.8230119546254476,0.2785347104072571,-0.018980569578707217,0,left_thruster,0.18200826165620101,0.5269353901768036,0.29105634816699544,-0.8772054622323743,0.01923961998615794,0.0,0.0,none
lunarlander,ppo,19,553,-0.08524894714355469,0.8142581780751547,0.2917838990688324,-0.009654605202376841,1,main_engine,0.15276529430132524,0.516688402864773,0.3305463028339017,4.748250625477993,0.022652559003394673,0.0,0.0,none
lunarlander,ppo,19,554,-0.09069752568999927,0.806110699971517,0.2715758979320526,-0.006703891418874263,2,right_thruster,0.1509845335278489,0.5098299388231718,0.33918552764897925,0.8332342175268206,0.027676529574305688,0.0,0.0,none
lunarlander,ppo,19,555,-0.09606384982665381,0.7975605328877767,0.2849966585636139,-0.028703225078061223,1,main_engine,0.17959120645081791,0.5245514446401375,0.29585734890904475,2.320674530690159,0.02269650053941946,0.0,0.0,none
lunarlander,ppo,19,556,-0.10155137628316879,0.7895488739013672,0.2670556306838989,-0.03865063826087862,0,left_thruster,0.20271973550740782,0.5254179035893103,0.27186236090328186,-1.647806170348523,0.019691376531470614,0.0,0.0,none
lunarlander,ppo,19,557,-0.10710318883260092,0.7811338106791178,0.28050416707992554,-0.028391434252262114,2,right_thruster,0.16923022982971025,0.5176875545528483,0.31308221561744143,-0.21619013089265196,0.027962940154818667,0.0,0.0,none
lunarlander,ppo,19,558,-0.11257616182168326,0.7723222573598226,0.2937355637550354,-0.05073554441332817,1,main_engine,0.2006820401295843,0.5288668392314075,0.2704511206390082,1.2450541580863579,0.012064756563617982,0.0,0.0,none
lunarlander,ppo,19,559,-0.11801632742087047,0.7636478741963705,0.28917238116264343,-0.05519596934318542,1,main_engine,0.20600953319174714,0.5277662430237984,0.2662242237844545,2.344851211184587,0.023357571163501033,0.0,0.0,none
lunarlander,ppo,19,560,-0.12350551784038544,0.7555585702260336,0.2696797251701355,-0.06356522515416145,2,right_thruster,0.2286298144283159,0.5250376104701516,0.24633257510153256,-0.6650622565941126,0.025902641424916658,0.0,0.0,none
lunarlander,ppo,19,561,-0.12893644471963248,0.7470759550730387,0.2828199565410614,-0.08348585329949856,1,main_engine,0.2601815368399681,0.526014630838813,0.213803832321219,1.3770234051728403,0.013718479570842443,0.0,0.0,none
lunarlander,ppo,19,562,-0.13432455559571585,0.7388043403625488,0.27580171823501587,-0.08992710039019584,1,main_engine,0.2730863535794424,0.5223444697473754,0.20456917667318225,1.5139832353654856,0.01235490894175105,0.0,0.0,none
lunarlander,ppo,19,563,-0.13963652153809866,0.7307093938191732,0.26993080973625183,-0.09486987963318824,1,main_engine,0.28190370606924486,0.5191176348698867,0.19897865906086845,1.3651543876134247,0.01755876421975466,0.0,0.0,none
lunarlander,ppo,19,564,-0.14496485392252606,0.7229650815327963,0.2582632601261139,-0.10402482300996779,1,main_engine,0.30578923346289016,0.5115263515106975,0.18268441502641247,2.978372960375039,0.017455610528387334,0.0,0.0,none
lunarlander,ppo,19,565,-0.15016380697488785,0.7156591415405273,0.2436608374118805,-0.10735073909163476,2,right_thruster,0.3172748645085341,0.5055131020131123,0.17721203347835363,-0.7335631929596753,0.03022186986018187,0.0,0.0,none
lunarlander,ppo,19,566,-0.15528591970602673,0.7079528172810873,0.2570759356021881,-0.13280212581157685,0,left_thruster,0.3690475119314882,0.4899026757556222,0.14104981231288957,-2.232609451712733,0.018941860773474282,0.0,0.0,none
lunarlander,ppo,19,567,-0.16048677265644073,0.6998559633890787,0.2700594365596771,-0.12292210161685943,0,left_thruster,0.3247900228595226,0.506455481300665,0.16875449583981242,-1.9189147472380932,0.019617829899384702,0.0,0.0,none
lunarlander,ppo,19,568,-0.16575995832681656,0.6913657188415527,0.2831313908100128,-0.11224069148302078,1,main_engine,0.28034353201875806,0.5178789988698715,0.20177746911137037,2.2728599254905126,0.023456290354060216,0.0,0.0,none
lunarlander,ppo,19,569,-0.17108559608459473,0.6834472815195719,0.2640994191169739,-0.12208536230027675,0,left_thruster,0.3111276345944482,0.5075629584138026,0.1813094069917491,-1.6694865580419571,0.01892342239052428,0.0,0.0,none
lunarlander,ppo,19,570,-0.17647226651509604,0.6751381556193033,0.277068167924881,-0.11250153854489327,1,main_engine,0.27002534100230347,0.516416255317003,0.21355840368069348,0.8782758399030057,0.010126144919294519,0.0,0.0,none
lunarlander,ppo,19,571,-0.18179165820280713,0.6667885780334473,0.278417706489563,-0.11414658650755882,0,left_thruster,0.26583163022720124,0.5162030271400372,0.21796534263276152,-1.492461341110202,0.02156272185544169,0.0,0.0,none
lunarlander,ppo,19,572,-0.18718130886554718,0.6580542723337809,0.2911764681339264,-0.10011702682822943,2,right_thruster,0.21788620510335852,0.5173767016044233,0.26473709329221823,-0.2767848704362132,0.02343133525630058,0.0,0.0,none
lunarlander,ppo,19,573,-0.19250857333342236,0.6489200592041016,0.3045679032802582,-0.11617577336728573,2,right_thruster,0.23975488354436533,0.5205038442305803,0.2397412722250544,-0.5387214874259166,0.024559502522538884,0.0,0.0,none
lunarlander,ppo,19,574,-0.19777643183867138,0.6393805742263794,0.3181402385234833,-0.13350230716168882,1,main_engine,0.2656204640491635,0.5208685071146478,0.2135110288361887,2.2753887948176237,0.01376226373080849,0.0,0.0,none
lunarlander,ppo,19,575,-0.20296013603607815,0.6300821304321289,0.3101078271865845,-0.1369006045162678,1,main_engine,0.2718587959435033,0.5176180794821486,0.21052312457434816,3.966943769024075,0.02364998769962121,0.0,0.0,none
lunarlander,ppo,19,576,-0.20806041856606802,0.6214091380437216,0.28926584124565125,-0.1417688548564911,0,left_thruster,0.2906993577483732,0.5100431766624091,0.19925746558921775,-1.613510612195248,0.018910413877053632,0.0,0.0,none
lunarlander,ppo,19,577,-0.2132155994574229,0.6123381853103638,0.30247583985328674,-0.13315249737352133,2,right_thruster,0.2531563463518852,0.5155943160712931,0.23124933757682156,-0.6758180343564731,0.023769609842844833,0.0,0.0,none
lunarlander,ppo,19,578,-0.21831678847471875,0.6028580665588379,0.31618213653564453,-0.14931532517075538,1,main_engine,0.2770062599610967,0.5151263865024681,0.2078673535364352,3.8544495372820893,0.023106160689492578,0.0,0.0,none
lunarlander,ppo,19,579,-0.2233385294675827,0.5939785242080688,0.2961748242378235,-0.1547502089291811,0,left_thruster,0.2970163756955183,0.5072502756915049,0.19573334861297675,-1.6602526951336336,0.019472012466853022,0.0,0.0,none
lunarlander,ppo,19,580,-0.22842024763425192,0.5847058296203613,0.3092077374458313,-0.14487621691077948,1,main_engine,0.25612260321113106,0.5135730454671611,0.23030435132170785,3.808630727252152,0.015391610498583053,0.0,0.0,none
lunarlander,ppo,19,581,-0.2333023895819982,0.5757704973220825,0.2979412376880646,-0.14236779436469077,0,left_thruster,0.2502377694579162,0.5103943867773283,0.23936784376475553,-1.3803924625344974,0.01979474386875438,0.0,0.0,none
lunarlander,ppo,19,582,-0.23823673526446026,0.5664414564768473,0.3109946548938751,-0.13187677850946783,1,main_engine,0.2115741128620399,0.5090811382441314,0.2793447488938287,3.3747468136361523,0.014898609879579364,0.0,0.0,none
lunarlander,ppo,19,583,-0.24303893248240155,0.5574330488840739,0.3002931773662567,-0.1300783209502697,1,main_engine,0.2073952005884917,0.5047302376420261,0.2878745617694823,3.2681328882022345,0.01976042657391343,0.0,0.0,none
lunarlander,ppo,19,584,-0.24781619509061178,0.5489299694697062,0.28346771001815796,-0.13357882224954665,1,main_engine,0.2185080798771479,0.5018132488813531,0.27967867124149887,0.72868342256814,0.009895223377084749,0.0,0.0,none
lunarlander,ppo,19,585,-0.25256209075450897,0.5403921206792196,0.2846291959285736,-0.13465027385391296,1,main_engine,0.2140545111962483,0.5002304032070454,0.28571508559670633,2.283623675347606,0.017212034544306747,0.0,0.0,none
lunarlander,ppo,19,586,-0.25732283790906274,0.5322571992874146,0.2712206244468689,-0.13990600258111954,2,right_thruster,0.22758679404970056,0.49816439219485553,0.2742488137554439,-0.5987842722670315,0.025946429513468677,0.0,0.0,none
lunarlander,ppo,19,587,-0.2620103458563487,0.5237030188242594,0.2852977514266968,-0.1593971535563469,1,main_engine,0.25935779573434165,0.5013520232528863,0.23929018101277205,3.719658166858725,0.01716988914314623,0.0,0.0,none
lunarlander,ppo,19,588,-0.26653190453847253,0.5155813296635946,0.2708679437637329,-0.1598207291215658,1,main_engine,0.2631820738930979,0.4973100813389628,0.23950784476793946,1.380132521828699,0.01128254247080903,0.0,0.0,none
lunarlander,ppo,19,589,-0.27100875973701477,0.5076167980829874,0.26563912630081177,-0.16388019174337387,0,left_thruster,0.27035554970038894,0.4949680701087763,0.2346763801908348,-1.827521585834745,0.02268378154257559,0.0,0.0,none
lunarlander,ppo,19,590,-0.27556483944257104,0.49927016099294025,0.27826327085494995,-0.14760872265323996,1,main_engine,0.2168350159930538,0.49386423016325065,0.2893007538436956,0.5022974670952999,0.009807632805474541,0.0,0.0,none
lunarlander,ppo,19,591,-0.28009983400503796,0.4908812443415324,0.279678612947464,-0.14941049115732313,2,right_thruster,0.21411044988109157,0.4925657260903707,0.29332382402853785,-0.7155650423830434,0.024141086930076393,0.0,0.0,none
lunarlander,ppo,19,592,-0.28456938763459527,0.48207855224609375,0.2935653030872345,-0.16651276051998137,1,main_engine,0.2396130876945864,0.4975856358546316,0.26280127645078205,2.1512711739902253,0.0162532138600024,0.0,0.0,none
lunarlander,ppo,19,593,-0.28901979327201843,0.4736249049504598,0.28195714950561523,-0.1726891241967678,1,main_engine,0.25558009098166623,0.4945627101793323,0.24985719883900154,2.6219546111027037,0.014247177786352627,0.0,0.0,none
lunarlander,ppo,19,594,-0.29336385428905487,0.46548712253570557,0.27142974734306335,-0.17534647434949874,2,right_thruster,0.26265954368531685,0.49130940455941685,0.24603105175526635,-1.1286041928263546,0.023202311027876035,0.0,0.0,none
lunarlander,ppo,19,595,-0.2976566553115845,0.4569372336069743,0.28524965047836304,-0.19134112261235714,2,right_thruster,0.2882341742630798,0.49128197596507023,0.22048384977185,-1.2461026087504308,0.028209050667876413,0.0,0.0,none
lunarlander,ppo,19,596,-0.3018797685702642,0.4479674498240153,0.299374520778656,-0.21365584582090377,0,left_thruster,0.33172981221946796,0.48480153541494636,0.1834686523655856,-2.1251068964290845,0.01748575831613906,0.0,0.0,none
lunarlander,ppo,19,597,-0.3061536947886149,0.43860113620758057,0.312517911195755,-0.2084588509052992,1,main_engine,0.3014446437363124,0.49243474741130705,0.2061206088523806,1.8489859796820292,0.010498638394282153,0.0,0.0,none
lunarlander,ppo,19,598,-0.3102508435646693,0.42931079864501953,0.30996307730674744,-0.20923165865242482,0,left_thruster,0.2987215920421195,0.4913040388814206,0.20997436907645983,-2.0245683791332314,0.020998270462409624,0.0,0.0,none
lunarlander,ppo,19,599,-0.31442078451315564,0.4196295738220215,0.3228694796562195,-0.19645521081984044,1,main_engine,0.25104182903895406,0.4960612068889996,0.25289696407204637,3.188054889381401,0.021152542233473168,0.0,0.0,none
