env,policy,seed,t,q,mu,sigma,rho,a,action_label,p0,p1,p2,r,state_delta,intervention_active,intervention_start,intervention_name
traffic,ppo,17,0,22.0,19.01388273206096,1.6170588606954928,0.275,0,prioritize_ns,0.9479279380956337,0.035359211907058014,0.016712849997308286,-2.737883747938523,17.5051653419585,0.0,0.0,none
traffic,ppo,17,1,36.924823392537945,23.572466718913557,9.545801992047735,0.4615602924067243,0,prioritize_ns,0.9577366769721877,0.027690116618174603,0.014573206409637886,-3.327343154694134,6.623711083888725,0.0,0.0,none
traffic,ppo,17,2,42.97421370996162,26.014315849855876,10.690389316809528,0.5371776713745202,0,prioritize_ns,0.9577819465224334,0.027664693053708223,0.014553360423858318,-4.581176532529103,15.525124604379165,0.0,0.0,none
traffic,ppo,17,3,57.803678151637996,30.0276150090025,12.92098269191322,0.722545976895475,0,prioritize_ns,0.9577815047029098,0.027676809280278866,0.014541686016811356,-5.6318863072948355,13.293913538735142,0.0,0.0,none
traffic,ppo,17,4,70.29702342995989,34.37873361134952,11.621813816864961,0.8787127928744987,0,prioritize_ns,0.9578318590132145,0.027636207841029582,0.014531933145755844,-6.970361905639966,17.225998079042125,0.0,0.0,none
traffic,ppo,17,5,86.55842393551184,38.91168478710237,8.195517497393094,1.0,0,prioritize_ns,0.9604487836548901,0.02564263482889156,0.013908581516218443,-8.23995477703183,18.023095250162417,0.0,0.0,none
traffic,ppo,17,6,104.56230305767858,39.52749593302813,8.75504907236402,1.0,0,prioritize_ns,0.9639384913973305,0.023040703326735888,0.013020805275933436,-9.272778184263302,16.109838397950988,0.0,0.0,none
traffic,ppo,17,7,120.32601712493152,41.470360682993984,6.061076433800729,1.0,1,prioritize_ew,0.9657545105041926,0.021430403553615744,0.012815085942191629,-10.468920928581957,20.627407537293426,0.0,0.0,none
traffic,ppo,17,8,140.91787901890555,42.622840173453504,5.691000126587982,1.0,0,prioritize_ns,0.9658635694350829,0.021323308699081597,0.0128131218658355,-11.556588739314915,13.517455080162042,0.0,0.0,none
traffic,ppo,17,9,154.4276066303488,42.826116640077785,6.100304887033212,1.0,0,prioritize_ns,0.9658830162917389,0.02130860078094685,0.01280838292731428,-12.93258768083424,18.119533959252934,0.0,0.0,none
traffic,ppo,17,10,172.53442735977615,43.19520068485286,6.66980549352384,1.0,0,prioritize_ns,0.9666945659898756,0.02076610628333402,0.012539327726790329,-13.803718176795524,11.285998999317602,0.0,0.0,none
traffic,ppo,17,11,183.6476849638127,41.817076381226826,8.073390988845278,1.0,0,prioritize_ns,0.9697367242442301,0.018758183309210218,0.011505092446559622,-14.938513802783994,16.21003331867655,0.0,0.0,none
traffic,ppo,17,12,199.8574723074924,41.90629103651217,8.077291061653021,1.0,0,prioritize_ns,0.9700396873244557,0.018561263120666468,0.011399049554878025,-15.358522282931837,6.684096416849638,0.0,0.0,none
traffic,ppo,17,13,205.7913052613228,38.97468524848345,9.011346139994243,1.0,0,prioritize_ns,0.9700444973323908,0.018558142615979746,0.011397360051629411,-16.222977156448902,12.760489839627294,0.0,0.0,none
traffic,ppo,17,14,218.55001062715732,38.82448079936171,8.859764615655045,1.0,0,prioritize_ns,0.970044573050472,0.018558093181656497,0.011397333767871512,-16.777398947190296,9.367607529794249,0.0,0.0,none
traffic,ppo,17,15,227.66383061896715,37.0258806518382,7.6533677081350815,1.0,0,prioritize_ns,0.970044573050472,0.018558093181656497,0.011397333767871512,-17.648301172086192,11.54956118115272,0.0,0.0,none
traffic,ppo,17,16,239.20862603260332,37.112188213758124,7.973700877242802,1.0,0,prioritize_ns,0.970044573050472,0.018558093181656497,0.011397333767871512,-17.89853838536681,5.187117848621493,0.0,0.0,none
traffic,ppo,17,17,243.79700816365158,34.787907171231836,7.302389749435747,1.0,0,prioritize_ns,0.9700445738785302,0.01855809098520125,0.01139733513626875,-17.868431852397027,2.6260955296679462,0.0,0.0,none
traffic,ppo,17,18,242.88464100724303,33.41866714918403,9.349130002831735,1.0,0,prioritize_ns,0.9700446058825286,0.018558069474519334,0.011397324642952043,-18.130905253729416,3.810972441050445,0.0,0.0,none
traffic,ppo,17,19,246.1582016674258,31.521638208053695,8.892410453147612,1.0,0,prioritize_ns,0.9700449747886867,0.018557802209551392,0.011397223001761856,-18.423989118461115,4.116805552767853,0.0,0.0,none
traffic,ppo,17,20,250.13324562934673,30.49388300207591,8.591025820689792,1.0,0,prioritize_ns,0.9700467484714675,0.018556519889778456,0.011396731638753953,-18.943812478386672,5.755065162635403,0.0,0.0,none
traffic,ppo,17,21,255.64727714877236,29.2877302232338,7.4678931913659845,1.0,0,prioritize_ns,0.9700610511734449,0.0185461826701523,0.01139276615640279,-18.986007832084137,2.8234966986591647,0.0,0.0,none
traffic,ppo,17,22,253.69553381691117,27.97970513065191,9.03374820733991,1.0,0,prioritize_ns,0.9701178388357854,0.01850513691955664,0.011377024244657849,-19.27044526808568,3.219338967727909,0.0,0.0,none
traffic,ppo,17,23,256.8120062494506,28.785473048441514,8.983938278467258,1.0,0,prioritize_ns,0.9700833052421239,0.018530097646562445,0.011386597111313545,-19.122022223588626,4.516980074295533,0.0,0.0,none
traffic,ppo,17,24,252.90028687716273,27.348417041947393,10.726473953353143,1.0,0,prioritize_ns,0.9702074613877973,0.01844038115994118,0.011352157452261532,-19.10106991590073,1.3979550531567604,0.0,0.0,none
traffic,ppo,17,25,251.91678767896585,26.356708409923822,10.785817419400816,1.0,0,prioritize_ns,0.9705275862745241,0.0182092487893385,0.01126316493613737,-19.29563855857762,1.3132169008444876,0.0,0.0,none
traffic,ppo,17,26,252.7615726284734,25.422859095940208,10.41325537554577,1.0,0,prioritize_ns,0.9715489123336118,0.01747372788264602,0.010977359783742143,-19.20683702105392,2.3528029382786686,0.0,0.0,none
traffic,ppo,17,27,250.44625480091568,25.35014419680091,10.825199021217477,1.0,0,prioritize_ns,0.971366922243401,0.017604578740943566,0.011028499015655457,-19.785269330858128,6.005004029369295,0.0,0.0,none
traffic,ppo,17,28,256.16425764364476,25.870450278838838,12.584118707922356,1.0,0,prioritize_ns,0.971535510741733,0.017483360984318446,0.010981128273948614,-19.878785262558704,0.8843692678060299,0.0,0.0,none
traffic,ppo,17,29,255.60096744829582,26.54013611422662,12.711923400889768,1.0,0,prioritize_ns,0.9707066533176983,0.018080081996460266,0.01121326468584136,-20.468533937330385,7.717572746479331,0.0,0.0,none
traffic,ppo,17,30,263.020092807709,28.220661025748637,14.013208926924323,1.0,0,prioritize_ns,0.9702654079134974,0.018398523223132124,0.011336068863370505,-20.485756232847802,1.0135517907671232,0.0,0.0,none
traffic,ppo,17,31,262.22636018571455,27.89295751144824,14.551619703250607,1.0,0,prioritize_ns,0.9703561129433869,0.018333019887196628,0.01131086716941646,-21.036046438879396,7.523267779990305,0.0,0.0,none
traffic,ppo,17,32,269.5010107311142,29.810951186039716,14.569446536505389,1.0,0,prioritize_ns,0.9701132306548002,0.018508468593065753,0.011378300752134217,-21.517671588265298,5.948732639769087,0.0,0.0,none
traffic,ppo,17,33,275.4390756168804,29.85496359464714,14.922813682365042,1.0,0,prioritize_ns,0.9701746881930908,0.018464059859542765,0.011361251947366606,-22.494349378548932,12.773590262393794,0.0,0.0,none
traffic,ppo,17,34,287.9010611797011,32.46001874628107,15.960701769065851,1.0,0,prioritize_ns,0.9700681992712137,0.01854101615629451,0.011390784572491888,-22.967744019083426,6.134689711793912,0.0,0.0,none
traffic,ppo,17,35,294.0271667213011,32.20141478271843,16.15659138899901,1.0,0,prioritize_ns,0.9701102446146745,0.018510626956064893,0.011379128429260555,-24.404054873084295,20.057768248842937,0.0,0.0,none
traffic,ppo,17,36,313.62140164117466,36.27900829109202,17.48069720409449,1.0,0,prioritize_ns,0.9700490347500909,0.01855486701070958,0.01139609823919956,-25.287176126613172,10.351189751398252,0.0,0.0,none
traffic,ppo,17,37,323.93769575914075,36.88733700560531,18.073268816786978,1.0,0,prioritize_ns,0.9700516624586859,0.018552966463330336,0.01139537107798387,-26.391695970874977,15.494109648394977,0.0,0.0,none
traffic,ppo,17,38,339.3130394116265,38.77479275894922,17.751163021090434,1.0,0,prioritize_ns,0.970048468928777,0.01855527645570619,0.01139625461551674,-27.973742650047956,21.12758060671125,0.0,0.0,none
traffic,ppo,17,39,360.3103234652498,40.481852457109724,19.355741424115674,1.0,0,prioritize_ns,0.9700503624869836,0.018553908131036034,0.011395729381980408,-29.13396788945208,16.07627216078447,0.0,0.0,none
traffic,ppo,17,40,376.1856657819669,42.43169981213316,17.737678320657714,1.0,0,prioritize_ns,0.9700474141305291,0.018556039329298835,0.011396546540172168,-30.06388594821712,12.001162054208093,0.0,0.0,none
traffic,ppo,17,41,388.07896709344266,40.891513090453586,18.190557364305818,1.0,0,prioritize_ns,0.9701190540441903,0.018504260079027456,0.011376685876782247,-30.886701814844223,10.444733938817961,0.0,0.0,none
traffic,ppo,17,42,398.51472768362896,40.91540638489762,18.622757627483352,1.0,0,prioritize_ns,0.9702848738386034,0.0183844637719215,0.01133066238947512,-32.25722621920464,16.588468032996573,0.0,0.0,none
traffic,ppo,17,43,415.0637154047723,41.15013519862915,19.74221261594856,1.0,0,prioritize_ns,0.971227425122659,0.01770493734465453,0.011067637532686428,-33.711631691092826,18.375727236040603,0.0,0.0,none
traffic,ppo,17,44,433.4316914039001,40.624273587730066,19.833200060205904,1.0,0,prioritize_ns,0.9780853680047737,0.012844053818879764,0.009070578176346595,-35.28969911608097,20.852027018658095,0.0,0.0,none
traffic,ppo,17,45,454.204028152912,41.603672474189,21.368724268319138,1.0,0,prioritize_ns,0.9812403907805971,0.010668008640790932,0.008091600578611916,-36.55539845470234,13.877919253400147,0.0,0.0,none
traffic,ppo,17,46,468.02563675622036,41.98933393255555,22.5565978560281,1.0,0,prioritize_ns,0.9825581268555377,0.009773231104853992,0.007668642039608186,-37.66848127718448,11.90452561333901,0.0,0.0,none
traffic,ppo,17,47,479.88512914620526,42.27408029251526,23.55112781587075,1.0,0,prioritize_ns,0.9829985199029655,0.009476254005202767,0.007525226091831782,-38.9306798631673,15.750684735440744,0.0,0.0,none
traffic,ppo,17,48,495.61419139534553,42.11009519811464,24.35969400779997,1.0,0,prioritize_ns,0.9832097997845151,0.009334161588172,0.007456038627312825,-39.524896686537545,7.149020516507713,0.0,0.0,none
traffic,ppo,17,49,501.93119056790994,39.699899832801954,26.682402362349464,1.0,0,prioritize_ns,0.9832412036294299,0.009313063760855335,0.007445732609714595,-40.3170250494669,7.502890626268535,0.0,0.0,none
traffic,ppo,17,50,508.88765329829334,36.936725029076285,27.198017562465306,1.0,0,prioritize_ns,0.9832419062378697,0.00931259192997111,0.007445501832159085,-41.01591185174943,6.4421781504996405,0.0,0.0,none
traffic,ppo,17,51,514.9701861500229,35.38890987876049,28.650161388282484,1.0,0,prioritize_ns,0.983242041778078,0.009312503292191706,0.007445454929730407,-41.37843067427396,3.356534189189616,0.0,0.0,none
traffic,ppo,17,52,517.0525924134146,33.43349265344185,30.412616889086113,1.0,0,prioritize_ns,0.9832428724541915,0.009311962767764066,0.0074451647780444385,-42.08004348817327,6.145990571142903,0.0,0.0,none
traffic,ppo,17,53,522.7250789522034,31.42217751137155,29.167342635310664,1.0,0,prioritize_ns,0.9832550194111611,0.009304047578236751,0.0074409330106022095,-42.54724039794847,3.7665394675521426,0.0,0.0,none
traffic,ppo,17,54,526.2631036291817,30.866382612254352,30.333658619868668,1.0,0,prioritize_ns,0.9832657196663391,0.00929707520025194,0.007437205133408992,-43.06559482052927,4.113667738362333,0.0,0.0,none
traffic,ppo,17,55,530.2391209972084,30.270293539782973,31.204420337259677,1.0,0,prioritize_ns,0.9832900596300265,0.009281215316217858,0.007428725053755744,-43.4611687523544,2.87671129479756,0.0,0.0,none
traffic,ppo,17,56,532.9123382041598,29.588430410827364,32.019552419468084,1.0,0,prioritize_ns,0.9833394297522903,0.009249049482775721,0.007411520764934132,-44.21219576829537,8.52018035936384,0.0,0.0,none
traffic,ppo,17,57,541.1873926813342,30.826960053583917,33.62672107268971,1.0,0,prioritize_ns,0.98327871910894,0.00928860490848077,0.007432675982579223,-44.32056948424563,2.8767225964168808,0.0,0.0,none
traffic,ppo,17,58,539.8296990956009,29.42092402867949,35.737470636390924,1.0,0,prioritize_ns,0.9833405401483756,0.009248325641845325,0.0074111342097791175,-44.42188821410254,2.269171255479161,0.0,0.0,none
traffic,ppo,17,59,538.4649083650529,28.44036094717423,37.26225930754905,1.0,0,prioritize_ns,0.9834265916851969,0.009192262893368192,0.007381145421434948,-44.720243781316974,1.5431962009852511,0.0,0.0,none
traffic,ppo,17,60,539.006369623965,27.753449725351334,38.53364720790298,1.0,0,prioritize_ns,0.9835365257173564,0.009120644071028068,0.007342830211615607,-45.00089961581127,2.6567138101630703,0.0,0.0,none
traffic,ppo,17,61,541.6182110567088,27.74117457050979,39.019715021986464,1.0,0,prioritize_ns,0.9835614276633132,0.009104421712444863,0.007334150624241851,-45.352519538263714,5.123685254678435,0.0,0.0,none
traffic,ppo,17,62,546.5723639673231,27.07699425719776,37.893933498479484,1.0,0,prioritize_ns,0.9839825421064419,0.008830020759934117,0.007187437133623974,-46.028434360495794,8.207056672493959,0.0,0.0,none
traffic,ppo,17,63,554.4383742441667,28.921735029713147,39.335666147876914,1.0,0,prioritize_ns,0.9834563958956158,0.00917284631997606,0.0073707577844081456,-46.49251943732975,6.065329099069461,0.0,0.0,none
traffic,ppo,17,64,560.3126498297288,30.36954829293516,38.905619429803515,1.0,0,prioritize_ns,0.9833231296103573,0.00925966998354585,0.007417200406096728,-47.190420577976674,8.387214616261573,0.0,0.0,none
traffic,ppo,17,65,568.5565207096282,31.91003021713263,39.009914089297745,1.0,0,prioritize_ns,0.9832702584088093,0.009294117315714638,0.007435624275476145,-47.5792591035507,6.759349078433221,0.0,0.0,none
traffic,ppo,17,66,575.1609907557933,32.70855593981689,37.81319689478751,1.0,0,prioritize_ns,0.9832647436770857,0.009297711022992757,0.007437545299921453,-48.055372819878016,6.5487849739920225,0.0,0.0,none
traffic,ppo,17,67,581.6975846474224,33.02504413601987,37.56955750313712,1.0,0,prioritize_ns,0.9832675901865064,0.009295857214391004,0.0074365525991027664,-48.588566107499965,8.081338108645596,0.0,0.0,none
traffic,ppo,17,68,589.7779410637199,33.06791336391066,37.451117471274515,1.0,0,prioritize_ns,0.9832828175189644,0.009285935581486719,0.007431246899549012,-49.0696798695983,6.606498337829113,0.0,0.0,none
traffic,ppo,17,69,596.3825488407489,33.213979802204015,37.390776813738334,1.0,0,prioritize_ns,0.9832950345913325,0.00927797459851551,0.007426990810151841,-49.931104584811344,12.953549121889557,0.0,0.0,none
traffic,ppo,17,70,609.2206254017178,34.13282093841793,38.8515834519717,1.0,0,prioritize_ns,0.9832786968962807,0.009288620200691947,0.007432682903027509,-50.497244332479596,8.774032873704867,0.0,0.0,none
traffic,ppo,17,71,617.9768796024529,34.56317776933194,38.49597377964932,1.0,0,prioritize_ns,0.9832848086509978,0.009284637182079237,0.007430554166923162,-51.183450764877435,10.335410033640123,0.0,0.0,none
traffic,ppo,17,72,628.278814723996,35.31624601531471,38.14423306281712,1.0,0,prioritize_ns,0.9832816664007453,0.009286685229038126,0.0074316483702165335,-51.50892583376018,6.132484671915926,0.0,0.0,none
traffic,ppo,17,73,634.3964041786617,34.92369262298836,37.97580103017437,1.0,0,prioritize_ns,0.9833285921531617,0.009256110346809425,0.0074152975000288494,-52.47585744782117,12.39882154324836,0.0,0.0,none
traffic,ppo,17,74,646.7318107917934,36.06985239020891,38.48061499395883,1.0,0,prioritize_ns,0.9832960418456795,0.00927731830127128,0.007426639853049116,-53.31180189575423,12.647990178214357,0.0,0.0,none
traffic,ppo,17,75,659.3764479542085,36.03116451049815,38.1919805763304,1.0,0,prioritize_ns,0.9833656473096501,0.00923196840018389,0.007402384290166015,-53.94733051644777,9.855361507671192,0.0,0.0,none
traffic,ppo,17,76,669.2233271371338,36.24928950693619,37.846231693918234,1.0,0,prioritize_ns,0.9834272028448379,0.00919186535902888,0.007380931796133485,-54.61881562243129,8.195131272917056,0.0,0.0,none
traffic,ppo,17,77,677.3817681249416,35.82059068018913,38.491394111256994,1.0,0,prioritize_ns,0.9836214295433505,0.009065330535480694,0.007313239921168783,-55.1157526218646,7.364808939981141,0.0,0.0,none
traffic,ppo,17,78,684.7299351519342,36.066706194654515,38.06211655607444,1.0,0,prioritize_ns,0.9837094506614228,0.00900798597157135,0.007282563367005743,-56.1565869919297,12.182503907088382,0.0,0.0,none
traffic,ppo,17,79,696.878079698482,36.029253781337744,38.97567161141709,1.0,0,prioritize_ns,0.9839666766078796,0.00884036222120486,0.007192961170915576,-57.3165300871236,13.591202361157752,0.0,0.0,none
traffic,ppo,17,80,710.4056811314869,36.20584663545567,40.277053974744405,1.0,0,prioritize_ns,0.9841704831992527,0.008707461691928726,0.007122055108818543,-58.20927599786503,8.472437606591061,0.0,0.0,none
traffic,ppo,17,81,718.7028509112816,35.89590475482957,41.963206006286214,1.0,0,prioritize_ns,0.9844205012625113,0.008544222678070004,0.0070352760594186185,-58.76100229777675,6.763024840771366,0.0,0.0,none
traffic,ppo,17,82,725.4273978498336,35.609125944978395,42.624062558287065,1.0,0,prioritize_ns,0.9846451653092106,0.008397223549639463,0.006957611141149979,-59.719820677360886,9.88589568456545,0.0,0.0,none
traffic,ppo,17,83,735.2374467238837,36.10150231438989,43.74274038755797,1.0,0,prioritize_ns,0.9846210312070314,0.008413035013169564,0.006965933779799059,-60.47474278244515,6.489205576498885,0.0,0.0,none
traffic,ppo,17,84,741.3519860992837,34.89478128016035,45.54995415086745,1.0,0,prioritize_ns,0.9849163238906519,0.008219152878968506,0.006864523230379597,-61.588481858198016,12.126587726005944,0.0,0.0,none
traffic,ppo,17,85,753.4451749746478,34.60789876863217,46.40236902982538,1.0,0,prioritize_ns,0.9849961104089473,0.00816656017876843,0.006837329412284367,-62.009579454409945,3.6790613840123143,0.0,0.0,none
traffic,ppo,17,86,756.1764282080975,33.494715459363135,48.60158965588043,1.0,0,prioritize_ns,0.9850316353745535,0.00814310512258512,0.00682525950286131,-62.57735538995297,4.898717110773496,0.0,0.0,none
traffic,ppo,17,87,760.8534392773697,33.08520828550719,49.99991031433135,1.0,0,prioritize_ns,0.985040337447168,0.008137356629756228,0.00682230592307596,-63.21525167491891,5.625068434906432,0.0,0.0,none
traffic,ppo,17,88,766.317314677627,32.21597359074862,51.015730944793255,1.0,0,prioritize_ns,0.9850495176505156,0.00813129044149016,0.006819191907994229,-63.988448759502425,6.589529893134938,0.0,0.0,none
traffic,ppo,17,89,772.7014105039317,32.26988488092955,52.64739214304149,1.0,0,prioritize_ns,0.985049898643472,0.008131037688507163,0.006819063668020831,-65.2777809114505,14.166378481441717,0.0,0.0,none
traffic,ppo,17,90,786.6809566487018,32.64715633481079,54.90930176010951,1.0,0,prioritize_ns,0.9850504110429146,0.008130699763885176,0.006818889193200147,-65.72250216684532,3.5050933619673668,0.0,0.0,none
traffic,ppo,17,91,790.0619935048767,32.777113059355834,55.82438673050311,1.0,0,prioritize_ns,0.9850501305297589,0.00813088548608252,0.006818983984158634,-66.56230684114803,9.4080080569148,0.0,0.0,none
traffic,ppo,17,92,799.3829825290466,33.705908650335374,56.70023943527457,1.0,0,prioritize_ns,0.9850473006693348,0.00813275534068498,0.006819943989980253,-67.77654729099379,14.090533019328598,0.0,0.0,none
traffic,ppo,17,93,813.269295988287,35.39039626213198,58.396093428462265,1.0,0,prioritize_ns,0.985032602373323,0.00814246663294916,0.006824930993727729,-68.64521938081977,8.01862751055062,0.0,0.0,none
traffic,ppo,17,94,821.1582468497053,35.691367269154725,59.800464430733015,1.0,0,prioritize_ns,0.9850316828035545,0.008143074451250289,0.006825242745195169,-69.3326274008483,7.340991044156597,0.0,0.0,none
traffic,ppo,17,95,828.3654266449593,34.33689399925149,60.135294343357074,1.0,0,prioritize_ns,0.9850505059319613,0.008130637545775152,0.006818856522263644,-70.2044035552825,9.960984795029386,0.0,0.0,none
traffic,ppo,17,96,838.2399901771532,35.63559933445531,59.96922933263951,1.0,0,prioritize_ns,0.9850466536903307,0.00813318240729656,0.006820163902372599,-71.01129258054898,9.2940303008414,0.0,0.0,none
traffic,ppo,17,97,847.4999275464735,35.623389003485386,60.7644714700052,1.0,0,prioritize_ns,0.9850494961211786,0.008131304803664925,0.006819199075156284,-71.56461578151361,7.17277211772528,0.0,0.0,none
traffic,ppo,17,98,854.4843204430646,34.243004890955525,59.89185733950977,1.0,0,prioritize_ns,0.985053701859081,0.008128524101205833,0.006817774039713181,-72.49459866993058,11.487127976901302,0.0,0.0,none
traffic,ppo,17,99,865.8884114236398,34.946032914786905,61.07784623582328,1.0,0,prioritize_ns,0.9850535566162976,0.008128620771811538,0.006817822611890749,-73.08439625300872,8.134501643684903,0.0,0.0,none
traffic,ppo,17,100,874.0206095484403,35.1310365806962,61.02088753409023,1.0,0,prioritize_ns,0.9850537833323693,0.008128470509935884,0.006817746157694792,-73.6793943203647,8.610424562514345,0.0,0.0,none
traffic,ppo,17,101,882.6269479661479,34.87739155779891,60.943335042183705,1.0,0,prioritize_ns,0.9850541157483862,0.00812825038843293,0.0068176338631809295,-74.90052747489685,18.133553623257935,0.0,0.0,none
traffic,ppo,17,102,900.5306366738351,36.60614182547231,63.24444785511187,1.0,0,prioritize_ns,0.9850536355346975,0.008128568127822422,0.006817796337479923,-75.39121741733408,6.880092317607651,0.0,0.0,none
traffic,ppo,17,103,907.4103900203284,36.58521391545275,63.30945718368561,1.0,0,prioritize_ns,0.9850539014770671,0.008128392997087504,0.006817705525845467,-76.11534539341477,10.450741265871088,0.0,0.0,none
traffic,ppo,17,104,917.8592257851484,36.394162872301685,63.25180594858025,1.0,0,prioritize_ns,0.9850541782526469,0.008128210207846905,0.00681761153950607,-76.76234092979618,9.30443524190747,0.0,0.0,none
traffic,ppo,17,105,927.1598376708845,36.62784562448881,63.12325209572256,1.0,0,prioritize_ns,0.9850542385088181,0.008128169039956062,0.006817592451225821,-77.23305611291381,8.47941825158778,0.0,0.0,none
traffic,ppo,17,106,935.6185881908441,36.598328044939265,62.53231873320141,1.0,0,prioritize_ns,0.9850543038759495,0.00812812597655006,0.006817570147500463,-77.56892032549993,6.942934230006531,0.0,0.0,none
traffic,ppo,17,107,941.5857797654421,34.2110286183214,59.90595967893773,1.0,0,prioritize_ns,0.9850543791262855,0.008128076212324335,0.006817544661390167,-77.94209642680981,5.956003344186342,0.0,0.0,none
traffic,ppo,17,108,947.5388067103241,34.025683337999176,59.87289676119387,1.0,0,prioritize_ns,0.985054381835775,0.008128074296797258,0.006817543867427889,-78.76696294105223,11.543892740072499,0.0,0.0,none
traffic,ppo,17,109,959.0735866598166,34.242872174933645,60.27680283962954,1.0,0,prioritize_ns,0.9850543826363428,0.00812807430340306,0.006817543060254091,-79.2536300004676,7.912828319727491,0.0,0.0,none
traffic,ppo,17,110,966.9714300688044,33.962318479584,59.87904521416516,1.0,0,prioritize_ns,0.9850543861463994,0.008128072394482226,0.006817541459118386,-79.3795323132262,2.689773238266375,0.0,0.0,none
traffic,ppo,17,111,969.2101756256936,32.7183174869699,60.70084807080269,1.0,0,prioritize_ns,0.9850543861463994,0.008128072394482226,0.006817541459118386,-79.9365211894185,6.935776051254801,0.0,0.0,none
traffic,ppo,17,112,976.1350697657751,32.909858000066606,61.03869835371973,1.0,0,prioritize_ns,0.9850543861463994,0.008128072394482226,0.006817541459118386,-80.01480119725602,1.823971431265395,0.0,0.0,none
traffic,ppo,17,113,976.306353930304,31.753509443995956,62.43883818028253,1.0,0,prioritize_ns,0.9850543851919391,0.00812807335554839,0.0068175414525125854,-80.5088093945637,5.741757254730752,0.0,0.0,none
traffic,ppo,17,114,981.8864099084608,30.562564649728877,61.79665273206838,1.0,0,prioritize_ns,0.9850543851919391,0.00812807335554839,0.0068175414525125854,-80.67393668135196,2.1360318024662464,0.0,0.0,none
traffic,ppo,17,115,983.62204450274,29.330122886787137,61.619758081935686,1.0,0,prioritize_ns,0.9850543842374787,0.008128074316614668,0.0068175414459067845,-80.58938060451318,3.960001061084606,0.0,0.0,none
traffic,ppo,17,116,980.3312928559176,28.2242234460448,63.524895460103636,1.0,0,prioritize_ns,0.9850543805735287,0.008128077193208365,0.006817542233262979,-80.32310490829438,6.288506212013664,0.0,0.0,none
traffic,ppo,17,117,974.6402784292179,25.701041732688587,64.41440049944603,1.0,0,prioritize_ns,0.9850543445806426,0.008128106933482624,0.006817548485874704,-80.40750998322014,2.5229947180717742,0.0,0.0,none
traffic,ppo,17,118,972.4869224654947,25.236113707038164,65.64419819495551,1.0,0,prioritize_ns,0.9850543033536053,0.008128144382275139,0.006817552264119507,-80.94315417290763,4.022555198604127,0.0,0.0,none
traffic,ppo,17,119,976.4154040444919,24.905798827206226,66.44349469154379,1.0,0,prioritize_ns,0.985054262434203,0.0081281798958693,0.00681755766992775,-80.99507237242102,1.779302026356601,0.0,0.0,none
traffic,ppo,17,120,974.8441564739624,24.24442239424449,66.95308078537347,1.0,0,prioritize_ns,0.9850541487581609,0.00812827972975722,0.006817571512081916,-81.26467574249732,3.282275759525121,0.0,0.0,none
traffic,ppo,17,121,977.8037501866517,25.49449146614682,67.6249933785353,1.0,0,prioritize_ns,0.9850542598785906,0.008128180843736257,0.006817559277672966,-81.87207711336922,5.324003894682683,0.0,0.0,none
traffic,ppo,17,122,982.6423806166184,27.600420437480096,68.33049759574106,1.0,0,prioritize_ns,0.9850543480907079,0.0081281050245542,0.006817546884737786,-82.70116705852537,7.940536474278686,0.0,0.0,none
traffic,ppo,17,123,990.1772610103974,29.53806770898053,69.91896226391675,1.0,0,prioritize_ns,0.9850543660716119,0.008128087731919472,0.006817546196468476,-83.31743548610035,7.1190889693162065,0.0,0.0,none
traffic,ppo,17,124,997.2062394201105,30.158167075123735,70.86255489049653,1.0,0,prioritize_ns,0.9850543714905957,0.008128083900860377,0.0068175446085436886,-84.51670227318601,14.765461034529777,0.0,0.0,none
traffic,ppo,17,125,1011.5422083972002,33.33961038464758,72.4043887072307,1.0,0,prioritize_ns,0.9850543834369109,0.008128074310008865,0.006817542253080391,-85.1093693703834,6.828328553933701,0.0,0.0,none
traffic,ppo,17,126,1018.3274872150072,34.10474740567112,72.37933787600686,1.0,0,prioritize_ns,0.9850543842374787,0.008128074316614668,0.0068175414459067845,-86.11442929201465,10.461761477259415,0.0,0.0,none
traffic,ppo,17,127,1028.6809271196198,35.207709300600285,73.39826398077511,1.0,0,prioritize_ns,0.9850543851919391,0.00812807335554839,0.0068175414525125854,-87.40020729349347,16.879045179385816,0.0,0.0,none
traffic,ppo,17,128,1045.3780734104848,37.0401624800175,75.05645192381526,1.0,0,prioritize_ns,0.9850543851919391,0.00812807335554839,0.0068175414525125854,-88.81807218239884,18.335262417187952,0.0,0.0,none
traffic,ppo,17,129,1063.5512896772298,39.26901005142385,76.03025731130212,1.0,0,prioritize_ns,0.9850543783257174,0.008128076205718529,0.006817545468564152,-89.66972630621554,10.404574344044843,0.0,0.0,none
traffic,ppo,17,130,1073.8990967720995,38.47137767497984,76.76635390833833,1.0,0,prioritize_ns,0.9850543826363428,0.00812807430340306,0.006817543060254091,-91.27783648177432,21.521425729536592,0.0,0.0,none
traffic,ppo,17,131,1095.2130904573355,41.377120648465635,77.43125720184524,1.0,0,prioritize_ns,0.9850543799268536,0.008128076218930143,0.006817543854216278,-92.34255594843033,14.014693668420406,0.0,0.0,none
traffic,ppo,17,132,1109.2071833587315,42.10525124782235,77.21485868743001,1.0,0,prioritize_ns,0.9850543791262855,0.008128076212324335,0.006817544661390167,-93.38380794473416,12.702409996660078,0.0,0.0,none
traffic,ppo,17,133,1121.8439417232407,41.29317366255117,78.21690048084817,1.0,0,prioritize_ns,0.9850543826363428,0.00812807430340306,0.006817543060254091,-94.61842970459733,17.827467285701093,0.0,0.0,none
traffic,ppo,17,134,1139.670905050113,41.22392307457667,78.1021280052483,1.0,0,prioritize_ns,0.9850543851919391,0.00812807335554839,0.0068175414525125854,-95.48356773034196,11.617046728319632,0.0,0.0,none
traffic,ppo,17,135,1151.2851385868305,41.47720836294623,78.06747825421822,1.0,0,prioritize_ns,0.9850543851919391,0.00812807335554839,0.0068175414525125854,-96.4397763767216,13.603679529857587,0.0,0.0,none
traffic,ppo,17,136,1164.724351392704,39.9022521870737,76.66492025057134,1.0,0,prioritize_ns,0.9850543861463994,0.008128072394482226,0.006817541459118386,-97.70513642662917,17.10547489913035,0.0,0.0,none
traffic,ppo,17,137,1181.8041434397342,40.51939201620053,77.36998307492658,1.0,0,prioritize_ns,0.9850543861463994,0.008128072394482226,0.006817541459118386,-98.64309849782788,12.305835365947516,0.0,0.0,none
traffic,ppo,17,138,1194.1019140735439,40.45159447006064,77.81023866518038,1.0,0,prioritize_ns,0.9850543861463994,0.008128072394482226,0.006817541459118386,-99.91678757285632,15.298441478031952,0.0,0.0,none
traffic,ppo,17,139,1209.384029559367,39.94262490185079,78.30034876849231,1.0,0,prioritize_ns,0.9850543861463994,0.008128072394482226,0.006817541459118386,-101.26090496553198,18.01480658970924,0.0,0.0,none
traffic,ppo,17,140,1227.3452210805408,41.21201649874207,78.86382066494245,1.0,0,prioritize_ns,0.9850543861463994,0.008128072394482226,0.006817541459118386,-101.83052957969181,7.044075301863082,0.0,0.0,none
traffic,ppo,17,141,1233.7003176746812,39.79519325639545,81.55163688585661,1.0,0,prioritize_ns,0.9850543861463994,0.008128072394482226,0.006817541459118386,-102.84342761116517,11.460999705969096,0.0,0.0,none
traffic,ppo,17,142,1245.0762675434864,38.65442482075043,82.35221556337008,1.0,0,prioritize_ns,0.9850543861463994,0.008128072394482226,0.006817541459118386,-103.52314267290778,9.319973623643627,0.0,0.0,none
traffic,ppo,17,143,1254.3691347290542,38.053444131102026,82.73083150001452,1.0,0,prioritize_ns,0.9850543861463994,0.008128072394482226,0.006817541459118386,-104.0869757885552,6.742274696423277,0.0,0.0,none
traffic,ppo,17,144,1260.8417837691034,36.29155084194724,83.4081899900412,1.0,0,prioritize_ns,0.9850543851919391,0.00812807335554839,0.0068175414525125854,-104.35186631280015,3.8504325775443697,0.0,0.0,none
traffic,ppo,17,145,1262.9563820632202,33.12223219653585,82.85166109359389,1.0,0,prioritize_ns,0.9850543834369109,0.008128074310008865,0.006817542253080391,-105.05337266091588,7.602620456417682,0.0,0.0,none
traffic,ppo,17,146,1270.5084208279495,33.36162063065365,83.69382585061992,1.0,0,prioritize_ns,0.9850543834369109,0.008128074310008865,0.006817542253080391,-105.54572430534047,5.819389484389963,0.0,0.0,none
traffic,ppo,17,147,1276.2103749560365,32.226821482510054,83.4383968280072,1.0,0,prioritize_ns,0.9850543815279895,0.008128076232141752,0.006817542239868783,-105.88491947611149,2.635104438591858,0.0,0.0,none
traffic,ppo,17,148,1278.2107383297885,30.768320720146896,84.34122422093694,1.0,0,prioritize_ns,0.9850543732456256,0.008128082946398791,0.0068175438079756175,-106.20934694797978,2.1741452373087617,0.0,0.0,none
traffic,ppo,17,149,1278.7931837220306,29.59027999058545,86.07324180672025,1.0,0,prioritize_ns,0.985054345073419,0.008128108875440672,0.006817546051140304,-106.27668935664981,0.856089006262126,0.0,0.0,none
traffic,ppo,17,150,1278.7187559369747,29.152474774750942,86.805140354637,1.0,0,prioritize_ns,0.9850543081259473,0.008128139576903802,0.006817552297148844,-106.35584334547347,2.1508980425316953,0.0,0.0,none
traffic,ppo,17,151,1277.4980592416248,27.397927682735094,87.04561170267485,1.0,0,prioritize_ns,0.9850541156279817,0.00812830658748502,0.006817577784533283,-106.75220193235135,4.029996748825586,0.0,0.0,none
traffic,ppo,17,152,1281.5139165982011,27.060708328432902,87.03878570382336,1.0,0,prioritize_ns,0.9850540688269892,0.008128348836074877,0.006817582336935884,-107.0939055970303,1.8435359278757135,0.0,0.0,none
traffic,ppo,17,153,1282.9388261290603,26.945617559854384,88.20283538541916,1.0,0,prioritize_ns,0.9850538893799629,0.008128504330722746,0.006817606289314316,-107.66462365609853,6.994513160005503,0.0,0.0,none
traffic,ppo,17,154,1289.63456768653,28.168276792899928,89.81384865070002,1.0,0,prioritize_ns,0.9850540465348278,0.008128368031643607,0.0068175854335286,-107.81798681589139,0.927250881765262,0.0,0.0,none
traffic,ppo,17,155,1290.4731988140254,28.350888575410163,90.1647688219909,1.0,0,prioritize_ns,0.9850540538629391,0.008128362278253129,0.006817583858807805,-108.34768451048787,5.264444283024154,0.0,0.0,none
traffic,ppo,17,156,1295.5729321020026,29.614974572075607,90.4951936903005,1.0,0,prioritize_ns,0.9850542366323553,0.00812820099999274,0.006817562367652091,-108.95306570544261,6.728197681497932,0.0,0.0,none
traffic,ppo,17,157,1302.201859812757,30.137588642911243,91.52127165023883,1.0,0,prioritize_ns,0.9850542531972776,0.008128187571290794,0.006817559231431607,-108.83838184894378,2.35189478617457,0.0,0.0,none
traffic,ppo,17,158,1300.2129638006554,29.454827534319083,92.57461822514928,1.0,0,prioritize_ns,0.9850540791724806,0.008128339231701313,0.006817581595818165,-109.03506394115199,3.0647972604882625,0.0,0.0,none
traffic,ppo,17,159,1303.1505325590047,28.703192974494975,92.128840784777,1.0,1,prioritize_ew,0.9850539672495396,0.00812843811302689,0.00681759463743338,-108.7873864282536,2.0960884115105314,0.0,0.0,none
traffic,ppo,17,160,1304.3657198737055,28.778504211936063,90.42260673384087,1.0,0,prioritize_ns,0.9850541691411462,0.008128262456571823,0.006817568402282081,-109.17936697728537,4.697626756762676,0.0,0.0,none
traffic,ppo,17,161,1309.055472835513,28.696508146702122,90.68181890245341,1.0,0,prioritize_ns,0.9850541514677005,0.008128277814182598,0.0068175707181168605,-109.53249565474738,4.500862008074222,0.0,0.0,none
traffic,ppo,17,162,1313.5263267978019,28.264893397008997,90.39383909159979,1.0,0,prioritize_ns,0.9850541137190063,0.008128308509672387,0.006817577771321228,-110.14635812012415,9.790053036588809,0.0,0.0,none
traffic,ppo,17,163,1323.0420452803928,30.565816295947492,90.43849368194736,1.0,0,prioritize_ns,0.9850543350359937,0.008128116544189832,0.006817548419816312,-110.79672582568367,9.15030254232208,0.0,0.0,none
traffic,ppo,17,164,1332.1002411167785,31.789941711554796,90.86115403326336,1.0,0,prioritize_ns,0.9850543646554674,0.008128091596009456,0.006817543748523285,-111.62544898432569,11.168059788038052,0.0,0.0,none
traffic,ppo,17,165,1343.094634878671,33.745783000993114,90.7076936534269,1.0,0,prioritize_ns,0.9850543805735287,0.008128077193208365,0.006817542233262979,-112.33198328345678,11.600848662376647,0.0,0.0,none
traffic,ppo,17,166,1354.5958340879884,35.108072250495056,90.03965590325346,1.0,0,prioritize_ns,0.9850543834369109,0.008128074310008865,0.006817542253080391,-113.35055081152666,14.204338049279253,0.0,0.0,none
traffic,ppo,17,167,1368.6592262554036,37.02657989152031,89.48870345974025,1.0,0,prioritize_ns,0.9850543851919391,0.00812807335554839,0.0068175414525125854,-114.67848954951857,18.88454564086704,0.0,0.0,none
traffic,ppo,17,168,1387.380818807165,38.86775470535446,91.14342751308689,1.0,0,prioritize_ns,0.9850543861463994,0.008128072394482226,0.006817541459118386,-115.70908709723693,12.934778731283062,0.0,0.0,none
traffic,ppo,17,169,1400.2924762841621,39.63844703347671,91.2037214541663,1.0,0,prioritize_ns,0.9850543861463994,0.008128072394482226,0.006817541459118386,-117.2437195001273,20.570199093284288,0.0,0.0,none
traffic,ppo,17,170,1420.7399206308871,41.52905715044327,92.41231725531821,1.0,0,prioritize_ns,0.9850543861463994,0.008128072394482226,0.006817541459118386,-118.1188438773813,12.29637214606218,0.0,0.0,none
traffic,ppo,17,171,1433.0348397412174,41.68780113064583,92.3096899020517,1.0,0,prioritize_ns,0.9850543861463994,0.008128072394482226,0.006817541459118386,-119.09414180468791,11.674215880064759,0.0,0.0,none
traffic,ppo,17,172,1444.6382412345556,41.19580299583042,93.49557692622022,1.0,0,prioritize_ns,0.9850543861463994,0.008128072394482226,0.006817541459118386,-120.23606131071844,12.951788937118891,0.0,0.0,none
traffic,ppo,17,173,1457.512221796415,40.026280597849976,94.29662531749649,1.0,0,prioritize_ns,0.9850543861463994,0.008128072394482226,0.006817541459118386,-121.57613085754089,15.281290033144698,0.0,0.0,none
traffic,ppo,17,174,1472.7270037287356,40.48690548891467,95.64423822139298,1.0,0,prioritize_ns,0.9850543861463994,0.008128072394482226,0.006817541459118386,-122.56733923834423,9.459464376886379,0.0,0.0,none
traffic,ppo,17,175,1481.9013385867224,38.232283591167054,96.12353594651405,1.0,0,prioritize_ns,0.9850543851919391,0.00812807335554839,0.0068175414525125854,-123.35593909410755,7.3923427962472195,0.0,0.0,none
traffic,ppo,17,176,1488.7825530364753,37.14954265905162,98.59806454559356,1.0,0,prioritize_ns,0.9850543851919391,0.00812807335554839,0.0068175414525125854,-124.02092514163549,5.869916936968746,0.0,0.0,none
traffic,ppo,17,177,1494.035760455265,35.879503844141944,100.88864047114318,1.0,0,prioritize_ns,0.9850543815279895,0.008128076232141752,0.006817542239868783,-125.24501230516037,12.886498554466545,0.0,0.0,none
traffic,ppo,17,178,1506.8185064670329,35.86125693412363,102.52048496225659,1.0,0,prioritize_ns,0.9850543788184997,0.008128078147669283,0.00681754303383087,-125.79185682285099,4.088216863416902,0.0,0.0,none
traffic,ppo,17,179,1509.78733506644,33.41206626754092,103.89926665215285,1.0,0,prioritize_ns,0.9850543425178179,0.008128109823299442,0.00681754765888286,-126.57987458553079,6.044712554590908,0.0,0.0,none
traffic,ppo,17,180,1515.4955686393469,32.71884601052487,105.76315104235248,1.0,0,prioritize_ns,0.9850542662520934,0.008128176051555344,0.006817557696351358,-126.95196444176663,2.6848700526288054,0.0,0.0,none
traffic,ppo,17,181,1516.6031624312034,31.5641218789456,107.91916017305958,1.0,0,prioritize_ns,0.9850538717060547,0.008128519688786662,0.00681760860515873,-127.4496297203267,4.921343890965549,0.0,0.0,none
traffic,ppo,17,182,1521.4586763550567,31.484583179958328,108.71746075791083,1.0,0,prioritize_ns,0.9850537210763599,0.008128650230188472,0.006817628693451601,-128.10892000167195,7.172531857499146,0.0,0.0,none
traffic,ppo,17,183,1528.4578565089712,30.3278700083877,107.659772212731,1.0,0,prioritize_ns,0.9850534761907808,0.008128864301582479,0.0068176595076369795,-128.67254902160644,6.5535804237115824,0.0,0.0,none
traffic,ppo,17,184,1534.9490854386356,31.032350074439147,108.22286295966208,1.0,0,prioritize_ns,0.985053764707465,0.00812861279890381,0.0068176224936310915,-129.12415044581851,2.91496992662667,0.0,0.0,none
traffic,ppo,17,185,1537.2359466112227,30.34807559437516,109.89590930880621,1.0,0,prioritize_ns,0.9850527113834968,0.008129529559497028,0.006817759057006117,-129.76832522732818,5.598780992597228,0.0,0.0,none
traffic,ppo,17,186,1542.7285134015506,31.22507019406944,110.53539279488145,1.0,0,prioritize_ns,0.9850533281112208,0.008128993900511092,0.006817677988267934,-130.17530731463322,3.4046001548516633,0.0,0.0,none
traffic,ppo,17,187,1545.9301745236278,30.894299633714162,111.64501395104129,1.0,0,prioritize_ns,0.9850525547014171,0.008129667820216811,0.006817777478366086,-130.28816223073875,2.2357015532025426,0.0,0.0,none
traffic,ppo,17,188,1545.2551332322948,29.359455344664646,113.123842439528,1.0,0,prioritize_ns,0.9850458105815132,0.008135518216359959,0.0068186712021269195,-130.6617670196236,2.7527942158186365,0.0,0.0,none
traffic,ppo,17,189,1547.8641398964908,28.58301089157098,113.533835405426,1.0,0,prioritize_ns,0.9850384446304008,0.008141874313500668,0.006819681056098304,-131.4386894002078,10.940557254230768,0.0,0.0,none
traffic,ppo,17,190,1558.5017018704712,30.253151051849688,115.46999142389463,1.0,0,prioritize_ns,0.9850458896191011,0.008135450011535653,0.006818660369363162,-131.93965792085572,6.057834510035642,0.0,0.0,none
traffic,ppo,17,191,1564.5430587000558,30.362909059700986,115.90279598524124,1.0,0,prioritize_ns,0.9850460451358546,0.008135314552277754,0.006818640311867698,-132.91484467886693,13.530608788920526,0.0,0.0,none
traffic,ppo,17,192,1577.8347461799426,32.38091433126296,117.43121767436408,1.0,0,prioritize_ns,0.9850514458216355,0.008130630764940031,0.006817923413424547,-133.46004289552684,6.706107423942716,0.0,0.0,none
traffic,ppo,17,193,1584.3234284647936,33.81365904649975,116.52782320422257,1.0,0,prioritize_ns,0.9850536389250104,0.008128723197411132,0.006817637877578353,-134.28906101101398,10.812030233242895,0.0,0.0,none
traffic,ppo,17,194,1594.9990317143545,35.42697836357267,115.95450496477632,1.0,0,prioritize_ns,0.9850542102148203,0.008128225974929851,0.006817563810249961,-135.04179321013288,11.59223038305173,0.0,0.0,none
traffic,ppo,17,195,1606.5882249359522,35.61730461309613,115.76962217768322,1.0,0,prioritize_ns,0.9850542608330637,0.00812817988265749,0.006817559284278873,-135.88870575632052,12.67137274224391,0.0,0.0,none
traffic,ppo,17,196,1619.1751268137778,36.92641362274434,115.1216855359259,1.0,0,prioritize_ns,0.9850543535097002,0.008128101193487027,0.0068175452968128976,-136.17194814542162,4.7015051251445525,0.0,0.0,none
traffic,ppo,17,197,1623.4580940019234,35.12466956439612,115.83866590890337,1.0,0,prioritize_ns,0.985054247624338,0.008128192370084358,0.006817560005577736,-136.30952991146393,2.751846250883831,0.0,0.0,none
traffic,ppo,17,198,1625.9956009637535,34.33443449979195,116.55227977496624,1.0,0,prioritize_ns,0.9850541014645733,0.008128320036200024,0.0068175784992267115,-137.08905656187827,12.738004089284729,0.0,0.0,none
traffic,ppo,17,199,1638.7244834867054,34.745090354470186,116.29997110578444,1.0,0,prioritize_ns,0.9850542197595963,0.008128216364094309,0.006817563876309391,-137.3615488981218,4.5634437236497964,0.0,0.0,none
traffic,ppo,17,200,1643.0484439456443,33.29204380193843,116.16943266459958,1.0,0,prioritize_ns,0.9850539946222229,0.008128412176337354,0.006817593201439647,-138.07780720242832,12.654947842280952,1.0,1.0,traffic_wave_shift
traffic,ppo,17,201,1655.4873074631394,31.56243612987233,114.61031862620736,1.0,0,prioritize_ns,0.9850537693261335,0.008128608960993102,0.006817621712873314,-139.14685285453564,17.472758369701705,1.0,0.0,traffic_wave_shift
traffic,ppo,17,202,1672.9245200152634,32.49328520266799,113.99841711313165,1.0,0,prioritize_ns,0.9850541813954979,0.00812825093012516,0.006817567674377108,-139.99099991462234,11.862625329544032,1.0,0.0,traffic_wave_shift
traffic,ppo,17,203,1684.7856464450178,32.65800909625291,113.90662623448699,1.0,0,prioritize_ns,0.9850542355239744,0.008128202928761269,0.0068175615472642675,-141.1411609603038,16.198351709473485,1.0,0.0,traffic_wave_shift
traffic,ppo,17,204,1700.8994570225943,31.634994707177803,112.60849360122799,1.0,0,prioritize_ns,0.9850542318599775,0.008128205805400093,0.006817562334622455,-141.84077585925786,10.158956607203605,1.0,0.0,traffic_wave_shift
traffic,ppo,17,205,1711.033272929243,31.096965796719722,113.07828015777608,1.0,0,prioritize_ns,0.9850541683405752,0.00812826244996584,0.006817569209458856,-142.74716681417917,12.835615940675286,1.0,0.0,traffic_wave_shift
traffic,ppo,17,206,1723.8686396453206,31.176266436436247,113.08873237583826,1.0,0,prioritize_ns,0.9850542132321616,0.008128222123988338,0.00681756464384998,-143.73988898489824,12.090452346729286,1.0,0.0,traffic_wave_shift
traffic,ppo,17,207,1735.91084534641,30.09726506622934,113.09744123758303,1.0,0,prioritize_ns,0.9850540866544893,0.008128332510628328,0.0068175808348823015,-145.0997377235432,18.438861356961535,1.0,0.0,traffic_wave_shift
traffic,ppo,17,208,1754.2538101680368,31.393632744603728,114.45636748145301,1.0,0,prioritize_ns,0.9850542382334951,0.008128201013204588,0.006817560753300242,-146.12780933527895,13.57594353963741,1.0,0.0,traffic_wave_shift
traffic,ppo,17,209,1767.8190277028896,30.883914136059026,114.63329448235766,1.0,0,prioritize_ns,0.9850542038412873,0.008128230767139944,0.006817565391572775,-147.04053318362924,12.476346797982256,1.0,0.0,traffic_wave_shift
traffic,ppo,17,210,1780.2845559243808,31.350256599027603,114.40447077300932,1.0,0,prioritize_ns,0.9850542812158345,0.008128162609682486,0.006817556174483116,-147.69910923262444,7.394504656949905,1.0,0.0,traffic_wave_shift
traffic,ppo,17,211,1787.2505460069392,30.176381272323738,116.58980781994461,1.0,0,prioritize_ns,0.98505396183038,0.008128441944251467,0.006817596225368588,-148.56741999301087,10.72038305351544,1.0,0.0,traffic_wave_shift
traffic,ppo,17,212,1797.9456770063352,29.906966331985053,117.27406019281673,1.0,0,prioritize_ns,0.9850538382671815,0.008128548482756709,0.006817613250061813,-149.87529338375836,15.208909952171433,1.0,0.0,traffic_wave_shift
traffic,ppo,17,213,1813.1381550404647,29.276868974485616,117.59426393393628,1.0,0,prioritize_ns,0.9850536481624518,0.008128715521488153,0.006817636316060093,-150.86334797611718,12.33791920366877,1.0,0.0,traffic_wave_shift
traffic,ppo,17,214,1825.4630185513868,29.028798169699492,118.10460753310454,1.0,0,prioritize_ns,0.9850535172671754,0.008128827817261966,0.006817654915562524,-151.5689297451844,7.713470100062562,1.0,0.0,traffic_wave_shift
traffic,ppo,17,215,1833.012841487369,28.045657112597667,119.3420356246376,1.0,0,prioritize_ns,0.9850521065687773,0.008130055660312819,0.0068178377709098535,-152.48971848036257,9.935443665357694,1.0,0.0,traffic_wave_shift
traffic,ppo,17,216,1842.9105769187724,28.632006182366684,119.97769978582637,1.0,0,prioritize_ns,0.9850527475357347,0.008129498846221224,0.006817753618044105,-154.14576280900812,21.017068335671368,1.0,0.0,traffic_wave_shift
traffic,ppo,17,217,1863.609625449041,30.63278968854114,123.02128594844564,1.0,0,prioritize_ns,0.9850535144035303,0.008128830700726564,0.006817654895742946,-155.17010786993706,12.884665924032705,1.0,0.0,traffic_wave_shift
traffic,ppo,17,218,1876.4761152706765,30.167592046042337,123.52293004249438,1.0,0,prioritize_ns,0.985053221261136,0.008129086048222621,0.006817692690641307,-156.9751988903608,22.793470788793012,1.0,0.0,traffic_wave_shift
traffic,ppo,17,219,1899.0268087734835,32.21275804441932,126.1355588299613,1.0,0,prioritize_ns,0.9850538809432999,0.008128512013054218,0.006817607043645802,-158.3907202770785,16.81283591997871,1.0,0.0,traffic_wave_shift
traffic,ppo,17,220,1915.7394582912993,34.04532336078598,126.15796704330958,1.0,0,prioritize_ns,0.9850542708705515,0.008128172213849092,0.006817556915599528,-160.03252235502447,23.326541387590623,1.0,0.0,traffic_wave_shift
traffic,ppo,17,221,1938.903244017415,36.69853341972848,125.43199161349054,1.0,0,prioritize_ns,0.9850543716444894,0.008128082933187166,0.006817545422323481,-161.90792961801867,24.80390139084938,1.0,0.0,traffic_wave_shift
traffic,ppo,17,222,1963.6588341620059,37.50984174259297,126.74958775999023,1.0,0,prioritize_ns,0.9850543778640387,0.008128079108736122,0.006817543027225063,-163.38922249557788,21.195348555666587,1.0,0.0,traffic_wave_shift
traffic,ppo,17,223,1984.7207435108785,39.14892564804039,125.03139716317841,1.0,0,prioritize_ns,0.9850543842374787,0.008128074316614668,0.0068175414459067845,-165.24090294219585,26.00840961567893,1.0,0.0,traffic_wave_shift
traffic,ppo,17,224,2010.7110473648981,39.83684771828289,125.7156774697373,1.0,0,prioritize_ns,0.9850543851919391,0.00812807335554839,0.0068175414525125854,-167.06390185866772,25.650943862415225,1.0,0.0,traffic_wave_shift
traffic,ppo,17,225,2036.2684741251337,41.60580316676692,124.42740147087241,1.0,0,prioritize_ns,0.9850543861463994,0.008128072394482226,0.006817541459118386,-168.93237223581315,26.931751288146224,1.0,0.0,traffic_wave_shift
traffic,ppo,17,226,2063.1893743394185,42.3572260644007,124.56783910115868,1.0,0,prioritize_ns,0.9850543861463994,0.008128072394482226,0.006817541459118386,-170.49304562825625,24.04903245003982,1.0,0.0,traffic_wave_shift
traffic,ppo,17,227,2087.2308907886295,42.21441132532476,123.98384205006468,1.0,0,prioritize_ns,0.9850543861463994,0.008128072394482226,0.006817541459118386,-171.68438790248092,16.952165892893632,1.0,0.0,traffic_wave_shift
traffic,ppo,17,228,2104.0824425148794,41.372339800800184,125.62458835138452,1.0,0,prioritize_ns,0.9850543861463994,0.008128072394482226,0.006817541459118386,-173.44472433369933,24.917692015020645,1.0,0.0,traffic_wave_shift
traffic,ppo,17,229,2128.9992010934393,41.15763074570828,125.60416006591886,1.0,0,prioritize_ns,0.9850543861463994,0.008128072394482226,0.006817541459118386,-174.80129642278487,21.856860065753672,1.0,0.0,traffic_wave_shift
traffic,ppo,17,230,2150.8229601645503,40.41089720788335,124.66168409088002,1.0,0,prioritize_ns,0.9850543861463994,0.008128072394482226,0.006817541459118386,-175.9968141645026,16.77616549251503,1.0,0.0,traffic_wave_shift
traffic,ppo,17,231,2167.4715389742582,38.35643292696794,124.87079833630216,1.0,0,prioritize_ns,0.9850543861463994,0.008128072394482226,0.006817541459118386,-177.38666059616065,20.90854395984727,1.0,0.0,traffic_wave_shift
traffic,ppo,17,232,2188.357922893652,37.72540642100447,124.14417405833515,1.0,0,prioritize_ns,0.9850543861463994,0.008128072394482226,0.006817541459118386,-178.3990812386775,15.055386958229409,1.0,0.0,traffic_wave_shift
traffic,ppo,17,233,2203.407164437095,37.364944384443255,124.37884947103088,1.0,0,prioritize_ns,0.9850543861463994,0.008128072394482226,0.006817541459118386,-179.78489465571306,20.429627342417028,1.0,0.0,traffic_wave_shift
traffic,ppo,17,234,2223.784186691349,36.456997119581956,123.2289498389303,1.0,0,prioritize_ns,0.9850543861463994,0.008128072394482226,0.006817541459118386,-180.97209764629912,18.656647931920332,1.0,0.0,traffic_wave_shift
traffic,ppo,17,235,2242.402957763351,35.815999519760126,122.22845101282633,1.0,0,prioritize_ns,0.9850543861463994,0.008128072394482226,0.006817541459118386,-182.33242007069055,18.419720661932423,1.0,0.0,traffic_wave_shift
traffic,ppo,17,236,2260.8182371696057,36.16933963906953,122.42528701887362,1.0,0,prioritize_ns,0.9850543861463994,0.008128072394482226,0.006817541459118386,-183.18710240055336,13.242210830453661,1.0,0.0,traffic_wave_shift
traffic,ppo,17,237,2273.9673091577397,34.62187725281751,122.6771077729621,1.0,0,prioritize_ns,0.9850543861463994,0.008128072394482226,0.006817541459118386,-184.10223587435172,13.491626890937962,1.0,0.0,traffic_wave_shift
traffic,ppo,17,238,2287.4543905578034,34.30944522414162,122.83527761772532,1.0,0,prioritize_ns,0.9850543861463994,0.008128072394482226,0.006817541459118386,-184.43877137159902,5.923020016274774,1.0,0.0,traffic_wave_shift
traffic,ppo,17,239,2291.8271123796712,31.108585137664353,125.22608599326476,1.0,0,prioritize_ns,0.9850543824824503,0.008128075271075253,0.006817542246474588,-185.0213128078097,8.45390588298418,1.0,0.0,traffic_wave_shift
traffic,ppo,17,240,2300.0139372214817,29.022195891626108,124.92375570717711,1.0,0,prioritize_ns,0.9850543823285574,0.008128076238747556,0.006817541432695178,-185.75208381505132,8.921137583347681,1.0,0.0,traffic_wave_shift
traffic,ppo,17,241,2308.682703678008,27.072893301680438,124.1241287216035,1.0,0,prioritize_ns,0.9850546139888471,0.00812792505880804,0.006817460952344862,-186.24783364123138,5.987536700996038,1.0,0.0,traffic_wave_shift
traffic,ppo,17,242,2314.484924314656,25.603523031383315,124.28469782883111,1.0,0,prioritize_ns,0.9850560417385561,0.008126981535044363,0.006816976726399584,-186.50275404936116,4.476672144506424,1.0,0.0,traffic_wave_shift
traffic,ppo,17,243,2318.332066085748,23.675535105588914,123.05061669677,1.0,0,prioritize_ns,0.9851217636670415,0.00808336939192126,0.006794866941037187,-187.05768557431352,8.183349241700267,1.0,0.0,traffic_wave_shift
traffic,ppo,17,244,2326.478245955341,24.43022671513412,122.85722869726398,1.0,0,prioritize_ns,0.9851093584322741,0.008091592576453616,0.006799048991272209,-187.5452574429586,5.192020211724405,1.0,0.0,traffic_wave_shift
traffic,ppo,17,245,2331.594209275967,23.816054410897088,123.49502612723303,1.0,0,prioritize_ns,0.9851382122005136,0.008072448504664471,0.006789339294821928,-187.73502216881576,2.4971843054429246,1.0,0.0,traffic_wave_shift
traffic,ppo,17,246,2333.674596382095,22.49837854081747,123.90933186629145,1.0,0,prioritize_ns,0.985338910990027,0.007939311270050957,0.006721777739921942,-187.9356859494482,2.227059712516981,1.0,0.0,traffic_wave_shift
traffic,ppo,17,247,2335.697366771759,21.742488491420588,124.45414848409763,1.0,0,prioritize_ns,0.9854959298814586,0.007835218081819324,0.00666885203672203,-188.49841771523285,7.2065543234769445,1.0,0.0,traffic_wave_shift
traffic,ppo,17,248,2342.851188007683,22.40382438438703,125.01974708588065,1.0,0,prioritize_ns,0.9852536255645847,0.007995909351439545,0.00675046508397576,-188.96712067505598,5.9347215249566005,1.0,0.0,traffic_wave_shift
traffic,ppo,17,249,2348.7662745685966,21.957605722651113,124.83655466900235,1.0,0,prioritize_ns,0.985569524923798,0.007786400888701081,0.006644074187500896,-190.0621620497435,15.914200559247838,1.0,0.0,traffic_wave_shift
traffic,ppo,17,250,2364.2739781867576,24.035953782158266,127.74402389064208,1.0,0,prioritize_ns,0.9850626808529696,0.008122608079487014,0.00681471106754344,-190.74633866472706,10.66336528755236,1.0,0.0,traffic_wave_shift
traffic,ppo,17,251,2374.783568625601,25.721794448701253,127.10074377236238,1.0,0,prioritize_ns,0.9850584160803401,0.008125406612560697,0.006816177307099283,-191.6711506247895,15.012835675841826,1.0,0.0,traffic_wave_shift
traffic,ppo,17,252,2389.5297584940317,28.266478344454594,125.89256197117525,1.0,0,prioritize_ns,0.9850559552898223,0.008127031200178547,0.006817013509999241,-193.07987941918924,20.186955855038793,1.0,0.0,traffic_wave_shift
traffic,ppo,17,253,2409.5299977762083,30.835761953705127,126.84250780342106,1.0,0,prioritize_ns,0.9850544873826781,0.008128005404177236,0.0068175072131448225,-194.2178998867284,16.387776524338086,1.0,0.0,traffic_wave_shift
traffic,ppo,17,254,2425.698693022942,32.88648369086905,125.13164434112252,1.0,0,prioritize_ns,0.9850545125684393,0.008127988171203925,0.006817499260356796,-195.68170305422535,20.693626676595628,1.0,0.0,traffic_wave_shift
traffic,ppo,17,255,2446.3528776145727,33.915779885562905,125.88754990978717,1.0,0,prioritize_ns,0.9850544497578416,0.008128030286038026,0.006817519956120393,-196.97870638202477,20.410204161076038,1.0,0.0,traffic_wave_shift
traffic,ppo,17,256,2466.5833959514725,35.859965465174284,124.01066308602964,1.0,0,prioritize_ns,0.9850545214973916,0.008127982431291316,0.006817496071317275,-198.4644494051318,19.97591317006481,1.0,0.0,traffic_wave_shift
traffic,ppo,17,257,2486.5293415752444,36.89991661624253,123.67175047945379,1.0,0,prioritize_ns,0.9850545674042878,0.008127950835421019,0.006817481760291291,-200.06639183970748,22.16938667426509,1.0,0.0,traffic_wave_shift
traffic,ppo,17,258,2508.6863118109136,37.33126280694101,124.27533639092184,1.0,0,prioritize_ns,0.9850546273510412,0.008127911604135481,0.006817461044823223,-201.37190802095293,19.413962144143508,1.0,0.0,traffic_wave_shift
traffic,ppo,17,259,2528.046874143982,37.96963622420807,122.98575054200434,1.0,0,prioritize_ns,0.9850556783946306,0.008127214930762046,0.006817106674607498,-203.00631892018382,24.66183249686486,1.0,0.0,traffic_wave_shift
traffic,ppo,17,260,2552.6899847962036,38.76742143632623,123.52111793092425,1.0,0,prioritize_ns,0.9850557520367371,0.008127165158844672,0.006817082804418322,-204.872463906955,25.48509234179978,1.0,0.0,traffic_wave_shift
traffic,ppo,17,261,2578.1368645330685,39.81069371631922,124.44730704627364,1.0,0,prioritize_ns,0.9850551703392955,0.008127551777534409,0.006817277883169988,-207.06303372484103,31.116781250895123,1.0,0.0,traffic_wave_shift
traffic,ppo,17,262,2609.1365505592994,42.021441796811,125.99201886916103,1.0,0,prioritize_ns,0.985054473989216,0.008128014014071724,0.006817511996712244,-208.86821220399023,26.592583528407214,1.0,0.0,traffic_wave_shift
traffic,ppo,17,263,2635.7112283112256,42.90498330006238,125.57806777467405,1.0,0,prioritize_ns,0.985054620023272,0.008127917357209821,0.006817462619518049,-210.47455726335542,21.622946440689685,1.0,0.0,traffic_wave_shift
traffic,ppo,17,264,2657.328365292012,43.35629822960597,125.3600852863594,1.0,0,prioritize_ns,0.9850550233564277,0.008127649391112173,0.006817327252460253,-212.42068989293801,27.17357907963653,1.0,0.0,traffic_wave_shift
traffic,ppo,17,265,2684.496600650269,43.86132317081304,125.54806753121089,1.0,0,prioritize_ns,0.9850559428520582,0.008127038848107481,0.0068170182998342375,-214.27858311725393,25.084641412196966,1.0,0.0,traffic_wave_shift
traffic,ppo,17,266,2709.5753708120837,43.787701255802986,126.08574937302132,1.0,0,prioritize_ns,0.9850591185468534,0.008124930046211535,0.006815951406935013,-215.81331068931567,19.754378444546656,1.0,0.0,traffic_wave_shift
traffic,ppo,17,267,2729.185822584459,41.509854405031945,126.77644665703829,1.0,2,balanced,0.9851711200807035,0.008050589633879782,0.0067782902854168076,-217.43018552777616,22.625971257067068,1.0,0.0,traffic_wave_shift
traffic,ppo,17,268,2751.797647640892,40.717283865933304,126.667934522057,1.0,0,prioritize_ns,0.9860030271411466,0.007499017483708557,0.006497955375144997,-218.84292076093658,17.80222619017031,1.0,0.0,traffic_wave_shift
traffic,ppo,17,269,2769.503349894483,39.934996920494235,128.34584756156917,1.0,0,prioritize_ns,0.9862866463578838,0.007311114767553448,0.006402238874562829,-220.42170452096616,20.32023960341257,1.0,0.0,traffic_wave_shift
traffic,ppo,17,270,2789.776452168295,38.55597030360512,128.2374624815076,1.0,0,prioritize_ns,0.9878237799451615,0.006290222826546288,0.005885997228291988,-222.01161843458644,20.57696744472578,1.0,0.0,traffic_wave_shift
traffic,ppo,17,271,2810.332411960664,37.651408229716026,128.02328103907618,1.0,0,prioritize_ns,0.9879997128513549,0.006172502292131142,0.005827784856513778,-223.4167767028303,16.01591631127906,1.0,0.0,traffic_wave_shift
traffic,ppo,17,272,2826.1690829546706,36.896652074042336,130.29038718192922,1.0,0,prioritize_ns,0.9879941143923664,0.006176254247566365,0.005829631360067162,-224.5384288709196,12.438280348525664,1.0,0.0,traffic_wave_shift
traffic,ppo,17,273,2838.236665149321,34.78780350168574,132.44376492462558,1.0,0,prioritize_ns,0.9880090798719026,0.00616622492028034,0.005824695207817169,-225.24095620715113,8.685209458593688,1.0,0.0,traffic_wave_shift
traffic,ppo,17,274,2846.39042149494,32.87741432009126,134.74583659396527,1.0,0,prioritize_ns,0.9880119547587259,0.006164298165048239,0.005823747076225922,-225.91261318281258,8.299908798085077,1.0,0.0,traffic_wave_shift
traffic,ppo,17,275,2854.288237116688,30.402356989678623,135.3679986890595,1.0,0,prioritize_ns,0.9880155409246177,0.006161894561182373,0.005822564514199841,-227.08261817012277,12.96239532931011,1.0,0.0,traffic_wave_shift
traffic,ppo,17,276,2867.1509244208787,28.86370249204295,134.91246567726427,1.0,0,prioritize_ns,0.9880157602175553,0.006161747550461723,0.005822492231982993,-228.01817582825018,12.476394055323043,1.0,0.0,traffic_wave_shift
traffic,ppo,17,277,2879.5991325890736,28.18600992688056,134.4192569870438,1.0,0,prioritize_ns,0.9880157666292924,0.006161743183224698,0.00582249018748298,-228.95672833123194,11.507647062515082,1.0,0.0,traffic_wave_shift
traffic,ppo,17,278,2891.0900532264463,28.070677615425048,135.02866840714378,1.0,0,prioritize_ns,0.9880157666292924,0.006161743183224698,0.00582249018748298,-229.46792121222944,6.400017630790733,1.0,0.0,traffic_wave_shift
traffic,ppo,17,279,2897.4268376550617,27.70728323202431,135.84923729627056,1.0,0,prioritize_ns,0.9880157666292924,0.006161743183224698,0.00582249018748298,-230.52856569023567,13.230723747395944,1.0,0.0,traffic_wave_shift
traffic,ppo,17,280,2910.6012700462366,28.76260658590967,136.45970815471875,1.0,0,prioritize_ns,0.9880157652177812,0.006161743908958904,0.005822490873259742,-231.62495238968427,15.791093232090294,1.0,0.0,traffic_wave_shift
traffic,ppo,17,281,2926.372625119873,29.344340139798863,136.99315981899878,1.0,0,prioritize_ns,0.9880157652177812,0.006161743908958904,0.005822490873259742,-232.5307278024868,13.490547369515085,1.0,0.0,traffic_wave_shift
traffic,ppo,17,282,2939.8609954787653,29.55237257793835,136.86883807844956,1.0,0,prioritize_ns,0.9880157659435156,0.006161743178947863,0.005822490877536578,-233.7301663615824,17.17089301938289,1.0,0.0,traffic_wave_shift
traffic,ppo,17,283,2956.985815152621,30.679152385234886,137.42605032426542,1.0,0,prioritize_ns,0.9880157652177812,0.006161743908958904,0.005822490873259742,-234.55839001675903,14.241669949304711,1.0,0.0,traffic_wave_shift
traffic,ppo,17,284,2970.8452742079,32.183687310567606,134.5145331427205,1.0,0,prioritize_ns,0.9880157666292924,0.006161743183224698,0.00582249018748298,-235.181576499512,10.687668205215006,1.0,0.0,traffic_wave_shift
traffic,ppo,17,285,2981.521112838012,31.683968558355133,134.56932709545546,1.0,0,prioritize_ns,0.9880157694523137,0.006161741731756538,0.0058224888159296925,-236.15146516252437,15.15687261656099,1.0,0.0,traffic_wave_shift
traffic,ppo,17,286,2996.668217781682,31.559118532361673,134.0397878512878,1.0,0,prioritize_ns,0.9880157694523137,0.006161741731756538,0.0058224888159296925,-237.20758795689613,16.531263347730142,1.0,0.0,traffic_wave_shift
traffic,ppo,17,287,3013.1851973355765,32.16484037136205,133.71551120705695,1.0,0,prioritize_ns,0.9880157694523137,0.006161741731756538,0.0058224888159296925,-237.923689903114,12.254241005403326,1.0,0.0,traffic_wave_shift
traffic,ppo,17,288,3025.3661804681105,31.176073063097846,132.81417233985022,1.0,0,prioritize_ns,0.9880157694523137,0.006161741731756538,0.0058224888159296925,-239.13229066821313,17.8555241008727,1.0,0.0,traffic_wave_shift
traffic,ppo,17,289,3043.1996189008114,31.97086893858218,133.2097909696275,1.0,0,prioritize_ns,0.9880157694523137,0.006161741731756538,0.0058224888159296925,-240.4953555458495,19.65182855266989,1.0,0.0,traffic_wave_shift
traffic,ppo,17,290,3062.7697755579043,33.749732543978276,133.0123621121307,1.0,0,prioritize_ns,0.9880157694523137,0.006161741731756538,0.0058224888159296925,-241.61441153817736,18.993337331883335,1.0,0.0,traffic_wave_shift
traffic,ppo,17,291,3081.725787021334,34.511513847930175,132.09793242867335,1.0,0,prioritize_ns,0.9880157694523137,0.006161741731756538,0.0058224888159296925,-242.9963596859388,20.527766679151743,1.0,0.0,traffic_wave_shift
traffic,ppo,17,292,3102.237943451356,35.310549223155775,132.14468596474563,1.0,0,prioritize_ns,0.9880157694523137,0.006161741731756538,0.0058224888159296925,-244.20846260202552,17.06844208506183,1.0,0.0,traffic_wave_shift
traffic,ppo,17,293,3119.2067321445893,36.26811033529564,130.57147198946356,1.0,0,prioritize_ns,0.9880157694523137,0.006161741731756538,0.0058224888159296925,-245.53428189551158,19.485859444083015,1.0,0.0,traffic_wave_shift
traffic,ppo,17,294,3138.68801367798,36.597678955433665,130.3073269233581,1.0,0,prioritize_ns,0.9880157694523137,0.006161741731756538,0.0058224888159296925,-246.7006758422979,16.08193415357703,1.0,0.0,traffic_wave_shift
traffic,ppo,17,295,3154.7401443303756,35.89407375449418,130.98750878111392,1.0,0,prioritize_ns,0.9880157694523137,0.006161741731756538,0.0058224888159296925,-247.63680080432073,13.430660395380686,1.0,0.0,traffic_wave_shift
traffic,ppo,17,296,3168.093262939724,34.77349518367803,131.89369073158093,1.0,0,prioritize_ns,0.9880157694523137,0.006161741731756538,0.0058224888159296925,-249.0562839771485,20.33412437802197,1.0,0.0,traffic_wave_shift
traffic,ppo,17,297,3188.4272545286663,34.737862215462044,131.8294211955233,1.0,0,prioritize_ns,0.9880157694523137,0.006161741731756538,0.0058224888159296925,-250.10930341322847,14.962341896273518,1.0,0.0,traffic_wave_shift
traffic,ppo,17,298,3203.382864589024,34.3352264888869,132.02763122351152,1.0,0,prioritize_ns,0.9880157694523137,0.006161741731756538,0.0058224888159296925,-251.19744270086647,14.949479758601646,1.0,0.0,traffic_wave_shift
traffic,ppo,17,299,3218.3042884039332,33.423254945190614,131.94785470951132,1.0,0,prioritize_ns,0.9880157694523137,0.006161741731756538,0.0058224888159296925,-252.19159592830982,12.980320112129187,1.0,0.0,traffic_wave_shift
traffic,ppo,17,300,3231.2499467511852,32.80196048416195,132.6638389008629,1.0,0,prioritize_ns,0.9880157694523137,0.006161741731756538,0.0058224888159296925,-253.65577808353942,3233.0885310567637,1.0,1.0,traffic_wave_shift|traffic_signal_latency
traffic,ppo,17,301,1.0,1.0,1.0,1.0,0,prioritize_ns,0.6612121954783603,0.23673664991480417,0.10205115460683561,-254.46624014772013,0.0,1.0,0.0,traffic_signal_latency
traffic,ppo,17,302,1.0,1.0,1.0,1.0,0,prioritize_ns,0.6612121954783603,0.23673664991480417,0.10205115460683561,-255.29139549132913,0.0,1.0,0.0,traffic_signal_latency
traffic,ppo,17,303,1.0,1.0,1.0,1.0,1,prioritize_ew,0.6612121954783603,0.23673664991480417,0.10205115460683561,-256.0902268233662,0.0,1.0,0.0,traffic_signal_latency
traffic,ppo,17,304,1.0,1.0,1.0,1.0,0,prioritize_ns,0.6612121954783603,0.23673664991480417,0.10205115460683561,-257.2489057175588,0.03604989483514698,1.0,0.0,traffic_signal_latency
traffic,ppo,17,305,1.0,1.0,1.0,0.963950105164853,0,prioritize_ns,0.663700136527781,0.23485921636368803,0.10144064710853086,-258.3333474676168,0.009710336627553273,1.0,0.0,traffic_signal_latency
traffic,ppo,17,306,1.0,1.0,1.0,0.9736604417924063,2,prioritize_ew,0.6630338251509755,0.2353621736646085,0.1016040011844161,-258.7047788239937,0.011042425421732283,1.0,0.0,traffic_signal_latency
traffic,ppo,17,307,1.0,1.0,1.0,0.962618016370674,0,prioritize_ns,0.6637913049639892,0.23479037805360253,0.10141831698240837,-259.5458316029109,0.0002549983163085967,1.0,0.0,traffic_signal_latency
traffic,ppo,17,308,1.0,1.0,1.0,0.9628730146869826,1,prioritize_ew,0.6637738485580517,0.2348035618437393,0.10142258959820898,-259.67917443745,0.03516553852045412,1.0,0.0,traffic_signal_latency
traffic,ppo,17,309,1.0,1.0,1.0,0.9980385532074367,2,balanced,0.661348551801656,0.23663379495359915,0.10201765324474488,-260.2969697155669,0.0019614467925632706,1.0,0.0,traffic_signal_latency
traffic,ppo,17,310,1.0,1.0,1.0,1.0,0,prioritize_ew,0.6612121954783603,0.23673664991480417,0.10205115460683561,-261.0644851265331,0.030941806027061536,1.0,0.0,traffic_signal_latency
traffic,ppo,17,311,1.0,1.0,1.0,0.9690581939729385,0,prioritize_ns,0.6633499617757331,0.23512354621763,0.1015264920066369,-261.67819664543947,0.013388125001324913,1.0,0.0,traffic_signal_latency
traffic,ppo,17,312,1.0,1.0,1.0,0.9824463189742634,1,prioritize_ew,0.6624285049684564,0.2358189925850278,0.10175250244651568,-262.5154641774397,0.017553681025736623,1.0,0.0,traffic_signal_latency
traffic,ppo,17,313,1.0,1.0,1.0,1.0,1,prioritize_ew,0.6612121954783603,0.23673664991480417,0.10205115460683561,-262.7163916149163,0.0,1.0,0.0,traffic_signal_latency
traffic,ppo,17,314,1.0,1.0,1.0,1.0,0,prioritize_ns,0.6612121954783603,0.23673664991480417,0.10205115460683561,-263.63121068339603,0.007277900662613246,1.0,0.0,traffic_signal_latency
traffic,ppo,17,315,1.0,1.0,1.0,0.9927220993373868,0,prioritize_ew,0.6617175634129357,0.23635541552445538,0.10192702106260888,-264.11125834453975,0.006068453950842767,1.0,0.0,traffic_signal_latency
traffic,ppo,17,316,1.0,1.0,1.0,0.986653645386544,0,prioritize_ns,0.6621377916801562,0.23603836020017302,0.1018238481196707,-265.2352113107375,0.013346354613456013,1.0,0.0,traffic_signal_latency
traffic,ppo,17,317,1.0,1.0,1.0,1.0,2,balanced,0.6612121954783603,0.23673664991480417,0.10205115460683561,-265.5156532595969,0.08463807079019392,1.0,0.0,traffic_signal_latency
traffic,ppo,17,318,1.0,1.0,1.0,0.9153619292098061,2,balanced,0.6669900682806638,0.23237412817037464,0.10063580354896164,-266.05248814160495,0.08463807079019392,1.0,0.0,traffic_signal_latency
traffic,ppo,17,319,1.0,1.0,1.0,1.0,0,prioritize_ns,0.6612121954783603,0.23673664991480417,0.10205115460683561,-267.3931605264215,0.0,1.0,0.0,traffic_signal_latency
traffic,ppo,17,320,1.0,1.0,1.0,1.0,0,prioritize_ns,0.6612121954783603,0.23673664991480417,0.10205115460683561,-268.73401125105823,0.0,1.0,0.0,traffic_signal_latency
traffic,ppo,17,321,1.0,1.0,1.0,1.0,1,prioritize_ew,0.6612121954783603,0.23673664991480417,0.10205115460683561,-269.2406676576177,0.0,1.0,0.0,traffic_signal_latency
traffic,ppo,17,322,1.0,1.0,1.0,1.0,0,prioritize_ns,0.6612121954783603,0.23673664991480417,0.10205115460683561,-270.05911948572003,0.013587289596485697,1.0,0.0,traffic_signal_latency
traffic,ppo,17,323,1.0,1.0,1.0,0.9864127104035143,1,prioritize_ew,0.6621544645445894,0.2360257751403838,0.10181976031502685,-270.27714223095285,0.013587289596485697,1.0,0.0,traffic_signal_latency
traffic,ppo,17,324,1.0,1.0,1.0,1.0,0,prioritize_ns,0.6612121954783603,0.23673664991480417,0.10205115460683561,-270.4885914968884,0.022166004929395022,1.0,0.0,traffic_signal_latency
traffic,ppo,17,325,1.0,1.0,1.0,0.977833995070605,0,prioritize_ns,0.6627465793274571,0.23557896272993462,0.10167445794260833,-270.93488075570235,0.0028053578768172382,1.0,0.0,traffic_signal_latency
traffic,ppo,17,326,1.0,1.0,1.0,0.9750286371937877,0,prioritize_ns,0.6629397266769347,0.23543319110204625,0.10162708222101907,-271.73580237357373,0.02497136280621226,1.0,0.0,traffic_signal_latency
traffic,ppo,17,327,1.0,1.0,1.0,1.0,0,prioritize_ns,0.6612121954783603,0.23673664991480417,0.10205115460683561,-272.4280696136977,0.02857913833798209,1.0,0.0,traffic_signal_latency
traffic,ppo,17,328,1.0,1.0,1.0,0.9714208616620179,0,prioritize_ns,0.6631877494287128,0.23524598742087266,0.10156626315041449,-272.4748170606759,0.02725279661885549,1.0,0.0,traffic_signal_latency
traffic,ppo,17,329,1.0,1.0,1.0,0.9986736582808734,0,prioritize_ns,0.6613043844712252,0.23666711054598602,0.10202850498278877,-272.8652380108658,0.004401889282881544,1.0,0.0,traffic_signal_latency
traffic,ppo,17,330,1.0,1.0,1.0,0.9942717689979919,1,prioritize_ew,0.6616101231022117,0.23643647499065817,0.1019534019071301,-273.0161618348548,0.005728231002008144,1.0,0.0,traffic_signal_latency
traffic,ppo,17,331,1.0,1.0,1.0,1.0,0,prioritize_ns,0.6612121954783603,0.23673664991480417,0.10205115460683561,-273.3944963119811,0.030637940599182678,1.0,0.0,traffic_signal_latency
traffic,ppo,17,332,1.0,1.0,1.0,0.9693620594008173,0,prioritize_ns,0.6633291366964237,0.23513926803443042,0.10153159526914582,-273.7883784106403,0.02278216227878327,1.0,0.0,traffic_signal_latency
traffic,ppo,17,333,1.0,1.0,1.0,0.9921442216796006,0,prioritize_ns,0.6617576192939606,0.23632519786510453,0.1019171828409349,-274.21484509486925,0.05503332597746258,1.0,0.0,traffic_signal_latency
traffic,ppo,17,334,1.0,1.0,1.0,0.937110895702138,1,prioritize_ew,0.6655266140804833,0.23347992354980643,0.10099346236971017,-274.1164949451952,0.056597833933573094,1.0,0.0,traffic_signal_latency
traffic,ppo,17,335,1.0,1.0,1.0,0.9937087296357111,0,prioritize_ns,0.6616491817511908,0.23640700264291972,0.10194381560588937,-274.45173696883546,0.013794737354587139,1.0,0.0,traffic_signal_latency
traffic,ppo,17,336,1.0,1.0,1.0,0.979913992281124,2,balanced,0.6626032328245111,0.23568714245420763,0.1017096247212813,-274.24211692396767,0.016329241428388763,1.0,0.0,traffic_signal_latency
traffic,ppo,17,337,1.0,1.0,1.0,0.9635847508527352,0,prioritize_ns,0.6637251363816888,0.2348403355651168,0.10143452805319428,-274.6721391445742,0.0038996594412669117,1.0,0.0,traffic_signal_latency
traffic,ppo,17,338,1.0,1.0,1.0,0.9674844102940021,1,prioritize_ew,0.6634579434062733,0.23504203737172424,0.10150001922200243,-274.1094082430879,0.03251558970599788,1.0,0.0,traffic_signal_latency
traffic,ppo,17,339,1.0,1.0,1.0,1.0,0,prioritize_ns,0.6612121954783603,0.23673664991480417,0.10205115460683561,-274.6111765343524,0.03129675309530888,1.0,0.0,traffic_signal_latency
traffic,ppo,17,340,1.0,1.0,1.0,0.9687032469046911,0,prioritize_ns,0.6633743429069485,0.23510514599603916,0.10152051109701235,-275.0309874830921,0.024446808469387737,1.0,0.0,traffic_signal_latency
traffic,ppo,17,341,1.0,1.0,1.0,0.9931500553740789,0,prioritize_ns,0.6616879066770944,0.23637778729189654,0.10193430603100911,-275.7038077724275,0.00011135438895415462,1.0,0.0,traffic_signal_latency
traffic,ppo,17,342,1.0,1.0,1.0,0.9930387009851247,1,prioritize_ew,0.6616956095858393,0.23637197813378497,0.10193241228037578,-276.08907826486745,0.0017567893656826872,1.0,0.0,traffic_signal_latency
traffic,ppo,17,343,1.0,1.0,1.0,0.991281911619442,0,prioritize_ns,0.6618173954926844,0.23628010077010256,0.10190250373721302,-276.43461642566007,0.059429292314413296,1.0,0.0,traffic_signal_latency
traffic,ppo,17,344,1.0,1.0,1.0,0.9318526193050287,1,prioritize_ew,0.6658818274464595,0.23321157193071976,0.10090660062282067,-276.81382195604044,0.000753897789257052,1.0,0.0,traffic_signal_latency
traffic,ppo,17,345,1.0,1.0,1.0,0.9326065170942858,0,prioritize_ns,0.6658309362611464,0.23325002001086823,0.10091904372798537,-277.30706257628185,0.004294274354361138,1.0,0.0,traffic_signal_latency
traffic,ppo,17,346,1.0,1.0,1.0,0.9283122427399246,2,balanced,0.6661204763654079,0.23303126606628233,0.1008482575683097,-278.4111182712544,0.07168775726007537,1.0,0.0,traffic_signal_latency
traffic,ppo,17,347,1.0,1.0,1.0,1.0,1,balanced,0.6612121954783603,0.23673664991480417,0.10205115460683561,-279.14575607079803,0.002859032343971002,1.0,0.0,traffic_signal_latency
traffic,ppo,17,348,1.0,1.0,1.0,0.997140967656029,1,balanced,0.6614109165247974,0.23658675247523173,0.10200233099997086,-279.9491570034122,0.032232437445916085,1.0,0.0,traffic_signal_latency
traffic,ppo,17,349,1.0,1.0,1.0,0.9649085302101129,0,prioritize_ns,0.6636344689396885,0.2349087815749363,0.10145674948537532,-280.9672840616126,0.033228797639383356,1.0,0.0,traffic_signal_latency
traffic,ppo,17,350,1.0,1.0,1.0,0.9316797325707296,0,prioritize_ns,0.6658934772153251,0.23320276987403515,0.10090375291063988,-282.52648847292556,0.007864620131867173,1.0,0.0,traffic_signal_latency
traffic,ppo,17,351,1.0,1.0,1.0,0.9238151124388624,0,prioritize_ns,0.6664230935315839,0.23280261072091782,0.10077429574749824,-283.83869442814694,0.07618488756113762,1.0,0.0,traffic_signal_latency
traffic,ppo,17,352,1.0,1.0,1.0,1.0,0,prioritize_ns,0.6612121954783603,0.23673664991480417,0.10205115460683561,-285.00885111360884,0.0,1.0,0.0,traffic_signal_latency
traffic,ppo,17,353,1.0,1.0,1.0,1.0,0,prioritize_ns,0.6612121954783603,0.23673664991480417,0.10205115460683561,-286.2843488895146,0.0,1.0,0.0,traffic_signal_latency
traffic,ppo,17,354,1.0,1.0,1.0,1.0,0,prioritize_ns,0.6612121954783603,0.23673664991480417,0.10205115460683561,-287.38372935669355,0.0,1.0,0.0,traffic_signal_latency
traffic,ppo,17,355,1.0,1.0,1.0,1.0,0,prioritize_ns,0.6612121954783603,0.23673664991480417,0.10205115460683561,-288.6550004325932,0.024295171465676724,1.0,0.0,traffic_signal_latency
traffic,ppo,17,356,1.0,1.0,1.0,0.9757048285343233,0,prioritize_ns,0.6628931946157081,0.23546830206863242,0.10163850331565953,-289.6578768158709,0.04301600186826071,1.0,0.0,traffic_signal_latency
traffic,ppo,17,357,1.0,1.0,1.0,0.9326888266660626,0,prioritize_ns,0.6658254099592897,0.23325419437209652,0.1009203956686137,-290.6113354199597,0.06731117333393744,1.0,0.0,traffic_signal_latency
traffic,ppo,17,358,1.0,1.0,1.0,1.0,0,prioritize_ns,0.6612121954783603,0.23673664991480417,0.10205115460683561,-291.56430306532235,0.0,1.0,0.0,traffic_signal_latency
traffic,ppo,17,359,1.0,1.0,1.0,1.0,0,prioritize_ns,0.6612121954783603,0.23673664991480417,0.10205115460683561,-292.45161356835376,0.028573936826777002,1.0,0.0,traffic_signal_latency
traffic,ppo,17,360,1.0,1.0,1.0,0.971426063173223,0,prioritize_ns,0.6631874077033333,0.23524624829692783,0.10156634399973882,-293.8335319405304,0.0008922700528184446,1.0,0.0,traffic_signal_latency
traffic,ppo,17,361,1.0,1.0,1.0,0.9723183332260414,0,prioritize_ns,0.6631260912329651,0.23529253349854987,0.10158137526848517,-294.5355427169619,0.027681666773958558,1.0,0.0,traffic_signal_latency
traffic,ppo,17,362,1.0,1.0,1.0,1.0,1,prioritize_ew,0.6612121954783603,0.23673664991480417,0.10205115460683561,-294.9572653791856,0.006419009525009733,1.0,0.0,traffic_signal_latency
traffic,ppo,17,363,1.0,1.0,1.0,0.9935809904749903,1,balanced,0.6616580280401239,0.23640032976614997,0.1019416421937262,-294.9180400599613,0.006419009525009733,1.0,0.0,traffic_signal_latency
traffic,ppo,17,364,1.0,1.0,1.0,1.0,2,balanced,0.6612121954783603,0.23673664991480417,0.10205115460683561,-295.20574155208334,0.04699838109171239,1.0,0.0,traffic_signal_latency
traffic,ppo,17,365,1.0,1.0,1.0,0.9530016189082876,0,prioritize_ns,0.6644479065332921,0.23429461940631802,0.10125747406038983,-295.30295769985656,0.03721917599884195,1.0,0.0,traffic_signal_latency
traffic,ppo,17,366,1.0,1.0,1.0,0.9902207949071296,0,prioritize_ns,0.6618909275147324,0.23622462504926095,0.10188444743600662,-295.976522473137,0.00019056731465483256,1.0,0.0,traffic_signal_latency
traffic,ppo,17,367,1.0,1.0,1.0,0.9900302275924747,0,balanced,0.6619041237352643,0.23621466869017796,0.10188120757455778,-296.06286274839897,0.01056364521927633,1.0,0.0,traffic_signal_latency
traffic,ppo,17,368,1.0,1.0,1.0,0.9794665823731984,0,balanced,0.6626340500766116,0.2356638769358432,0.10170207298754526,-296.1066845495677,0.10134584175990002,1.0,0.0,traffic_signal_latency
traffic,ppo,17,369,1.0,1.0,1.0,0.8781207406132984,1,prioritize_ew,0.6694604294531612,0.23050618517794397,0.10003338536889475,-295.8121396360208,0.0863796831312621,1.0,0.0,traffic_signal_latency
traffic,ppo,17,370,1.0,1.0,1.0,0.9645004237445605,1,prioritize_ew,0.6636624488316065,0.23488765702990702,0.10144989413848636,-295.4914510908172,0.029706346846910092,1.0,0.0,traffic_signal_latency
traffic,ppo,17,371,1.0,1.0,1.0,0.9942067705914706,1,prioritize_ew,0.6616146208127901,0.23643308294542761,0.10195229624178223,-295.7949533997985,0.005793229408529443,1.0,0.0,traffic_signal_latency
traffic,ppo,17,372,1.0,1.0,1.0,1.0,1,prioritize_ew,0.6612121954783603,0.23673664991480417,0.10205115460683561,-295.8254316994848,0.006431472074339917,1.0,0.0,traffic_signal_latency
traffic,ppo,17,373,1.0,1.0,1.0,0.9935685279256601,1,prioritize_ew,0.6616588928627545,0.2363996841194929,0.10194142301775261,-295.32708382820977,0.006431472074339917,1.0,0.0,traffic_signal_latency
traffic,ppo,17,374,1.0,1.0,1.0,1.0,0,prioritize_ns,0.6612121954783603,0.23673664991480417,0.10205115460683561,-295.5698687434632,0.0,1.0,0.0,traffic_signal_latency
traffic,ppo,17,375,1.0,1.0,1.0,1.0,2,balanced,0.6612121954783603,0.23673664991480417,0.10205115460683561,-295.87585041717375,0.06526014273277592,1.0,0.0,traffic_signal_latency
traffic,ppo,17,376,1.0,1.0,1.0,0.9347398572672241,1,prioritize_ew,0.6656869060429215,0.2333588283282339,0.10095426562884448,-296.19768467223844,0.05567522494351329,1.0,0.0,traffic_signal_latency
traffic,ppo,17,377,1.0,1.0,1.0,0.9904150822107374,1,prioritize_ew,0.6618774554570024,0.23623478425802705,0.10188776028497064,-296.2005938630726,0.010614825939572747,1.0,0.0,traffic_signal_latency
traffic,ppo,17,378,1.0,1.0,1.0,0.9798002562711646,1,prioritize_ew,0.6626110633315659,0.23568123207147748,0.10170770459695659,-296.1727477378913,0.0411617513166016,1.0,0.0,traffic_signal_latency
traffic,ppo,17,379,1.0,1.0,1.0,0.938638504954563,0,prioritize_ns,0.6654232958849957,0.23355796642576665,0.10101873768923766,-296.4510748773946,0.009774949388541398,1.0,0.0,traffic_signal_latency
traffic,ppo,17,380,1.0,1.0,1.0,0.9288635555660216,0,balanced,0.6660833265721167,0.23305933097594456,0.10085734245193871,-296.9148829834026,0.07113644443397837,1.0,0.0,traffic_signal_latency
traffic,ppo,17,381,1.0,1.0,1.0,1.0,0,prioritize_ns,0.6612121954783603,0.23673664991480417,0.10205115460683561,-297.63413228055384,0.05406331076535109,1.0,0.0,traffic_signal_latency
traffic,ppo,17,382,1.0,1.0,1.0,0.9459366892346489,0,prioritize_ns,0.6649284839916961,0.23393169959187565,0.10113981641642827,-298.74854764708857,0.05406331076535109,1.0,0.0,traffic_signal_latency
traffic,ppo,17,383,1.0,1.0,1.0,1.0,0,prioritize_ns,0.6612121954783603,0.23673664991480417,0.10205115460683561,-299.48368215467144,0.05753280355865198,1.0,0.0,traffic_signal_latency
traffic,ppo,17,384,1.0,1.0,1.0,0.942467196441348,0,prioritize_ns,0.665163895810287,0.2337538982610193,0.10108220592869362,-300.6298974050628,0.05753280355865198,1.0,0.0,traffic_signal_latency
traffic,ppo,17,385,1.0,1.0,1.0,1.0,1,prioritize_ew,0.6612121954783603,0.23673664991480417,0.10205115460683561,-301.35302100046147,0.051840703478645445,1.0,0.0,traffic_signal_latency
traffic,ppo,17,386,1.0,1.0,1.0,0.9481592965213546,0,prioritize_ns,0.6647774492172555,0.23404576315265463,0.10117678763008987,-302.12385378773104,0.041462566122761335,1.0,0.0,traffic_signal_latency
traffic,ppo,17,387,1.0,1.0,1.0,0.9896218626441159,0,prioritize_ns,0.6619323913072079,0.236193338941469,0.10187426975132309,-302.9063804285155,0.05168286800543409,1.0,0.0,traffic_signal_latency
traffic,ppo,17,388,1.0,1.0,1.0,0.9379389946386818,2,balanced,0.6654705881612808,0.23352223819534668,0.10100717364337256,-303.5544156660566,0.0580782002596123,1.0,0.0,traffic_signal_latency
traffic,ppo,17,389,1.0,1.0,1.0,0.9960171948982941,0,prioritize_ns,0.6614889573213336,0.23652788286816823,0.10198315981049826,-305.07568115311153,0.0039828051017059,1.0,0.0,traffic_signal_latency
traffic,ppo,17,390,1.0,1.0,1.0,1.0,1,prioritize_ew,0.6612121954783603,0.23673664991480417,0.10205115460683561,-305.4718953762989,0.0,1.0,0.0,traffic_signal_latency
traffic,ppo,17,391,1.0,1.0,1.0,1.0,0,prioritize_ns,0.6612121954783603,0.23673664991480417,0.10205115460683561,-306.4385429240037,0.0,1.0,0.0,traffic_signal_latency
traffic,ppo,17,392,1.0,1.0,1.0,1.0,0,prioritize_ns,0.6612121954783603,0.23673664991480417,0.10205115460683561,-307.51401257134984,0.0,1.0,0.0,traffic_signal_latency
traffic,ppo,17,393,1.0,1.0,1.0,1.0,0,prioritize_ns,0.6612121954783603,0.23673664991480417,0.10205115460683561,-308.4421187183852,0.0,1.0,0.0,traffic_signal_latency
traffic,ppo,17,394,1.0,1.0,1.0,1.0,0,prioritize_ns,0.6612121954783603,0.23673664991480417,0.10205115460683561,-309.1398917693914,0.0,1.0,0.0,traffic_signal_latency
traffic,ppo,17,395,1.0,1.0,1.0,1.0,0,prioritize_ns,0.6612121954783603,0.23673664991480417,0.10205115460683561,-309.5200851449053,0.005776218960030666,1.0,0.0,traffic_signal_latency
traffic,ppo,17,396,1.0,1.0,1.0,0.9942237810399693,0,prioritize_ns,0.6616134169045599,0.23643398622462997,0.10195259687081026,-310.3043714337303,0.005776218960030666,1.0,0.0,traffic_signal_latency
traffic,ppo,17,397,1.0,1.0,1.0,1.0,2,balanced,0.6612121954783603,0.23673664991480417,0.10205115460683561,-310.93277265263504,0.0,1.0,0.0,traffic_signal_latency
traffic,ppo,17,398,1.0,1.0,1.0,1.0,0,prioritize_ns,0.6612121954783603,0.23673664991480417,0.10205115460683561,-311.6976910743399,0.0,1.0,0.0,traffic_signal_latency
traffic,ppo,17,399,1.0,1.0,1.0,1.0,0,prioritize_ns,0.6612121954783603,0.23673664991480417,0.10205115460683561,-311.958223265727,0.03141105631280516,1.0,0.0,traffic_signal_latency
traffic,ppo,17,400,1.0,1.0,1.0,0.9685889436871948,1,prioritize_ew,0.6633821760511476,0.235099230396969,0.10151859355188333,-312.6867603934346,0.03141105631280516,1.0,0.0,traffic_signal_latency
traffic,ppo,17,401,1.0,1.0,1.0,1.0,2,balanced,0.6612121954783603,0.23673664991480417,0.10205115460683561,-312.83758992520325,4064.156160947149,0.0,0.0,none
traffic,ppo,17,402,4062.4550281078546,30.4707268220772,146.1889509662308,1.0,0,prioritize_ns,0.9880157694523137,0.006161741731756538,0.0058224888159296925,-313.7986572690044,10.16982350976928,0.0,0.0,none
traffic,ppo,17,403,4072.4133549843564,31.249754569670692,148.09948801352326,1.0,0,prioritize_ns,0.9880157694523137,0.006161741731756538,0.0058224888159296925,-314.6151110735022,7.753854890644475,0.0,0.0,none
traffic,ppo,17,404,4080.015085583963,31.491461229769307,149.60863858475233,1.0,0,prioritize_ns,0.9880157694523137,0.006161741731756538,0.0058224888159296925,-314.9828902827937,2.3386405353289414,0.0,0.0,none
traffic,ppo,17,405,4082.2483962724655,32.0271858599588,150.04973046034306,1.0,0,prioritize_ns,0.9880157694523137,0.006161741731756538,0.0058224888159296925,-315.369957968589,3.1333815499938202,0.0,0.0,none
traffic,ppo,17,406,4084.9725233479135,30.609022017044385,150.67103789575893,1.0,0,prioritize_ns,0.9880157694523137,0.006161741731756538,0.0058224888159296925,-316.1871090276676,8.927401406783476,0.0,0.0,none
traffic,ppo,17,407,4093.724016679563,32.25379771434175,151.30709862360646,1.0,0,prioritize_ns,0.9880157694523137,0.006161741731756538,0.0058224888159296925,-317.0296409536696,10.31016494258421,0.0,0.0,none
traffic,ppo,17,408,4104.010811247281,32.319491252585,151.99778163621144,1.0,0,prioritize_ns,0.9880157694523137,0.006161741731756538,0.0058224888159296925,-317.6574419335836,6.215746480494159,0.0,0.0,none
traffic,ppo,17,409,4110.1500869054435,32.02700026429605,152.92473779733058,1.0,0,prioritize_ns,0.9880157694523137,0.006161741731756538,0.0058224888159296925,-317.89389856407894,2.451482583057958,0.0,0.0,none
traffic,ppo,17,410,4112.5848625092,32.06729324734683,153.20760011349128,1.0,0,prioritize_ns,0.9880157694523137,0.006161741731756538,0.0058224888159296925,-318.8209364653193,11.327533356361249,0.0,0.0,none
traffic,ppo,17,411,4123.7608415642435,33.757663643265936,153.95134202122094,1.0,0,prioritize_ns,0.9880157694523137,0.006161741731756538,0.0058224888159296925,-319.51415810044574,8.919686023980809,0.0,0.0,none
traffic,ppo,17,412,4132.673302305665,33.789857125220344,154.3088415019752,1.0,0,prioritize_ns,0.9880157694523137,0.006161741731756538,0.0058224888159296925,-320.32597838505285,11.925480897462455,0.0,0.0,none
traffic,ppo,17,413,4144.592695226391,34.11637679582208,154.50518798603528,1.0,0,prioritize_ns,0.9880157694523137,0.006161741731756538,0.0058224888159296925,-320.9060430269012,7.493382235452283,0.0,0.0,none
traffic,ppo,17,414,4152.079370820651,34.38585678304172,154.67206042050864,1.0,0,prioritize_ns,0.9880157694523137,0.006161741731756538,0.0058224888159296925,-321.41102099437813,9.064698822349767,0.0,0.0,none
traffic,ppo,17,415,4160.773867451548,35.63780098846961,152.43439896672848,1.0,0,prioritize_ns,0.9880157694523137,0.006161741731756538,0.0058224888159296925,-321.5320443718902,3.2936284446632884,0.0,0.0,none
traffic,ppo,17,416,4163.366762057845,33.92118409872051,153.51980780488833,1.0,0,prioritize_ns,0.9880157694523137,0.006161741731756538,0.0058224888159296925,-322.4922050917252,14.087626796916686,0.0,0.0,none
traffic,ppo,17,417,4177.395348221152,34.94440918309736,154.30275700796122,1.0,0,prioritize_ns,0.9880157694523137,0.006161741731756538,0.0058224888159296925,-322.80468058985116,4.651952638878791,0.0,0.0,none
traffic,ppo,17,418,4181.797527315583,33.440966417838176,154.33655680852684,1.0,0,prioritize_ns,0.9880157694523137,0.006161741731756538,0.0058224888159296925,-323.73202304714414,13.947500389850875,0.0,0.0,none
traffic,ppo,17,419,4195.67550552012,34.71922693989378,154.88477037733324,1.0,0,prioritize_ns,0.9880157694523137,0.006161741731756538,0.0058224888159296925,-324.131846182149,7.770914620488958,0.0,0.0,none
traffic,ppo,17,420,4203.413133804975,34.527853270685334,154.19223974040645,1.0,0,prioritize_ns,0.9880157694523137,0.006161741731756538,0.0058224888159296925,-324.2733435720011,3.162285785988598,0.0,0.0,none
traffic,ppo,17,421,4206.531742265035,34.63299604143789,153.67913384211275,1.0,0,prioritize_ns,0.9880157694523137,0.006161741731756538,0.0058224888159296925,-324.90631462467286,8.470875404761289,0.0,0.0,none
traffic,ppo,17,422,4214.904213019422,33.50177295965401,153.06448115224345,1.0,0,prioritize_ns,0.9880157694523137,0.006161741731756538,0.0058224888159296925,-325.63571847528624,8.658941909443906,0.0,0.0,none
traffic,ppo,17,423,4223.5168887897025,34.34387229482405,153.36441410617462,1.0,0,prioritize_ns,0.9880157694523137,0.006161741731756538,0.0058224888159296925,-326.00355326265645,4.661710065717513,0.0,0.0,none
traffic,ppo,17,424,4227.689392786023,32.402777453180526,152.62016821048692,1.0,0,prioritize_ns,0.9880157694523137,0.006161741731756538,0.0058224888159296925,-326.493431266529,6.112025922338739,0.0,0.0,none
traffic,ppo,17,425,4233.788829682439,32.075139175493,152.83553668767567,1.0,0,prioritize_ns,0.9880157694523137,0.006161741731756538,0.0058224888159296925,-327.033566743939,6.857877676284006,0.0,0.0,none
traffic,ppo,17,426,4240.601956830584,32.81404291310973,152.57900997828733,1.0,0,prioritize_ns,0.9880157694523137,0.006161741731756538,0.0058224888159296925,-327.6611805417501,7.701875934807752,0.0,0.0,none
traffic,ppo,17,427,4248.295398469382,32.67823708999207,152.91278451892745,1.0,0,prioritize_ns,0.9880157694523137,0.006161741731756538,0.0058224888159296925,-328.53929664465824,10.697696157254772,0.0,0.0,none
traffic,ppo,17,428,4258.908732915009,33.07836882506133,154.1925226221383,1.0,0,prioritize_ns,0.9880157694523137,0.006161741731756538,0.0058224888159296925,-329.47543066598894,10.775731119605227,0.0,0.0,none
traffic,ppo,17,429,4269.579602035082,34.37804184981175,154.9407093722478,1.0,0,prioritize_ns,0.9880157694523137,0.006161741731756538,0.0058224888159296925,-329.9626308428716,4.740831791107979,0.0,0.0,none
traffic,ppo,17,430,4274.139818690053,34.07019780152273,156.19973366638717,1.0,0,prioritize_ns,0.9880157694523137,0.006161741731756538,0.0058224888159296925,-330.16000596012316,3.4486806797642555,0.0,0.0,none
traffic,ppo,17,431,4273.586735065608,32.59695564700487,159.2684556299253,1.0,0,prioritize_ns,0.9880157694523137,0.006161741731756538,0.0058224888159296925,-330.8899577924838,6.516514762279136,0.0,0.0,none
traffic,ppo,17,432,4279.94824173843,32.33056865380965,160.65598417684035,1.0,0,prioritize_ns,0.9880157694523137,0.006161741731756538,0.0058224888159296925,-331.14703010466735,2.2872160955675356,0.0,0.0,none
traffic,ppo,17,433,4280.953603542632,30.408974125524594,161.38267501849157,1.0,0,prioritize_ns,0.9880157694523137,0.006161741731756538,0.0058224888159296925,-331.73206972405126,4.2290406508423946,0.0,0.0,none
traffic,ppo,17,434,4284.967367148601,29.077553022703803,161.42515311684798,1.0,0,prioritize_ns,0.9880157694523137,0.006161741731756538,0.0058224888159296925,-332.5752892534536,7.008541169703673,0.0,0.0,none
traffic,ppo,17,435,4291.591030206621,29.49024230331371,163.6782453428596,1.0,0,prioritize_ns,0.9880157694523137,0.006161741731756538,0.0058224888159296925,-332.97156613261603,2.456454703761817,0.0,0.0,none
traffic,ppo,17,436,4293.924623527696,30.067577692417625,164.18341439570978,1.0,0,prioritize_ns,0.9880157694523137,0.006161741731756538,0.0058224888159296925,-333.9232591573505,11.220361538201187,0.0,0.0,none
traffic,ppo,17,437,4304.878579807565,30.986067613826993,166.43368796373,1.0,0,prioritize_ns,0.9880157694523137,0.006161741731756538,0.0058224888159296925,-334.39077182040137,3.5180902678122865,0.0,0.0,none
traffic,ppo,17,438,4308.291864538727,31.467652199218936,167.1369110887793,1.0,0,prioritize_ns,0.9880157694523137,0.006161741731756538,0.0058224888159296925,-335.65442350589973,14.194583309692337,0.0,0.0,none
traffic,ppo,17,439,4322.073728396113,33.42127224950251,169.91716155436623,1.0,0,prioritize_ns,0.9880157694523137,0.006161741731756538,0.0058224888159296925,-336.4779543741235,8.654723258762347,0.0,0.0,none
traffic,ppo,17,440,4330.647424023003,33.81127876327623,171.03245205573157,1.0,0,prioritize_ns,0.9880157694523137,0.006161741731756538,0.0058224888159296925,-337.7768194595171,16.500071142664464,0.0,0.0,none
traffic,ppo,17,441,4346.888401698619,36.5927556341846,171.89638392209037,1.0,0,prioritize_ns,0.9880157694523137,0.006161741731756538,0.0058224888159296925,-338.6217043036214,11.33173396657947,0.0,0.0,none
traffic,ppo,17,442,4358.216714987146,36.66762703591597,172.16453872725532,1.0,0,prioritize_ns,0.9880157694523137,0.006161741731756538,0.0058224888159296925,-340.24584970681394,21.00413225307294,0.0,0.0,none
traffic,ppo,17,443,4378.9253125213745,40.12668959652948,172.7665736694908,1.0,0,prioritize_ns,0.9880157694523137,0.006161741731756538,0.0058224888159296925,-341.5745406535849,16.15760974172242,0.0,0.0,none
traffic,ppo,17,444,4395.040793947128,40.593413110202846,173.8351147982197,1.0,0,prioritize_ns,0.9880157694523137,0.006161741731756538,0.0058224888159296925,-342.4088225438914,10.034285478128028,0.0,0.0,none
traffic,ppo,17,445,4405.067234206528,40.88396203670502,174.10522977847276,1.0,0,prioritize_ns,0.9880157694523137,0.006161741731756538,0.0058224888159296925,-343.5377826272611,16.39457547620353,0.0,0.0,none
traffic,ppo,17,446,4421.461576465808,40.91463495343785,174.02333898110322,1.0,0,prioritize_ns,0.9880157694523137,0.006161741731756538,0.0058224888159296925,-344.503268784347,12.846593484334468,0.0,0.0,none
traffic,ppo,17,447,4434.304282831859,41.21751356894275,174.11346051796397,1.0,0,prioritize_ns,0.9880157694523137,0.006161741731756538,0.0058224888159296925,-345.7676928600614,15.480290901315367,0.0,0.0,none
traffic,ppo,17,448,4449.74640322188,40.16421814010125,173.8472031443098,1.0,0,prioritize_ns,0.9880157694523137,0.006161741731756538,0.0058224888159296925,-346.99669201710094,14.861122969623747,0.0,0.0,none
traffic,ppo,17,449,4464.584066079337,39.908654426441935,174.64182508899876,1.0,0,prioritize_ns,0.9880157694523137,0.006161741731756538,0.0058224888159296925,-348.06277733845303,13.893732563967822,0.0,0.0,none
traffic,ppo,17,450,4478.445630100639,40.675679178822236,174.0899913534935,1.0,0,prioritize_ns,0.9880157694523137,0.006161741731756538,0.0058224888159296925,-348.7951099175707,10.115720309673467,0.0,0.0,none
traffic,ppo,17,451,4488.444554799971,39.396595666832425,174.93453123413136,1.0,0,prioritize_ns,0.9880157694523137,0.006161741731756538,0.0058224888159296925,-350.0126845771723,16.10154082450729,0.0,0.0,none
traffic,ppo,17,452,4504.518021695821,40.04274777279217,175.63150062174665,1.0,0,prioritize_ns,0.9880157694523137,0.006161741731756538,0.0058224888159296925,-350.638159023507,9.402685934819651,0.0,0.0,none
traffic,ppo,17,453,4513.831846890142,38.81708873365204,176.03265266058082,1.0,0,prioritize_ns,0.9880157694523137,0.006161741731756538,0.0058224888159296925,-351.5037723953552,11.57440997427533,0.0,0.0,none
traffic,ppo,17,454,4525.387151835522,38.16061715123677,176.1372420164364,1.0,0,prioritize_ns,0.9880157694523137,0.006161741731756538,0.0058224888159296925,-352.215810631282,10.764414895540732,0.0,0.0,none
traffic,ppo,17,455,4536.128850339585,37.53664404778918,175.82228351550202,1.0,0,prioritize_ns,0.9880157694523137,0.006161741731756538,0.0058224888159296925,-352.85440984934786,9.22223286595725,0.0,0.0,none
traffic,ppo,17,456,4545.349391653986,37.38096737080284,175.90572017185875,1.0,0,prioritize_ns,0.9880157694523137,0.006161741731756538,0.0058224888159296925,-353.50277278272165,9.410727126657939,0.0,0.0,none
traffic,ppo,17,457,4554.5356806161635,36.00353178406873,174.3968956757091,1.0,0,prioritize_ns,0.9880157694523137,0.006161741731756538,0.0058224888159296925,-353.8980048208373,4.4826826365387635,0.0,0.0,none
traffic,ppo,17,458,4557.929982595583,34.81962714108841,177.0748664538849,1.0,0,prioritize_ns,0.9880157694523137,0.006161741731756538,0.0058224888159296925,-354.065001218806,3.27464517209775,0.0,0.0,none
traffic,ppo,17,459,4560.669988618152,33.05656735652614,177.4024152219903,1.0,0,prioritize_ns,0.9880157694523137,0.006161741731756538,0.0058224888159296925,-354.1881996342531,2.384213214332777,0.0,0.0,none
traffic,ppo,17,460,4560.629688510206,30.90016763412401,178.41867738793104,1.0,0,prioritize_ns,0.9880157694523137,0.006161741731756538,0.0058224888159296925,-354.7906726355673,6.919089598350983,0.0,0.0,none
traffic,ppo,17,461,4567.53173243321,30.436468155845006,178.56211151487017,1.0,0,prioritize_ns,0.9880157694523137,0.006161741731756538,0.0058224888159296925,-354.894590187405,2.5127490857369894,0.0,0.0,none
traffic,ppo,17,462,4566.262509062755,28.345365689318335,179.13680315240262,1.0,0,prioritize_ns,0.9880157694523137,0.006161741731756538,0.0058224888159296925,-355.0850582777316,1.2332848348768468,0.0,0.0,none
traffic,ppo,17,463,4567.221006763161,27.858204833515707,179.74091236672334,1.0,0,prioritize_ns,0.9880157694523137,0.006161741731756538,0.0058224888159296925,-354.92438073062834,5.762257408468816,0.0,0.0,none
traffic,ppo,17,464,4562.075668461017,26.28113596857301,181.80051378281524,1.0,0,prioritize_ns,0.9880157694523137,0.006161741731756538,0.0058224888159296925,-355.0129179369608,0.7212628864565133,0.0,0.0,none
traffic,ppo,17,465,4562.752278294955,26.42451795695,182.0051131215393,1.0,0,prioritize_ns,0.9880157694523137,0.006161741731756538,0.0058224888159296925,-355.5012589455432,5.340911378397749,0.0,0.0,none
traffic,ppo,17,466,4568.083446316027,26.11034277656347,182.07774809265604,1.0,0,prioritize_ns,0.9880157694523137,0.006161741731756538,0.0058224888159296925,-355.43207950155136,2.7246883179680013,0.0,0.0,none
traffic,ppo,17,467,4565.468799000963,25.841257987641676,182.79548009296786,1.0,0,prioritize_ns,0.9880157694523137,0.006161741731756538,0.0058224888159296925,-355.8090932538848,2.3242631318479035,0.0,0.0,none
traffic,ppo,17,468,4567.390505545941,26.033899756556014,184.08858960493026,1.0,0,prioritize_ns,0.9880157694523137,0.006161741731756538,0.0058224888159296925,-356.3913894785097,6.3942628645673265,0.0,0.0,none
traffic,ppo,17,469,4573.375175291545,28.25990136610568,184.4280633911309,1.0,0,prioritize_ns,0.9880157694523137,0.006161741731756538,0.0058224888159296925,-356.8452942431497,4.365591429623584,0.0,0.0,none
traffic,ppo,17,470,4577.616485322284,28.972841405465807,185.17732586439163,1.0,0,prioritize_ns,0.9880157694523137,0.006161741731756538,0.0058224888159296925,-357.0099467899669,1.4174589668577067,0.0,0.0,none
traffic,ppo,17,471,4578.728278101165,28.128966357027743,185.4242704779695,1.0,0,prioritize_ns,0.9880157694523137,0.006161741731756538,0.0058224888159296925,-357.3560570463403,4.342795187554598,0.0,0.0,none
traffic,ppo,17,472,4582.769518607129,29.46014392123315,184.55466625387376,1.0,0,prioritize_ns,0.9880157694523137,0.006161741731756538,0.0058224888159296925,-357.91404670814063,6.99102800778705,0.0,0.0,none
traffic,ppo,17,473,4589.661889978768,30.454276886565516,185.17223335816874,1.0,0,prioritize_ns,0.9880157694523137,0.006161741731756538,0.0058224888159296925,-358.4197378462674,5.689681612463751,0.0,0.0,none
traffic,ppo,17,474,4595.329251810915,30.390815303873968,185.6716924078006,1.0,0,prioritize_ns,0.9880157694523137,0.006161741731756538,0.0058224888159296925,-359.7213576723122,18.124913445955375,0.0,0.0,none
traffic,ppo,17,475,4612.803426768138,33.037388289170835,189.69181036890913,1.0,0,prioritize_ns,0.9880157694523137,0.006161741731756538,0.0058224888159296925,-360.6274817271386,13.574291999458922,0.0,0.0,none
traffic,ppo,17,476,4626.1415912024895,35.482662620264804,189.07910631762294,1.0,0,prioritize_ns,0.9880157694523137,0.006161741731756538,0.0058224888159296925,-361.7752700834415,15.019680885714333,0.0,0.0,none
traffic,ppo,17,477,4641.004462330857,37.646988744745556,189.11870628138004,1.0,0,prioritize_ns,0.9880157694523137,0.006161741731756538,0.0058224888159296925,-362.67592884390166,11.34973156423818,0.0,0.0,none
traffic,ppo,17,478,4652.319438379782,38.53150968020272,189.04558783462693,1.0,0,prioritize_ns,0.9880157694523137,0.006161741731756538,0.0058224888159296925,-364.2784651134526,21.601869997772795,0.0,0.0,none
traffic,ppo,17,479,4673.69169224485,41.67248808678695,189.08809403567085,1.0,0,prioritize_ns,0.9880157694523137,0.006161741731756538,0.0058224888159296925,-365.3500583846627,13.362880124544107,0.0,0.0,none
traffic,ppo,17,480,4687.012276646123,40.841769975596925,189.7502902688569,1.0,0,prioritize_ns,0.9880157694523137,0.006161741731756538,0.0058224888159296925,-366.53596733417567,15.80335715378809,0.0,0.0,none
traffic,ppo,17,481,4702.804619314573,41.3326056224165,190.07753748465151,1.0,0,prioritize_ns,0.9880157694523137,0.006161741731756538,0.0058224888159296925,-367.58158937218866,15.470366073931006,0.0,0.0,none
traffic,ppo,17,482,4718.273293335803,41.45376620098917,189.88344832844425,1.0,0,prioritize_ns,0.9880157694523137,0.006161741731756538,0.0058224888159296925,-369.18625133790454,21.366554829271305,0.0,0.0,none
traffic,ppo,17,483,4739.541385250989,43.444389374241304,190.36857814772824,1.0,0,prioritize_ns,0.9880157694523137,0.006161741731756538,0.0058224888159296925,-370.53417829747536,16.586497276956013,0.0,0.0,none
traffic,ppo,17,484,4756.097320711457,42.48112569332128,190.66015322952555,1.0,2,balanced,0.9880157694523137,0.006161741731756538,0.0058224888159296925,-371.60137234171384,16.32461234253656,0.0,0.0,none
traffic,ppo,17,485,4772.388490429966,43.07524275676857,189.80121071005723,1.0,0,prioritize_ns,0.9880157694523137,0.006161741731756538,0.0058224888159296925,-372.38480366718056,9.214340571473315,0.0,0.0,none
traffic,ppo,17,486,4781.0520609575615,41.64948832859769,192.59653577005014,1.0,0,prioritize_ns,0.9880157694523137,0.006161741731756538,0.0058224888159296925,-373.52721741623844,15.129952189694357,0.0,0.0,none
traffic,ppo,17,487,4796.175909236479,41.580523180135216,193.02069412139346,1.0,0,prioritize_ns,0.9880157694523137,0.006161741731756538,0.0058224888159296925,-374.34142203648116,10.698409267567754,0.0,0.0,none
traffic,ppo,17,488,4806.646244963397,39.42097194248157,192.61526956127247,1.0,0,prioritize_ns,0.9880157694523137,0.006161741731756538,0.0058224888159296925,-375.2229657637881,10.906611416311202,0.0,0.0,none
traffic,ppo,17,489,4817.48875687409,38.27828723252661,192.91255680711356,1.0,0,prioritize_ns,0.9880157694523137,0.006161741731756538,0.0058224888159296925,-375.9823026611998,8.716044385353339,0.0,0.0,none
traffic,ppo,17,490,4826.0632551686895,36.734952947744745,193.1685411987683,1.0,0,prioritize_ns,0.9880157694523137,0.006161741731756538,0.0058224888159296925,-376.98450782940637,11.177156832485009,0.0,0.0,none
traffic,ppo,17,491,4837.194916233473,37.228571055182464,194.04677690787807,1.0,0,prioritize_ns,0.9880157694523137,0.006161741731756538,0.0058224888159296925,-377.64856280768316,8.071586179761876,0.0,0.0,none
traffic,ppo,17,492,4845.131307559521,35.79107966460848,193.73402352390931,1.0,0,prioritize_ns,0.9880157694523137,0.006161741731756538,0.0058224888159296925,-378.50737940062527,8.013796806624642,0.0,0.0,none
traffic,ppo,17,493,4852.942384695084,35.25922794633749,195.44432963391452,1.0,0,prioritize_ns,0.9880157694523137,0.006161741731756538,0.0058224888159296925,-378.8098616823804,3.5760385858332184,0.0,0.0,none
traffic,ppo,17,494,4855.13508523858,33.52926567289826,197.67756648351104,1.0,0,prioritize_ns,0.9880157694523137,0.006161741731756538,0.0058224888159296925,-379.1919327033987,3.0318223904902557,0.0,0.0,none
traffic,ppo,17,495,4856.212405115044,32.029829989271136,200.08235785116022,1.0,0,prioritize_ns,0.9880157694523137,0.006161741731756538,0.0058224888159296925,-379.15977505985416,4.762057603050174,0.0,0.0,none
traffic,ppo,17,496,4852.782287448013,29.11747424290818,201.6410975381251,1.0,0,prioritize_ns,0.9880157694523137,0.006161741731756538,0.0058224888159296925,-379.3651213826404,1.5725279283344455,0.0,0.0,none
traffic,ppo,17,497,4853.1828703477295,27.610312557641794,201.8431893002331,1.0,0,prioritize_ns,0.9880157694523137,0.006161741731756538,0.0058224888159296925,-379.68572558729403,2.338913807023267,0.0,0.0,none
traffic,ppo,17,498,4855.088836292086,26.42929031940062,201.1776082845654,1.0,0,prioritize_ns,0.9880157694523137,0.006161741731756538,0.0058224888159296925,-379.82561132497926,0.870197264902192,0.0,0.0,none
traffic,ppo,17,499,4855.872978796049,26.147578711494013,201.42861104011232,1.0,0,prioritize_ns,0.9880157694523137,0.006161741731756538,0.0058224888159296925,-380.00477588353334,2.5063333080833607,0.0,0.0,none
traffic,ppo,17,500,4858.35189145016,26.427897267023166,201.6696923789235,1.0,0,prioritize_ns,0.9880157694523137,0.006161741731756538,0.0058224888159296925,-380.3706189589982,4.732495768625443,0.0,0.0,none
traffic,ppo,17,501,4862.799580828918,28.00345867618089,201.30612445388633,1.0,0,prioritize_ns,0.9880157694523137,0.006161741731756538,0.0058224888159296925,-380.7348232597366,3.7206054744826633,0.0,0.0,none
traffic,ppo,17,502,4866.441341508212,28.651694232096588,201.70646795083152,1.0,0,prioritize_ns,0.9880157694523137,0.006161741731756538,0.0058224888159296925,-381.008973162635,2.8564496110417457,0.0,0.0,none
traffic,ppo,17,503,4869.273264775598,28.83688569670256,202.03084290284212,1.0,0,prioritize_ns,0.9880157694523137,0.006161741731756538,0.0058224888159296925,-381.63360861506607,9.436497558240227,0.0,0.0,none
traffic,ppo,17,504,4878.491292238781,30.523662688546473,203.1400044034665,1.0,0,prioritize_ns,0.9880157694523137,0.006161741731756538,0.0058224888159296925,-381.8793614265427,3.9736227791753373,0.0,0.0,none
traffic,ppo,17,505,4882.439825617293,30.817586833426606,202.8047869411849,1.0,0,prioritize_ns,0.9880157694523137,0.006161741731756538,0.0058224888159296925,-382.61049727048254,11.261988746003983,0.0,0.0,none
traffic,ppo,17,506,4893.5890664533645,32.157897124889516,203.6594141212974,1.0,0,prioritize_ns,0.9880157694523137,0.006161741731756538,0.0058224888159296925,-383.3427357630794,9.3435175907537,0.0,0.0,none
traffic,ppo,17,507,4902.858774938545,33.28348668606672,203.9863295664238,1.0,0,prioritize_ns,0.9880157694523137,0.006161741731756538,0.0058224888159296925,-384.0868717407433,9.680410542523523,0.0,0.0,none
traffic,ppo,17,508,4912.433837198958,34.6321144846718,203.5283622729965,1.0,0,prioritize_ns,0.9880157694523137,0.006161741731756538,0.0058224888159296925,-385.0450242216883,14.691220487308227,0.0,0.0,none
traffic,ppo,17,509,4927.069305288461,35.71560260993583,204.20739591742085,1.0,0,prioritize_ns,0.9880157694523137,0.006161741731756538,0.0058224888159296925,-385.8782043979091,11.228197251209682,0.0,0.0,none
traffic,ppo,17,510,4938.13567479969,37.139169836479326,202.9498842059338,1.0,0,prioritize_ns,0.9880157694523137,0.006161741731756538,0.0058224888159296925,-386.15895300527404,5.897327714242132,0.0,0.0,none
traffic,ppo,17,511,4943.924994959195,36.06718570116591,203.28618209999664,1.0,0,prioritize_ns,0.9880157694523137,0.006161741731756538,0.0058224888159296925,-386.8358476842323,10.059098870103998,0.0,0.0,none
traffic,ppo,17,512,4953.981558619989,36.22455673628859,203.1242198444497,1.0,0,prioritize_ns,0.9880157694523137,0.006161741731756538,0.0058224888159296925,-387.13792519589646,5.672199191785751,0.0,0.0,none
traffic,ppo,17,513,4959.597100079732,35.43265257615468,203.23568995870252,1.0,0,prioritize_ns,0.9880157694523137,0.006161741731756538,0.0058224888159296925,-387.51689707211534,5.780753464036264,0.0,0.0,none
traffic,ppo,17,514,4964.992552738361,33.584649489979974,202.29171654067395,1.0,0,prioritize_ns,0.9880157694523137,0.006161741731756538,0.0058224888159296925,-388.0086386737873,7.097864924711267,0.0,0.0,none
traffic,ppo,17,515,4972.0075205156745,32.77436914319699,201.5752255551626,1.0,0,prioritize_ns,0.9880157694523137,0.006161741731756538,0.0058224888159296925,-389.0006251057548,13.354612745905248,0.0,0.0,none
traffic,ppo,17,516,4985.185158810097,34.252032770180435,203.160167440517,1.0,0,prioritize_ns,0.9880157694523137,0.006161741731756538,0.0058224888159296925,-389.79967754334336,10.660852554798707,0.0,0.0,none
traffic,ppo,17,517,4995.839681228423,34.371624521686684,203.50748148504766,1.0,0,prioritize_ns,0.9880157694523137,0.006161741731756538,0.0058224888159296925,-390.4003446835944,6.769045904080126,0.0,0.0,none
traffic,ppo,17,518,5002.588928362172,34.598365656488035,203.972491202056,1.0,0,prioritize_ns,0.9880157694523137,0.006161741731756538,0.0058224888159296925,-391.0147554415893,6.794398512064638,0.0,0.0,none
traffic,ppo,17,519,5009.363820458053,34.87425354393835,204.40674240064038,1.0,0,prioritize_ns,0.9880157694523137,0.006161741731756538,0.0058224888159296925,-392.03005258905716,10.770896478876004,0.0,0.0,none
traffic,ppo,17,520,5020.039553706954,35.60640663825592,205.6334788855648,1.0,0,prioritize_ns,0.9880157694523137,0.006161741731756538,0.0058224888159296925,-392.74193788118316,7.8595322807234425,0.0,0.0,none
traffic,ppo,17,521,5027.823746089905,34.527717455961614,205.75606055198617,1.0,0,prioritize_ns,0.9880157694523137,0.006161741731756538,0.0058224888159296925,-393.7344655841177,11.894350339174162,0.0,0.0,none
traffic,ppo,17,522,5039.661349022849,34.764333558885504,206.8921677708743,1.0,0,prioritize_ns,0.9880157694523137,0.006161741731756538,0.0058224888159296925,-394.8579717181294,12.850948673892255,0.0,0.0,none
traffic,ppo,17,523,5052.38335490043,35.95888530765173,208.2598279586861,1.0,0,prioritize_ns,0.9880157694523137,0.006161741731756538,0.0058224888159296925,-395.63757046117956,8.988309749729188,0.0,0.0,none
traffic,ppo,17,524,5061.356995363321,36.3986349810538,208.5246094243945,1.0,0,prioritize_ns,0.9880157694523137,0.006161741731756538,0.0058224888159296925,-396.7499612000074,11.510973566146335,0.0,0.0,none
traffic,ppo,17,525,5072.752805853951,36.54265042939942,210.1424089338558,1.0,0,prioritize_ns,0.9880157694523137,0.006161741731756538,0.0058224888159296925,-397.7599521111057,9.26561214249512,0.0,0.0,none
traffic,ppo,17,526,5081.893440911383,36.81393896429563,211.63464271340882,1.0,0,prioritize_ns,0.9880157694523137,0.006161741731756538,0.0058224888159296925,-398.0643821813682,5.010389173306811,0.0,0.0,none
traffic,ppo,17,527,5081.966350788177,34.4610003530655,216.0575788094471,1.0,0,prioritize_ns,0.9880157694523137,0.006161741731756538,0.0058224888159296925,-398.61948559852914,4.099660881631694,0.0,0.0,none
traffic,ppo,17,528,5085.352351810646,32.59379938204323,217.4198478555735,1.0,0,prioritize_ns,0.9880157694523137,0.006161741731756538,0.0058224888159296925,-399.1472875162375,3.769113113680381,0.0,0.0,none
traffic,ppo,17,529,5088.634520992349,31.455505125805644,218.8819919362338,1.0,0,prioritize_ns,0.9880157694523137,0.006161741731756538,0.0058224888159296925,-400.0471717203332,8.718617224707552,0.0,0.0,none
traffic,ppo,17,530,5097.301596135107,30.909758056231233,219.65546133887133,1.0,0,prioritize_ns,0.9880157694523137,0.006161741731756538,0.0058224888159296925,-401.09456447394933,9.97972407982617,0.0,0.0,none
traffic,ppo,17,531,5107.083065179335,31.037924853590503,221.6306396392586,1.0,0,prioritize_ns,0.9880157694523137,0.006161741731756538,0.0058224888159296925,-402.489790451284,16.903711278938157,0.0,0.0,none
traffic,ppo,17,532,5123.487435770501,34.30421699646497,224.07265031629828,1.0,0,prioritize_ns,0.9880157694523137,0.006161741731756538,0.0058224888159296925,-403.78540746053665,14.956480661716094,0.0,0.0,none
traffic,ppo,17,533,5138.226582242862,36.574846086443145,225.2120003881967,1.0,0,prioritize_ns,0.9880157694523137,0.006161741731756538,0.0058224888159296925,-405.0859380548336,15.487698136573337,0.0,0.0,none
traffic,ppo,17,534,5153.521960718643,38.97748794525881,224.82793925960095,1.0,0,prioritize_ns,0.9880157694523137,0.006161741731756538,0.0058224888159296925,-406.3268935448513,14.217074623629324,0.0,0.0,none
traffic,ppo,17,535,5167.691122867938,40.077905346566254,225.21412106097944,1.0,0,prioritize_ns,0.9880157694523137,0.006161741731756538,0.0058224888159296925,-407.2001693722128,8.998577040059551,0.0,0.0,none
traffic,ppo,17,536,5176.539791265847,39.89134521730239,226.83912926031326,1.0,0,prioritize_ns,0.9880157694523137,0.006161741731756538,0.0058224888159296925,-407.91424396623427,9.964942965418173,0.0,0.0,none
traffic,ppo,17,537,5186.41755589869,38.58602402563751,227.00034572594586,1.0,0,prioritize_ns,0.9880157694523137,0.006161741731756538,0.0058224888159296925,-408.8569768501702,13.284820646806894,0.0,0.0,none
traffic,ppo,17,538,5199.698706086593,38.2944247687462,226.8886354866416,1.0,0,prioritize_ns,0.9880157694523137,0.006161741731756538,0.0058224888159296925,-410.2715457661963,19.267893457407073,0.0,0.0,none
traffic,ppo,17,539,5218.891449874858,39.0738978312428,228.39950474268144,1.0,0,prioritize_ns,0.9880157694523137,0.006161741731756538,0.0058224888159296925,-411.47589902629926,15.48721588487977,0.0,0.0,none
traffic,ppo,17,540,5234.3596935215655,39.33371413072542,229.12046926434132,1.0,0,prioritize_ns,0.9880157694523137,0.006161741731756538,0.0058224888159296925,-411.98711825185876,7.009354170096432,0.0,0.0,none
traffic,ppo,17,541,5241.332803868398,38.958602520510134,229.7255058356603,1.0,0,prioritize_ns,0.9880157694523137,0.006161741731756538,0.0058224888159296925,-413.13856295954866,16.78413510157428,0.0,0.0,none
traffic,ppo,17,542,5258.059649050108,40.328418630283785,229.51707071294783,1.0,0,prioritize_ns,0.9880157694523137,0.006161741731756538,0.0058224888159296925,-413.768012563202,9.016120312479927,0.0,0.0,none
traffic,ppo,17,543,5267.01697312258,39.4636534071973,230.0729052735687,1.0,0,prioritize_ns,0.9880157694523137,0.006161741731756538,0.0058224888159296925,-414.61755096681674,11.907851425266319,0.0,0.0,none
traffic,ppo,17,544,5278.801503875189,37.982010800066256,229.2205581073553,1.0,0,prioritize_ns,0.9880157694523137,0.006161741731756538,0.0058224888159296925,-415.1427291099173,6.903622297623412,0.0,0.0,none
traffic,ppo,17,545,5285.469916508723,36.22204459743163,229.52844240827253,1.0,0,prioritize_ns,0.9880157694523137,0.006161741731756538,0.0058224888159296925,-415.9835367802914,12.304570260712179,0.0,0.0,none
traffic,ppo,17,546,5297.721864564016,37.277812139123675,229.10704823517716,1.0,0,prioritize_ns,0.9880157694523137,0.006161741731756538,0.0058224888159296925,-416.1678538562879,3.7805991505679737,0.0,0.0,none
traffic,ppo,17,547,5300.189538741763,34.42597793833104,229.3726716169552,1.0,0,prioritize_ns,0.9880157694523137,0.006161741731756538,0.0058224888159296925,-416.4951340243386,4.441157325104348,0.0,0.0,none
traffic,ppo,17,548,5304.509310047923,33.498467385068814,229.8234247893148,1.0,0,prioritize_ns,0.9880157694523137,0.006161741731756538,0.0058224888159296925,-417.0035413133076,7.577320370608632,0.0,0.0,none
traffic,ppo,17,549,5312.006206070719,32.640940439106195,229.1327862737569,1.0,0,prioritize_ns,0.9880157694523137,0.006161741731756538,0.0058224888159296925,-417.2547136341484,3.220363452725212,0.0,0.0,none
traffic,ppo,17,550,5315.113584297535,31.928733557762474,229.58853037006534,1.0,0,prioritize_ns,0.9880157694523137,0.006161741731756538,0.0058224888159296925,-418.03000090808604,10.17003233195595,0.0,0.0,none
traffic,ppo,17,551,5325.267650122967,31.50915711179034,229.20322470982148,1.0,0,prioritize_ns,0.9880157694523137,0.006161741731756538,0.0058224888159296925,-418.2453026775311,3.2051031261976917,0.0,0.0,none
traffic,ppo,17,552,5328.464139563379,31.654920164323283,229.01912028452378,1.0,0,prioritize_ns,0.9880157694523137,0.006161741731756538,0.0058224888159296925,-418.38624046262254,2.164986401132221,0.0,0.0,none
traffic,ppo,17,553,5327.941699499326,30.68647789028077,230.88361540610694,1.0,0,prioritize_ns,0.9880157694523137,0.006161741731756538,0.0058224888159296925,-418.20600242127057,5.533225847929196,0.0,0.0,none
traffic,ppo,17,554,5323.327107014695,28.264180188795194,232.74227038494314,1.0,0,prioritize_ns,0.9880157694523137,0.006161741731756538,0.0058224888159296925,-418.055503450731,4.70934062045449,0.0,0.0,none
traffic,ppo,17,555,5319.060413743471,26.78936588918727,234.0832179567854,1.0,0,prioritize_ns,0.9880157694523137,0.006161741731756538,0.0058224888159296925,-417.75064451350215,7.445748395858583,0.0,0.0,none
traffic,ppo,17,556,5312.521866178347,23.450843211076027,232.8419157209129,1.0,0,prioritize_ns,0.9880157694523137,0.006161741731756538,0.0058224888159296925,-418.439062069982,8.013956884542148,0.0,0.0,none
traffic,ppo,17,557,5320.13602715221,24.334377517766168,235.18016821803806,1.0,0,prioritize_ns,0.9880157694523137,0.006161741731756538,0.0058224888159296925,-418.7549993614409,1.6036834823457229,0.0,0.0,none
traffic,ppo,17,558,5320.163900078915,24.44444011591757,236.7798275680228,1.0,0,prioritize_ns,0.9880157694523137,0.006161741731756538,0.0058224888159296925,-419.4900518459342,8.071001413837173,0.0,0.0,none
traffic,ppo,17,559,5327.639530500534,26.862484697167794,238.62619536036544,1.0,0,prioritize_ns,0.9880157694523137,0.006161741731756538,0.0058224888159296925,-419.80424225191433,3.1816213988158593,0.0,0.0,none
traffic,ppo,17,560,5330.485416620866,28.285000575478726,238.6164233871861,1.0,0,prioritize_ns,0.9880157694523137,0.006161741731756538,0.0058224888159296925,-420.0166665885626,2.868672222802422,0.0,0.0,none
traffic,ppo,17,561,5332.129622881494,29.921551340629282,236.92894962813776,1.0,0,prioritize_ns,0.9880157694523137,0.006161741731756538,0.0058224888159296925,-420.76919887291587,7.430968392378721,0.0,0.0,none
traffic,ppo,17,562,5339.474143922356,29.867623354029245,238.05784010161972,1.0,0,prioritize_ns,0.9880157694523137,0.006161741731756538,0.0058224888159296925,-420.94004751914605,1.389278319537448,0.0,0.0,none
traffic,ppo,17,563,5338.858836319077,29.738987248032583,239.2967684912848,1.0,0,prioritize_ns,0.9880157694523137,0.006161741731756538,0.0058224888159296925,-421.74868991938774,9.998874535225422,0.0,0.0,none
traffic,ppo,17,564,5348.770339526061,30.226161805105384,240.52243447354368,1.0,0,prioritize_ns,0.9880157694523137,0.006161741731756538,0.0058224888159296925,-422.3073528663421,5.027526921207763,0.0,0.0,none
traffic,ppo,17,565,5353.676852685648,30.638287212956463,241.53846016538407,1.0,0,prioritize_ns,0.9880157694523137,0.006161741731756538,0.0058224888159296925,-422.754780177527,4.680193346438371,0.0,0.0,none
traffic,ppo,17,566,5358.307649826299,31.23560538896107,241.85961215244924,1.0,0,prioritize_ns,0.9880157694523137,0.006161741731756538,0.0058224888159296925,-423.7737398590183,13.320684366058291,0.0,0.0,none
traffic,ppo,17,567,5371.462797066183,32.397730628765444,243.60093291673343,1.0,0,prioritize_ns,0.9880157694523137,0.006161741731756538,0.0058224888159296925,-424.9706028412388,15.116918346862676,0.0,0.0,none
traffic,ppo,17,568,5386.2604771975,35.4803281756846,243.81882142185827,1.0,0,prioritize_ns,0.9880157694523137,0.006161741731756538,0.0058224888159296925,-426.49826695978203,20.32647460790471,0.0,0.0,none
traffic,ppo,17,569,5406.339891361124,37.51391036701252,246.23692818182363,1.0,0,prioritize_ns,0.9880157694523137,0.006161741731756538,0.0058224888159296925,-427.5989262374827,14.424798380281885,0.0,0.0,none
traffic,ppo,17,570,5420.633999871881,39.39142943724676,245.75923336777046,1.0,0,prioritize_ns,0.9880157694523137,0.006161741731756538,0.0058224888159296925,-428.6684301151924,14.790306398045923,0.0,0.0,none
traffic,ppo,17,571,5435.113592836731,41.361188602086415,243.47568355380133,1.0,0,prioritize_ns,0.9880157694523137,0.006161741731756538,0.0058224888159296925,-429.9455997574571,15.440245677749884,0.0,0.0,none
traffic,ppo,17,572,5450.5297645127075,41.813393489304886,244.20940569880912,1.0,0,prioritize_ns,0.9880157694523137,0.006161741731756538,0.0058224888159296925,-431.68736594292943,23.69429149701028,0.0,0.0,none
traffic,ppo,17,573,5474.0779433317575,43.56349322685149,246.16896553713443,1.0,0,prioritize_ns,0.9880157694523137,0.006161741731756538,0.0058224888159296925,-432.9697752610202,15.514173878272528,0.0,0.0,none
traffic,ppo,17,574,5489.542577023187,42.64053713241266,246.9953116891323,1.0,0,prioritize_ns,0.9880157694523137,0.006161741731756538,0.0058224888159296925,-434.4974408607207,20.406360972168656,0.0,0.0,none
traffic,ppo,17,575,5509.90566433718,43.854332893059635,247.53470303184227,1.0,0,prioritize_ns,0.9880157694523137,0.006161741731756538,0.0058224888159296925,-435.68073589251594,15.332342945252492,0.0,0.0,none
traffic,ppo,17,576,5525.231777657846,44.02363696422281,247.93760103931206,1.0,0,prioritize_ns,0.9880157694523137,0.006161741731756538,0.0058224888159296925,-436.7270672598388,15.00449234754212,0.0,0.0,none
traffic,ppo,17,577,5540.235968897025,43.94124087686341,247.98500093788562,1.0,0,prioritize_ns,0.9880157694523137,0.006161741731756538,0.0058224888159296925,-437.51421007783324,10.681007714332466,0.0,0.0,none
traffic,ppo,17,578,5550.585515561334,41.301514445915366,248.0365179899819,1.0,0,prioritize_ns,0.9880157694523137,0.006161741731756538,0.0058224888159296925,-438.4679608109918,12.82294389563882,0.0,0.0,none
traffic,ppo,17,579,5563.390033962126,40.769491387787824,248.47143193562349,1.0,0,prioritize_ns,0.9880157694523137,0.006161741731756538,0.0058224888159296925,-439.20592163835266,10.7462576680577,0.0,0.0,none
traffic,ppo,17,580,5573.887597360395,38.79638660464324,247.29241790587895,1.0,0,prioritize_ns,0.9880157694523137,0.006161741731756538,0.0058224888159296925,-440.2442553031106,13.947665988618724,0.0,0.0,none
traffic,ppo,17,581,5587.832481156161,38.520140699663116,247.32834356046396,1.0,0,prioritize_ns,0.9880157694523137,0.006161741731756538,0.0058224888159296925,-440.6865329508904,5.745294134407535,0.0,0.0,none
traffic,ppo,17,582,5592.993732449416,36.55155271047823,248.90775835954818,1.0,0,prioritize_ns,0.9880157694523137,0.006161741731756538,0.0058224888159296925,-441.41653836750925,7.601755367472967,0.0,0.0,none
traffic,ppo,17,583,5600.464273527638,35.97575159326071,250.19078358880282,1.0,0,prioritize_ns,0.9880157694523137,0.006161741731756538,0.0058224888159296925,-441.7223916373742,3.608935621362315,0.0,0.0,none
traffic,ppo,17,584,5603.18204769843,33.95840274726095,251.44315075112283,1.0,0,prioritize_ns,0.9880157694523137,0.006161741731756538,0.0058224888159296925,-442.096371412436,3.0440435196745423,0.0,0.0,none
traffic,ppo,17,585,5605.213959309311,32.26527238978311,252.95008331359176,1.0,0,prioritize_ns,0.9880157694523137,0.006161741731756538,0.0058224888159296925,-442.3428807746999,2.836502597197441,0.0,0.0,none
traffic,ppo,17,586,5605.141729753139,29.461849719395666,252.52422981028246,1.0,0,prioritize_ns,0.9880157694523137,0.006161741731756538,0.0058224888159296925,-442.6976820469921,2.619149263371878,0.0,0.0,none
traffic,ppo,17,587,5607.578543567399,28.91696222359667,253.3147858901245,1.0,0,prioritize_ns,0.9880157694523137,0.006161741731756538,0.0058224888159296925,-443.02661560342136,1.5152934639330347,0.0,0.0,none
traffic,ppo,17,588,5608.2450581157755,27.556156917627494,253.32381683063906,1.0,0,prioritize_ns,0.9880157694523137,0.006161741731756538,0.0058224888159296925,-443.23189947474646,1.6977698781724297,0.0,0.0,none
traffic,ppo,17,589,5607.551099245612,26.87381030943635,254.71494829532568,1.0,0,prioritize_ns,0.9880157694523137,0.006161741731756538,0.0058224888159296925,-443.7211746479313,4.67042274126781,0.0,0.0,none
traffic,ppo,17,590,5611.92801293088,27.342810724313797,256.27556156731544,1.0,0,prioritize_ns,0.9880157694523137,0.006161741731756538,0.0058224888159296925,-443.97817646748246,1.6333846970446284,0.0,0.0,none
traffic,ppo,17,591,5613.402898612987,27.65223377196974,256.9055736075453,1.0,0,prioritize_ns,0.9880157694523137,0.006161741731756538,0.0058224888159296925,-444.02828266996227,1.0730693388789188,0.0,0.0,none
traffic,ppo,17,592,5612.7775559861,27.03980248374031,257.5263411342717,1.0,0,prioritize_ns,0.9880157694523137,0.006161741731756538,0.0058224888159296925,-443.858723880459,4.585920935260963,0.0,0.0,none
traffic,ppo,17,593,5608.584577056085,26.067903788062075,259.10906392814815,1.0,0,prioritize_ns,0.9880157694523137,0.006161741731756538,0.0058224888159296925,-444.1698477309655,3.746441543104575,0.0,0.0,none
traffic,ppo,17,594,5612.185931856047,26.926966522087035,259.6818457886333,1.0,0,prioritize_ns,0.9880157694523137,0.006161741731756538,0.0058224888159296925,-444.6792072085894,4.8743823434251725,0.0,0.0,none
traffic,ppo,17,595,5616.962813838818,27.006960181587566,260.64859434281686,1.0,0,prioritize_ns,0.9880157694523137,0.006161741731756538,0.0058224888159296925,-445.1421636620332,5.8414557232022934,0.0,0.0,none
traffic,ppo,17,596,5622.680164002601,27.855453077922384,261.4939178759668,1.0,0,prioritize_ns,0.9880157694523137,0.006161741731756538,0.0058224888159296925,-445.28056903152395,2.2768213598519806,0.0,0.0,none
traffic,ppo,17,597,5624.867938764419,28.418076555663543,261.2092919486097,1.0,0,prioritize_ns,0.9880157694523137,0.006161741731756538,0.0058224888159296925,-445.4534434302894,3.706798595916632,0.0,0.0,none
traffic,ppo,17,598,5627.4843929016215,29.779963169106956,258.96434463726183,1.0,0,prioritize_ns,0.9880157694523137,0.006161741731756538,0.0058224888159296925,-446.0538010827083,8.721251729721688,0.0,0.0,none
traffic,ppo,17,599,5636.090880783192,30.780989785428652,259.95759374547646,1.0,0,prioritize_ns,0.9880157694523137,0.006161741731756538,0.0058224888159296925,-446.3864532997498,4.123793927671233,0.0,0.0,none
