env,policy,seed,t,q,mu,sigma,rho,a,action_label,p0,p1,p2,r,state_delta,intervention_active,intervention_start,intervention_name
traffic,ppo,19,0,22.0,18.465035646611625,1.0244182339980614,0.275,2,balanced,0.0006833989973110171,0.0015899977202785325,0.9977266032824106,-2.6534541730203154,17.094148179832906,0.0,0.0,none
traffic,ppo,19,1,36.289455062979755,22.710375667047252,9.38901981750863,0.4536181882872469,2,balanced,0.000673995465553225,0.0013829419771326044,0.9979430625573142,-3.1919965048866192,8.752704202619197,0.0,0.0,none
traffic,ppo,19,2,44.516761700743544,25.613943367295473,10.081821821737444,0.5564595212592943,2,balanced,0.0006112880477010812,0.0012998294293094825,0.9980888825229894,-3.917588460518697,11.113142077192117,0.0,0.0,none
traffic,ppo,19,3,55.004129405101985,29.286857519523465,9.984036577005238,0.6875516175637748,2,balanced,0.0006017195441758501,0.0012876918187521502,0.9981105886370719,-4.629543026955749,10.187525696593124,0.0,0.0,none
traffic,ppo,19,4,64.4700214364567,32.766245882802494,8.547922375168607,0.8058752679557089,2,balanced,0.0006020198837788772,0.001289532275263598,0.9981084478409576,-5.519364953313392,13.922352109895327,0.0,0.0,none
traffic,ppo,19,5,76.51383724828489,36.90276744965698,2.922541172054905,0.9564229656035611,2,balanced,0.0005519852205230911,0.0012047288050701364,0.9982432859744067,-6.57964435091702,13.402084567208954,0.0,0.0,none
traffic,ppo,19,6,89.91040515951741,36.72419001930753,3.2602542008211763,1.0,2,balanced,0.0005036026991856204,0.0010956967234674972,0.9984007005773469,-7.301969922725079,9.46855261812958,0.0,0.0,none
traffic,ppo,19,7,99.37571884515911,36.971791428883115,3.2646195952580133,1.0,2,balanced,0.0005025377954379607,0.0010926066246020238,0.9984048555799601,-8.439466155246617,14.601478760306463,0.0,0.0,none
traffic,ppo,19,8,113.91221197792223,37.78161651456404,4.377153963002884,1.0,2,balanced,0.0005019168446024031,0.0010891363749435637,0.9984089467804539,-9.861596245359129,19.10861213090379,0.0,0.0,none
traffic,ppo,19,9,132.86230769075553,39.678457250859765,5.937578669584241,1.0,2,balanced,0.0004959121546715013,0.0010694783779038408,0.9984346094674247,-10.734213347594462,10.172952629090537,0.0,0.0,none
traffic,ppo,19,10,142.96685862215892,39.29060427477481,7.049597436214064,1.0,2,balanced,0.00045953124703974776,0.0009577437643357542,0.9985827249886245,-12.03816794232264,17.02090521352586,0.0,0.0,none
traffic,ppo,19,11,159.9495935471908,40.00783767753468,7.934755614112124,1.0,2,balanced,0.0004310168064901063,0.0008766207020438232,0.998692362491466,-12.990346192827332,12.490739212851306,0.0,0.0,none
traffic,ppo,19,12,172.42436762315947,40.60972975560007,7.744220149267721,1.0,2,balanced,0.00039836476831072386,0.0008233249784568878,0.9987783102532324,-13.886979076100719,12.525216815969902,0.0,0.0,none
traffic,ppo,19,13,184.94124755904426,40.2058071162244,7.9578072722406095,1.0,2,balanced,0.00035335549333133967,0.0007544275241087212,0.9988922169825599,-15.019590964389705,14.486052202208677,0.0,0.0,none
traffic,ppo,19,14,199.3951158945087,39.30656164075064,7.60744157612723,1.0,2,balanced,0.00032687951311945206,0.0007087068443343195,0.9989644136425463,-15.907061596054048,9.591505067168248,0.0,0.0,none
traffic,ppo,19,15,208.89951981267032,39.18653223810228,8.891524344662113,1.0,2,balanced,0.00032025323161296817,0.0006966864823562345,0.9989830602860308,-16.587424705135447,8.906604493345741,0.0,0.0,none
traffic,ppo,19,16,217.65268959363732,37.540619209289304,8.867179159586641,1.0,2,balanced,0.0003132404847804954,0.0006842412940420474,0.9990025182211774,-17.20321874106571,6.874377573385125,0.0,0.0,none
traffic,ppo,19,17,224.27263176597467,36.36965282856304,10.303239879604668,1.0,2,balanced,0.0003120945917289116,0.0006822175432934451,0.9990056878649777,-17.327225675083838,3.0972225399033624,0.0,0.0,none
traffic,ppo,19,18,226.08825643844727,34.2294017758806,11.613056638501075,1.0,2,balanced,0.0003116237475511631,0.0006813904566367467,0.999006985795812,-17.357215072885502,2.9492084450486886,0.0,0.0,none
traffic,ppo,19,19,226.98841827108333,31.518660475314924,10.878603965540261,1.0,2,balanced,0.0003113798380971641,0.0006809645992160007,0.9990076555626869,-17.126669473243666,3.9526437584317677,0.0,0.0,none
traffic,ppo,19,20,223.98042647817869,29.016181333101674,11.438046721928735,1.0,2,balanced,0.0003113447553187108,0.0006809028920580965,0.9990077523526231,-17.027487822005252,3.6583183995517787,0.0,0.0,none
traffic,ppo,19,21,221.15357484414739,26.700177050102006,11.269738930068538,1.0,2,balanced,0.00031132769736468365,0.0006808732163557726,0.9990077990862795,-17.02304601895382,2.086243989853237,0.0,0.0,none
traffic,ppo,19,22,220.6778039851718,25.281034443839435,9.8164356795256,1.0,2,balanced,0.00031132013236907297,0.0006808615416053189,0.9990078183260257,-17.059065998987986,1.4279607157016097,0.0,0.0,none
traffic,ppo,19,23,222.04255412745445,25.190859537801437,9.406073228700002,1.0,2,balanced,0.00031131879730270833,0.000680859758102623,0.9990078214445948,-17.433762968227988,5.347321416004979,0.0,0.0,none
traffic,ppo,19,24,227.1684084541651,26.035998036616355,10.673039946979554,1.0,2,balanced,0.00031131976206982435,0.0006808592707885476,0.9990078209671416,-17.020337310680787,6.798038991103722,0.0,0.0,none
traffic,ppo,19,25,220.51729900016062,25.307374504396385,11.875198382342372,1.0,2,balanced,0.00031132309955465696,0.0006808643784312988,0.9990078125220141,-16.763638208052676,4.551675625772166,0.0,0.0,none
traffic,ppo,19,26,216.00869956013833,24.97102494319819,12.401649770754329,1.0,2,balanced,0.00031132688178756994,0.0006808711080251023,0.9990078020101874,-16.850936031825743,0.47322991686632637,0.0,0.0,none
traffic,ppo,19,27,215.97499677740953,25.059438558447543,12.865323912034803,1.0,2,balanced,0.00031132873600904027,0.0006808738645377247,0.9990077973994531,-16.59816463975329,3.7212054189911545,0.0,0.0,none
traffic,ppo,19,28,212.3889739265695,24.069283959823007,12.779278840096296,1.0,2,balanced,0.00031132710434612367,0.000680871270095301,0.9990078016255587,-16.807990557256677,3.433261458371983,0.0,0.0,none
traffic,ppo,19,29,215.7286495867785,23.712048226522676,12.067778062160325,1.0,2,balanced,0.0003113214679465286,0.0006808617029151941,0.9990078168291382,-16.983491705821052,2.324229918117251,0.0,0.0,none
traffic,ppo,19,30,217.34642598517874,25.365825397003626,11.844472649224468,1.0,2,balanced,0.0003113262142644777,0.0006808701351498737,0.9990078036505856,-17.320822674069525,3.096647920487286,0.0,0.0,none
traffic,ppo,19,31,220.0755388970944,26.813367867391214,12.058462961850328,1.0,2,balanced,0.0003113325923883853,0.0006808809997348915,0.9990077864078767,-17.693044343644303,5.769993537927705,0.0,0.0,none
traffic,ppo,19,32,225.71341110373646,27.947682865265385,12.52809249126479,1.0,2,balanced,0.0003113340758727343,0.0006808829454166645,0.9990077829787107,-18.339390043520044,7.1649361238241855,0.0,0.0,none
traffic,ppo,19,33,232.5610278284439,30.03441078037489,12.22474210262106,1.0,2,balanced,0.0003113393415714267,0.0006808921886939082,0.9990077684697347,-18.77013847166628,6.1701955198309415,0.0,0.0,none
traffic,ppo,19,34,238.70443614148155,30.595157310940618,12.348880657068676,1.0,2,balanced,0.0003113327410498508,0.0006808801885135448,0.9990077870704366,-19.540429607820712,8.568196242872558,0.0,0.0,none
traffic,ppo,19,35,247.132524868218,31.957219776607854,13.07420341988099,1.0,2,balanced,0.0003113319995374004,0.0006808784856695267,0.9990077895147932,-20.35720475082413,10.224223843453418,0.0,0.0,none
traffic,ppo,19,36,257.24471434766315,33.433835090113746,13.38722793770734,1.0,2,balanced,0.0003113285139294394,0.0006808721613557342,0.9990077993247147,-20.967545852661726,7.698985798213372,0.0,0.0,none
traffic,ppo,19,37,264.93219248150996,33.843756275554696,13.482237855321488,1.0,2,balanced,0.00031132295183273844,0.0006808621885632944,0.999007814859604,-21.91307144077903,12.792113540011957,0.0,0.0,none
traffic,ppo,19,38,277.6184920215189,35.011492838614984,14.6365186361625,1.0,2,balanced,0.0003113202079854985,0.0006808569994234461,0.9990078227925909,-22.848874853928596,13.403383589826039,0.0,0.0,none
traffic,ppo,19,39,290.94465744273265,36.44804426025022,14.654597227426812,1.0,2,balanced,0.0003113178348126951,0.000680852945591772,0.9990078292195955,-24.395956495757773,20.832264523659333,0.0,0.0,none
traffic,ppo,19,40,311.46808611711504,38.86711224977941,17.285230362869534,1.0,2,balanced,0.0003113170191603197,0.0006808511617578239,0.9990078318190818,-25.358007709252618,14.074397207222594,0.0,0.0,none
traffic,ppo,19,41,325.5166301350437,39.654383157476126,16.95770595020761,1.0,2,balanced,0.00031131598090877906,0.0006808493780801502,0.9990078346410112,-26.463350755753638,13.54302716993334,0.0,0.0,none
traffic,ppo,19,42,339.00381543405206,40.81432459050842,16.552794221924493,1.0,2,balanced,0.0003113156101091056,0.0006808487294666499,0.9990078356604242,-27.61795716262139,16.42916459517422,0.0,0.0,none
traffic,ppo,19,43,355.41547410650503,41.55939641699723,16.412163899454896,1.0,2,balanced,0.0003113156101091056,0.0006808487294666499,0.9990078356604242,-29.242153216288845,22.767688738258546,0.0,0.0,none
traffic,ppo,19,44,378.0809012728288,43.427248766019225,17.487891305702068,1.0,2,balanced,0.0003113156101091056,0.0006808487294666499,0.9990078356604242,-30.390968406243662,16.21699409090322,0.0,0.0,none
traffic,ppo,19,45,394.27253519668665,42.56088981591433,17.220851253016512,1.0,2,balanced,0.00031131538771036907,0.0006808480807526973,0.9990078365315368,-31.58865989249016,15.37982791561433,0.0,0.0,none
traffic,ppo,19,46,409.64369087245535,42.82541214748233,17.664368830227613,1.0,2,balanced,0.00031131538771036907,0.0006808480807526973,0.9990078365315368,-32.311909666476026,9.644816328752546,0.0,0.0,none
traffic,ppo,19,47,419.1586122286545,42.030959358920484,19.027306234316235,1.0,2,balanced,0.00031131538771036907,0.0006808480807526973,0.9990078365315368,-33.363927447620554,15.185898455115547,0.0,0.0,none
traffic,ppo,19,48,434.3424499833826,41.78539517537552,18.97954475471999,1.0,2,balanced,0.00031131538771036907,0.0006808480807526973,0.9990078365315368,-33.72388556082674,6.677423072422653,0.0,0.0,none
traffic,ppo,19,49,440.09118391668665,38.402056528771574,18.67449286635139,1.0,2,balanced,0.00031131538771036907,0.0006808480807526973,0.9990078365315368,-34.42751231451199,11.465113587395182,0.0,0.0,none
traffic,ppo,19,50,451.477803143032,37.44105358926908,17.7416447992134,1.0,2,balanced,0.00031131538771036907,0.0006808480807526973,0.9990078365315368,-34.580441029074024,4.276038173449152,0.0,0.0,none
traffic,ppo,19,51,455.04278109227664,35.07981804396426,17.74282029188054,1.0,2,balanced,0.00031131538771036907,0.0006808480807526973,0.9990078365315368,-34.88679670895846,4.936450574442589,0.0,0.0,none
traffic,ppo,19,52,459.88774796097124,34.14582714646336,17.89282468698846,1.0,2,balanced,0.00031131538771036907,0.0006808480807526973,0.9990078365315368,-35.56365243961092,10.547177657679308,0.0,0.0,none
traffic,ppo,19,53,470.2755091029877,33.18661182392101,16.338063945246446,1.0,2,balanced,0.00031131538771036907,0.0006808480807526973,0.9990078365315368,-36.18844541311,9.300008619050715,0.0,0.0,none
traffic,ppo,19,54,479.54789719528253,33.89134265571918,16.21026005250484,1.0,2,balanced,0.00031131538771036907,0.0006808480807526973,0.9990078365315368,-36.419578059653695,3.749819645574171,0.0,0.0,none
traffic,ppo,19,55,482.9341305696106,32.29126548531571,16.024992792379468,1.0,2,balanced,0.00031131538771036907,0.0006808480807526973,0.9990078365315368,-36.544041942903334,2.4690345796818276,0.0,0.0,none
traffic,ppo,19,56,485.39321842941666,32.07008746742801,16.01504604304455,1.0,2,balanced,0.00031131538771036907,0.0006808480807526973,0.9990078365315368,-36.483787504967346,2.0835307746936755,0.0,0.0,none
traffic,ppo,19,57,484.2427274006725,30.870995887940246,17.271887427578154,1.0,2,balanced,0.00031131538771036907,0.0006808480807526973,0.9990078365315368,-36.72665024271056,2.8619495244747246,0.0,0.0,none
traffic,ppo,19,58,486.53936060910405,29.252770301223286,16.72638129831376,1.0,2,balanced,0.00031131538771036907,0.0006808480807526973,0.9990078365315368,-37.01470349459458,5.640178681642557,0.0,0.0,none
traffic,ppo,19,59,491.8584203696609,28.462104634875686,15.025185651558475,1.0,2,balanced,0.00031131538771036907,0.0006808480807526973,0.9990078365315368,-37.35065326578023,5.4261785713711435,0.0,0.0,none
traffic,ppo,19,60,497.26860890444414,28.866895666966705,15.122232685754007,1.0,2,balanced,0.00031131538771036907,0.0006808480807526973,0.9990078365315368,-37.39200921932116,0.6745118375249073,0.0,0.0,none
traffic,ppo,19,61,497.7747714116848,28.47631059645362,15.337195561426409,1.0,2,balanced,0.00031131538771036907,0.0006808480807526973,0.9990078365315368,-37.52197396336458,0.9008588895967511,0.0,0.0,none
traffic,ppo,19,62,498.5797744406461,28.86740940799471,15.234440600768426,1.0,2,balanced,0.00031131538771036907,0.0006808480807526973,0.9990078365315368,-37.76289156628472,2.349591748632471,0.0,0.0,none
traffic,ppo,19,63,500.8963049297451,28.871388864128193,15.62718993844491,1.0,2,balanced,0.00031131538771036907,0.0006808480807526973,0.9990078365315368,-38.63024993020626,11.313410368195628,0.0,0.0,none
traffic,ppo,19,64,511.92168046581736,30.01265201923128,17.892552350638553,1.0,2,balanced,0.00031131538771036907,0.0006808480807526973,0.9990078365315368,-38.9175171831724,3.441808726975416,0.0,0.0,none
traffic,ppo,19,65,515.3355147741224,29.613381173935636,18.072456271163592,1.0,2,balanced,0.00031131538771036907,0.0006808480807526973,0.9990078365315368,-39.49455299544243,5.800906739866536,0.0,0.0,none
traffic,ppo,19,66,521.0109804742908,30.64724181252121,18.681340719006194,1.0,2,balanced,0.00031131538771036907,0.0006808480807526973,0.9990078365315368,-39.775070146562655,2.2302548554648816,0.0,0.0,none
traffic,ppo,19,67,523.1921771070982,30.922480533290447,19.05638953708663,1.0,2,balanced,0.00031131538771036907,0.0006808480807526973,0.9990078365315368,-40.32545715293253,5.291035175005247,0.0,0.0,none
traffic,ppo,19,68,528.4096134047533,31.502661695001642,19.717299154697237,1.0,2,balanced,0.00031131538771036907,0.0006808480807526973,0.9990078365315368,-41.134544230841044,8.169692348162247,0.0,0.0,none
traffic,ppo,19,69,536.556485460618,30.926960998960123,19.919579844751038,1.0,2,balanced,0.00031131538771036907,0.0006808480807526973,0.9990078365315368,-41.74027706414829,5.737471777673818,0.0,0.0,none
traffic,ppo,19,70,542.2034070420074,31.373578453577004,20.831386788393072,1.0,2,balanced,0.00031131538771036907,0.0006808480807526973,0.9990078365315368,-42.91861665072649,12.991130562921521,0.0,0.0,none
traffic,ppo,19,71,554.7531988558321,32.74844367630827,23.894382764860378,1.0,2,balanced,0.00031131538771036907,0.0006808480807526973,0.9990078365315368,-44.023831099737905,11.280096096409379,0.0,0.0,none
traffic,ppo,19,72,565.8389839888288,34.52936137634611,24.97801926985296,1.0,2,balanced,0.00031131538771036907,0.0006808480807526973,0.9990078365315368,-45.067832572699906,12.066484299609904,0.0,0.0,none
traffic,ppo,19,73,577.8073812339416,35.87955356583766,25.70910872220819,1.0,2,balanced,0.00031131538771036907,0.0006808480807526973,0.9990078365315368,-46.11995441117527,12.185030508917853,0.0,0.0,none
traffic,ppo,19,74,589.9273647694462,36.67417586176566,26.683553697140084,1.0,2,balanced,0.00031131538771036907,0.0006808480807526973,0.9990078365315368,-47.296568545979994,14.099269746295423,0.0,0.0,none
traffic,ppo,19,75,603.913880300335,38.34209465166552,26.06320089968841,1.0,2,balanced,0.00031131538771036907,0.0006808480807526973,0.9990078365315368,-47.8803086124245,8.108646967146967,0.0,0.0,none
traffic,ppo,19,76,611.889005044108,37.42716123765517,27.20794445481716,1.0,2,balanced,0.00031131538771036907,0.0006808480807526973,0.9990078365315368,-48.65118796957141,8.826048092807481,0.0,0.0,none
traffic,ppo,19,77,620.6367652670367,36.95955625564157,28.283658914835584,1.0,2,balanced,0.00031131538771036907,0.0006808480807526973,0.9990078365315368,-49.68883674956484,14.082811582349247,0.0,0.0,none
traffic,ppo,19,78,634.7010976846789,37.378743290147476,28.870530229615927,1.0,2,balanced,0.00031131538771036907,0.0006808480807526973,0.9990078365315368,-50.065590175272014,4.981991506740573,0.0,0.0,none
traffic,ppo,19,79,639.2314049469788,35.86080803550653,30.28206416300381,1.0,2,balanced,0.00031131538771036907,0.0006808480807526973,0.9990078365315368,-50.56542034009024,7.85594187219969,0.0,0.0,none
traffic,ppo,19,80,646.945183930618,34.60626072605662,29.482347000939992,1.0,2,balanced,0.00031131538771036907,0.0006808480807526973,0.9990078365315368,-50.90843423163457,4.474156284378643,0.0,0.0,none
traffic,ppo,19,81,651.3146172030612,33.885122431790634,30.119596477404635,1.0,2,balanced,0.00031131538771036907,0.0006808480807526973,0.9990078365315368,-51.38740212350198,7.801829045034528,0.0,0.0,none
traffic,ppo,19,82,659.1058729016115,33.69382152691496,29.761441411064794,1.0,2,balanced,0.00031131538771036907,0.0006808480807526973,0.9990078365315368,-51.83014930684163,7.386223181614095,0.0,0.0,none
traffic,ppo,19,83,666.0094016008265,32.26166078322952,27.559964635812726,1.0,2,balanced,0.00031131538771036907,0.0006808480807526973,0.9990078365315368,-52.507799023543136,10.914881669905334,0.0,0.0,none
traffic,ppo,19,84,676.8500016317629,33.5237193369568,27.71241477278283,1.0,2,balanced,0.00031131538771036907,0.0006808480807526973,0.9990078365315368,-52.6417822569009,3.861569475325725,0.0,0.0,none
traffic,ppo,19,85,680.6261743272737,32.73619807933112,27.533392832133952,1.0,2,balanced,0.00031131538771036907,0.0006808480807526973,0.9990078365315368,-53.186134680398254,8.051527663642505,0.0,0.0,none
traffic,ppo,19,86,688.6367298847667,33.464422536341104,27.17592042910053,1.0,2,balanced,0.00031131538771036907,0.0006808480807526973,0.9990078365315368,-53.41349007600809,4.919104554894202,0.0,0.0,none
traffic,ppo,19,87,693.507687608591,32.880362941395916,26.815039750413188,1.0,2,balanced,0.00031131538771036907,0.0006808480807526973,0.9990078365315368,-53.94290276036694,10.061045136150256,0.0,0.0,none
traffic,ppo,19,88,703.5337290838542,33.504865496605525,26.25547016001989,1.0,2,balanced,0.00031131538771036907,0.0006808480807526973,0.9990078365315368,-53.92095293184353,2.589769174772878,0.0,0.0,none
traffic,ppo,19,89,705.2998863358049,31.689976940808425,25.7134623464025,1.0,2,balanced,0.00031131538771036907,0.0006808480807526973,0.9990078365315368,-53.86482175962817,1.268808417491579,0.0,0.0,none
traffic,ppo,19,90,706.4379328816191,31.162351710869096,25.522841055384482,1.0,2,balanced,0.00031131538771036907,0.0006808480807526973,0.9990078365315368,-54.328935756992145,8.169722967486498,0.0,0.0,none
traffic,ppo,19,91,714.5917197096933,31.190997964985304,25.013613090789917,1.0,2,balanced,0.00031131538771036907,0.0006808480807526973,0.9990078365315368,-55.140239978379014,11.901851675455715,0.0,0.0,none
traffic,ppo,19,92,726.3859243101138,32.57564734030452,25.80957619005816,1.0,2,balanced,0.00031131538771036907,0.0006808480807526973,0.9990078365315368,-55.54125956326595,5.67406203964778,0.0,0.0,none
traffic,ppo,19,93,731.9817719649186,31.6896085762129,25.49908567085683,1.0,2,balanced,0.00031131538771036907,0.0006808480807526973,0.9990078365315368,-55.90661590007977,6.164834059582597,0.0,0.0,none
traffic,ppo,19,94,738.0342168605382,32.54686610494666,24.700211902914006,1.0,2,balanced,0.00031131538771036907,0.0006808480807526973,0.9990078365315368,-56.545195242835874,10.889469284496712,0.0,0.0,none
traffic,ppo,19,95,748.6439984974697,34.44121312317014,23.143123501706263,1.0,2,balanced,0.00031131538771036907,0.0006808480807526973,0.9990078365315368,-57.114605971142595,7.329137043949396,0.0,0.0,none
traffic,ppo,19,96,755.9639325463154,34.274442567324456,23.470236496318694,1.0,2,balanced,0.00031131538771036907,0.0006808480807526973,0.9990078365315368,-57.838224988699054,8.90057361185991,0.0,0.0,none
traffic,ppo,19,97,764.8445608539948,33.69172730877626,23.34737719290781,1.0,2,balanced,0.00031131538771036907,0.0006808480807526973,0.9990078365315368,-58.546086298404724,10.11469511388531,0.0,0.0,none
traffic,ppo,19,98,774.9185483826911,34.587355283554515,23.20708090171946,1.0,2,balanced,0.00031131538771036907,0.0006808480807526973,0.9990078365315368,-59.28489289512159,10.748622436637312,0.0,0.0,none
traffic,ppo,19,99,785.6164821669047,35.51645306127331,22.733927276135265,1.0,2,balanced,0.00031131538771036907,0.0006808480807526973,0.9990078365315368,-60.031599879042865,8.134477307224873,0.0,0.0,none
traffic,ppo,19,100,793.6875606161279,35.00871242373165,23.61120327217598,1.0,2,balanced,0.00031131538771036907,0.0006808480807526973,0.9990078365315368,-61.32273550080267,17.33832013550829,0.0,0.0,none
traffic,ppo,19,101,810.7444940170966,36.95611229415623,26.037311641759295,1.0,2,balanced,0.00031131538771036907,0.0006808480807526973,0.9990078365315368,-62.61268594429031,16.47618163083013,0.0,0.0,none
traffic,ppo,19,102,827.1136937809254,38.453826585386096,27.16457031917919,1.0,2,balanced,0.00031131538771036907,0.0006808480807526973,0.9990078365315368,-63.80325088908285,13.069637923843654,0.0,0.0,none
traffic,ppo,19,103,840.1149925294941,39.039288829360586,28.364112011542478,1.0,2,balanced,0.00031131538771036907,0.0006808480807526973,0.9990078365315368,-64.82350883060623,12.573785407640509,0.0,0.0,none
traffic,ppo,19,104,852.6722615617459,39.41115587896822,28.890219250096063,1.0,2,balanced,0.00031131538771036907,0.0006808480807526973,0.9990078365315368,-65.8220819399323,12.977915958631876,0.0,0.0,none
traffic,ppo,19,105,865.5884024090309,40.38016835858059,28.077432035159553,1.0,2,balanced,0.00031131538771036907,0.0006808480807526973,0.9990078365315368,-66.40008816947908,6.191902836140588,0.0,0.0,none
traffic,ppo,19,106,870.293002143823,37.909701625345285,31.255984565412604,1.0,2,balanced,0.00031131538771036907,0.0006808480807526973,0.9990078365315368,-66.83048926564594,5.043766873314362,0.0,0.0,none
traffic,ppo,19,107,874.6477442662476,35.50681009706447,32.093789807005074,1.0,2,balanced,0.00031131538771036907,0.0006808480807526973,0.9990078365315368,-67.19641288515209,4.543629696361363,0.0,0.0,none
traffic,ppo,19,108,878.8158813714957,33.74017776840036,32.48136445120888,1.0,2,balanced,0.00031131538771036907,0.0006808480807526973,0.9990078365315368,-68.30497028241206,13.523585897179148,0.0,0.0,none
traffic,ppo,19,109,892.2971734200901,33.92498237166886,33.53397429227067,1.0,2,balanced,0.00031131538771036907,0.0006808480807526973,0.9990078365315368,-69.04236077945025,6.995407834614783,0.0,0.0,none
traffic,ppo,19,110,899.1701477830111,32.71634907479606,34.020964777712365,1.0,2,balanced,0.00031131538771036907,0.0006808480807526973,0.9990078365315368,-69.03642483830497,3.2692567748445187,0.0,0.0,none
traffic,ppo,19,111,897.1329429784124,31.36798816691793,36.19346548107081,1.0,2,balanced,0.00031131538771036907,0.0006808480807526973,0.9990078365315368,-69.46592889844047,2.9945943683302185,0.0,0.0,none
traffic,ppo,19,112,899.7951868694511,31.02948852064074,37.52217571469311,1.0,2,balanced,0.00031131538771036907,0.0006808480807526973,0.9990078365315368,-69.45457474865051,0.8695085243149809,0.0,0.0,none
traffic,ppo,19,113,899.8945170659268,30.21572713888626,37.81195321466428,1.0,2,balanced,0.00031131538771036907,0.0006808480807526973,0.9990078365315368,-69.95185247012273,5.836393308327393,0.0,0.0,none
traffic,ppo,19,114,905.2622578781659,28.593016891615218,36.19403576451003,1.0,2,balanced,0.00031131538771036907,0.0006808480807526973,0.9990078365315368,-69.5582254895409,6.767740494215422,0.0,0.0,none
traffic,ppo,19,115,899.0801815718406,25.98200675776595,37.06974691594726,1.0,2,balanced,0.00031131538771036907,0.0006808480807526973,0.9990078365315368,-69.93254754625326,5.035952535735627,0.0,0.0,none
traffic,ppo,19,116,903.9065993573402,27.354731275785582,37.49652168045857,1.0,2,balanced,0.00031131538771036907,0.0006808480807526973,0.9990078365315368,-70.03884956290817,3.1247452382239667,0.0,0.0,none
traffic,ppo,19,117,906.9870764403889,27.438377914187583,36.979127261761676,1.0,2,balanced,0.00031131538771036907,0.0006808480807526973,0.9990078365315368,-69.78961807691903,3.746439096516951,0.0,0.0,none
traffic,ppo,19,118,903.3502175315283,26.691140093120318,37.47982559381247,1.0,2,balanced,0.00031131538771036907,0.0006808480807526973,0.9990078365315368,-70.01607242156733,1.7221825174668424,0.0,0.0,none
traffic,ppo,19,119,904.89230783147,25.926009990660827,37.52928321814298,1.0,2,balanced,0.00031131538771036907,0.0006808480807526973,0.9990078365315368,-69.89692264088116,2.163460203748653,0.0,0.0,none
traffic,ppo,19,120,903.2743943975498,26.838842565141828,36.42038607931038,1.0,2,balanced,0.00031131538771036907,0.0006808480807526973,0.9990078365315368,-70.15847979382117,3.9732584197530003,0.0,0.0,none
traffic,ppo,19,121,907.2332478266801,26.66532969386796,36.130290784098804,1.0,2,balanced,0.00031131538771036907,0.0006808480807526973,0.9990078365315368,-70.27098874505309,3.0923692320410137,0.0,0.0,none
traffic,ppo,19,122,910.2832549721829,26.659235706358793,35.62022535400985,1.0,2,balanced,0.00031131538771036907,0.0006808480807526973,0.9990078365315368,-70.51008625696537,6.3920609595068925,0.0,0.0,none
traffic,ppo,19,123,916.2568676252322,28.58133001874076,34.40369395873439,1.0,2,balanced,0.00031131538771036907,0.0006808480807526973,0.9990078365315368,-71.02682706857969,6.659823335425238,0.0,0.0,none
traffic,ppo,19,124,922.8091336865095,29.583365171007898,35.04943529621288,1.0,2,balanced,0.00031131538771036907,0.0006808480807526973,0.9990078365315368,-71.54192004349632,7.308789667155293,0.0,0.0,none
traffic,ppo,19,125,929.8033757659832,31.305796273686678,33.81160847918214,1.0,2,balanced,0.00031131538771036907,0.0006808480807526973,0.9990078365315368,-72.17165341878899,8.705888459396744,0.0,0.0,none
traffic,ppo,19,126,938.4486062787403,32.24307169041205,34.22873920443998,1.0,2,balanced,0.00031131538771036907,0.0006808480807526973,0.9990078365315368,-72.72161121422378,8.713574256148098,0.0,0.0,none
traffic,ppo,19,127,947.0335523310919,33.350059471781755,33.22891139550597,1.0,2,balanced,0.00031131538771036907,0.0006808480807526973,0.9990078365315368,-73.48127780469515,12.960033353868955,0.0,0.0,none
traffic,ppo,19,128,959.9121445862545,34.73105539220442,33.67295680583789,1.0,2,balanced,0.00031131538771036907,0.0006808480807526973,0.9990078365315368,-74.55122140168433,13.862851783604903,0.0,0.0,none
traffic,ppo,19,129,973.6672054807716,36.17161435885239,34.62256157938012,1.0,2,balanced,0.00031131538771036907,0.0006808480807526973,0.9990078365315368,-75.5540757516931,13.00465197115119,0.0,0.0,none
traffic,ppo,19,130,986.6168388453023,37.36269261586379,34.719004312002745,1.0,2,balanced,0.00031131538771036907,0.0006808480807526973,0.9990078365315368,-76.40296657613882,12.086773008572708,0.0,0.0,none
traffic,ppo,19,131,998.6766617974101,38.04561110373396,34.289615835796354,1.0,2,balanced,0.00031131538771036907,0.0006808480807526973,0.9990078365315368,-77.57848053038245,14.675158228228964,0.0,0.0,none
traffic,ppo,19,132,1013.3008947651606,39.253468486813745,34.10751786585558,1.0,2,balanced,0.00031131538771036907,0.0006808480807526973,0.9990078365315368,-79.0225557351296,18.423904717388528,0.0,0.0,none
traffic,ppo,19,133,1031.5728877246715,40.332148627683424,36.20775296619237,1.0,2,balanced,0.00031131538771036907,0.0006808480807526973,0.9990078365315368,-80.02118821081488,14.143156793163419,0.0,0.0,none
traffic,ppo,19,134,1045.715804404518,40.40971978474924,36.23558421694885,1.0,2,balanced,0.00031131538771036907,0.0006808480807526973,0.9990078365315368,-81.51849906646558,19.457582586960253,0.0,0.0,none
traffic,ppo,19,135,1065.0877780711687,41.69418784517326,37.52953096574434,1.0,2,balanced,0.00031131538771036907,0.0006808480807526973,0.9990078365315368,-82.95142119198238,20.668696359225134,0.0,0.0,none
traffic,ppo,19,136,1085.6849855488183,43.401664750281626,37.3435849224315,1.0,2,balanced,0.00031131538771036907,0.0006808480807526973,0.9990078365315368,-84.0729384188677,14.745025292018246,0.0,0.0,none
traffic,ppo,19,137,1100.4238799756743,43.42459704210273,37.76812708316964,1.0,2,balanced,0.00031131538771036907,0.0006808480807526973,0.9990078365315368,-84.95312789919348,12.59125206410706,0.0,0.0,none
traffic,ppo,19,138,1112.9479829860854,42.27501905228277,38.372232017606834,1.0,2,balanced,0.00031131538771036907,0.0006808480807526973,0.9990078365315368,-86.09513422378146,15.506625786659697,0.0,0.0,none
traffic,ppo,19,139,1128.451561817543,42.547151482605024,38.51516782363767,1.0,2,balanced,0.00031131538771036907,0.0006808480807526973,0.9990078365315368,-86.59177526179052,6.944226571052237,0.0,0.0,none
traffic,ppo,19,140,1134.518406574711,39.886125700708455,40.59714264351751,1.0,2,balanced,0.00031131538771036907,0.0006808480807526973,0.9990078365315368,-87.8059991671738,16.258103878335383,0.0,0.0,none
traffic,ppo,19,141,1150.7403504611088,39.01107298245809,39.95779844389918,1.0,2,balanced,0.00031131538771036907,0.0006808480807526973,0.9990078365315368,-88.87909840142652,14.959169201046672,0.0,0.0,none
traffic,ppo,19,142,1165.6986867974988,39.05496136436484,40.109426419263485,1.0,2,balanced,0.00031131538771036907,0.0006808480807526973,0.9990078365315368,-89.27069443534602,5.2853133386519415,0.0,0.0,none
traffic,ppo,19,143,1170.5077363577884,37.51195067434056,41.667212484447376,1.0,2,balanced,0.00031131538771036907,0.0006808480807526973,0.9990078365315368,-90.21740895497544,13.256488947749888,0.0,0.0,none
traffic,ppo,19,144,1183.7551728428634,37.06072220506404,41.476637921001256,1.0,2,balanced,0.00031131538771036907,0.0006808480807526973,0.9990078365315368,-90.30087872199127,2.6001233909647548,0.0,0.0,none
traffic,ppo,19,145,1186.2101456117703,36.33834780741181,41.93699167821909,1.0,2,balanced,0.00031131538771036907,0.0006808480807526973,0.9990078365315368,-90.35428437765322,3.4010647894433093,0.0,0.0,none
traffic,ppo,19,146,1185.9302820012579,33.037986308029794,42.709346541542246,1.0,2,balanced,0.00031131538771036907,0.0006808480807526973,0.9990078365315368,-90.61980061214989,4.871816216282291,0.0,0.0,none
traffic,ppo,19,147,1189.996678356978,30.859598311895873,41.14293674148459,1.0,2,balanced,0.00031131538771036907,0.0006808480807526973,0.9990078365315368,-90.5676917295111,1.755632082470584,0.0,0.0,none
traffic,ppo,19,148,1188.9067641304048,29.67980555452329,41.85175268188413,1.0,2,balanced,0.00031131538771036907,0.0006808480807526973,0.9990078365315368,-90.94569769815935,5.851658086813944,0.0,0.0,none
traffic,ppo,19,149,1193.8745029935972,28.023866030146756,39.23998369445229,1.0,2,balanced,0.00031131538771036907,0.0006808480807526973,0.9990078365315368,-90.895744806352,0.6678094727228647,0.0,0.0,none
traffic,ppo,19,150,1194.2881015459138,27.61559118682875,38.91101959049321,1.0,2,balanced,0.00031131538771036907,0.0006808480807526973,0.9990078365315368,-91.13204669664107,2.126746574162871,0.0,0.0,none
traffic,ppo,19,151,1196.3452887889212,28.083001357532623,39.18038805606412,1.0,2,balanced,0.00031131538771036907,0.0006808480807526973,0.9990078365315368,-91.01798672151529,3.453071701245072,0.0,0.0,none
traffic,ppo,19,152,1193.3446702374652,26.669598376097433,40.14074449753142,1.0,2,balanced,0.00031131538771036907,0.0006808480807526973,0.9990078365315368,-90.91859792253081,0.5828619967354062,0.0,0.0,none
traffic,ppo,19,153,1193.109011869463,26.84044954781165,39.63576616338939,1.0,2,balanced,0.00031131538771036907,0.0006808480807526973,0.9990078365315368,-91.49269166684611,7.580977910453057,0.0,0.0,none
traffic,ppo,19,154,1200.5932864913548,27.343756699551534,40.73282649623008,1.0,2,balanced,0.00031131538771036907,0.0006808480807526973,0.9990078365315368,-91.46067625306556,0.16265030647311143,0.0,0.0,none
traffic,ppo,19,155,1200.5109971093657,27.24457911269035,40.63359249967626,1.0,2,balanced,0.00031131538771036907,0.0006808480807526973,0.9990078365315368,-91.48971235985658,1.4230038032658925,0.0,0.0,none
traffic,ppo,19,156,1199.3964768709293,26.61023761640168,41.25035447022172,1.0,2,balanced,0.00031131538771036907,0.0006808480807526973,0.9990078365315368,-91.92353614064045,3.316827333580164,0.0,0.0,none
traffic,ppo,19,157,1202.4106592886665,27.813197810240233,41.93514252898771,1.0,2,balanced,0.00031131538771036907,0.0006808480807526973,0.9990078365315368,-91.97346345540663,0.4287393951231046,0.0,0.0,none
traffic,ppo,19,158,1202.1530235018258,27.808802326472556,42.27781139245794,1.0,2,balanced,0.00031131538771036907,0.0006808480807526973,0.9990078365315368,-92.19245553419681,2.5238575457707064,0.0,0.0,none
traffic,ppo,19,159,1204.0657598662158,26.694494674972184,41.0655346214639,1.0,2,balanced,0.00031131538771036907,0.0006808480807526973,0.9990078365315368,-92.91170956203482,8.574487517684293,0.0,0.0,none
traffic,ppo,19,160,1212.112697436625,28.32034006545186,43.54046061937094,1.0,2,balanced,0.00031131538771036907,0.0006808480807526973,0.9990078365315368,-93.92661921286874,11.862369150687304,0.0,0.0,none
traffic,ppo,19,161,1223.5100181903615,30.822708263886398,45.67471339331518,1.0,2,balanced,0.00031131538771036907,0.0006808480807526973,0.9990078365315368,-94.50154986632396,7.00299767010397,0.0,0.0,none
traffic,ppo,19,162,1230.4572176968998,31.60931168164667,46.07427621316223,1.0,2,balanced,0.00031131538771036907,0.0006808480807526973,0.9990078365315368,-95.11553479985643,8.216955880368516,0.0,0.0,none
traffic,ppo,19,163,1238.4569890307675,33.260793105788316,45.182855071689204,1.0,2,balanced,0.00031131538771036907,0.0006808480807526973,0.9990078365315368,-95.8270768656556,8.877748150713025,0.0,0.0,none
traffic,ppo,19,164,1247.1661772638813,34.62008347953312,44.126075895358596,1.0,2,balanced,0.00031131538771036907,0.0006808480807526973,0.9990078365315368,-96.97014327646902,15.507170703738005,0.0,0.0,none
traffic,ppo,19,165,1262.4922147610762,36.075903464890246,45.98766286342688,1.0,2,balanced,0.00031131538771036907,0.0006808480807526973,0.9990078365315368,-97.666873196777,8.35908864394603,0.0,0.0,none
traffic,ppo,19,166,1270.8101584332726,35.46002804858225,46.54162450027795,1.0,2,balanced,0.00031131538771036907,0.0006808480807526973,0.9990078365315368,-98.62155099663488,12.331851064300706,0.0,0.0,none
traffic,ppo,19,167,1283.091172636237,36.526790987867436,46.87816223969232,1.0,2,balanced,0.00031131538771036907,0.0006808480807526973,0.9990078365315368,-99.8026311144782,16.786101835543583,0.0,0.0,none
traffic,ppo,19,168,1299.7765951690417,38.263921227654876,47.47168415590708,1.0,2,balanced,0.00031131538771036907,0.0006808480807526973,0.9990078365315368,-101.33992082759477,20.921525557761292,0.0,0.0,none
traffic,ppo,19,169,1320.5228686598996,40.67133827920367,48.699165742937126,1.0,2,balanced,0.00031131538771036907,0.0006808480807526973,0.9990078365315368,-102.59930219746508,17.362382328588946,0.0,0.0,none
traffic,ppo,19,170,1337.8767205150525,41.07690115079528,49.062022010196706,1.0,2,balanced,0.00031131538771036907,0.0006808480807526973,0.9990078365315368,-103.48719562033354,11.338493176613738,0.0,0.0,none
traffic,ppo,19,171,1349.1930542967214,41.67657917268974,48.6846580903083,1.0,2,balanced,0.00031131538771036907,0.0006808480807526973,0.9990078365315368,-104.03272753813334,7.802320981181608,0.0,0.0,none
traffic,ppo,19,172,1356.8387682444943,40.74951912165149,49.933589867462636,1.0,2,balanced,0.00031131538771036907,0.0006808480807526973,0.9990078365315368,-105.13283560114053,15.665539845526336,0.0,0.0,none
traffic,ppo,19,173,1372.5028988494494,40.54526073608153,49.884299355111665,1.0,2,balanced,0.00031131538771036907,0.0006808480807526973,0.9990078365315368,-105.47796464833155,6.755794636861862,0.0,0.0,none
traffic,ppo,19,174,1378.5559444812754,37.60661516427514,49.279516784442336,1.0,2,balanced,0.00031131538771036907,0.0006808480807526973,0.9990078365315368,-105.86561035235533,7.854946899300531,0.0,0.0,none
traffic,ppo,19,175,1385.9940750536261,35.62347090771473,47.71697294916464,1.0,2,balanced,0.00031131538771036907,0.0006808480807526973,0.9990078365315368,-106.3501045957072,8.45890257889143,0.0,0.0,none
traffic,ppo,19,176,1394.4107685986455,35.04354286038485,47.10379592062762,1.0,2,balanced,0.00031131538771036907,0.0006808480807526973,0.9990078365315368,-106.7481980152314,7.208053400764318,0.0,0.0,none
traffic,ppo,19,177,1401.601950230299,34.95263639716098,46.61936162809354,1.0,2,balanced,0.00031131538771036907,0.0006808480807526973,0.9990078365315368,-107.29154760788131,10.611023909966246,0.0,0.0,none
traffic,ppo,19,178,1411.7490582196292,33.84923187403597,43.718926086817916,1.0,2,balanced,0.00031131538771036907,0.0006808480807526973,0.9990078365315368,-107.48679446386004,6.233350420213479,0.0,0.0,none
traffic,ppo,19,179,1417.8690791486483,33.86262693347464,42.535785409668264,1.0,2,balanced,0.00031131538771036907,0.0006808480807526973,0.9990078365315368,-108.01989896630414,9.934143589041362,0.0,0.0,none
traffic,ppo,19,180,1427.7722225671077,34.355629502696324,41.925943013752544,1.0,2,balanced,0.00031131538771036907,0.0006808480807526973,0.9990078365315368,-108.00845566307645,2.437163561522425,0.0,0.0,none
traffic,ppo,19,181,1429.7109581378224,33.060037907835394,42.63482454954251,1.0,2,balanced,0.00031131538771036907,0.0006808480807526973,0.9990078365315368,-108.78614874562696,12.989351862877676,0.0,0.0,none
traffic,ppo,19,182,1442.6481053437033,34.209231022680854,42.81604037612967,1.0,2,balanced,0.00031131538771036907,0.0006808480807526973,0.9990078365315368,-108.86925008525309,3.3084296792487375,0.0,0.0,none
traffic,ppo,19,183,1445.6148754213777,32.77316344034972,42.53022199371373,1.0,2,balanced,0.00031131538771036907,0.0006808480807526973,0.9990078365315368,-108.98845692271766,3.061431866045752,0.0,0.0,none
traffic,ppo,19,184,1448.6066850295183,32.14752117617394,42.356981997306356,1.0,2,balanced,0.00031131538771036907,0.0006808480807526973,0.9990078365315368,-109.6406426679511,9.308649347312569,0.0,0.0,none
traffic,ppo,19,185,1457.9141135746881,32.02837820151608,42.26461588138721,1.0,2,balanced,0.00031131538771036907,0.0006808480807526973,0.9990078365315368,-110.11305726159787,8.66832774653545,0.0,0.0,none
traffic,ppo,19,186,1466.4139292225257,33.34059421694062,41.1824287427665,1.0,2,balanced,0.00031131538771036907,0.0006808480807526973,0.9990078365315368,-110.79632549720436,10.764286047775474,0.0,0.0,none
traffic,ppo,19,187,1477.129601556899,32.89629924263911,40.26219914288853,1.0,2,balanced,0.00031131538771036907,0.0006808480807526973,0.9990078365315368,-111.34617137592589,7.27997192772947,0.0,0.0,none
traffic,ppo,19,188,1484.3476355050452,33.7465520167335,39.843812465182765,1.0,2,balanced,0.00031131538771036907,0.0006808480807526973,0.9990078365315368,-111.56642709151973,3.5119099470813917,0.0,0.0,none
traffic,ppo,19,189,1487.84493028678,33.84764905145236,39.54013488018388,1.0,2,balanced,0.00031131538771036907,0.0006808480807526973,0.9990078365315368,-112.21592280957064,8.453043469679686,0.0,0.0,none
traffic,ppo,19,190,1496.2935936755784,33.67589602017803,39.75116032727407,1.0,2,balanced,0.00031131538771036907,0.0006808480807526973,0.9990078365315368,-113.06043011149576,9.538123562122191,0.0,0.0,none
traffic,ppo,19,191,1505.7768819128428,33.87259053806339,40.753336240928114,1.0,2,balanced,0.00031131538771036907,0.0006808480807526973,0.9990078365315368,-113.93198470950566,11.207116844898797,0.0,0.0,none
traffic,ppo,19,192,1516.969856023326,33.96805089328539,41.30803062331203,1.0,2,balanced,0.00031131538771036907,0.0006808480807526973,0.9990078365315368,-115.14286154091596,14.968474744622084,0.0,0.0,none
traffic,ppo,19,193,1531.7299675640165,35.47646641179422,43.28768365106316,1.0,2,balanced,0.00031131538771036907,0.0006808480807526973,0.9990078365315368,-115.9023231819364,9.697126270967676,0.0,0.0,none
traffic,ppo,19,194,1541.297234963456,36.69046093533514,42.27384455163666,1.0,2,balanced,0.00031131538771036907,0.0006808480807526973,0.9990078365315368,-116.78508968759422,9.055267136851004,0.0,0.0,none
traffic,ppo,19,195,1550.275699351217,36.79642113512773,43.44594207040388,1.0,2,balanced,0.00031131538771036907,0.0006808480807526973,0.9990078365315368,-117.79176798338128,11.972574266379267,0.0,0.0,none
traffic,ppo,19,196,1562.2129462714165,37.287212871714715,44.22298389775591,1.0,2,balanced,0.00031131538771036907,0.0006808480807526973,0.9990078365315368,-118.76725865542853,9.698207276238406,0.0,0.0,none
traffic,ppo,19,197,1571.7637189760317,36.95877259054114,45.87528293224219,1.0,2,balanced,0.00031131538771036907,0.0006808480807526973,0.9990078365315368,-119.67230542631333,10.250725749945662,0.0,0.0,none
traffic,ppo,19,198,1581.9723131520136,36.048469117599375,45.6927153068077,1.0,2,balanced,0.00031131538771036907,0.0006808480807526973,0.9990078365315368,-120.36706604719103,8.260635288869317,0.0,0.0,none
traffic,ppo,19,199,1590.1855021333809,35.77765343398498,46.534309625686625,1.0,2,balanced,0.00031131538771036907,0.0006808480807526973,0.9990078365315368,-121.39919650053302,11.414468830022129,0.0,0.0,none
traffic,ppo,19,200,1601.522007882952,36.24926170634695,47.77983027943986,1.0,2,balanced,0.00031131538771036907,0.0006808480807526973,0.9990078365315368,-123.06277565920752,18.641082443873856,1.0,1.0,traffic_wave_shift
traffic,ppo,19,201,1620.097680026698,35.87694675105631,49.295000455171504,1.0,2,balanced,0.00031131538771036907,0.0006808480807526973,0.9990078365315368,-124.44547645994248,17.889032459634723,1.0,0.0,traffic_wave_shift
traffic,ppo,19,202,1637.974117653257,35.84207973544507,49.965257433377175,1.0,2,balanced,0.00031131538771036907,0.0006808480807526973,0.9990078365315368,-125.6213074670212,12.734085361561675,1.0,0.0,traffic_wave_shift
traffic,ppo,19,203,1650.2442088827815,34.55437914615359,53.11860777975859,1.0,2,balanced,0.00031131538771036907,0.0006808480807526973,0.9990078365315368,-126.72284546988794,12.829935671124305,1.0,0.0,traffic_wave_shift
traffic,ppo,19,204,1662.9480940963679,33.752518392597366,54.723465760116056,1.0,2,balanced,0.00031131538771036907,0.0006808480807526973,0.9990078365315368,-128.30200721379254,20.54242614764503,1.0,0.0,traffic_wave_shift
traffic,ppo,19,205,1683.4713274885517,33.8898639211199,55.600562885409275,1.0,2,balanced,0.00031131538771036907,0.0006808480807526973,0.9990078365315368,-129.1990889595285,12.177319279113457,1.0,0.0,traffic_wave_shift
traffic,ppo,19,206,1695.5728537225943,32.59503473917921,56.00501933774938,1.0,2,balanced,0.00031131538771036907,0.0006808480807526973,0.9990078365315368,-130.32683706901565,12.956153724460536,1.0,0.0,traffic_wave_shift
traffic,ppo,19,207,1708.4595511177768,31.597086692903844,56.8989148986438,1.0,2,balanced,0.00031131538771036907,0.0006808480807526973,0.9990078365315368,-131.07064639459702,8.71516138014042,1.0,0.0,traffic_wave_shift
traffic,ppo,19,208,1717.0286617701013,30.85689057746394,58.30479192768905,1.0,2,balanced,0.00031131538771036907,0.0006808480807526973,0.9990078365315368,-131.9278863415358,12.032179561712153,1.0,0.0,traffic_wave_shift
traffic,ppo,19,209,1729.0596130667652,30.722303794079473,58.4117606162015,1.0,2,balanced,0.00031131538771036907,0.0006808480807526973,0.9990078365315368,-132.88675494395443,12.574014976302522,1.0,0.0,traffic_wave_shift
traffic,ppo,19,210,1741.3766690734856,29.08106831698682,56.48761663501748,1.0,2,balanced,0.00031131538771036907,0.0006808480807526973,0.9990078365315368,-133.90588583639104,14.247099026828337,1.0,0.0,traffic_wave_shift
traffic,ppo,19,211,1755.6100540936204,29.507440074205213,56.944550627515746,1.0,2,balanced,0.00031131538771036907,0.0006808480807526973,0.9990078365315368,-134.6944482037825,11.752455284380526,1.0,0.0,traffic_wave_shift
traffic,ppo,19,212,1767.3582220853473,29.279734193514116,56.72340795540812,1.0,2,balanced,0.00031131538771036907,0.0006808480807526973,0.9990078365315368,-135.9276320895994,18.033978502415394,1.0,0.0,traffic_wave_shift
traffic,ppo,19,213,1785.2908121786222,31.152430081704175,57.09704318195161,1.0,2,balanced,0.00031131538771036907,0.0006808480807526973,0.9990078365315368,-136.91926327822873,15.508617505639279,1.0,0.0,traffic_wave_shift
traffic,ppo,19,214,1800.7748326423985,31.84304391512661,56.562833722408314,1.0,2,balanced,0.00031131538771036907,0.0006808480807526973,0.9990078365315368,-137.84626975181573,13.838277158179176,1.0,0.0,traffic_wave_shift
traffic,ppo,19,215,1814.6038408813374,32.14543436157029,56.156624599121756,1.0,2,balanced,0.00031131538771036907,0.0006808480807526973,0.9990078365315368,-138.69255876933596,13.206804077110426,1.0,0.0,traffic_wave_shift
traffic,ppo,19,216,1827.8054589040441,31.939080962084756,55.849421428164305,1.0,2,balanced,0.00031131538771036907,0.0006808480807526973,0.9990078365315368,-139.62946568483733,15.660238196793863,1.0,0.0,traffic_wave_shift
traffic,ppo,19,217,1843.3973112799645,32.7078178389235,54.60594103747958,1.0,2,balanced,0.00031131538771036907,0.0006808480807526973,0.9990078365315368,-140.6801227380188,15.273360563931284,1.0,0.0,traffic_wave_shift
traffic,ppo,19,218,1858.6422817344364,32.17029391116283,53.846015524542395,1.0,2,balanced,0.00031131538771036907,0.0006808480807526973,0.9990078365315368,-142.30076582817247,23.018774075887023,1.0,0.0,traffic_wave_shift
traffic,ppo,19,219,1881.466408506895,33.63831517289937,56.44757478901359,1.0,2,balanced,0.00031131538771036907,0.0006808480807526973,0.9990078365315368,-143.79515705595597,22.163344092072304,1.0,0.0,traffic_wave_shift
traffic,ppo,19,220,1903.567142593885,35.29266034250956,56.63336020164921,1.0,2,balanced,0.00031131538771036907,0.0006808480807526973,0.9990078365315368,-145.48246186773795,24.35335316696223,1.0,0.0,traffic_wave_shift
traffic,ppo,19,221,1927.8195369302332,37.50281560523785,56.48371681327148,1.0,2,balanced,0.00031131538771036907,0.0006808480807526973,0.9990078365315368,-146.98553886865483,21.967387969891767,1.0,0.0,traffic_wave_shift
traffic,ppo,19,222,1949.7343411857264,38.76740598115241,55.64211129742305,1.0,2,balanced,0.00031131538771036907,0.0006808480807526973,0.9990078365315368,-148.90688590922593,25.23896532592645,1.0,0.0,traffic_wave_shift
traffic,ppo,19,223,1974.8732898506582,40.74620162324439,54.58239503724887,1.0,2,balanced,0.00031131538771036907,0.0006808480807526973,0.9990078365315368,-150.99026378794633,28.954386177270774,1.0,0.0,traffic_wave_shift
traffic,ppo,19,224,2003.7586463872365,41.95844757606834,56.1708270965917,1.0,2,balanced,0.00031131538771036907,0.0006808480807526973,0.9990078365315368,-152.91861203255888,26.280114286117307,1.0,0.0,traffic_wave_shift
traffic,ppo,19,225,2030.02471293145,42.79151406751307,56.380958976998826,1.0,2,balanced,0.00031131538771036907,0.0006808480807526973,0.9990078365315368,-154.28118312727923,17.739593097266635,1.0,0.0,traffic_wave_shift
traffic,ppo,19,226,2047.5652312541652,41.449138864786455,58.665999248457965,1.0,2,balanced,0.00031131538771036907,0.0006808480807526973,0.9990078365315368,-156.43856840509932,28.569944471674866,1.0,0.0,traffic_wave_shift
traffic,ppo,19,227,2076.0869045002833,42.77051266291137,59.67091399204838,1.0,2,balanced,0.00031131538771036907,0.0006808480807526973,0.9990078365315368,-158.12243955340682,23.14389930321002,1.0,0.0,traffic_wave_shift
traffic,ppo,19,228,2099.2236824592583,42.37007852172004,60.082293540374984,1.0,2,balanced,0.00031131538771036907,0.0006808480807526973,0.9990078365315368,-159.80148458249326,23.096689359222996,1.0,0.0,traffic_wave_shift
traffic,ppo,19,229,2122.2903687378553,41.20634447012378,59.906889611156366,1.0,2,balanced,0.00031131538771036907,0.0006808480807526973,0.9990078365315368,-161.87891833100065,26.146797621780145,1.0,0.0,traffic_wave_shift
traffic,ppo,19,230,2148.4084001027613,41.17673743426226,61.13269013307581,1.0,2,balanced,0.00031131538771036907,0.0006808480807526973,0.9990078365315368,-163.5347951244651,22.029673891749887,1.0,0.0,traffic_wave_shift
traffic,ppo,19,231,2170.408984038498,42.06875055686659,60.43616242181972,1.0,2,balanced,0.00031131538771036907,0.0006808480807526973,0.9990078365315368,-165.28304612640466,20.704174553103716,1.0,0.0,traffic_wave_shift
traffic,ppo,19,232,2191.0319044212947,40.48899998420234,61.36481033054962,1.0,2,balanced,0.00031131538771036907,0.0006808480807526973,0.9990078365315368,-166.8542711853624,20.195455437664165,1.0,0.0,traffic_wave_shift
traffic,ppo,19,233,2211.1875749544733,39.892778499043104,62.48279317177219,1.0,2,balanced,0.00031131538771036907,0.0006808480807526973,0.9990078365315368,-168.28001795022436,16.312539133757824,1.0,0.0,traffic_wave_shift
traffic,ppo,19,234,2227.2244160706664,38.486809466562285,65.11754384006427,1.0,2,balanced,0.00031131538771036907,0.0006808480807526973,0.9990078365315368,-169.87106249143434,19.84709224312966,1.0,0.0,traffic_wave_shift
traffic,ppo,19,235,2247.029932984812,37.22430657641026,64.88375606634273,1.0,2,balanced,0.00031131538771036907,0.0006808480807526973,0.9990078365315368,-171.16549107172892,14.722246692668467,1.0,0.0,traffic_wave_shift
traffic,ppo,19,236,2261.55671348013,35.729545888326435,66.75000540820508,1.0,2,balanced,0.00031131538771036907,0.0006808480807526973,0.9990078365315368,-172.25138590568739,13.86466623561412,1.0,0.0,traffic_wave_shift
traffic,ppo,19,237,2275.330692347323,34.35975758520567,67.54382906351834,1.0,2,balanced,0.00031131538771036907,0.0006808480807526973,0.9990078365315368,-173.49263559939885,14.626094361877543,1.0,0.0,traffic_wave_shift
traffic,ppo,19,238,2289.9011520107256,33.24271541125048,68.15747249524813,1.0,2,balanced,0.00031131538771036907,0.0006808480807526973,0.9990078365315368,-174.71042648515083,14.613856581879999,1.0,0.0,traffic_wave_shift
traffic,ppo,19,239,2304.475960180269,32.95030882192053,69.18424871394798,1.0,2,balanced,0.00031131538771036907,0.0006808480807526973,0.9990078365315368,-176.00081609172062,16.871119292363865,1.0,0.0,traffic_wave_shift
traffic,ppo,19,240,2321.3259164529463,32.359196693626814,68.58073712514931,1.0,2,balanced,0.00031131538771036907,0.0006808480807526973,0.9990078365315368,-176.30685886170298,5.738005151578247,1.0,0.0,traffic_wave_shift
traffic,ppo,19,241,2324.4102489599136,30.07070709595676,72.84388284953636,1.0,2,balanced,0.00031131538771036907,0.0006808480807526973,0.9990078365315368,-176.8578116314596,7.09734508797529,1.0,0.0,traffic_wave_shift
traffic,ppo,19,242,2331.3338606124325,28.70063365302196,73.59141729280668,1.0,2,balanced,0.00031131538771036907,0.0006808480807526973,0.9990078365315368,-177.68305893745864,10.210599125878018,1.0,0.0,traffic_wave_shift
traffic,ppo,19,243,2341.502262652596,27.82022212837407,73.88263886866653,1.0,2,balanced,0.00031131538771036907,0.0006808480807526973,0.9990078365315368,-178.06154122186734,4.3686274917785965,1.0,0.0,traffic_wave_shift
traffic,ppo,19,244,2345.2456135435336,25.653930672652915,74.49860282711721,1.0,2,balanced,0.00031131538771036907,0.0006808480807526973,0.9990078365315368,-178.8367474966441,11.309399520735855,1.0,0.0,traffic_wave_shift
traffic,ppo,19,245,2356.353699274854,24.50555656438152,72.71137429872263,1.0,2,balanced,0.00031131538771036907,0.0006808480807526973,0.9990078365315368,-179.14242334989936,3.121523318679994,1.0,0.0,traffic_wave_shift
traffic,ppo,19,246,2359.4432260742938,24.50659542287603,73.15716674524903,1.0,2,balanced,0.00031131538771036907,0.0006808480807526973,0.9990078365315368,-179.74678253851113,6.5771984886366095,1.0,0.0,traffic_wave_shift
traffic,ppo,19,247,2365.9781712212593,24.428862121765356,73.89742981941463,1.0,2,balanced,0.00031131538771036907,0.0006808480807526973,0.9990078365315368,-180.72334852103774,11.945547200906077,1.0,0.0,traffic_wave_shift
traffic,ppo,19,248,2377.8667491694237,24.77289730336552,75.01073664743538,1.0,2,balanced,0.00031131538771036907,0.0006808480807526973,0.9990078365315368,-181.26630132487696,7.273021443388341,1.0,0.0,traffic_wave_shift
traffic,ppo,19,249,2385.101789246169,25.47123514052713,74.75902198941547,1.0,2,balanced,0.00031131538771036907,0.0006808480807526973,0.9990078365315368,-182.40098337179444,14.494743137756029,1.0,0.0,traffic_wave_shift
traffic,ppo,19,250,2399.5093910178107,26.13113834859133,76.20232291968013,1.0,2,balanced,0.00031131538771036907,0.0006808480807526973,0.9990078365315368,-183.44633647024057,15.102574920382988,1.0,0.0,traffic_wave_shift
traffic,ppo,19,251,2414.417416398972,28.494838064935607,75.70085296904705,1.0,2,balanced,0.00031131538771036907,0.0006808480807526973,0.9990078365315368,-184.15697223905366,8.193203111625207,1.0,0.0,traffic_wave_shift
traffic,ppo,19,252,2422.5979850444564,28.82396276463942,76.01478098134491,1.0,2,balanced,0.00031131538771036907,0.0006808480807526973,0.9990078365315368,-185.42547306469683,17.744245161103784,1.0,0.0,traffic_wave_shift
traffic,ppo,19,253,2440.27141105203,29.98093237652133,77.0962941848501,1.0,2,balanced,0.00031131538771036907,0.0006808480807526973,0.9990078365315368,-186.92257140637943,19.824974525816366,1.0,0.0,traffic_wave_shift
traffic,ppo,19,254,2459.9351923196764,32.46668061470149,77.5280080991666,1.0,2,balanced,0.00031131538771036907,0.0006808480807526973,0.9990078365315368,-188.29694503615826,17.522616056897917,1.0,0.0,traffic_wave_shift
traffic,ppo,19,255,2477.4260474896228,33.08333129436244,78.383461686856,1.0,2,balanced,0.00031131538771036907,0.0006808480807526973,0.9990078365315368,-189.75414098671513,18.09163362652429,1.0,0.0,traffic_wave_shift
traffic,ppo,19,256,2495.475730386138,33.71166279743318,79.44240178614477,1.0,2,balanced,0.00031131538771036907,0.0006808480807526973,0.9990078365315368,-191.4598628229485,21.71385319651632,1.0,0.0,traffic_wave_shift
traffic,ppo,19,257,2516.9688669417974,36.374176379468295,77.87794562980325,1.0,2,balanced,0.00031131538771036907,0.0006808480807526973,0.9990078365315368,-193.6792251176108,29.38902652423691,1.0,0.0,traffic_wave_shift
traffic,ppo,19,258,2546.047081178438,38.655134025281576,81.47927442183772,1.0,2,balanced,0.00031131538771036907,0.0006808480807526973,0.9990078365315368,-195.4645182095111,25.032955248834824,1.0,0.0,traffic_wave_shift
traffic,ppo,19,259,2571.0549636867163,39.723954273407955,81.81436279751158,1.0,2,balanced,0.00031131538771036907,0.0006808480807526973,0.9990078365315368,-197.2313082086311,25.000486506470686,1.0,0.0,traffic_wave_shift
traffic,ppo,19,260,2596.004950933686,41.215780688812714,81.26946291443485,1.0,2,balanced,0.00031131538771036907,0.0006808480807526973,0.9990078365315368,-199.20442563305033,27.130603993861364,1.0,0.0,traffic_wave_shift
traffic,ppo,19,261,2623.0639329701626,43.01764051680495,80.47292956194599,1.0,2,balanced,0.00031131538771036907,0.0006808480807526973,0.9990078365315368,-201.06255080545702,24.463533058279513,1.0,0.0,traffic_wave_shift
traffic,ppo,19,262,2647.52021351353,43.610269314346496,80.41307318414069,1.0,2,balanced,0.00031131538771036907,0.0006808480807526973,0.9990078365315368,-202.8242913193958,23.984519053316532,1.0,0.0,traffic_wave_shift
traffic,ppo,19,263,2671.481544926637,42.586892749639865,80.15920011159474,1.0,2,balanced,0.00031131538771036907,0.0006808480807526973,0.9990078365315368,-204.48338021812071,21.374242766441114,1.0,0.0,traffic_wave_shift
traffic,ppo,19,264,2692.7800194326423,41.845011149185254,81.79714066201484,1.0,2,balanced,0.00031131538771036907,0.0006808480807526973,0.9990078365315368,-206.18287285362197,23.047111454959676,1.0,0.0,traffic_wave_shift
traffic,ppo,19,265,2715.819243968121,41.462858606887025,82.2634438418694,1.0,2,balanced,0.00031131538771036907,0.0006808480807526973,0.9990078365315368,-207.93460980356767,22.49507247151284,1.0,0.0,traffic_wave_shift
traffic,ppo,19,266,2738.2953133119395,40.54627606835544,82.38373016919466,1.0,2,balanced,0.00031131538771036907,0.0006808480807526973,0.9990078365315368,-209.09648208489614,15.835001392464072,1.0,0.0,traffic_wave_shift
traffic,ppo,19,267,2753.8734753406493,38.770652365423864,84.60077716287577,1.0,2,balanced,0.00031131538771036907,0.0006808480807526973,0.9990078365315368,-210.4337742706251,18.64623799731908,1.0,0.0,traffic_wave_shift
traffic,ppo,19,268,2772.4890034283876,37.701491700350154,84.56612258812703,1.0,2,balanced,0.00031131538771036907,0.0006808480807526973,0.9990078365315368,-211.5119187049746,14.538942605309112,1.0,0.0,traffic_wave_shift
traffic,ppo,19,269,2786.9240296692587,36.32880204732334,85.627533263741,1.0,2,balanced,0.00031131538771036907,0.0006808480807526973,0.9990078365315368,-212.8803902708,17.4242512390175,1.0,0.0,traffic_wave_shift
traffic,ppo,19,270,2804.3114909877413,35.1984494039241,85.68251544481623,1.0,2,balanced,0.00031131538771036907,0.0006808480807526973,0.9990078365315368,-214.04168216282702,15.582367716937007,1.0,0.0,traffic_wave_shift
traffic,ppo,19,271,2819.8044797569646,33.80183328900514,84.77314968225976,1.0,2,balanced,0.00031131538771036907,0.0006808480807526973,0.9990078365315368,-215.04073950844364,14.129037110760361,1.0,0.0,traffic_wave_shift
traffic,ppo,19,272,2833.927591300635,33.510823191997176,85.06076596435841,1.0,2,balanced,0.00031131538771036907,0.0006808480807526973,0.9990078365315368,-215.8540240171642,10.917948468307792,1.0,0.0,traffic_wave_shift
traffic,ppo,19,273,2844.7085398949384,31.943907293310144,85.78015510109323,1.0,2,balanced,0.00031131538771036907,0.0006808480807526973,0.9990078365315368,-216.3870933119347,7.668310049027114,1.0,0.0,traffic_wave_shift
traffic,ppo,19,274,2852.101286387681,30.535451343684407,87.25206886895437,1.0,2,balanced,0.00031131538771036907,0.0006808480807526973,0.9990078365315368,-217.19062122338343,10.016171090798428,1.0,0.0,traffic_wave_shift
traffic,ppo,19,275,2862.004689389292,29.038639680310137,87.17560219506447,1.0,2,balanced,0.00031131538771036907,0.0006808480807526973,0.9990078365315368,-218.03527569300408,11.03058068576916,1.0,0.0,traffic_wave_shift
traffic,ppo,19,276,2872.9916560023116,28.13743524906938,86.79075744355659,1.0,2,balanced,0.00031131538771036907,0.0006808480807526973,0.9990078365315368,-218.6811141619011,10.637053388997534,1.0,0.0,traffic_wave_shift
traffic,ppo,19,277,2883.5240332907415,27.41928839802133,85.48684082241843,1.0,2,balanced,0.00031131538771036907,0.0006808480807526973,0.9990078365315368,-219.5094756202019,9.864118463918635,1.0,0.0,traffic_wave_shift
traffic,ppo,19,278,2893.366505107386,27.231593042489493,86.11242220185243,1.0,2,balanced,0.00031131538771036907,0.0006808480807526973,0.9990078365315368,-220.2451149547514,10.794250591452494,1.0,0.0,traffic_wave_shift
traffic,ppo,19,279,2904.1049072065107,27.900724163765982,85.24361282625706,1.0,2,balanced,0.00031131538771036907,0.0006808480807526973,0.9990078365315368,-221.05310285842694,11.311132287748622,1.0,0.0,traffic_wave_shift
traffic,ppo,19,280,2915.4119136069103,28.18144484352368,85.36409432786014,1.0,2,balanced,0.00031131538771036907,0.0006808480807526973,0.9990078365315368,-222.01517055689362,12.161670080675789,1.0,0.0,traffic_wave_shift
traffic,ppo,19,281,2927.542302036806,28.410129206898876,86.20528345819883,1.0,2,balanced,0.00031131538771036907,0.0006808480807526973,0.9990078365315368,-222.83622034031308,10.323247133173274,1.0,0.0,traffic_wave_shift
traffic,ppo,19,282,2937.852179403534,28.365629222558606,86.72861873027063,1.0,2,balanced,0.00031131538771036907,0.0006808480807526973,0.9990078365315368,-223.97117517892212,12.169911490385713,1.0,0.0,traffic_wave_shift
traffic,ppo,19,283,2949.936356904636,28.81397035945008,88.09916242919428,1.0,2,balanced,0.00031131538771036907,0.0006808480807526973,0.9990078365315368,-225.06008373678236,12.93060791254992,1.0,0.0,traffic_wave_shift
traffic,ppo,19,284,2962.814014833414,29.241821525380725,89.18704598789196,1.0,2,balanced,0.00031131538771036907,0.0006808480807526973,0.9990078365315368,-225.80741361182265,8.443885615486387,1.0,0.0,traffic_wave_shift
traffic,ppo,19,285,2971.0747860683873,28.632574492295436,90.82646080529928,1.0,2,balanced,0.00031131538771036907,0.0006808480807526973,0.9990078365315368,-226.92255289942293,13.72259366716254,1.0,0.0,traffic_wave_shift
traffic,ppo,19,286,2984.752426892472,28.942024971133275,91.8922745050255,1.0,2,balanced,0.00031131538771036907,0.0006808480807526973,0.9990078365315368,-228.44375994893048,18.27013373409521,1.0,0.0,traffic_wave_shift
traffic,ppo,19,287,3002.786672209343,30.48689856116173,94.37766141725345,1.0,2,balanced,0.00031131538771036907,0.0006808480807526973,0.9990078365315368,-229.90583335513668,18.10345286469599,1.0,0.0,traffic_wave_shift
traffic,ppo,19,288,3020.787253155552,31.670179250183345,95.89882479908736,1.0,2,balanced,0.00031131538771036907,0.0006808480807526973,0.9990078365315368,-231.68317525499472,21.38466610961515,1.0,0.0,traffic_wave_shift
traffic,ppo,19,289,3041.982517850284,33.33370060337394,98.20043203045132,1.0,2,balanced,0.00031131538771036907,0.0006808480807526973,0.9990078365315368,-232.74919534211367,11.602391605539937,1.0,0.0,traffic_wave_shift
traffic,ppo,19,290,3053.563647239168,33.99777223415607,98.42833972101364,1.0,2,balanced,0.00031131538771036907,0.0006808480807526973,0.9990078365315368,-234.41058142046808,18.472292736926196,1.0,0.0,traffic_wave_shift
traffic,ppo,19,291,3071.941927640218,34.93790014954914,100.03475435048135,1.0,2,balanced,0.00031131538771036907,0.0006808480807526973,0.9990078365315368,-236.2149079621878,22.747083668472794,1.0,0.0,traffic_wave_shift
traffic,ppo,19,292,3094.6034962769186,35.863364813515055,101.77447774814235,1.0,2,balanced,0.00031131538771036907,0.0006808480807526973,0.9990078365315368,-237.6240126452107,16.81110736231307,1.0,0.0,traffic_wave_shift
traffic,ppo,19,293,3111.3674742048534,35.61604420986007,103.00785007551966,1.0,2,balanced,0.00031131538771036907,0.0006808480807526973,0.9990078365315368,-239.11076433622105,18.23043448314266,1.0,0.0,traffic_wave_shift
traffic,ppo,19,294,3129.5722838628667,35.017953202516566,103.7667531698577,1.0,2,balanced,0.00031131538771036907,0.0006808480807526973,0.9990078365315368,-240.4230470615986,15.297874728208223,1.0,0.0,traffic_wave_shift
traffic,ppo,19,295,3144.851789439222,35.757628440010876,103.88742249120176,1.0,2,balanced,0.00031131538771036907,0.0006808480807526973,0.9990078365315368,-242.19809082238078,21.340567456605157,1.0,0.0,traffic_wave_shift
traffic,ppo,19,296,3166.115531653981,36.33472080275268,105.60208012439064,1.0,2,balanced,0.00031131538771036907,0.0006808480807526973,0.9990078365315368,-243.9408365854971,21.356871657850572,1.0,0.0,traffic_wave_shift
traffic,ppo,19,297,3187.451455333215,36.06959181125937,106.50984351959652,1.0,2,balanced,0.00031131538771036907,0.0006808480807526973,0.9990078365315368,-244.96385743202367,12.928784551029791,1.0,0.0,traffic_wave_shift
traffic,ppo,19,298,3200.261114913672,35.278728141763864,108.07209383757689,1.0,2,balanced,0.00031131538771036907,0.0006808480807526973,0.9990078365315368,-246.43354375860605,20.798771275400654,1.0,0.0,traffic_wave_shift
traffic,ppo,19,299,3221.0514280261377,35.79582883265428,108.36256608675765,1.0,2,balanced,0.00031131538771036907,0.0006808480807526973,0.9990078365315368,-247.50977870691443,13.598309234348022,1.0,0.0,traffic_wave_shift
traffic,ppo,19,300,3234.610222904924,35.45168669314045,109.33963397373854,1.0,2,balanced,0.00031131538771036907,0.0006808480807526973,0.9990078365315368,-248.5922513469839,3235.608052389709,1.0,1.0,traffic_wave_shift|traffic_signal_latency
traffic,ppo,19,301,1.0,1.0,1.0,0.997114018294575,2,balanced,0.024710503430903214,0.033681108712437895,0.9416083878566589,-248.9985962772618,0.002885981705424978,1.0,0.0,traffic_signal_latency
traffic,ppo,19,302,1.0,1.0,1.0,1.0,2,balanced,0.02471049268329375,0.03368108001030038,0.9416084273064058,-249.14290514290792,0.0,1.0,0.0,traffic_signal_latency
traffic,ppo,19,303,1.0,1.0,1.0,1.0,2,balanced,0.02471049268329375,0.03368108001030038,0.9416084273064058,-249.41718487341086,0.0,1.0,0.0,traffic_signal_latency
traffic,ppo,19,304,1.0,1.0,1.0,1.0,2,balanced,0.02471049268329375,0.03368108001030038,0.9416084273064058,-249.84675786239515,0.0,1.0,0.0,traffic_signal_latency
traffic,ppo,19,305,1.0,1.0,1.0,1.0,2,balanced,0.02471049268329375,0.03368108001030038,0.9416084273064058,-249.77852075704808,0.02827470366181417,1.0,0.0,traffic_signal_latency
traffic,ppo,19,306,1.0,1.0,1.0,0.9717252963381858,2,balanced,0.02471190731594301,0.03368300819344329,0.9416050844906138,-250.20560955479672,0.019958948394157794,1.0,0.0,traffic_signal_latency
traffic,ppo,19,307,1.0,1.0,1.0,0.9916842447323436,2,balanced,0.024710599915850676,0.0336812643148343,0.9416081357693151,-250.89833375308046,0.008315755267656377,1.0,0.0,traffic_signal_latency
traffic,ppo,19,308,1.0,1.0,1.0,1.0,2,balanced,0.02471049268329375,0.03368108001030038,0.9416084273064058,-251.49159729181855,0.0,1.0,0.0,traffic_signal_latency
traffic,ppo,19,309,1.0,1.0,1.0,1.0,2,balanced,0.02471049268329375,0.03368108001030038,0.9416084273064058,-251.70177746254257,1.5999303154989875e-05,1.0,0.0,traffic_signal_latency
traffic,ppo,19,310,1.0,1.0,1.0,0.999984000696845,2,balanced,0.024710492732901268,0.03368107807036804,0.9416084291967307,-252.05868606384215,1.5999303154989875e-05,1.0,0.0,traffic_signal_latency
traffic,ppo,19,311,1.0,1.0,1.0,1.0,2,balanced,0.02471049268329375,0.03368108001030038,0.9416084273064058,-252.93876609800748,0.0,1.0,0.0,traffic_signal_latency
traffic,ppo,19,312,1.0,1.0,1.0,1.0,2,balanced,0.02471049268329375,0.03368108001030038,0.9416084273064058,-253.72280456666044,0.0,1.0,0.0,traffic_signal_latency
traffic,ppo,19,313,1.0,1.0,1.0,1.0,2,balanced,0.02471049268329375,0.03368108001030038,0.9416084273064058,-254.1778132214623,0.06171180509841212,1.0,0.0,traffic_signal_latency
traffic,ppo,19,314,1.0,1.0,1.0,0.9382881949015879,2,prioritize_ns,0.024717490282077315,0.033690113895902,0.9415923958220206,-254.78149854893684,0.05501079436564116,1.0,0.0,traffic_signal_latency
traffic,ppo,19,315,1.0,1.0,1.0,0.993298989267229,2,balanced,0.024710558458813803,0.03368120178502201,0.9416082397561641,-255.500506381035,0.006701010732770962,1.0,0.0,traffic_signal_latency
traffic,ppo,19,316,1.0,1.0,1.0,1.0,2,balanced,0.02471049268329375,0.03368108001030038,0.9416084273064058,-256.54723991951425,0.0008603454937574639,1.0,0.0,traffic_signal_latency
traffic,ppo,19,317,1.0,1.0,1.0,0.9991396545062425,0,prioritize_ns,0.024710495407401403,0.033681085730883,0.9416084188617156,-257.30652946115043,0.037744830859042344,1.0,0.0,traffic_signal_latency
traffic,ppo,19,318,1.0,1.0,1.0,0.9613948236472002,2,balanced,0.024713174560338533,0.03368464111744709,0.9416021843222143,-258.02591206653676,0.027973901769789644,1.0,0.0,traffic_signal_latency
traffic,ppo,19,319,1.0,1.0,1.0,0.9893687254169898,2,balanced,0.02471068035403372,0.033681373954410565,0.9416079456915556,-259.00318426985416,0.010631274583010164,1.0,0.0,traffic_signal_latency
traffic,ppo,19,320,1.0,1.0,1.0,1.0,2,balanced,0.02471049268329375,0.03368108001030038,0.9416084273064058,-259.73510515524214,0.0,1.0,0.0,traffic_signal_latency
traffic,ppo,19,321,1.0,1.0,1.0,1.0,2,balanced,0.02471049268329375,0.03368108001030038,0.9416084273064058,-260.5228582363728,0.024172856844086543,1.0,0.0,traffic_signal_latency
traffic,ppo,19,322,1.0,1.0,1.0,0.9758271431559135,2,balanced,0.02471151560868515,0.03368249837728721,0.9416059860140277,-261.61537650866256,0.013816328293779101,1.0,0.0,traffic_signal_latency
traffic,ppo,19,323,1.0,1.0,1.0,0.9896434714496926,2,balanced,0.02471066356280607,0.03368135709017576,0.9416079793470181,-262.37147415724604,0.010182067778683246,1.0,0.0,traffic_signal_latency
traffic,ppo,19,324,1.0,1.0,1.0,0.9794614036710093,2,prioritize_ns,0.024711218464058163,0.033682107413979555,0.9416066741219622,-262.9905461614967,0.020538596328990688,1.0,0.0,traffic_signal_latency
traffic,ppo,19,325,1.0,1.0,1.0,1.0,2,balanced,0.02471049268329375,0.03368108001030038,0.9416084273064058,-263.9060987208155,0.0,1.0,0.0,traffic_signal_latency
traffic,ppo,19,326,1.0,1.0,1.0,1.0,2,balanced,0.02471049268329375,0.03368108001030038,0.9416084273064058,-264.7081420993264,0.00744305353882635,1.0,0.0,traffic_signal_latency
traffic,ppo,19,327,1.0,1.0,1.0,0.9925569464611737,2,prioritize_ew,0.024710580648598098,0.033681232030336114,0.9416081873210659,-265.4549352882062,0.00744305353882635,1.0,0.0,traffic_signal_latency
traffic,ppo,19,328,1.0,1.0,1.0,1.0,2,prioritize_ew,0.02471049268329375,0.03368108001030038,0.9416084273064058,-266.1238106673299,0.0,1.0,0.0,traffic_signal_latency
traffic,ppo,19,329,1.0,1.0,1.0,1.0,2,balanced,0.02471049268329375,0.03368108001030038,0.9416084273064058,-266.2168961659865,0.04656126612470546,1.0,0.0,traffic_signal_latency
traffic,ppo,19,330,1.0,1.0,1.0,0.9534387338752945,2,balanced,0.02471442849151297,0.03368623580728617,0.9415993357012009,-266.4176657158042,0.0036994606492981585,1.0,0.0,traffic_signal_latency
traffic,ppo,19,331,1.0,1.0,1.0,0.9497392732259964,2,balanced,0.02471509582952957,0.033687083156524716,0.9415978210139457,-266.6143199622374,0.05026072677400362,1.0,0.0,traffic_signal_latency
traffic,ppo,19,332,1.0,1.0,1.0,1.0,2,balanced,0.02471049268329375,0.03368108001030038,0.9416084273064058,-266.768324544893,0.0,1.0,0.0,traffic_signal_latency
traffic,ppo,19,333,1.0,1.0,1.0,1.0,2,balanced,0.02471049268329375,0.03368108001030038,0.9416084273064058,-266.8985045349523,0.05865076179140705,1.0,0.0,traffic_signal_latency
traffic,ppo,19,334,1.0,1.0,1.0,0.941349238208593,0,prioritize_ns,0.024716806137549424,0.03368924766718761,0.941593946195263,-266.91737706987567,0.05865076179140705,1.0,0.0,traffic_signal_latency
traffic,ppo,19,335,1.0,1.0,1.0,1.0,2,balanced,0.02471049268329375,0.03368108001030038,0.9416084273064058,-266.96620418163735,0.0,1.0,0.0,traffic_signal_latency
traffic,ppo,19,336,1.0,1.0,1.0,1.0,2,prioritize_ns,0.02471049268329375,0.03368108001030038,0.9416084273064058,-267.0658384891209,0.0,1.0,0.0,traffic_signal_latency
traffic,ppo,19,337,1.0,1.0,1.0,1.0,2,prioritize_ew,0.02471049268329375,0.03368108001030038,0.9416084273064058,-266.9337054135422,0.0,1.0,0.0,traffic_signal_latency
traffic,ppo,19,338,1.0,1.0,1.0,1.0,2,balanced,0.02471049268329375,0.03368108001030038,0.9416084273064058,-267.287651533911,0.00496196291523876,1.0,0.0,traffic_signal_latency
traffic,ppo,19,339,1.0,1.0,1.0,0.9950380370847612,2,balanced,0.024710525273387806,0.03368115253722554,0.9416083221893867,-267.261407058773,0.03799593051789418,1.0,0.0,traffic_signal_latency
traffic,ppo,19,340,1.0,1.0,1.0,0.9570421065668671,2,prioritize_ns,0.024713830670926355,0.03368547718512154,0.941600692143952,-266.80723717067315,0.031088181013330107,1.0,0.0,traffic_signal_latency
traffic,ppo,19,341,1.0,1.0,1.0,0.9881302875801972,2,balanced,0.024710724535392005,0.03368144220516384,0.9416078332594442,-266.7542690182899,0.003180541891764199,1.0,0.0,traffic_signal_latency
traffic,ppo,19,342,1.0,1.0,1.0,0.9913108294719614,2,prioritize_ns,0.024710616558213223,0.03368128699885709,0.9416080964429296,-266.92138092753464,0.008689170528038637,1.0,0.0,traffic_signal_latency
traffic,ppo,19,343,1.0,1.0,1.0,1.0,2,balanced,0.02471049268329375,0.03368108001030038,0.9416084273064058,-267.3356797687522,0.0,1.0,0.0,traffic_signal_latency
traffic,ppo,19,344,1.0,1.0,1.0,1.0,2,balanced,0.02471049268329375,0.03368108001030038,0.9416084273064058,-268.1097946290607,0.0,1.0,0.0,traffic_signal_latency
traffic,ppo,19,345,1.0,1.0,1.0,1.0,2,prioritize_ew,0.02471049268329375,0.03368108001030038,0.9416084273064058,-268.91650907508574,0.05534781091299157,1.0,0.0,traffic_signal_latency
traffic,ppo,19,346,1.0,1.0,1.0,0.9446521890870084,2,balanced,0.02471609971715585,0.03368835508861808,0.9415955451942261,-269.60064442289166,0.05534781091299157,1.0,0.0,traffic_signal_latency
traffic,ppo,19,347,1.0,1.0,1.0,1.0,2,prioritize_ew,0.02471049268329375,0.03368108001030038,0.9416084273064058,-270.42384445089965,0.0,1.0,0.0,traffic_signal_latency
traffic,ppo,19,348,1.0,1.0,1.0,1.0,2,balanced,0.02471049268329375,0.03368108001030038,0.9416084273064058,-271.08500713894557,0.03998269537689714,1.0,0.0,traffic_signal_latency
traffic,ppo,19,349,1.0,1.0,1.0,0.9600173046231029,2,prioritize_ns,0.02471337745989914,0.033684901612127935,0.941601720927973,-272.32832197138964,0.03998269537689714,1.0,0.0,traffic_signal_latency
traffic,ppo,19,350,1.0,1.0,1.0,1.0,2,balanced,0.02471049268329375,0.03368108001030038,0.9416084273064058,-273.43717351407247,0.027927785142005,1.0,0.0,traffic_signal_latency
traffic,ppo,19,351,1.0,1.0,1.0,0.972072214857995,2,balanced,0.024711871255735943,0.03368295904239094,0.9416051697018731,-274.2724352778267,0.027927785142005,1.0,0.0,traffic_signal_latency
traffic,ppo,19,352,1.0,1.0,1.0,1.0,2,prioritize_ns,0.02471049268329375,0.03368108001030038,0.9416084273064058,-275.41016441171314,0.0,1.0,0.0,traffic_signal_latency
traffic,ppo,19,353,1.0,1.0,1.0,1.0,2,balanced,0.02471049268329375,0.03368108001030038,0.9416084273064058,-276.5833154611645,0.0062913682928851244,1.0,0.0,traffic_signal_latency
traffic,ppo,19,354,1.0,1.0,1.0,0.9937086317071149,2,balanced,0.024710550137649515,0.03368119044303578,0.9416082594193147,-277.7315972833261,0.008072031282670866,1.0,0.0,traffic_signal_latency
traffic,ppo,19,355,1.0,1.0,1.0,0.985636600424444,2,prioritize_ns,0.024710835485198146,0.03368159343300331,0.9416075710817986,-278.6220064618676,0.020971686370827247,1.0,0.0,traffic_signal_latency
traffic,ppo,19,356,1.0,1.0,1.0,0.9646649140536168,2,balanced,0.024712729980201978,0.0336840652600993,0.9416032047596987,-280.1315484467638,0.03533508594638324,1.0,0.0,traffic_signal_latency
traffic,ppo,19,357,1.0,1.0,1.0,1.0,1,prioritize_ew,0.02471049268329375,0.03368108001030038,0.9416084273064058,-281.09599848303054,0.03527271648724839,1.0,0.0,traffic_signal_latency
traffic,ppo,19,358,1.0,1.0,1.0,0.9647272835127516,2,balanced,0.02471271878516844,0.03368405401644221,0.9416032271983893,-282.01062920504427,0.03527271648724839,1.0,0.0,traffic_signal_latency
traffic,ppo,19,359,1.0,1.0,1.0,1.0,2,balanced,0.02471049268329375,0.03368108001030038,0.9416084273064058,-283.18411520446637,0.0,1.0,0.0,traffic_signal_latency
traffic,ppo,19,360,1.0,1.0,1.0,1.0,2,balanced,0.02471049268329375,0.03368108001030038,0.9416084273064058,-284.0144149216249,0.0,1.0,0.0,traffic_signal_latency
traffic,ppo,19,361,1.0,1.0,1.0,1.0,2,balanced,0.02471049268329375,0.03368108001030038,0.9416084273064058,-284.64928888957337,0.0,1.0,0.0,traffic_signal_latency
traffic,ppo,19,362,1.0,1.0,1.0,1.0,2,balanced,0.02471049268329375,0.03368108001030038,0.9416084273064058,-285.21154743964007,0.03533461656921755,1.0,0.0,traffic_signal_latency
traffic,ppo,19,363,1.0,1.0,1.0,0.9646653834307825,2,balanced,0.024712729930585566,0.0336840672001977,0.9416032028692167,-285.70999205941007,0.03272236107308546,1.0,0.0,traffic_signal_latency
traffic,ppo,19,364,1.0,1.0,1.0,0.9973877445038679,2,balanced,0.024710497982686666,0.03368109727126613,0.9416084047460473,-286.4424304045792,0.0026122554961320876,1.0,0.0,traffic_signal_latency
traffic,ppo,19,365,1.0,1.0,1.0,1.0,2,prioritize_ew,0.02471049268329375,0.03368108001030038,0.9416084273064058,-286.6489646427765,0.0,1.0,0.0,traffic_signal_latency
traffic,ppo,19,366,1.0,1.0,1.0,1.0,2,balanced,0.02471049268329375,0.03368108001030038,0.9416084273064058,-287.19552086074935,0.0,1.0,0.0,traffic_signal_latency
traffic,ppo,19,367,1.0,1.0,1.0,1.0,2,balanced,0.02471049268329375,0.03368108001030038,0.9416084273064058,-287.09961868096366,0.0,1.0,0.0,traffic_signal_latency
traffic,ppo,19,368,1.0,1.0,1.0,1.0,2,balanced,0.02471049268329375,0.03368108001030038,0.9416084273064058,-287.4437377818108,0.0,1.0,0.0,traffic_signal_latency
traffic,ppo,19,369,1.0,1.0,1.0,1.0,0,prioritize_ns,0.02471049268329375,0.03368108001030038,0.9416084273064058,-286.9656955984341,0.0,1.0,0.0,traffic_signal_latency
traffic,ppo,19,370,1.0,1.0,1.0,1.0,2,balanced,0.02471049268329375,0.03368108001030038,0.9416084273064058,-286.9344694102863,0.0,1.0,0.0,traffic_signal_latency
traffic,ppo,19,371,1.0,1.0,1.0,1.0,2,balanced,0.02471049268329375,0.03368108001030038,0.9416084273064058,-286.7110320309506,0.010010524573414559,1.0,0.0,traffic_signal_latency
traffic,ppo,19,372,1.0,1.0,1.0,0.9899894754265854,2,balanced,0.02471065261670148,0.033681336147622316,0.9416080112356762,-286.60905733554296,0.004995966927308637,1.0,0.0,traffic_signal_latency
traffic,ppo,19,373,1.0,1.0,1.0,0.9949854423538941,2,balanced,0.02471053092004058,0.033681156218667796,0.9416083128612915,-286.5263458196298,0.011364737427649652,1.0,0.0,traffic_signal_latency
traffic,ppo,19,374,1.0,1.0,1.0,0.9836207049262444,1,prioritize_ew,0.024710952082216346,0.03368174834298089,0.9416072995748028,-286.99820542874977,0.016379295073755573,1.0,0.0,traffic_signal_latency
traffic,ppo,19,375,1.0,1.0,1.0,1.0,2,balanced,0.02471049268329375,0.03368108001030038,0.9416084273064058,-287.2523220581649,0.0,1.0,0.0,traffic_signal_latency
traffic,ppo,19,376,1.0,1.0,1.0,1.0,2,balanced,0.02471049268329375,0.03368108001030038,0.9416084273064058,-287.8491514062316,0.006397763879143037,1.0,0.0,traffic_signal_latency
traffic,ppo,19,377,1.0,1.0,1.0,0.993602236120857,2,balanced,0.024710552960978457,0.033681192283758765,0.9416082547552627,-288.4268986599713,0.06043810631094648,1.0,0.0,traffic_signal_latency
traffic,ppo,19,378,1.0,1.0,1.0,0.9331641298099105,2,prioritize_ew,0.024718742042211854,0.03369168952177975,0.9415895684360084,-289.63045034995605,0.06683587019008952,1.0,0.0,traffic_signal_latency
traffic,ppo,19,379,1.0,1.0,1.0,1.0,2,balanced,0.02471049268329375,0.03368108001030038,0.9416084273064058,-290.23896759505766,0.0,1.0,0.0,traffic_signal_latency
traffic,ppo,19,380,1.0,1.0,1.0,1.0,2,balanced,0.02471049268329375,0.03368108001030038,0.9416084273064058,-290.44452971645677,0.07075873202218608,1.0,0.0,traffic_signal_latency
traffic,ppo,19,381,1.0,1.0,1.0,0.9292412679778139,2,prioritize_ew,0.024719754542494476,0.03369296714019218,0.9415872783173133,-291.30432102851876,0.07075873202218608,1.0,0.0,traffic_signal_latency
traffic,ppo,19,382,1.0,1.0,1.0,1.0,2,balanced,0.02471049268329375,0.03368108001030038,0.9416084273064058,-291.91345388813573,0.0,1.0,0.0,traffic_signal_latency
traffic,ppo,19,383,1.0,1.0,1.0,1.0,2,balanced,0.02471049268329375,0.03368108001030038,0.9416084273064058,-292.8523825161598,0.0,1.0,0.0,traffic_signal_latency
traffic,ppo,19,384,1.0,1.0,1.0,1.0,2,balanced,0.02471049268329375,0.03368108001030038,0.9416084273064058,-293.58395098095804,0.0,1.0,0.0,traffic_signal_latency
traffic,ppo,19,385,1.0,1.0,1.0,1.0,2,balanced,0.02471049268329375,0.03368108001030038,0.9416084273064058,-294.89335757523355,0.0,1.0,0.0,traffic_signal_latency
traffic,ppo,19,386,1.0,1.0,1.0,1.0,2,balanced,0.02471049268329375,0.03368108001030038,0.9416084273064058,-296.000113282801,0.0,1.0,0.0,traffic_signal_latency
traffic,ppo,19,387,1.0,1.0,1.0,1.0,2,balanced,0.02471049268329375,0.03368108001030038,0.9416084273064058,-296.6341249384976,0.041899758559330036,1.0,0.0,traffic_signal_latency
traffic,ppo,19,388,1.0,1.0,1.0,0.95810024144067,2,balanced,0.024713658282377725,0.033685258278239844,0.9416010834393823,-297.3335148761034,0.041899758559330036,1.0,0.0,traffic_signal_latency
traffic,ppo,19,389,1.0,1.0,1.0,1.0,2,balanced,0.02471049268329375,0.03368108001030038,0.9416084273064058,-298.1694223662524,0.02678448877048334,1.0,0.0,traffic_signal_latency
traffic,ppo,19,390,1.0,1.0,1.0,0.9732155112295167,2,balanced,0.02471175737887607,0.033682809848059395,0.9416054327730645,-299.0812273605809,0.02678448877048334,1.0,0.0,traffic_signal_latency
traffic,ppo,19,391,1.0,1.0,1.0,1.0,2,balanced,0.02471049268329375,0.03368108001030038,0.9416084273064058,-299.6124632490369,0.0036012294524737642,1.0,0.0,traffic_signal_latency
traffic,ppo,19,392,1.0,1.0,1.0,0.9963987705475262,2,prioritize_ns,0.02471050605579669,0.033681118312894005,0.9416083756313093,-300.0789937542698,0.10493088582034127,1.0,0.0,traffic_signal_latency
traffic,ppo,19,393,1.0,1.0,1.0,0.891467884727185,2,balanced,0.024732751818800497,0.03370921563038206,0.9415580325508175,-300.7418472678241,0.10853211527281503,1.0,0.0,traffic_signal_latency
traffic,ppo,19,394,1.0,1.0,1.0,1.0,2,balanced,0.02471049268329375,0.03368108001030038,0.9416084273064058,-301.16554284561715,0.0,1.0,0.0,traffic_signal_latency
traffic,ppo,19,395,1.0,1.0,1.0,1.0,2,balanced,0.02471049268329375,0.03368108001030038,0.9416084273064058,-302.1683051534937,0.016092211510190357,1.0,0.0,traffic_signal_latency
traffic,ppo,19,396,1.0,1.0,1.0,0.9839077884898096,2,balanced,0.024710929892119433,0.03368171809723166,0.941607352010649,-302.61264738448335,0.01551422562642657,1.0,0.0,traffic_signal_latency
traffic,ppo,19,397,1.0,1.0,1.0,0.9994220141162362,2,balanced,0.024710489859971346,0.033681078169583066,0.9416084319704455,-302.89273297046356,0.0034264930771725766,1.0,0.0,traffic_signal_latency
traffic,ppo,19,398,1.0,1.0,1.0,0.9959955210390636,2,balanced,0.02471051155362242,0.0336811278141375,0.94160836063224,-303.027170777944,0.004004478960936364,1.0,0.0,traffic_signal_latency
traffic,ppo,19,399,1.0,1.0,1.0,1.0,2,balanced,0.02471049268329375,0.03368108001030038,0.9416084273064058,-303.8264245520568,0.0,1.0,0.0,traffic_signal_latency
traffic,ppo,19,400,1.0,1.0,1.0,1.0,2,balanced,0.02471049268329375,0.03368108001030038,0.9416084273064058,-303.7567034021135,0.03608683954854963,1.0,0.0,traffic_signal_latency
traffic,ppo,19,401,1.0,1.0,1.0,0.9639131604514504,2,balanced,0.02471282434431427,0.03368419187299566,0.94160298378269,-304.31780707275027,4016.554954692657,0.0,0.0,none
traffic,ppo,19,402,4015.6551454148253,33.21381366396521,120.24779397272358,1.0,2,balanced,0.00031131538771036907,0.0006808480807526973,0.9990078365315368,-304.5273025959939,5.138871165920175,0.0,0.0,none
traffic,ppo,19,403,4020.732262645816,32.75232469099209,119.60133793359267,1.0,2,balanced,0.00031131538771036907,0.0006808480807526973,0.9990078365315368,-304.95576940422177,8.48313843783662,0.0,0.0,none
traffic,ppo,19,404,4029.123899249562,33.55808427197012,118.65538636832495,1.0,2,balanced,0.00031131538771036907,0.0006808480807526973,0.9990078365315368,-305.7408306831753,12.279184844139683,0.0,0.0,none
traffic,ppo,19,405,4041.3853051619417,33.36140669969531,118.02481248607867,1.0,2,balanced,0.00031131538771036907,0.0006808480807526973,0.9990078365315368,-306.32586580416034,9.119517954446769,0.0,0.0,none
traffic,ppo,19,406,4050.226455761167,34.86425548345555,116.36918289693594,1.0,2,balanced,0.00031131538771036907,0.0006808480807526973,0.9990078365315368,-306.75395848108565,5.207853217490635,0.0,0.0,none
traffic,ppo,19,407,4055.296562650454,33.92828344712564,117.1038308489122,1.0,2,balanced,0.00031131538771036907,0.0006808480807526973,0.9990078365315368,-307.3200081391657,7.563794600008693,0.0,0.0,none
traffic,ppo,19,408,4062.8421258018407,34.42197263120501,116.92568352483431,1.0,2,balanced,0.00031131538771036907,0.0006808480807526973,0.9990078365315368,-307.7298283902867,4.9590391860751115,0.0,0.0,none
traffic,ppo,19,409,4067.691382637594,33.713496677606486,117.68386530587439,1.0,2,balanced,0.00031131538771036907,0.0006808480807526973,0.9990078365315368,-308.1538660266945,5.508406803461312,0.0,0.0,none
traffic,ppo,19,410,4072.95007979582,32.31295492677564,116.83114465134254,1.0,2,balanced,0.00031131538771036907,0.0006808480807526973,0.9990078365315368,-309.2819304223667,15.140954049694718,0.0,0.0,none
traffic,ppo,19,411,4087.809896051129,33.51668805799239,119.47413101949394,1.0,2,balanced,0.00031131538771036907,0.0006808480807526973,0.9990078365315368,-309.9741822474081,8.215494882945334,0.0,0.0,none
traffic,ppo,19,412,4095.9922434171904,34.139136153347295,119.86923369146118,1.0,2,balanced,0.00031131538771036907,0.0006808480807526973,0.9990078365315368,-310.8884664245453,9.739796411543427,0.0,0.0,none
traffic,ppo,19,413,4105.6458997441905,34.560754788469964,121.09103211387044,1.0,2,balanced,0.00031131538771036907,0.0006808480807526973,0.9990078365315368,-312.06173763306987,13.247521045425394,0.0,0.0,none
traffic,ppo,19,414,4118.745059856512,36.21073544378349,122.1802437727535,1.0,2,balanced,0.00031131538771036907,0.0006808480807526973,0.9990078365315368,-312.5574443123555,4.856030076955131,0.0,0.0,none
traffic,ppo,19,415,4123.504283217375,36.11084068431092,123.13984897633414,1.0,2,balanced,0.00031131538771036907,0.0006808480807526973,0.9990078365315368,-313.681277178396,13.828914912563965,0.0,0.0,none
traffic,ppo,19,416,4137.321802788676,35.902381347509355,123.66098740376545,1.0,2,balanced,0.00031131538771036907,0.0006808480807526973,0.9990078365315368,-314.3799669809782,7.114038467061636,0.0,0.0,none
traffic,ppo,19,417,4144.331445978202,35.66784051220235,124.85238837024731,1.0,2,balanced,0.00031131538771036907,0.0006808480807526973,0.9990078365315368,-315.0478959490622,5.9769703071745965,0.0,0.0,none
traffic,ppo,19,418,4150.004465515367,34.87171315423532,126.55744104207037,1.0,2,balanced,0.00031131538771036907,0.0006808480807526973,0.9990078365315368,-315.63898289748477,7.320786706914928,0.0,0.0,none
traffic,ppo,19,419,4157.227480686349,33.696484165967426,126.35543442573534,1.0,2,balanced,0.00031131538771036907,0.0006808480807526973,0.9990078365315368,-316.22018019551643,6.9044904891292065,0.0,0.0,none
traffic,ppo,19,420,4164.115827145633,34.12230878565181,126.5587700217542,1.0,2,balanced,0.00031131538771036907,0.0006808480807526973,0.9990078365315368,-317.3425154487061,13.397874779939047,0.0,0.0,none
traffic,ppo,19,421,4177.492020755848,34.034043593434454,127.31554104182784,1.0,2,balanced,0.00031131538771036907,0.0006808480807526973,0.9990078365315368,-317.6760617342349,3.6873937582581084,0.0,0.0,none
traffic,ppo,19,422,4180.962114761771,33.3261337567139,128.3422756626395,1.0,2,balanced,0.00031131538771036907,0.0006808480807526973,0.9990078365315368,-317.79270850937723,2.2163750695976074,0.0,0.0,none
traffic,ppo,19,423,4180.749931487402,32.14909319440702,130.20825321392363,1.0,2,balanced,0.00031131538771036907,0.0006808480807526973,0.9990078365315368,-318.1662400053295,4.115396973083505,0.0,0.0,none
traffic,ppo,19,424,4184.786910312869,31.511885925304018,130.69122433625049,1.0,2,balanced,0.00031131538771036907,0.0006808480807526973,0.9990078365315368,-318.4105764986405,2.104739619532976,0.0,0.0,none
traffic,ppo,19,425,4186.4169137378285,30.460217318438993,131.50793165346133,1.0,2,balanced,0.00031131538771036907,0.0006808480807526973,0.9990078365315368,-318.8638797984281,6.720114156530562,0.0,0.0,none
traffic,ppo,19,426,4192.514893018096,29.00457445244975,129.08807900899555,1.0,2,balanced,0.00031131538771036907,0.0006808480807526973,0.9990078365315368,-319.1750989096063,4.782382944550305,0.0,0.0,none
traffic,ppo,19,427,4197.290146579409,29.265606363527816,129.089626551193,1.0,2,balanced,0.00031131538771036907,0.0006808480807526973,0.9990078365315368,-319.4590619675953,5.285827772068092,0.0,0.0,none
traffic,ppo,19,428,4202.347849426458,30.319583587811188,127.97215209617752,1.0,2,balanced,0.00031131538771036907,0.0006808480807526973,0.9990078365315368,-319.85071004229985,5.391960886788535,0.0,0.0,none
traffic,ppo,19,429,4207.731756618636,30.588969261153437,128.0913867793645,1.0,2,balanced,0.00031131538771036907,0.0006808480807526973,0.9990078365315368,-319.8838677979019,1.028255959271621,0.0,0.0,none
traffic,ppo,19,430,4208.751804767171,30.466978205868532,128.13532167298766,1.0,2,balanced,0.00031131538771036907,0.0006808480807526973,0.9990078365315368,-319.70827311950995,2.7832746143780587,0.0,0.0,none
traffic,ppo,19,431,4206.710768400735,28.83917507652783,129.10022845710512,1.0,2,balanced,0.00031131538771036907,0.0006808480807526973,0.9990078365315368,-320.0282502717853,6.263932890328574,0.0,0.0,none
traffic,ppo,19,432,4212.95845321198,29.13366132651389,128.75880847753143,1.0,2,balanced,0.00031131538771036907,0.0006808480807526973,0.9990078365315368,-320.20639837723627,4.104532241990408,0.0,0.0,none
traffic,ppo,19,433,4217.009980994075,28.932426313523354,128.13285957706304,1.0,2,balanced,0.00031131538771036907,0.0006808480807526973,0.9990078365315368,-320.7089049964606,7.169101501214952,0.0,0.0,none
traffic,ppo,19,434,4224.161530989456,29.285954874164112,128.48834031507465,1.0,2,balanced,0.00031131538771036907,0.0006808480807526973,0.9990078365315368,-321.1241618262187,8.64363219628763,0.0,0.0,none
traffic,ppo,19,435,4232.654367468195,30.7805125402049,127.89639143808063,1.0,2,balanced,0.00031131538771036907,0.0006808480807526973,0.9990078365315368,-321.5630060889925,6.986349615109307,0.0,0.0,none
traffic,ppo,19,436,4239.033885813649,32.46462348258287,125.59974236642941,1.0,2,balanced,0.00031131538771036907,0.0006808480807526973,0.9990078365315368,-321.9786711356558,7.713640751596792,0.0,0.0,none
traffic,ppo,19,437,4246.722996331325,32.752908623869146,125.0568567716863,1.0,2,balanced,0.00031131538771036907,0.0006808480807526973,0.9990078365315368,-322.4654549396581,9.530551555442402,0.0,0.0,none
traffic,ppo,19,438,4256.100842862997,33.818172373784535,123.73299102227188,1.0,2,balanced,0.00031131538771036907,0.0006808480807526973,0.9990078365315368,-323.1374876687495,8.888907506005697,0.0,0.0,none
traffic,ppo,19,439,4264.97921182506,34.16353616712086,123.99369214242674,1.0,2,balanced,0.00031131538771036907,0.0006808480807526973,0.9990078365315368,-323.72864387505757,7.899823397367491,0.0,0.0,none
traffic,ppo,19,440,4272.87605020831,34.04433654802297,124.17519891705021,1.0,2,balanced,0.00031131538771036907,0.0006808480807526973,0.9990078365315368,-324.3458423517267,8.227929203524711,0.0,0.0,none
traffic,ppo,19,441,4281.09333303443,34.41188944415603,123.97523191399253,1.0,2,balanced,0.00031131538771036907,0.0006808480807526973,0.9990078365315368,-325.1791818823774,10.94133653855409,0.0,0.0,none
traffic,ppo,19,442,4291.988007919453,35.05300231762548,124.75489766482332,1.0,2,balanced,0.00031131538771036907,0.0006808480807526973,0.9990078365315368,-325.91880662370636,11.988063847470569,0.0,0.0,none
traffic,ppo,19,443,4303.964723433939,35.57277611418838,124.79727096418237,1.0,2,balanced,0.00031131538771036907,0.0006808480807526973,0.9990078365315368,-326.58833302955156,9.853222769423455,0.0,0.0,none
traffic,ppo,19,444,4313.8150648619985,35.76717060738768,124.65949043016333,1.0,2,balanced,0.00031131538771036907,0.0006808480807526973,0.9990078365315368,-327.3872590837635,11.988667098252831,0.0,0.0,none
traffic,ppo,19,445,4325.771790643203,36.579148086978726,124.33462128965313,1.0,2,balanced,0.00031131538771036907,0.0006808480807526973,0.9990078365315368,-328.29547110520434,12.468617908675236,0.0,0.0,none
traffic,ppo,19,446,4338.208318269064,37.422997046926845,124.03943982594161,1.0,2,balanced,0.00031131538771036907,0.0006808480807526973,0.9990078365315368,-329.61844968688695,17.512499119360605,0.0,0.0,none
traffic,ppo,19,447,4355.547505840418,38.71189958419321,126.1320291359668,1.0,2,balanced,0.00031131538771036907,0.0006808480807526973,0.9990078365315368,-331.05384924072035,19.45444130269966,0.0,0.0,none
traffic,ppo,19,448,4374.889138190259,40.184882951264,127.6175810347994,1.0,2,balanced,0.00031131538771036907,0.0006808480807526973,0.9990078365315368,-331.867344098133,10.29174356068124,0.0,0.0,none
traffic,ppo,19,449,4385.174051829014,40.271797393403205,127.98224916050529,1.0,2,balanced,0.00031131538771036907,0.0006808480807526973,0.9990078365315368,-332.8455305560322,13.730619638882525,0.0,0.0,none
traffic,ppo,19,450,4398.899868495364,40.62561557043217,127.90048604516643,1.0,2,balanced,0.00031131538771036907,0.0006808480807526973,0.9990078365315368,-333.8303822072521,11.513732951120808,0.0,0.0,none
traffic,ppo,19,451,4410.362911973083,40.430918740803904,128.96198208481005,1.0,2,balanced,0.00031131538771036907,0.0006808480807526973,0.9990078365315368,-334.4288627933211,7.045357364016504,0.0,0.0,none
traffic,ppo,19,452,4416.898603994698,38.27021963085607,130.46303822685687,1.0,2,balanced,0.00031131538771036907,0.0006808480807526973,0.9990078365315368,-335.1586039238389,8.58890984054234,0.0,0.0,none
traffic,ppo,19,453,4425.138556424555,36.049883646859385,129.49212920906663,1.0,2,balanced,0.00031131538771036907,0.0006808480807526973,0.9990078365315368,-335.8611374505497,8.725989207363845,0.0,0.0,none
traffic,ppo,19,454,4433.843564276771,35.73390248955148,130.0077665313315,1.0,2,balanced,0.00031131538771036907,0.0006808480807526973,0.9990078365315368,-336.66408426668266,9.618172911565718,0.0,0.0,none
traffic,ppo,19,455,4443.422189116148,34.90446412415697,129.74088014865387,1.0,2,balanced,0.00031131538771036907,0.0006808480807526973,0.9990078365315368,-337.0879167324214,4.57165242351594,0.0,0.0,none
traffic,ppo,19,456,4447.664007413915,33.46021908816657,130.6470477303869,1.0,2,balanced,0.00031131538771036907,0.0006808480807526973,0.9990078365315368,-337.52963937734074,4.129365999844041,0.0,0.0,none
traffic,ppo,19,457,4451.528327834724,32.92594476800528,132.00102047634633,1.0,2,balanced,0.00031131538771036907,0.0006808480807526973,0.9990078365315368,-337.56867662840466,2.2802935038589354,0.0,0.0,none
traffic,ppo,19,458,4451.247567306947,31.221802176478377,133.4899160460648,1.0,2,balanced,0.00031131538771036907,0.0006808480807526973,0.9990078365315368,-338.0090177337127,3.708172328855487,0.0,0.0,none
traffic,ppo,19,459,4454.767234182762,30.184733981198207,134.02561807342337,1.0,2,balanced,0.00031131538771036907,0.0006808480807526973,0.9990078365315368,-338.52286149607113,6.819806589106447,0.0,0.0,none
traffic,ppo,19,460,4461.5289981113565,29.621361799041562,133.33938030766737,1.0,2,balanced,0.00031131538771036907,0.0006808480807526973,0.9990078365315368,-339.0631676410689,7.245168035014518,0.0,0.0,none
traffic,ppo,19,461,4468.723967137448,30.211991944706632,133.95259853979087,1.0,2,balanced,0.00031131538771036907,0.0006808480807526973,0.9990078365315368,-339.07098685474125,2.4585826863425373,0.0,0.0,none
traffic,ppo,19,462,4467.107399586552,29.115814350365547,135.4458275445442,1.0,2,balanced,0.00031131538771036907,0.0006808480807526973,0.9990078365315368,-338.9288485171815,1.094296818501497,0.0,0.0,none
traffic,ppo,19,463,4466.03905599663,28.95829773793663,135.2688642216087,1.0,2,balanced,0.00031131538771036907,0.0006808480807526973,0.9990078365315368,-339.0502863809071,1.1792104560240602,0.0,0.0,none
traffic,ppo,19,464,4467.062285303257,28.45901022409908,135.57586758344894,1.0,2,balanced,0.00031131538771036907,0.0006808480807526973,0.9990078365315368,-339.0097237400115,1.696498993387416,0.0,0.0,none
traffic,ppo,19,465,4467.567050489074,27.207610475543618,134.5476071052299,1.0,2,balanced,0.00031131538771036907,0.0006808480807526973,0.9990078365315368,-338.9116287642523,2.9954983323783617,0.0,0.0,none
traffic,ppo,19,466,4466.410694010652,25.537345374640676,132.3462292533383,1.0,2,balanced,0.00031131538771036907,0.0006808480807526973,0.9990078365315368,-339.2314650616162,3.505622016899744,0.0,0.0,none
traffic,ppo,19,467,4469.61494888265,26.50150985921967,133.3914676411351,1.0,2,balanced,0.00031131538771036907,0.0006808480807526973,0.9990078365315368,-339.4151089100833,1.702675959225388,0.0,0.0,none
traffic,ppo,19,468,4471.221465183128,27.036481837299654,133.5703971833926,1.0,2,balanced,0.00031131538771036907,0.0006808480807526973,0.9990078365315368,-339.9530460429588,7.770422072574514,0.0,0.0,none
traffic,ppo,19,469,4478.716120310418,28.330767001432037,135.16238638651265,1.0,2,balanced,0.00031131538771036907,0.0006808480807526973,0.9990078365315368,-339.88573691113396,0.6225202592136623,0.0,0.0,none
traffic,ppo,19,470,4478.133573015484,28.113304505282183,135.19205429957054,1.0,2,balanced,0.00031131538771036907,0.0006808480807526973,0.9990078365315368,-340.83560717262225,13.385718766214136,0.0,0.0,none
traffic,ppo,19,471,4491.078790519308,30.933619301731323,137.10114704634677,1.0,2,balanced,0.00031131538771036907,0.0006808480807526973,0.9990078365315368,-341.227177015556,3.9080566951566897,0.0,0.0,none
traffic,ppo,19,472,4494.943578572558,31.06572593798166,137.66583127020533,1.0,2,balanced,0.00031131538771036907,0.0006808480807526973,0.9990078365315368,-341.7878653263832,8.988050624444464,0.0,0.0,none
traffic,ppo,19,473,4503.801386043241,32.51598417202264,137.19566970809444,1.0,2,balanced,0.00031131538771036907,0.0006808480807526973,0.9990078365315368,-342.5075454012476,8.136408364361563,0.0,0.0,none
traffic,ppo,19,474,4511.897816643329,32.63633926658235,137.9922042401943,1.0,2,balanced,0.00031131538771036907,0.0006808480807526973,0.9990078365315368,-343.5331296937514,11.735220687780874,0.0,0.0,none
traffic,ppo,19,475,4523.376134847479,35.048512366398924,137.61136735684758,1.0,2,balanced,0.00031131538771036907,0.0006808480807526973,0.9990078365315368,-344.4623979837824,12.971347137163725,0.0,0.0,none
traffic,ppo,19,476,4536.34698927203,35.05363975054454,137.7243087568466,1.0,2,balanced,0.00031131538771036907,0.0006808480807526973,0.9990078365315368,-345.19048750289693,10.592800494265484,0.0,0.0,none
traffic,ppo,19,477,4546.767038779877,36.36469204146384,136.34187161331684,1.0,2,balanced,0.00031131538771036907,0.0006808480807526973,0.9990078365315368,-346.4235239922684,16.97404454286496,0.0,0.0,none
traffic,ppo,19,478,4563.605744963789,37.96087178410964,137.76608101653358,1.0,2,balanced,0.00031131538771036907,0.0006808480807526973,0.9990078365315368,-347.5473278257663,15.17634267865015,0.0,0.0,none
traffic,ppo,19,479,4578.715309395007,39.36349855033566,137.53139409028464,1.0,2,balanced,0.00031131538771036907,0.0006808480807526973,0.9990078365315368,-348.6243598797935,13.659546689268401,0.0,0.0,none
traffic,ppo,19,480,4592.361739836907,39.79712099788562,137.94385442011006,1.0,2,balanced,0.00031131538771036907,0.0006808480807526973,0.9990078365315368,-349.9240939400204,16.823935170602653,0.0,0.0,none
traffic,ppo,19,481,4609.14638917087,40.55987997976792,138.80323797597705,1.0,2,balanced,0.00031131538771036907,0.0006808480807526973,0.9990078365315368,-351.27909983545044,18.361828918569255,0.0,0.0,none
traffic,ppo,19,482,4627.436041008578,42.13380044574019,138.39315108638905,1.0,2,balanced,0.00031131538771036907,0.0006808480807526973,0.9990078365315368,-352.7423220265213,20.33416626831847,0.0,0.0,none
traffic,ppo,19,483,4647.7363813355605,42.82612727435432,139.33929272414792,1.0,2,balanced,0.00031131538771036907,0.0006808480807526973,0.9990078365315368,-353.84070410915336,16.48751708699246,0.0,0.0,none
traffic,ppo,19,484,4664.21633328899,43.10020477879668,138.92181837994397,1.0,2,balanced,0.00031131538771036907,0.0006808480807526973,0.9990078365315368,-355.15678988385895,18.271045107751668,0.0,0.0,none
traffic,ppo,19,485,4682.4531172852185,44.018275489662294,138.2831126775523,1.0,2,balanced,0.00031131538771036907,0.0006808480807526973,0.9990078365315368,-355.81252744123697,9.457494055040089,0.0,0.0,none
traffic,ppo,19,486,4691.360539204583,42.442830006742476,141.043547440754,1.0,2,balanced,0.00031131538771036907,0.0006808480807526973,0.9990078365315368,-357.1040908514902,18.038727875849144,0.0,0.0,none
traffic,ppo,19,487,4709.398783221248,42.39254844253402,141.16572738382115,1.0,2,balanced,0.00031131538771036907,0.0006808480807526973,0.9990078365315368,-357.76557621874105,11.954286572222863,0.0,0.0,none
traffic,ppo,19,488,4721.185246973973,40.68977312768275,140.1241920346132,1.0,2,balanced,0.00031131538771036907,0.0006808480807526973,0.9990078365315368,-358.4197490429709,9.248204136194838,0.0,0.0,none
traffic,ppo,19,489,4730.300955751698,39.21692449254151,140.63785546761937,1.0,2,balanced,0.00031131538771036907,0.0006808480807526973,0.9990078365315368,-359.0477230016251,11.573609766366207,0.0,0.0,none
traffic,ppo,19,490,4741.669722769085,37.84332109677341,138.96071705960384,1.0,2,balanced,0.00031131538771036907,0.0006808480807526973,0.9990078365315368,-359.2611126660176,4.307572173299317,0.0,0.0,none
traffic,ppo,19,491,4745.789604167396,36.88581299256286,139.77615162007123,1.0,2,balanced,0.00031131538771036907,0.0006808480807526973,0.9990078365315368,-359.6797343435872,7.190118299636363,0.0,0.0,none
traffic,ppo,19,492,4752.363054581412,34.59285427203296,137.97896183510719,1.0,2,balanced,0.00031131538771036907,0.0006808480807526973,0.9990078365315368,-359.80267809182646,4.276882577115787,0.0,0.0,none
traffic,ppo,19,493,4756.262882172078,33.01552703962093,137.20752930830545,1.0,2,balanced,0.00031131538771036907,0.0006808480807526973,0.9990078365315368,-359.56070554587,3.831765593172361,0.0,0.0,none
traffic,ppo,19,494,4753.582531319649,30.656315113590363,138.5975890037782,1.0,2,balanced,0.00031131538771036907,0.0006808480807526973,0.9990078365315368,-359.8951659860818,6.452561286033286,0.0,0.0,none
traffic,ppo,19,495,4759.7173303629625,29.609521518775665,136.89347309867279,1.0,2,balanced,0.00031131538771036907,0.0006808480807526973,0.9990078365315368,-360.1511400891654,2.678357058884478,0.0,0.0,none
traffic,ppo,19,496,4762.354155331211,29.312910232762995,137.2578525255193,1.0,2,balanced,0.00031131538771036907,0.0006808480807526973,0.9990078365315368,-359.89253377945283,3.414841701692775,0.0,0.0,none
traffic,ppo,19,497,4759.506296193489,27.428648322415416,137.23787172150517,1.0,2,balanced,0.00031131538771036907,0.0006808480807526973,0.9990078365315368,-359.58384060094465,4.510847259904046,0.0,0.0,none
traffic,ppo,19,498,4755.304435531153,25.808310671815082,137.49597223398834,1.0,2,balanced,0.00031131538771036907,0.0006808480807526973,0.9990078365315368,-359.5380416698759,0.8746011188422771,0.0,0.0,none
traffic,ppo,19,499,4754.527495044283,26.188992744926754,137.36802007045415,1.0,2,balanced,0.00031131538771036907,0.0006808480807526973,0.9990078365315368,-359.7390319527092,1.724641274998389,0.0,0.0,none
traffic,ppo,19,500,4755.778914811885,25.21231688978443,136.6938981477554,1.0,2,balanced,0.00031131538771036907,0.0006808480807526973,0.9990078365315368,-360.21941143343196,7.41954648933105,0.0,0.0,none
traffic,ppo,19,501,4763.015783435248,26.13232562080732,138.04703767137536,1.0,2,balanced,0.00031131538771036907,0.0006808480807526973,0.9990078365315368,-360.0919309499994,2.871054392379647,0.0,0.0,none
traffic,ppo,19,502,4760.167342878925,26.13220933708724,138.4066759724216,1.0,2,balanced,0.00031131538771036907,0.0006808480807526973,0.9990078365315368,-360.5852670773103,6.7275236993102485,0.0,0.0,none
traffic,ppo,19,503,4766.550574788272,28.249227851423576,138.58600284224886,1.0,2,balanced,0.00031131538771036907,0.0006808480807526973,0.9990078365315368,-360.79621243516664,1.2768373500356036,0.0,0.0,none
traffic,ppo,19,504,4767.689955247607,28.63249204066479,139.01639144406812,1.0,2,balanced,0.00031131538771036907,0.0006808480807526973,0.9990078365315368,-361.4438925104146,6.435046571795613,0.0,0.0,none
traffic,ppo,19,505,4773.929923035119,29.630201644646654,140.2317934097218,1.0,2,balanced,0.00031131538771036907,0.0006808480807526973,0.9990078365315368,-361.9857136830566,5.718007129266307,0.0,0.0,none
traffic,ppo,19,506,4779.620006830311,29.320844679012584,140.7038635335927,1.0,2,balanced,0.00031131538771036907,0.0006808480807526973,0.9990078365315368,-362.5685006251899,6.037925132111322,0.0,0.0,none
traffic,ppo,19,507,4785.3573924305665,31.038009910328178,139.93556024496374,1.0,2,balanced,0.00031131538771036907,0.0006808480807526973,0.9990078365315368,-363.54182274083644,12.24315070359505,0.0,0.0,none
traffic,ppo,19,508,4797.357035714191,32.16129218518379,142.0899829397262,1.0,2,balanced,0.00031131538771036907,0.0006808480807526973,0.9990078365315368,-364.65346576375555,11.831596633873406,0.0,0.0,none
traffic,ppo,19,509,4808.963441449623,34.254697240403246,143.03638670450508,1.0,2,balanced,0.00031131538771036907,0.0006808480807526973,0.9990078365315368,-365.25489481389496,6.994188759222961,0.0,0.0,none
traffic,ppo,19,510,4815.93979803876,34.40197500072831,143.513287535032,1.0,2,balanced,0.00031131538771036907,0.0006808480807526973,0.9990078365315368,-366.1243751393376,9.482805708768705,0.0,0.0,none
traffic,ppo,19,511,4825.366844800734,35.14936759408467,144.21741662065233,1.0,2,balanced,0.00031131538771036907,0.0006808480807526973,0.9990078365315368,-367.1676120241058,10.337746331850454,0.0,0.0,none
traffic,ppo,19,512,4835.6213460804765,36.052790729981936,145.16506073263102,1.0,2,balanced,0.00031131538771036907,0.0006808480807526973,0.9990078365315368,-368.39768531759876,15.072688126085817,0.0,0.0,none
traffic,ppo,19,513,4850.580165067184,36.64462587059867,146.91702906439585,1.0,2,balanced,0.00031131538771036907,0.0006808480807526973,0.9990078365315368,-369.6788543496005,15.904419731689659,0.0,0.0,none
traffic,ppo,19,514,4866.380275969617,37.483366903998686,148.53058908852012,1.0,2,balanced,0.00031131538771036907,0.0006808480807526973,0.9990078365315368,-370.5639021842276,10.12511174013641,0.0,0.0,none
traffic,ppo,19,515,4876.483706948376,38.10878178192306,148.74836520793215,1.0,2,balanced,0.00031131538771036907,0.0006808480807526973,0.9990078365315368,-371.27517835530966,7.8740343963542685,0.0,0.0,none
traffic,ppo,19,516,4884.255735924802,37.777778224813666,149.96755342545111,1.0,2,balanced,0.00031131538771036907,0.0006808480807526973,0.9990078365315368,-371.6834434530022,5.384883050460653,0.0,0.0,none
traffic,ppo,19,517,4889.389109229965,36.75355262989764,151.2310430010722,1.0,2,balanced,0.00031131538771036907,0.0006808480807526973,0.9990078365315368,-372.7104738201077,13.867094167367458,0.0,0.0,none
traffic,ppo,19,518,4903.254269086587,36.53482080388051,151.3071953827764,1.0,2,balanced,0.00031131538771036907,0.0006808480807526973,0.9990078365315368,-373.2602277135871,6.814527900648651,0.0,0.0,none
traffic,ppo,19,519,4909.801989930117,34.684342792100004,150.9318643397853,1.0,2,balanced,0.00031131538771036907,0.0006808480807526973,0.9990078365315368,-373.52340791399246,4.805580513808423,0.0,0.0,none
traffic,ppo,19,520,4914.483121717572,33.59988295383944,150.86436528519747,1.0,2,balanced,0.00031131538771036907,0.0006808480807526973,0.9990078365315368,-374.285921625896,9.401775641736286,0.0,0.0,none
traffic,ppo,19,521,4923.859687582853,33.92079033161026,151.47298359455482,1.0,2,balanced,0.00031131538771036907,0.0006808480807526973,0.9990078365315368,-374.41465378401915,2.433624283048837,0.0,0.0,none
traffic,ppo,19,522,4926.190012662551,33.360180686517324,151.8946813533871,1.0,2,balanced,0.00031131538771036907,0.0006808480807526973,0.9990078365315368,-374.9842583642233,9.348705999588228,0.0,0.0,none
traffic,ppo,19,523,4935.341578979975,32.41746197867751,150.23383240106457,1.0,2,balanced,0.00031131538771036907,0.0006808480807526973,0.9990078365315368,-375.17725000727444,3.250473267580732,0.0,0.0,none
traffic,ppo,19,524,4938.518107665156,31.743223547007677,150.37751438579423,1.0,2,balanced,0.00031131538771036907,0.0006808480807526973,0.9990078365315368,-375.6679597347968,9.64450658051362,0.0,0.0,none
traffic,ppo,19,525,4948.093016315811,32.72197891964743,149.7613411684969,1.0,2,balanced,0.00031131538771036907,0.0006808480807526973,0.9990078365315368,-376.19001034173954,10.047196404600838,0.0,0.0,none
traffic,ppo,19,526,4958.108848837337,32.84983225089648,148.97845674595936,1.0,2,balanced,0.00031131538771036907,0.0006808480807526973,0.9990078365315368,-376.88574555882286,12.661015933516081,0.0,0.0,none
traffic,ppo,19,527,4970.551952774075,34.87238802230473,147.80382614878383,1.0,2,balanced,0.00031131538771036907,0.0006808480807526973,0.9990078365315368,-377.021202455274,5.825359743265818,0.0,0.0,none
traffic,ppo,19,528,4976.235836744924,34.17885155298997,146.7327116310411,1.0,2,balanced,0.00031131538771036907,0.0006808480807526973,0.9990078365315368,-377.5316133073053,10.26933167257662,0.0,0.0,none
traffic,ppo,19,529,4986.20267476066,35.53691341910077,144.66462533272286,1.0,2,balanced,0.00031131538771036907,0.0006808480807526973,0.9990078365315368,-378.2457876549865,12.599874979002772,0.0,0.0,none
traffic,ppo,19,530,4998.777815819088,36.136959900655405,144.15215965864127,1.0,2,balanced,0.00031131538771036907,0.0006808480807526973,0.9990078365315368,-379.2056472719934,14.985166845903555,0.0,0.0,none
traffic,ppo,19,531,5013.728893204229,37.1240088733784,144.3672055805289,1.0,2,balanced,0.00031131538771036907,0.0006808480807526973,0.9990078365315368,-379.52974889719314,6.67321771029705,0.0,0.0,none
traffic,ppo,19,532,5020.290267726749,35.94766299053473,144.05670703276468,1.0,2,balanced,0.00031131538771036907,0.0006808480807526973,0.9990078365315368,-380.35218058982935,13.714377119227343,0.0,0.0,none
traffic,ppo,19,533,5033.862574935885,37.52534763819206,142.87877327326484,1.0,2,balanced,0.00031131538771036907,0.0006808480807526973,0.9990078365315368,-381.1085401131043,11.149521321683528,0.0,0.0,none
traffic,ppo,19,534,5045.007691676489,37.761003383165885,142.67221841167606,1.0,2,balanced,0.00031131538771036907,0.0006808480807526973,0.9990078365315368,-381.90805343207336,11.068826802109042,0.0,0.0,none
traffic,ppo,19,535,5056.071913310148,37.45881949821208,142.77522965392998,1.0,2,balanced,0.00031131538771036907,0.0006808480807526973,0.9990078365315368,-382.68304080831905,9.164947143920331,0.0,0.0,none
traffic,ppo,19,536,5065.159805269109,36.2861824129759,142.95242491189322,1.0,2,balanced,0.00031131538771036907,0.0006808480807526973,0.9990078365315368,-383.77609440175394,15.24753287456437,0.0,0.0,none
traffic,ppo,19,537,5080.310146839926,38.00397582263537,142.89246784217286,1.0,2,balanced,0.00031131538771036907,0.0006808480807526973,0.9990078365315368,-384.75345198167685,12.842418240418231,0.0,0.0,none
traffic,ppo,19,538,5093.148143152203,37.8571136432637,143.19576381652556,1.0,2,balanced,0.00031131538771036907,0.0006808480807526973,0.9990078365315368,-386.1422598012644,18.386859529676354,0.0,0.0,none
traffic,ppo,19,539,5111.399494599851,39.2783605846724,144.91181475692156,1.0,2,balanced,0.00031131538771036907,0.0006808480807526973,0.9990078365315368,-387.2742953134836,15.660584088185269,0.0,0.0,none
traffic,ppo,19,540,5127.033206604617,40.19225865889375,144.98753295225535,1.0,2,balanced,0.00031131538771036907,0.0006808480807526973,0.9990078365315368,-388.1568134059147,11.602096666149643,0.0,0.0,none
traffic,ppo,19,541,5138.617587119453,40.69155637006888,144.58569102589374,1.0,2,balanced,0.00031131538771036907,0.0006808480807526973,0.9990078365315368,-388.9897337861072,10.879145295605959,0.0,0.0,none
traffic,ppo,19,542,5149.431351143333,39.82424086068149,145.40182447448962,1.0,2,balanced,0.00031131538771036907,0.0006808480807526973,0.9990078365315368,-389.7872149569366,8.708975928741802,0.0,0.0,none
traffic,ppo,19,543,5157.912242139359,38.95281979743119,147.1798500568305,1.0,2,balanced,0.00031131538771036907,0.0006808480807526973,0.9990078365315368,-390.50035404668057,7.176447467542864,0.0,0.0,none
traffic,ppo,19,544,5164.674261125816,36.654953305193196,147.88434069909752,1.0,2,balanced,0.00031131538771036907,0.0006808480807526973,0.9990078365315368,-391.6386448357174,13.42935248451945,0.0,0.0,none
traffic,ppo,19,545,5178.092522491753,36.21186317742734,148.20283906259831,1.0,2,balanced,0.00031131538771036907,0.0006808480807526973,0.9990078365315368,-392.8332545571724,14.328133836005088,0.0,0.0,none
traffic,ppo,19,546,5192.333277598702,36.74313809585003,149.69081089278586,1.0,2,balanced,0.00031131538771036907,0.0006808480807526973,0.9990078365315368,-393.48857139382,6.1792489173802,0.0,0.0,none
traffic,ppo,19,547,5198.14079171456,35.7418881142455,151.54914225489347,1.0,2,balanced,0.00031131538771036907,0.0006808480807526973,0.9990078365315368,-394.0755404119719,5.553765771580315,0.0,0.0,none
traffic,ppo,19,548,5203.445853504631,35.106722273054366,153.06479327122008,1.0,2,balanced,0.00031131538771036907,0.0006808480807526973,0.9990078365315368,-394.8954943443832,8.861803333882602,0.0,0.0,none
traffic,ppo,19,549,5212.257093964088,35.516566567654465,153.91663101880678,1.0,2,balanced,0.00031131538771036907,0.0006808480807526973,0.9990078365315368,-395.5663073541798,7.663992534293987,0.0,0.0,none
traffic,ppo,19,550,5219.829322132008,34.34735992805124,154.09297719137822,1.0,2,balanced,0.00031131538771036907,0.0006808480807526973,0.9990078365315368,-396.1381976748598,6.655574794278744,0.0,0.0,none
traffic,ppo,19,551,5226.164557095692,32.76625589939793,152.8039528131224,1.0,2,balanced,0.00031131538771036907,0.0006808480807526973,0.9990078365315368,-396.1427927376398,3.4686534448639947,0.0,0.0,none
traffic,ppo,19,552,5224.747575532608,31.321356763609607,155.62104110741586,1.0,2,balanced,0.00031131538771036907,0.0006808480807526973,0.9990078365315368,-396.2715978579919,1.7441208672636377,0.0,0.0,none
traffic,ppo,19,553,5226.258643694413,30.562558037956528,156.04865671044055,1.0,2,balanced,0.00031131538771036907,0.0006808480807526973,0.9990078365315368,-396.3091906827106,2.143073020428218,0.0,0.0,none
traffic,ppo,19,554,5225.389774424472,28.626536092076844,156.34806811254867,1.0,2,balanced,0.00031131538771036907,0.0006808480807526973,0.9990078365315368,-396.4343026407643,2.525187376501213,0.0,0.0,none
traffic,ppo,19,555,5227.414373422804,27.51701025815911,155.32507123754573,1.0,2,balanced,0.00031131538771036907,0.0006808480807526973,0.9990078365315368,-396.5890344642207,2.099473258810422,0.0,0.0,none
traffic,ppo,19,556,5228.922690501901,26.55162668124202,154.2292600755378,1.0,2,balanced,0.00031131538771036907,0.0006808480807526973,0.9990078365315368,-396.8886050738915,2.924452445515604,0.0,0.0,none
traffic,ppo,19,557,5231.703375427301,27.391159978938553,154.56896184738764,1.0,2,balanced,0.00031131538771036907,0.0006808480807526973,0.9990078365315368,-397.02560234695375,2.7617681696281053,0.0,0.0,none
traffic,ppo,19,558,5234.449543749887,27.638180011094885,154.4111516116399,1.0,2,balanced,0.00031131538771036907,0.0006808480807526973,0.9990078365315368,-396.9930239821279,0.4149094113647213,0.0,0.0,none
traffic,ppo,19,559,5234.244461543348,27.77093742377503,154.07579124192034,1.0,2,balanced,0.00031131538771036907,0.0006808480807526973,0.9990078365315368,-397.4131024543994,5.417920638066266,0.0,0.0,none
traffic,ppo,19,560,5239.537814805987,28.424688276636704,155.02809639242216,1.0,2,balanced,0.00031131538771036907,0.0006808480807526973,0.9990078365315368,-397.5437866929045,1.4036077356872505,0.0,0.0,none
traffic,ppo,19,561,5240.92981683177,28.401425265973764,155.20671293206058,1.0,2,balanced,0.00031131538771036907,0.0006808480807526973,0.9990078365315368,-397.32459060988776,2.6297952228863006,0.0,0.0,none
traffic,ppo,19,562,5238.565190171208,27.37236294878149,155.721877389113,1.0,2,balanced,0.00031131538771036907,0.0006808480807526973,0.9990078365315368,-397.8892944267311,9.592170240534804,0.0,0.0,none
traffic,ppo,19,563,5247.997764602786,28.70964417057985,156.83899352003277,1.0,2,balanced,0.00031131538771036907,0.0006808480807526973,0.9990078365315368,-398.6828145722127,12.030624432222876,0.0,0.0,none
traffic,ppo,19,564,5259.7600350285065,31.103114697031845,157.64906604791787,1.0,2,balanced,0.00031131538771036907,0.0006808480807526973,0.9990078365315368,-399.22130693278837,9.111568494206324,0.0,0.0,none
traffic,ppo,19,565,5268.836954848517,31.85982800850598,157.40908277776887,1.0,2,balanced,0.00031131538771036907,0.0006808480807526973,0.9990078365315368,-399.7442853095414,7.39850994759822,0.0,0.0,none
traffic,ppo,19,566,5276.128693669356,33.039775367517095,156.98929873407042,1.0,2,balanced,0.00031131538771036907,0.0006808480807526973,0.9990078365315368,-400.2725043109831,10.356133901747564,0.0,0.0,none
traffic,ppo,19,567,5285.361077838073,35.35917753337286,152.91094544564882,1.0,2,balanced,0.00031131538771036907,0.0006808480807526973,0.9990078365315368,-401.0650077280821,11.912849995873744,0.0,0.0,none
traffic,ppo,19,568,5297.263013757902,35.85304983102311,153.03746239345907,1.0,2,balanced,0.00031131538771036907,0.0006808480807526973,0.9990078365315368,-401.9822739678247,11.964700534166852,0.0,0.0,none
traffic,ppo,19,569,5309.219372012567,35.89186739681204,153.4824897577604,1.0,2,balanced,0.00031131538771036907,0.0006808480807526973,0.9990078365315368,-402.57866173437975,8.355605306125478,0.0,0.0,none
traffic,ppo,19,570,5317.572461373391,35.74710130497465,153.62768252788004,1.0,2,balanced,0.00031131538771036907,0.0006808480807526973,0.9990078365315368,-403.636013772927,14.205614430487474,0.0,0.0,none
traffic,ppo,19,571,5331.701989091287,37.114659084386304,154.16220431120772,1.0,2,balanced,0.00031131538771036907,0.0006808480807526973,0.9990078365315368,-404.47895718835525,11.749305612291554,0.0,0.0,none
traffic,ppo,19,572,5343.4400103405615,37.61578650049771,154.0442601064777,1.0,2,balanced,0.00031131538771036907,0.0006808480807526973,0.9990078365315368,-405.70092132220964,16.123641201983506,0.0,0.0,none
traffic,ppo,19,573,5359.495968944018,38.44659103722323,155.26399891299894,1.0,2,balanced,0.00031131538771036907,0.0006808480807526973,0.9990078365315368,-407.31600584351304,21.50932520824822,0.0,0.0,none
traffic,ppo,19,574,5380.792074791223,40.31454055573094,157.63838541379113,1.0,2,balanced,0.00031131538771036907,0.0006808480807526973,0.9990078365315368,-409.01433808155764,23.240094367905463,0.0,0.0,none
traffic,ppo,19,575,5403.84258921067,43.254025567455685,158.0060797078407,1.0,2,balanced,0.00031131538771036907,0.0006808480807526973,0.9990078365315368,-409.9728342894004,13.177629834707416,0.0,0.0,none
traffic,ppo,19,576,5417.01452969009,43.062508119760295,158.34258102196617,1.0,2,balanced,0.00031131538771036907,0.0006808480807526973,0.9990078365315368,-411.54518871355145,21.341227957872217,0.0,0.0,none
traffic,ppo,19,577,5438.268803825423,44.9657586969722,158.05713580771928,1.0,2,balanced,0.00031131538771036907,0.0006808480807526973,0.9990078365315368,-412.67564854329544,14.532419381785177,0.0,0.0,none
traffic,ppo,19,578,5452.772462731981,44.655298757592455,158.91661590425005,1.0,2,balanced,0.00031131538771036907,0.0006808480807526973,0.9990078365315368,-413.48685637465474,10.944030721324427,0.0,0.0,none
traffic,ppo,19,579,5463.452758135658,42.53213666888693,160.00990509955966,1.0,2,balanced,0.00031131538771036907,0.0006808480807526973,0.9990078365315368,-414.03625357423476,8.772683583706234,0.0,0.0,none
traffic,ppo,19,580,5471.693868181948,39.57025579425577,159.4889980548261,1.0,2,balanced,0.00031131538771036907,0.0006808480807526973,0.9990078365315368,-414.88780571784855,12.527326217806472,0.0,0.0,none
traffic,ppo,19,581,5484.220070123778,39.4411080867378,159.38181620240886,1.0,2,balanced,0.00031131538771036907,0.0006808480807526973,0.9990078365315368,-415.0136961608712,4.225329292780504,0.0,0.0,none
traffic,ppo,19,582,5485.684569506752,35.483153136266004,159.5897628295341,1.0,2,balanced,0.00031131538771036907,0.0006808480807526973,0.9990078365315368,-415.50644767888286,8.122967028943815,0.0,0.0,none
traffic,ppo,19,583,5493.628098606629,34.17112717492959,158.51202136261998,1.0,2,balanced,0.00031131538771036907,0.0006808480807526973,0.9990078365315368,-415.9523372252904,6.884464903685169,0.0,0.0,none
traffic,ppo,19,584,5500.4595852395605,33.401365420780756,158.14580525702854,1.0,2,balanced,0.00031131538771036907,0.0006808480807526973,0.9990078365315368,-416.4776333205303,6.257448064676507,0.0,0.0,none
traffic,ppo,19,585,5506.688383024101,32.99890296843058,158.5882512038646,1.0,2,balanced,0.00031131538771036907,0.0006808480807526973,0.9990078365315368,-416.94726592237686,6.425201238825369,0.0,0.0,none
traffic,ppo,19,586,5512.884420725187,31.732870120281596,157.45269469116354,1.0,2,balanced,0.00031131538771036907,0.0006808480807526973,0.9990078365315368,-417.1754168129519,2.2800207527769736,0.0,0.0,none
traffic,ppo,19,587,5515.158391559561,31.894764410561642,157.48932140659906,1.0,2,balanced,0.00031131538771036907,0.0006808480807526973,0.9990078365315368,-417.41756198323117,2.693151479482323,0.0,0.0,none
traffic,ppo,19,588,5517.5706219167205,30.788504662018436,157.94801407515791,1.0,2,balanced,0.00031131538771036907,0.0006808480807526973,0.9990078365315368,-417.7072369902855,3.6596155651106246,0.0,0.0,none
traffic,ppo,19,589,5521.172087876084,30.14250052730472,157.87795919755357,1.0,2,balanced,0.00031131538771036907,0.0006808480807526973,0.9990078365315368,-417.89979134121785,1.665161826498176,0.0,0.0,none
traffic,ppo,19,590,5522.420362960661,29.146395987311916,158.34949813238063,1.0,2,balanced,0.00031131538771036907,0.0006808480807526973,0.9990078365315368,-418.3298276372138,6.037745683802554,0.0,0.0,none
traffic,ppo,19,591,5528.457993501015,29.114714555165712,158.32983376574725,1.0,2,balanced,0.00031131538771036907,0.0006808480807526973,0.9990078365315368,-418.2780365390346,0.5429494064820654,0.0,0.0,none
traffic,ppo,19,592,5528.349217471657,28.63816518241925,158.56618631760819,1.0,2,balanced,0.00031131538771036907,0.0006808480807526973,0.9990078365315368,-418.5210890359368,2.4726088192565148,0.0,0.0,none
traffic,ppo,19,593,5530.795719731713,28.64501956299835,158.92447960818467,1.0,2,balanced,0.00031131538771036907,0.0006808480807526973,0.9990078365315368,-418.67719630699463,1.6681094506386407,0.0,0.0,none
traffic,ppo,19,594,5532.404716617033,28.24652574818981,159.11135079884542,1.0,2,balanced,0.00031131538771036907,0.0006808480807526973,0.9990078365315368,-418.9299817596981,2.6795559545988996,0.0,0.0,none
traffic,ppo,19,595,5535.055221344324,28.526971676732717,159.38738500976282,1.0,2,balanced,0.00031131538771036907,0.0006808480807526973,0.9990078365315368,-418.7485225112113,4.152258880715999,0.0,0.0,none
traffic,ppo,19,596,5531.44063363745,26.596528027287057,160.05775568194065,1.0,2,balanced,0.00031131538771036907,0.0006808480807526973,0.9990078365315368,-419.42710027734313,7.638383904945459,0.0,0.0,none
traffic,ppo,19,597,5538.666040061821,28.063364518032877,162.0544533033668,1.0,2,balanced,0.00031131538771036907,0.0006808480807526973,0.9990078365315368,-420.20991980404455,9.000888795381355,0.0,0.0,none
traffic,ppo,19,598,5547.397574802979,29.32037101425326,163.8422549811928,1.0,2,balanced,0.00031131538771036907,0.0006808480807526973,0.9990078365315368,-420.86529876356707,7.020187859121761,0.0,0.0,none
traffic,ppo,19,599,5554.270952300589,30.373247136711058,164.80722711730274,1.0,2,balanced,0.00031131538771036907,0.0006808480807526973,0.9990078365315368,-421.75555558590133,10.028951598383417,0.0,0.0,none
