env,policy,seed,t,q,mu,sigma,rho,a,action_label,p0,p1,p2,r,state_delta,intervention_active,intervention_start,intervention_name
cartpole,ppo,23,0,0.008080545036743086,0.004715274088084698,-0.17725813218119038,-0.011036913309778486,2,stabilize,0.20011501945279137,0.14454892186198195,0.6553360586852267,1.0,0.10321741376368601,0.0,0.0,none
cartpole,ppo,23,1,0.00819842719162504,-0.060141488909721375,-0.18094588506762338,0.06917419178145272,2,stabilize,0.1502753141198248,0.052005053665133576,0.7977196322150417,1.0,0.11114468149344571,0.0,0.0,none
cartpole,ppo,23,2,0.006694889937837919,0.005072630010545254,-0.15783277929255957,-0.017795818192618235,2,stabilize,0.1969212458875646,0.13821120115372346,0.6648675529587118,1.0,0.1036312470734993,0.0,0.0,none
cartpole,ppo,23,3,0.006821705028414726,-0.05980491638183594,-0.1637788760633628,0.06279554111616951,2,stabilize,0.14753981862251414,0.04992886936013569,0.8025313120173501,1.0,0.11046740239076498,0.0,0.0,none
cartpole,ppo,23,4,0.005326582274089257,0.005393477777640025,-0.14279708088440088,-0.023863245333944048,2,stabilize,0.19452402744005903,0.13376132489375467,0.6717146476661863,1.0,0.10400525158946948,0.0,0.0,none
cartpole,ppo,23,5,0.005461419544493159,-0.05950006345907847,-0.1507704824138086,0.05702140927314758,1,push_right,0.14560931992703918,0.04854071649784776,0.8058499635751131,1.0,0.10992383700612492,0.0,0.0,none
cartpole,ppo,23,6,0.0039739177251855535,0.005686317880948384,-0.1317179786276988,-0.029400665845189775,2,stabilize,0.19288130423594746,0.13095844957188973,0.6761602461921628,1.0,0.10433820514363028,0.0,0.0,none
cartpole,ppo,23,7,0.004116075579077005,-0.059218962987264,-0.14154158692655813,0.05169953192983355,2,stabilize,0.1444118345021633,0.04775455561590114,0.8078336098819356,1.0,0.1094917388794705,0.0,0.0,none
cartpole,ppo,23,8,0.002635601752748092,0.005958853289484978,-0.12426728244897574,-0.034554162195750644,0,push_left,0.19196133019241746,0.12965984625277172,0.6783788235548107,1.0,0.10463159436702943,0.0,0.0,none
cartpole,ppo,23,9,0.002784573007375002,-0.05895430346330007,-0.1358128283928573,0.046690719468253,0,push_left,0.14390454526893678,0.04752548769963031,0.8085699670314329,1.0,0.10498608697996986,0.0,0.0,none
cartpole,ppo,23,10,0.001310715451836586,-0.12385541200637817,-0.12021210391367819,0.12771151747022355,2,stabilize,0.10007938215043158,0.01647937280019867,0.8834412450493698,1.0,0.11596541726968641,0.0,0.0,none
cartpole,ppo,23,11,-0.0017856699802602332,-0.058699081341425575,-0.07753999712643589,0.041850383792604716,0,push_left,0.13134675274979168,0.03796667504875318,0.8306865722014551,1.0,0.10566855694179124,0.0,0.0,none
cartpole,ppo,23,12,-0.003253146812009315,-0.123660941918691,-0.06355657764579345,0.1239972710609436,2,stabilize,0.09175804876861199,0.013516325630780127,0.8947256256006079,1.0,0.11470800349530973,0.0,0.0,none
cartpole,ppo,23,13,-0.0063446703522155685,-0.0585583100716273,-0.022125508200581716,0.0391828715801239,2,stabilize,0.11995111622930527,0.030440044984100224,0.8496088387865944,1.0,0.1070957587691258,0.0,0.0,none
cartpole,ppo,23,14,-0.007808628336836895,0.00650436927874883,-0.009033378871571194,-0.044857608420508246,2,stabilize,0.16433074731114625,0.08270646300985442,0.7529627896789993,1.0,0.10685586319095941,0.0,0.0,none
cartpole,ppo,23,15,-0.007646018639206886,-0.058527231216430664,-0.02402160094433013,0.03859533156667437,2,stabilize,0.1199941292271458,0.030447112814071715,0.8495587579587826,1.0,0.10710102879705258,0.0,0.0,none
cartpole,ppo,23,16,-0.009109200133631628,0.006537325059374173,-0.01112578730132244,-0.04548077072416033,2,stabilize,0.16444383320517755,0.08280771885931386,0.7527484479355087,1.0,0.10685307507905172,0.0,0.0,none
cartpole,ppo,23,17,-0.00894576699162523,-0.058492173751195274,-0.026322225539951734,0.03793257049151829,0,push_left,0.12012608674017805,0.030510580830451814,0.8493633324293701,1.0,0.10629870424935976,0.0,0.0,none
cartpole,ppo,23,18,-0.010408071490625542,-0.12350634733835857,-0.013647858844736595,0.1210577402796064,2,stabilize,0.08451197883425872,0.011184445852589616,0.9043035753131518,1.0,0.11363836501952958,0.0,0.0,none
cartpole,ppo,23,19,-0.013495730236172676,-0.05845223863919576,0.026801027588741876,0.03717690280505589,2,stabilize,0.109813680407306,0.024559243440547038,0.865627076152147,1.0,0.10626146805203787,0.0,0.0,none
cartpole,ppo,23,20,-0.014957035891711712,0.006561451281110446,0.039222901398071525,-0.04593916875975473,0,push_left,0.15118310159593085,0.06576284314402506,0.7830540552600441,1.0,0.1076465497391324,0.0,0.0,none
cartpole,ppo,23,21,-0.014792998942236107,-0.058518086870511375,0.023873300605002336,0.03842193739754813,0,push_left,0.10967372076414532,0.02442743441162539,0.8658988448242293,1.0,0.10709179020915409,0.0,0.0,none
cartpole,ppo,23,22,-0.01625595148652792,-0.12358250220616658,0.03671117775977938,0.12249525104250227,2,stabilize,0.07776158772678599,0.009220833429715402,0.9130175788434987,1.0,0.11308116864282582,0.0,0.0,none
cartpole,ppo,23,23,-0.019345514786740146,-0.05857843657334646,0.07764038436452643,0.03956710866519383,2,stabilize,0.10001141710899648,0.019570782278991398,0.8804178006120122,1.0,0.10556868752702568,0.0,0.0,none
cartpole,ppo,23,24,-0.020809974521398544,0.006383314107855161,0.09086089728840212,-0.04257783719471523,0,push_left,0.1374421653180016,0.05097572902485824,0.8115821056571402,1.0,0.10827808134263174,0.0,0.0,none
cartpole,ppo,23,25,-0.020650392398238182,-0.05874644716580709,0.07663441372941958,0.04274413415363857,2,stabilize,0.09928497361615689,0.019161879812158326,0.8815531465716848,1.0,0.10572260746877588,0.0,0.0,none
cartpole,ppo,23,26,-0.02211905394991239,0.006216356530785561,0.09091645657020424,-0.0394201534135001,2,stabilize,0.1362150627275445,0.04961301650664802,0.8141719207658075,1.0,0.10814537983227548,0.0,0.0,none
cartpole,ppo,23,27,-0.021963644151886307,-0.058913479248682656,0.0777450481291887,0.045902865273611884,2,stabilize,0.0982683993580692,0.01863158230835727,0.8831000183335735,1.0,0.10585318068701881,0.0,0.0,none
cartpole,ppo,23,28,-0.02343648113310337,0.006048198168476422,0.09308252172424572,-0.036240113633019586,2,stabilize,0.13457241859224553,0.04790620203615332,0.8175213793716012,1.0,0.108054040378794,0.0,0.0,none
cartpole,ppo,23,29,-0.023285276256501675,-0.05908373991648356,0.08097364787270175,0.04912298492022923,2,stabilize,0.09696037784442874,0.01798530742361667,0.8850543147319546,1.0,0.10596441861147017,0.0,0.0,none
cartpole,ppo,23,30,-0.024762369381884735,0.005874627580245336,0.09738706354594175,-0.03295799025467464,2,stabilize,0.13250380700491787,0.045871813766291764,0.8216243792287903,1.0,0.10800207759692326,0.0,0.0,none
cartpole,ppo,23,31,-0.024615504468480747,-0.05926145613193512,0.08637484758736695,0.05248467411313738,2,stabilize,0.0953567408559061,0.017228901846415057,0.8874143572976788,1.0,0.1060605779645778,0.0,0.0,none
cartpole,ppo,23,32,-0.026097040002544723,0.005691348264614741,0.1039114871855852,-0.029492461255618503,2,stabilize,0.12999399793363067,0.04352874570120332,0.826477256365166,1.0,0.10798933502362847,0.0,0.0,none
cartpole,ppo,23,33,-0.025954757196207844,-0.059451003869374595,0.09405720525539008,0.05607063429696219,2,stabilize,0.09345121934587666,0.01636913788835043,0.890179642765773,1.0,0.10614642239309138,0.0,0.0,none
cartpole,ppo,23,34,-0.02744103160997232,0.00549387310942014,0.1127920280208451,-0.0257585985319955,0,push_left,0.1270244376100156,0.040900111943057,0.8320754504469273,1.0,0.1080175791379093,0.0,0.0,none
cartpole,ppo,23,35,-0.02730368636548519,-0.059656972686449684,0.10418533603160648,0.05996812241418021,2,stabilize,0.09123667963563137,0.015414302424946765,0.8933490179394219,1.0,0.1062274633100711,0.0,0.0,none
cartpole,ppo,23,36,-0.028795109440883003,0.0052774157375097275,0.12422241003814916,-0.021665758320263455,2,stabilize,0.12357517505424176,0.03801517662762536,0.8384096483181329,1.0,0.10424487200308181,0.0,0.0,none
cartpole,ppo,23,37,-0.02866317518055439,0.07019054392973582,0.1169832552247514,-0.10291141271591187,2,stabilize,0.17211124545097709,0.11151197988704134,0.7163767746619817,1.0,0.11310420041916038,0.0,0.0,none
cartpole,ppo,23,38,-0.02690841133395831,0.0050366778547565145,0.08259758104287925,-0.017108848052365438,2,stabilize,0.13098832344820963,0.04379262959594172,0.8252190469558487,1.0,0.10480543113203684,0.0,0.0,none
cartpole,ppo,23,39,-0.026782493417461715,0.06999321778615315,0.07688102083445164,-0.09915841477257865,2,stabilize,0.1803754376203753,0.12826455424537345,0.6913600081342512,1.0,0.11214467929346882,0.0,0.0,none
cartpole,ppo,23,40,-0.025032664028306804,0.004877451807260513,0.04374933360157832,-0.014096111059188843,2,stabilize,0.1386401519700491,0.05043313712074247,0.8109267109092084,1.0,0.10672037461836,0.0,0.0,none
cartpole,ppo,23,41,-0.02491072751581669,-0.060206602017084755,0.03903941529178392,0.0703497656754085,2,stabilize,0.09896386468772078,0.01846532396231772,0.8825708113499615,1.0,0.10793347671986894,0.0,0.0,none
cartpole,ppo,23,42,-0.02641589070359866,0.004794792582591374,0.06254530358428317,-0.012533657252788544,2,stabilize,0.13401567889944563,0.046174935956328274,0.8198093851442261,1.0,0.10504763637093006,0.0,0.0,none
cartpole,ppo,23,43,-0.026296023279428482,0.06977200011412303,0.05835744603437001,-0.09496796982628959,2,stabilize,0.1834415505566199,0.1346299287512451,0.681928520692135,1.0,0.11146668319825084,0.0,0.0,none
cartpole,ppo,23,44,-0.024551722841958206,0.004674063064157963,0.026625903381083633,-0.010249927639961243,2,stabilize,0.14140036963685026,0.052834177864764895,0.8057654524983847,1.0,0.10640724095196936,0.0,0.0,none
cartpole,ppo,23,45,-0.024434871350725494,-0.060393099983533226,0.023201105756093892,0.07387511219297137,2,stabilize,0.10077975628638451,0.01920660025931784,0.8800136434542977,1.0,0.10843661154763061,0.0,0.0,none
cartpole,ppo,23,46,-0.025944698912401996,0.004624305292963982,0.04788491706005998,-0.009309415306363786,2,stabilize,0.13634234316400434,0.04807802377204793,0.8155796330639477,1.0,0.10523961428302016,0.0,0.0,none
cartpole,ppo,23,47,-0.025829090736806393,0.06961652636528015,0.04477437078810535,-0.0920239772115435,2,stabilize,0.18574704208548204,0.1396810893861891,0.6745718685283288,1.0,0.11098992053137817,0.0,0.0,none
cartpole,ppo,23,48,-0.024088677018880844,0.0045317721863587694,0.014026504819034677,-0.007559328206947872,0,push_left,0.1435385312729282,0.0547656364904822,0.8016958322365896,1.0,0.10618722560787777,0.0,0.0,none
cartpole,ppo,23,49,-0.023975383179883163,-0.060522884130477905,0.011500714653502785,0.07632884808949061,2,stabilize,0.10220487371704944,0.01980667317036836,0.8779884531125823,1.0,0.10880315830116134,0.0,0.0,none
cartpole,ppo,23,50,-0.02548845484852791,0.004506276609996955,0.03700438877989967,-0.007077439022915704,2,stabilize,0.138171684372561,0.049628381397323756,0.8121999342301153,1.0,0.10539017326538985,0.0,0.0,none
cartpole,ppo,23,51,-0.02537579896549384,0.06950958569844563,0.03463961184024811,-0.08999941178730556,1,push_right,0.18753322040885168,0.14379531262880724,0.6686714669623411,1.0,0.10962049180216006,0.0,0.0,none
cartpole,ppo,23,52,-0.023638058143357437,0.13451552391052246,0.004568208633590854,-0.17296670164380754,1,push_right,0.20965768736465412,0.38547573486633074,0.4048665777690151,1.0,0.12066310503961802,0.0,0.0,none
cartpole,ppo,23,53,-0.020275170293947063,0.19955172141393027,-0.053224960666567726,-0.2565042291368757,2,stabilize,0.15193015195329196,0.7002900572332952,0.1477797908134127,1.0,0.13571821780237406,0.0,0.0,none
cartpole,ppo,23,54,-0.015286377941568693,0.1345620354016622,-0.13893042515456536,-0.17388788291386195,0,push_left,0.19592245541909295,0.5415657993960306,0.2625117451848764,1.0,0.1189723140249145,0.0,0.0,none
cartpole,ppo,23,55,-0.011922326715042194,0.0696609616279602,-0.1970313862855224,-0.0929235475403922,2,stabilize,0.22287674433981952,0.3338286467517492,0.44329460890843114,1.0,0.10743735240284127,0.0,0.0,none
cartpole,ppo,23,56,-0.010180803171048563,0.004824073674778144,-0.2280798405053223,-0.013099220182214464,2,stabilize,0.20494409216674397,0.153337437636098,0.6417184701971581,1.0,0.10243315491965334,0.0,0.0,none
cartpole,ppo,23,57,-0.010060201554248731,-0.05997771521409353,-0.23245665651517156,0.06611004897526332,0,push_left,0.15544074141141184,0.055814118252319744,0.7887451403362684,1.0,0.10463975220258735,0.0,0.0,none
cartpole,ppo,23,58,-0.011559644093116125,-0.12477553884188335,-0.21036739209955804,0.1452335970742362,2,stabilize,0.10736824170177162,0.018818440261855945,0.8738133180363725,1.0,0.11948347602027691,0.0,0.0,none
cartpole,ppo,23,59,-0.01467903299878041,-0.05953744053840637,-0.16184064041743132,0.05773665223802839,0,push_left,0.14014930087072874,0.043253539181198904,0.8165971599480725,1.0,0.1051922248529276,0.0,0.0,none
cartpole,ppo,23,60,-0.016167468080917995,-0.12441112597783406,-0.14254915792503903,0.13825020619801112,0,push_left,0.09715830481955916,0.015013532750089572,0.8878281624303512,1.0,0.11357183332974087,0.0,0.0,none
cartpole,ppo,23,61,-0.01927774709959825,-0.18930713335673013,-0.09635577160589451,0.2191425221306937,2,stabilize,0.06796736583566537,0.005676475427192548,0.9263561587371422,1.0,0.13008570128739042,0.0,0.0,none
cartpole,ppo,23,62,-0.024010425743957363,-0.12417581677436829,-0.02313392828074162,0.13372376135417394,2,stabilize,0.08126794719193521,0.010009153783524898,0.9087228990245398,1.0,0.1153481128311142,0.0,0.0,none
cartpole,ppo,23,63,-0.027114820356170338,-0.05911244948705038,0.02154704129994627,0.04966474005154201,2,stabilize,0.1044934517280206,0.021329985866699028,0.8741765624052804,1.0,0.10691074863206469,0.0,0.0,none
cartpole,ppo,23,64,-0.028592630599935852,0.005906566356619199,0.03814146473897101,-0.03355110543114798,2,stabilize,0.14316741416030052,0.05563176868769691,0.8012008171520025,1.0,0.10711813493554459,0.0,0.0,none
cartpole,ppo,23,65,-0.028444966301321983,-0.05917193988958994,0.02693107267197106,0.05078979900905064,2,stabilize,0.10311850157623076,0.0206326882191271,0.8762488102046421,1.0,0.10688696579077427,0.0,0.0,none
cartpole,ppo,23,66,-0.029924266661206882,0.0058416444808244705,0.04390141257665038,-0.03232383728027344,2,stabilize,0.14118360964568108,0.05354800702055185,0.805268383333767,1.0,0.107164348935911,0.0,0.0,none
cartpole,ppo,23,67,-0.02977822596828143,-0.05924253165721893,0.033101082506071695,0.05212484087262835,2,stabilize,0.10161365799937513,0.019887842056205068,0.8784984999444199,1.0,0.10686381715852955,0.0,0.0,none
cartpole,ppo,23,68,-0.031259289632240936,0.005764816577235858,0.050517497028542024,-0.030871514763150896,0,push_left,0.13899179733366968,0.051319122392907486,0.8096890802734228,1.0,0.10721796064885933,0.0,0.0,none
cartpole,ppo,23,69,-0.031115167463819187,-0.05932584901650747,0.04020243491932999,0.0537007919379643,2,stabilize,0.09996098512922924,0.019091391523735252,0.8809476233470356,1.0,0.10684168260827324,0.0,0.0,none
cartpole,ppo,23,70,-0.03259831418593725,0.005674297610918681,0.05814542011457867,-0.029160391007150923,2,stabilize,0.13656210410096284,0.048934738821883886,0.8145031570771534,1.0,0.10728132702762276,0.0,0.0,none
cartpole,ppo,23,71,-0.03245645513137182,-0.05942383408546448,0.04840209226619657,0.055554211139678955,0,push_left,0.09814161084865589,0.018240055591721604,0.8836183335596226,1.0,0.1083007568623382,0.0,0.0,none
cartpole,ppo,23,72,-0.033942051231861115,-0.12451234459877014,0.06696435585084565,0.14008689778191702,2,stabilize,0.07011437640488345,0.007106364294427043,0.9227792593006895,1.0,0.11490813414103777,0.0,0.0,none
cartpole,ppo,23,73,-0.037054860343535743,-0.059538582960764565,0.11377143262394289,0.057735834802900045,2,stabilize,0.08816802840552501,0.014155692746729433,0.8976762788477455,1.0,0.10594055238970698,0.0,0.0,none
cartpole,ppo,23,74,-0.038543324917554855,0.005385782569646835,0.13306264838910614,-0.0237126818725041,2,stabilize,0.11927420853414175,0.034613778546484425,0.8461120129193739,1.0,0.10415516057167848,0.0,0.0,none
cartpole,ppo,23,75,-0.03840868050853412,0.07028961181640625,0.1251395516150891,-0.10478670256478446,2,stabilize,0.16716924119921572,0.10157114143386904,0.7312596173669152,1.0,0.11341407883132988,0.0,0.0,none
cartpole,ppo,23,76,-0.03665143934388956,0.005128112621605396,0.09012729071774175,-0.018834471702575684,2,stabilize,0.12660476061461023,0.03995224122647475,0.833442998158915,1.0,0.10472026937169429,0.0,0.0,none
cartpole,ppo,23,77,-0.036523236582676574,0.0700768530368805,0.08383414625837013,-0.10073914698192052,2,stabilize,0.17569022510955015,0.11728993454567002,0.7070198403447798,1.0,0.11240335868962073,0.0,0.0,none
cartpole,ppo,23,78,-0.03477131637434165,0.004954438967009385,0.050174290212071315,-0.015548002507005419,2,stabilize,0.13418200012126208,0.04609243313800842,0.8197255667407294,1.0,0.10684173146665128,0.0,0.0,none
cartpole,ppo,23,79,-0.034647456680734955,-0.06013592084248861,0.04497925286361312,0.06901792969022479,2,stabilize,0.09590095740545797,0.017042011583065227,0.8870570310114768,1.0,0.10774679183029645,0.0,0.0,none
cartpole,ppo,23,80,-0.03615085346003374,0.004859440959990025,0.06804013789269123,-0.013752291245119912,2,stabilize,0.12981327781279045,0.04231342464140508,0.8278732975458045,1.0,0.10497859644987988,0.0,0.0,none
cartpole,ppo,23,81,-0.03602936863899231,0.06983100374539693,0.06344509900043005,-0.09608134201594762,2,stabilize,0.17908310156909737,0.12370539312109455,0.6972115053098081,1.0,0.11164797393631833,0.0,0.0,none
cartpole,ppo,23,82,-0.03428359205524127,0.004728148691356182,0.03134155188084787,-0.011268590177808489,0,push_left,0.1371108819606694,0.048471934521621476,0.8144171835177091,1.0,0.10649155247421771,0.0,0.0,none
cartpole,ppo,23,83,-0.034165388594071075,-0.06034368276596069,0.027576390307103252,0.07294493062155587,2,stabilize,0.09780019719737196,0.01777579092733989,0.8844240118752882,1.0,0.10829986662181823,0.0,0.0,none
cartpole,ppo,23,84,-0.03567398215333621,0.004669315492113431,0.051949395484742235,-0.010156525032860892,2,stabilize,0.13226920112101676,0.04419359736155311,0.82353720151743,1.0,0.10518481112234547,0.0,0.0,none
cartpole,ppo,23,85,-0.03555724707742532,0.06965738534927368,0.0485558071682732,-0.09279347317559379,2,stabilize,0.18162397495604649,0.1287744486974997,0.6896015763464538,1.0,0.11111731325802801,0.0,0.0,none
cartpole,ppo,23,86,-0.03381581356128057,0.00456894872089227,0.0175508294868014,-0.008258205439363207,2,stabilize,0.13936532195202098,0.050374568387244245,0.8102601096607348,1.0,0.10624758730531045,0.0,0.0,none
cartpole,ppo,23,87,-0.03370158995191257,-0.06048921247323354,0.014791524077727857,0.07569629805428642,2,stabilize,0.0992789585243087,0.018365091856225483,0.8823559496194657,1.0,0.10870404559483383,0.0,0.0,none
cartpole,ppo,23,88,-0.03521381877362728,0.00453664797047774,0.04008384354785974,-0.007647680384772164,2,stabilize,0.13418262869026792,0.04571116989947088,0.8201062014102612,1.0,0.10534654404772403,0.0,0.0,none
cartpole,ppo,23,89,-0.03510040231049061,0.06953682005405426,0.037528530012167154,-0.09051099845341273,0,push_left,0.18357463944834335,0.13285941418360855,0.683565946368048,1.0,0.11074352991258558,0.0,0.0,none
cartpole,ppo,23,90,-0.03336198317507903,0.004459139270087083,0.007286193271596563,-0.006181858479976654,2,stabilize,0.1411448076250323,0.05193041365327027,0.8069247787216975,1.0,0.10607284872028104,0.0,0.0,none
cartpole,ppo,23,91,-0.03325050386289756,-0.06058879693349203,0.005220655943122571,0.07757932799203056,2,stabilize,0.10046267873042451,0.01885131074198427,0.8806860105275913,1.0,0.10899662864673404,0.0,0.0,none
cartpole,ppo,23,92,-0.034765225524703666,0.004446645267307758,0.03114214882716928,-0.005945746919938496,2,stabilize,0.1357236126931128,0.04697585756966345,0.8173005297372238,1.0,0.10547383140041984,0.0,0.0,none
cartpole,ppo,23,93,-0.03465405975778898,0.06945590674877167,0.02915550441189996,-0.0889792697770255,2,stabilize,0.18513272143265272,0.1362800421106941,0.6785872364566532,1.0,0.11048044865176912,0.0,0.0,none
cartpole,ppo,23,94,-0.03291766159236431,0.004386426880955696,-0.0005750388306007679,-0.004806993795292718,2,stabilize,0.14261006349457492,0.05325742751353787,0.8041325089918873,1.0,0.10594294991194032,0.0,0.0,none
cartpole,ppo,23,95,-0.03280800146361192,-0.06065364678700765,-0.002181194144743439,0.07880583831242152,2,stabilize,0.10145485854632863,0.019271833758446377,0.879273307695225,1.0,0.10920629388190764,0.0,0.0,none
cartpole,ppo,23,96,-0.034324340522289276,0.0043891749034325285,0.024150112345992524,-0.004859022796154022,2,stabilize,0.13703078881285563,0.04808669477317383,0.8148825164139706,1.0,0.10557660140022622,0.0,0.0,none
cartpole,ppo,23,97,-0.03421461209654808,0.0694055159886678,0.02252657259847782,-0.08802539961678642,0,push_left,0.18645124592282508,0.13931762002350126,0.6742311340536737,1.0,0.1102964099358064,0.0,0.0,none
cartpole,ppo,23,98,-0.03247947432100773,0.004342558793723583,-0.006885256124815964,-0.0039775366229670385,1,push_right,0.1438935716217928,0.05446263459948016,0.801643793778727,1.0,0.1060548450346779,0.0,0.0,none
cartpole,ppo,23,99,-0.0323709100484848,0.06939009328683217,-0.008214266219471975,-0.08773116554532732,2,stabilize,0.1932897033834796,0.1572405765785651,0.6494697200379552,1.0,0.10981120837047584,0.0,0.0,none
cartpole,ppo,23,100,-0.030636157219608627,0.004357632560034593,-0.037527783175925936,-0.004262675132070269,2,stabilize,0.15123647069535964,0.06202826253433432,0.7867352667703059,1.0,0.10536509135694547,0.0,0.0,none
cartpole,ppo,23,101,-0.03052721731364727,-0.06064514319101969,-0.03895206212428418,0.07864933354513985,2,stabilize,0.107736381522703,0.022218551026374194,0.8700450674509229,1.0,0.10974558173889425,0.0,0.0,none
cartpole,ppo,23,102,-0.032043345272541046,0.004434000079830487,-0.012673051952248826,-0.0057065364505563465,0,push_left,0.14570652668221007,0.05635752574244909,0.7979359475753409,1.0,0.10575997731830394,0.0,0.0,none
cartpole,ppo,23,103,-0.031932496155301734,-0.06059392293294271,-0.014579770441982798,0.07767747981207711,2,stabilize,0.10373623111182918,0.020332775374264922,0.8759309935139059,1.0,0.10930255395345403,0.0,0.0,none
cartpole,ppo,23,104,-0.0334473450978597,0.004461209289729595,0.011374519333278934,-0.006221019263778414,2,stabilize,0.14027920361003332,0.05112565901942724,0.8085951373705393,1.0,0.10613645827159734,0.0,0.0,none
cartpole,ppo,23,105,-0.03333581301073234,-0.06059080362319946,0.009295897367176975,0.07761721951620919,0,push_left,0.09984419241441661,0.018581044189314954,0.8815747633962685,1.0,0.10921829993161261,0.0,0.0,none
cartpole,ppo,23,106,-0.03485058434307575,-0.12564070026079813,0.035230050348012146,0.16141622407095774,2,stabilize,0.07067179497820596,0.007094860785192742,0.9222333442366012,1.0,0.11843270651889191,0.0,0.0,none
cartpole,ppo,23,107,-0.0379916001111269,-0.06063482662041982,0.08916387196656912,0.07845949275153023,2,stabilize,0.0880238078348776,0.0138306126357958,0.8981455795293265,1.0,0.10779418191851187,0.0,0.0,none
cartpole,ppo,23,108,-0.03950747040410837,0.0043153467898567515,0.11537945996036393,-0.003464287146925926,2,stabilize,0.11785647982193499,0.03295028383512974,0.8491932363429353,1.0,0.10413928476560637,0.0,0.0,none
cartpole,ppo,23,109,-0.039399589101473495,0.06923771401246388,0.1142219349137354,-0.08488127163478307,0,push_left,0.1641977411098355,0.09434257767561828,0.7414596812145461,1.0,0.11138012744866971,0.0,0.0,none
cartpole,ppo,23,110,-0.03766864538192749,0.004086129056910674,0.0858606508352876,0.0008709596336952277,2,stabilize,0.12276576627058311,0.03630491357342169,0.8409293201559952,1.0,0.10459845655051672,0.0,0.0,none
cartpole,ppo,23,111,-0.0375664917131265,0.06903927028179169,0.08615166802394932,-0.08111581632069179,0,push_left,0.16999764149649493,0.10397079277292617,0.7260315657305789,1.0,0.11065129442842937,0.0,0.0,none
cartpole,ppo,23,112,-0.03584050883849462,0.003914381377398968,0.05904853183927286,0.0041185593498604635,2,stabilize,0.1276258165697881,0.03987615147446861,0.8324980319557433,1.0,0.10502789786978223,0.0,0.0,none
cartpole,ppo,23,113,-0.03574265167117119,0.06889517108599345,0.06042466207734156,-0.07838267087936401,2,stabilize,0.17556085676273045,0.11416403021882586,0.7102751130184437,1.0,0.11004818287599524,0.0,0.0,none
cartpole,ppo,23,114,-0.03402026991049449,0.003795086406171322,0.03423474657933866,0.006374058978898185,2,stabilize,0.13251757064694356,0.04374311296829799,0.8237393163847585,1.0,0.10542836242124086,0.0,0.0,none
cartpole,ppo,23,115,-0.03392539297540983,0.06880120933055878,0.03636450348933159,-0.07660062823976789,2,stabilize,0.18096758461922685,0.12513683899369676,0.6938955763870763,1.0,0.10954791551759481,0.0,0.0,none
cartpole,ppo,23,116,-0.032205364356438324,0.00372459397961696,0.01077001985509242,0.007706808192389352,2,stabilize,0.137532718218919,0.04801387681026788,0.8144534049708132,1.0,0.10580370845768633,0.0,0.0,none
cartpole,ppo,23,117,-0.032112247621019684,0.06875443458557129,0.01334508787618332,-0.07571324280330113,2,stabilize,0.18629053569685847,0.1371704199107052,0.6765390443924364,1.0,0.10913301295497851,0.0,0.0,none
cartpole,ppo,23,118,-0.03039338936408361,0.003700519911944866,-0.011952893990747684,0.008162023765700204,0,push_left,0.1427738586873624,0.052833715535372965,0.8043924257772647,1.0,0.10578913245774649,0.0,0.0,none
cartpole,ppo,23,119,-0.03030087488392989,-0.06132812798023224,-0.009225725878679099,0.09155968257359096,0,push_left,0.1009937046550796,0.018883301641522625,0.8801229937033977,1.0,0.11014151633192176,0.0,0.0,none
cartpole,ppo,23,120,-0.03183407709002495,-0.1263595918814341,0.021367007088547392,0.17500904628208705,2,stabilize,0.07104396292705732,0.007111577678699909,0.9218444593942429,1.0,0.1207579729560666,0.0,0.0,none
cartpole,ppo,23,121,-0.034993067383766174,-0.061339884996414185,0.0798425821671907,0.09178913491112846,2,stabilize,0.08794269687145247,0.013671714354482268,0.8983855887740653,1.0,0.10910406158126888,0.0,0.0,none
cartpole,ppo,23,122,-0.03652656450867653,0.003620048053562641,0.11051198143094139,0.009685909109456199,2,stabilize,0.1169422448986315,0.03201811932360396,0.8510396357777645,1.0,0.1042599319622417,0.0,0.0,none
cartpole,ppo,23,123,-0.036436064789692565,0.06854752202828725,0.11374832515500326,-0.07182528291429792,2,stabilize,0.1621799497510138,0.09012238996050773,0.7476976602884785,1.0,0.11034298174733714,0.0,0.0,none
cartpole,ppo,23,124,-0.03472237537304561,0.0033961900820334754,0.08974942714331544,0.013918484960283552,2,stabilize,0.12026412118128577,0.03418729084527067,0.8455485879734436,1.0,0.10464028173610519,0.0,0.0,none
cartpole,ppo,23,125,-0.03463747290273508,0.06834531327088673,0.094399994199202,-0.0679934493133,0,push_left,0.16607665407907926,0.0961372397671744,0.7377861061537463,1.0,0.10978302832502285,0.0,0.0,none
cartpole,ppo,23,126,-0.0329288374632597,0.0032123705993096032,0.07168141800492361,0.017393668847424642,2,stabilize,0.1233600369102696,0.03630978778541053,0.8403301753043197,1.0,0.10498181068696752,0.0,0.0,none
cartpole,ppo,23,127,-0.032848529517650604,0.06818018853664398,0.07749314204320704,-0.06486555933952332,2,stabilize,0.16964026056044038,0.10199656932186663,0.728363170117693,1.0,0.10931805969466733,0.0,0.0,none
cartpole,ppo,23,128,-0.03114402604599794,0.0030634688834349313,0.05581968759579989,0.02020856738090515,0,push_left,0.1262721663390985,0.038402247129165665,0.8353255865317358,1.0,0.1070154047881645,0.0,0.0,none
cartpole,ppo,23,129,-0.031067437181870144,-0.06203241149584452,0.06257195407991478,0.10487983907972064,2,stabilize,0.08907709451825037,0.013959807976388124,0.8969630975053615,1.0,0.11067070043105334,0.0,0.0,none
cartpole,ppo,23,130,-0.032618247593442604,0.002945338375866413,0.09761533759943342,0.022445306181907654,2,stabilize,0.11778932815665467,0.032302386076050016,0.8499082857672954,1.0,0.10468206791519895,0.0,0.0,none
cartpole,ppo,23,131,-0.03254461412628492,0.06788630783557892,0.10511496044286396,-0.05931505135127476,2,stabilize,0.16240276964732528,0.08961863909467885,0.7479785912579958,1.0,0.10938054825852361,0.0,0.0,none
cartpole,ppo,23,132,-0.030847455685337387,0.002743036486208439,0.08529608709146413,0.026269938264574324,2,stabilize,0.11971739514913059,0.03352968418458213,0.8467529206662873,1.0,0.10497459554742378,0.0,0.0,none
cartpole,ppo,23,133,-0.03077888240416845,0.06769680976867676,0.09407363565269689,-0.05572776283536639,2,stabilize,0.16456585177718516,0.09281277730053003,0.7426213709222849,1.0,0.1090037098173608,0.0,0.0,none
cartpole,ppo,23,134,-0.029086461290717125,0.0025640645374854407,0.07545338112300791,0.029653476817267283,0,push_left,0.12132716264267238,0.03457813309927956,0.844094704258048,1.0,0.10756089715536477,0.0,0.0,none
cartpole,ppo,23,135,-0.02902235835790634,-0.06255089739958446,0.0853614619352937,0.11469002280916486,2,stabilize,0.08544057477155517,0.012603388403566975,0.9019560368248778,1.0,0.1114166369647591,0.0,0.0,none
cartpole,ppo,23,136,-0.030586132779717445,0.0024037004138032594,0.12368270527206914,0.03269243666103908,2,stabilize,0.11198083635019337,0.02837269916607907,0.8596464644837275,1.0,0.10457386428361629,0.0,0.0,none
cartpole,ppo,23,137,-0.030526037638386093,0.06731745600700378,0.1346061988633686,-0.04856376988547189,2,stabilize,0.15420290818246435,0.07701046874058741,0.7687866230769482,1.0,0.10923038036926089,0.0,0.0,none
cartpole,ppo,23,138,-0.02884310359756152,0.0021461259263257184,0.11837964339586318,0.03756311535835266,2,stabilize,0.11242692375477627,0.028557897926993946,0.8590151783182297,1.0,0.10483961880782933,0.0,0.0,none
cartpole,ppo,23,139,-0.028789450104037922,0.06706548233826955,0.13093056428404015,-0.04379593048776899,2,stabilize,0.15445770582488214,0.07710531437525012,0.7684369797998677,1.0,0.10894983793676283,0.0,0.0,none
cartpole,ppo,23,140,-0.02711281180381775,0.001897567727913459,0.11629707275540846,0.04226369942937579,2,stabilize,0.11237469790520796,0.028443952150379447,0.8591813499444125,1.0,0.10507187392409417,0.0,0.0,none
cartpole,ppo,23,141,-0.02706537333627542,0.06681914627552032,0.13041859914977683,-0.03913573282105582,2,stabilize,0.15406602906385022,0.07633795874055449,0.7695960121955953,1.0,0.10874390428698764,0.0,0.0,none
cartpole,ppo,23,142,-0.025394894182682037,0.0016516696972151597,0.11734221672954878,0.04691456896918161,2,stabilize,0.1118166204127116,0.028026821345077644,0.8601565582422107,1.0,0.1052757295132286,0.0,0.0,none
cartpole,ppo,23,143,-0.02535360244413217,0.06657219429810841,0.1330177315237414,-0.03446467433656965,2,stabilize,0.15301071960556498,0.07470108098452821,0.7722881994099069,1.0,0.10860646445734516,0.0,0.0,none
cartpole,ppo,23,144,-0.02368929795920849,0.0014022267423570156,0.1215020857022315,0.051633289882114956,2,stabilize,0.11074108101625049,0.027306599364969455,0.86195231961878,1.0,0.10545724811283674,0.0,0.0,none
cartpole,ppo,23,145,-0.023654242977499962,0.06631843745708466,0.13875426071071398,-0.029665406261171614,2,stabilize,0.15126345859749857,0.07219874872150489,0.7765377926809965,1.0,0.10424874123615162,0.0,0.0,none
cartpole,ppo,23,146,-0.021996280799309414,0.13121628761291504,0.12884219677180836,-0.11062880073274885,2,stabilize,0.19740808886142974,0.20827032530741962,0.5943215858311507,1.0,0.11411836851514776,0.0,0.0,none
cartpole,ppo,23,147,-0.018715873981515568,0.06605145831902821,0.09187791932169749,-0.02460887176649911,2,stabilize,0.16189616223820374,0.08680370444566124,0.7513001333161351,1.0,0.10768208593178509,0.0,0.0,none
cartpole,ppo,23,148,-0.01706458783398072,0.0009206238513191541,0.08365538566948975,0.0607320283140455,2,stabilize,0.11729141830740691,0.03125977791763605,0.851448803774957,1.0,0.10658266237826297,0.0,0.0,none
cartpole,ppo,23,149,-0.01704157174875339,0.065876305103302,0.10394770874328432,-0.021297505923679898,1,push_right,0.15910611660857626,0.08259388655453108,0.7582999968368926,1.0,0.10456866001269902,0.0,0.0,none
cartpole,ppo,23,150,-0.015394664369523525,0.13081066807111105,0.09683159520062741,-0.10293562071663993,2,stabilize,0.202509773987923,0.2328522714018978,0.5646379546101793,1.0,0.11284809078274571,0.0,0.0,none
cartpole,ppo,23,151,-0.012124397326260805,0.06567588945229848,0.0624378302928087,-0.017504206725529263,0,push_left,0.16908264529944836,0.0979617708108065,0.7329555838897451,1.0,0.10707634062652882,0.0,0.0,none
cartpole,ppo,23,152,-0.010482500462482374,0.0005735431720192233,0.056589168978761664,0.06729039549827576,2,stabilize,0.12284340746380588,0.03494920468395375,0.8422073878522403,1.0,0.10743665927733224,0.0,0.0,none
cartpole,ppo,23,153,-0.010468161975344023,0.06555706759293874,0.07907283405699991,-0.015258147248200007,2,stabilize,0.1655246505552543,0.09217768362964555,0.7422976658151001,1.0,0.10484157899207545,0.0,0.0,none
cartpole,ppo,23,154,-0.008829235254476469,0.1305172542730967,0.07397464536539411,-0.0973754610334124,0,push_left,0.20601779138399454,0.2544670482911158,0.5395151603248897,1.0,0.11196145242896378,0.0,0.0,none
cartpole,ppo,23,155,-0.005566303540642063,0.06540425618489583,0.0414386889530537,-0.01236705482006073,1,push_right,0.17494095878205287,0.10820815231064206,0.7168508889073052,1.0,0.10538806314394907,0.0,0.0,none
cartpole,ppo,23,156,-0.003931197182585796,0.13040305177370706,0.037306501821288064,-0.09520455769130162,2,stabilize,0.2101830500293458,0.29012893155644426,0.4996880184142099,1.0,0.11121290928564755,0.0,0.0,none
cartpole,ppo,23,157,-0.000671120845557501,0.06532561779022217,0.005495907329823066,-0.01087961026600429,2,stabilize,0.18427354925201006,0.12695316586052235,0.6887732848874676,1.0,0.10609978300066468,0.0,0.0,none
cartpole,ppo,23,158,0.0009620195487514138,0.00027946933793524903,0.0018607152665927474,0.072847809110369,2,stabilize,0.13604804227696599,0.04514517047201452,0.8188067872510195,1.0,0.10867176908670484,0.0,0.0,none
cartpole,ppo,23,159,0.0009690063113036256,0.06531826158364613,0.026201273632504775,-0.010740743151732854,2,stabilize,0.1803710041975939,0.11912337944414099,0.7005056163582652,1.0,0.10641855717298121,0.0,0.0,none
cartpole,ppo,23,160,0.00260196296342959,0.0002515189504871766,0.022612480993487102,0.07337633201054164,2,stabilize,0.13238883323037492,0.04223930182406478,0.8253718649455603,1.0,0.10839721463363115,0.0,0.0,none
cartpole,ppo,23,161,0.0026082509430125356,0.06526951988538106,0.04712963001113518,-0.009819371359688895,1,push_right,0.17620767558100955,0.11118589556607542,0.712606428852915,1.0,0.10526917610307295,0.0,0.0,none
cartpole,ppo,23,162,0.004239988823731741,0.13026251395543417,0.04384869393983718,-0.09254834481648036,2,stabilize,0.210304473282461,0.29554332984785053,0.49415219686968836,1.0,0.11105900623853035,0.0,0.0,none
cartpole,ppo,23,163,0.007496551455308994,0.06517866253852844,0.012925621522212655,-0.00810100297842707,0,push_left,0.18505848458570326,0.12940764713566857,0.6855338682786282,1.0,0.10618708070879998,0.0,0.0,none
cartpole,ppo,23,164,0.009126018267124891,0.00012510308685402075,0.010218842484074732,0.07576644420623779,2,stabilize,0.13663946829737908,0.04585656836766543,0.8175039633349556,1.0,0.10876811073889393,0.0,0.0,none
cartpole,ppo,23,165,0.009129145958771309,0.06515554587046306,0.03553459949809214,-0.0076641009322234565,2,stabilize,0.18068854066624715,0.12041407987520532,0.6988973794585476,1.0,0.10543021667076825,0.0,0.0,none
cartpole,ppo,23,166,0.0107580345744888,0.13016035159428915,0.03297380249511655,-0.09061405488422938,0,push_left,0.21144649021376577,0.31420118734870434,0.4743523224375299,1.0,0.11071955731401627,0.0,0.0,none
cartpole,ppo,23,167,0.01401204305390517,0.06508712967236836,0.002697030157917724,-0.006370214479310172,2,stabilize,0.18921953238879674,0.1395875093486135,0.6711929582625898,1.0,0.106015358985138,0.0,0.0,none
cartpole,ppo,23,168,0.015639221916596096,4.377816124663999e-05,0.0005685575325864419,0.07730439731052943,2,stabilize,0.1406402383972468,0.04952060426659451,0.8098391573361586,1.0,0.10903443912200227,0.0,0.0,none
cartpole,ppo,23,169,0.01564031622062127,0.06508386135101318,0.026398189454772878,-0.006308559860501971,1,push_right,0.184770014368675,0.1297063661996549,0.6855236194316702,1.0,0.10556261963218658,0.0,0.0,none
cartpole,ppo,23,170,0.01726741281648477,0.13009792566299438,0.024290317513919957,-0.08943224804741996,0,push_left,0.21208680256926335,0.3323792451504611,0.4555339522802755,1.0,0.11048317245135793,0.0,0.0,none
cartpole,ppo,23,171,0.02051986133058866,0.06503323713938396,-0.005591577941413996,-0.0053512656262942725,0,push_left,0.1930306285993413,0.14995685128339437,0.6570125201172643,1.0,0.10588039788002672,0.0,0.0,none
cartpole,ppo,23,172,0.022145691327750683,-1.8054541518116214e-06,-0.007379590589241937,0.07816676582608904,2,stabilize,0.14453687855368286,0.053344716992363386,0.8021184044539539,1.0,0.10922272251309192,0.0,0.0,none
cartpole,ppo,23,173,0.022145646313826244,0.06504618624846141,0.01873818130581362,-0.005596136940377099,2,stabilize,0.1886089947981712,0.139346136477616,0.6720448687242129,1.0,0.10625896222951396,0.0,0.0,none
cartpole,ppo,23,174,0.023771800721685093,-1.3156197383068502e-05,0.016868351191851292,0.07838069541113717,2,stabilize,0.14003493666816028,0.04931861089049571,0.810646452441344,1.0,0.10887438451811991,0.0,0.0,none
cartpole,ppo,23,175,0.023771471654375396,0.06501062711079915,0.04305760765132586,-0.004923938640526363,2,stabilize,0.1838964159080724,0.12878596756582053,0.687317616526107,1.0,0.10529442937999091,0.0,0.0,none
cartpole,ppo,23,176,0.025396738201379776,0.1300077736377716,0.04141237631191218,-0.08773057801382882,1,push_right,0.21150924245925626,0.32971704013007086,0.45877371741067285,1.0,0.1093476382601434,0.0,0.0,none
cartpole,ppo,23,177,0.028646932914853096,0.1950068473815918,0.012099056066789605,-0.17056892599378312,1,push_right,0.17080593526980023,0.6307094145933322,0.19848465013686747,1.0,0.1202304887044361,0.0,0.0,none
cartpole,ppo,23,178,0.03352210236092409,0.2600356539090474,-0.044892944377760334,-0.2539641857147217,1,push_right,0.09826071122895934,0.8421429948417652,0.05959629392927553,1.0,0.13642908735089687,0.0,0.0,none
cartpole,ppo,23,179,0.04002299470206102,0.32511842250823975,-0.12974970949578116,-0.3384283610752651,1,push_right,0.051974379236115045,0.9309127996118798,0.017112821152005218,1.0,0.15651776917233068,0.0,0.0,none
cartpole,ppo,23,180,0.048150954147179924,0.3902730147043864,-0.24282839816054752,-0.4244506699698312,1,push_right,0.03011189201849985,0.9639962349346911,0.005891873046809087,1.0,0.17948354913488876,0.0,0.0,none
cartpole,ppo,23,181,0.05790778125325839,0.45550763607025146,-0.3846496130230888,-0.5124866621834892,1,push_right,0.020094706601152566,0.9772935402272995,0.002611753171547902,1.0,0.20469383927688864,0.0,0.0,none
cartpole,ppo,23,182,0.06929547215501468,0.5208166440327963,-0.5558862179731128,-0.6029446465628487,1,push_right,0.015268238368412002,0.9832681575911859,0.0014636040404019423,1.0,0.23177336331373277,0.0,0.0,none
cartpole,ppo,23,183,0.08231588949759802,0.5861761569976807,-0.7573474278597957,-0.6961695126124791,1,push_right,0.012801413869060592,0.9862145465981318,0.0009840395328075437,1.0,0.2604979823177117,0.0,0.0,none
cartpole,ppo,23,184,0.09697029367089272,0.6515381733576456,-0.9899577548225057,-0.7924227714538574,1,push_right,0.011483462309209628,0.9877644212403437,0.0007521164504466795,0.0,1.6028065251266965,0.0,0.0,none
cartpole,ppo,23,185,0.017874023566643398,0.004538640379905701,0.2346649979350106,0.010337002575397491,2,stabilize,0.11305608627510853,0.031012199534230737,0.8559317141906607,1.0,0.10229232229970205,0.0,0.0,none
cartpole,ppo,23,186,0.017987489700317383,0.069333220521609,0.23811890216886572,-0.06874168770653862,2,stabilize,0.1562238656877432,0.0856334743165277,0.7581426599957292,1.0,0.11195436840579079,0.0,0.0,none
cartpole,ppo,23,187,0.019720819157858692,0.004067300197978814,0.2151503092064778,0.019255923373358592,2,stabilize,0.11507570782600832,0.03215753423990953,0.8527667579340821,1.0,0.1027483298540016,0.0,0.0,none
cartpole,ppo,23,188,0.0198225025087595,0.0688832054535548,0.22158426786094976,-0.06020923597472055,2,stabilize,0.1582634345288118,0.08815382428784245,0.7535827411833457,1.0,0.11116245157434135,0.0,0.0,none
cartpole,ppo,23,189,0.02154458314180374,0.003631904721260071,0.2014666333403394,0.02749295106955937,2,stabilize,0.11628533994873229,0.03278355087373705,0.8509311091775307,1.0,0.10317530759805592,0.0,0.0,none
cartpole,ppo,23,190,0.021635379331807297,0.06846270461877187,0.21065282579822586,-0.05224234291485378,2,stabilize,0.15927980933638008,0.08915692448630866,0.7515632661773113,1.0,0.11055058565462085,0.0,0.0,none
cartpole,ppo,23,191,0.023346946885188423,0.003221128135919571,0.19319714680491884,0.03526387682982853,0,push_left,0.11667916314602093,0.032865249503831316,0.8504555873501477,1.0,0.10952502408166807,0.0,0.0,none
cartpole,ppo,23,192,0.02342747524380684,-0.06200478474299113,0.2049798221462951,0.12245603970118932,2,stabilize,0.08198372233205511,0.0119356910686702,0.9060805865992747,1.0,0.1105737795598294,0.0,0.0,none
cartpole,ppo,23,193,0.02187735556314389,0.0028246495251854262,0.24589592133046337,0.04278687919889178,2,stabilize,0.10632790192056242,0.02605769165912144,0.8676144064203162,1.0,0.10305077030465531,0.0,0.0,none
cartpole,ppo,23,194,0.02194797309736411,0.06760727365811665,0.26019225185981515,-0.03606921008655003,2,stabilize,0.14528431051559498,0.06831316432765709,0.786402525156748,1.0,0.10254896912136127,0.0,0.0,none
cartpole,ppo,23,195,0.02363815438002348,0.13237406810124716,0.24814048430800154,-0.11464052540915352,2,stabilize,0.19127779252833207,0.19671923384436638,0.6120029736273015,1.0,0.11624729391045698,0.0,0.0,none
cartpole,ppo,23,196,0.026947505151232086,0.06710096697012584,0.20983578695033217,-0.02646652715546744,2,stabilize,0.1551349272002965,0.08111430604670498,0.7637507667529985,1.0,0.10302568413396407,0.0,0.0,none
cartpole,ppo,23,197,0.028625031312306724,0.13192270199457803,0.20099255236350266,-0.10603673117501396,1,push_right,0.19822424556524387,0.22782383785087967,0.5739519165838765,1.0,0.1087614382236974,0.0,0.0,none
cartpole,ppo,23,198,0.031923099110523864,0.1967557668685913,0.16556262329825355,-0.18578362464904785,2,stabilize,0.18856752779066938,0.5196435550761386,0.29178891713319205,1.0,0.12506999424274937,0.0,0.0,none
cartpole,ppo,23,199,0.03684199104706447,0.131559948126475,0.10348693745517504,-0.09909785645348686,2,stabilize,0.20869758437048472,0.3122254281314644,0.47907698749805083,1.0,0.11256150571855246,0.0,0.0,none
cartpole,ppo,23,200,0.04013099086781343,0.06641877194245656,0.0703754859280757,-0.013543581323964255,2,stabilize,0.18653048595056101,0.13903485504739685,0.6744346590020421,1.0,0.09187679682143654,1.0,1.0,cartpole_gravity_shift
cartpole,ppo,23,201,0.0417914583037297,0.12355851133664449,0.06585018286983836,-0.08532909836087908,2,stabilize,0.21083069331319645,0.3193605266959807,0.4698087799908227,1.0,0.09885516902003928,1.0,0.0,cartpole_gravity_shift
cartpole,ppo,23,202,0.044880422453085586,0.06623491148153941,0.03733926481591773,-0.010069978024278368,0,push_left,0.19412899324611327,0.158881146166669,0.6469898605872177,1.0,0.09408345709577715,1.0,0.0,cartpole_gravity_shift
cartpole,ppo,23,203,0.046536295364300415,0.0089489184319973,0.03397459417652686,0.06446826032229833,2,stabilize,0.15233740435186824,0.06448520963483456,0.7831773860132971,1.0,0.0949895525405687,1.0,0.0,cartpole_gravity_shift
cartpole,ppo,23,204,0.046760017673174545,0.06613866488138835,0.05551530292751112,-0.00825240941984313,0,push_left,0.19073559248817193,0.14969344064335927,0.6595709668684688,1.0,0.09444350755536089,1.0,0.0,cartpole_gravity_shift
cartpole,ppo,23,205,0.04841348466773828,0.008828409016132355,0.05275793462493824,0.06674608162471227,2,stabilize,0.1484526343722264,0.06027252419458624,0.7912748414331873,1.0,0.09478192705756158,1.0,0.0,cartpole_gravity_shift
cartpole,ppo,23,206,0.04863419570028782,0.06599253912766774,0.07505972729662438,-0.005492808563368661,2,stabilize,0.18677236280898712,0.13959423250246397,0.6736334046885488,1.0,0.09168506218270867,1.0,0.0,cartpole_gravity_shift
cartpole,ppo,23,207,0.050284008805950485,0.12312581141789754,0.07322442168836663,-0.07715765067509242,1,push_right,0.2107454698874567,0.31773907103721977,0.47151545907532355,1.0,0.09529613506405048,1.0,0.0,cartpole_gravity_shift
cartpole,ppo,23,208,0.05336215098698934,0.18026198943456015,0.04744382579599758,-0.14887024675096786,1,push_right,0.1812079150503506,0.584363584366517,0.2344285005831323,1.0,0.10488816220427612,1.0,0.0,cartpole_gravity_shift
cartpole,ppo,23,209,0.057868702958027526,0.23743406931559244,-0.0022980234494570616,-0.22124648094177246,1,push_right,0.1157629263031704,0.800628682404023,0.08360839129280657,1.0,0.11916509606103112,1.0,0.0,cartpole_gravity_shift
cartpole,ppo,23,210,0.06380455568432808,0.2946728666623433,-0.07622286250596969,-0.29489377566746305,1,push_right,0.06513947663084849,0.9082713822918557,0.02658914107729584,1.0,0.13693907336798966,1.0,0.0,cartpole_gravity_shift
cartpole,ppo,23,211,0.07117137933770816,0.3520050843556722,-0.17475539502778883,-0.3704079900469099,1,push_right,0.03792569336977458,0.9528114823545625,0.009262824275662971,1.0,0.1573941203327075,1.0,0.0,cartpole_gravity_shift
cartpole,ppo,23,212,0.0799715022246043,0.40945128599802655,-0.2985194076501669,-0.44836868558611187,1,push_right,0.024539060430281943,0.9715563256000903,0.0039046139696277357,1.0,0.18005086933551015,1.0,0.0,cartpole_gravity_shift
cartpole,ppo,23,213,0.09020778660972914,0.4670230944951375,-0.448332339311841,-0.5293322971888951,1,push_right,0.01784346916559794,0.9801288495767785,0.002027681257623673,1.0,0.20465833797898073,1.0,0.0,cartpole_gravity_shift
cartpole,ppo,23,214,0.1018833617369334,0.5247196356455485,-0.6251975289392585,-0.6138221195765904,1,push_right,0.014340830501414702,0.9843954746006545,0.0012636948979307784,1.0,0.23110268262554473,1.0,0.0,cartpole_gravity_shift
cartpole,ppo,23,215,0.11500135064125061,0.5825229088465372,-0.830293199612019,-0.7023145811898368,1,push_right,0.012429365451159217,0.9866639664749303,0.0009066680739105656,0.0,1.261381832268732,1.0,0.0,cartpole_gravity_shift
cartpole,ppo,23,216,0.008323408352832,-0.006706401705741882,0.027320000980947355,0.0026764550379344393,2,stabilize,0.14547946943194967,0.05669632596599233,0.7978242046020579,1.0,0.09265855261125068,1.0,0.0,cartpole_gravity_shift
cartpole,ppo,23,217,0.00815574855854114,0.050492296616236367,0.02821428181163451,-0.07021448016166687,2,stabilize,0.18857591072239893,0.14254053702930267,0.6688835522482984,1.0,0.09671470567119222,1.0,0.0,cartpole_gravity_shift
cartpole,ppo,23,218,0.009418055415153503,-0.006781359513600667,0.004753598227634635,0.004092084243893623,2,stabilize,0.15037155518748327,0.061716415573725494,0.7879120292387912,1.0,0.09313745532064184,1.0,0.0,cartpole_gravity_shift
cartpole,ppo,23,219,0.009248522110283375,0.050447980562845864,0.006120881456926216,-0.06937552775655474,2,stabilize,0.19328669521073238,0.15471795849280987,0.6519953462964577,1.0,0.09619819910720782,1.0,0.0,cartpole_gravity_shift
cartpole,ppo,23,220,0.010509721469134092,-0.006796034673849742,-0.01705948570143067,0.004369276708790234,1,push_right,0.1555026236682661,0.06741890679029366,0.7770784695414402,1.0,0.09359578055619602,1.0,0.0,cartpole_gravity_shift
cartpole,ppo,23,221,0.01033982029184699,0.05046274761358897,-0.015599584220275105,-0.0696539751120976,2,stabilize,0.1979983619346732,0.1684799088867298,0.633521729178597,1.0,0.09577918405526914,1.0,0.0,cartpole_gravity_shift
cartpole,ppo,23,222,0.011601389075318973,-0.006751950830221176,-0.03887299083724512,0.0035367850214242935,2,stabilize,0.16102622357787708,0.07410004946391482,0.764873726958208,1.0,0.09241939389522186,1.0,0.0,cartpole_gravity_shift
cartpole,ppo,23,223,0.011432590739180645,-0.06393489241600037,-0.03769124695822277,0.07613176107406616,2,stabilize,0.11944214254260517,0.029347781169695546,0.8512100762876993,1.0,0.0974094528349674,1.0,0.0,cartpole_gravity_shift
cartpole,ppo,23,224,0.009834218459824722,-0.006648603826761246,-0.01225342667330421,0.0015848285651632718,2,stabilize,0.15488567234974554,0.06687276340093896,0.7782415642493156,1.0,0.09297170694679448,1.0,0.0,cartpole_gravity_shift
cartpole,ppo,23,225,0.009668002991626661,-0.063867782553037,-0.011723889771466609,0.07486099004745483,1,push_right,0.11461427125344995,0.026595923201189812,0.8587898055453602,1.0,0.09677449181222293,1.0,0.0,cartpole_gravity_shift
cartpole,ppo,23,226,0.008071308645109337,-0.006616238504648209,0.0132893296603229,0.0009735595168811935,2,stabilize,0.14879288075517136,0.060170744553419274,0.7910363746914094,1.0,0.09294904552958454,1.0,0.0,cartpole_gravity_shift
cartpole,ppo,23,227,0.007905902651449045,0.05060153206189474,0.013614624632002347,-0.07227614096232823,2,stabilize,0.19194206188686191,0.1514516201474135,0.6566063179657246,1.0,0.09658827680354527,1.0,0.0,cartpole_gravity_shift
cartpole,ppo,23,228,0.009170940611511469,-0.006652552013595899,-0.010534923141355446,0.0016593991645744868,2,stabilize,0.15422730859506809,0.06608062794195385,0.779692063462978,1.0,0.09300788147727908,1.0,0.0,cartpole_gravity_shift
cartpole,ppo,23,229,0.009004627354443073,-0.06387406090895335,-0.009980469470874791,0.0749794500214713,2,stabilize,0.11409201661913221,0.026290723875558183,0.8596172595053096,1.0,0.09674948008439199,1.0,0.0,cartpole_gravity_shift
cartpole,ppo,23,230,0.00740777545919021,-0.006624859447280566,0.01507233005897242,0.0011363858357071877,2,stabilize,0.14811521261071212,0.059416951371641526,0.7924678360176464,1.0,0.09291187137100597,1.0,0.0,cartpole_gravity_shift
cartpole,ppo,23,231,0.007242153709133467,0.05059049526850382,0.015452028494461624,-0.07206776312419347,2,stabilize,0.19129245030267877,0.14958754379295391,0.6591200059043673,1.0,0.09660814046348397,1.0,0.0,cartpole_gravity_shift
cartpole,ppo,23,232,0.008506916152934235,-0.006666060537099838,-0.008627892914172574,0.0019145143617476737,0,push_left,0.15348294904693446,0.06518809803369914,0.7813289529193664,1.0,0.09304840654704485,1.0,0.0,cartpole_gravity_shift
cartpole,ppo,23,233,0.008340264515330395,-0.06389015416304271,-0.007988198222436883,0.07528325489589147,2,stabilize,0.1134941729666315,0.02594236097020278,0.8605634660631658,1.0,0.09673554542215076,1.0,0.0,cartpole_gravity_shift
cartpole,ppo,23,234,0.006743011375268301,-0.006643630564212799,0.0171661110225896,0.0014909057478819574,2,stabilize,0.14732524972052163,0.05854400396952624,0.7941307463099522,1.0,0.0928685266172952,1.0,0.0,cartpole_gravity_shift
cartpole,ppo,23,235,0.006576920083413522,0.05056887865066528,0.01766426524320764,-0.0716597352709089,2,stabilize,0.19051746651204265,0.1473934394646447,0.6620890940233126,1.0,0.09661910077179989,1.0,0.0,cartpole_gravity_shift
cartpole,ppo,23,236,0.007841142360121012,-0.006690643106897672,-0.006279322987773538,0.0023787960942302433,1,push_right,0.15259040261601503,0.06412854552330272,0.7832810518606822,1.0,0.09336198721724329,1.0,0.0,cartpole_gravity_shift
cartpole,ppo,23,237,0.007673876049617927,0.05055360992749532,-0.005484498628284026,-0.07137007798467364,2,stabilize,0.19549743285715895,0.16096432555834156,0.6435382415844995,1.0,0.0961254855437745,1.0,0.0,cartpole_gravity_shift
cartpole,ppo,23,238,0.008937716484069824,-0.006674763436118762,-0.029331302105811446,0.0020789174096924917,2,stabilize,0.15819688743312438,0.07060752065880492,0.7711955919080706,1.0,0.09261464837849775,1.0,0.0,cartpole_gravity_shift
cartpole,ppo,23,239,0.008770847537865242,-0.06387072304884593,-0.02863667549694353,0.07491836377552577,2,stabilize,0.11724391278802,0.02804233748313039,0.8547137497288496,1.0,0.09712137156807814,1.0,0.0,cartpole_gravity_shift
cartpole,ppo,23,240,0.0071740794616440935,-0.006596516817808151,-0.0036042875461369255,0.0006010979413986206,2,stabilize,0.15219579277649212,0.06377518691356138,0.7840290203099464,1.0,0.09315171937570217,1.0,0.0,cartpole_gravity_shift
cartpole,ppo,23,241,0.007009166292846203,-0.06382741530736287,-0.0034034433318991084,0.07409803356443133,2,stabilize,0.11255410227258059,0.025435541745172215,0.8620103559822472,1.0,0.09654050737101356,1.0,0.0,cartpole_gravity_shift
cartpole,ppo,23,242,0.005413480879118046,-0.00658705768485864,0.021354848772358496,0.00042244885116815567,0,push_left,0.14619234362576702,0.0573830953966457,0.7964245609775873,1.0,0.09367443171548939,1.0,0.0,cartpole_gravity_shift
cartpole,ppo,23,243,0.005248804421474537,-0.06385161976019542,0.021496000821948906,0.07455491168158394,1,push_right,0.10790484574773632,0.022982626203333995,0.8691125280489297,1.0,0.09607583265572701,1.0,0.0,cartpole_gravity_shift
cartpole,ppo,23,244,0.0036525140361239514,-0.006644894058505694,0.046406950365956476,0.0015148363475288665,0,push_left,0.14004481433250454,0.05128717782496739,0.808668007842528,1.0,0.09419986002265882,1.0,0.0,cartpole_gravity_shift
cartpole,ppo,23,245,0.003486391700183352,-0.06394300858179729,0.04691310084662745,0.07628285033362252,2,stabilize,0.10319060173891648,0.020633261909260205,0.8761761363518233,1.0,0.0957133023269842,1.0,0.0,cartpole_gravity_shift
cartpole,ppo,23,246,0.0018878164701163769,-0.006770838672916095,0.07240140370508936,0.0038938304143292563,0,push_left,0.1336300074639656,0.045400219824641284,0.820969772711393,1.0,0.09475063584253329,1.0,0.0,cartpole_gravity_shift
cartpole,ppo,23,247,0.0017185454877714317,-0.06410351892312367,0.07370244133728501,0.07931879588535853,2,stabilize,0.09832697315225737,0.018358527439580462,0.8833144994081621,1.0,0.09544823069036389,1.0,0.0,cartpole_gravity_shift
cartpole,ppo,23,248,0.0001159575670802345,-0.006967989727854729,0.10020514341129039,0.007618485284703118,0,push_left,0.12684642894332912,0.03968478972997122,0.8334687813266997,1.0,0.09535583702486872,1.0,0.0,cartpole_gravity_shift
cartpole,ppo,23,249,-5.824218533234671e-05,-0.06433734794457753,0.10275069917585515,0.08374326569693429,2,stabilize,0.09325107235096536,0.016147805036302375,0.8906011226127323,1.0,0.09528602669360925,1.0,0.0,cartpole_gravity_shift
cartpole,ppo,23,250,-0.0016666758650292954,-0.007241791735092799,0.13073174580753846,0.012792590473379408,2,stabilize,0.11962008826726167,0.03414799559877825,0.8462319161339601,1.0,0.0905825830792694,1.0,0.0,cartpole_gravity_shift
cartpole,ppo,23,251,-0.001847720704972744,0.04981419940789541,0.1350061118887262,-0.05743215765271868,2,stabilize,0.15879000749769168,0.0836486182134324,0.7575613742888759,1.0,0.09795207583109868,1.0,0.0,cartpole_gravity_shift
cartpole,ppo,23,252,-0.0006023656654482087,-0.0076002757996320724,0.11581637694329237,0.019563883543014526,2,stabilize,0.12118373456152592,0.03505008874131275,0.8437661766971614,1.0,0.09103042794275878,1.0,0.0,cartpole_gravity_shift
cartpole,ppo,23,253,-0.0007923725934233516,0.04947654902935028,0.12235323007180754,-0.051047789199011664,2,stabilize,0.16031162132701887,0.08538565315841598,0.7543027255145651,1.0,0.09729741259633852,1.0,0.0,cartpole_gravity_shift
cartpole,ppo,23,254,0.0004445411226091286,-0.007921553527315458,0.10529669059489394,0.02563199188028063,2,stabilize,0.12212502112746217,0.03554227894544299,0.8423326999270948,1.0,0.09141871691297451,1.0,0.0,cartpole_gravity_shift
cartpole,ppo,23,255,0.00024650228927688056,0.049169922868410744,0.11386107964561208,-0.04525211879185268,2,stabilize,0.1610887500786081,0.08608953451287142,0.7528217154085204,1.0,0.09680201853640616,1.0,0.0,cartpole_gravity_shift
cartpole,ppo,23,256,0.0014757503716585538,-0.008217150966326395,0.09874104208764142,0.031215050390788486,2,stabilize,0.1224576851786268,0.03561898377781865,0.8419233310435545,1.0,0.09174927915017939,1.0,0.0,cartpole_gravity_shift
cartpole,ppo,23,257,0.0012703216634690762,0.04888344804445902,0.10917089470531036,-0.03983864613941738,2,stabilize,0.16113885460204053,0.08575320563158105,0.7531079397663784,1.0,0.09643923613173283,1.0,0.0,cartpole_gravity_shift
cartpole,ppo,23,258,0.00249240780249238,-0.0084975336988767,0.09585965006903419,0.03651098694120135,2,stabilize,0.1221854673416662,0.035277270416895594,0.8425372622414381,1.0,0.09202733352779294,1.0,0.0,cartpole_gravity_shift
cartpole,ppo,23,259,0.0022799696307629347,0.048607091108957924,0.10805902446938016,-0.034617221781185696,2,stabilize,0.1604589786102173,0.08437203157546105,0.7551689898143217,1.0,0.09619092297738989,1.0,0.0,cartpole_gravity_shift
cartpole,ppo,23,260,0.003495146908486883,-0.008772474403182665,0.09649240707440707,0.04170456954411098,2,stabilize,0.12130162398708333,0.03451689813424756,0.8441814778786692,1.0,0.09226032768553946,1.0,0.0,cartpole_gravity_shift
cartpole,ppo,23,261,0.00327583480005463,0.048331305384635925,0.11042710882667141,-0.02940733092171805,2,stabilize,0.15902592364419868,0.0819459132322327,0.7590281631235687,1.0,0.09604619782100815,1.0,0.0,cartpole_gravity_shift
cartpole,ppo,23,262,0.0044841175743689145,-0.009051389992237091,0.10060126890999606,0.046973892620631626,2,stabilize,0.11978965784785747,0.033341667181063454,0.8468686749710791,1.0,0.0924575825305818,1.0,0.0,cartpole_gravity_shift
cartpole,ppo,23,263,0.0042578329642613735,0.04804673294226328,0.11629660153730388,-0.024031841329165866,2,stabilize,0.1567969380001411,0.07848441808756022,0.7647186439122986,1.0,0.09114748516047429,1.0,0.0,cartpole_gravity_shift
cartpole,ppo,23,264,0.005459001210207741,0.10512291391690572,0.10826687610803755,-0.09463109288896833,2,stabilize,0.19762435967365394,0.19812223840626073,0.6042534019200853,1.0,0.10062160278247555,1.0,0.0,cartpole_gravity_shift
cartpole,ppo,23,265,0.00808707360799114,0.04774377246697744,0.07664789234539206,-0.018304988741874695,2,stabilize,0.16544179240653234,0.09076352628381505,0.7437946813096526,1.0,0.09183019365005916,1.0,0.0,cartpole_gravity_shift
cartpole,ppo,23,266,0.00928066826115052,0.1048748791217804,0.07053166805702064,-0.08992892503738403,1,push_right,0.2036925661982385,0.22500757351486705,0.5712998602868945,1.0,0.09657844352229271,1.0,0.0,cartpole_gravity_shift
cartpole,ppo,23,267,0.011902539990842342,0.16201486190160116,0.04048381436411692,-0.16171102864401682,1,push_right,0.19939608709733303,0.4795883857308633,0.3210155271718036,1.0,0.1070973149795224,1.0,0.0,cartpole_gravity_shift
cartpole,ppo,23,268,0.015952911538382374,0.21919647852579752,-0.013548506286021918,-0.2342658383505685,2,stabilize,0.13815323210708466,0.740454395863079,0.1213923720298364,1.0,0.12163705612869463,1.0,0.0,cartpole_gravity_shift
cartpole,ppo,23,269,0.021432824432849884,0.1619784434636434,-0.09182348918516482,-0.16102194786071777,2,stabilize,0.17727452738165544,0.6191924690487719,0.20353300356957268,1.0,0.1060531227930065,1.0,0.0,cartpole_gravity_shift
cartpole,ppo,23,270,0.02548228483647108,0.10486635565757751,-0.14562557200258844,-0.08978704043797084,0,push_left,0.21328448828706906,0.44468461912389157,0.34203089258903935,1.0,0.09506567890414597,1.0,0.0,cartpole_gravity_shift
cartpole,ppo,23,271,0.028103943914175034,0.0478302538394928,-0.17562601048508236,-0.019948175975254605,0,push_left,0.22096787380267582,0.2538428021279034,0.5251893240694208,1.0,0.089792690143634,1.0,0.0,cartpole_gravity_shift
cartpole,ppo,23,272,0.02929970001180967,-0.009162696078419685,-0.18229127499254905,0.0491074195929936,0,push_left,0.18966837897910932,0.11326842173503374,0.6970631992858569,1.0,0.09089083350035779,1.0,0.0,cartpole_gravity_shift
cartpole,ppo,23,273,0.029070631911357246,-0.0661465326944987,-0.16588306939118233,0.11798923356192452,2,stabilize,0.1413191330874822,0.042959087713949795,0.815721779198568,1.0,0.10442677951604339,1.0,0.0,cartpole_gravity_shift
cartpole,ppo,23,274,0.027416969339052837,-0.008693660919864973,-0.126459460198737,0.040225718702588766,2,stabilize,0.17807510131604423,0.0952220441666028,0.7267028545173531,1.0,0.09680619962099186,1.0,0.0,cartpole_gravity_shift
cartpole,ppo,23,275,0.027199626589814823,0.04870989422003428,-0.1130188795291154,-0.03655693360737392,2,stabilize,0.21406016612683132,0.2234087678265949,0.5625310660465738,1.0,0.09167969790561713,1.0,0.0,cartpole_gravity_shift
cartpole,ppo,23,276,0.02841737431784471,-0.008370916048685709,-0.12523360852694454,0.03412733333451407,2,stabilize,0.17980078805166858,0.09867260411009994,0.7215266078382315,1.0,0.09651910252713317,1.0,0.0,cartpole_gravity_shift
cartpole,ppo,23,277,0.02820810303092003,0.049031088749567665,-0.11383068163241293,-0.042624711990356445,2,stabilize,0.21519241833574088,0.23193781910283864,0.5528697625614205,1.0,0.09195508520386277,1.0,0.0,cartpole_gravity_shift
cartpole,ppo,23,278,0.029433878759543102,-0.00804863745967547,-0.1280728309706458,0.028038582631519864,0,push_left,0.18247299294966776,0.1037995329268164,0.7137274741235159,1.0,0.09102117771400028,1.0,0.0,cartpole_gravity_shift
cartpole,ppo,23,279,0.029232663412888847,-0.06510841349760692,-0.11870433045173318,0.0983324476650783,2,stabilize,0.1362021460331521,0.04006280663557981,0.823735047331268,1.0,0.10120135038135224,1.0,0.0,cartpole_gravity_shift
cartpole,ppo,23,280,0.02760495369633039,-0.007715767249464989,-0.0858486214372594,0.021744913288525174,2,stabilize,0.17352385086415897,0.09050214372254554,0.7359740054132954,1.0,0.09529976430286623,1.0,0.0,cartpole_gravity_shift
cartpole,ppo,23,281,0.027412058164676033,0.049634660283724465,-0.07858301617365179,-0.054018846579960415,2,stabilize,0.21125160933091333,0.21717294375429594,0.5715754469147907,1.0,0.09334810658659025,1.0,0.0,cartpole_gravity_shift
cartpole,ppo,23,282,0.028652924423416458,-0.007493942975997925,-0.0966322699423906,0.017555425209658488,2,stabilize,0.17755606488127618,0.09711539649295339,0.7253285386257705,1.0,0.09138717407347556,1.0,0.0,cartpole_gravity_shift
cartpole,ppo,23,283,0.028465576469898224,-0.06459741294384003,-0.0907665025220566,0.08866356100354876,2,stabilize,0.13251486462134193,0.037815873203820065,0.8296692621748379,1.0,0.09964339782803974,1.0,0.0,cartpole_gravity_shift
cartpole,ppo,23,284,0.02685064139465491,-0.007241062819957733,-0.0611414426053054,0.012776779276984078,2,stabilize,0.16985414322216807,0.08611074039015894,0.744035116387673,1.0,0.09204344342595985,1.0,0.0,cartpole_gravity_shift
cartpole,ppo,23,285,0.026669614017009735,-0.06439350048700969,-0.0568723532777982,0.08479994535446167,2,stabilize,0.1261638489553604,0.03365083120160683,0.8401853198430328,1.0,0.09858957453280637,1.0,0.0,cartpole_gravity_shift
cartpole,ppo,23,286,0.025059777932862442,-0.007081778099139531,-0.028538242035805468,0.009767570665904455,1,push_right,0.16247374358804573,0.07642687033555995,0.7610993860763944,1.0,0.09388144955013422,1.0,0.0,cartpole_gravity_shift
cartpole,ppo,23,287,0.02488273351142804,0.050192425648371376,-0.0252746143389431,-0.06454736420086452,1,push_right,0.20331422249870382,0.18806808405805694,0.6086176934432392,1.0,0.09621289311271305,1.0,0.0,cartpole_gravity_shift
cartpole,ppo,23,288,0.02613754322131475,0.10746216773986816,-0.04684175131286812,-0.13877930811473302,0,push_left,0.21108356375649753,0.41933379969505413,0.36958263654844825,1.0,0.10327958480607426,1.0,0.0,cartpole_gravity_shift
cartpole,ppo,23,289,0.0288240984082222,0.05028937260309855,-0.09321192888485219,-0.06638778107506889,2,stabilize,0.21523377177455635,0.24327981020639422,0.5414864180190494,1.0,0.09393621007360185,1.0,0.0,cartpole_gravity_shift
cartpole,ppo,23,290,0.030081331109007202,-0.006819157550732295,-0.11539400548525244,0.004809144352163587,2,stabilize,0.18578660945794084,0.1126047618784934,0.7016086286635659,1.0,0.09081842744110644,1.0,0.0,cartpole_gravity_shift
cartpole,ppo,23,291,0.02991085251172384,-0.0638965368270874,-0.11378712507591612,0.0754317215510777,2,stabilize,0.14088272741829033,0.044615456005221446,0.8145018165764881,1.0,0.098883221562196,1.0,0.0,cartpole_gravity_shift
cartpole,ppo,23,292,0.028313438718517624,-0.0065099019557237625,-0.08858321567992891,-0.0010331518548939908,2,stabilize,0.18038805244732797,0.10382737522746588,0.7157845723252061,1.0,0.09136847283778289,1.0,0.0,cartpole_gravity_shift
cartpole,ppo,23,293,0.02815069320301215,-0.06362449626127879,-0.08892842295061718,0.07028287223407201,2,stabilize,0.13629249145905759,0.04126707924526712,0.8224404292956753,1.0,0.09795579954780079,1.0,0.0,cartpole_gravity_shift
cartpole,ppo,23,294,0.02656008116900921,-0.00627033847073714,-0.06544488195445487,-0.005557964422873088,1,push_right,0.17551508623713297,0.09633613392124189,0.7281487798416251,1.0,0.09461461291013554,1.0,0.0,cartpole_gravity_shift
cartpole,ppo,23,295,0.02640332095324993,0.05105311671892802,-0.0673019569500534,-0.0808073707989284,2,stabilize,0.21288508879211945,0.2357334355866683,0.5513814756212122,1.0,0.09571155569545592,1.0,0.0,cartpole_gravity_shift
cartpole,ppo,23,296,0.027679648871223133,-0.0060912078867355985,-0.09430203417889543,-0.008942254952022008,2,stabilize,0.18348767767395077,0.1100720846392939,0.7064402376867555,1.0,0.09129652131869859,1.0,0.0,cartpole_gravity_shift
cartpole,ppo,23,297,0.027527368317047756,-0.06319789091746013,-0.09728989481641456,0.06222607408251081,2,stabilize,0.13970686430845747,0.04420423984646704,0.8160888958450754,1.0,0.09751578670405323,1.0,0.0,cartpole_gravity_shift
cartpole,ppo,23,298,0.025947421478728454,-0.0058326708773771925,-0.07649837395171846,-0.013825070645127977,0,push_left,0.1799550479435037,0.10441261189069508,0.7156323401658014,1.0,0.09173812628690314,1.0,0.0,cartpole_gravity_shift
cartpole,ppo,23,299,0.0258016058554252,-0.06296397248903911,-0.0811177250309036,0.0578027069568634,2,stabilize,0.13677357134031937,0.042071542727979395,0.8211548859317013,1.0,0.09688083902499074,1.0,0.0,cartpole_gravity_shift
cartpole,ppo,23,300,0.024227506170670193,-0.00561998225748539,-0.061804170860311015,-0.017841675451823642,2,stabilize,0.17692535540353563,0.09972074288240125,0.723353901714063,1.0,0.20131427464680685,1.0,1.0,cartpole_gravity_shift|cartpole_sensor_noise
cartpole,ppo,23,301,0.144240328362861,-0.10297873504186894,0.001759626405972728,0.09443154762204936,2,stabilize,0.13755824894537869,0.04274667260446289,0.8196950784501583,1.0,0.19539450663455513,1.0,0.0,cartpole_sensor_noise
cartpole,ppo,23,302,-0.008622213068417692,-0.0036222424532956544,-0.02647588080723699,0.03006462938728086,2,stabilize,0.14582201063060599,0.05500571970230666,0.7991722696670872,1.0,0.10296322480990222,1.0,0.0,cartpole_sensor_noise
cartpole,ppo,23,303,0.009671352044101078,-0.05890828702387628,0.02109119933025494,0.1004037884785132,2,stabilize,0.10672343921900143,0.022189357699359726,0.8710872030816388,1.0,0.1729127728799532,1.0,0.0,cartpole_sensor_noise
cartpole,ppo,23,304,-0.07635726063232232,-0.00530018043659892,-0.055644607503569275,-0.016795578771030127,2,stabilize,0.13612095576316496,0.045090453122912245,0.8187885911139228,1.0,0.1614117814892063,1.0,0.0,cartpole_sensor_noise
cartpole,ppo,23,305,-0.05338912142727588,-0.10923298005659651,-0.16909029537704776,-0.059856893788567817,2,stabilize,0.13035442569037042,0.03538654093047865,0.8342590333791509,1.0,0.10851818139282715,1.0,0.0,cartpole_sensor_noise
cartpole,ppo,23,306,0.023043453273273645,-0.05489689809719657,-0.11613542438431862,-0.0731846487719189,2,stabilize,0.17771543665991105,0.09610765583574153,0.7261769075043474,1.0,0.09098364109299006,1.0,0.0,cartpole_sensor_noise
cartpole,ppo,23,307,0.0779566010143711,-0.027567548335399136,-0.06444274652246795,-0.030248150908554317,2,stabilize,0.1910733357935524,0.12845779463605386,0.6804688695703938,1.0,0.10868503770155882,1.0,0.0,cartpole_sensor_noise
cartpole,ppo,23,308,-0.005794935481117522,-0.027039671837800535,-0.009220277081929979,0.011564739091136367,2,stabilize,0.136544053266789,0.04545296789331465,0.8180029788398964,1.0,0.060684633210220086,1.0,0.0,cartpole_sensor_noise
cartpole,ppo,23,309,0.02798222508557458,-0.0345295373486663,-0.03057621804912005,0.056615308809463825,2,stabilize,0.14031139039673657,0.0475103485929508,0.8121782610103128,1.0,0.12301255916637818,1.0,0.0,cartpole_sensor_noise
cartpole,ppo,23,310,-0.08327737601242163,-0.046435893820782656,-0.05673133824068382,0.012711559089192803,2,stabilize,0.11151941413807456,0.02495388587523365,0.8635266999866918,1.0,0.11000794675499069,1.0,0.0,cartpole_sensor_noise
cartpole,ppo,23,311,-0.018526733477413817,0.035621097712815554,-0.08550491895415754,0.03136186294550325,2,stabilize,0.1739689284516613,0.09418877790908115,0.7318422936392576,1.0,0.19188436207216222,1.0,0.0,cartpole_sensor_noise
cartpole,ppo,23,312,0.03485027865977036,-0.08914658304316643,-0.005150960138960232,-0.07793941849550493,2,stabilize,0.1418627938682096,0.05014384442624673,0.8079933617055437,1.0,0.12153435263415532,1.0,0.0,cartpole_sensor_noise
cartpole,ppo,23,313,0.08525668848064337,-0.10153889823204966,-0.004946483208625001,0.03195226195673745,0,push_left,0.13126044937505812,0.03827963419001591,0.830459916434926,1.0,0.14279089786371893,1.0,0.0,cartpole_sensor_noise
cartpole,ppo,23,314,0.07198703197349877,-0.10581805502413925,0.08371160277797665,0.14301345830924603,2,stabilize,0.09277355310519836,0.01504386914884747,0.8921825777459542,1.0,0.13431830125830985,1.0,0.0,cartpole_sensor_noise
cartpole,ppo,23,315,0.11736788710599673,-0.08000007157371383,0.08885967084742273,0.019365113532345657,0,push_left,0.1362339196417989,0.04560016789021589,0.8181659124679852,1.0,0.17894119943029757,1.0,0.0,cartpole_sensor_noise
cartpole,ppo,23,316,0.008460150685778016,-0.18254479972120308,0.09002411124641278,0.11756022852842082,2,stabilize,0.06602074544346968,0.005956856639943174,0.9280223979165871,1.0,0.17443225468098933,1.0,0.0,cartpole_sensor_noise
cartpole,ppo,23,317,0.0653321709972635,-0.03138927133581246,0.12078324090149803,0.17585316944049467,2,stabilize,0.10434322870389294,0.021802694854747284,0.8738540764413598,1.0,0.24518240969528787,1.0,0.0,cartpole_sensor_noise
cartpole,ppo,23,318,0.010020764184833471,0.030144155031460475,0.053496468477876404,-0.04492090058751615,0,push_left,0.16890819282952926,0.095486928545984,0.7356048786244868,1.0,0.2233180945275882,1.0,0.0,cartpole_sensor_noise
cartpole,ppo,23,319,0.02176553584033225,-0.10470004634778998,-0.037037185604519685,0.10789837344254266,2,stabilize,0.10232058984390421,0.018598687261460828,0.8790807228946349,1.0,0.3913872862436687,1.0,0.0,cartpole_sensor_noise
cartpole,ppo,23,320,-0.06715629419966242,0.10832478591313202,0.14208401171217017,-0.1525107920788792,2,stabilize,0.1803051741469352,0.14090921588550717,0.6787856099675577,1.0,0.17840010756877914,1.0,0.0,cartpole_sensor_noise
cartpole,ppo,23,321,-0.07602187158027815,-0.014440871696641606,0.12184537945271715,-0.024968677488573197,2,stabilize,0.1030175762157036,0.022753644088772104,0.8742287796955243,1.0,0.12806775328758604,1.0,0.0,cartpole_sensor_noise
cartpole,ppo,23,322,-0.0162044679827495,0.06152200347391653,0.10780003009105066,-0.10776721259705992,2,stabilize,0.17579931044495273,0.11883727850353329,0.7053634110515139,1.0,0.20371424620759973,1.0,0.0,cartpole_sensor_noise
cartpole,ppo,23,323,0.014433758820316403,-0.08822624420503823,0.05012626520068419,0.013929099289322303,2,stabilize,0.10747747231046932,0.02314346456233365,0.869379063127197,1.0,0.10589614650003557,1.0,0.0,cartpole_sensor_noise
cartpole,ppo,23,324,0.022730702881706713,-0.03675946626459405,0.1277948657560818,-0.035708727204131804,2,stabilize,0.12549858192658678,0.038816640196728695,0.8356847778766845,1.0,0.13923907558367468,1.0,0.0,cartpole_sensor_noise
cartpole,ppo,23,325,-0.042796981526320346,-0.07433759204612678,0.032343598005586824,0.03189735753007612,2,stabilize,0.09660558109969494,0.017310824732270715,0.8860835941680344,1.0,0.08347519815704217,1.0,0.0,cartpole_sensor_noise
cartpole,ppo,23,326,-0.0030041152302542964,-0.003213303295550802,0.03876757365429828,0.04877054886693714,2,stabilize,0.1307908434260447,0.041422289469995356,0.82778686710396,1.0,0.2015167283786451,1.0,0.0,cartpole_sensor_noise
cartpole,ppo,23,327,0.025325011929324164,0.03697565246908029,0.09047848164530169,-0.13968974456407598,0,push_left,0.1900757426462995,0.15675155678326322,0.6531727005704373,1.0,0.08618470384538439,1.0,0.0,cartpole_sensor_noise
cartpole,ppo,23,328,-0.022138240350409958,0.01338690193529276,0.049173953201794504,-0.08572170181411912,2,stabilize,0.15856710079985745,0.07804487077815536,0.7633880284219873,1.0,0.18218866591223984,1.0,0.0,cartpole_sensor_noise
cartpole,ppo,23,329,-0.074328470353961,-0.08192305361756277,0.01392131905925717,0.056201354937006766,0,push_left,0.08630377294318989,0.012574914923220454,0.9011213121335896,1.0,0.217273461312738,1.0,0.0,cartpole_sensor_noise
cartpole,ppo,23,330,0.10333372027084199,-0.06501720422409148,0.1312869212445623,0.09599344828706804,2,stabilize,0.11498729513843174,0.028604560898098274,0.8564081439634701,1.0,0.16428157407745395,1.0,0.0,cartpole_sensor_noise
cartpole,ppo,23,331,-0.042852920004586126,-0.1359517949507402,0.12148538248573398,0.11813199979231775,2,stabilize,0.06423073369178345,0.005801400458787918,0.9299678658494287,1.0,0.29335815414646266,1.0,0.0,cartpole_sensor_noise
cartpole,ppo,23,332,-0.05552128837680777,0.14540276624971465,0.12533918696443214,0.036136401558358275,0,push_left,0.16457717638887828,0.09668216653897264,0.738740657072149,1.0,0.28354799271470715,1.0,0.0,cartpole_sensor_noise
cartpole,ppo,23,333,0.021222344225262754,-0.12626273794559736,0.1094903017181249,0.05750333148135726,2,stabilize,0.08371190755603469,0.011787692293810732,0.9045004001501544,1.0,0.168556328719699,1.0,0.0,cartpole_sensor_noise
cartpole,ppo,23,334,0.027465989048206574,0.02342790915483378,0.16706463434034166,0.10898302888284447,2,stabilize,0.11687601197951215,0.03224530822915827,0.8508786797913296,1.0,0.17958429974618642,1.0,0.0,cartpole_sensor_noise
cartpole,ppo,23,335,0.04333502588881488,0.10874241428471612,0.23085095003036,-0.03472304451078822,0,push_left,0.17748786981564615,0.13397367518616662,0.6885384549981872,1.0,0.15703028199725058,1.0,0.0,cartpole_sensor_noise
cartpole,ppo,23,336,0.022800181810915022,-0.03535716788319011,0.17200324489895774,-0.03773761954464521,2,stabilize,0.11857016289272969,0.03392379599544183,0.8475060411118285,1.0,0.13229303312753224,1.0,0.0,cartpole_sensor_noise
cartpole,ppo,23,337,-0.018211098030639944,0.05243631563103544,0.16172003065964538,-0.12721432767131816,1,push_right,0.16371063889457602,0.09630547752961109,0.739983883575813,1.0,0.19292790127363843,1.0,0.0,cartpole_sensor_noise
cartpole,ppo,23,338,0.06441265962941634,0.22162228348321725,0.20016872723855034,-0.11011766795993405,1,push_right,0.18802229573303675,0.5203545310213711,0.2916231732455921,1.0,0.13485330059207468,1.0,0.0,cartpole_sensor_noise
cartpole,ppo,23,339,-0.022952529921908226,0.15034355738146332,0.1803801602252318,-0.18139523915949246,2,stabilize,0.20184992293872525,0.277070597835157,0.5210794792261177,1.0,0.23290477656467234,1.0,0.0,cartpole_sensor_noise
cartpole,ppo,23,340,0.08268651812666869,0.2739821598155582,0.013661129065817498,-0.17958219987682764,1,push_left,0.10068788306858,0.8359375064979613,0.0633746104334586,1.0,0.24685061506668965,1.0,0.0,cartpole_sensor_noise
cartpole,ppo,23,341,0.05227115685394095,0.0446540678528442,-0.03208351280477872,-0.10660147684447938,2,stabilize,0.21423863225204162,0.2620943880997012,0.5236669796482571,1.0,0.11616625718220754,1.0,0.0,cartpole_sensor_noise
cartpole,ppo,23,342,0.025280893873426743,0.005627603688967506,-0.09580429149657345,-0.021850533075442602,2,push_right,0.19134577114047568,0.12983608952606535,0.678818139333459,1.0,0.15037780577658083,1.0,0.0,cartpole_sensor_noise
cartpole,ppo,23,343,0.10717327776593621,0.13048609793014398,-0.07829017691621656,-0.018574233810547923,0,push_left,0.20139881473768093,0.5186045773347275,0.27999660792759157,1.0,0.23734091328742438,1.0,0.0,cartpole_sensor_noise
cartpole,ppo,23,344,-0.04420438846922928,-0.05000093687034683,-0.08144192202788753,-0.047384094222931085,2,stabilize,0.13954951250401326,0.04673568044829071,0.8137148070476959,1.0,0.14372110188744006,1.0,0.0,cartpole_sensor_noise
cartpole,ppo,23,345,-0.04774465550966859,-0.14499628500395378,-0.0750063595752812,0.06021557587840207,2,stabilize,0.08567130402767639,0.011306829320046317,0.9030218666522773,1.0,0.2599362841166656,1.0,0.0,cartpole_sensor_noise
cartpole,ppo,23,346,0.1776760263215356,-0.01901702710721522,-0.05296679861075256,0.04031903508828557,2,stabilize,0.21274424449616694,0.19798999182734422,0.5892657636764889,1.0,0.2300688418669823,1.0,0.0,cartpole_sensor_noise
cartpole,ppo,23,347,0.016642388208238802,-0.07899277089669983,-0.17021641442689664,0.1385803048840448,2,stabilize,0.12776479719813216,0.03181442885610561,0.8404207739457622,1.0,0.18024459449484773,1.0,0.0,cartpole_sensor_noise
cartpole,ppo,23,348,-0.033524060032762544,-0.008006552729582273,-0.08487921363211029,0.005727151717340754,2,stabilize,0.15226791406391513,0.06084548647279595,0.7868865994632889,1.0,0.0802659755374351,1.0,0.0,cartpole_sensor_noise
cartpole,ppo,23,349,-0.09346089130344579,-0.014754453003675123,-0.12198889257811502,0.04350996072648046,2,stabilize,0.12667333568573624,0.03458331081869185,0.8387433534955719,1.0,0.1303186285344145,1.0,0.0,cartpole_sensor_noise
cartpole,ppo,23,350,-0.03050088538732533,0.0831714648976373,-0.0787126445762365,0.00405538481698528,2,stabilize,0.19600181992189833,0.15309089753279848,0.6509072825453033,1.0,0.25261759804253553,1.0,0.0,cartpole_sensor_noise
cartpole,ppo,23,351,-0.1344946553302828,-0.1356975132255911,-0.12830074820914647,0.055420129995140684,2,stabilize,0.07745391492547711,0.008547312162930566,0.9139987729115923,1.0,0.21750994217180392,1.0,0.0,cartpole_sensor_noise
cartpole,ppo,23,352,-0.10093143715613782,-0.08334544663134173,0.06583646175315913,-0.02043558937221602,2,stabilize,0.08364222952507831,0.01214178997082416,0.9042159805040975,1.0,0.29019535983177086,1.0,0.0,cartpole_sensor_noise
cartpole,ppo,23,353,0.10973577752614622,-0.01968134924108131,-0.0708961866006707,0.11026918140349352,0,push_right,0.1768655321754309,0.09256651985452392,0.7305679479700451,1.0,0.2717312066085677,1.0,0.0,cartpole_sensor_noise
cartpole,ppo,23,354,-0.0470191280076561,0.027719269698830203,0.08313429706653028,-0.042353030811499125,2,stabilize,0.1390303862575172,0.053274362308153134,0.8076952514343296,1.0,0.3194012274080125,1.0,0.0,cartpole_sensor_noise
cartpole,ppo,23,355,0.069213770628503,-0.13183744533951336,0.10251458248190512,0.20799296290074853,2,stabilize,0.07620338484696129,0.008730453948886278,0.9150661612041525,1.0,0.37527064088725215,1.0,0.0,cartpole_sensor_noise
cartpole,ppo,23,356,0.025767431171738114,-0.06077301960234225,0.02067126515046993,-0.1486468950828602,1,push_right,0.16244062678209065,0.08010509226386127,0.7574542809540481,1.0,0.0974807347893404,1.0,0.0,cartpole_sensor_noise
cartpole,ppo,23,357,-0.06430126963740469,-0.08736759300421605,0.025187893763161884,-0.12290876148366162,2,push_left,0.11234376798292156,0.026968177710255146,0.8606880543068234,1.0,0.29547418934188413,1.0,0.0,cartpole_sensor_noise
cartpole,ppo,23,358,-0.036840382333608125,-0.00658258725764069,-0.11037182052765619,0.12538188059462807,2,stabilize,0.13106694790654297,0.03736697585093889,0.8315660762425181,1.0,0.0873995831740384,1.0,0.0,cartpole_sensor_noise
cartpole,ppo,23,359,-0.012781386798428725,0.004575125940759761,-0.12054822152221845,0.0427271882183692,2,stabilize,0.1662538810292418,0.07748108950415676,0.7562650294666016,1.0,0.19648825498976719,1.0,0.0,cartpole_sensor_noise
cartpole,ppo,23,360,0.012973895581555851,-0.0016501286568310137,0.025106026741731055,-0.08646408836913863,1,push_right,0.17059609742470727,0.09616212709101345,0.7332417754842793,1.0,0.16493561802154585,1.0,0.0,cartpole_sensor_noise
cartpole,ppo,23,361,0.05310851962686084,0.1415651507390187,0.08600464431349002,-0.12352771164464509,2,stabilize,0.2059727749338888,0.41471314154865635,0.37931408351745494,1.0,0.29909147813327186,1.0,0.0,cartpole_sensor_noise
cartpole,ppo,23,362,0.1417359092083868,-0.07431137769652636,0.05655160474847703,0.06121735876024807,2,push_left,0.1455430845852057,0.05358887180297569,0.8008680436118185,1.0,0.2626965567820321,1.0,0.0,cartpole_sensor_noise
cartpole,ppo,23,363,0.01760861248522893,-0.06744710773873196,-0.17273402562731194,0.09256822245584842,0,stabilize,0.14339096341930158,0.04499620749534642,0.8116128290853519,1.0,0.31059048560859037,1.0,0.0,cartpole_sensor_noise
cartpole,ppo,23,364,-0.01008936633538933,0.07885813996956269,0.07720023556112902,-0.016183381196857666,2,stabilize,0.17258337721813835,0.10690220752515918,0.7205144152567025,1.0,0.13103882003581643,1.0,0.0,cartpole_sensor_noise
cartpole,ppo,23,365,0.03246383566164904,0.02881603535142037,-0.01591564303208637,0.048512973224228595,2,stabilize,0.17123773664772507,0.0921343735966004,0.7366278897556745,1.0,0.11336389463118408,1.0,0.0,cartpole_sensor_noise
cartpole,ppo,23,366,0.017986710040871618,0.038926535316054396,0.09255011769934635,0.0206787859875378,2,stabilize,0.15279803226155927,0.06988879093775438,0.7773131768006862,1.0,0.12329354225728502,1.0,0.0,cartpole_sensor_noise
cartpole,ppo,23,367,-0.0002608624255411334,-0.06376141838136809,0.04334666401646858,-0.02293919164261904,0,push_left,0.11982384839384813,0.03194653091439769,0.8482296206917542,1.0,0.2165687809248609,1.0,0.0,cartpole_sensor_noise
cartpole,ppo,23,368,-0.09890985133175695,-0.17562134143533709,0.008678279630085457,0.13021391670801097,0,push_left,0.05849211818480906,0.004207349538711424,0.9373005322764795,1.0,0.1303271833381298,1.0,0.0,cartpole_sensor_noise
cartpole,ppo,23,369,-0.05385305991455949,-0.13068381679092433,-0.04749282496338826,0.22911025714394162,2,stabilize,0.0683130010238312,0.0061012588662389304,0.9255857401099299,1.0,0.1791675980204014,1.0,0.0,cartpole_sensor_noise
cartpole,ppo,23,370,0.004546529431705337,-0.14857209881317374,0.12077822575885683,0.23655196391805378,0,push_left,0.06017702075024617,0.004690742270456304,0.9351322369792975,1.0,0.1790764510637972,1.0,0.0,cartpole_sensor_noise
cartpole,ppo,23,371,0.0065838329230425725,-0.22963600747068144,0.25018188215450643,0.14302356638718278,2,stabilize,0.04888116971199655,0.0028307921885017255,0.9482880380995018,1.0,0.20759207115630962,1.0,0.0,cartpole_sensor_noise
cartpole,ppo,23,372,0.03214664534858066,-0.06808587541913752,0.37772601645355924,0.15168724158290497,2,stabilize,0.0640786396706647,0.006671923009143035,0.9292494373201924,1.0,0.20598843278528814,1.0,0.0,cartpole_sensor_noise
cartpole,ppo,23,373,-0.13092303088142498,-0.06918095181347038,0.2771336143252591,0.07605996755210814,2,stabilize,0.05595102439285848,0.004570245667681611,0.9394787299394599,1.0,0.26552734506785663,1.0,0.0,cartpole_sensor_noise
cartpole,ppo,23,374,0.07469278459250107,-0.04437640719341624,0.40480592191546805,-0.030295210255837896,2,stabilize,0.09378931892620274,0.01978271727526811,0.8864279637985291,1.0,0.1432887989835442,1.0,0.0,cartpole_sensor_noise
cartpole,ppo,23,375,0.018964733671450587,-0.020765194305794474,0.510194614078827,-0.10620172147035431,2,stabilize,0.08535181878744051,0.01662800212275985,0.8980201790897997,1.0,0.22128040739836596,1.0,0.0,cartpole_sensor_noise
cartpole,ppo,23,376,-0.07812776545719227,0.12655250615918748,0.3804319832942272,-0.07462292964877267,2,stabilize,0.12163341181932483,0.04515707135299348,0.8332095168276819,1.0,0.15093287373381595,1.0,0.0,cartpole_sensor_noise
cartpole,ppo,23,377,-0.015361914138653737,0.03685778506958952,0.3139476745482689,0.0052261403585759855,2,stabilize,0.10363848806241122,0.025932078535122874,0.8704294334024658,1.0,0.19355577804309593,1.0,0.0,cartpole_sensor_noise
cartpole,ppo,23,378,-0.05113400314593969,0.1377070655587429,0.2526250383322639,-0.14394876964395292,0,push_right,0.17467744585462877,0.13672963036242242,0.6885929237829489,1.0,0.08021085514935127,1.0,0.0,cartpole_sensor_noise
cartpole,ppo,23,379,0.002199482946716881,0.09687724669859941,0.29646201476181316,-0.1447010557315771,0,push_left,0.1673248518642756,0.11650760923879448,0.71616753889693,1.0,0.0800461745240212,1.0,0.0,cartpole_sensor_noise
cartpole,ppo,23,380,-0.005100352919754851,0.06309046213314087,0.31266177700825615,-0.07434394277106225,0,push_left,0.13156320541373712,0.052741545657181026,0.8156952489290819,1.0,0.17380922750644073,1.0,0.0,cartpole_sensor_noise
cartpole,ppo,23,381,-0.010507812059015563,-0.003803144053956653,0.1527640373657011,-0.0861068191425155,2,stabilize,0.13359601012218084,0.04886000671973593,0.8175439831580833,1.0,0.19147024818334146,1.0,0.0,cartpole_sensor_noise
cartpole,ppo,23,382,-0.06577799532419666,0.1579304650439174,0.14807770562364928,-0.1722830383923943,2,stabilize,0.19920407461442416,0.2400651127260214,0.5607308126595544,1.0,0.2562143705521886,1.0,0.0,cartpole_sensor_noise
cartpole,ppo,23,383,-0.07034021554805812,0.13111994917025938,0.15068496762416175,0.08247054499267256,2,stabilize,0.13718056934450445,0.054553263758433654,0.8082661668970619,1.0,0.25425667265491697,1.0,0.0,cartpole_sensor_noise
cartpole,ppo,23,384,0.11802893013718549,0.015249639195739255,0.10108442076589698,-0.03275695849989983,2,stabilize,0.1898939848141097,0.14647991349706424,0.6636261016888261,1.0,0.2021703166831677,1.0,0.0,cartpole_sensor_noise
cartpole,ppo,23,385,-0.010435229810540974,-0.03992884318231632,-0.0040622284252313096,-0.13409458134072672,2,stabilize,0.16033793854500622,0.07664506361398905,0.7630169978410046,1.0,0.18018406826709943,1.0,0.0,cartpole_sensor_noise
cartpole,ppo,23,386,-0.08899764932292915,0.025881795882168032,0.12753921779778937,-0.06594574543301773,2,stabilize,0.12024011107683694,0.03626400157173484,0.8434958873514282,1.0,0.1343028578427359,1.0,0.0,cartpole_sensor_noise
cartpole,ppo,23,387,-0.14138622483292454,0.04133832163689204,0.006070122431295975,-0.08323879210498776,2,stabilize,0.13527839516340623,0.04834383190905949,0.8163777729275342,1.0,0.22950466788780854,1.0,0.0,cartpole_sensor_noise
cartpole,ppo,23,388,0.06413658468825274,-0.02305513957182503,0.04885335772714139,-0.01648668142677058,2,stabilize,0.1590166490690028,0.07457693571897023,0.766406415212027,1.0,0.15958773556089162,1.0,0.0,cartpole_sensor_noise
cartpole,ppo,23,389,-0.011496232800586025,0.09165895416383205,0.12999408623779773,-0.014300100689656583,2,stabilize,0.16625519083567877,0.09821877268756951,0.7355260364767517,1.0,0.17838431693438717,1.0,0.0,cartpole_sensor_noise
cartpole,ppo,23,390,0.06880925496753244,0.16103135197317422,-0.011297027545460706,0.010118841763716774,2,stabilize,0.21077951736373296,0.42217299256079993,0.3670474900754671,1.0,0.23450606479077454,1.0,0.0,cartpole_sensor_noise
cartpole,ppo,23,391,-0.04749485049203014,-0.037964635875566255,0.031718335854823865,0.01420843936632817,2,stabilize,0.11038349917804184,0.025515986313117803,0.8641005145088403,1.0,0.27422429568793977,1.0,0.0,cartpole_sensor_noise
cartpole,ppo,23,392,0.03772423612836053,0.16927809882848166,-0.08021618433119328,0.12582288164082372,0,push_left,0.21893160375864879,0.30747410345469833,0.4735942927866528,1.0,0.22933809722789078,1.0,0.0,cartpole_sensor_noise
cartpole,ppo,23,393,0.08318248573977702,-0.02120723080074377,0.03808795697088836,0.11004379012077514,2,stabilize,0.141238332216861,0.04973254387271713,0.8090291239104219,1.0,0.2457411820498354,1.0,0.0,cartpole_sensor_noise
cartpole,ppo,23,394,0.10159643757419462,-0.018392903960751304,0.2758021463206508,0.05059886872867424,2,stabilize,0.1159871105230803,0.032994371027552545,0.851018518449367,1.0,0.21826130151716336,1.0,0.0,cartpole_sensor_noise
cartpole,ppo,23,395,-0.0008895400444374688,-0.03666612242129013,0.1228967550369499,-0.0652486644129127,2,stabilize,0.12435479370895978,0.038113942242114666,0.8375312640489255,1.0,0.14544903446667795,1.0,0.0,cartpole_sensor_noise
cartpole,ppo,23,396,-0.08653934907095254,0.0653990814635377,0.1806229760445785,-0.07360984884679003,2,stabilize,0.12920593646808082,0.046944825942283885,0.8238492375896354,1.0,0.15112909860890159,1.0,0.0,cartpole_sensor_noise
cartpole,ppo,23,397,0.02376903330905086,0.03278565963067403,0.12218481328230268,0.005088379039023965,2,stabilize,0.14929648747116792,0.06629705056759064,0.7844064619612414,1.0,0.2020510462083952,1.0,0.0,cartpole_sensor_noise
cartpole,ppo,23,398,-0.09280122649049097,0.17421546256160453,0.07561766363203669,-0.06608121573671065,2,stabilize,0.19410184376218667,0.18663179809944183,0.6192663581383715,1.0,0.08834322038677293,1.0,0.0,cartpole_sensor_noise
cartpole,ppo,23,399,-0.017994564097915763,0.12924641977738938,0.06224221159158409,-0.0687960497600332,2,stabilize,0.20242329087004235,0.21869245124286218,0.5788842578870955,1.0,0.17329260628076396,1.0,0.0,cartpole_sensor_noise
cartpole,ppo,23,400,-0.0633874146365008,0.046421069802163664,0.07236532709481172,-0.21373500396335027,2,stabilize,0.1818418465175187,0.13543338087033055,0.6827247726121507,1.0,0.15886958408126284,1.0,0.0,cartpole_sensor_noise
cartpole,ppo,23,401,0.011161117952369163,0.13100192504986502,0.04861512372743379,-0.1043546227216705,1,push_right,0.2106694330388016,0.3189844908404528,0.4703460761207457,1.0,0.030604062714568753,0.0,0.0,none
cartpole,ppo,23,402,0.026992717757821083,0.12634683648745218,0.033869007980197596,-0.08321576459067208,0,push_left,0.21197922499537103,0.325179975177726,0.462840799826903,1.0,0.11007990224885994,0.0,0.0,none
cartpole,ppo,23,403,0.03015138829747836,0.06127270062764486,0.006064215812805445,0.0010448908433318138,2,stabilize,0.19114165935519006,0.14448158983729545,0.6643767508075146,1.0,0.10585712951815195,0.0,0.0,none
cartpole,ppo,23,404,0.031683205937345825,0.1263072689374288,0.006413343973760104,-0.08246420110974993,2,stabilize,0.21285051033893515,0.35812390386772314,0.4290255857933417,1.0,0.1096059449828601,0.0,0.0,none
cartpole,ppo,23,405,0.034840889275074005,0.0612602432568868,-0.021140326730249036,0.0012804816610046796,2,stabilize,0.19823342388777215,0.16426961763087558,0.6374969584813522,1.0,0.10562292275078855,0.0,0.0,none
cartpole,ppo,23,406,0.03637239336967468,-0.0037591438740491867,-0.02071248069583374,0.08450399126325335,2,stabilize,0.14967180119237436,0.05834451721873391,0.7919836815888917,1.0,0.10994777304047067,0.0,0.0,none
cartpole,ppo,23,407,0.03627841671307882,0.06130203604698181,0.0075227419816864425,0.000490188631894333,2,stabilize,0.1931243789393036,0.15070597756375914,0.6561696434969372,1.0,0.10583402748682433,0.0,0.0,none
cartpole,ppo,23,408,0.03781096699337165,0.12633514404296875,0.007686528615066715,-0.08299131052834648,0,push_left,0.21249377012910906,0.3694071540720368,0.41809907579885425,1.0,0.10966944867819045,0.0,0.0,none
cartpole,ppo,23,409,0.04096934571862221,0.06128685176372528,-0.020043266523709444,0.0007773635110684804,2,stabilize,0.20012128802397164,0.17135646373536534,0.6285222482406629,1.0,0.10563946183438559,0.0,0.0,none
cartpole,ppo,23,410,0.04250151726106803,-0.0037336436410744986,-0.019783527548102604,0.08402167899268013,2,stabilize,0.15198093296085294,0.06109039754561688,0.7869286694935302,1.0,0.10989260914722744,0.0,0.0,none
cartpole,ppo,23,411,0.0424081739038229,0.06132662296295166,0.008290544094468928,2.5339530631234603e-05,0,push_left,0.19517948428186047,0.1574656493461654,0.6473548663719743,1.0,0.10607932754673552,0.0,0.0,none
cartpole,ppo,23,412,0.04394134196142356,-0.0037223175168037415,0.008299011016944713,0.08380545888628278,1,push_right,0.1465198666461348,0.055708885133827095,0.7977712482200382,1.0,0.1094533703137587,0.0,0.0,none
cartpole,ppo,23,413,0.04384828420976798,0.061310057838757835,0.03630083569976766,0.00033858172329408783,2,stabilize,0.1898967890017742,0.14390672269056215,0.6661964883076638,1.0,0.10538576591785172,0.0,0.0,none
cartpole,ppo,23,414,0.04538103317221006,0.12631407380104065,0.03641396583122399,-0.08259678738457817,2,stabilize,0.2118375648766956,0.35648435036579545,0.43167808475750896,1.0,0.11006581106447855,0.0,0.0,none
cartpole,ppo,23,415,0.048538887252410255,0.061237444480260216,0.008815994512885453,0.0017115456451262747,2,stabilize,0.19677997998105656,0.16283984108680152,0.6403801789321418,1.0,0.10581532590839457,0.0,0.0,none
cartpole,ppo,23,416,0.05006982324024042,0.12626925110816956,0.009387871583919252,-0.08174548830304827,0,push_left,0.21160244236050035,0.3899045044100684,0.3984930532294312,1.0,0.10959040956375306,0.0,0.0,none
cartpole,ppo,23,417,0.05322655042012533,0.06121926506360372,-0.01792565681627087,0.0020552481125508037,2,stabilize,0.20328889877251718,0.1842260498916504,0.6124850513358324,1.0,0.10567431301788396,0.0,0.0,none
cartpole,ppo,23,418,0.05475703626871109,-0.0038033646220962205,-0.01723893978110646,0.08533972501754761,2,stabilize,0.15591777904665868,0.06599694359573556,0.7780852773576058,1.0,0.1099679252393999,0.0,0.0,none
cartpole,ppo,23,419,0.05466194823384285,0.06125438213348389,0.011275529079050325,0.0013912277562277658,1,push_right,0.19837286487435157,0.16891781115821938,0.6327093239674291,1.0,0.10577657355419566,0.0,0.0,none
cartpole,ppo,23,420,0.05619330952564876,0.12628371516863504,0.011740377959673047,-0.08201925243650164,1,push_right,0.21093960673991255,0.4000517268147364,0.38900866644535104,1.0,0.10929600561436945,0.0,0.0,none
cartpole,ppo,23,421,0.05935040613015493,0.1913126508394877,-0.01566462343234151,-0.1654210090637207,0,push_left,0.15578361896355206,0.6891973359851405,0.15501904505130729,1.0,0.11937198520458979,0.0,0.0,none
cartpole,ppo,23,422,0.06413321942090988,0.12628737092018127,-0.07093655999065299,-0.08209321328571864,0,push_left,0.20353838143151412,0.49606060376423483,0.30040101480425097,1.0,0.10840818813033914,0.0,0.0,none
cartpole,ppo,23,423,0.06729040294885635,0.061318407456080117,-0.09836627254907158,0.00018079294490494898,2,stabilize,0.21888189303741154,0.2644281990165566,0.5166899079460319,1.0,0.1044124246343882,0.0,0.0,none
cartpole,ppo,23,424,0.0688233661154906,-0.0036217359205087027,-0.09830586772260917,0.08192660978862218,2,stabilize,0.181157089219701,0.10115537612811873,0.7176875346521803,1.0,0.11088443693077454,0.0,0.0,none
cartpole,ppo,23,425,0.06873282293478648,0.061514769991238914,-0.0709318211368843,-0.003532429092696735,1,push_right,0.21619099055624472,0.24935936556234212,0.5344496438814131,1.0,0.10705186572291854,0.0,0.0,none
cartpole,ppo,23,426,0.07027069106698036,0.12662539879480997,-0.07211210690705475,-0.08848506212234497,0,push_left,0.19995719184320548,0.5181802149761775,0.28186259318061696,1.0,0.10895077691595056,0.0,0.0,none
cartpole,ppo,23,427,0.07343632479508719,0.061657567818959556,-0.1016775221699462,-0.006233510694333485,0,push_left,0.22039493551274328,0.2851087440931471,0.4944963203941095,1.0,0.10438114529544261,0.0,0.0,none
cartpole,ppo,23,428,0.07497776299715042,-0.0032791284223397574,-0.10376031508309176,0.07544840233666557,2,stabilize,0.18659736908539776,0.11186658413353678,0.7015360467810655,1.0,0.11045113212482593,0.0,0.0,none
cartpole,ppo,23,429,0.07489578798413277,0.06186266243457794,-0.0785508310880183,-0.010111371321337563,0,push_left,0.21855972482455957,0.27309090794560037,0.50834936722984,1.0,0.10477881638382419,0.0,0.0,none
cartpole,ppo,23,430,0.07644235466917357,-0.003098053236802419,-0.0819293315342332,0.07201596668788365,2,stabilize,0.1830083206619954,0.10630182566575724,0.7106898536722474,1.0,0.10986967806454428,0.0,0.0,none
cartpole,ppo,23,431,0.07636489967505138,0.06202287475268046,-0.05786671683298944,-0.013140333550316947,1,push_right,0.21676542376074837,0.26234479565514035,0.5208897805841114,1.0,0.10693506339906003,0.0,0.0,none
cartpole,ppo,23,432,0.07791547104716301,0.1271207630634308,-0.062257282631493986,-0.0978497862815857,1,push_right,0.19625749418369054,0.5366405598574254,0.2671019459588841,1.0,0.111833378301915,0.0,0.0,none
cartpole,ppo,23,433,0.08109349136551222,0.19222245613733926,-0.09495171947240261,-0.1826403992516654,1,push_right,0.12497836008643325,0.7831616503014676,0.09185998961209922,1.0,0.123618253574938,0.0,0.0,none
cartpole,ppo,23,434,0.08589905376235644,0.25735364357630414,-0.15597715796035913,-0.26803479875837055,1,push_right,0.06742266425457112,0.9055213688836214,0.02705596686180727,1.0,0.1406911192012162,0.0,0.0,none
cartpole,ppo,23,435,0.09233289708693823,0.3225359519322713,-0.2455353238986614,-0.3545402799333845,1,push_right,0.037737528114298036,0.9534304902855447,0.008831981600157185,1.0,0.1616070161738114,0.0,0.0,none
cartpole,ppo,23,436,0.1003962941467762,0.3877837260564168,-0.36399745713554876,-0.4426382950374058,1,push_right,0.023890235712960846,0.9725120837651231,0.003597680521916072,1.0,0.18535976055419157,0.0,0.0,none
cartpole,ppo,23,437,0.1100908840696017,0.4531002839406331,-0.5118957140565203,-0.5327721323285785,1,push_right,0.01726041104842704,0.9808856364844408,0.001853952467132108,1.0,0.21132566496319313,0.0,0.0,none
cartpole,ppo,23,438,0.1214183991154035,0.5184738636016846,-0.6899102490955435,-0.6253320830208915,1,push_right,0.013904767070649237,0.984931150956903,0.0011640819724477395,1.0,0.23913319000922573,0.0,0.0,none
cartpole,ppo,23,439,0.13438023626804352,0.5838722387949625,-0.8988517707742769,-0.7206377301897321,1,push_right,0.01212012732572288,0.9870336926185077,0.000846180055769397,0.0,1.2739615327459284,0.0,0.0,none
cartpole,ppo,23,440,0.014394357179601988,0.008004674687981606,-0.03422127463154691,0.006941838988236019,2,stabilize,0.1675715580165589,0.08503966124651954,0.7473887807369216,1.0,0.10543272943407202,0.0,0.0,none
cartpole,ppo,23,441,0.014594473565618198,-0.057001461585362755,-0.03190180575719597,0.08991679123469762,2,stabilize,0.11960416318197092,0.02954806565432657,0.8508477711637025,1.0,0.11060149080482798,0.0,0.0,none
cartpole,ppo,23,442,0.01316943671554327,0.00807071104645729,-0.0018580104857861001,0.0056930312088557655,1,push_right,0.16010943314405676,0.0751636596225628,0.7647269072333803,1.0,0.10598574559632101,0.0,0.0,none
cartpole,ppo,23,443,0.013371204646925133,0.07311322291692098,4.4195646919401226e-05,-0.07796574490410942,2,stabilize,0.2051734279470725,0.2086106822601518,0.5862158897927757,1.0,0.10911154371591411,0.0,0.0,none
cartpole,ppo,23,444,0.015199035406112671,0.00807252712547779,-0.026006411609900026,0.0056587835507733485,2,stabilize,0.16636220314175787,0.08355706680080943,0.7500807300574326,1.0,0.10555226708436247,0.0,0.0,none
cartpole,ppo,23,445,0.015400848351418972,-0.05694193641344706,-0.024115648965277934,0.08878991433552333,2,stabilize,0.11870779156294078,0.02907684422792999,0.8522153642091294,1.0,0.11038399478683251,0.0,0.0,none
cartpole,ppo,23,446,0.01397730006525914,0.008122583851218224,0.00555162498091741,0.004712206976754325,2,stabilize,0.1590319231870377,0.07395685583944553,0.7670112209735168,1.0,0.10586533923314366,0.0,0.0,none
cartpole,ppo,23,447,0.014180365639428299,0.0731576681137085,0.0071261091455639405,-0.07880657911300659,1,push_right,0.2043677431869367,0.2057286628823309,0.5899035939307323,1.0,0.109070977535267,0.0,0.0,none
cartpole,ppo,23,448,0.01600930622468392,0.13819120327631632,-0.0192054429564954,-0.16229563099997385,1,push_right,0.20158312361313752,0.4835631480688172,0.31485372831804537,1.0,0.11932640217680943,0.0,0.0,none
cartpole,ppo,23,449,0.019464087672531605,0.20325058698654175,-0.07343310018143392,-0.24628070422581264,1,push_right,0.13106657386539866,0.7640352370321052,0.1048981891024961,1.0,0.13513194096705836,0.0,0.0,none
cartpole,ppo,23,450,0.024545351043343544,0.2683599392573039,-0.15572259349299503,-0.3312750203268869,1,push_right,0.06876654643952021,0.9026148739962159,0.0286185795642638,1.0,0.15500431658101615,0.0,0.0,none
cartpole,ppo,23,451,0.03125435051818689,0.33353710174560547,-0.26641115724044656,-0.41776956830705914,1,push_right,0.037470736346640825,0.953751480562445,0.008777783090914294,1.0,0.1778661838045625,0.0,0.0,none
cartpole,ppo,23,452,0.03959277644753456,0.3987903594970703,-0.40600002523253814,-0.5062218734196254,1,push_right,0.023450409806207554,0.9730832863981724,0.0034663037956200425,1.0,0.20303815615782309,0.0,0.0,none
cartpole,ppo,23,453,0.04956253804266453,0.4641144275665283,-0.5751433904529472,-0.5970424924577985,1,push_right,0.01694546132751726,0.9812807469909769,0.0017737916815057614,1.0,0.2301151666935298,0.0,0.0,none
cartpole,ppo,23,454,0.0611653986076514,0.5294857422510783,-0.7746324903356148,-0.6905788694109235,1,push_right,0.013725113499936936,0.9851553203971988,0.001119566102864342,0.0,1.0633596859851737,0.0,0.0,none
cartpole,ppo,23,455,-0.019603014613191288,-0.00687689334154129,-0.173744498829853,-0.0010434968530067376,0,push_left,0.1805891783616958,0.09873354428583785,0.7206772773524664,1.0,0.10320809339404628,0.0,0.0,none
cartpole,ppo,23,456,-0.019774936760465305,-0.07173740367094676,-0.17409316466361072,0.07923647335597447,2,stabilize,0.13083619708641137,0.03484380855999588,0.8343199943535927,1.0,0.11179597739644555,0.0,0.0,none
cartpole,ppo,23,457,-0.021568372224768005,-0.006529809286197026,-0.14761796216691594,-0.007609122033630099,2,stabilize,0.17536636028407815,0.09139526521448152,0.7332383745014404,1.0,0.10365384866488621,0.0,0.0,none
cartpole,ppo,23,458,-0.021731617550055187,-0.07141818106174469,-0.15016038833199366,0.07318152700151716,2,stabilize,0.12683263335161005,0.03247214945516374,0.8406952171932262,1.0,0.11098216594263,0.0,0.0,none
cartpole,ppo,23,459,-0.023517071579893432,-0.006232631082336108,-0.1257083296491309,-0.013229086995124817,2,stabilize,0.1709308910791642,0.08550312227900667,0.7435659866418292,1.0,0.10406362046869372,0.0,0.0,none
cartpole,ppo,23,460,-0.023672886503239475,-0.07114416857560475,-0.13012855107004717,0.06798770172255379,2,stabilize,0.12351025066139998,0.030576229329631447,0.8459135200089686,1.0,0.11031589220672386,0.0,0.0,none
cartpole,ppo,23,461,-0.02545149065554142,-0.005977300306161244,-0.10741189975727146,-0.018056854605674744,2,stabilize,0.16717283110315814,0.08073599833292307,0.7520911705639187,1.0,0.10443312837723275,0.0,0.0,none
cartpole,ppo,23,462,-0.025600924467047058,-0.07090803484121959,-0.11344521633195992,0.06351430927004133,2,stabilize,0.12074732454213788,0.029047365284723004,0.850205310173139,1.0,0.10976906448753122,0.0,0.0,none
cartpole,ppo,23,463,-0.027373625586430233,-0.005756886055072148,-0.09222325106509262,-0.02222401968070439,1,push_right,0.1639972643566389,0.07685786628895233,0.7591448693544087,1.0,0.10761687456881099,0.0,0.0,none
cartpole,ppo,23,464,-0.027517545968294144,0.059374287724494934,-0.09964893712064248,-0.10757131235940116,1,push_right,0.2108348228263979,0.220780868854289,0.5683843083193131,1.0,0.11333293650810546,0.0,0.0,none
cartpole,ppo,23,465,-0.026033190079033375,0.12451166907946269,-0.13559161372002668,-0.19305462496621267,1,push_right,0.2004013888235203,0.5153482225845443,0.28425038859193547,1.0,0.12584746010226547,0.0,0.0,none
cartpole,ppo,23,466,-0.02292039804160595,0.18967998027801514,-0.20009674007397563,-0.2791944742202759,0,push_left,0.12387397384558141,0.7879086476965467,0.08821737845787193,1.0,0.13890463975416495,0.0,0.0,none
cartpole,ppo,23,467,-0.01817839841047923,0.12483481566111247,-0.29338368154653216,-0.19941563265664236,1,push_right,0.16781956485245408,0.6735787235306655,0.15860171161688047,1.0,0.12895417386289304,0.0,0.0,none
cartpole,ppo,23,468,-0.015057528701921305,0.19014078378677368,-0.36001418826119147,-0.288381610597883,1,push_right,0.09197213018888176,0.8630271088734949,0.04500076093762333,1.0,0.14729964967661907,0.0,0.0,none
cartpole,ppo,23,469,-0.010304008610546589,0.2554885149002075,-0.45637082228512643,-0.37849078859601704,1,push_right,0.04854341250834947,0.938403848037506,0.013052739454144547,1.0,0.16947803304788298,0.0,0.0,none
cartpole,ppo,23,470,-0.003916795443122586,0.3208853602409363,-0.5828355192284596,-0.4702074187142508,1,push_right,0.02875357767954272,0.9665206853894753,0.004725736930981935,1.0,0.1944683227187018,0.0,0.0,none
cartpole,ppo,23,471,0.004105338593944907,0.3863256374994914,-0.7399454321667801,-0.5639497212001255,1,push_right,0.01972369850980678,0.9780480651915695,0.0022282362986238806,1.0,0.22164054596287566,0.0,0.0,none
cartpole,ppo,23,472,0.013763479267557463,0.45178572336832684,-0.9283772658618936,-0.6600729397365025,1,push_right,0.015337436935121589,0.9833432512139161,0.0013193118509623562,0.0,1.3235524675760164,0.0,0.0,none
cartpole,ppo,23,473,0.0072000424067179365,0.016049418598413467,0.13459894388273963,-0.002833633284483637,2,stabilize,0.134752237157734,0.048920025649503374,0.8163277371927626,1.0,0.10383394938316781,0.0,0.0,none
cartpole,ppo,23,474,0.007601277902722359,0.08095156153043111,0.13365214223793412,-0.08387771674564906,2,stabilize,0.1825889420503447,0.13970779565421027,0.677703262295445,1.0,0.11158576934138659,0.0,0.0,none
cartpole,ppo,23,475,0.009625066692630451,0.01578165094057719,0.10562617874088606,0.002231030325804438,2,stabilize,0.1402125674058384,0.053956181453165754,0.8058312511409957,1.0,0.10429013083404545,0.0,0.0,none
cartpole,ppo,23,476,0.010019608307629824,0.08071422576904297,0.10637162800051432,-0.07937461137771606,2,stabilize,0.18787066715498937,0.1530291450756532,0.6591001877693574,1.0,0.1108148212171209,0.0,0.0,none
cartpole,ppo,23,477,0.01203746379663547,0.015570003539323807,0.07985028169320137,0.006233223314796176,2,stabilize,0.14545001015917525,0.05917512528226098,0.7953748645585638,1.0,0.10471392376324228,0.0,0.0,none
cartpole,ppo,23,478,0.012426713947206736,0.08052937189737956,0.08193297680636295,-0.07586913449423653,1,push_right,0.19265160716477234,0.16659194538429484,0.6407564474509327,1.0,0.10770550426531862,0.0,0.0,none
cartpole,ppo,23,479,0.014439948524037998,0.14548697074254355,0.05658290977978764,-0.15793195792606898,0,push_left,0.20564210403923958,0.42033520803256585,0.37402268792819454,1.0,0.11919170809504824,0.0,0.0,none
cartpole,ppo,23,480,0.01807712328930696,0.08039150635401408,0.0038132791658574473,-0.07324795212064471,1,push_right,0.20713358441832758,0.22236035553900937,0.570506060042663,1.0,0.10869085137756174,0.0,0.0,none
cartpole,ppo,23,481,0.020086909644305706,0.14542834957440695,-0.02066097789063943,-0.15679962294442312,2,stabilize,0.19840103362566375,0.5051710907106567,0.2964278756636795,1.0,0.11795533368093755,0.0,0.0,none
cartpole,ppo,23,482,0.02372261912872394,0.08040805657704671,-0.07305225815295036,-0.07356647082737514,2,stabilize,0.21708122561445445,0.2924397779598821,0.4904789964256636,1.0,0.10766264178819296,0.0,0.0,none
cartpole,ppo,23,483,0.02573281992226839,0.015441343188285828,-0.09763294159654787,0.008666853819574629,2,stabilize,0.1897673492939815,0.12511396623128876,0.6851186844747297,1.0,0.10445358178246636,0.0,0.0,none
cartpole,ppo,23,484,0.0261188546816508,-0.049499571323394775,-0.09473709296212846,0.09042682818004064,1,push_right,0.1388401648794818,0.043478382039339764,0.8176814530811785,1.0,0.11157373211849299,0.0,0.0,none
cartpole,ppo,23,485,0.024881364467243355,0.015633410463730495,-0.06452288149649317,0.005033840026174273,2,stabilize,0.1828607877526152,0.11228494119468994,0.7048542710526948,1.0,0.10494725826103078,0.0,0.0,none
cartpole,ppo,23,486,0.025272200194497906,-0.049341763059298195,-0.06284093070855289,0.0874302727835519,2,stabilize,0.13274378810593282,0.03902840553112263,0.8282278063629446,1.0,0.11083568895668959,0.0,0.0,none
cartpole,ppo,23,487,0.024038655683398247,0.015760591874519985,-0.033627951024255774,0.0026286600955895017,2,stabilize,0.17611636487126173,0.10084779716804115,0.7230358379606971,1.0,0.1054206708807585,0.0,0.0,none
cartpole,ppo,23,488,0.024432670325040817,-0.04924614727497101,-0.032749640486405406,0.08561489411762782,1,push_right,0.12700294883464042,0.035087649661907895,0.8379094015034517,1.0,0.11023004611130896,0.0,0.0,none
cartpole,ppo,23,489,0.02320151776075363,0.015826879690090816,-0.004143230750409971,0.0013752252395663942,2,stabilize,0.16941987304353384,0.09043675738164725,0.7401433695748189,1.0,0.10600566766080337,0.0,0.0,none
cartpole,ppo,23,490,0.02359718860437473,0.08087167640527089,-0.003683728361524517,-0.0823266761643546,2,stabilize,0.21041069132769444,0.2461816929111528,0.5434076157611528,1.0,0.10941600336519931,0.0,0.0,none
cartpole,ppo,23,491,0.02561898125956456,0.01583469659090042,-0.031191448909997373,0.0012274423081959998,2,stabilize,0.17655195207846708,0.10190562318329496,0.721542424738238,1.0,0.10545582622187151,0.0,0.0,none
cartpole,ppo,23,492,0.026014849233130615,-0.04917451242605845,-0.03078132467722267,0.08426002093723842,2,stabilize,0.12746715811779444,0.03550027462205323,0.8370325672601524,1.0,0.11008405249011212,0.0,0.0,none
cartpole,ppo,23,493,0.024785486360390983,0.015896583596865337,-0.0026276182863407887,5.723856988229922e-05,1,push_right,0.17004909290711862,0.09166666778836459,0.7382842393045168,1.0,0.1059811666470246,0.0,0.0,none
cartpole,ppo,23,494,0.0251829003294309,0.08093986411889394,-0.002608493110498409,-0.08361606087003436,1,push_right,0.21069620125815988,0.24930746296086098,0.5399963357809792,1.0,0.10961951784846624,0.0,0.0,none
cartpole,ppo,23,495,0.027206397304932278,0.14598310987154642,-0.030547035924716897,-0.16728898457118443,0,push_left,0.19220518254155608,0.5429802830860124,0.26481453437243163,1.0,0.11941801761274864,0.0,0.0,none
cartpole,ppo,23,496,0.030855974182486534,0.08097253243128459,-0.08644312086708507,-0.08424323797225952,1,push_right,0.21838934830615467,0.3306331109860641,0.45097754070778123,1.0,0.11092116932369431,0.0,0.0,none
cartpole,ppo,23,497,0.03288028761744499,0.14609766006469727,-0.11459120987138771,-0.16948296342577254,1,push_right,0.17524024542165792,0.6309585278921497,0.19380122668619243,1.0,0.12173275826521351,0.0,0.0,none
cartpole,ppo,23,498,0.03653272986412048,0.21124754349390665,-0.17122037015268513,-0.25523933342524935,0,push_left,0.10032900940163246,0.841733082618426,0.05793790797994147,1.0,0.1340307256380912,0.0,0.0,none
cartpole,ppo,23,499,0.04181391869982084,0.1463750203450521,-0.25650320090086765,-0.17489794322422572,0,push_left,0.1408344060665586,0.7508730898033378,0.10829250413010351,1.0,0.11751934110632974,0.0,0.0,none
cartpole,ppo,23,500,0.045473293090860054,0.08159789443016052,-0.3149416608855946,-0.09624506746019636,1,push_right,0.19424180958919865,0.5896782619697784,0.21607992844102297,1.0,0.11528517714216822,0.0,0.0,none
cartpole,ppo,23,501,0.04751324032743772,0.14692984024683634,-0.34709989597803087,-0.18559883322034562,1,push_right,0.11753542178219731,0.8113465432365975,0.07111803498120511,1.0,0.1273299830477175,0.0,0.0,none
cartpole,ppo,23,502,0.05118648832043012,0.21228168408075967,-0.4091138344675943,-0.27550344807761057,1,push_right,0.06313584768217075,0.9156106645967407,0.021253487721088534,1.0,0.1450853960235653,0.0,0.0,none
cartpole,ppo,23,503,0.0564935306708018,0.27766911188761395,-0.501167482578669,-0.36645518030439106,1,push_right,0.03602215862867188,0.9567063765963132,0.007271464775015095,1.0,0.16694722623909417,0.0,0.0,none
cartpole,ppo,23,504,0.06343525523940723,0.34309935569763184,-0.6236107508720817,-0.45891986574445454,1,push_right,0.023356920240530765,0.9735148300700419,0.003128249689427282,1.0,0.19178961878267153,0.0,0.0,none
cartpole,ppo,23,505,0.07201274236043295,0.4085668722788493,-0.7769491052286153,-0.5533181599208287,1,push_right,0.017217896549101358,0.9810907655623015,0.0016913378885973621,1.0,0.21891015067728473,0.0,0.0,none
cartpole,ppo,23,506,0.08222691093881926,0.4740484952926636,-0.9618287012514465,-0.6500084740774972,1,push_right,0.014064153180565472,0.984834716244826,0.0011011305746086535,0.0,1.3984896759863485,0.0,0.0,none
cartpole,ppo,23,507,0.017925629702707134,0.009148123984535536,0.1913953332457167,-0.01315630120890481,2,stabilize,0.12680770391586835,0.04228008139260217,0.8309122146915294,1.0,0.1030202107533744,0.0,0.0,none
cartpole,ppo,23,508,0.018154333035151165,0.07398969928423564,0.18699943734808583,-0.093089759349823,2,stabilize,0.17433563553797285,0.12163069218374623,0.7040336722782811,1.0,0.11316850603900187,0.0,0.0,none
cartpole,ppo,23,509,0.020004076262315117,0.00877062976360321,0.1558954505192067,-0.006011035293340683,2,stabilize,0.13261249022251317,0.04704875769131562,0.8203387520861712,1.0,0.10351086705046439,0.0,0.0,none
cartpole,ppo,23,510,0.02022334064046542,0.07365020116170247,0.15388699448478535,-0.08664017915725708,2,stabilize,0.1803738553654803,0.13451094477069722,0.6851151998638224,1.0,0.11211369807153898,0.0,0.0,none
cartpole,ppo,23,511,0.02206459641456604,0.008461459229389826,0.12493800362994392,-0.00016200314608535597,2,stabilize,0.13806907875275104,0.05189143655319988,0.8100394846940492,1.0,0.10398195947726269,0.0,0.0,none
cartpole,ppo,23,512,0.022276132367551327,0.0733737846215566,0.1248838757842708,-0.08139371020453316,1,push_right,0.18575930800816942,0.14734170487398032,0.6668989871178501,1.0,0.1074969724167925,0.0,0.0,none
cartpole,ppo,23,513,0.024110477728148304,0.13828685879707336,0.09768788740572326,-0.16262735639299666,2,stabilize,0.206557130879484,0.3867951704896909,0.40664769863082517,1.0,0.12044934586890021,0.0,0.0,none
cartpole,ppo,23,514,0.027567648018399876,0.073152557015419,0.04334938945804405,-0.07718179907117571,0,push_left,0.20170219161131717,0.19837983189671196,0.5999179764919709,1.0,0.10969983520337591,0.0,0.0,none
cartpole,ppo,23,515,0.029396461322903633,0.008069099858403206,0.017560719510180286,0.007256328527416501,2,stabilize,0.16185950172286076,0.0785665459168446,0.7595739523602947,1.0,0.1056946882860032,0.0,0.0,none
cartpole,ppo,23,516,0.02959818889697393,0.07309209803740184,0.01998526891048882,-0.07603507382529122,2,stabilize,0.20580669768195753,0.21607924390040859,0.578114058417634,1.0,0.10925965976190824,0.0,0.0,none
cartpole,ppo,23,517,0.031425493458906814,0.008031614124774933,-0.005420244594498011,0.007965090019362313,2,stabilize,0.16765057153666965,0.08659483588551393,0.7457545925778165,1.0,0.10605733349727153,0.0,0.0,none
cartpole,ppo,23,518,0.03162628350158533,0.07307768861452739,-0.0027588780898254073,-0.07576090948922294,2,stabilize,0.209535037873838,0.23534779923613905,0.555117162890023,1.0,0.10889569160543429,0.0,0.0,none
cartpole,ppo,23,519,0.03345322484771411,0.008039787411689758,-0.028072785239373302,0.00781068525144032,2,stabilize,0.17364842472176653,0.09574327608476658,0.7306082991934669,1.0,0.10640661208905333,0.0,0.0,none
cartpole,ppo,23,520,0.03365421978135904,0.07310838500658672,-0.025463008226244435,-0.07634151833398002,2,stabilize,0.21286060539972662,0.25667130055810367,0.5304680940421697,1.0,0.10859783019395976,0.0,0.0,none
cartpole,ppo,23,521,0.03548193102081617,0.00809324843188127,-0.05097091553603835,0.006800089031457901,2,stabilize,0.1799425839430336,0.10638735029163233,0.7136700657653342,1.0,0.10517003388636682,0.0,0.0,none
cartpole,ppo,23,522,0.03568426085015138,-0.0568958173195521,-0.04869880852665139,0.08945572376251221,0,push_left,0.12994528313983106,0.03681832915233899,0.83323638770783,1.0,0.10935510287871092,0.0,0.0,none
cartpole,ppo,23,523,0.03426186429957549,-0.1218875249226888,-0.01880906628964909,0.17215515886034286,2,stabilize,0.08892876731407613,0.0125404273289594,0.8985308053569646,1.0,0.12084272769386198,0.0,0.0,none
cartpole,ppo,23,524,0.03121467617650827,-0.056828578313191734,0.03871294560893339,0.08817759581974574,2,stabilize,0.1129624571651855,0.02624236808644288,0.8607951747483716,1.0,0.10938928846603327,0.0,0.0,none
cartpole,ppo,23,525,0.02979396221538385,0.00817323848605156,0.06817562643411905,0.005287836172751018,1,push_right,0.15142385623188945,0.06596335824308379,0.7826127855250268,1.0,0.10489084926876698,0.0,0.0,none
cartpole,ppo,23,526,0.029998294388254486,0.0731446494658788,0.06994244538087549,-0.07703860316957746,2,stabilize,0.19776617197558916,0.18431336908575616,0.6179204589386548,1.0,0.11008590771335666,0.0,0.0,none
cartpole,ppo,23,527,0.03182690901060899,0.008035331964492798,0.04420162296380519,0.007895195058413915,2,stabilize,0.15676108302276234,0.07223083483288806,0.7710080821443495,1.0,0.10528439942451287,0.0,0.0,none
cartpole,ppo,23,528,0.03202779218554497,0.0730313112338384,0.04683963527685134,-0.07488963433674403,2,stabilize,0.20194658690797218,0.19992868992885066,0.5981247231631771,1.0,0.10957461445726278,0.0,0.0,none
cartpole,ppo,23,529,0.033853575587272644,0.007944430535038313,0.0218168447829943,0.009613741721425737,0,push_left,0.16207521923463342,0.07900612088886841,0.7589186598764981,1.0,0.10632641245846892,0.0,0.0,none
cartpole,ppo,23,530,0.034052186335126564,-0.057117968797683716,0.025029074142827054,0.09364845071520124,2,stabilize,0.11506439372719962,0.027340676156812575,0.8575949301159879,1.0,0.11010034549128327,0.0,0.0,none
cartpole,ppo,23,531,0.03262423910200596,0.007897668207685152,0.056319725577472786,0.0104985311627388,0,push_left,0.15377080872966548,0.06850101738077541,0.7777281738895593,1.0,0.10686762846297206,0.0,0.0,none
cartpole,ppo,23,532,0.03282167948782444,-0.05719871322313944,0.05982758872975598,0.0951791490827288,2,stabilize,0.10867460427554537,0.02382421628320731,0.8675011794412474,1.0,0.1097267825494254,0.0,0.0,none
cartpole,ppo,23,533,0.031391711284716926,0.007781730343898137,0.0916296940714761,0.012692240732056754,2,stabilize,0.14523762040729252,0.05882109155830607,0.7959412880344015,1.0,0.10459344885792925,0.0,0.0,none
cartpole,ppo,23,534,0.031586255257328354,0.072728897134463,0.09587053253997767,-0.06918347307613917,0,push_left,0.19194647287930197,0.16394223820093845,0.6441112889197597,1.0,0.10988968835548618,0.0,0.0,none
cartpole,ppo,23,535,0.03340447631975015,0.007594561825195949,0.07275433717451119,0.016230797129017965,2,stabilize,0.1491076976567666,0.06285955502686096,0.7880327473163725,1.0,0.10494433810471752,0.0,0.0,none
cartpole,ppo,23,536,0.033594341948628426,0.07256126900513966,0.07817751965830036,-0.06600784403937203,2,stabilize,0.19527966567309163,0.17399878460365803,0.6307215497232505,1.0,0.10940638114289152,0.0,0.0,none
cartpole,ppo,23,537,0.035408372059464455,0.007443900530536969,0.05612239188254591,0.01907896569796971,2,stabilize,0.15273727044562174,0.06687041789545907,0.7803923116589192,1.0,0.10525807749394617,0.0,0.0,none
cartpole,ppo,23,538,0.03559446893632412,0.07242770989735921,0.06249722155580088,-0.06347825271742684,1,push_right,0.1982619087120633,0.1838601150085709,0.6178779762793658,1.0,0.10710190509665866,0.0,0.0,none
cartpole,ppo,23,539,0.03740516180793445,0.13740516702334085,0.041287307914230874,-0.14591373716081893,1,push_right,0.20457523249788456,0.44438638344435016,0.3510383840577653,1.0,0.11608788796256805,0.0,0.0,none
cartpole,ppo,23,540,0.04084029234945774,0.20240485668182373,-0.007466689810192386,-0.228755065373012,2,stabilize,0.14010548088418734,0.7354458154098873,0.12444870370592531,1.0,0.1306387202822238,0.0,0.0,none
cartpole,ppo,23,541,0.04590041314562162,0.13737136125564575,-0.08390036573842488,-0.14527208464486258,1,push_right,0.18724351457225277,0.5792302637069385,0.23352622172080878,1.0,0.1177552394266945,0.0,0.0,none
cartpole,ppo,23,542,0.0493346992880106,0.2024930715560913,-0.13243996478208211,-0.23046347073146276,1,push_right,0.1125281846377047,0.8137168653679318,0.07375494999436354,1.0,0.1327079274523706,0.0,0.0,none
cartpole,ppo,23,543,0.05439702421426773,0.26765676339467365,-0.20944446254174864,-0.31654347692217144,1,push_right,0.05949280517125574,0.9194395900003913,0.021067604828352942,1.0,0.15210225255698331,0.0,0.0,none
cartpole,ppo,23,544,0.0610884465277195,0.3328801989555359,-0.31521077087784727,-0.40400610651288715,1,push_right,0.0337080331255815,0.959285854736013,0.007006112138405515,1.0,0.1747290912422517,0.0,0.0,none
cartpole,ppo,23,545,0.06941044703125954,0.39817190170288086,-0.45020088802374064,-0.4933126653943743,1,push_right,0.02190669684208388,0.9751128348262889,0.002980468331627334,1.0,0.19980878818716416,0.0,0.0,none
cartpole,ppo,23,546,0.07936474556724231,0.46352704366048175,-0.6150308827511736,-0.5848781721932548,1,push_right,0.016267968220924436,0.9821208381072174,0.0016111936718582003,1.0,0.22687205197853616,0.0,0.0,none
cartpole,ppo,23,547,0.09095292538404465,0.5289227565129598,-0.8104555931182352,-0.6790547370910645,1,push_right,0.013405599656182262,0.9855402353646654,0.0010541649791523124,0.0,1.2317124012628893,0.0,0.0,none
cartpole,ppo,23,548,-0.010490184649825096,-0.0099294763058424,0.04736515459980203,0.014203202511583055,2,stabilize,0.1306539765562676,0.04179185084755891,0.8275541725961736,1.0,0.10530898556762942,0.0,0.0,none
cartpole,ppo,23,549,-0.010738420921067398,0.055063282450040184,0.05211085881282151,-0.06852128250258309,2,stabilize,0.1782453360619344,0.1179853677841168,0.7037692961539488,1.0,0.10918114154341504,0.0,0.0,none
cartpole,ppo,23,550,-0.009361839232345423,-0.010028783852855364,0.029215918129270005,0.016080557235649655,2,stabilize,0.13417466978297304,0.044605089606507636,0.8212202406105192,1.0,0.10562215618914558,0.0,0.0,none
cartpole,ppo,23,551,-0.009612559030453365,0.05498243371645609,0.03458889588037937,-0.06698959214346749,2,stabilize,0.18206287503707103,0.12578490466171088,0.6921522203012181,1.0,0.10881078037961363,0.0,0.0,none
cartpole,ppo,23,552,-0.008237998311718306,-0.010092475761969885,0.012205739178848153,0.017284644501549856,2,stabilize,0.13771233001181854,0.04759281269573703,0.8146948572924444,1.0,0.10590789047832784,0.0,0.0,none
cartpole,ppo,23,553,-0.008490309895326694,0.05493592222531637,0.01798103827992032,-0.06610822677612305,2,stabilize,0.18580299876275566,0.1340542309006624,0.6801427703365819,1.0,0.10849935720812863,0.0,0.0,none
cartpole,ppo,23,554,-0.007116911777605614,-0.010122602805495262,-0.004107629055677422,0.017854285027299608,2,stabilize,0.1413414725233785,0.05083534302916139,0.80782318444746,1.0,0.10617141699455528,0.0,0.0,none
cartpole,ppo,23,555,-0.007369976956397295,0.05492215851942698,0.0018580031230032161,-0.0658469455582755,2,stabilize,0.18953001714187445,0.1430066778380083,0.6674633050201173,1.0,0.10823706367342507,0.0,0.0,none
cartpole,ppo,23,556,-0.00599692303997775,-0.010120347142219543,-0.02014336258457498,0.017811819911003113,2,stabilize,0.14514264555769427,0.054434272685769454,0.8004230817565362,1.0,0.1064186496025717,0.0,0.0,none
cartpole,ppo,23,557,-0.006249931563312809,0.05494038760662079,-0.014191920155557073,-0.06619143060275487,1,push_right,0.19330042033316897,0.15290205833857456,0.6537975213282564,1.0,0.10844761622084703,0.0,0.0,none
cartpole,ppo,23,558,-0.004876422074933847,0.11999515692392985,-0.03630838852580237,-0.1500826563153948,2,stabilize,0.21163530968290248,0.39502692364609415,0.3933377666710034,1.0,0.11673783829559908,0.0,0.0,none
cartpole,ppo,23,559,-0.001876543004376193,0.05499046047528585,-0.08645533697417357,-0.06714655671800886,0,push_left,0.20841123587861896,0.20309151671012057,0.5884972474112604,1.0,0.10697729981180841,0.0,0.0,none
cartpole,ppo,23,560,-0.0005017815177173665,-0.009962388624747595,-0.10889094669665243,0.014829192842755998,2,stabilize,0.16789943980076813,0.08043922012879917,0.7516613400704327,1.0,0.1043532465778472,0.0,0.0,none
cartpole,ppo,23,561,-0.0007508412333360563,-0.07489156723022461,-0.10393607943609962,0.09637175287519183,2,stabilize,0.11934439626199514,0.027865657179961128,0.8527899465580436,1.0,0.11227100203980697,0.0,0.0,none
cartpole,ppo,23,562,-0.002623130373346309,-0.009749923522273699,-0.07173549695060476,0.0108091373528753,2,stabilize,0.15957389752819187,0.070355655748529,0.7700704467232791,1.0,0.10488240957035991,0.0,0.0,none
cartpole,ppo,23,563,-0.002866878639906645,-0.07471767564614613,-0.06812385023351501,0.09306731394359044,2,stabilize,0.1131130435197775,0.02458378318100228,0.8623031732992201,1.0,0.11143352250432641,0.0,0.0,none
cartpole,ppo,23,564,-0.004734820298229655,-0.009610269218683243,-0.03702737399885933,0.00816751697233745,2,stabilize,0.15168376270485429,0.06165559686994875,0.7866606404251969,1.0,0.10539882814356123,0.0,0.0,none
cartpole,ppo,23,565,-0.004975077075262865,-0.07461355129877727,-0.03429836991436442,0.09108905281339373,0,push_left,0.10734283727987148,0.021745040146113,0.8709121225740155,1.0,0.10972813872823499,0.0,0.0,none
cartpole,ppo,23,566,-0.006840416075040897,-0.13961984713872275,-0.0038628879298849435,0.17406283106122697,2,stabilize,0.07491448989915366,0.007990344422023999,0.9170951656788224,1.0,0.12095693295074116,0.0,0.0,none
cartpole,ppo,23,567,-0.010330912191420794,-0.07457542916138966,0.054296532863648814,0.09036634649549212,0,push_left,0.09327088877344823,0.01563988683132434,0.8910892243952273,1.0,0.11098074260256886,0.0,0.0,none
cartpole,ppo,23,568,-0.012195298137764137,-0.13966946800549826,0.084490535296233,0.17500875677381242,2,stabilize,0.06632461885145995,0.006077714553450206,0.9275976665950898,1.0,0.1199064629634382,0.0,0.0,none
cartpole,ppo,23,569,-0.015687034465372562,-0.07471274832884471,0.14296601702034617,0.09299284219741821,2,stabilize,0.08119060672511104,0.011312457335789537,0.9074969359390993,1.0,0.1082691179412972,0.0,0.0,none
cartpole,ppo,23,570,-0.01755485311150551,-0.009818419193228086,0.17403761427271622,0.01211024182183402,2,stabilize,0.1068534367843517,0.025549967422569774,0.8675965957930786,1.0,0.10328231516407935,0.0,0.0,none
cartpole,ppo,23,571,-0.017800314041475456,0.05504179994265238,0.17808399080945655,-0.06816400800432477,2,stabilize,0.14853582387268582,0.07013797873798724,0.781326197389327,1.0,0.11103124261211893,0.0,0.0,none
cartpole,ppo,23,572,-0.016424269415438175,-0.010169709101319313,0.1553084372336085,0.018754209790910994,2,stabilize,0.10886622980864581,0.026576458276599563,0.8645573119147547,1.0,0.10369036867699989,0.0,0.0,none
cartpole,ppo,23,573,-0.016678511165082455,0.05471052726109823,0.16157474893374205,-0.061886451074055264,2,stabilize,0.15083963596034639,0.07269610536596632,0.7764642586736874,1.0,0.11037582277443357,0.0,0.0,none
cartpole,ppo,23,574,-0.015310747548937798,-0.010485836615165075,0.1408967027231731,0.024732276797294617,2,stabilize,0.11035620321120423,0.02732847029258342,0.8623153264962123,1.0,0.10405819214331703,0.0,0.0,none
cartpole,ppo,23,575,-0.015572894675036272,0.05440972248713175,0.14916047240498528,-0.056189383779253275,2,stabilize,0.15244938104335445,0.07444139227545907,0.7731092266811865,1.0,0.10985037751960049,0.0,0.0,none
cartpole,ppo,23,576,-0.014212651488681635,-0.010775168736775717,0.13038597840966928,0.030203344566481456,2,stabilize,0.11133138602837145,0.027794041209536338,0.8608745727620922,1.0,0.10438503970201644,0.0,0.0,none
cartpole,ppo,23,577,-0.014482030334571998,0.05413152277469635,0.1404777898282026,-0.05092273439679827,2,stabilize,0.15338724294909567,0.07535038556820085,0.7712623714827035,1.0,0.10943354239174437,0.0,0.0,none
cartpole,ppo,23,578,-0.013128742575645447,-0.011045305679241816,0.12346302872625911,0.035311526485851834,0,push_left,0.11179728003630908,0.02796546639278868,0.8602372535709023,1.0,0.10848019239482347,0.0,0.0,none
cartpole,ppo,23,579,-0.013404875062406063,-0.07620623211065929,0.13526162768320707,0.12123429775238037,2,stabilize,0.0790099736189616,0.010394429343629781,0.9105955970374087,1.0,0.11145999769639882,0.0,0.0,none
cartpole,ppo,23,580,-0.015310030430555344,-0.011303129295508066,0.17576950973428804,0.040200970002583096,2,stabilize,0.10219477905806344,0.022441281682251,0.8753639392596856,1.0,0.10404658711305587,0.0,0.0,none
cartpole,ppo,23,581,-0.015592609221736591,0.05355544884999593,0.1892018218598104,-0.04003960745675223,2,stabilize,0.14032319320929326,0.05885558484916133,0.8008212219415455,1.0,0.10383564458725435,0.0,0.0,none
cartpole,ppo,23,582,-0.014253722814222177,0.11839961012204488,0.17582342419817795,-0.1200164897101266,0,push_left,0.1889462706320228,0.17379239521695777,0.6372613341510194,1.0,0.11582862815082152,0.0,0.0,none
cartpole,ppo,23,583,-0.011293732095509768,0.053191617131233215,0.13572245231676217,-0.033141065921102254,2,stabilize,0.15120064563212252,0.0714081147822056,0.7773912395856718,1.0,0.10859667855273313,0.0,0.0,none
cartpole,ppo,23,584,-0.009963941605140766,-0.01198090985417366,0.12464906691366848,0.05300643614360264,2,stabilize,0.1091711598131891,0.026059339843911403,0.8647695003428995,1.0,0.10548468782383823,0.0,0.0,none
cartpole,ppo,23,585,-0.010263465034464996,0.052932014067967735,0.1423600483196732,-0.02823125890323094,2,stabilize,0.1489927986718932,0.06839429896971586,0.782612902358391,1.0,0.1041425700350803,0.0,0.0,none
cartpole,ppo,23,586,-0.008940164310236772,0.11782604455947876,0.13292716873858595,-0.10912445613316127,2,stabilize,0.19586949308735294,0.19767487745741677,0.6064556294552303,1.0,0.11400612433916751,0.0,0.0,none
cartpole,ppo,23,587,-0.005994513242815932,0.052657355864842735,0.09646553875153845,-0.023029676505497525,2,stabilize,0.15908017375280054,0.08145853654431347,0.759461289702886,1.0,0.10472254720141412,0.0,0.0,none
cartpole,ppo,23,588,-0.004678079470371207,0.11759951710700989,0.08877065379465963,-0.10481221335274833,1,push_right,0.2029457426188686,0.23027277187584197,0.5667814855052894,1.0,0.11030206101134682,0.0,0.0,none
cartpole,ppo,23,589,-0.0017380914262806377,0.1825504501660665,0.0537498665168917,-0.18674402577536448,0,push_left,0.19127341460454664,0.5251637316941425,0.28356285370131074,1.0,0.12374780601640527,0.0,0.0,none
cartpole,ppo,23,590,0.002825670138311883,0.11745814482371013,-0.008646703296316552,-0.10211334909711565,1,push_right,0.2133327945420135,0.3193762653448779,0.4672909401131085,1.0,0.11146457318058646,0.0,0.0,none
cartpole,ppo,23,591,0.005762123813231787,0.1825073758761088,-0.04276572359916988,-0.18590009212493896,1,push_right,0.17353566204659882,0.6254901965070143,0.20097414144638687,1.0,0.12346019278771343,0.0,0.0,none
cartpole,ppo,23,592,0.010324808148046335,0.24758923053741455,-0.10488031160859902,-0.270325984273638,0,push_left,0.09914055492341153,0.8416864164910253,0.05917302858556315,1.0,0.1381196195707691,0.0,0.0,none
cartpole,ppo,23,593,0.016514539408187073,0.18264949321746826,-0.1952040202577814,-0.18869771276201522,1,push_right,0.13775504823352297,0.7539320637420386,0.10831288802443849,1.0,0.12592671288903623,0.0,0.0,none
cartpole,ppo,23,594,0.021080775186419487,0.24787163734436035,-0.25825337606853405,-0.27591890948159353,1,push_right,0.07403802218217531,0.8947794010201474,0.031182576797677403,1.0,0.14353090216493206,0.0,0.0,none
cartpole,ppo,23,595,0.02727756587167581,0.31314005454381305,-0.35044586459321453,-0.3642551898956299,1,push_right,0.04060747983053182,0.9496023406992806,0.0097901794701876,1.0,0.16500991170867244,0.0,0.0,none
cartpole,ppo,23,596,0.035106067856152855,0.3784659306208293,-0.4721540326434843,-0.4541809218270438,1,push_right,0.025209188954150266,0.9709358964315066,0.0038549146143431576,1.0,0.1893367218789584,0.0,0.0,none
cartpole,ppo,23,597,0.044567715376615524,0.44384857018788654,-0.6239089874777418,-0.5461288179670062,1,push_right,0.017956505328691003,0.9801029321500162,0.0019405625212927193,1.0,0.21587541792791207,0.0,0.0,none
cartpole,ppo,23,598,0.05566393335660299,0.5092707872390747,-0.8063864025125071,-0.6404739107404437,1,push_right,0.014331807100920324,0.9844670764453497,0.0012011164537299008,0.0,1.3238582546989826,0.0,0.0,none
cartpole,ppo,23,599,-0.0029129833759119115,0.005051385921736558,0.2298962173712282,0.008410170142139708,2,stabilize,0.10823192240825018,0.027476090996769745,0.86429198659498,1.0,0.10234904773662912,0.0,0.0,none
