env,policy,seed,t,q,mu,sigma,rho,a,action_label,p0,p1,p2,r,state_delta,intervention_active,intervention_start,intervention_name
traffic,random,19,0,22.0,18.465035646611625,1.0244182339980614,0.275,1,prioritize_ew,0.3333333333333333,0.3333333333333333,0.3333333333333333,-2.8134541730203155,17.499521837116053,0.0,0.0,none
traffic,random,19,1,36.289455062979755,22.710375667047252,10.18901981750863,0.4536181882872469,0,prioritize_ns,0.3333333333333333,0.3333333333333333,0.3333333333333333,-3.1919965048866192,8.725900965045481,0.0,0.0,none
traffic,random,19,2,44.516761700743544,25.613943367295473,10.081821821737444,0.5564595212592943,2,balanced,0.3333333333333333,0.3333333333333333,0.3333333333333333,-3.917588460518697,11.113142077192117,0.0,0.0,none
traffic,random,19,3,55.004129405101985,29.286857519523465,9.984036577005238,0.6875516175637748,1,prioritize_ew,0.3333333333333333,0.3333333333333333,0.3333333333333333,-4.789543026955749,10.105834804498173,0.0,0.0,none
traffic,random,19,4,64.4700214364567,32.766245882802494,9.347922375168608,0.8058752679557089,1,prioritize_ew,0.3333333333333333,0.3333333333333333,0.3333333333333333,-5.8393649533133924,13.618784026003384,0.0,0.0,none
traffic,random,19,5,76.51383724828489,36.90276744965698,4.522541172054905,0.9564229656035611,2,balanced,0.3333333333333333,0.3333333333333333,0.3333333333333333,-6.89964435091702,13.402084567208954,0.0,0.0,none
traffic,random,19,6,89.91040515951741,36.72419001930753,4.860254200821176,1.0,0,prioritize_ns,0.3333333333333333,0.3333333333333333,0.3333333333333333,-7.461969922725079,9.501921071614392,0.0,0.0,none
traffic,random,19,7,99.37571884515911,36.971791428883115,4.064619595258013,1.0,2,balanced,0.3333333333333333,0.3333333333333333,0.3333333333333333,-8.599466155246617,14.601478760306463,0.0,0.0,none
traffic,random,19,8,113.91221197792223,37.78161651456404,5.177153963002885,1.0,0,prioritize_ns,0.3333333333333333,0.3333333333333333,0.3333333333333333,-9.861596245359129,19.05996794432754,0.0,0.0,none
traffic,random,19,9,132.86230769075553,39.678457250859765,5.937578669584241,1.0,0,prioritize_ns,0.3333333333333333,0.3333333333333333,0.3333333333333333,-10.574213347594462,10.116804592711691,0.0,0.0,none
traffic,random,19,10,142.96685862215892,39.29060427477481,6.249597436214064,1.0,0,prioritize_ns,0.3333333333333333,0.3333333333333333,0.3333333333333333,-11.71816794232264,16.99808698657572,0.0,0.0,none
traffic,random,19,11,159.9495935471908,40.00783767753468,6.334755614112124,1.0,2,balanced,0.3333333333333333,0.3333333333333333,0.3333333333333333,-12.670346192827331,12.490739212851306,0.0,0.0,none
traffic,random,19,12,172.42436762315947,40.60972975560007,6.1442201492677215,1.0,2,balanced,0.3333333333333333,0.3333333333333333,0.3333333333333333,-13.56697907610072,12.525216815969902,0.0,0.0,none
traffic,random,19,13,184.94124755904426,40.2058071162244,6.357807272240612,1.0,2,balanced,0.3333333333333333,0.3333333333333333,0.3333333333333333,-14.699590964389705,14.486052202208677,0.0,0.0,none
traffic,random,19,14,199.3951158945087,39.30656164075064,6.0074415761272295,1.0,0,prioritize_ns,0.3333333333333333,0.3333333333333333,0.3333333333333333,-15.427061596054047,9.517480602757137,0.0,0.0,none
traffic,random,19,15,208.89951981267032,39.18653223810228,6.491524344662113,1.0,0,prioritize_ns,0.3333333333333333,0.3333333333333333,0.3333333333333333,-15.947424705135445,8.944638388275251,0.0,0.0,none
traffic,random,19,16,217.65268959363732,37.540619209289304,5.667179159586642,1.0,0,prioritize_ns,0.3333333333333333,0.3333333333333333,0.3333333333333333,-16.40321874106571,6.752730549150582,0.0,0.0,none
traffic,random,19,17,224.27263176597467,36.36965282856304,6.303239879604669,1.0,0,prioritize_ns,0.3333333333333333,0.3333333333333333,0.3333333333333333,-16.367225675083837,2.8525568613878995,0.0,0.0,none
traffic,random,19,18,226.08825643844727,34.2294017758806,6.813056638501074,1.0,1,prioritize_ew,0.3333333333333333,0.3333333333333333,0.3333333333333333,-16.5572150728855,2.8570450076274967,0.0,0.0,none
traffic,random,19,19,226.98841827108333,31.518660475314924,6.878603965540262,1.0,1,prioritize_ew,0.3333333333333333,0.3333333333333333,0.3333333333333333,-16.486669473243666,4.14228211150462,0.0,0.0,none
traffic,random,19,20,223.98042647817869,29.016181333101674,8.238046721928736,1.0,0,prioritize_ns,0.3333333333333333,0.3333333333333333,0.3333333333333333,-16.227487822005255,3.7805536604412064,0.0,0.0,none
traffic,random,19,21,221.15357484414739,26.700177050102006,7.269738930068539,1.0,0,prioritize_ns,0.3333333333333333,0.3333333333333333,0.3333333333333333,-16.06304601895382,2.705124615626321,0.0,0.0,none
traffic,random,19,22,220.6778039851718,25.281034443839435,5.0164356795256015,1.0,2,balanced,0.3333333333333333,0.3333333333333333,0.3333333333333333,-16.099065998987985,1.4279607157016097,0.0,0.0,none
traffic,random,19,23,222.04255412745445,25.190859537801437,4.606073228700003,1.0,2,balanced,0.3333333333333333,0.3333333333333333,0.3333333333333333,-16.473762968227987,5.347321416004979,0.0,0.0,none
traffic,random,19,24,227.1684084541651,26.035998036616355,5.873039946979553,1.0,0,prioritize_ns,0.3333333333333333,0.3333333333333333,0.3333333333333333,-15.900337310680786,6.702975505548712,0.0,0.0,none
traffic,random,19,25,220.51729900016062,25.307374504396385,6.2751983823423725,1.0,2,balanced,0.3333333333333333,0.3333333333333333,0.3333333333333333,-15.643638208052677,4.551675625772166,0.0,0.0,none
traffic,random,19,26,216.00869956013833,24.97102494319819,6.801649770754327,1.0,1,prioritize_ew,0.3333333333333333,0.3333333333333333,0.3333333333333333,-15.890936031825744,1.2672115767566485,0.0,0.0,none
traffic,random,19,27,215.97499677740953,25.059438558447543,8.065323912034803,1.0,1,prioritize_ew,0.3333333333333333,0.3333333333333333,0.3333333333333333,-15.798164639753288,3.7880994780004817,0.0,0.0,none
traffic,random,19,28,212.3889739265695,24.069283959823007,8.779278840096296,1.0,2,balanced,0.3333333333333333,0.3333333333333333,0.3333333333333333,-16.007990557256676,3.433261458371983,0.0,0.0,none
traffic,random,19,29,215.7286495867785,23.712048226522676,8.067778062160325,1.0,2,balanced,0.3333333333333333,0.3333333333333333,0.3333333333333333,-16.18349170582105,2.3242299181172514,0.0,0.0,none
traffic,random,19,30,217.34642598517874,25.365825397003626,7.844472649224467,1.0,1,prioritize_ew,0.3333333333333333,0.3333333333333333,0.3333333333333333,-16.680822674069525,3.251401673687767,0.0,0.0,none
traffic,random,19,31,220.0755388970944,26.813367867391214,8.858462961850329,1.0,1,prioritize_ew,0.3333333333333333,0.3333333333333333,0.3333333333333333,-17.213044343644302,5.8893321077003815,0.0,0.0,none
traffic,random,19,32,225.71341110373646,27.947682865265385,10.128092491264791,1.0,1,prioritize_ew,0.3333333333333333,0.3333333333333333,0.3333333333333333,-18.019390043520044,7.175719408996618,0.0,0.0,none
traffic,random,19,33,232.5610278284439,30.03441078037489,10.624742102621058,1.0,2,balanced,0.3333333333333333,0.3333333333333333,0.3333333333333333,-18.45013847166628,6.1701955198309415,0.0,0.0,none
traffic,random,19,34,238.70443614148155,30.595157310940618,10.748880657068677,1.0,2,balanced,0.3333333333333333,0.3333333333333333,0.3333333333333333,-19.220429607820712,8.568196242872558,0.0,0.0,none
traffic,random,19,35,247.132524868218,31.957219776607854,11.47420341988099,1.0,0,prioritize_ns,0.3333333333333333,0.3333333333333333,0.3333333333333333,-19.87720475082413,10.23102702432748,0.0,0.0,none
traffic,random,19,36,257.24471434766315,33.433835090113746,10.98722793770734,1.0,0,prioritize_ns,0.3333333333333333,0.3333333333333333,0.3333333333333333,-20.327545852661725,7.730612294825589,0.0,0.0,none
traffic,random,19,37,264.93219248150996,33.843756275554696,10.282237855321487,1.0,1,prioritize_ew,0.3333333333333333,0.3333333333333333,0.3333333333333333,-21.43307144077903,12.88894945563458,0.0,0.0,none
traffic,random,19,38,277.6184920215189,35.011492838614984,12.2365186361625,1.0,0,prioritize_ns,0.3333333333333333,0.3333333333333333,0.3333333333333333,-22.208874853928595,13.426159760333372,0.0,0.0,none
traffic,random,19,39,290.94465744273265,36.44804426025022,11.454597227426811,1.0,2,balanced,0.3333333333333333,0.3333333333333333,0.3333333333333333,-23.755956495757776,20.832264523659333,0.0,0.0,none
traffic,random,19,40,311.46808611711504,38.86711224977941,14.085230362869536,1.0,1,prioritize_ew,0.3333333333333333,0.3333333333333333,0.3333333333333333,-24.878007709252618,14.07851617488207,0.0,0.0,none
traffic,random,19,41,325.5166301350437,39.654383157476126,14.557705950207609,1.0,0,prioritize_ns,0.3333333333333333,0.3333333333333333,0.3333333333333333,-25.823350755753637,13.590490928984341,0.0,0.0,none
traffic,random,19,42,339.00381543405206,40.81432459050842,13.352794221924496,1.0,1,prioritize_ew,0.3333333333333333,0.3333333333333333,0.3333333333333333,-27.13795716262139,16.44178946402656,0.0,0.0,none
traffic,random,19,43,355.41547410650503,41.55939641699723,14.012163899454896,1.0,1,prioritize_ew,0.3333333333333333,0.3333333333333333,0.3333333333333333,-28.922153216288844,22.8194832179044,0.0,0.0,none
traffic,random,19,44,378.0809012728288,43.427248766019225,15.88789130570207,1.0,1,prioritize_ew,0.3333333333333333,0.3333333333333333,0.3333333333333333,-30.23096840624366,16.223551807791445,0.0,0.0,none
traffic,random,19,45,394.27253519668665,42.56088981591433,16.42085125301651,1.0,0,prioritize_ns,0.3333333333333333,0.3333333333333333,0.3333333333333333,-31.26865989249016,15.377564130588826,0.0,0.0,none
traffic,random,19,46,409.64369087245535,42.82541214748233,16.06436883022761,1.0,2,balanced,0.3333333333333333,0.3333333333333333,0.3333333333333333,-31.991909666476023,9.644816328752546,0.0,0.0,none
traffic,random,19,47,419.1586122286545,42.030959358920484,17.427306234316234,1.0,0,prioritize_ns,0.3333333333333333,0.3333333333333333,0.3333333333333333,-32.88392744762056,15.209468440955941,0.0,0.0,none
traffic,random,19,48,434.3424499833826,41.78539517537552,16.57954475471999,1.0,2,balanced,0.3333333333333333,0.3333333333333333,0.3333333333333333,-33.24388556082674,6.677423072422653,0.0,0.0,none
traffic,random,19,49,440.09118391668665,38.402056528771574,16.274492866351387,1.0,1,prioritize_ew,0.3333333333333333,0.3333333333333333,0.3333333333333333,-34.10751231451199,11.42787262199106,0.0,0.0,none
traffic,random,19,50,451.477803143032,37.44105358926908,16.1416447992134,1.0,1,prioritize_ew,0.3333333333333333,0.3333333333333333,0.3333333333333333,-34.42044102907403,4.350446327569366,0.0,0.0,none
traffic,random,19,51,455.04278109227664,35.07981804396426,16.94282029188054,1.0,2,balanced,0.3333333333333333,0.3333333333333333,0.3333333333333333,-34.72679670895846,4.936450574442589,0.0,0.0,none
traffic,random,19,52,459.88774796097124,34.14582714646336,17.09282468698846,1.0,1,prioritize_ew,0.3333333333333333,0.3333333333333333,0.3333333333333333,-35.56365243961092,10.459222693673864,0.0,0.0,none
traffic,random,19,53,470.2755091029877,33.18661182392101,16.338063945246446,1.0,2,balanced,0.3333333333333333,0.3333333333333333,0.3333333333333333,-36.18844541311,9.300008619050715,0.0,0.0,none
traffic,random,19,54,479.54789719528253,33.89134265571918,16.21026005250484,1.0,1,prioritize_ew,0.3333333333333333,0.3333333333333333,0.3333333333333333,-36.5795780596537,3.7953550239909584,0.0,0.0,none
traffic,random,19,55,482.9341305696106,32.29126548531571,16.82499279237947,1.0,1,prioritize_ew,0.3333333333333333,0.3333333333333333,0.3333333333333333,-36.864041942903334,2.592338125462947,0.0,0.0,none
traffic,random,19,56,485.39321842941666,32.07008746742801,17.615046043044547,1.0,0,prioritize_ns,0.3333333333333333,0.3333333333333333,0.3333333333333333,-36.64378750496734,1.7234135527614558,0.0,0.0,none
traffic,random,19,57,484.2427274006725,30.870995887940246,18.071887427578154,1.0,0,prioritize_ns,0.3333333333333333,0.3333333333333333,0.3333333333333333,-36.72665024271056,3.1150545560975544,0.0,0.0,none
traffic,random,19,58,486.53936060910405,29.252770301223286,16.72638129831376,1.0,1,prioritize_ew,0.3333333333333333,0.3333333333333333,0.3333333333333333,-37.17470349459458,5.452495073454603,0.0,0.0,none
traffic,random,19,59,491.8584203696609,28.462104634875686,15.825185651558474,1.0,2,balanced,0.3333333333333333,0.3333333333333333,0.3333333333333333,-37.51065326578023,5.4261785713711435,0.0,0.0,none
traffic,random,19,60,497.26860890444414,28.866895666966705,15.922232685754008,1.0,0,prioritize_ns,0.3333333333333333,0.3333333333333333,0.3333333333333333,-37.39200921932116,0.8666173422482292,0.0,0.0,none
traffic,random,19,61,497.7747714116848,28.47631059645362,15.337195561426409,1.0,2,balanced,0.3333333333333333,0.3333333333333333,0.3333333333333333,-37.52197396336458,0.9008588895967511,0.0,0.0,none
traffic,random,19,62,498.5797744406461,28.86740940799471,15.234440600768426,1.0,2,balanced,0.3333333333333333,0.3333333333333333,0.3333333333333333,-37.76289156628472,2.349591748632471,0.0,0.0,none
traffic,random,19,63,500.8963049297451,28.871388864128193,15.62718993844491,1.0,0,prioritize_ns,0.3333333333333333,0.3333333333333333,0.3333333333333333,-38.47024993020626,11.180727807244326,0.0,0.0,none
traffic,random,19,64,511.92168046581736,30.01265201923128,17.092552350638552,1.0,1,prioritize_ew,0.3333333333333333,0.3333333333333333,0.3333333333333333,-38.9175171831724,3.5740584194895577,0.0,0.0,none
traffic,random,19,65,515.3355147741224,29.613381173935636,18.072456271163592,1.0,0,prioritize_ns,0.3333333333333333,0.3333333333333333,0.3333333333333333,-39.334552995442436,5.772027710266197,0.0,0.0,none
traffic,random,19,66,521.0109804742908,30.64724181252121,17.881340719006197,1.0,0,prioritize_ns,0.3333333333333333,0.3333333333333333,0.3333333333333333,-39.45507014656266,2.239187042521456,0.0,0.0,none
traffic,random,19,67,523.1921771070982,30.922480533290447,17.45638953708663,1.0,2,balanced,0.3333333333333333,0.3333333333333333,0.3333333333333333,-40.00545715293253,5.291035175005247,0.0,0.0,none
traffic,random,19,68,528.4096134047533,31.502661695001642,18.117299154697236,1.0,0,prioritize_ns,0.3333333333333333,0.3333333333333333,0.3333333333333333,-40.65454423084104,8.189030709402346,0.0,0.0,none
traffic,random,19,69,536.556485460618,30.926960998960123,17.51957984475104,1.0,1,prioritize_ew,0.3333333333333333,0.3333333333333333,0.3333333333333333,-41.42027706414829,5.91755637991146,0.0,0.0,none
traffic,random,19,70,542.2034070420074,31.373578453577004,19.231386788393074,1.0,2,balanced,0.3333333333333333,0.3333333333333333,0.3333333333333333,-42.5986166507265,12.99113056292152,0.0,0.0,none
traffic,random,19,71,554.7531988558321,32.74844367630827,22.294382764860377,1.0,1,prioritize_ew,0.3333333333333333,0.3333333333333333,0.3333333333333333,-43.86383109973791,11.384831415186536,0.0,0.0,none
traffic,random,19,72,565.8389839888288,34.52936137634611,24.178019269852964,1.0,2,balanced,0.3333333333333333,0.3333333333333333,0.3333333333333333,-44.90783257269991,12.066484299609904,0.0,0.0,none
traffic,random,19,73,577.8073812339416,35.87955356583766,24.909108722208188,1.0,2,balanced,0.3333333333333333,0.3333333333333333,0.3333333333333333,-45.95995441117527,12.185030508917853,0.0,0.0,none
traffic,random,19,74,589.9273647694462,36.67417586176566,25.883553697140083,1.0,1,prioritize_ew,0.3333333333333333,0.3333333333333333,0.3333333333333333,-47.296568545979994,14.086761263785183,0.0,0.0,none
traffic,random,19,75,603.913880300335,38.34209465166552,26.06320089968841,1.0,0,prioritize_ns,0.3333333333333333,0.3333333333333333,0.3333333333333333,-47.7203086124245,8.034834531564151,0.0,0.0,none
traffic,random,19,76,611.889005044108,37.42716123765517,26.40794445481716,1.0,2,balanced,0.3333333333333333,0.3333333333333333,0.3333333333333333,-48.49118796957141,8.826048092807483,0.0,0.0,none
traffic,random,19,77,620.6367652670367,36.95955625564157,27.483658914835587,1.0,0,prioritize_ns,0.3333333333333333,0.3333333333333333,0.3333333333333333,-49.36883674956484,14.07219200978659,0.0,0.0,none
traffic,random,19,78,634.7010976846789,37.378743290147476,27.270530229615925,1.0,1,prioritize_ew,0.3333333333333333,0.3333333333333333,0.3333333333333333,-49.90559017527202,5.264854572222847,0.0,0.0,none
traffic,random,19,79,639.2314049469788,35.86080803550653,29.48206416300381,1.0,0,prioritize_ns,0.3333333333333333,0.3333333333333333,0.3333333333333333,-50.24542034009024,7.977178082422535,0.0,0.0,none
traffic,random,19,80,646.945183930618,34.60626072605662,27.882347000939994,1.0,2,balanced,0.3333333333333333,0.3333333333333333,0.3333333333333333,-50.58843423163457,4.474156284378643,0.0,0.0,none
traffic,random,19,81,651.3146172030612,33.885122431790634,28.519596477404637,1.0,0,prioritize_ns,0.3333333333333333,0.3333333333333333,0.3333333333333333,-50.90740212350198,7.879186795227545,0.0,0.0,none
traffic,random,19,82,659.1058729016115,33.69382152691496,27.361441411064796,1.0,2,balanced,0.3333333333333333,0.3333333333333333,0.3333333333333333,-51.35014930684163,7.386223181614096,0.0,0.0,none
traffic,random,19,83,666.0094016008265,32.26166078322952,25.15996463581272,1.0,1,prioritize_ew,0.3333333333333333,0.3333333333333333,0.3333333333333333,-52.187799023543135,10.955298356831165,0.0,0.0,none
traffic,random,19,84,676.8500016317629,33.5237193369568,26.11241477278283,1.0,1,prioritize_ew,0.3333333333333333,0.3333333333333333,0.3333333333333333,-52.4817822569009,3.9070812261494114,0.0,0.0,none
traffic,random,19,85,680.6261743272737,32.73619807933112,26.73339283213395,1.0,2,balanced,0.3333333333333333,0.3333333333333333,0.3333333333333333,-53.02613468039825,8.051527663642505,0.0,0.0,none
traffic,random,19,86,688.6367298847667,33.464422536341104,26.37592042910053,1.0,1,prioritize_ew,0.3333333333333333,0.3333333333333333,0.3333333333333333,-53.41349007600809,4.92546246925922,0.0,0.0,none
traffic,random,19,87,693.507687608591,32.880362941395916,26.815039750413188,1.0,0,prioritize_ns,0.3333333333333333,0.3333333333333333,0.3333333333333333,-53.78290276036694,10.137057786965702,0.0,0.0,none
traffic,random,19,88,703.5337290838542,33.504865496605525,25.455470160019892,1.0,2,balanced,0.3333333333333333,0.3333333333333333,0.3333333333333333,-53.76095293184353,2.5897691747728784,0.0,0.0,none
traffic,random,19,89,705.2998863358049,31.689976940808425,24.9134623464025,1.0,1,prioritize_ew,0.3333333333333333,0.3333333333333333,0.3333333333333333,-53.86482175962817,1.394589808749747,0.0,0.0,none
traffic,random,19,90,706.4379328816191,31.162351710869096,25.522841055384482,1.0,1,prioritize_ew,0.3333333333333333,0.3333333333333333,0.3333333333333333,-54.48893575699214,8.159020077320871,0.0,0.0,none
traffic,random,19,91,714.5917197096933,31.190997964985304,25.81361309078992,1.0,0,prioritize_ns,0.3333333333333333,0.3333333333333333,0.3333333333333333,-55.140239978379014,11.875206623285289,0.0,0.0,none
traffic,random,19,92,726.3859243101138,32.57564734030452,25.80957619005816,1.0,0,prioritize_ns,0.3333333333333333,0.3333333333333333,0.3333333333333333,-55.38125956326596,5.773366856565938,0.0,0.0,none
traffic,random,19,93,731.9817719649186,31.6896085762129,24.699085670856828,1.0,1,prioritize_ew,0.3333333333333333,0.3333333333333333,0.3333333333333333,-55.90661590007977,6.11285374873971,0.0,0.0,none
traffic,random,19,94,738.0342168605382,32.54686610494666,24.700211902914006,1.0,2,balanced,0.3333333333333333,0.3333333333333333,0.3333333333333333,-56.545195242835874,10.889469284496712,0.0,0.0,none
traffic,random,19,95,748.6439984974697,34.44121312317014,23.143123501706263,1.0,0,prioritize_ns,0.3333333333333333,0.3333333333333333,0.3333333333333333,-56.9546059711426,7.337088592732911,0.0,0.0,none
traffic,random,19,96,755.9639325463154,34.274442567324456,22.670236496318694,1.0,0,prioritize_ns,0.3333333333333333,0.3333333333333333,0.3333333333333333,-57.51822498869905,8.947445753151811,0.0,0.0,none
traffic,random,19,97,764.8445608539948,33.69172730877626,21.747377192907813,1.0,1,prioritize_ew,0.3333333333333333,0.3333333333333333,0.3333333333333333,-58.38608629840473,10.13521500417993,0.0,0.0,none
traffic,random,19,98,774.9185483826911,34.587355283554515,22.40708090171946,1.0,0,prioritize_ns,0.3333333333333333,0.3333333333333333,0.3333333333333333,-58.96489289512159,10.813414358393826,0.0,0.0,none
traffic,random,19,99,785.6164821669047,35.51645306127331,21.133927276135264,1.0,2,balanced,0.3333333333333333,0.3333333333333333,0.3333333333333333,-59.711599879042865,8.134477307224873,0.0,0.0,none
traffic,random,19,100,793.6875606161279,35.00871242373165,22.01120327217598,1.0,2,balanced,0.3333333333333333,0.3333333333333333,0.3333333333333333,-61.00273550080267,17.33832013550829,0.0,0.0,none
traffic,random,19,101,810.7444940170966,36.95611229415623,24.437311641759294,1.0,1,prioritize_ew,0.3333333333333333,0.3333333333333333,0.3333333333333333,-62.45268594429031,16.550171449745648,0.0,0.0,none
traffic,random,19,102,827.1136937809254,38.453826585386096,26.36457031917919,1.0,0,prioritize_ns,0.3333333333333333,0.3333333333333333,0.3333333333333333,-63.48325088908285,13.020605544773675,0.0,0.0,none
traffic,random,19,103,840.1149925294941,39.039288829360586,26.764112011542476,1.0,2,balanced,0.3333333333333333,0.3333333333333333,0.3333333333333333,-64.50350883060622,12.573785407640509,0.0,0.0,none
traffic,random,19,104,852.6722615617459,39.41115587896822,27.29021925009606,1.0,1,prioritize_ew,0.3333333333333333,0.3333333333333333,0.3333333333333333,-65.6620819399323,12.952445448077112,0.0,0.0,none
traffic,random,19,105,865.5884024090309,40.38016835858059,27.277432035159556,1.0,2,balanced,0.3333333333333333,0.3333333333333333,0.3333333333333333,-66.24008816947908,6.191902836140588,0.0,0.0,none
traffic,random,19,106,870.293002143823,37.909701625345285,30.455984565412606,1.0,2,balanced,0.3333333333333333,0.3333333333333333,0.3333333333333333,-66.67048926564594,5.043766873314361,0.0,0.0,none
traffic,random,19,107,874.6477442662476,35.50681009706447,31.29378980700507,1.0,0,prioritize_ns,0.3333333333333333,0.3333333333333333,0.3333333333333333,-66.87641288515209,4.545816910845701,0.0,0.0,none
traffic,random,19,108,878.8158813714957,33.74017776840036,30.88136445120888,1.0,0,prioritize_ns,0.3333333333333333,0.3333333333333333,0.3333333333333333,-67.82497028241205,13.484924907936412,0.0,0.0,none
traffic,random,19,109,892.2971734200901,33.92498237166886,31.133974292270672,1.0,1,prioritize_ew,0.3333333333333333,0.3333333333333333,0.3333333333333333,-68.72236077945024,7.096119753026763,0.0,0.0,none
traffic,random,19,110,899.1701477830111,32.71634907479606,32.42096477771237,1.0,0,prioritize_ns,0.3333333333333333,0.3333333333333333,0.3333333333333333,-68.55642483830496,2.8021489493767566,0.0,0.0,none
traffic,random,19,111,897.1329429784124,31.36798816691793,33.79346548107081,1.0,0,prioritize_ns,0.3333333333333333,0.3333333333333333,0.3333333333333333,-68.82592889844047,2.735262155084842,0.0,0.0,none
traffic,random,19,112,899.7951868694511,31.02948852064074,34.32217571469311,1.0,2,balanced,0.3333333333333333,0.3333333333333333,0.3333333333333333,-68.81457474865053,0.8695085243149809,0.0,0.0,none
traffic,random,19,113,899.8945170659268,30.21572713888626,34.611953214664275,1.0,0,prioritize_ns,0.3333333333333333,0.3333333333333333,0.3333333333333333,-69.15185247012273,6.106730284672441,0.0,0.0,none
traffic,random,19,114,905.2622578781659,28.593016891615218,32.19403576451003,1.0,0,prioritize_ns,0.3333333333333333,0.3333333333333333,0.3333333333333333,-68.59822548954091,6.71127212641118,0.0,0.0,none
traffic,random,19,115,899.0801815718406,25.98200675776595,32.269746915947266,1.0,0,prioritize_ns,0.3333333333333333,0.3333333333333333,0.3333333333333333,-68.81254754625327,5.031697359635614,0.0,0.0,none
traffic,random,19,116,903.9065993573402,27.354731275785582,31.89652168045857,1.0,2,balanced,0.3333333333333333,0.3333333333333333,0.3333333333333333,-68.91884956290816,3.124745238223966,0.0,0.0,none
traffic,random,19,117,906.9870764403889,27.438377914187583,31.379127261761678,1.0,2,balanced,0.3333333333333333,0.3333333333333333,0.3333333333333333,-68.66961807691902,3.74643909651695,0.0,0.0,none
traffic,random,19,118,903.3502175315283,26.691140093120318,31.879825593812466,1.0,2,balanced,0.3333333333333333,0.3333333333333333,0.3333333333333333,-68.89607242156733,1.7221825174668426,0.0,0.0,none
traffic,random,19,119,904.89230783147,25.926009990660827,31.92928321814298,1.0,2,balanced,0.3333333333333333,0.3333333333333333,0.3333333333333333,-68.77692264088115,2.1634602037486514,0.0,0.0,none
traffic,random,19,120,903.2743943975498,26.838842565141828,30.82038607931039,1.0,0,prioritize_ns,0.3333333333333333,0.3333333333333333,0.3333333333333333,-68.87847979382117,4.109858263064147,0.0,0.0,none
traffic,random,19,121,907.2332478266801,26.66532969386796,29.730290784098806,1.0,2,balanced,0.3333333333333333,0.3333333333333333,0.3333333333333333,-68.99098874505309,3.092369232041014,0.0,0.0,none
traffic,random,19,122,910.2832549721829,26.659235706358793,29.220225354009845,1.0,1,prioritize_ew,0.3333333333333333,0.3333333333333333,0.3333333333333333,-69.39008625696536,6.2890375318971845,0.0,0.0,none
traffic,random,19,123,916.2568676252322,28.58133001874076,28.803693958734385,1.0,1,prioritize_ew,0.3333333333333333,0.3333333333333333,0.3333333333333333,-70.0668270685797,6.784278369807664,0.0,0.0,none
traffic,random,19,124,922.8091336865095,29.583365171007898,30.24943529621288,1.0,0,prioritize_ns,0.3333333333333333,0.3333333333333333,0.3333333333333333,-70.42192004349631,7.485915395325086,0.0,0.0,none
traffic,random,19,125,929.8033757659832,31.305796273686678,28.211608479182146,1.0,0,prioritize_ns,0.3333333333333333,0.3333333333333333,0.3333333333333333,-70.89165341878899,8.704314143402964,0.0,0.0,none
traffic,random,19,126,938.4486062787403,32.24307169041205,27.828739204439984,1.0,1,prioritize_ew,0.3333333333333333,0.3333333333333333,0.3333333333333333,-71.60161121422378,8.65832846588257,0.0,0.0,none
traffic,random,19,127,947.0335523310919,33.350059471781755,27.628911395505966,1.0,2,balanced,0.3333333333333333,0.3333333333333333,0.3333333333333333,-72.36127780469515,12.960033353868955,0.0,0.0,none
traffic,random,19,128,959.9121445862545,34.73105539220442,28.07295680583789,1.0,1,prioritize_ew,0.3333333333333333,0.3333333333333333,0.3333333333333333,-73.59122140168434,13.940517465713574,0.0,0.0,none
traffic,random,19,129,973.6672054807716,36.17161435885239,29.82256157938012,1.0,0,prioritize_ns,0.3333333333333333,0.3333333333333333,0.3333333333333333,-74.4340757516931,13.023312348192006,0.0,0.0,none
traffic,random,19,130,986.6168388453023,37.36269261586379,29.119004312002744,1.0,1,prioritize_ew,0.3333333333333333,0.3333333333333333,0.3333333333333333,-75.44296657613882,12.084827685938741,0.0,0.0,none
traffic,random,19,131,998.6766617974101,38.04561110373396,29.489615835796354,1.0,0,prioritize_ns,0.3333333333333333,0.3333333333333333,0.3333333333333333,-76.45848053038245,14.706856420576816,0.0,0.0,none
traffic,random,19,132,1013.3008947651606,39.253468486813745,28.507517865855572,1.0,2,balanced,0.3333333333333333,0.3333333333333333,0.3333333333333333,-77.9025557351296,18.423904717388528,0.0,0.0,none
traffic,random,19,133,1031.5728877246715,40.332148627683424,30.60775296619237,1.0,1,prioritize_ew,0.3333333333333333,0.3333333333333333,0.3333333333333333,-79.06118821081489,14.167336167297467,0.0,0.0,none
traffic,random,19,134,1045.715804404518,40.40971978474924,31.43558421694885,1.0,0,prioritize_ns,0.3333333333333333,0.3333333333333333,0.3333333333333333,-80.39849906646558,19.420793117952368,0.0,0.0,none
traffic,random,19,135,1065.0877780711687,41.69418784517326,31.92953096574434,1.0,1,prioritize_ew,0.3333333333333333,0.3333333333333333,0.3333333333333333,-81.99142119198237,20.676979845242048,0.0,0.0,none
traffic,random,19,136,1085.6849855488183,43.401664750281626,32.5435849224315,1.0,1,prioritize_ew,0.3333333333333333,0.3333333333333333,0.3333333333333333,-83.2729384188677,14.789693651980718,0.0,0.0,none
traffic,random,19,137,1100.4238799756743,43.42459704210273,33.76812708316963,1.0,1,prioritize_ew,0.3333333333333333,0.3333333333333333,0.3333333333333333,-84.31312789919347,12.654888242769266,0.0,0.0,none
traffic,random,19,138,1112.9479829860854,42.27501905228277,35.17223201760683,1.0,0,prioritize_ns,0.3333333333333333,0.3333333333333333,0.3333333333333333,-85.29513422378146,15.519882280412121,0.0,0.0,none
traffic,random,19,139,1128.451561817543,42.547151482605024,34.51516782363767,1.0,1,prioritize_ew,0.3333333333333333,0.3333333333333333,0.3333333333333333,-85.95177526179052,7.224502915904711,0.0,0.0,none
traffic,random,19,140,1134.518406574711,39.886125700708455,37.39714264351751,1.0,1,prioritize_ew,0.3333333333333333,0.3333333333333333,0.3333333333333333,-87.32599916717379,16.246322383830584,0.0,0.0,none
traffic,random,19,141,1150.7403504611088,39.01107298245809,37.55779844389918,1.0,0,prioritize_ns,0.3333333333333333,0.3333333333333333,0.3333333333333333,-88.23909840142652,14.972445973352531,0.0,0.0,none
traffic,random,19,142,1165.6986867974988,39.05496136436484,36.90942641926349,1.0,0,prioritize_ns,0.3333333333333333,0.3333333333333333,0.3333333333333333,-88.47069443534602,5.107061717214498,0.0,0.0,none
traffic,random,19,143,1170.5077363577884,37.51195067434056,37.667212484447376,1.0,1,prioritize_ew,0.3333333333333333,0.3333333333333333,0.3333333333333333,-89.57740895497544,13.269121294204115,0.0,0.0,none
traffic,random,19,144,1183.7551728428634,37.06072220506404,38.27663792100125,1.0,2,balanced,0.3333333333333333,0.3333333333333333,0.3333333333333333,-89.66087872199127,2.600123390964756,0.0,0.0,none
traffic,random,19,145,1186.2101456117703,36.33834780741181,38.73699167821909,1.0,0,prioritize_ns,0.3333333333333333,0.3333333333333333,0.3333333333333333,-89.55428437765322,3.3123215303883176,0.0,0.0,none
traffic,random,19,146,1185.9302820012579,33.037986308029794,38.709346541542246,1.0,0,prioritize_ns,0.3333333333333333,0.3333333333333333,0.3333333333333333,-89.6598006121499,5.184674428093179,0.0,0.0,none
traffic,random,19,147,1189.996678356978,30.859598311895873,36.34293674148459,1.0,2,balanced,0.3333333333333333,0.3333333333333333,0.3333333333333333,-89.60769172951109,1.7556320824705811,0.0,0.0,none
traffic,random,19,148,1188.9067641304048,29.67980555452329,37.051752681884125,1.0,1,prioritize_ew,0.3333333333333333,0.3333333333333333,0.3333333333333333,-90.14569769815935,5.541035280981712,0.0,0.0,none
traffic,random,19,149,1193.8745029935972,28.023866030146756,35.23998369445229,1.0,0,prioritize_ns,0.3333333333333333,0.3333333333333333,0.3333333333333333,-89.935744806352,1.2697685057493404,0.0,0.0,none
traffic,random,19,150,1194.2881015459138,27.61559118682875,34.111019590493214,1.0,1,prioritize_ew,0.3333333333333333,0.3333333333333333,0.3333333333333333,-90.33204669664107,2.3651724113956156,0.0,0.0,none
traffic,random,19,151,1196.3452887889212,28.083001357532623,35.18038805606412,1.0,2,balanced,0.3333333333333333,0.3333333333333333,0.3333333333333333,-90.21798672151527,3.453071701245072,0.0,0.0,none
traffic,random,19,152,1193.3446702374652,26.669598376097433,36.14074449753142,1.0,1,prioritize_ew,0.3333333333333333,0.3333333333333333,0.3333333333333333,-90.2785979225308,0.4144427253688181,0.0,0.0,none
traffic,random,19,153,1193.109011869463,26.84044954781165,36.43576616338939,1.0,2,balanced,0.3333333333333333,0.3333333333333333,0.3333333333333333,-90.85269166684611,7.580977910453057,0.0,0.0,none
traffic,random,19,154,1200.5932864913548,27.343756699551534,37.53282649623008,1.0,2,balanced,0.3333333333333333,0.3333333333333333,0.3333333333333333,-90.82067625306556,0.16265030647311143,0.0,0.0,none
traffic,random,19,155,1200.5109971093657,27.24457911269035,37.43359249967626,1.0,0,prioritize_ns,0.3333333333333333,0.3333333333333333,0.3333333333333333,-90.68971235985657,1.2954229700126736,0.0,0.0,none
traffic,random,19,156,1199.3964768709293,26.61023761640168,37.25035447022172,1.0,2,balanced,0.3333333333333333,0.3333333333333333,0.3333333333333333,-91.12353614064045,3.316827333580164,0.0,0.0,none
traffic,random,19,157,1202.4106592886665,27.813197810240233,37.93514252898771,1.0,0,prioritize_ns,0.3333333333333333,0.3333333333333333,0.3333333333333333,-91.01346345540664,0.5249259827615268,0.0,0.0,none
traffic,random,19,158,1202.1530235018258,27.808802326472556,37.477811392457944,1.0,0,prioritize_ns,0.3333333333333333,0.3333333333333333,0.3333333333333333,-91.07245553419682,2.9915714507486233,0.0,0.0,none
traffic,random,19,159,1204.0657598662158,26.694494674972184,35.465534621463895,1.0,2,balanced,0.3333333333333333,0.3333333333333333,0.3333333333333333,-91.79170956203481,8.574487517684293,0.0,0.0,none
traffic,random,19,160,1212.112697436625,28.32034006545186,37.94046061937094,1.0,1,prioritize_ew,0.3333333333333333,0.3333333333333333,0.3333333333333333,-92.96661921286875,12.032065753871553,0.0,0.0,none
traffic,random,19,161,1223.5100181903615,30.822708263886398,40.87471339331518,1.0,2,balanced,0.3333333333333333,0.3333333333333333,0.3333333333333333,-93.54154986632396,7.002997670103969,0.0,0.0,none
traffic,random,19,162,1230.4572176968998,31.60931168164667,41.274276213162224,1.0,1,prioritize_ew,0.3333333333333333,0.3333333333333333,0.3333333333333333,-94.31553479985644,8.168971178402204,0.0,0.0,none
traffic,random,19,163,1238.4569890307675,33.260793105788316,41.182855071689204,1.0,1,prioritize_ew,0.3333333333333333,0.3333333333333333,0.3333333333333333,-95.1870768656556,8.818365242229397,0.0,0.0,none
traffic,random,19,164,1247.1661772638813,34.62008347953312,40.92607589535859,1.0,1,prioritize_ew,0.3333333333333333,0.3333333333333333,0.3333333333333333,-96.49014327646901,15.623408155193907,0.0,0.0,none
traffic,random,19,165,1262.4922147610762,36.075903464890246,43.58766286342688,1.0,2,balanced,0.3333333333333333,0.3333333333333333,0.3333333333333333,-97.186873196777,8.35908864394603,0.0,0.0,none
traffic,random,19,166,1270.8101584332726,35.46002804858225,44.14162450027794,1.0,2,balanced,0.3333333333333333,0.3333333333333333,0.3333333333333333,-98.14155099663489,12.331851064300706,0.0,0.0,none
traffic,random,19,167,1283.091172636237,36.526790987867436,44.47816223969232,1.0,2,balanced,0.3333333333333333,0.3333333333333333,0.3333333333333333,-99.32263111447821,16.786101835543583,0.0,0.0,none
traffic,random,19,168,1299.7765951690417,38.263921227654876,45.07168415590707,1.0,1,prioritize_ew,0.3333333333333333,0.3333333333333333,0.3333333333333333,-101.01992082759477,20.98366512798246,0.0,0.0,none
traffic,random,19,169,1320.5228686598996,40.67133827920367,47.09916574293712,1.0,2,balanced,0.3333333333333333,0.3333333333333333,0.3333333333333333,-102.27930219746507,17.36238232858895,0.0,0.0,none
traffic,random,19,170,1337.8767205150525,41.07690115079528,47.46202201019671,1.0,0,prioritize_ns,0.3333333333333333,0.3333333333333333,0.3333333333333333,-103.00719562033353,11.393208932866006,0.0,0.0,none
traffic,random,19,171,1349.1930542967214,41.67657917268974,46.2846580903083,1.0,2,balanced,0.3333333333333333,0.3333333333333333,0.3333333333333333,-103.55272753813334,7.802320981181606,0.0,0.0,none
traffic,random,19,172,1356.8387682444943,40.74951912165149,47.53358986746263,1.0,1,prioritize_ew,0.3333333333333333,0.3333333333333333,0.3333333333333333,-104.81283560114052,15.683439477104878,0.0,0.0,none
traffic,random,19,173,1372.5028988494494,40.54526073608153,48.28429935511166,1.0,0,prioritize_ns,0.3333333333333333,0.3333333333333333,0.3333333333333333,-104.99796464833156,6.873748125187774,0.0,0.0,none
traffic,random,19,174,1378.5559444812754,37.60661516427514,46.87951678444233,1.0,0,prioritize_ns,0.3333333333333333,0.3333333333333333,0.3333333333333333,-105.22561035235533,8.05234505763851,0.0,0.0,none
traffic,random,19,175,1385.9940750536261,35.62347090771473,44.51697294916464,1.0,2,balanced,0.3333333333333333,0.3333333333333333,0.3333333333333333,-105.71010459570718,8.45890257889143,0.0,0.0,none
traffic,random,19,176,1394.4107685986455,35.04354286038485,43.90379592062762,1.0,0,prioritize_ns,0.3333333333333333,0.3333333333333333,0.3333333333333333,-105.94819801523141,7.305554646727918,0.0,0.0,none
traffic,random,19,177,1401.6019502302993,34.95263639716098,42.619361628093536,1.0,1,prioritize_ew,0.3333333333333333,0.3333333333333333,0.3333333333333333,-106.65154760788131,10.420802826645831,0.0,0.0,none
traffic,random,19,178,1411.7490582196292,33.84923187403597,40.518926086817906,1.0,2,balanced,0.3333333333333333,0.3333333333333333,0.3333333333333333,-106.84679446386005,6.233350420213704,0.0,0.0,none
traffic,random,19,179,1417.8690791486486,33.86262693347464,39.33578540966825,1.0,0,prioritize_ns,0.3333333333333333,0.3333333333333333,0.3333333333333333,-107.21989896630413,10.015136378559816,0.0,0.0,none
traffic,random,19,180,1427.7722225671077,34.355629502696324,37.92594301375253,1.0,1,prioritize_ew,0.3333333333333333,0.3333333333333333,0.3333333333333333,-107.36845566307646,2.7774046667487093,0.0,0.0,none
traffic,random,19,181,1429.7109581378227,33.060037907835394,39.4348245495425,1.0,0,prioritize_ns,0.3333333333333333,0.3333333333333333,0.3333333333333333,-107.98614874562696,13.002819559430117,0.0,0.0,none
traffic,random,19,182,1442.6481053437033,34.209231022680854,38.81604037612966,1.0,0,prioritize_ns,0.3333333333333333,0.3333333333333333,0.3333333333333333,-107.90925008525309,3.470304936803021,0.0,0.0,none
traffic,random,19,183,1445.6148754213777,32.77316344034972,37.73022199371372,1.0,0,prioritize_ns,0.3333333333333333,0.3333333333333333,0.3333333333333333,-107.86845692271766,3.2077326984479524,0.0,0.0,none
traffic,random,19,184,1448.6066850295183,32.14752117617394,36.75698199730634,1.0,1,prioritize_ew,0.3333333333333333,0.3333333333333333,0.3333333333333333,-108.68064266795109,9.335050449020192,0.0,0.0,none
traffic,random,19,185,1457.9141135746881,32.02837820151608,37.464615881387196,1.0,1,prioritize_ew,0.3333333333333333,0.3333333333333333,0.3333333333333333,-109.31305726159788,8.605138377711494,0.0,0.0,none
traffic,random,19,186,1466.4139292225257,33.34059421694062,37.1824287427665,1.0,2,balanced,0.3333333333333333,0.3333333333333333,0.3333333333333333,-109.99632549720437,10.764286047775474,0.0,0.0,none
traffic,random,19,187,1477.129601556899,32.89629924263911,36.26219914288853,1.0,2,balanced,0.3333333333333333,0.3333333333333333,0.3333333333333333,-110.54617137592588,7.27997192772947,0.0,0.0,none
traffic,random,19,188,1484.3476355050452,33.7465520167335,35.843812465182765,1.0,2,balanced,0.3333333333333333,0.3333333333333333,0.3333333333333333,-110.76642709151973,3.5119099470813917,0.0,0.0,none
traffic,random,19,189,1487.84493028678,33.84764905145236,35.54013488018388,1.0,0,prioritize_ns,0.3333333333333333,0.3333333333333333,0.3333333333333333,-111.25592280957063,8.470909230121055,0.0,0.0,none
traffic,random,19,190,1496.2935936755784,33.67589602017803,34.95116032727407,1.0,1,prioritize_ew,0.3333333333333333,0.3333333333333333,0.3333333333333333,-112.26043011149577,9.655013337544233,0.0,0.0,none
traffic,random,19,191,1505.7768819128428,33.87259053806339,36.753336240928114,1.0,2,balanced,0.3333333333333333,0.3333333333333333,0.3333333333333333,-113.13198470950566,11.207116844898797,0.0,0.0,none
traffic,random,19,192,1516.969856023326,33.96805089328539,37.30803062331202,1.0,1,prioritize_ew,0.3333333333333333,0.3333333333333333,0.3333333333333333,-114.50286154091596,15.09512110003729,0.0,0.0,none
traffic,random,19,193,1531.7299675640165,35.47646641179422,40.08768365106316,1.0,1,prioritize_ew,0.3333333333333333,0.3333333333333333,0.3333333333333333,-115.42232318193639,9.646352437891176,0.0,0.0,none
traffic,random,19,194,1541.297234963456,36.69046093533514,39.87384455163665,1.0,2,balanced,0.3333333333333333,0.3333333333333333,0.3333333333333333,-116.30508968759423,9.055267136851006,0.0,0.0,none
traffic,random,19,195,1550.275699351217,36.79642113512773,41.04594207040388,1.0,0,prioritize_ns,0.3333333333333333,0.3333333333333333,0.3333333333333333,-117.15176798338128,11.947354001627465,0.0,0.0,none
traffic,random,19,196,1562.2129462714165,37.287212871714715,41.02298389775591,1.0,2,balanced,0.3333333333333333,0.3333333333333333,0.3333333333333333,-118.12725865542853,9.698207276238408,0.0,0.0,none
traffic,random,19,197,1571.7637189760317,36.95877259054114,42.6752829322422,1.0,1,prioritize_ew,0.3333333333333333,0.3333333333333333,0.3333333333333333,-119.19230542631331,10.26768085791038,0.0,0.0,none
traffic,random,19,198,1581.9723131520134,36.048469117599375,43.292715306807686,1.0,1,prioritize_ew,0.3333333333333333,0.3333333333333333,0.3333333333333333,-120.04706604719102,8.380014694851258,0.0,0.0,none
traffic,random,19,199,1590.1855021333809,35.77765343398498,44.93430962568661,1.0,2,balanced,0.3333333333333333,0.3333333333333333,0.3333333333333333,-121.07919650053302,11.414468830022129,0.0,0.0,none
traffic,random,19,200,1601.522007882952,36.24926170634695,46.179830279439855,1.0,0,prioritize_ns,0.3333333333333333,0.3333333333333333,0.3333333333333333,-122.58277565920751,18.59316224847542,1.0,1.0,traffic_wave_shift
traffic,random,19,201,1620.097680026698,35.87694675105631,46.89500045517151,1.0,2,balanced,0.3333333333333333,0.3333333333333333,0.3333333333333333,-123.96547645994248,17.889032459634723,1.0,0.0,traffic_wave_shift
traffic,random,19,202,1637.974117653257,35.84207973544507,47.56525743337718,1.0,0,prioritize_ns,0.3333333333333333,0.3333333333333333,0.3333333333333333,-124.9813074670212,12.559919165397883,1.0,0.0,traffic_wave_shift
traffic,random,19,203,1650.2442088827815,34.55437914615359,49.91860777975859,1.0,2,balanced,0.3333333333333333,0.3333333333333333,0.3333333333333333,-126.08284546988794,12.829935671124307,1.0,0.0,traffic_wave_shift
traffic,random,19,204,1662.9480940963679,33.752518392597366,51.52346576011606,1.0,0,prioritize_ns,0.3333333333333333,0.3333333333333333,0.3333333333333333,-127.50200721379255,20.52383776565633,1.0,0.0,traffic_wave_shift
traffic,random,19,205,1683.4713274885517,33.8898639211199,51.600562885409275,1.0,2,balanced,0.3333333333333333,0.3333333333333333,0.3333333333333333,-128.39908895952848,12.177319279113457,1.0,0.0,traffic_wave_shift
traffic,random,19,206,1695.5728537225943,32.59503473917921,52.00501933774938,1.0,1,prioritize_ew,0.3333333333333333,0.3333333333333333,0.3333333333333333,-129.68683706901567,13.035802707516085,1.0,0.0,traffic_wave_shift
traffic,random,19,207,1708.4595511177768,31.597086692903844,53.6989148986438,1.0,2,balanced,0.3333333333333333,0.3333333333333333,0.3333333333333333,-130.43064639459703,8.71516138014042,1.0,0.0,traffic_wave_shift
traffic,random,19,208,1717.0286617701013,30.85689057746394,55.10479192768906,1.0,2,balanced,0.3333333333333333,0.3333333333333333,0.3333333333333333,-131.28788634153582,12.032179561712153,1.0,0.0,traffic_wave_shift
traffic,random,19,209,1729.0596130667652,30.722303794079473,55.2117606162015,1.0,2,balanced,0.3333333333333333,0.3333333333333333,0.3333333333333333,-132.24675494395441,12.574014976302522,1.0,0.0,traffic_wave_shift
traffic,random,19,210,1741.3766690734856,29.08106831698682,53.28761663501748,1.0,2,balanced,0.3333333333333333,0.3333333333333333,0.3333333333333333,-133.26588583639105,14.247099026828337,1.0,0.0,traffic_wave_shift
traffic,random,19,211,1755.6100540936204,29.507440074205213,53.74455062751575,1.0,0,prioritize_ns,0.3333333333333333,0.3333333333333333,0.3333333333333333,-133.8944482037825,11.79466122814623,1.0,0.0,traffic_wave_shift
traffic,random,19,212,1767.3582220853473,29.279734193514116,52.72340795540812,1.0,2,balanced,0.3333333333333333,0.3333333333333333,0.3333333333333333,-135.1276320895994,18.033978502415394,1.0,0.0,traffic_wave_shift
traffic,random,19,213,1785.2908121786222,31.152430081704175,53.09704318195161,1.0,1,prioritize_ew,0.3333333333333333,0.3333333333333333,0.3333333333333333,-136.27926327822874,15.501692868875702,1.0,0.0,traffic_wave_shift
traffic,random,19,214,1800.7748326423985,31.84304391512661,53.36283372240831,1.0,0,prioritize_ns,0.3333333333333333,0.3333333333333333,0.3333333333333333,-137.04626975181571,13.884806419386695,1.0,0.0,traffic_wave_shift
traffic,random,19,215,1814.6038408813374,32.14543436157029,52.156624599121756,1.0,1,prioritize_ew,0.3333333333333333,0.3333333333333333,0.3333333333333333,-138.05255876933597,13.21242403412972,1.0,0.0,traffic_wave_shift
traffic,random,19,216,1827.8054589040441,31.939080962084756,52.64942142816431,1.0,1,prioritize_ew,0.3333333333333333,0.3333333333333333,0.3333333333333333,-139.14946568483734,15.617089733853293,1.0,0.0,traffic_wave_shift
traffic,random,19,217,1843.3973112799645,32.7078178389235,52.20594103747959,1.0,1,prioritize_ew,0.3333333333333333,0.3333333333333333,0.3333333333333333,-140.3601227380188,15.254496454985063,1.0,0.0,traffic_wave_shift
traffic,random,19,218,1858.6422817344364,32.17029391116283,52.24601552454239,1.0,2,balanced,0.3333333333333333,0.3333333333333333,0.3333333333333333,-141.98076582817245,23.018774075887023,1.0,0.0,traffic_wave_shift
traffic,random,19,219,1881.466408506895,33.63831517289937,54.84757478901359,1.0,0,prioritize_ns,0.3333333333333333,0.3333333333333333,0.3333333333333333,-143.31515705595595,22.1710749555221,1.0,0.0,traffic_wave_shift
traffic,random,19,220,1903.567142593885,35.29266034250956,54.23336020164921,1.0,2,balanced,0.3333333333333333,0.3333333333333333,0.3333333333333333,-145.00246186773796,24.35335316696223,1.0,0.0,traffic_wave_shift
traffic,random,19,221,1927.8195369302332,37.50281560523785,54.08371681327148,1.0,2,balanced,0.3333333333333333,0.3333333333333333,0.3333333333333333,-146.5055388686548,21.967387969891767,1.0,0.0,traffic_wave_shift
traffic,random,19,222,1949.7343411857264,38.76740598115241,53.24211129742305,1.0,0,prioritize_ns,0.3333333333333333,0.3333333333333333,0.3333333333333333,-148.26688590922595,25.28519164925582,1.0,0.0,traffic_wave_shift
traffic,random,19,223,1974.8732898506582,40.74620162324439,51.382395037248884,1.0,0,prioritize_ns,0.3333333333333333,0.3333333333333333,0.3333333333333333,-150.19026378794632,28.921531557087018,1.0,0.0,traffic_wave_shift
traffic,random,19,224,2003.7586463872365,41.95844757606834,52.1708270965917,1.0,1,prioritize_ew,0.3333333333333333,0.3333333333333333,0.3333333333333333,-152.2786120325589,26.298680915590392,1.0,0.0,traffic_wave_shift
traffic,random,19,225,2030.02471293145,42.79151406751307,53.180958976998824,1.0,1,prioritize_ew,0.3333333333333333,0.3333333333333333,0.3333333333333333,-153.80118312727924,17.860269530186958,1.0,0.0,traffic_wave_shift
traffic,random,19,226,2047.5652312541652,41.449138864786455,56.265999248457966,1.0,1,prioritize_ew,0.3333333333333333,0.3333333333333333,0.3333333333333333,-156.1185684050993,28.60925708060819,1.0,0.0,traffic_wave_shift
traffic,random,19,227,2076.0869045002833,42.77051266291137,58.07091399204838,1.0,1,prioritize_ew,0.3333333333333333,0.3333333333333333,0.3333333333333333,-157.96243955340682,23.171928755165112,1.0,0.0,traffic_wave_shift
traffic,random,19,228,2099.2236824592583,42.37007852172004,59.28229354037499,1.0,0,prioritize_ns,0.3333333333333333,0.3333333333333333,0.3333333333333333,-159.48148458249324,23.116611032830793,1.0,0.0,traffic_wave_shift
traffic,random,19,229,2122.2903687378553,41.20634447012378,58.306889611156365,1.0,1,prioritize_ew,0.3333333333333333,0.3333333333333333,0.3333333333333333,-161.71891833100065,26.196494168292805,1.0,0.0,traffic_wave_shift
traffic,random,19,230,2148.4084001027613,41.17673743426226,60.33269013307581,1.0,1,prioritize_ew,0.3333333333333333,0.3333333333333333,0.3333333333333333,-163.5347951244651,22.018902957205587,1.0,0.0,traffic_wave_shift
traffic,random,19,231,2170.408984038498,42.06875055686659,60.43616242181972,1.0,1,prioritize_ew,0.3333333333333333,0.3333333333333333,0.3333333333333333,-165.44304612640465,20.755449418872033,1.0,0.0,traffic_wave_shift
traffic,random,19,232,2191.0319044212947,40.48899998420234,62.16481033054963,1.0,2,balanced,0.3333333333333333,0.3333333333333333,0.3333333333333333,-167.0142711853624,20.195455437664165,1.0,0.0,traffic_wave_shift
traffic,random,19,233,2211.1875749544733,39.892778499043104,63.282793171772184,1.0,1,prioritize_ew,0.3333333333333333,0.3333333333333333,0.3333333333333333,-168.60001795022436,16.460696645635867,1.0,0.0,traffic_wave_shift
traffic,random,19,234,2227.2244160706664,38.486809466562285,66.71754384006428,1.0,2,balanced,0.3333333333333333,0.3333333333333333,0.3333333333333333,-170.19106249143434,19.84709224312966,1.0,0.0,traffic_wave_shift
traffic,random,19,235,2247.029932984812,37.22430657641026,66.48375606634275,1.0,2,balanced,0.3333333333333333,0.3333333333333333,0.3333333333333333,-171.48549107172892,14.722246692668465,1.0,0.0,traffic_wave_shift
traffic,random,19,236,2261.55671348013,35.729545888326435,68.35000540820509,1.0,2,balanced,0.3333333333333333,0.3333333333333333,0.3333333333333333,-172.57138590568738,13.86466623561412,1.0,0.0,traffic_wave_shift
traffic,random,19,237,2275.330692347323,34.35975758520567,69.14382906351835,1.0,0,prioritize_ns,0.3333333333333333,0.3333333333333333,0.3333333333333333,-173.65263559939885,14.614404086098702,1.0,0.0,traffic_wave_shift
traffic,random,19,238,2289.9011520107256,33.24271541125048,68.95747249524813,1.0,2,balanced,0.3333333333333333,0.3333333333333333,0.3333333333333333,-174.87042648515083,14.613856581879999,1.0,0.0,traffic_wave_shift
traffic,random,19,239,2304.475960180269,32.95030882192053,69.98424871394798,1.0,1,prioritize_ew,0.3333333333333333,0.3333333333333333,0.3333333333333333,-176.32081609172062,16.861466354830895,1.0,0.0,traffic_wave_shift
traffic,random,19,240,2321.3259164529463,32.359196693626814,70.1807371251493,1.0,0,prioritize_ns,0.3333333333333333,0.3333333333333333,0.3333333333333333,-176.46685886170297,5.1714282321733185,1.0,0.0,traffic_wave_shift
traffic,random,19,241,2324.4102489599136,30.07070709595676,73.64388284953635,1.0,0,prioritize_ns,0.3333333333333333,0.3333333333333333,0.3333333333333333,-176.8578116314596,7.058062920417645,1.0,0.0,traffic_wave_shift
traffic,random,19,242,2331.3338606124325,28.70063365302196,73.59141729280668,1.0,0,prioritize_ns,0.3333333333333333,0.3333333333333333,0.3333333333333333,-177.52305893745864,10.219118356688368,1.0,0.0,traffic_wave_shift
traffic,random,19,243,2341.502262652596,27.82022212837407,73.08263886866654,1.0,1,prioritize_ew,0.3333333333333333,0.3333333333333333,0.3333333333333333,-178.06154122186734,4.550873377215063,1.0,0.0,traffic_wave_shift
traffic,random,19,244,2345.2456135435336,25.653930672652915,74.49860282711721,1.0,1,prioritize_ew,0.3333333333333333,0.3333333333333333,0.3333333333333333,-178.9967474966441,11.210840819233368,1.0,0.0,traffic_wave_shift
traffic,random,19,245,2356.353699274854,24.50555656438152,73.51137429872263,1.0,0,prioritize_ns,0.3333333333333333,0.3333333333333333,0.3333333333333333,-179.14242334989936,3.109765250725644,1.0,0.0,traffic_wave_shift
traffic,random,19,246,2359.4432260742938,24.50659542287603,73.15716674524903,1.0,1,prioritize_ew,0.3333333333333333,0.3333333333333333,0.3333333333333333,-179.90678253851115,6.71445909046951,1.0,0.0,traffic_wave_shift
traffic,random,19,247,2365.9781712212593,24.428862121765356,74.69742981941462,1.0,0,prioritize_ns,0.3333333333333333,0.3333333333333333,0.3333333333333333,-180.72334852103774,11.897680740557877,1.0,0.0,traffic_wave_shift
traffic,random,19,248,2377.8667491694237,24.77289730336552,75.01073664743538,1.0,0,prioritize_ns,0.3333333333333333,0.3333333333333333,0.3333333333333333,-181.10630132487697,7.344357314892738,1.0,0.0,traffic_wave_shift
traffic,random,19,249,2385.101789246169,25.47123514052713,73.95902198941548,1.0,0,prioritize_ns,0.3333333333333333,0.3333333333333333,0.3333333333333333,-182.08098337179442,14.437045997748362,1.0,0.0,traffic_wave_shift
traffic,random,19,250,2399.5093910178107,26.13113834859133,74.60232291968013,1.0,1,prioritize_ew,0.3333333333333333,0.3333333333333333,0.3333333333333333,-183.28633647024057,15.097198988712055,1.0,0.0,traffic_wave_shift
traffic,random,19,251,2414.417416398972,28.494838064935607,74.90085296904705,1.0,0,prioritize_ns,0.3333333333333333,0.3333333333333333,0.3333333333333333,-183.83697223905367,8.20160303895942,1.0,0.0,traffic_wave_shift
traffic,random,19,252,2422.5979850444564,28.82396276463942,74.41478098134492,1.0,1,prioritize_ew,0.3333333333333333,0.3333333333333333,0.3333333333333333,-185.26547306469683,17.810913998528076,1.0,0.0,traffic_wave_shift
traffic,random,19,253,2440.27141105203,29.98093237652133,76.2962941848501,1.0,1,prioritize_ew,0.3333333333333333,0.3333333333333333,0.3333333333333333,-186.92257140637943,19.858508433721152,1.0,0.0,traffic_wave_shift
traffic,random,19,254,2459.9351923196764,32.46668061470149,77.5280080991666,1.0,2,balanced,0.3333333333333333,0.3333333333333333,0.3333333333333333,-188.29694503615826,17.522616056897917,1.0,0.0,traffic_wave_shift
traffic,random,19,255,2477.4260474896228,33.08333129436244,78.383461686856,1.0,2,balanced,0.3333333333333333,0.3333333333333333,0.3333333333333333,-189.75414098671513,18.09163362652429,1.0,0.0,traffic_wave_shift
traffic,random,19,256,2495.475730386138,33.71166279743318,79.44240178614477,1.0,2,balanced,0.3333333333333333,0.3333333333333333,0.3333333333333333,-191.4598628229485,21.71385319651632,1.0,0.0,traffic_wave_shift
traffic,random,19,257,2516.9688669417974,36.374176379468295,77.87794562980325,1.0,2,balanced,0.3333333333333333,0.3333333333333333,0.3333333333333333,-193.6792251176108,29.38902652423691,1.0,0.0,traffic_wave_shift
traffic,random,19,258,2546.047081178438,38.655134025281576,81.47927442183772,1.0,1,prioritize_ew,0.3333333333333333,0.3333333333333333,0.3333333333333333,-195.6245182095111,25.056436097163644,1.0,0.0,traffic_wave_shift
traffic,random,19,259,2571.0549636867163,39.723954273407955,82.61436279751157,1.0,1,prioritize_ew,0.3333333333333333,0.3333333333333333,0.3333333333333333,-197.5513082086311,24.99584937039148,1.0,0.0,traffic_wave_shift
traffic,random,19,260,2596.004950933686,41.215780688812714,82.86946291443486,1.0,0,prioritize_ns,0.3333333333333333,0.3333333333333333,0.3333333333333333,-199.36442563305033,27.16586325585308,1.0,0.0,traffic_wave_shift
traffic,random,19,261,2623.0639329701626,43.01764051680495,81.27292956194599,1.0,0,prioritize_ns,0.3333333333333333,0.3333333333333333,0.3333333333333333,-201.06255080545702,24.478566540915402,1.0,0.0,traffic_wave_shift
traffic,random,19,262,2647.52021351353,43.610269314346496,80.41307318414069,1.0,0,prioritize_ns,0.3333333333333333,0.3333333333333333,0.3333333333333333,-202.6642913193958,24.006318983446366,1.0,0.0,traffic_wave_shift
traffic,random,19,263,2671.481544926637,42.586892749639865,79.35920011159475,1.0,1,prioritize_ew,0.3333333333333333,0.3333333333333333,0.3333333333333333,-204.48338021812071,21.45038364970269,1.0,0.0,traffic_wave_shift
traffic,random,19,264,2692.7800194326423,41.845011149185254,81.79714066201484,1.0,0,prioritize_ns,0.3333333333333333,0.3333333333333333,0.3333333333333333,-206.02287285362195,23.04480985665897,1.0,0.0,traffic_wave_shift
traffic,random,19,265,2715.819243968121,41.462858606887025,81.4634438418694,1.0,2,balanced,0.3333333333333333,0.3333333333333333,0.3333333333333333,-207.77460980356767,22.49507247151284,1.0,0.0,traffic_wave_shift
traffic,random,19,266,2738.2953133119395,40.54627606835544,81.58373016919467,1.0,2,balanced,0.3333333333333333,0.3333333333333333,0.3333333333333333,-208.93648208489614,15.835001392464072,1.0,0.0,traffic_wave_shift
traffic,random,19,267,2753.8734753406493,38.770652365423864,83.80077716287578,1.0,1,prioritize_ew,0.3333333333333333,0.3333333333333333,0.3333333333333333,-210.4337742706251,18.661906229886267,1.0,0.0,traffic_wave_shift
traffic,random,19,268,2772.4890034283876,37.701491700350154,84.56612258812703,1.0,2,balanced,0.3333333333333333,0.3333333333333333,0.3333333333333333,-211.5119187049746,14.538942605309112,1.0,0.0,traffic_wave_shift
traffic,random,19,269,2786.9240296692587,36.32880204732334,85.627533263741,1.0,1,prioritize_ew,0.3333333333333333,0.3333333333333333,0.3333333333333333,-213.0403902708,17.445128338023864,1.0,0.0,traffic_wave_shift
traffic,random,19,270,2804.3114909877413,35.1984494039241,86.48251544481623,1.0,0,prioritize_ns,0.3333333333333333,0.3333333333333333,0.3333333333333333,-214.04168216282702,15.64944628048964,1.0,0.0,traffic_wave_shift
traffic,random,19,271,2819.8044797569646,33.80183328900514,84.77314968225976,1.0,1,prioritize_ew,0.3333333333333333,0.3333333333333333,0.3333333333333333,-215.20073950844363,14.167917127390368,1.0,0.0,traffic_wave_shift
traffic,random,19,272,2833.927591300635,33.510823191997176,85.86076596435841,1.0,0,prioritize_ns,0.3333333333333333,0.3333333333333333,0.3333333333333333,-215.8540240171642,10.894520463877644,1.0,0.0,traffic_wave_shift
traffic,random,19,273,2844.7085398949384,31.943907293310144,85.78015510109323,1.0,0,prioritize_ns,0.3333333333333333,0.3333333333333333,0.3333333333333333,-216.2270933119347,7.555654636061154,1.0,0.0,traffic_wave_shift
traffic,random,19,274,2852.101286387681,30.535451343684407,86.45206886895437,1.0,1,prioritize_ew,0.3333333333333333,0.3333333333333333,0.3333333333333333,-217.19062122338343,10.041978721443416,1.0,0.0,traffic_wave_shift
traffic,random,19,275,2862.004689389292,29.038639680310137,87.17560219506447,1.0,1,prioritize_ew,0.3333333333333333,0.3333333333333333,0.3333333333333333,-218.19527569300408,11.031679775213338,1.0,0.0,traffic_wave_shift
traffic,random,19,276,2872.9916560023116,28.13743524906938,87.59075744355658,1.0,2,balanced,0.3333333333333333,0.3333333333333333,0.3333333333333333,-218.8411141619011,10.637053388997533,1.0,0.0,traffic_wave_shift
traffic,random,19,277,2883.5240332907415,27.41928839802133,86.28684082241844,1.0,2,balanced,0.3333333333333333,0.3333333333333333,0.3333333333333333,-219.6694756202019,9.864118463918633,1.0,0.0,traffic_wave_shift
traffic,random,19,278,2893.366505107386,27.231593042489493,86.91242220185242,1.0,2,balanced,0.3333333333333333,0.3333333333333333,0.3333333333333333,-220.40511495475138,10.794250591452494,1.0,0.0,traffic_wave_shift
traffic,random,19,279,2904.1049072065107,27.900724163765982,86.04361282625706,1.0,2,balanced,0.3333333333333333,0.3333333333333333,0.3333333333333333,-221.21310285842694,11.311132287748622,1.0,0.0,traffic_wave_shift
traffic,random,19,280,2915.4119136069103,28.18144484352368,86.16409432786014,1.0,1,prioritize_ew,0.3333333333333333,0.3333333333333333,0.3333333333333333,-222.33517055689364,12.24304381106866,1.0,0.0,traffic_wave_shift
traffic,random,19,281,2927.542302036806,28.410129206898876,87.80528345819884,1.0,1,prioritize_ew,0.3333333333333333,0.3333333333333333,0.3333333333333333,-223.31622034031307,10.394554719076956,1.0,0.0,traffic_wave_shift
traffic,random,19,282,2937.852179403534,28.365629222558606,89.12861873027062,1.0,1,prioritize_ew,0.3333333333333333,0.3333333333333333,0.3333333333333333,-224.6111751789221,12.285748475453177,1.0,0.0,traffic_wave_shift
traffic,random,19,283,2949.936356904636,28.81397035945008,91.29916242919428,1.0,1,prioritize_ew,0.3333333333333333,0.3333333333333333,0.3333333333333333,-225.86008373678237,13.022335991749516,1.0,0.0,traffic_wave_shift
traffic,random,19,284,2962.814014833414,29.241821525380725,93.18704598789196,1.0,0,prioritize_ns,0.3333333333333333,0.3333333333333333,0.3333333333333333,-226.44741361182267,8.32563154238561,1.0,0.0,traffic_wave_shift
traffic,random,19,285,2971.0747860683873,28.632574492295436,94.02646080529927,1.0,0,prioritize_ns,0.3333333333333333,0.3333333333333333,0.3333333333333333,-227.40255289942291,13.683722996117961,1.0,0.0,traffic_wave_shift
traffic,random,19,286,2984.752426892472,28.942024971133275,94.2922745050255,1.0,1,prioritize_ew,0.3333333333333333,0.3333333333333333,0.3333333333333333,-229.0837599489305,18.39604320829043,1.0,0.0,traffic_wave_shift
traffic,random,19,287,3002.786672209343,30.48689856116173,97.57766141725345,1.0,1,prioritize_ew,0.3333333333333333,0.3333333333333333,0.3333333333333333,-230.70583335513666,18.188151831211538,1.0,0.0,traffic_wave_shift
traffic,random,19,288,3020.787253155552,31.670179250183345,99.89882479908736,1.0,0,prioritize_ns,0.3333333333333333,0.3333333333333333,0.3333333333333333,-232.32317525499474,21.313408292657947,1.0,0.0,traffic_wave_shift
traffic,random,19,289,3041.982517850284,33.33370060337394,101.40043203045133,1.0,2,balanced,0.3333333333333333,0.3333333333333333,0.3333333333333333,-233.38919534211368,11.602391605539937,1.0,0.0,traffic_wave_shift
traffic,random,19,290,3053.563647239168,33.99777223415607,101.62833972101365,1.0,1,prioritize_ew,0.3333333333333333,0.3333333333333333,0.3333333333333333,-235.21058142046806,18.558983333303704,1.0,0.0,traffic_wave_shift
traffic,random,19,291,3071.941927640218,34.93790014954914,104.03475435048135,1.0,1,prioritize_ew,0.3333333333333333,0.3333333333333333,0.3333333333333333,-237.1749079621878,22.82221226911973,1.0,0.0,traffic_wave_shift
traffic,random,19,292,3094.6034962769186,35.863364813515055,106.57447774814234,1.0,0,prioritize_ns,0.3333333333333333,0.3333333333333333,0.3333333333333333,-238.42401264521072,16.771402297464963,1.0,0.0,traffic_wave_shift
traffic,random,19,293,3111.3674742048534,35.61604420986007,107.00785007551966,1.0,1,prioritize_ew,0.3333333333333333,0.3333333333333333,0.3333333333333333,-240.07076433622106,18.28121949966954,1.0,0.0,traffic_wave_shift
traffic,random,19,294,3129.5722838628667,35.017953202516566,108.56675316985769,1.0,1,prioritize_ew,0.3333333333333333,0.3333333333333333,0.3333333333333333,-241.54304706159857,15.325078861594884,1.0,0.0,traffic_wave_shift
traffic,random,19,295,3144.851789439222,35.757628440010876,109.48742249120176,1.0,2,balanced,0.3333333333333333,0.3333333333333333,0.3333333333333333,-243.31809082238078,21.340567456605157,1.0,0.0,traffic_wave_shift
traffic,random,19,296,3166.115531653981,36.33472080275268,111.20208012439065,1.0,0,prioritize_ns,0.3333333333333333,0.3333333333333333,0.3333333333333333,-244.90083658549707,21.337843039482028,1.0,0.0,traffic_wave_shift
traffic,random,19,297,3187.451455333215,36.06959181125937,111.30984351959651,1.0,0,prioritize_ns,0.3333333333333333,0.3333333333333333,0.3333333333333333,-245.76385743202366,12.85666634311469,1.0,0.0,traffic_wave_shift
traffic,random,19,298,3200.261114913672,35.278728141763864,112.07209383757689,1.0,2,balanced,0.3333333333333333,0.3333333333333333,0.3333333333333333,-247.23354375860606,20.798771275400654,1.0,0.0,traffic_wave_shift
traffic,random,19,299,3221.0514280261377,35.79582883265428,112.36256608675765,1.0,1,prioritize_ew,0.3333333333333333,0.3333333333333333,0.3333333333333333,-248.46977870691444,13.679083399560223,1.0,0.0,traffic_wave_shift
traffic,random,19,300,3234.610222904924,35.45168669314045,114.13963397373854,1.0,1,prioritize_ew,0.3333333333333333,0.3333333333333333,0.3333333333333333,-249.7122513469839,3235.77232962631,1.0,1.0,traffic_wave_shift|traffic_signal_latency
traffic,random,19,301,1.0,1.0,1.0,0.997114018294575,2,balanced,0.3333333333333333,0.3333333333333333,0.3333333333333333,-250.1185962772618,0.002885981705424978,1.0,0.0,traffic_signal_latency
traffic,random,19,302,1.0,1.0,1.0,1.0,1,prioritize_ew,0.3333333333333333,0.3333333333333333,0.3333333333333333,-250.42290514290792,0.0,1.0,0.0,traffic_signal_latency
traffic,random,19,303,1.0,1.0,1.0,1.0,0,prioritize_ns,0.3333333333333333,0.3333333333333333,0.3333333333333333,-250.53718487341087,0.0,1.0,0.0,traffic_signal_latency
traffic,random,19,304,1.0,1.0,1.0,1.0,0,prioritize_ns,0.3333333333333333,0.3333333333333333,0.3333333333333333,-250.80675786239516,0.0,1.0,0.0,traffic_signal_latency
traffic,random,19,305,1.0,1.0,1.0,1.0,2,balanced,0.3333333333333333,0.3333333333333333,0.3333333333333333,-250.7385207570481,0.02827470366181417,1.0,0.0,traffic_signal_latency
traffic,random,19,306,1.0,1.0,1.0,0.9717252963381858,0,prioritize_ns,0.3333333333333333,0.3333333333333333,0.3333333333333333,-251.00560955479673,0.019958948394157794,1.0,0.0,traffic_signal_latency
traffic,random,19,307,1.0,1.0,1.0,0.9916842447323436,2,balanced,0.3333333333333333,0.3333333333333333,0.3333333333333333,-251.69833375308048,0.008315755267656377,1.0,0.0,traffic_signal_latency
traffic,random,19,308,1.0,1.0,1.0,1.0,0,prioritize_ns,0.3333333333333333,0.3333333333333333,0.3333333333333333,-252.13159729181857,0.0,1.0,0.0,traffic_signal_latency
traffic,random,19,309,1.0,1.0,1.0,1.0,0,prioritize_ns,0.3333333333333333,0.3333333333333333,0.3333333333333333,-252.18177746254256,1.5999303154989875e-05,1.0,0.0,traffic_signal_latency
traffic,random,19,310,1.0,1.0,1.0,0.999984000696845,2,balanced,0.3333333333333333,0.3333333333333333,0.3333333333333333,-252.53868606384214,1.5999303154989875e-05,1.0,0.0,traffic_signal_latency
traffic,random,19,311,1.0,1.0,1.0,1.0,1,prioritize_ew,0.3333333333333333,0.3333333333333333,0.3333333333333333,-253.5787660980075,0.0,1.0,0.0,traffic_signal_latency
traffic,random,19,312,1.0,1.0,1.0,1.0,0,prioritize_ns,0.3333333333333333,0.3333333333333333,0.3333333333333333,-254.20280456666043,0.0,1.0,0.0,traffic_signal_latency
traffic,random,19,313,1.0,1.0,1.0,1.0,2,balanced,0.3333333333333333,0.3333333333333333,0.3333333333333333,-254.65781322146228,0.06171180509841212,1.0,0.0,traffic_signal_latency
traffic,random,19,314,1.0,1.0,1.0,0.9382881949015879,2,prioritize_ns,0.3333333333333333,0.3333333333333333,0.3333333333333333,-255.26149854893686,0.05501079436564116,1.0,0.0,traffic_signal_latency
traffic,random,19,315,1.0,1.0,1.0,0.993298989267229,2,balanced,0.3333333333333333,0.3333333333333333,0.3333333333333333,-255.980506381035,0.006701010732770962,1.0,0.0,traffic_signal_latency
traffic,random,19,316,1.0,1.0,1.0,1.0,2,balanced,0.3333333333333333,0.3333333333333333,0.3333333333333333,-257.0272399195142,0.0008603454937574639,1.0,0.0,traffic_signal_latency
traffic,random,19,317,1.0,1.0,1.0,0.9991396545062425,1,prioritize_ew,0.3333333333333333,0.3333333333333333,0.3333333333333333,-258.10652946115044,0.037744830859042344,1.0,0.0,traffic_signal_latency
traffic,random,19,318,1.0,1.0,1.0,0.9613948236472002,2,balanced,0.3333333333333333,0.3333333333333333,0.3333333333333333,-258.8259120665367,0.027973901769789644,1.0,0.0,traffic_signal_latency
traffic,random,19,319,1.0,1.0,1.0,0.9893687254169898,0,prioritize_ns,0.3333333333333333,0.3333333333333333,0.3333333333333333,-259.64318426985415,0.010631274583010164,1.0,0.0,traffic_signal_latency
traffic,random,19,320,1.0,1.0,1.0,1.0,1,prioritize_ew,0.3333333333333333,0.3333333333333333,0.3333333333333333,-260.53510515524215,0.0,1.0,0.0,traffic_signal_latency
traffic,random,19,321,1.0,1.0,1.0,1.0,0,prioritize_ns,0.3333333333333333,0.3333333333333333,0.3333333333333333,-261.1628582363728,0.024172856844086543,1.0,0.0,traffic_signal_latency
traffic,random,19,322,1.0,1.0,1.0,0.9758271431559135,1,prioritize_ew,0.3333333333333333,0.3333333333333333,0.3333333333333333,-262.4153765086626,0.013816328293779101,1.0,0.0,traffic_signal_latency
traffic,random,19,323,1.0,1.0,1.0,0.9896434714496926,2,balanced,0.3333333333333333,0.3333333333333333,0.3333333333333333,-263.17147415724605,0.010182067778683246,1.0,0.0,traffic_signal_latency
traffic,random,19,324,1.0,1.0,1.0,0.9794614036710093,1,prioritize_ns,0.3333333333333333,0.3333333333333333,0.3333333333333333,-263.7905461614967,0.020538596328990688,1.0,0.0,traffic_signal_latency
traffic,random,19,325,1.0,1.0,1.0,1.0,1,prioritize_ew,0.3333333333333333,0.3333333333333333,0.3333333333333333,-264.86609872081556,0.0,1.0,0.0,traffic_signal_latency
traffic,random,19,326,1.0,1.0,1.0,1.0,1,prioritize_ew,0.3333333333333333,0.3333333333333333,0.3333333333333333,-265.8281420993264,0.00744305353882635,1.0,0.0,traffic_signal_latency
traffic,random,19,327,1.0,1.0,1.0,0.9925569464611737,2,prioritize_ew,0.3333333333333333,0.3333333333333333,0.3333333333333333,-266.5749352882062,0.00744305353882635,1.0,0.0,traffic_signal_latency
traffic,random,19,328,1.0,1.0,1.0,1.0,0,balanced,0.3333333333333333,0.3333333333333333,0.3333333333333333,-267.08381066732994,0.0,1.0,0.0,traffic_signal_latency
traffic,random,19,329,1.0,1.0,1.0,1.0,0,prioritize_ns,0.3333333333333333,0.3333333333333333,0.3333333333333333,-267.0168961659865,0.04656126612470546,1.0,0.0,traffic_signal_latency
traffic,random,19,330,1.0,1.0,1.0,0.9534387338752945,0,prioritize_ns,0.3333333333333333,0.3333333333333333,0.3333333333333333,-267.0576657158042,0.0036994606492981585,1.0,0.0,traffic_signal_latency
traffic,random,19,331,1.0,1.0,1.0,0.9497392732259964,1,prioritize_ew,0.3333333333333333,0.3333333333333333,0.3333333333333333,-267.4143199622374,0.05026072677400362,1.0,0.0,traffic_signal_latency
traffic,random,19,332,1.0,1.0,1.0,1.0,2,balanced,0.3333333333333333,0.3333333333333333,0.3333333333333333,-267.56832454489296,0.0,1.0,0.0,traffic_signal_latency
traffic,random,19,333,1.0,1.0,1.0,1.0,0,prioritize_ns,0.3333333333333333,0.3333333333333333,0.3333333333333333,-267.53850453495227,0.05865076179140705,1.0,0.0,traffic_signal_latency
traffic,random,19,334,1.0,1.0,1.0,0.941349238208593,1,prioritize_ew,0.3333333333333333,0.3333333333333333,0.3333333333333333,-267.8773770698757,0.05865076179140705,1.0,0.0,traffic_signal_latency
traffic,random,19,335,1.0,1.0,1.0,1.0,1,prioritize_ew,0.3333333333333333,0.3333333333333333,0.3333333333333333,-268.08620418163736,0.0,1.0,0.0,traffic_signal_latency
traffic,random,19,336,1.0,1.0,1.0,1.0,2,prioritize_ns,0.3333333333333333,0.3333333333333333,0.3333333333333333,-268.1858384891209,0.0,1.0,0.0,traffic_signal_latency
traffic,random,19,337,1.0,1.0,1.0,1.0,0,balanced,0.3333333333333333,0.3333333333333333,0.3333333333333333,-267.8937054135422,0.0,1.0,0.0,traffic_signal_latency
traffic,random,19,338,1.0,1.0,1.0,1.0,2,balanced,0.3333333333333333,0.3333333333333333,0.3333333333333333,-268.24765153391104,0.00496196291523876,1.0,0.0,traffic_signal_latency
traffic,random,19,339,1.0,1.0,1.0,0.9950380370847612,1,prioritize_ew,0.3333333333333333,0.3333333333333333,0.3333333333333333,-268.381407058773,0.03799593051789418,1.0,0.0,traffic_signal_latency
traffic,random,19,340,1.0,1.0,1.0,0.9570421065668671,2,prioritize_ns,0.3333333333333333,0.3333333333333333,0.3333333333333333,-267.92723717067315,0.031088181013330107,1.0,0.0,traffic_signal_latency
traffic,random,19,341,1.0,1.0,1.0,0.9881302875801972,2,balanced,0.3333333333333333,0.3333333333333333,0.3333333333333333,-267.8742690182899,0.003180541891764199,1.0,0.0,traffic_signal_latency
traffic,random,19,342,1.0,1.0,1.0,0.9913108294719614,1,prioritize_ns,0.3333333333333333,0.3333333333333333,0.3333333333333333,-268.04138092753465,0.008689170528038637,1.0,0.0,traffic_signal_latency
traffic,random,19,343,1.0,1.0,1.0,1.0,1,prioritize_ew,0.3333333333333333,0.3333333333333333,0.3333333333333333,-268.61567976875216,0.0,1.0,0.0,traffic_signal_latency
traffic,random,19,344,1.0,1.0,1.0,1.0,0,prioritize_ns,0.3333333333333333,0.3333333333333333,0.3333333333333333,-269.2297946290607,0.0,1.0,0.0,traffic_signal_latency
traffic,random,19,345,1.0,1.0,1.0,1.0,2,prioritize_ew,0.3333333333333333,0.3333333333333333,0.3333333333333333,-270.03650907508575,0.05534781091299157,1.0,0.0,traffic_signal_latency
traffic,random,19,346,1.0,1.0,1.0,0.9446521890870084,2,balanced,0.3333333333333333,0.3333333333333333,0.3333333333333333,-270.72064442289167,0.05534781091299157,1.0,0.0,traffic_signal_latency
traffic,random,19,347,1.0,1.0,1.0,1.0,0,balanced,0.3333333333333333,0.3333333333333333,0.3333333333333333,-271.38384445089963,0.0,1.0,0.0,traffic_signal_latency
traffic,random,19,348,1.0,1.0,1.0,1.0,2,balanced,0.3333333333333333,0.3333333333333333,0.3333333333333333,-272.0450071389456,0.03998269537689714,1.0,0.0,traffic_signal_latency
traffic,random,19,349,1.0,1.0,1.0,0.9600173046231029,1,prioritize_ns,0.3333333333333333,0.3333333333333333,0.3333333333333333,-273.2883219713896,0.03998269537689714,1.0,0.0,traffic_signal_latency
traffic,random,19,350,1.0,1.0,1.0,1.0,1,prioritize_ew,0.3333333333333333,0.3333333333333333,0.3333333333333333,-274.5571735140725,0.027927785142005,1.0,0.0,traffic_signal_latency
traffic,random,19,351,1.0,1.0,1.0,0.972072214857995,2,balanced,0.3333333333333333,0.3333333333333333,0.3333333333333333,-275.3924352778267,0.027927785142005,1.0,0.0,traffic_signal_latency
traffic,random,19,352,1.0,1.0,1.0,1.0,0,prioritize_ew,0.3333333333333333,0.3333333333333333,0.3333333333333333,-276.85016441171314,0.0,1.0,0.0,traffic_signal_latency
traffic,random,19,353,1.0,1.0,1.0,1.0,1,prioritize_ew,0.3333333333333333,0.3333333333333333,0.3333333333333333,-278.1833154611645,0.0062913682928851244,1.0,0.0,traffic_signal_latency
traffic,random,19,354,1.0,1.0,1.0,0.9937086317071149,2,balanced,0.3333333333333333,0.3333333333333333,0.3333333333333333,-279.33159728332606,0.008072031282670866,1.0,0.0,traffic_signal_latency
traffic,random,19,355,1.0,1.0,1.0,0.985636600424444,1,prioritize_ns,0.3333333333333333,0.3333333333333333,0.3333333333333333,-280.2220064618676,0.020971686370827247,1.0,0.0,traffic_signal_latency
traffic,random,19,356,1.0,1.0,1.0,0.9646649140536168,2,balanced,0.3333333333333333,0.3333333333333333,0.3333333333333333,-281.7315484467638,0.03533508594638324,1.0,0.0,traffic_signal_latency
traffic,random,19,357,1.0,1.0,1.0,1.0,2,balanced,0.3333333333333333,0.3333333333333333,0.3333333333333333,-282.53599848303054,0.03527271648724839,1.0,0.0,traffic_signal_latency
traffic,random,19,358,1.0,1.0,1.0,0.9647272835127516,2,balanced,0.3333333333333333,0.3333333333333333,0.3333333333333333,-283.45062920504427,0.03527271648724839,1.0,0.0,traffic_signal_latency
traffic,random,19,359,1.0,1.0,1.0,1.0,0,prioritize_ns,0.3333333333333333,0.3333333333333333,0.3333333333333333,-284.46411520446634,0.0,1.0,0.0,traffic_signal_latency
traffic,random,19,360,1.0,1.0,1.0,1.0,2,balanced,0.3333333333333333,0.3333333333333333,0.3333333333333333,-285.2944149216249,0.0,1.0,0.0,traffic_signal_latency
traffic,random,19,361,1.0,1.0,1.0,1.0,2,balanced,0.3333333333333333,0.3333333333333333,0.3333333333333333,-285.92928888957334,0.0,1.0,0.0,traffic_signal_latency
traffic,random,19,362,1.0,1.0,1.0,1.0,0,prioritize_ns,0.3333333333333333,0.3333333333333333,0.3333333333333333,-286.3315474396401,0.03533461656921755,1.0,0.0,traffic_signal_latency
traffic,random,19,363,1.0,1.0,1.0,0.9646653834307825,0,prioritize_ns,0.3333333333333333,0.3333333333333333,0.3333333333333333,-286.66999205941005,0.03272236107308546,1.0,0.0,traffic_signal_latency
traffic,random,19,364,1.0,1.0,1.0,0.9973877445038679,0,prioritize_ns,0.3333333333333333,0.3333333333333333,0.3333333333333333,-287.24243040457924,0.0026122554961320876,1.0,0.0,traffic_signal_latency
traffic,random,19,365,1.0,1.0,1.0,1.0,2,prioritize_ew,0.3333333333333333,0.3333333333333333,0.3333333333333333,-287.4489646427765,0.0,1.0,0.0,traffic_signal_latency
traffic,random,19,366,1.0,1.0,1.0,1.0,2,balanced,0.3333333333333333,0.3333333333333333,0.3333333333333333,-287.99552086074937,0.0,1.0,0.0,traffic_signal_latency
traffic,random,19,367,1.0,1.0,1.0,1.0,0,prioritize_ns,0.3333333333333333,0.3333333333333333,0.3333333333333333,-287.7396186809637,0.0,1.0,0.0,traffic_signal_latency
traffic,random,19,368,1.0,1.0,1.0,1.0,2,balanced,0.3333333333333333,0.3333333333333333,0.3333333333333333,-288.0837377818108,0.0,1.0,0.0,traffic_signal_latency
traffic,random,19,369,1.0,1.0,1.0,1.0,0,prioritize_ns,0.3333333333333333,0.3333333333333333,0.3333333333333333,-287.60569559843407,0.0,1.0,0.0,traffic_signal_latency
traffic,random,19,370,1.0,1.0,1.0,1.0,2,balanced,0.3333333333333333,0.3333333333333333,0.3333333333333333,-287.57446941028627,0.0,1.0,0.0,traffic_signal_latency
traffic,random,19,371,1.0,1.0,1.0,1.0,0,prioritize_ns,0.3333333333333333,0.3333333333333333,0.3333333333333333,-287.1910320309506,0.010010524573414559,1.0,0.0,traffic_signal_latency
traffic,random,19,372,1.0,1.0,1.0,0.9899894754265854,1,prioritize_ew,0.3333333333333333,0.3333333333333333,0.3333333333333333,-287.24905733554294,0.004995966927308637,1.0,0.0,traffic_signal_latency
traffic,random,19,373,1.0,1.0,1.0,0.9949854423538941,1,prioritize_ew,0.3333333333333333,0.3333333333333333,0.3333333333333333,-287.3263458196298,0.011364737427649652,1.0,0.0,traffic_signal_latency
traffic,random,19,374,1.0,1.0,1.0,0.9836207049262444,2,balanced,0.3333333333333333,0.3333333333333333,0.3333333333333333,-287.63820542874976,0.016379295073755573,1.0,0.0,traffic_signal_latency
traffic,random,19,375,1.0,1.0,1.0,1.0,2,balanced,0.3333333333333333,0.3333333333333333,0.3333333333333333,-287.8923220581649,0.0,1.0,0.0,traffic_signal_latency
traffic,random,19,376,1.0,1.0,1.0,1.0,0,prioritize_ns,0.3333333333333333,0.3333333333333333,0.3333333333333333,-288.32915140623163,0.006397763879143037,1.0,0.0,traffic_signal_latency
traffic,random,19,377,1.0,1.0,1.0,0.993602236120857,2,balanced,0.3333333333333333,0.3333333333333333,0.3333333333333333,-288.9068986599713,0.06043810631094648,1.0,0.0,traffic_signal_latency
traffic,random,19,378,1.0,1.0,1.0,0.9331641298099105,0,balanced,0.3333333333333333,0.3333333333333333,0.3333333333333333,-289.9504503499561,0.06683587019008952,1.0,0.0,traffic_signal_latency
traffic,random,19,379,1.0,1.0,1.0,1.0,1,prioritize_ew,0.3333333333333333,0.3333333333333333,0.3333333333333333,-290.7189675950577,0.0,1.0,0.0,traffic_signal_latency
traffic,random,19,380,1.0,1.0,1.0,1.0,1,prioritize_ew,0.3333333333333333,0.3333333333333333,0.3333333333333333,-291.08452971645676,0.07075873202218608,1.0,0.0,traffic_signal_latency
traffic,random,19,381,1.0,1.0,1.0,0.9292412679778139,0,balanced,0.3333333333333333,0.3333333333333333,0.3333333333333333,-291.7843210285188,0.07075873202218608,1.0,0.0,traffic_signal_latency
traffic,random,19,382,1.0,1.0,1.0,1.0,0,prioritize_ns,0.3333333333333333,0.3333333333333333,0.3333333333333333,-292.2334538881357,0.0,1.0,0.0,traffic_signal_latency
traffic,random,19,383,1.0,1.0,1.0,1.0,0,prioritize_ns,0.3333333333333333,0.3333333333333333,0.3333333333333333,-293.0123825161598,0.0,1.0,0.0,traffic_signal_latency
traffic,random,19,384,1.0,1.0,1.0,1.0,0,prioritize_ns,0.3333333333333333,0.3333333333333333,0.3333333333333333,-293.58395098095804,0.0,1.0,0.0,traffic_signal_latency
traffic,random,19,385,1.0,1.0,1.0,1.0,0,prioritize_ns,0.3333333333333333,0.3333333333333333,0.3333333333333333,-294.7333575752335,0.0,1.0,0.0,traffic_signal_latency
traffic,random,19,386,1.0,1.0,1.0,1.0,2,balanced,0.3333333333333333,0.3333333333333333,0.3333333333333333,-295.84011328280104,0.0,1.0,0.0,traffic_signal_latency
traffic,random,19,387,1.0,1.0,1.0,1.0,0,prioritize_ns,0.3333333333333333,0.3333333333333333,0.3333333333333333,-296.3141249384976,0.041899758559330036,1.0,0.0,traffic_signal_latency
traffic,random,19,388,1.0,1.0,1.0,0.95810024144067,1,prioritize_ew,0.3333333333333333,0.3333333333333333,0.3333333333333333,-297.17351487610335,0.041899758559330036,1.0,0.0,traffic_signal_latency
traffic,random,19,389,1.0,1.0,1.0,1.0,1,prioritize_ew,0.3333333333333333,0.3333333333333333,0.3333333333333333,-298.1694223662524,0.02678448877048334,1.0,0.0,traffic_signal_latency
traffic,random,19,390,1.0,1.0,1.0,0.9732155112295167,0,prioritize_ns,0.3333333333333333,0.3333333333333333,0.3333333333333333,-298.9212273605809,0.02678448877048334,1.0,0.0,traffic_signal_latency
traffic,random,19,391,1.0,1.0,1.0,1.0,2,balanced,0.3333333333333333,0.3333333333333333,0.3333333333333333,-299.4524632490369,0.0036012294524737642,1.0,0.0,traffic_signal_latency
traffic,random,19,392,1.0,1.0,1.0,0.9963987705475262,0,prioritize_ew,0.3333333333333333,0.3333333333333333,0.3333333333333333,-300.23899375426976,0.10493088582034127,1.0,0.0,traffic_signal_latency
traffic,random,19,393,1.0,1.0,1.0,0.891467884727185,2,balanced,0.3333333333333333,0.3333333333333333,0.3333333333333333,-300.9018472678241,0.10853211527281503,1.0,0.0,traffic_signal_latency
traffic,random,19,394,1.0,1.0,1.0,1.0,0,prioritize_ns,0.3333333333333333,0.3333333333333333,0.3333333333333333,-301.16554284561715,0.0,1.0,0.0,traffic_signal_latency
traffic,random,19,395,1.0,1.0,1.0,1.0,2,balanced,0.3333333333333333,0.3333333333333333,0.3333333333333333,-302.1683051534937,0.016092211510190357,1.0,0.0,traffic_signal_latency
traffic,random,19,396,1.0,1.0,1.0,0.9839077884898096,1,prioritize_ew,0.3333333333333333,0.3333333333333333,0.3333333333333333,-302.7726473844834,0.01551422562642657,1.0,0.0,traffic_signal_latency
traffic,random,19,397,1.0,1.0,1.0,0.9994220141162362,2,balanced,0.3333333333333333,0.3333333333333333,0.3333333333333333,-303.0527329704636,0.0034264930771725766,1.0,0.0,traffic_signal_latency
traffic,random,19,398,1.0,1.0,1.0,0.9959955210390636,2,balanced,0.3333333333333333,0.3333333333333333,0.3333333333333333,-303.18717077794395,0.004004478960936364,1.0,0.0,traffic_signal_latency
traffic,random,19,399,1.0,1.0,1.0,1.0,0,prioritize_ns,0.3333333333333333,0.3333333333333333,0.3333333333333333,-303.8264245520568,0.0,1.0,0.0,traffic_signal_latency
traffic,random,19,400,1.0,1.0,1.0,1.0,2,balanced,0.3333333333333333,0.3333333333333333,0.3333333333333333,-303.7567034021135,0.03608683954854963,1.0,0.0,traffic_signal_latency
traffic,random,19,401,1.0,1.0,1.0,0.9639131604514504,2,balanced,0.3333333333333333,0.3333333333333333,0.3333333333333333,-304.31780707275027,4016.554954692657,0.0,0.0,none
traffic,random,19,402,4015.6551454148253,33.21381366396521,120.24779397272358,1.0,2,balanced,0.3333333333333333,0.3333333333333333,0.3333333333333333,-304.5273025959939,5.138871165920175,0.0,0.0,none
traffic,random,19,403,4020.732262645816,32.75232469099209,119.60133793359267,1.0,2,balanced,0.3333333333333333,0.3333333333333333,0.3333333333333333,-304.95576940422177,8.48313843783662,0.0,0.0,none
traffic,random,19,404,4029.123899249562,33.55808427197012,118.65538636832495,1.0,2,balanced,0.3333333333333333,0.3333333333333333,0.3333333333333333,-305.7408306831753,12.279184844139683,0.0,0.0,none
traffic,random,19,405,4041.3853051619417,33.36140669969531,118.02481248607867,1.0,2,balanced,0.3333333333333333,0.3333333333333333,0.3333333333333333,-306.32586580416034,9.119517954446769,0.0,0.0,none
traffic,random,19,406,4050.226455761167,34.86425548345555,116.36918289693594,1.0,0,prioritize_ns,0.3333333333333333,0.3333333333333333,0.3333333333333333,-306.5939584810857,5.156190300189235,0.0,0.0,none
traffic,random,19,407,4055.296562650454,33.92828344712564,116.3038308489122,1.0,1,prioritize_ew,0.3333333333333333,0.3333333333333333,0.3333333333333333,-307.3200081391657,7.587223011919186,0.0,0.0,none
traffic,random,19,408,4062.8421258018407,34.42197263120501,116.92568352483431,1.0,1,prioritize_ew,0.3333333333333333,0.3333333333333333,0.3333333333333333,-307.88982839028665,5.142485828730364,0.0,0.0,none
traffic,random,19,409,4067.691382637594,33.713496677606486,118.48386530587439,1.0,0,prioritize_ns,0.3333333333333333,0.3333333333333333,0.3333333333333333,-308.1538660266945,5.68743338947102,0.0,0.0,none
traffic,random,19,410,4072.95007979582,32.31295492677564,116.83114465134254,1.0,0,prioritize_ns,0.3333333333333333,0.3333333333333333,0.3333333333333333,-309.12193042236675,15.02197428256102,0.0,0.0,none
traffic,random,19,411,4087.809896051129,33.51668805799239,118.67413101949394,1.0,1,prioritize_ew,0.3333333333333333,0.3333333333333333,0.3333333333333333,-309.9741822474081,8.292558136476858,0.0,0.0,none
traffic,random,19,412,4095.9922434171904,34.139136153347295,119.86923369146118,1.0,0,prioritize_ns,0.3333333333333333,0.3333333333333333,0.3333333333333333,-310.7284664245453,9.672060621318467,0.0,0.0,none
traffic,random,19,413,4105.6458997441905,34.560754788469964,120.29103211387043,1.0,0,prioritize_ns,0.3333333333333333,0.3333333333333333,0.3333333333333333,-311.7417376330698,13.205834892000423,0.0,0.0,none
traffic,random,19,414,4118.745059856512,36.21073544378349,120.58024377275349,1.0,0,prioritize_ns,0.3333333333333333,0.3333333333333333,0.3333333333333333,-312.0774443123555,4.762946544164005,0.0,0.0,none
traffic,random,19,415,4123.504283217375,36.11084068431092,120.73984897633413,1.0,1,prioritize_ew,0.3333333333333333,0.3333333333333333,0.3333333333333333,-313.361277178396,13.88210031453541,0.0,0.0,none
traffic,random,19,416,4137.321802788676,35.902381347509355,122.06098740376545,1.0,1,prioritize_ew,0.3333333333333333,0.3333333333333333,0.3333333333333333,-314.2199669809782,7.290801386487194,0.0,0.0,none
traffic,random,19,417,4144.331445978202,35.66784051220235,124.0523883702473,1.0,2,balanced,0.3333333333333333,0.3333333333333333,0.3333333333333333,-314.8878959490622,5.976970307174601,0.0,0.0,none
traffic,random,19,418,4150.004465515367,34.87171315423532,125.75744104207037,1.0,2,balanced,0.3333333333333333,0.3333333333333333,0.3333333333333333,-315.47898289748474,7.320786706914928,0.0,0.0,none
traffic,random,19,419,4157.227480686349,33.696484165967426,125.55543442573534,1.0,1,prioritize_ew,0.3333333333333333,0.3333333333333333,0.3333333333333333,-316.22018019551643,6.97404659205155,0.0,0.0,none
traffic,random,19,420,4164.115827145633,34.12230878565181,126.5587700217542,1.0,2,balanced,0.3333333333333333,0.3333333333333333,0.3333333333333333,-317.3425154487061,13.397874779939047,0.0,0.0,none
traffic,random,19,421,4177.492020755848,34.034043593434454,127.31554104182784,1.0,0,prioritize_ns,0.3333333333333333,0.3333333333333333,0.3333333333333333,-317.51606173423494,3.5488163287414842,0.0,0.0,none
traffic,random,19,422,4180.962114761771,33.3261337567139,127.5422756626395,1.0,2,balanced,0.3333333333333333,0.3333333333333333,0.3333333333333333,-317.63270850937727,2.2163750695976314,0.0,0.0,none
traffic,random,19,423,4180.749931487402,32.14909319440702,129.40825321392364,1.0,1,prioritize_ew,0.3333333333333333,0.3333333333333333,0.3333333333333333,-318.1662400053295,4.283601993858417,0.0,0.0,none
traffic,random,19,424,4184.786910312869,31.511885925304018,130.69122433625049,1.0,2,balanced,0.3333333333333333,0.3333333333333333,0.3333333333333333,-318.4105764986405,2.104739619532976,0.0,0.0,none
traffic,random,19,425,4186.4169137378285,30.460217318438993,131.50793165346133,1.0,0,prioritize_ns,0.3333333333333333,0.3333333333333333,0.3333333333333333,-318.7038797984281,7.047815158469168,0.0,0.0,none
traffic,random,19,426,4192.514893018096,29.00457445244975,128.28807900899554,1.0,0,prioritize_ns,0.3333333333333333,0.3333333333333333,0.3333333333333333,-318.8550989096063,4.8485781999272435,0.0,0.0,none
traffic,random,19,427,4197.290146579409,29.265606363527816,127.489626551193,1.0,0,prioritize_ns,0.3333333333333333,0.3333333333333333,0.3333333333333333,-318.97906196759527,5.5107108764651285,0.0,0.0,none
traffic,random,19,428,4202.347849426458,30.319583587811188,125.57215209617753,1.0,2,balanced,0.3333333333333333,0.3333333333333333,0.3333333333333333,-319.37071004229983,5.391960886788534,0.0,0.0,none
traffic,random,19,429,4207.731756618636,30.588969261153437,125.6913867793645,1.0,2,balanced,0.3333333333333333,0.3333333333333333,0.3333333333333333,-319.40386779790197,1.0282559592716216,0.0,0.0,none
traffic,random,19,430,4208.751804767171,30.466978205868532,125.73532167298767,1.0,2,balanced,0.3333333333333333,0.3333333333333333,0.3333333333333333,-319.22827311950994,2.783274614378054,0.0,0.0,none
traffic,random,19,431,4206.710768400735,28.83917507652783,126.70022845710511,1.0,0,prioritize_ns,0.3333333333333333,0.3333333333333333,0.3333333333333333,-319.38825027178524,6.357918466122222,0.0,0.0,none
traffic,random,19,432,4212.95845321198,29.13366132651389,125.55880847753144,1.0,1,prioritize_ew,0.3333333333333333,0.3333333333333333,0.3333333333333333,-319.7263983772363,4.060254509853957,0.0,0.0,none
traffic,random,19,433,4217.009980994075,28.932426313523354,125.73285957706307,1.0,1,prioritize_ew,0.3333333333333333,0.3333333333333333,0.3333333333333333,-320.3889049964606,7.252915656171733,0.0,0.0,none
traffic,random,19,434,4224.161530989456,29.285954874164112,126.88834031507467,1.0,2,balanced,0.3333333333333333,0.3333333333333333,0.3333333333333333,-320.8041618262187,8.643632196287632,0.0,0.0,none
traffic,random,19,435,4232.654367468195,30.7805125402049,126.29639143808063,1.0,1,prioritize_ew,0.3333333333333333,0.3333333333333333,0.3333333333333333,-321.40300608899247,6.765681224377634,0.0,0.0,none
traffic,random,19,436,4239.033885813649,32.46462348258287,124.79974236642941,1.0,0,prioritize_ns,0.3333333333333333,0.3333333333333333,0.3333333333333333,-321.6586711356558,7.810817536998524,0.0,0.0,none
traffic,random,19,437,4246.722996331325,32.752908623869146,123.4568567716863,1.0,0,prioritize_ns,0.3333333333333333,0.3333333333333333,0.3333333333333333,-321.9854549396581,9.674171703562465,0.0,0.0,none
traffic,random,19,438,4256.100842862997,33.818172373784535,121.33299102227188,1.0,0,prioritize_ns,0.3333333333333333,0.3333333333333333,0.3333333333333333,-322.4974876687495,8.901435550408522,0.0,0.0,none
traffic,random,19,439,4264.97921182506,34.16353616712086,120.79369214242674,1.0,1,prioritize_ew,0.3333333333333333,0.3333333333333333,0.3333333333333333,-323.24864387505755,7.958493610539145,0.0,0.0,none
traffic,random,19,440,4272.87605020831,34.04433654802297,121.7751989170502,1.0,2,balanced,0.3333333333333333,0.3333333333333333,0.3333333333333333,-323.86584235172666,8.227929203524711,0.0,0.0,none
traffic,random,19,441,4281.09333303443,34.41188944415603,121.57523191399254,1.0,1,prioritize_ew,0.3333333333333333,0.3333333333333333,0.3333333333333333,-324.8591818823774,11.02725307822524,0.0,0.0,none
traffic,random,19,442,4291.988007919453,35.05300231762548,123.15489766482331,1.0,1,prioritize_ew,0.3333333333333333,0.3333333333333333,0.3333333333333333,-325.75880662370633,12.017548505831185,0.0,0.0,none
traffic,random,19,443,4303.964723433939,35.57277611418838,123.99727096418236,1.0,2,balanced,0.3333333333333333,0.3333333333333333,0.3333333333333333,-326.4283330295516,9.853222769423455,0.0,0.0,none
traffic,random,19,444,4313.8150648619985,35.76717060738768,123.85949043016333,1.0,0,prioritize_ns,0.3333333333333333,0.3333333333333333,0.3333333333333333,-327.06725908376353,12.036940201627084,0.0,0.0,none
traffic,random,19,445,4325.771790643203,36.579148086978726,122.73462128965313,1.0,0,prioritize_ns,0.3333333333333333,0.3333333333333333,0.3333333333333333,-327.8154711052043,12.513142007284792,0.0,0.0,none
traffic,random,19,446,4338.208318269064,37.422997046926845,121.63943982594161,1.0,2,balanced,0.3333333333333333,0.3333333333333333,0.3333333333333333,-329.13844968688693,17.512499119360605,0.0,0.0,none
traffic,random,19,447,4355.547505840418,38.71189958419321,123.7320291359668,1.0,2,balanced,0.3333333333333333,0.3333333333333333,0.3333333333333333,-330.5738492407204,19.454441302699664,0.0,0.0,none
traffic,random,19,448,4374.889138190259,40.184882951264,125.21758103479941,1.0,0,prioritize_ns,0.3333333333333333,0.3333333333333333,0.3333333333333333,-331.22734409813296,10.294489619096925,0.0,0.0,none
traffic,random,19,449,4385.174051829014,40.271797393403205,124.78224916050529,1.0,1,prioritize_ew,0.3333333333333333,0.3333333333333333,0.3333333333333333,-332.36553055603224,13.749148871225605,0.0,0.0,none
traffic,random,19,450,4398.899868495364,40.62561557043217,125.50048604516644,1.0,1,prioritize_ew,0.3333333333333333,0.3333333333333333,0.3333333333333333,-333.51038220725206,11.614837068730445,0.0,0.0,none
traffic,random,19,451,4410.362911973083,40.430918740803904,127.36198208481005,1.0,0,prioritize_ns,0.3333333333333333,0.3333333333333333,0.3333333333333333,-333.94886279332115,6.919203029209845,0.0,0.0,none
traffic,random,19,452,4416.898603994698,38.27021963085607,128.0630382268569,1.0,0,prioritize_ns,0.3333333333333333,0.3333333333333333,0.3333333333333333,-334.51860392383884,8.715665590041274,0.0,0.0,none
traffic,random,19,453,4425.138556424555,36.049883646859385,126.29212920906663,1.0,2,balanced,0.3333333333333333,0.3333333333333333,0.3333333333333333,-335.2211374505497,8.725989207363845,0.0,0.0,none
traffic,random,19,454,4433.843564276771,35.73390248955148,126.80776653133148,1.0,0,prioritize_ns,0.3333333333333333,0.3333333333333333,0.3333333333333333,-335.86408426668265,9.673482742480124,0.0,0.0,none
traffic,random,19,455,4443.422189116148,34.90446412415697,125.74088014865386,1.0,2,balanced,0.3333333333333333,0.3333333333333333,0.3333333333333333,-336.28791673242137,4.571652423515943,0.0,0.0,none
traffic,random,19,456,4447.664007413915,33.46021908816657,126.6470477303869,1.0,2,balanced,0.3333333333333333,0.3333333333333333,0.3333333333333333,-336.7296393773408,4.129365999844041,0.0,0.0,none
traffic,random,19,457,4451.528327834724,32.92594476800528,128.00102047634633,1.0,1,prioritize_ew,0.3333333333333333,0.3333333333333333,0.3333333333333333,-336.9286766284047,2.867398014802071,0.0,0.0,none
traffic,random,19,458,4451.247567306947,31.221802176478377,130.2899160460648,1.0,1,prioritize_ew,0.3333333333333333,0.3333333333333333,0.3333333333333333,-337.52901773371275,3.9048258942318044,0.0,0.0,none
traffic,random,19,459,4454.767234182762,30.184733981198207,131.62561807342337,1.0,0,prioritize_ns,0.3333333333333333,0.3333333333333333,0.3333333333333333,-337.88286149607114,6.946059482759219,0.0,0.0,none
traffic,random,19,460,4461.5289981113565,29.621361799041562,130.13938030766738,1.0,0,prioritize_ns,0.3333333333333333,0.3333333333333333,0.3333333333333333,-338.2631676410689,7.221586438186455,0.0,0.0,none
traffic,random,19,461,4468.723967137448,30.211991944706632,129.95259853979087,1.0,2,balanced,0.3333333333333333,0.3333333333333333,0.3333333333333333,-338.27098685474124,2.4585826863425373,0.0,0.0,none
traffic,random,19,462,4467.107399586552,29.115814350365547,131.4458275445442,1.0,1,prioritize_ew,0.3333333333333333,0.3333333333333333,0.3333333333333333,-338.2888485171815,1.2467334158855883,0.0,0.0,none
traffic,random,19,463,4466.03905599663,28.95829773793663,132.06886422160872,1.0,0,prioritize_ns,0.3333333333333333,0.3333333333333333,0.3333333333333333,-338.2502863809071,1.2406981585591694,0.0,0.0,none
traffic,random,19,464,4467.062285303257,28.45901022409908,131.57586758344894,1.0,2,balanced,0.3333333333333333,0.3333333333333333,0.3333333333333333,-338.2097237400115,1.696498993387416,0.0,0.0,none
traffic,random,19,465,4467.567050489074,27.207610475543618,130.5476071052299,1.0,0,prioritize_ns,0.3333333333333333,0.3333333333333333,0.3333333333333333,-337.95162876425235,3.6242536917699604,0.0,0.0,none
traffic,random,19,466,4466.410694010652,25.537345374640676,127.54622925333828,1.0,0,prioritize_ns,0.3333333333333333,0.3333333333333333,0.3333333333333333,-338.1114650616162,3.355145943904278,0.0,0.0,none
traffic,random,19,467,4469.61494888265,26.50150985921967,127.7914676411351,1.0,1,prioritize_ew,0.3333333333333333,0.3333333333333333,0.3333333333333333,-338.4551089100833,1.955861112077255,0.0,0.0,none
traffic,random,19,468,4471.221465183128,27.036481837299654,128.7703971833926,1.0,1,prioritize_ew,0.3333333333333333,0.3333333333333333,0.3333333333333333,-339.1530460429588,7.972869114123556,0.0,0.0,none
traffic,random,19,469,4478.716120310418,28.330767001432037,131.16238638651265,1.0,0,prioritize_ns,0.3333333333333333,0.3333333333333333,0.3333333333333333,-338.925736911134,0.989981218124281,0.0,0.0,none
traffic,random,19,470,4478.133573015484,28.113304505282183,130.39205429957053,1.0,2,balanced,0.3333333333333333,0.3333333333333333,0.3333333333333333,-339.8756071726222,13.385718766214136,0.0,0.0,none
traffic,random,19,471,4491.078790519308,30.933619301731323,132.30114704634676,1.0,0,prioritize_ns,0.3333333333333333,0.3333333333333333,0.3333333333333333,-340.107177015556,3.8741982879539503,0.0,0.0,none
traffic,random,19,472,4494.943578572558,31.06572593798166,132.06583127020534,1.0,1,prioritize_ew,0.3333333333333333,0.3333333333333333,0.3333333333333333,-340.82786532638323,8.981803578803039,0.0,0.0,none
traffic,random,19,473,4503.801386043241,32.51598417202264,132.39566970809443,1.0,1,prioritize_ew,0.3333333333333333,0.3333333333333333,0.3333333333333333,-341.70754540124767,8.253217331623626,0.0,0.0,none
traffic,random,19,474,4511.897816643329,32.63633926658235,133.9922042401943,1.0,2,balanced,0.3333333333333333,0.3333333333333333,0.3333333333333333,-342.7331296937514,11.735220687780874,0.0,0.0,none
traffic,random,19,475,4523.376134847479,35.048512366398924,133.61136735684758,1.0,0,prioritize_ns,0.3333333333333333,0.3333333333333333,0.3333333333333333,-343.50239798378243,12.989039237480467,0.0,0.0,none
traffic,random,19,476,4536.34698927203,35.05363975054454,132.92430875684659,1.0,0,prioritize_ns,0.3333333333333333,0.3333333333333333,0.3333333333333333,-344.0704875028969,10.726570828599353,0.0,0.0,none
traffic,random,19,477,4546.767038779877,36.36469204146384,130.74187161331685,1.0,2,balanced,0.3333333333333333,0.3333333333333333,0.3333333333333333,-345.3035239922684,16.974044542864956,0.0,0.0,none
traffic,random,19,478,4563.605744963789,37.96087178410964,132.16608101653355,1.0,2,balanced,0.3333333333333333,0.3333333333333333,0.3333333333333333,-346.42732782576627,15.17634267865015,0.0,0.0,none
traffic,random,19,479,4578.715309395007,39.36349855033566,131.93139409028464,1.0,0,prioritize_ns,0.3333333333333333,0.3333333333333333,0.3333333333333333,-347.34435987979344,13.65881690442414,0.0,0.0,none
traffic,random,19,480,4592.361739836907,39.79712099788562,131.54385442011005,1.0,0,prioritize_ns,0.3333333333333333,0.3333333333333333,0.3333333333333333,-348.4840939400204,16.80207668519739,0.0,0.0,none
traffic,random,19,481,4609.14638917087,40.55987997976792,131.60323797597704,1.0,1,prioritize_ew,0.3333333333333333,0.3333333333333333,0.3333333333333333,-349.99909983545047,18.361389441201485,0.0,0.0,none
traffic,random,19,482,4627.436041008578,42.13380044574019,131.99315108638905,1.0,0,prioritize_ns,0.3333333333333333,0.3333333333333333,0.3333333333333333,-351.3023220265213,20.3126682444037,0.0,0.0,none
traffic,random,19,483,4647.7363813355605,42.82612727435432,132.13929272414794,1.0,0,prioritize_ns,0.3333333333333333,0.3333333333333333,0.3333333333333333,-352.24070410915334,16.52713461688368,0.0,0.0,none
traffic,random,19,484,4664.21633328899,43.10020477879668,130.92181837994397,1.0,0,prioritize_ns,0.3333333333333333,0.3333333333333333,0.3333333333333333,-353.39678988385896,18.31646850387167,0.0,0.0,none
traffic,random,19,485,4682.4531172852185,44.018275489662294,129.4831126775523,1.0,1,prioritize_ew,0.3333333333333333,0.3333333333333333,0.3333333333333333,-354.21252744123694,9.721156794447943,0.0,0.0,none
traffic,random,19,486,4691.360539204583,42.442830006742476,133.043547440754,1.0,2,balanced,0.3333333333333333,0.3333333333333333,0.3333333333333333,-355.5040908514902,18.038727875849144,0.0,0.0,none
traffic,random,19,487,4709.398783221248,42.39254844253402,133.16572738382115,1.0,0,prioritize_ns,0.3333333333333333,0.3333333333333333,0.3333333333333333,-356.00557621874106,12.05037028516388,0.0,0.0,none
traffic,random,19,488,4721.185246973973,40.68977312768275,131.3241920346132,1.0,2,balanced,0.3333333333333333,0.3333333333333333,0.3333333333333333,-356.6597490429709,9.248204136194838,0.0,0.0,none
traffic,random,19,489,4730.300955751698,39.21692449254151,131.83785546761936,1.0,1,prioritize_ew,0.3333333333333333,0.3333333333333333,0.3333333333333333,-357.4477230016251,11.484991143718934,0.0,0.0,none
traffic,random,19,490,4741.669722769085,37.84332109677341,130.96071705960384,1.0,0,prioritize_ns,0.3333333333333333,0.3333333333333333,0.3333333333333333,-357.50111266601755,4.229714261204268,0.0,0.0,none
traffic,random,19,491,4745.789604167396,36.88581299256286,130.97615162007122,1.0,2,balanced,0.3333333333333333,0.3333333333333333,0.3333333333333333,-357.9197343435872,7.190118299636363,0.0,0.0,none
traffic,random,19,492,4752.363054581412,34.59285427203296,129.17896183510717,1.0,0,prioritize_ns,0.3333333333333333,0.3333333333333333,0.3333333333333333,-357.88267809182645,4.490658818182389,0.0,0.0,none
traffic,random,19,493,4756.262882172078,33.01552703962093,127.60752930830547,1.0,1,prioritize_ew,0.3333333333333333,0.3333333333333333,0.3333333333333333,-357.80070554587,4.188857012811004,0.0,0.0,none
traffic,random,19,494,4753.582531319649,30.656315113590363,129.79758900377823,1.0,0,prioritize_ns,0.3333333333333333,0.3333333333333333,0.3333333333333333,-357.9751659860818,6.708362885099782,0.0,0.0,none
traffic,random,19,495,4759.7173303629625,29.609521518775665,127.29347309867279,1.0,0,prioritize_ns,0.3333333333333333,0.3333333333333333,0.3333333333333333,-358.07114008916534,2.6889755394800265,0.0,0.0,none
traffic,random,19,496,4762.354155331211,29.312910232762995,126.85785252551929,1.0,0,prioritize_ns,0.3333333333333333,0.3333333333333333,0.3333333333333333,-357.6525337794528,3.5118532335566965,0.0,0.0,none
traffic,random,19,497,4759.506296193489,27.428648322415416,126.03787172150516,1.0,2,balanced,0.3333333333333333,0.3333333333333333,0.3333333333333333,-357.34384060094465,4.510847259904047,0.0,0.0,none
traffic,random,19,498,4755.304435531153,25.808310671815082,126.29597223398835,1.0,1,prioritize_ew,0.3333333333333333,0.3333333333333333,0.3333333333333333,-357.45804166987585,1.0955380666254624,0.0,0.0,none
traffic,random,19,499,4754.527495044283,26.188992744926754,126.96802007045416,1.0,0,prioritize_ns,0.3333333333333333,0.3333333333333333,0.3333333333333333,-357.4990319527092,2.166329292546744,0.0,0.0,none
traffic,random,19,500,4755.778914811885,25.21231688978443,125.4938981477554,1.0,2,balanced,0.3333333333333333,0.3333333333333333,0.3333333333333333,-357.97941143343195,7.419546489331047,0.0,0.0,none
traffic,random,19,501,4763.015783435248,26.13232562080732,126.84703767137536,1.0,2,balanced,0.3333333333333333,0.3333333333333333,0.3333333333333333,-357.8519309499994,2.871054392379645,0.0,0.0,none
traffic,random,19,502,4760.167342878925,26.13220933708724,127.20667597242158,1.0,1,prioritize_ew,0.3333333333333333,0.3333333333333333,0.3333333333333333,-358.5052670773103,6.7960648993741,0.0,0.0,none
traffic,random,19,503,4766.550574788272,28.249227851423576,128.18600284224885,1.0,0,prioritize_ns,0.3333333333333333,0.3333333333333333,0.3333333333333333,-358.55621243516663,1.2576533129345004,0.0,0.0,none
traffic,random,19,504,4767.689955247607,28.63249204066479,127.81639144406812,1.0,1,prioritize_ew,0.3333333333333333,0.3333333333333333,0.3333333333333333,-359.3638925104146,6.632832541699236,0.0,0.0,none
traffic,random,19,505,4773.929923035119,29.630201644646654,129.8317934097218,1.0,0,prioritize_ns,0.3333333333333333,0.3333333333333333,0.3333333333333333,-359.7457136830566,5.707914972399893,0.0,0.0,none
traffic,random,19,506,4779.620006830311,29.320844679012584,129.5038635335927,1.0,1,prioritize_ew,0.3333333333333333,0.3333333333333333,0.3333333333333333,-360.48850062518994,5.988927670224043,0.0,0.0,none
traffic,random,19,507,4785.3573924305665,31.038009910328178,129.53556024496373,1.0,1,prioritize_ew,0.3333333333333333,0.3333333333333333,0.3333333333333333,-361.6218227408365,12.408940948467762,0.0,0.0,none
traffic,random,19,508,4797.357035714191,32.16129218518379,132.48998293972622,1.0,1,prioritize_ew,0.3333333333333333,0.3333333333333333,0.3333333333333333,-362.8934657637555,11.922286900185327,0.0,0.0,none
traffic,random,19,509,4808.963441449623,34.254697240403246,134.23638670450507,1.0,1,prioritize_ew,0.3333333333333333,0.3333333333333333,0.3333333333333333,-363.65489481389494,7.093780214278133,0.0,0.0,none
traffic,random,19,510,4815.93979803876,34.40197500072831,135.513287535032,1.0,2,balanced,0.3333333333333333,0.3333333333333333,0.3333333333333333,-364.52437513933756,9.482805708768705,0.0,0.0,none
traffic,random,19,511,4825.366844800734,35.14936759408467,136.21741662065233,1.0,0,prioritize_ns,0.3333333333333333,0.3333333333333333,0.3333333333333333,-365.4076120241058,10.295278949233072,0.0,0.0,none
traffic,random,19,512,4835.6213460804765,36.052790729981936,136.36506073263104,1.0,2,balanced,0.3333333333333333,0.3333333333333333,0.3333333333333333,-366.63768531759877,15.072688126085817,0.0,0.0,none
traffic,random,19,513,4850.580165067184,36.64462587059867,138.11702906439587,1.0,0,prioritize_ns,0.3333333333333333,0.3333333333333333,0.3333333333333333,-367.7588543496005,15.843259480396085,0.0,0.0,none
traffic,random,19,514,4866.380275969617,37.483366903998686,138.9305890885201,1.0,2,balanced,0.3333333333333333,0.3333333333333333,0.3333333333333333,-368.64390218422756,10.12511174013641,0.0,0.0,none
traffic,random,19,515,4876.483706948376,38.10878178192306,139.14836520793216,1.0,0,prioritize_ns,0.3333333333333333,0.3333333333333333,0.3333333333333333,-369.1951783553097,7.790360487611583,0.0,0.0,none
traffic,random,19,516,4884.255735924802,37.777778224813666,139.5675534254511,1.0,1,prioritize_ew,0.3333333333333333,0.3333333333333333,0.3333333333333333,-369.7634434530022,5.6265930000429405,0.0,0.0,none
traffic,random,19,517,4889.389109229965,36.75355262989764,141.63104300107221,1.0,1,prioritize_ew,0.3333333333333333,0.3333333333333333,0.3333333333333333,-370.95047382010773,13.894536496672469,0.0,0.0,none
traffic,random,19,518,4903.254269086587,36.53482080388051,142.5071953827764,1.0,1,prioritize_ew,0.3333333333333333,0.3333333333333333,0.3333333333333333,-371.66022771358706,6.817423328496858,0.0,0.0,none
traffic,random,19,519,4909.801989930117,34.684342792100004,142.9318643397853,1.0,1,prioritize_ew,0.3333333333333333,0.3333333333333333,0.3333333333333333,-372.08340791399246,4.860617819511703,0.0,0.0,none
traffic,random,19,520,4914.483121717572,33.59988295383944,143.66436528519748,1.0,0,prioritize_ns,0.3333333333333333,0.3333333333333333,0.3333333333333333,-372.68592162589596,9.384007455377153,0.0,0.0,none
traffic,random,19,521,4923.859687582853,33.92079033161026,143.47298359455482,1.0,2,balanced,0.3333333333333333,0.3333333333333333,0.3333333333333333,-372.81465378401913,2.433624283048837,0.0,0.0,none
traffic,random,19,522,4926.190012662551,33.360180686517324,143.8946813533871,1.0,1,prioritize_ew,0.3333333333333333,0.3333333333333333,0.3333333333333333,-373.5442583642233,9.240181034104303,0.0,0.0,none
traffic,random,19,523,4935.341578979975,32.41746197867751,143.0338324010646,1.0,0,prioritize_ns,0.3333333333333333,0.3333333333333333,0.3333333333333333,-373.5772500072744,3.3129571816867074,0.0,0.0,none
traffic,random,19,524,4938.518107665156,31.743223547007677,142.37751438579423,1.0,0,prioritize_ns,0.3333333333333333,0.3333333333333333,0.3333333333333333,-373.9079597347968,9.72843175076262,0.0,0.0,none
traffic,random,19,525,4948.093016315811,32.72197891964743,140.9613411684969,1.0,1,prioritize_ew,0.3333333333333333,0.3333333333333333,0.3333333333333333,-374.59001034173957,10.01666314281178,0.0,0.0,none
traffic,random,19,526,4958.108848837337,32.84983225089648,140.97845674595936,1.0,1,prioritize_ew,0.3333333333333333,0.3333333333333333,0.3333333333333333,-375.44574555882286,12.611975083755409,0.0,0.0,none
traffic,random,19,527,4970.551952774075,34.87238802230473,140.6038261487838,1.0,2,balanced,0.3333333333333333,0.3333333333333333,0.3333333333333333,-375.581202455274,5.825359743265814,0.0,0.0,none
traffic,random,19,528,4976.235836744924,34.17885155298997,139.5327116310411,1.0,0,prioritize_ns,0.3333333333333333,0.3333333333333333,0.3333333333333333,-375.93161330730527,10.459833224229463,0.0,0.0,none
traffic,random,19,529,4986.20267476066,35.53691341910077,136.66462533272286,1.0,1,prioritize_ew,0.3333333333333333,0.3333333333333333,0.3333333333333333,-376.8057876549865,12.592732205838793,0.0,0.0,none
traffic,random,19,530,4998.777815819088,36.136959900655405,136.95215965864128,1.0,0,prioritize_ns,0.3333333333333333,0.3333333333333333,0.3333333333333333,-377.60564727199346,14.99503757663004,0.0,0.0,none
traffic,random,19,531,5013.728893204229,37.1240088733784,136.3672055805289,1.0,0,prioritize_ns,0.3333333333333333,0.3333333333333333,0.3333333333333333,-377.76974889719315,6.757857077909015,0.0,0.0,none
traffic,random,19,532,5020.290267726749,35.94766299053473,135.25670703276467,1.0,1,prioritize_ew,0.3333333333333333,0.3333333333333333,0.3333333333333333,-378.7521805898294,13.66892262591265,0.0,0.0,none
traffic,random,19,533,5033.862574935885,37.52534763819206,134.87877327326484,1.0,2,balanced,0.3333333333333333,0.3333333333333333,0.3333333333333333,-379.50854011310435,11.149521321683528,0.0,0.0,none
traffic,random,19,534,5045.007691676489,37.761003383165885,134.67221841167606,1.0,0,prioritize_ns,0.3333333333333333,0.3333333333333333,0.3333333333333333,-380.14805343207337,11.09027090685711,0.0,0.0,none
traffic,random,19,535,5056.071913310148,37.45881949821208,133.97522965392997,1.0,1,prioritize_ew,0.3333333333333333,0.3333333333333333,0.3333333333333333,-381.083040808319,9.215192269486005,0.0,0.0,none
traffic,random,19,536,5065.159805269109,36.2861824129759,134.95242491189322,1.0,1,prioritize_ew,0.3333333333333333,0.3333333333333333,0.3333333333333333,-382.33609440175394,15.265363652706366,0.0,0.0,none
traffic,random,19,537,5080.310146839926,38.00397582263537,135.69246784217287,1.0,2,balanced,0.3333333333333333,0.3333333333333333,0.3333333333333333,-383.31345198167685,12.842418240418231,0.0,0.0,none
traffic,random,19,538,5093.148143152203,37.8571136432637,135.99576381652554,1.0,2,balanced,0.3333333333333333,0.3333333333333333,0.3333333333333333,-384.7022598012644,18.386859529676354,0.0,0.0,none
traffic,random,19,539,5111.399494599851,39.2783605846724,137.71181475692154,1.0,0,prioritize_ns,0.3333333333333333,0.3333333333333333,0.3333333333333333,-385.6742953134836,15.677140838513493,0.0,0.0,none
traffic,random,19,540,5127.033206604617,40.19225865889375,136.98753295225535,1.0,0,prioritize_ns,0.3333333333333333,0.3333333333333333,0.3333333333333333,-386.3968134059147,11.657254999907108,0.0,0.0,none
traffic,random,19,541,5138.617587119453,40.69155637006888,135.78569102589373,1.0,0,prioritize_ns,0.3333333333333333,0.3333333333333333,0.3333333333333333,-387.0697337861072,10.848501686645575,0.0,0.0,none
traffic,random,19,542,5149.431351143333,39.82424086068149,135.80182447448962,1.0,1,prioritize_ew,0.3333333333333333,0.3333333333333333,0.3333333333333333,-388.02721495693663,8.906800921719853,0.0,0.0,none
traffic,random,19,543,5157.912242139359,38.95281979743119,138.37985005683052,1.0,1,prioritize_ew,0.3333333333333333,0.3333333333333333,0.3333333333333333,-388.9003540466806,7.298532954096293,0.0,0.0,none
traffic,random,19,544,5164.674261125816,36.654953305193196,139.88434069909752,1.0,0,prioritize_ns,0.3333333333333333,0.3333333333333333,0.3333333333333333,-389.8786448357174,13.4342067414443,0.0,0.0,none
traffic,random,19,545,5178.092522491753,36.21186317742734,139.4028390625983,1.0,2,balanced,0.3333333333333333,0.3333333333333333,0.3333333333333333,-391.0732545571724,14.328133836005088,0.0,0.0,none
traffic,random,19,546,5192.333277598702,36.74313809585003,140.89081089278585,1.0,1,prioritize_ew,0.3333333333333333,0.3333333333333333,0.3333333333333333,-391.88857139382003,6.4650171973720685,0.0,0.0,none
traffic,random,19,547,5198.14079171456,35.7418881142455,143.54914225489347,1.0,1,prioritize_ew,0.3333333333333333,0.3333333333333333,0.3333333333333333,-392.6355404119719,5.823174037558874,0.0,0.0,none
traffic,random,19,548,5203.445853504631,35.106722273054366,145.8647932712201,1.0,0,prioritize_ns,0.3333333333333333,0.3333333333333333,0.3333333333333333,-393.29549434438326,8.82091933600314,0.0,0.0,none
traffic,random,19,549,5212.257093964088,35.516566567654465,145.91663101880678,1.0,1,prioritize_ew,0.3333333333333333,0.3333333333333333,0.3333333333333333,-394.1263073541798,7.723919694159715,0.0,0.0,none
traffic,random,19,550,5219.829322132008,34.34735992805124,146.89297719137824,1.0,0,prioritize_ns,0.3333333333333333,0.3333333333333333,0.3333333333333333,-394.53819767485976,6.85559004371235,0.0,0.0,none
traffic,random,19,551,5226.164557095692,32.76625589939793,144.8039528131224,1.0,0,prioritize_ns,0.3333333333333333,0.3333333333333333,0.3333333333333333,-394.3827927376398,2.8573091274304567,0.0,0.0,none
traffic,random,19,552,5224.747575532608,31.321356763609607,146.82104110741588,1.0,0,prioritize_ns,0.3333333333333333,0.3333333333333333,0.3333333333333333,-394.35159785799186,1.7314077032244504,0.0,0.0,none
traffic,random,19,553,5226.258643694413,30.562558037956528,146.44865671044056,1.0,2,balanced,0.3333333333333333,0.3333333333333333,0.3333333333333333,-394.3891906827106,2.143073020428214,0.0,0.0,none
traffic,random,19,554,5225.389774424472,28.626536092076844,146.74806811254865,1.0,2,balanced,0.3333333333333333,0.3333333333333333,0.3333333333333333,-394.5143026407643,2.5251873765012016,0.0,0.0,none
traffic,random,19,555,5227.414373422804,27.51701025815911,145.72507123754573,1.0,2,balanced,0.3333333333333333,0.3333333333333333,0.3333333333333333,-394.66903446422066,2.099473258810437,0.0,0.0,none
traffic,random,19,556,5228.922690501901,26.55162668124202,144.6292600755378,1.0,0,prioritize_ns,0.3333333333333333,0.3333333333333333,0.3333333333333333,-394.8086050738915,2.9409010984938697,0.0,0.0,none
traffic,random,19,557,5231.703375427301,27.391159978938553,144.16896184738764,1.0,1,prioritize_ew,0.3333333333333333,0.3333333333333333,0.3333333333333333,-395.1056023469538,2.8310540520404337,0.0,0.0,none
traffic,random,19,558,5234.449543749887,27.638180011094885,144.81115161163987,1.0,1,prioritize_ew,0.3333333333333333,0.3333333333333333,0.3333333333333333,-395.2330239821279,0.5249506911013383,0.0,0.0,none
traffic,random,19,559,5234.244461543348,27.77093742377503,145.27579124192036,1.0,0,prioritize_ns,0.3333333333333333,0.3333333333333333,0.3333333333333333,-395.4931024543994,5.335745102568287,0.0,0.0,none
traffic,random,19,560,5239.537814805987,28.424688276636704,145.42809639242213,1.0,1,prioritize_ew,0.3333333333333333,0.3333333333333333,0.3333333333333333,-395.7837866929045,1.7017347440487296,0.0,0.0,none
traffic,random,19,561,5240.92981683177,28.401425265973764,146.40671293206057,1.0,2,balanced,0.3333333333333333,0.3333333333333333,0.3333333333333333,-395.5645906098878,2.6297952228863006,0.0,0.0,none
traffic,random,19,562,5238.565190171208,27.37236294878149,146.92187738911298,1.0,1,prioritize_ew,0.3333333333333333,0.3333333333333333,0.3333333333333333,-396.2892944267311,9.717876091660832,0.0,0.0,none
traffic,random,19,563,5247.997764602786,28.70964417057985,148.83899352003277,1.0,0,prioritize_ns,0.3333333333333333,0.3333333333333333,0.3333333333333333,-396.9228145722127,12.003324880406339,0.0,0.0,none
traffic,random,19,564,5259.7600350285065,31.103114697031845,148.84906604791786,1.0,1,prioritize_ew,0.3333333333333333,0.3333333333333333,0.3333333333333333,-397.6213069327884,9.125607223213967,0.0,0.0,none
traffic,random,19,565,5268.836954848517,31.85982800850598,149.40908277776887,1.0,0,prioritize_ns,0.3333333333333333,0.3333333333333333,0.3333333333333333,-397.9842853095414,7.486628340890664,0.0,0.0,none
traffic,random,19,566,5276.128693669356,33.039775367517095,148.18929873407043,1.0,2,balanced,0.3333333333333333,0.3333333333333333,0.3333333333333333,-398.5125043109831,10.356133901747574,0.0,0.0,none
traffic,random,19,567,5285.361077838073,35.35917753337286,144.1109454456488,1.0,0,prioritize_ns,0.3333333333333333,0.3333333333333333,0.3333333333333333,-399.1450077280821,11.931201444435201,0.0,0.0,none
traffic,random,19,568,5297.263013757902,35.85304983102311,143.43746239345907,1.0,2,balanced,0.3333333333333333,0.3333333333333333,0.3333333333333333,-400.0622739678247,11.964700534166852,0.0,0.0,none
traffic,random,19,569,5309.219372012567,35.89186739681204,143.8824897577604,1.0,2,balanced,0.3333333333333333,0.3333333333333333,0.3333333333333333,-400.65866173437973,8.355605306125478,0.0,0.0,none
traffic,random,19,570,5317.572461373391,35.74710130497465,144.02768252788002,1.0,1,prioritize_ew,0.3333333333333333,0.3333333333333333,0.3333333333333333,-401.876013772927,14.258145608773896,0.0,0.0,none
traffic,random,19,571,5331.701989091287,37.114659084386304,145.36220431120773,1.0,1,prioritize_ew,0.3333333333333333,0.3333333333333333,0.3333333333333333,-402.87895718835523,11.76849487587337,0.0,0.0,none
traffic,random,19,572,5343.4400103405615,37.61578650049771,146.0442601064777,1.0,0,prioritize_ns,0.3333333333333333,0.3333333333333333,0.3333333333333333,-403.94092132220965,16.082917133401708,0.0,0.0,none
traffic,random,19,573,5359.495968944018,38.44659103722323,146.46399891299893,1.0,2,balanced,0.3333333333333333,0.3333333333333333,0.3333333333333333,-405.55600584351305,21.50932520824822,0.0,0.0,none
traffic,random,19,574,5380.792074791223,40.31454055573094,148.83838541379112,1.0,2,balanced,0.3333333333333333,0.3333333333333333,0.3333333333333333,-407.25433808155765,23.240094367905463,0.0,0.0,none
traffic,random,19,575,5403.84258921067,43.254025567455685,149.2060797078407,1.0,0,prioritize_ns,0.3333333333333333,0.3333333333333333,0.3333333333333333,-408.0528342894004,13.18148420922205,0.0,0.0,none
traffic,random,19,576,5417.01452969009,43.062508119760295,148.74258102196617,1.0,1,prioritize_ew,0.3333333333333333,0.3333333333333333,0.3333333333333333,-409.7851887135514,21.34552174127097,0.0,0.0,none
traffic,random,19,577,5438.268803825423,44.9657586969722,149.25713580771927,1.0,2,balanced,0.3333333333333333,0.3333333333333333,0.3333333333333333,-410.91564854329545,14.532419381785177,0.0,0.0,none
traffic,random,19,578,5452.772462731981,44.655298757592455,150.11661590425004,1.0,0,prioritize_ns,0.3333333333333333,0.3333333333333333,0.3333333333333333,-411.5668563746547,10.893233942076039,0.0,0.0,none
traffic,random,19,579,5463.452758135658,42.53213666888693,150.40990509955967,1.0,0,prioritize_ns,0.3333333333333333,0.3333333333333333,0.3333333333333333,-411.9562535742348,8.856264931188687,0.0,0.0,none
traffic,random,19,580,5471.693868181948,39.57025579425577,149.0889980548261,1.0,1,prioritize_ew,0.3333333333333333,0.3333333333333333,0.3333333333333333,-412.9678057178486,12.54601176483881,0.0,0.0,none
traffic,random,19,581,5484.220070123778,39.4411080867378,149.78181620240886,1.0,1,prioritize_ew,0.3333333333333333,0.3333333333333333,0.3333333333333333,-413.2536961608712,4.338907954293263,0.0,0.0,none
traffic,random,19,582,5485.684569506752,35.483153136266004,150.78976282953408,1.0,0,prioritize_ns,0.3333333333333333,0.3333333333333333,0.3333333333333333,-413.58644767888285,8.267223215830752,0.0,0.0,none
traffic,random,19,583,5493.628098606629,34.17112717492959,148.91202136261995,1.0,1,prioritize_ew,0.3333333333333333,0.3333333333333333,0.3333333333333333,-414.1923372252904,6.888389597077574,0.0,0.0,none
traffic,random,19,584,5500.4595852395605,33.401365420780756,149.34580525702853,1.0,1,prioritize_ew,0.3333333333333333,0.3333333333333333,0.3333333333333333,-414.87763332053026,6.364241494244343,0.0,0.0,none
traffic,random,19,585,5506.688383024101,32.99890296843058,150.5882512038646,1.0,0,prioritize_ns,0.3333333333333333,0.3333333333333333,0.3333333333333333,-415.18726592237687,6.613629969972977,0.0,0.0,none
traffic,random,19,586,5512.884420725187,31.732870120281596,148.65269469116353,1.0,1,prioritize_ew,0.3333333333333333,0.3333333333333333,0.3333333333333333,-415.57541681295186,2.4283939914664847,0.0,0.0,none
traffic,random,19,587,5515.158391559561,31.894764410561642,149.48932140659906,1.0,2,balanced,0.3333333333333333,0.3333333333333333,0.3333333333333333,-415.8175619832312,2.693151479482323,0.0,0.0,none
traffic,random,19,588,5517.5706219167205,30.788504662018436,149.94801407515791,1.0,1,prioritize_ew,0.3333333333333333,0.3333333333333333,0.3333333333333333,-416.2672369902855,3.7310451994358056,0.0,0.0,none
traffic,random,19,589,5521.172087876084,30.14250052730472,150.67795919755355,1.0,2,balanced,0.3333333333333333,0.3333333333333333,0.3333333333333333,-416.45979134121785,1.665161826498176,0.0,0.0,none
traffic,random,19,590,5522.420362960661,29.146395987311916,151.14949813238061,1.0,0,prioritize_ns,0.3333333333333333,0.3333333333333333,0.3333333333333333,-416.72982763721376,6.0930974002464255,0.0,0.0,none
traffic,random,19,591,5528.457993501015,29.114714555165712,150.32983376574725,1.0,0,prioritize_ns,0.3333333333333333,0.3333333333333333,0.3333333333333333,-416.5180365390346,0.7460763868544215,0.0,0.0,none
traffic,random,19,592,5528.349217471657,28.63816518241925,149.76618631760817,1.0,2,balanced,0.3333333333333333,0.3333333333333333,0.3333333333333333,-416.76108903593683,2.4726088192565148,0.0,0.0,none
traffic,random,19,593,5530.795719731713,28.64501956299835,150.12447960818466,1.0,2,balanced,0.3333333333333333,0.3333333333333333,0.3333333333333333,-416.91719630699464,1.6681094506386407,0.0,0.0,none
traffic,random,19,594,5532.404716617033,28.24652574818981,150.3113507988454,1.0,2,balanced,0.3333333333333333,0.3333333333333333,0.3333333333333333,-417.1699817596981,2.6795559545988996,0.0,0.0,none
traffic,random,19,595,5535.055221344324,28.526971676732717,150.5873850097628,1.0,0,prioritize_ns,0.3333333333333333,0.3333333333333333,0.3333333333333333,-416.8285225112113,4.0998366719907695,0.0,0.0,none
traffic,random,19,596,5531.44063363745,26.596528027287057,150.45775568194065,1.0,0,prioritize_ns,0.3333333333333333,0.3333333333333333,0.3333333333333333,-417.34710027734315,7.469283264480466,0.0,0.0,none
traffic,random,19,597,5538.666040061821,28.063364518032877,151.6544533033668,1.0,0,prioritize_ns,0.3333333333333333,0.3333333333333333,0.3333333333333333,-417.96991980404454,8.876683864050811,0.0,0.0,none
traffic,random,19,598,5547.397574802979,29.32037101425326,152.64225498119282,1.0,1,prioritize_ew,0.3333333333333333,0.3333333333333333,0.3333333333333333,-418.785298763567,7.174049971608534,0.0,0.0,none
traffic,random,19,599,5554.270952300589,30.373247136711058,154.40722711730274,1.0,0,prioritize_ns,0.3333333333333333,0.3333333333333333,0.3333333333333333,-419.5155555859013,9.951664110747117,0.0,0.0,none
