env,policy,seed,t,q,mu,sigma,rho,a,action_label,p0,p1,p2,r,state_delta,intervention_active,intervention_start,intervention_name
traffic,random,23,0,22.0,19.129778732860945,2.172500030369535,0.275,2,balanced,0.3333333333333333,0.3333333333333333,0.3333333333333333,-2.3711623305789495,13.385959234665085,0.0,0.0,none
traffic,random,23,1,33.630683346823744,22.54607710027456,7.848667629075795,0.4203835418352968,1,prioritize_ew,0.3333333333333333,0.3333333333333333,0.3333333333333333,-2.995114169637378,8.097904842109866,0.0,0.0,none
traffic,random,23,2,41.16168383287969,25.113950263893933,9.35108569885691,0.5145210479109961,0,prioritize_ns,0.3333333333333333,0.3333333333333333,0.3333333333333333,-3.6672595959656342,11.606522796605683,0.0,0.0,none
traffic,random,23,3,52.271519845112465,28.46499745348219,9.535780707700123,0.6533939980639059,2,balanced,0.3333333333333333,0.3333333333333333,0.3333333333333333,-4.464284883078894,11.27653895409909,0.0,0.0,none
traffic,random,23,4,62.57137302948259,32.6247072781594,7.598361484021828,0.7821421628685323,1,prioritize_ew,0.3333333333333333,0.3333333333333333,0.3333333333333333,-5.501081588883591,14.738732700008665,0.0,0.0,none
traffic,random,23,5,75.88892862981044,36.77778572596209,2.844712173780499,0.9486116078726304,2,balanced,0.3333333333333333,0.3333333333333333,0.3333333333333333,-6.579208191506447,14.736861420786685,0.0,0.0,none
traffic,random,23,6,90.58958722870511,37.39178077637628,3.673018038444269,1.0,0,prioritize_ns,0.3333333333333333,0.3333333333333333,0.3333333333333333,-7.68177487416535,16.119917751513746,0.0,0.0,none
traffic,random,23,7,106.61382643379989,39.090428520184034,3.237011093627439,1.0,0,prioritize_ns,0.3333333333333333,0.3333333333333333,0.3333333333333333,-8.467967917645423,13.871563027495196,0.0,0.0,none
traffic,random,23,8,120.42753939369253,39.63120390971601,2.0928270762848062,1.0,2,balanced,0.3333333333333333,0.3333333333333333,0.3333333333333333,-9.728109372114115,16.683077712853272,0.0,0.0,none
traffic,random,23,9,137.06168378115953,40.898062150335385,1.9334763054163142,1.0,2,balanced,0.3333333333333333,0.3333333333333333,0.3333333333333333,-11.097995981145898,18.77311687965263,0.0,0.0,none
traffic,random,23,10,155.78968012539875,41.98015029911765,2.655387342543439,1.0,0,prioritize_ns,0.3333333333333333,0.3333333333333333,0.3333333333333333,-11.980654260870374,14.100699176203387,0.0,0.0,none
traffic,random,23,11,169.88378389432563,41.858839333124095,2.24157596276572,1.0,1,prioritize_ew,0.3333333333333333,0.3333333333333333,0.3333333333333333,-13.0386222527807,11.757521213977881,0.0,0.0,none
traffic,random,23,12,181.44958170273728,40.967151053787475,4.159000841235286,1.0,1,prioritize_ew,0.3333333333333333,0.3333333333333333,0.3333333333333333,-14.115320745859927,10.857519817437549,0.0,0.0,none
traffic,random,23,13,192.05429334291517,40.32535078984453,6.398179270018327,1.0,0,prioritize_ns,0.3333333333333333,0.3333333333333333,0.3333333333333333,-14.4221630598671,6.3323314368941,0.0,0.0,none
traffic,random,23,14,197.9804229401,38.1837478317881,7.025033474830952,1.0,0,prioritize_ns,0.3333333333333333,0.3333333333333333,0.3333333333333333,-15.122820322003511,10.747238230819889,0.0,0.0,none
traffic,random,23,15,208.4589659581867,36.533857166557596,5.298439544316775,1.0,0,prioritize_ns,0.3333333333333333,0.3333333333333333,0.3333333333333333,-15.537167653599218,7.445618985337466,0.0,0.0,none
traffic,random,23,16,215.71774257851203,35.16679173683728,4.361136945419473,1.0,0,prioritize_ns,0.3333333333333333,0.3333333333333333,0.3333333333333333,-15.462265211660615,2.6825921586058867,0.0,0.0,none
traffic,random,23,17,215.68820333115212,32.847724325682975,5.709229844592693,1.0,0,prioritize_ns,0.3333333333333333,0.3333333333333333,0.3333333333333333,-15.635200187722337,5.110162784921862,0.0,0.0,none
traffic,random,23,18,220.4992282276833,31.688986976953636,4.434423627939613,1.0,2,balanced,0.3333333333333333,0.3333333333333333,0.3333333333333333,-15.49426164040905,4.033547406674089,0.0,0.0,none
traffic,random,23,19,217.39864879665203,29.883645171310416,6.277424669325641,1.0,1,prioritize_ew,0.3333333333333333,0.3333333333333333,0.3333333333333333,-15.32347685777823,6.533498071302696,0.0,0.0,none
traffic,random,23,20,211.79931784063888,26.668070376490448,7.274504722113507,1.0,0,prioritize_ns,0.3333333333333333,0.3333333333333333,0.3333333333333333,-15.09848766488075,2.8157688868025503,0.0,0.0,none
traffic,random,23,21,210.96313141032002,25.049077766361602,5.127830642057557,1.0,1,prioritize_ew,0.3333333333333333,0.3333333333333333,0.3333333333333333,-15.431479497400083,1.6881308836881372,0.0,0.0,none
traffic,random,23,22,211.85702679277688,25.233764692324957,6.5479108035492235,1.0,0,prioritize_ns,0.3333333333333333,0.3333333333333333,0.3333333333333333,-15.064803284721043,4.3116793002353475,0.0,0.0,none
traffic,random,23,23,208.36412566991507,23.572979488446357,4.642126807245708,1.0,2,balanced,0.3333333333333333,0.3333333333333333,0.3333333333333333,-14.990195797046777,0.6483684837101092,0.0,0.0,none
traffic,random,23,24,208.09610035431206,24.139490311532008,4.475965415246029,1.0,1,prioritize_ew,0.3333333333333333,0.3333333333333333,0.3333333333333333,-15.04874374558455,2.4646893610047895,0.0,0.0,none
traffic,random,23,25,205.7381595529803,24.787768342468286,4.783446176059713,1.0,1,prioritize_ew,0.3333333333333333,0.3333333333333333,0.3333333333333333,-15.026076227653572,1.3479699570295431,0.0,0.0,none
traffic,random,23,26,204.4348920113755,24.694352120211096,5.114792112314825,1.0,2,balanced,0.3333333333333333,0.3333333333333333,0.3333333333333333,-15.341002117413199,4.7250796634039265,0.0,0.0,none
traffic,random,23,27,208.9415103224597,25.41689670593656,6.3373707581911605,1.0,0,prioritize_ns,0.3333333333333333,0.3333333333333333,0.3333333333333333,-15.111882232920882,1.5701297047129827,0.0,0.0,none
traffic,random,23,28,208.32680163636792,25.99253519329057,5.012198749453356,1.0,1,prioritize_ew,0.3333333333333333,0.3333333333333333,0.3333333333333333,-15.795656903135267,6.848475090752232,0.0,0.0,none
traffic,random,23,29,214.64740526349948,27.310260981837484,7.295875522454205,1.0,1,prioritize_ew,0.3333333333333333,0.3333333333333333,0.3333333333333333,-16.42637809786457,4.779798839216917,0.0,0.0,none
traffic,random,23,30,219.0692526165398,28.666218612711894,8.502159831007969,1.0,2,balanced,0.3333333333333333,0.3333333333333333,0.3333333333333333,-16.98224452168705,5.363765124240042,0.0,0.0,none
traffic,random,23,31,224.26420168517228,29.965861934759367,8.80778659322924,1.0,1,prioritize_ew,0.3333333333333333,0.3333333333333333,0.3333333333333333,-17.39787570075775,2.5251665875235343,0.0,0.0,none
traffic,random,23,32,226.24535362783615,29.460768661075303,10.289806856148589,1.0,1,prioritize_ew,0.3333333333333333,0.3333333333333333,0.3333333333333333,-18.479991725694642,12.42784924500485,0.0,0.0,none
traffic,random,23,33,238.24027240520815,31.98269415376806,12.342427666264964,1.0,0,prioritize_ns,0.3333333333333333,0.3333333333333333,0.3333333333333333,-19.523639846035294,15.981691898637187,0.0,0.0,none
traffic,random,23,34,254.03516121672652,33.877551190645406,13.873923727158859,1.0,1,prioritize_ew,0.3333333333333333,0.3333333333333333,0.3333333333333333,-20.873435324120287,15.203324911159896,0.0,0.0,none
traffic,random,23,35,268.9821174283805,35.98257296236814,15.690093240658964,1.0,2,balanced,0.3333333333333333,0.3333333333333333,0.3333333333333333,-22.276934123332396,18.522817596074916,0.0,0.0,none
traffic,random,23,36,287.2995545969274,38.60707058235102,16.513670508741686,1.0,2,balanced,0.3333333333333333,0.3333333333333333,0.3333333333333333,-23.396523021584454,16.861051234930283,0.0,0.0,none
traffic,random,23,37,303.5013487679351,41.4511990280198,12.811259433268981,1.0,1,prioritize_ew,0.3333333333333333,0.3333333333333333,0.3333333333333333,-24.458192342067335,11.346565128999316,0.0,0.0,none
traffic,random,23,38,314.72710818095635,41.29736715514965,14.455401027681493,1.0,1,prioritize_ew,0.3333333333333333,0.3333333333333333,0.3333333333333333,-25.466072770823537,11.894426553104427,0.0,0.0,none
traffic,random,23,39,326.5274248046185,40.498452717578395,15.717005692368149,1.0,2,balanced,0.3333333333333333,0.3333333333333333,0.3333333333333333,-26.621875983056448,17.06861335388606,0.0,0.0,none
traffic,random,23,40,343.59078825751186,40.92173416582627,15.721729513822984,1.0,1,prioritize_ew,0.3333333333333333,0.3333333333333333,0.3333333333333333,-28.206293147212747,17.720479270846255,0.0,0.0,none
traffic,random,23,41,361.23879496414975,40.78784807344448,17.31713522561628,1.0,1,prioritize_ew,0.3333333333333333,0.3333333333333333,0.3333333333333333,-29.297854062331023,13.436001697131593,0.0,0.0,none
traffic,random,23,42,374.64466892845945,40.22866403210487,18.021406527230454,1.0,2,balanced,0.3333333333333333,0.3333333333333333,0.3333333333333333,-30.25408652322918,13.838099340890084,0.0,0.0,none
traffic,random,23,43,388.46497086675873,40.74757253716046,17.549197181744038,1.0,2,balanced,0.3333333333333333,0.3333333333333333,0.3333333333333333,-31.509070974517577,16.1836512638783,0.0,0.0,none
traffic,random,23,44,404.6248778479884,41.61949060867397,17.63713730570881,1.0,2,balanced,0.3333333333333333,0.3333333333333333,0.3333333333333333,-32.67629223127712,17.50701700508138,0.0,0.0,none
traffic,random,23,45,422.1304239414492,41.70792713678746,17.428141213823306,1.0,2,balanced,0.3333333333333333,0.3333333333333333,0.3333333333333333,-33.55692466645215,12.365837740217833,0.0,0.0,none
traffic,random,23,46,434.4485665250121,40.64195431217246,17.630646141150883,1.0,0,prioritize_ns,0.3333333333333333,0.3333333333333333,0.3333333333333333,-34.69695323948061,18.631271439127584,0.0,0.0,none
traffic,random,23,47,453.04667356813013,41.68040092793412,17.23527482531257,1.0,1,prioritize_ew,0.3333333333333333,0.3333333333333333,0.3333333333333333,-36.00943200700083,16.44135367649862,0.0,0.0,none
traffic,random,23,48,469.46798458964383,42.20060274457702,17.858207502564802,1.0,0,prioritize_ns,0.3333333333333333,0.3333333333333333,0.3333333333333333,-36.55323387496492,11.384054203419822,0.0,0.0,none
traffic,random,23,49,480.8005469526562,41.23513382093356,17.370775299776504,1.0,2,balanced,0.3333333333333333,0.3333333333333333,0.3333333333333333,-37.43237370310717,12.973027354400871,0.0,0.0,none
traffic,random,23,50,493.7384144715951,40.321598106029185,17.09423362477403,1.0,0,prioritize_ns,0.3333333333333333,0.3333333333333333,0.3333333333333333,-37.48786810802349,4.590380274698743,0.0,0.0,none
traffic,random,23,51,497.8984722707328,38.689981149144145,18.144631777943673,1.0,1,prioritize_ew,0.3333333333333333,0.3333333333333333,0.3333333333333333,-38.08414908418472,8.395337068371054,0.0,0.0,none
traffic,random,23,52,506.00204550139443,36.59107438665286,17.505588908303984,1.0,2,balanced,0.3333333333333333,0.3333333333333333,0.3333333333333333,-38.45524631629141,6.814471174532016,0.0,0.0,none
traffic,random,23,53,512.3699159897251,34.58038628001624,16.14751079191843,1.0,1,prioritize_ew,0.3333333333333333,0.3333333333333333,0.3333333333333333,-38.934247033319295,4.381038513008673,0.0,0.0,none
traffic,random,23,54,516.3511700379717,33.11012461706308,17.234453889893548,1.0,1,prioritize_ew,0.3333333333333333,0.3333333333333333,0.3333333333333333,-39.3081668038345,3.955142059539441,0.0,0.0,none
traffic,random,23,55,519.7133836899218,31.194993843665333,16.415343280413346,1.0,1,prioritize_ew,0.3333333333333333,0.3333333333333333,0.3333333333333333,-39.79441450655581,6.16198742941317,0.0,0.0,none
traffic,random,23,56,525.858425212361,31.591990588325608,16.641058482544267,1.0,1,prioritize_ew,0.3333333333333333,0.3333333333333333,0.3333333333333333,-40.0841053360656,4.226007636397318,0.0,0.0,none
traffic,random,23,57,529.9794984895532,30.795490597631748,16.149648926546803,1.0,1,prioritize_ew,0.3333333333333333,0.3333333333333333,0.3333333333333333,-40.09481539739028,1.9763708838904217,0.0,0.0,none
traffic,random,23,58,529.3681312742891,29.3996430569128,17.408172522614407,1.0,2,balanced,0.3333333333333333,0.3333333333333333,0.3333333333333333,-40.16499248686474,0.94663972232074,0.0,0.0,none
traffic,random,23,59,529.795371976885,28.688840387782687,17.864628119007264,1.0,1,prioritize_ew,0.3333333333333333,0.3333333333333333,0.3333333333333333,-40.53630960075656,2.7724050604358457,0.0,0.0,none
traffic,random,23,60,532.4063860279645,28.53860046760854,18.7845538826328,1.0,1,prioritize_ew,0.3333333333333333,0.3333333333333333,0.3333333333333333,-40.974419606530674,4.060504779278323,0.0,0.0,none
traffic,random,23,61,536.4374701221427,28.115808981956356,19.028085087748703,1.0,0,prioritize_ns,0.3333333333333333,0.3333333333333333,0.3333333333333333,-40.69531721234221,2.204745920988841,0.0,0.0,none
traffic,random,23,62,534.6631106600946,26.936722434108294,18.46036333526685,1.0,0,prioritize_ns,0.3333333333333333,0.3333333333333333,0.3333333333333333,-40.95453839815219,3.3129414979228016,0.0,0.0,none
traffic,random,23,63,537.8821049822104,27.702794741584274,18.6240402809972,1.0,0,prioritize_ns,0.3333333333333333,0.3333333333333333,0.3333333333333333,-41.37340031129053,5.206270942111762,0.0,0.0,none
traffic,random,23,64,542.9735501298004,28.635635630583085,19.18283479382964,1.0,2,balanced,0.3333333333333333,0.3333333333333333,0.3333333333333333,-41.885152887998785,4.325889619536955,0.0,0.0,none
traffic,random,23,65,547.1233485807635,28.94339251055981,20.36511205387862,1.0,1,prioritize_ew,0.3333333333333333,0.3333333333333333,0.3333333333333333,-42.568692182343106,5.412993148004183,0.0,0.0,none
traffic,random,23,66,552.237792752293,29.160064526030066,22.12465997148707,1.0,0,prioritize_ns,0.3333333333333333,0.3333333333333333,0.3333333333333333,-42.853865169599615,5.823376803598486,0.0,0.0,none
traffic,random,23,67,557.4494401900379,30.557265905988665,19.9341630677737,1.0,1,prioritize_ew,0.3333333333333333,0.3333333333333333,0.3333333333333333,-43.81051090633001,9.522523414829747,0.0,0.0,none
traffic,random,23,68,566.5477317913695,31.733125361831828,22.486984382167424,1.0,2,balanced,0.3333333333333333,0.3333333333333333,0.3333333333333333,-44.65598118009685,9.368962082005627,0.0,0.0,none
traffic,random,23,69,575.7700364531057,32.55929726466106,23.916665188205513,1.0,2,balanced,0.3333333333333333,0.3333333333333333,0.3333333333333333,-45.436977795738,7.758290518884025,0.0,0.0,none
traffic,random,23,70,583.447975245427,33.26492533293269,24.7783012517739,1.0,1,prioritize_ew,0.3333333333333333,0.3333333333333333,0.3333333333333333,-46.59659555914861,9.7854957491823,0.0,0.0,none
traffic,random,23,71,592.9258787293966,34.13761719542072,27.050674794783216,1.0,1,prioritize_ew,0.3333333333333333,0.3333333333333333,0.3333333333333333,-48.0716426032265,16.33828341764391,0.0,0.0,none
traffic,random,23,72,608.8243698746404,36.274985936920494,30.150535953403214,1.0,0,prioritize_ns,0.3333333333333333,0.3333333333333333,0.3333333333333333,-48.92504304411989,12.43724728220264,0.0,0.0,none
traffic,random,23,73,621.2437860834086,36.939210858407804,30.1055221142251,1.0,2,balanced,0.3333333333333333,0.3333333333333333,0.3333333333333333,-49.98713123300011,12.597930638669194,0.0,0.0,none
traffic,random,23,74,633.796838441607,37.60536039770024,30.933155886102416,1.0,1,prioritize_ew,0.3333333333333333,0.3333333333333333,0.3333333333333333,-50.797366945818865,7.378972964146314,0.0,0.0,none
traffic,random,23,75,640.982133711411,37.506831693196794,32.60977927426146,1.0,0,prioritize_ns,0.3333333333333333,0.3333333333333333,0.3333333333333333,-51.28690013697965,7.370366251392458,0.0,0.0,none
traffic,random,23,76,648.3356130774584,37.08194686961236,32.870763525640214,1.0,0,prioritize_ns,0.3333333333333333,0.3333333333333333,0.3333333333333333,-52.18567833118317,12.325456389031249,0.0,0.0,none
traffic,random,23,77,660.6234849747173,36.35982302001538,32.235455269506524,1.0,2,balanced,0.3333333333333333,0.3333333333333333,0.3333333333333333,-52.80982667209529,8.042167328511482,0.0,0.0,none
traffic,random,23,78,668.6136569566182,35.473974174641924,32.456540914840495,1.0,2,balanced,0.3333333333333333,0.3333333333333333,0.3333333333333333,-53.70664514960911,11.483883166858318,0.0,0.0,none
traffic,random,23,79,680.0934507715649,35.25932246599158,32.675244367802215,1.0,0,prioritize_ns,0.3333333333333333,0.3333333333333333,0.3333333333333333,-54.103398811944004,7.177308953941405,0.0,0.0,none
traffic,random,23,80,687.2521364940087,35.25400055651955,32.15856823627857,1.0,2,balanced,0.3333333333333333,0.3333333333333333,0.3333333333333333,-54.33360649625494,3.474310336470001,0.0,0.0,none
traffic,random,23,81,690.4282560636257,34.41852859723346,33.292183426210826,1.0,0,prioritize_ns,0.3333333333333333,0.3333333333333333,0.3333333333333333,-54.3719084094256,4.260584422463003,0.0,0.0,none
traffic,random,23,82,694.0935267456514,32.6940083541868,31.971425923964713,1.0,0,prioritize_ns,0.3333333333333333,0.3333333333333333,0.3333333333333333,-54.91106628715802,10.307931158882088,0.0,0.0,none
traffic,random,23,83,704.3745790193144,33.152184412539235,31.385351165923353,1.0,0,prioritize_ns,0.3333333333333333,0.3333333333333333,0.3333333333333333,-54.85715017815774,4.597713458718665,0.0,0.0,none
traffic,random,23,84,708.1031746071973,31.601944767126476,29.18687418576329,1.0,0,prioritize_ns,0.3333333333333333,0.3333333333333333,0.3333333333333333,-54.8199956821132,4.8276995896603045,0.0,0.0,none
traffic,random,23,85,712.5364050916394,31.056853719526124,27.354928075844814,1.0,2,balanced,0.3333333333333333,0.3333333333333333,0.3333333333333333,-55.27134720751565,9.351468077744357,0.0,0.0,none
traffic,random,23,86,721.7793676784322,32.27022232296128,26.61646043239821,1.0,1,prioritize_ew,0.3333333333333333,0.3333333333333333,0.3333333333333333,-55.74193836541738,7.809654799276861,0.0,0.0,none
traffic,random,23,87,729.5194434337587,33.08518333762147,25.97010609439267,1.0,2,balanced,0.3333333333333333,0.3333333333333333,0.3333333333333333,-56.10466524913249,8.987018668558298,0.0,0.0,none
traffic,random,23,88,738.3599621166136,32.79707661945982,24.37990846954856,1.0,0,prioritize_ns,0.3333333333333333,0.3333333333333333,0.3333333333333333,-56.23136379913396,4.834894737832392,0.0,0.0,none
traffic,random,23,89,743.0305619346989,32.98547746550031,23.14450991586954,1.0,0,prioritize_ns,0.3333333333333333,0.3333333333333333,0.3333333333333333,-56.610364094705936,8.440363989162064,0.0,0.0,none
traffic,random,23,90,751.3134517250783,33.755409326687754,21.715984130627593,1.0,2,balanced,0.3333333333333333,0.3333333333333333,0.3333333333333333,-56.82347463590501,4.271727189507457,0.0,0.0,none
traffic,random,23,91,755.4612397364265,32.73637441159885,21.6447406304112,1.0,1,prioritize_ew,0.3333333333333333,0.3333333333333333,0.3333333333333333,-57.57189157849982,8.08611097624237,0.0,0.0,none
traffic,random,23,92,763.4893298007731,32.79397727340288,22.609956952878765,1.0,1,prioritize_ew,0.3333333333333333,0.3333333333333333,0.3333333333333333,-58.43385559893778,10.311714488247318,0.0,0.0,none
traffic,random,23,93,773.7419667058336,33.076400917844026,23.67538131208097,1.0,2,balanced,0.3333333333333333,0.3333333333333333,0.3333333333333333,-59.119590044637675,9.604630546671292,0.0,0.0,none
traffic,random,23,94,783.2961185669695,34.05311132645413,23.560721248774165,1.0,0,prioritize_ns,0.3333333333333333,0.3333333333333333,0.3333333333333333,-59.52987978629384,10.400841074351796,0.0,0.0,none
traffic,random,23,95,793.5990852840987,34.45712671180409,22.19575112160915,1.0,0,prioritize_ns,0.3333333333333333,0.3333333333333333,0.3333333333333333,-60.12382665009721,9.723778569356762,0.0,0.0,none
traffic,random,23,96,803.0881026494981,35.52537258261434,20.36019402238076,1.0,0,prioritize_ns,0.3333333333333333,0.3333333333333333,0.3333333333333333,-61.30798146838032,18.69571295122155,0.0,0.0,none
traffic,random,23,97,821.5503118451102,37.6121964088674,22.439059263350366,1.0,1,prioritize_ew,0.3333333333333333,0.3333333333333333,0.3333333333333333,-61.93775043590463,5.82702821797844,0.0,0.0,none
traffic,random,23,98,826.8847734553902,36.62856134991132,24.567495133269308,1.0,0,prioritize_ns,0.3333333333333333,0.3333333333333333,0.3333333333333333,-62.64756068023905,9.958400049532246,0.0,0.0,none
traffic,random,23,99,836.8427372668923,36.70932373998455,24.614032340845544,1.0,1,prioritize_ew,0.3333333333333333,0.3333333333333333,0.3333333333333333,-63.92708691434258,13.781439082278737,0.0,0.0,none
traffic,random,23,100,850.494470696209,37.37907708242206,26.377457421117295,1.0,1,prioritize_ew,0.3333333333333333,0.3333333333333333,0.3333333333333333,-65.24675470298654,14.327413979925089,0.0,0.0,none
traffic,random,23,101,864.6980348071961,38.3219864315396,28.00364309827029,1.0,1,prioritize_ew,0.3333333333333333,0.3333333333333333,0.3333333333333333,-66.71197467286244,16.506831955084174,0.0,0.0,none
traffic,random,23,102,881.16662692577,37.92326301613197,29.053402338973278,1.0,0,prioritize_ns,0.3333333333333333,0.3333333333333333,0.3333333333333333,-67.62838310643964,13.071359573305283,0.0,0.0,none
traffic,random,23,103,894.0370414161846,39.43045359215888,27.338395485605027,1.0,1,prioritize_ew,0.3333333333333333,0.3333333333333333,0.3333333333333333,-68.45099336728711,7.17910016229699,0.0,0.0,none
traffic,random,23,104,900.461721507314,38.723796848084376,30.463071646904336,1.0,2,balanced,0.3333333333333333,0.3333333333333333,0.3333333333333333,-69.18644758836761,9.647971044709678,0.0,0.0,none
traffic,random,23,105,910.0636948339982,37.91384482755787,30.942061456448375,1.0,2,balanced,0.3333333333333333,0.3333333333333333,0.3333333333333333,-69.77001530482944,6.508513582033761,0.0,0.0,none
traffic,random,23,106,916.2694534031923,36.31428371919926,32.07815735425724,1.0,2,balanced,0.3333333333333333,0.3333333333333333,0.3333333333333333,-70.43704748229976,7.908622412327766,0.0,0.0,none
traffic,random,23,107,923.9382506107445,34.55432473699493,31.279156583812618,1.0,0,prioritize_ns,0.3333333333333333,0.3333333333333333,0.3333333333333333,-71.11303059894469,10.342770941539687,0.0,0.0,none
traffic,random,23,108,934.2152358390958,34.03563888458224,30.236347707789392,1.0,1,prioritize_ew,0.3333333333333333,0.3333333333333333,0.3333333333333333,-71.75106071458057,4.94734715503096,0.0,0.0,none
traffic,random,23,109,938.6601713853408,33.63968997560532,32.372235421036635,1.0,2,balanced,0.3333333333333333,0.3333333333333333,0.3333333333333333,-72.44521402628453,8.171315386603988,0.0,0.0,none
traffic,random,23,110,946.8154953430311,33.35036010180655,32.793393961971006,1.0,2,balanced,0.3333333333333333,0.3333333333333333,0.3333333333333333,-73.07230202443077,5.963085235731257,0.0,0.0,none
traffic,random,23,111,952.6696842523498,33.28004616983147,33.925610237059736,1.0,1,prioritize_ew,0.3333333333333333,0.3333333333333333,0.3333333333333333,-74.01205858078994,10.072882260200984,0.0,0.0,none
traffic,random,23,112,962.620710751268,33.73649202810467,35.41949303840841,1.0,0,prioritize_ns,0.3333333333333333,0.3333333333333333,0.3333333333333333,-74.28061370093701,3.4277286555638695,0.0,0.0,none
traffic,random,23,113,965.6948449421081,32.29592182060246,35.892547147510484,1.0,1,prioritize_ew,0.3333333333333333,0.3333333333333333,0.3333333333333333,-74.62514046796339,2.9723230259943323,0.0,0.0,none
traffic,random,23,114,968.4403679648158,31.95603931589497,36.97941760236342,1.0,2,balanced,0.3333333333333333,0.3333333333333333,0.3333333333333333,-74.7861737084647,2.1299473514849616,0.0,0.0,none
traffic,random,23,115,968.436449724256,30.324190876244973,38.3482605581113,1.0,0,prioritize_ns,0.3333333333333333,0.3333333333333333,0.3333333333333333,-74.70920269385724,2.132015894172675,0.0,0.0,none
traffic,random,23,116,970.1534958290106,29.496762315332138,37.39295619627795,1.0,1,prioritize_ew,0.3333333333333333,0.3333333333333333,0.3333333333333333,-75.11839435837166,3.59271195982915,0.0,0.0,none
traffic,random,23,117,973.2251830808633,28.120894465919044,36.13625244675849,1.0,1,prioritize_ew,0.3333333333333333,0.3333333333333333,0.3333333333333333,-75.08161006853989,2.719353959880796,0.0,0.0,none
traffic,random,23,118,971.0896138778697,27.078953787152294,37.45859497434954,1.0,0,prioritize_ns,0.3333333333333333,0.3333333333333333,0.3333333333333333,-74.5985139099026,3.9072404421576135,0.0,0.0,none
traffic,random,23,119,967.4501064755484,25.80194770214653,36.83427998963546,1.0,0,prioritize_ns,0.3333333333333333,0.3333333333333333,0.3333333333333333,-74.62305335043122,4.191181363072136,0.0,0.0,none
traffic,random,23,120,971.4929296971233,26.611295994573453,36.08159349526746,1.0,1,prioritize_ew,0.3333333333333333,0.3333333333333333,0.3333333333333333,-74.97851340503756,3.09549721094741,0.0,0.0,none
traffic,random,23,121,974.4527025642338,26.859841347044647,36.953415017062,1.0,1,prioritize_ew,0.3333333333333333,0.3333333333333333,0.3333333333333333,-75.12162256251816,0.7938012579441844,0.0,0.0,none
traffic,random,23,122,974.9539365883068,26.345750701488686,37.29193488114282,1.0,2,balanced,0.3333333333333333,0.3333333333333333,0.3333333333333333,-75.55158737309897,6.416729000234673,0.0,0.0,none
traffic,random,23,123,981.1360686367522,28.009290951776478,37.7258568023561,1.0,2,balanced,0.3333333333333333,0.3333333333333333,0.3333333333333333,-75.8740777548888,7.1228939069009,0.0,0.0,none
traffic,random,23,124,987.709470633589,30.05187283160813,35.89450127676029,1.0,0,prioritize_ns,0.3333333333333333,0.3333333333333333,0.3333333333333333,-76.49292008384067,12.523326454498706,0.0,0.0,none
traffic,random,23,125,1000.1089201436964,31.72319808931461,36.43674588502958,1.0,0,prioritize_ns,0.3333333333333333,0.3333333333333333,0.3333333333333333,-77.05812028251863,10.943882082223338,0.0,0.0,none
traffic,random,23,126,1010.9094675532247,33.291352997798164,35.6258076215712,1.0,0,prioritize_ns,0.3333333333333333,0.3333333333333333,0.3333333333333333,-77.65164729607186,11.752700708713972,0.0,0.0,none
traffic,random,23,127,1022.174227625128,35.44405820736425,33.057342174701056,1.0,1,prioritize_ew,0.3333333333333333,0.3333333333333333,0.3333333333333333,-79.17666593606594,19.89466742633534,0.0,0.0,none
traffic,random,23,128,1041.7377053753376,38.120327347717065,35.48750961953651,1.0,2,balanced,0.3333333333333333,0.3333333333333333,0.3333333333333333,-80.23638876290613,14.466370359683008,0.0,0.0,none
traffic,random,23,129,1056.1002912370618,39.67816412069452,34.73574946039479,1.0,1,prioritize_ew,0.3333333333333333,0.3333333333333333,0.3333333333333333,-81.27861147243735,13.973854714273244,0.0,0.0,none
traffic,random,23,130,1070.0682491780694,39.99186580687463,34.99334951075653,1.0,1,prioritize_ew,0.3333333333333333,0.3333333333333333,0.3333333333333333,-82.44887961862581,13.876078231429327,0.0,0.0,none
traffic,random,23,131,1083.918280594218,40.601762608198655,35.58512881774458,1.0,2,balanced,0.3333333333333333,0.3333333333333333,0.3333333333333333,-83.13597222452577,9.125150095145226,0.0,0.0,none
traffic,random,23,132,1092.9910817770165,40.16337083037773,36.45716987496543,1.0,2,balanced,0.3333333333333333,0.3333333333333333,0.3333333333333333,-84.47647278176714,19.694009920396862,0.0,0.0,none
traffic,random,23,133,1112.684519629604,40.18936285085333,36.30932973889079,1.0,2,balanced,0.3333333333333333,0.3333333333333333,0.3333333333333333,-85.97854033898025,20.594078680105795,0.0,0.0,none
traffic,random,23,134,1133.2076066830996,41.42146308920759,37.49292742378065,1.0,1,prioritize_ew,0.3333333333333333,0.3333333333333333,0.3333333333333333,-87.4083377578817,16.40101500564964,0.0,0.0,none
traffic,random,23,135,1149.5440953134043,41.895169227066944,38.86698526187278,1.0,2,balanced,0.3333333333333333,0.3333333333333333,0.3333333333333333,-88.42235537658144,14.576481756026471,0.0,0.0,none
traffic,random,23,136,1164.1195589247432,42.04025566610502,38.7740830362927,1.0,0,prioritize_ns,0.3333333333333333,0.3333333333333333,0.3333333333333333,-89.14642349143168,13.151942618539314,0.0,0.0,none
traffic,random,23,137,1177.0770355357,42.817190751736675,36.658955051849645,1.0,1,prioritize_ew,0.3333333333333333,0.3333333333333333,0.3333333333333333,-90.42916435055331,15.334971862278083,0.0,0.0,none
traffic,random,23,138,1192.370718418345,41.93723975774815,37.35917798072954,1.0,0,prioritize_ns,0.3333333333333333,0.3333333333333333,0.3333333333333333,-90.8343041168295,7.70412900192363,0.0,0.0,none
traffic,random,23,139,1199.5994620652325,39.27837107642655,37.53031038955614,1.0,1,prioritize_ew,0.3333333333333333,0.3333333333333333,0.3333333333333333,-91.74557775940735,9.543252600441807,0.0,0.0,none
traffic,random,23,140,1208.9692625646924,37.88503345025762,38.68751350727697,1.0,2,balanced,0.3333333333333333,0.3333333333333333,0.3333333333333333,-92.57476358164632,10.625595023360523,0.0,0.0,none
traffic,random,23,141,1219.5640455211458,37.08889731928051,38.828973632617156,1.0,0,prioritize_ns,0.3333333333333333,0.3333333333333333,0.3333333333333333,-93.28992050204796,12.462653491534486,0.0,0.0,none
traffic,random,23,142,1231.9979992383571,36.984192740531405,37.9901864370236,1.0,0,prioritize_ns,0.3333333333333333,0.3333333333333333,0.3333333333333333,-93.78963340258584,9.252828927219037,0.0,0.0,none
traffic,random,23,143,1241.0124056765535,35.728337451641714,36.323408942349246,1.0,2,balanced,0.3333333333333333,0.3333333333333333,0.3333333333333333,-93.96496367803155,3.2241117825606778,0.0,0.0,none
traffic,random,23,144,1243.7359138413494,34.8272903552234,37.794977558748975,1.0,0,prioritize_ns,0.3333333333333333,0.3333333333333333,0.3333333333333333,-94.40060830949616,6.881211780797504,0.0,0.0,none
traffic,random,23,145,1250.5970962529932,34.325566737660154,37.64159927503242,1.0,0,prioritize_ns,0.3333333333333333,0.3333333333333333,0.3333333333333333,-94.32605914763263,2.5118993837401433,0.0,0.0,none
traffic,random,23,146,1252.3409480525484,32.555380506280514,37.27409400778269,1.0,2,balanced,0.3333333333333333,0.3333333333333333,0.3333333333333333,-94.63127735484987,5.44180761645986,0.0,0.0,none
traffic,random,23,147,1257.347292918508,31.0698587360302,35.74340583321775,1.0,0,prioritize_ns,0.3333333333333333,0.3333333333333333,0.3333333333333333,-94.59328811751416,4.182947584531078,0.0,0.0,none
traffic,random,23,148,1260.7081704666825,29.939152958025822,33.524609527853535,1.0,2,balanced,0.3333333333333333,0.3333333333333333,0.3333333333333333,-94.39663564012571,1.268509090526821,0.0,0.0,none
traffic,random,23,149,1259.7132927331654,29.195475778363196,33.78205439680624,1.0,1,prioritize_ew,0.3333333333333333,0.3333333333333333,0.3333333333333333,-94.76549842936193,3.7804638684143113,0.0,0.0,none
traffic,random,23,150,1263.4402104317994,28.56862283576126,33.68693911756013,1.0,1,prioritize_ew,0.3333333333333333,0.3333333333333333,0.3333333333333333,-94.73760256381544,2.000382731211862,0.0,0.0,none
traffic,random,23,151,1261.8548014463445,27.902770678759236,34.709020486720696,1.0,2,balanced,0.3333333333333333,0.3333333333333333,0.3333333333333333,-95.12181625735876,4.5791662310690455,0.0,0.0,none
traffic,random,23,152,1266.4276802062461,27.816077457547625,34.93268877772205,1.0,1,prioritize_ew,0.3333333333333333,0.3333333333333333,0.3333333333333333,-95.19623947551142,0.7045489132507615,0.0,0.0,none
traffic,random,23,153,1266.5967436714918,27.17771464096184,35.17824860807427,1.0,0,prioritize_ns,0.3333333333333333,0.3333333333333333,0.3333333333333333,-95.29273069639457,1.1199782234956326,0.0,0.0,none
traffic,random,23,154,1267.6343321610284,27.584207885572575,35.066335295320684,1.0,1,prioritize_ew,0.3333333333333333,0.3333333333333333,0.3333333333333333,-95.66013131932834,1.6481826285485965,0.0,0.0,none
traffic,random,23,155,1267.9986884923978,26.911695612119665,36.52629340530041,1.0,1,prioritize_ew,0.3333333333333333,0.3333333333333333,0.3333333333333333,-95.85729205495242,1.181848199264238,0.0,0.0,none
traffic,random,23,156,1269.0377810562038,27.43659592197189,36.730086130058375,1.0,2,balanced,0.3333333333333333,0.3333333333333333,0.3333333333333333,-96.51070717986278,8.750928806089254,0.0,0.0,none
traffic,random,23,157,1277.5556310005945,28.2255901588697,38.574666133264465,1.0,1,prioritize_ew,0.3333333333333333,0.3333333333333333,0.3333333333333333,-97.18203929605735,5.738426402113381,0.0,0.0,none
traffic,random,23,158,1283.0016317281138,29.280977611324374,40.043261030958405,1.0,2,balanced,0.3333333333333333,0.3333333333333333,0.3333333333333333,-97.56217505199382,4.383122309670958,0.0,0.0,none
traffic,random,23,159,1287.3309654062632,29.939326649046954,40.23089799241977,1.0,2,balanced,0.3333333333333333,0.3333333333333333,0.3333333333333333,-98.5940795456822,12.329700996368345,0.0,0.0,none
traffic,random,23,160,1299.3185223225873,32.26396676603789,41.93854378830727,1.0,1,prioritize_ew,0.3333333333333333,0.3333333333333333,0.3333333333333333,-99.62201656638804,8.946353427907457,0.0,0.0,none
traffic,random,23,161,1308.0680684285799,33.80605747447521,42.989561791527905,1.0,2,balanced,0.3333333333333333,0.3333333333333333,0.3333333333333333,-100.6951127749912,13.254924025715294,0.0,0.0,none
traffic,random,23,162,1321.2015276520592,34.729179330292915,44.523545426382405,1.0,2,balanced,0.3333333333333333,0.3333333333333333,0.3333333333333333,-101.40756418039237,9.704076742865855,0.0,0.0,none
traffic,random,23,163,1330.8660482726773,35.57288330891273,44.29049993395863,1.0,0,prioritize_ns,0.3333333333333333,0.3333333333333333,0.3333333333333333,-101.86349348393885,6.753503880680494,0.0,0.0,none
traffic,random,23,164,1337.5531790384018,36.04444272642773,43.472130516018396,1.0,0,prioritize_ns,0.3333333333333333,0.3333333333333333,0.3333333333333333,-102.46821687132444,10.205411762045683,0.0,0.0,none
traffic,random,23,165,1347.7254157028904,35.68137867606062,42.734421244105306,1.0,0,prioritize_ns,0.3333333333333333,0.3333333333333333,0.3333333333333333,-103.29280729938826,14.02287245881366,0.0,0.0,none
traffic,random,23,166,1361.7068725323948,36.72776082076296,42.479663853422096,1.0,1,prioritize_ew,0.3333333333333333,0.3333333333333333,0.3333333333333333,-104.28678736795429,11.987332151363857,0.0,0.0,none
traffic,random,23,167,1373.6768427095044,36.495063011489016,43.081160150822555,1.0,2,balanced,0.3333333333333333,0.3333333333333333,0.3333333333333333,-105.57140811941952,16.49923558650437,0.0,0.0,none
traffic,random,23,168,1390.0473473737784,37.836259820220235,44.64082136281854,1.0,0,prioritize_ns,0.3333333333333333,0.3333333333333333,0.3333333333333333,-106.63525611042839,16.917153653970313,0.0,0.0,none
traffic,random,23,169,1406.7925659625248,39.84787738482462,43.32129988102375,1.0,0,prioritize_ns,0.3333333333333333,0.3333333333333333,0.3333333333333333,-107.44814734127667,11.852408874086734,0.0,0.0,none
traffic,random,23,170,1418.6291871827825,40.180754295978424,42.80828217304914,1.0,0,prioritize_ns,0.3333333333333333,0.3333333333333333,0.3333333333333333,-108.41395805495617,14.502516823941646,0.0,0.0,none
traffic,random,23,171,1433.1292538643786,40.28447626639679,42.56271708833595,1.0,1,prioritize_ew,0.3333333333333333,0.3333333333333333,0.3333333333333333,-109.5491519436393,13.587416480099046,0.0,0.0,none
traffic,random,23,172,1446.6972190063907,40.60407525937729,43.21545362975031,1.0,2,balanced,0.3333333333333333,0.3333333333333333,0.3333333333333333,-110.64570368751754,14.721917010154879,0.0,0.0,none
traffic,random,23,173,1461.414955778266,40.2735216808975,43.33292319786388,1.0,2,balanced,0.3333333333333333,0.3333333333333333,0.3333333333333333,-111.49652122503116,10.99092845781142,0.0,0.0,none
traffic,random,23,174,1472.3392922854641,39.109345264587844,43.65552746617791,1.0,0,prioritize_ns,0.3333333333333333,0.3333333333333333,0.3333333333333333,-111.96399472192529,10.683808398151037,0.0,0.0,none
traffic,random,23,175,1482.9617288194136,38.86650832732621,42.538104452042155,1.0,0,prioritize_ns,0.3333333333333333,0.3333333333333333,0.3333333333333333,-112.62308330051881,13.468887292238055,0.0,0.0,none
traffic,random,23,176,1496.3397637824687,38.642101983618,40.99254720263681,1.0,1,prioritize_ew,0.3333333333333333,0.3333333333333333,0.3333333333333333,-113.22481292413714,9.1478333433643,0.0,0.0,none
traffic,random,23,177,1505.4404630724764,37.74864881321713,41.24128148479692,1.0,1,prioritize_ew,0.3333333333333333,0.3333333333333333,0.3333333333333333,-113.91666064228744,7.880665531615982,0.0,0.0,none
traffic,random,23,178,1513.170634070324,36.35113565841159,41.87080713747629,1.0,2,balanced,0.3333333333333333,0.3333333333333333,0.3333333333333333,-114.09331906043604,5.413457791814242,0.0,0.0,none
traffic,random,23,179,1518.4635236961324,35.22484628213367,41.72141867189717,1.0,1,prioritize_ew,0.3333333333333333,0.3333333333333333,0.3333333333333333,-114.99635787510093,11.619299206233544,0.0,0.0,none
traffic,random,23,180,1530.0666618117232,35.420986598461944,42.30178828758519,1.0,2,balanced,0.3333333333333333,0.3333333333333333,0.3333333333333333,-115.26805333651163,6.179619238997105,0.0,0.0,none
traffic,random,23,181,1535.928785184169,33.91780428034006,41.05132980219188,1.0,2,balanced,0.3333333333333333,0.3333333333333333,0.3333333333333333,-115.80077932491366,8.673138287705008,0.0,0.0,none
traffic,random,23,182,1544.5919089479073,33.83028917508618,40.643953418289705,1.0,2,balanced,0.3333333333333333,0.3333333333333333,0.3333333333333333,-116.1604494145106,6.8358815785995715,0.0,0.0,none
traffic,random,23,183,1551.4033333614138,33.64653985821794,40.09622118053602,1.0,0,prioritize_ns,0.3333333333333333,0.3333333333333333,0.3333333333333333,-116.73720767746866,11.65012273417063,0.0,0.0,none
traffic,random,23,184,1562.9363062092555,34.89455650262458,39.0199538032216,1.0,1,prioritize_ew,0.3333333333333333,0.3333333333333333,0.3333333333333333,-117.37678209641135,6.65559554426282,0.0,0.0,none
traffic,random,23,185,1569.4883452492666,33.88433668750863,39.609184141993005,1.0,1,prioritize_ew,0.3333333333333333,0.3333333333333333,0.3333333333333333,-118.10283402432844,9.280408828632572,0.0,0.0,none
traffic,random,23,186,1578.742586896315,34.56276034242916,39.76647657359309,1.0,2,balanced,0.3333333333333333,0.3333333333333333,0.3333333333333333,-118.85158771469703,11.50761158546403,0.0,0.0,none
traffic,random,23,187,1590.2360416322247,35.12882653686346,39.83853001918458,1.0,2,balanced,0.3333333333333333,0.3333333333333333,0.3333333333333333,-119.46683924470598,6.86053292665927,0.0,0.0,none
traffic,random,23,188,1597.0624077285552,35.13181487342831,40.52236408274828,1.0,0,prioritize_ns,0.3333333333333333,0.3333333333333333,0.3333333333333333,-119.78072124497278,5.955653921974985,0.0,0.0,none
traffic,random,23,189,1602.883356395303,33.989410037209566,39.99200434859975,1.0,0,prioritize_ns,0.3333333333333333,0.3333333333333333,0.3333333333333333,-119.99563430037477,5.006854202386207,0.0,0.0,none
traffic,random,23,190,1607.8658769116564,33.67550633247799,39.611816536819774,1.0,1,prioritize_ew,0.3333333333333333,0.3333333333333333,0.3333333333333333,-121.25943629248596,14.05827765856247,0.0,0.0,none
traffic,random,23,191,1621.6614037706745,34.58376337487191,42.16008625415529,1.0,1,prioritize_ew,0.3333333333333333,0.3333333333333333,0.3333333333333333,-121.7360272031604,3.7754367502785766,0.0,0.0,none
traffic,random,23,192,1624.637954777048,32.880382628964654,43.73887084879875,1.0,0,prioritize_ns,0.3333333333333333,0.3333333333333333,0.3333333333333333,-122.39381360393185,10.638141329776861,0.0,0.0,none
traffic,random,23,193,1635.2482716080478,33.63717277589849,43.60286948258693,1.0,0,prioritize_ns,0.3333333333333333,0.3333333333333333,0.3333333333333333,-122.8686122121135,5.829436574898345,0.0,0.0,none
traffic,random,23,194,1641.067946081669,33.63691793727317,43.940093053680215,1.0,0,prioritize_ns,0.3333333333333333,0.3333333333333333,0.3333333333333333,-123.47542225473485,7.467890714176521,0.0,0.0,none
traffic,random,23,195,1648.5164540090266,34.130115419473995,44.154283666284115,1.0,0,prioritize_ns,0.3333333333333333,0.3333333333333333,0.3333333333333333,-123.87095482865533,6.560957632440869,0.0,0.0,none
traffic,random,23,196,1654.7265575805025,32.61303076196559,42.678061180281695,1.0,0,prioritize_ns,0.3333333333333333,0.3333333333333333,0.3333333333333333,-125.03112141034637,15.54137241102626,0.0,0.0,none
traffic,random,23,197,1669.99814480365,35.07203800532035,44.18343936570123,1.0,1,prioritize_ew,0.3333333333333333,0.3333333333333333,0.3333333333333333,-126.07016626986962,8.433177398556316,0.0,0.0,none
traffic,random,23,198,1678.1011352306616,34.570572724522734,46.46566629294403,1.0,1,prioritize_ew,0.3333333333333333,0.3333333333333333,0.3333333333333333,-127.15508803265536,10.474679178302857,0.0,0.0,none
traffic,random,23,199,1688.4205615466344,35.470523092993005,48.02079771242907,1.0,1,prioritize_ew,0.3333333333333333,0.3333333333333333,0.3333333333333333,-128.2709593564644,10.201878699147915,0.0,0.0,none
traffic,random,23,200,1698.428531511665,35.982415500527665,49.93308229749579,1.0,1,prioritize_ew,0.3333333333333333,0.3333333333333333,0.3333333333333333,-129.6894864048732,16.28673322073988,1.0,1.0,traffic_wave_shift
traffic,random,23,201,1714.677452380198,36.290178959939105,50.99869539086147,1.0,1,prioritize_ew,0.3333333333333333,0.3333333333333333,0.3333333333333333,-131.12908055702786,15.979817022554975,1.0,0.0,traffic_wave_shift
traffic,random,23,202,1730.5788434938454,34.716139738039104,51.14940455804907,1.0,0,prioritize_ns,0.3333333333333333,0.3333333333333333,0.3333333333333333,-132.34496607498053,17.240926258142114,1.0,0.0,traffic_wave_shift
traffic,random,23,203,1747.8192970109994,34.8436323560676,51.1562158643399,1.0,1,prioritize_ew,0.3333333333333333,0.3333333333333333,0.3333333333333333,-133.44777793682044,10.92564588877175,1.0,0.0,traffic_wave_shift
traffic,random,23,204,1757.9605243918038,33.10799256903395,54.83219190171074,1.0,2,balanced,0.3333333333333333,0.3333333333333333,0.3333333333333333,-134.54207704858104,13.431196493975907,1.0,0.0,traffic_wave_shift
traffic,random,23,205,1771.344433970762,32.08318049181944,55.298843643863286,1.0,2,balanced,0.3333333333333333,0.3333333333333333,0.3333333333333333,-135.80170908976643,15.182198345727338,1.0,0.0,traffic_wave_shift
traffic,random,23,206,1786.4991341387972,31.864336351719885,56.18558862879793,1.0,1,prioritize_ew,0.3333333333333333,0.3333333333333333,0.3333333333333333,-137.05792780342446,13.55254393262091,1.0,0.0,traffic_wave_shift
traffic,random,23,207,1799.9646817117164,31.37716764357429,57.63925374046389,1.0,2,balanced,0.3333333333333333,0.3333333333333333,0.3333333333333333,-138.06730945457542,12.067478553896562,1.0,0.0,traffic_wave_shift
traffic,random,23,208,1811.9856420374367,30.333269005287498,57.814830302663,1.0,2,balanced,0.3333333333333333,0.3333333333333333,0.3333333333333333,-139.44783402179942,19.24167407843814,1.0,0.0,traffic_wave_shift
traffic,random,23,209,1831.1173542806264,32.13136597776454,58.80803484463499,1.0,0,prioritize_ns,0.3333333333333333,0.3333333333333333,0.3333333333333333,-139.98721222290953,11.5643472575496,1.0,0.0,traffic_wave_shift
traffic,random,23,210,1842.6283249882295,31.756778203493575,57.76335074823748,1.0,1,prioritize_ew,0.3333333333333333,0.3333333333333333,0.3333333333333333,-141.30803590518212,16.335774231094497,1.0,0.0,traffic_wave_shift
traffic,random,23,211,1858.9312729360495,31.98642775945052,58.77264209438608,1.0,1,prioritize_ew,0.3333333333333333,0.3333333333333333,0.3333333333333333,-142.1611250931216,11.511720857698885,1.0,0.0,traffic_wave_shift
traffic,random,23,212,1870.4261577570492,31.592295209066542,59.25430545219773,1.0,2,balanced,0.3333333333333333,0.3333333333333333,0.3333333333333333,-143.3075639425077,16.41336708210223,1.0,0.0,traffic_wave_shift
traffic,random,23,213,1886.8159639236505,32.46606437724279,59.15735064923714,1.0,2,balanced,0.3333333333333333,0.3333333333333333,0.3333333333333333,-144.75332803544768,21.085108613395917,1.0,0.0,traffic_wave_shift
traffic,random,23,214,1907.8929885031484,32.85512684450446,59.59263275375355,1.0,0,prioritize_ns,0.3333333333333333,0.3333333333333333,0.3333333333333333,-145.8408875227821,19.12279510687194,1.0,0.0,traffic_wave_shift
traffic,random,23,215,1926.891029316254,34.35254086560492,58.00723399874105,1.0,2,balanced,0.3333333333333333,0.3333333333333333,0.3333333333333333,-146.5471903619103,10.997202712082027,1.0,0.0,traffic_wave_shift
traffic,random,23,216,1937.8239413097244,33.27853367473502,58.51360479925483,1.0,1,prioritize_ew,0.3333333333333333,0.3333333333333333,0.3333333333333333,-147.85512119422378,16.820636123648267,1.0,0.0,traffic_wave_shift
traffic,random,23,217,1954.6111798607694,34.33700442074408,58.559004296310306,1.0,0,prioritize_ns,0.3333333333333333,0.3333333333333333,0.3333333333333333,-149.27601665889694,22.149256926641968,1.0,0.0,traffic_wave_shift
traffic,random,23,218,1976.7306817535637,35.48294356598258,58.49542841661072,1.0,1,prioritize_ew,0.3333333333333333,0.3333333333333333,0.3333333333333333,-150.8615836472963,20.43904514061734,1.0,0.0,traffic_wave_shift
traffic,random,23,219,1997.1578497509868,35.35297224956768,59.17988537081285,1.0,1,prioritize_ew,0.3333333333333333,0.3333333333333333,0.3333333333333333,-152.68429287974726,22.402416575044885,1.0,0.0,traffic_wave_shift
traffic,random,23,220,2019.4854989577848,36.01889392830613,60.88308753667688,1.0,2,balanced,0.3333333333333333,0.3333333333333333,0.3333333333333333,-154.36969146113634,23.498372412317003,1.0,0.0,traffic_wave_shift
traffic,random,23,221,2042.7903400884256,38.493279755740154,59.16981561414828,1.0,2,balanced,0.3333333333333333,0.3333333333333333,0.3333333333333333,-155.794830577374,19.479795968627602,1.0,0.0,traffic_wave_shift
traffic,random,23,222,2062.2536208503216,39.02848819791037,58.57256785450272,1.0,1,prioritize_ew,0.3333333333333333,0.3333333333333333,0.3333333333333333,-157.14855025921773,15.927415018461488,1.0,0.0,traffic_wave_shift
traffic,random,23,223,2077.921855160362,37.73823468135971,61.126824818672176,1.0,2,balanced,0.3333333333333333,0.3333333333333333,0.3333333333333333,-158.65702765992083,20.108905839703926,1.0,0.0,traffic_wave_shift
traffic,random,23,224,2098.024311910822,37.67329243196693,61.63190814865131,1.0,0,prioritize_ns,0.3333333333333333,0.3333333333333333,0.3333333333333333,-159.9498523410681,20.03833784924525,1.0,0.0,traffic_wave_shift
traffic,random,23,225,2118.0426853384515,37.21143727613329,60.86614128628911,1.0,0,prioritize_ns,0.3333333333333333,0.3333333333333333,0.3333333333333333,-161.65024790654712,25.965505065852387,1.0,0.0,traffic_wave_shift
traffic,random,23,226,2144.0012626060843,37.74218450353167,61.145474323635085,1.0,1,prioritize_ew,0.3333333333333333,0.3333333333333333,0.3333333333333333,-163.8944904482773,27.508490177432886,1.0,0.0,traffic_wave_shift
traffic,random,23,227,2171.3375674513723,39.31678932021017,63.7844303518215,1.0,0,prioritize_ns,0.3333333333333333,0.3333333333333333,0.3333333333333333,-165.7098510195622,24.609452542583107,1.0,0.0,traffic_wave_shift
traffic,random,23,228,2195.870834362303,41.08979584038815,63.00956455564195,1.0,1,prioritize_ew,0.3333333333333333,0.3333333333333333,0.3333333333333333,-167.43264665108717,20.94659487424094,1.0,0.0,traffic_wave_shift
traffic,random,23,229,2216.786962802467,41.252530178329025,64.12711788116991,1.0,1,prioritize_ew,0.3333333333333333,0.3333333333333333,0.3333333333333333,-169.34561757877978,24.142736302657784,1.0,0.0,traffic_wave_shift
traffic,random,23,230,2240.9118456590813,42.073832064125945,64.55979159967559,1.0,1,prioritize_ew,0.3333333333333333,0.3333333333333333,0.3333333333333333,-171.30271364482988,24.051355225104178,1.0,0.0,traffic_wave_shift
traffic,random,23,231,2264.9266274895263,41.68507297668843,65.82739097337911,1.0,2,balanced,0.3333333333333333,0.3333333333333333,0.3333333333333333,-172.57856662620048,15.562509728202643,1.0,0.0,traffic_wave_shift
traffic,random,23,232,2280.079095580322,39.24830562578987,68.4074267629409,1.0,2,balanced,0.3333333333333333,0.3333333333333333,0.3333333333333333,-174.27910283107545,21.76459207302334,1.0,0.0,traffic_wave_shift
traffic,random,23,233,2301.8278009354126,38.69139331462189,69.02478578346658,1.0,1,prioritize_ew,0.3333333333333333,0.3333333333333333,0.3333333333333333,-175.86536524640806,19.330354951179988,1.0,0.0,traffic_wave_shift
traffic,random,23,234,2321.1134651949133,38.36530047848932,70.29735800957023,1.0,0,prioritize_ns,0.3333333333333333,0.3333333333333333,0.3333333333333333,-177.4436234341477,21.669679998100204,1.0,0.0,traffic_wave_shift
traffic,random,23,235,2342.7775131333638,37.873133494856546,70.2545818385789,1.0,0,prioritize_ns,0.3333333333333333,0.3333333333333333,0.3333333333333333,-179.0336712093424,22.629382910831662,1.0,0.0,traffic_wave_shift
traffic,random,23,236,2365.4035957430583,37.595393650706434,69.98584917720436,1.0,1,prioritize_ew,0.3333333333333333,0.3333333333333333,0.3333333333333333,-180.13025147659104,12.675939687414228,1.0,0.0,traffic_wave_shift
traffic,random,23,237,2377.891228416149,37.06242656716543,72.09639964302778,1.0,2,balanced,0.3333333333333333,0.3333333333333333,0.3333333333333333,-181.38950396921015,15.963261517147362,1.0,0.0,traffic_wave_shift
traffic,random,23,238,2393.792540509477,35.89294791481292,72.87505981094668,1.0,0,prioritize_ns,0.3333333333333333,0.3333333333333333,0.3333333333333333,-182.02034350715218,10.097816851600594,1.0,0.0,traffic_wave_shift
traffic,random,23,239,2403.6695411802066,34.01121519705869,73.80771456904856,1.0,1,prioritize_ew,0.3333333333333333,0.3333333333333333,0.3333333333333333,-183.18408960574956,13.333401971966817,1.0,0.0,traffic_wave_shift
traffic,random,23,240,2416.883887085077,32.32127479034256,74.35977604591122,1.0,0,prioritize_ns,0.3333333333333333,0.3333333333333333,0.3333333333333333,-183.37785741816708,5.671150436591496,1.0,0.0,traffic_wave_shift
traffic,random,23,241,2421.102868222471,28.639854495882567,73.46017054776091,1.0,2,balanced,0.3333333333333333,0.3333333333333333,0.3333333333333333,-184.03179592311105,9.012351887334374,1.0,0.0,traffic_wave_shift
traffic,random,23,242,2430.0869277138245,27.939139859535146,73.5949318009801,1.0,2,balanced,0.3333333333333333,0.3333333333333333,0.3333333333333333,-184.2148570979249,3.2725028144465766,1.0,0.0,traffic_wave_shift
traffic,random,23,243,2431.2293432269094,24.98736054348652,74.42629233370421,1.0,1,prioritize_ew,0.3333333333333333,0.3333333333333333,0.3333333333333333,-184.56384641635142,2.7413608712962168,1.0,0.0,traffic_wave_shift
traffic,random,23,244,2432.652466506237,23.296585065206038,76.04834592115284,1.0,0,prioritize_ns,0.3333333333333333,0.3333333333333333,0.3333333333333333,-185.12986484244405,10.260922183288251,1.0,0.0,traffic_wave_shift
traffic,random,23,245,2442.7654701727347,22.676316617531658,74.42694284180416,1.0,0,prioritize_ns,0.3333333333333333,0.3333333333333333,0.3333333333333333,-185.3610956239031,3.7702464626282137,1.0,0.0,traffic_wave_shift
traffic,random,23,246,2446.532219522339,22.585870259973603,74.29212005952536,1.0,2,balanced,0.3333333333333333,0.3333333333333333,0.3333333333333333,-186.12107875978626,8.838233577867724,1.0,0.0,traffic_wave_shift
traffic,random,23,247,2455.3441387049374,22.551442198222567,74.97275785223462,1.0,1,prioritize_ew,0.3333333333333333,0.3333333333333333,0.3333333333333333,-187.20446456097022,12.54001481488685,1.0,0.0,traffic_wave_shift
traffic,random,23,248,2467.6019842131673,24.77452819725152,76.40631416255981,1.0,1,prioritize_ew,0.3333333333333333,0.3333333333333333,0.3333333333333333,-188.28436685922924,12.54321358789646,1.0,0.0,traffic_wave_shift
traffic,random,23,249,2479.952085036725,26.959923706097563,76.58312827248488,1.0,2,balanced,0.3333333333333333,0.3333333333333333,0.3333333333333333,-189.46847150861248,16.007691794054914,1.0,0.0,traffic_wave_shift
traffic,random,23,250,2495.8643985652766,28.119785678508322,77.88665999341748,1.0,1,prioritize_ew,0.3333333333333333,0.3333333333333333,0.3333333333333333,-191.0443144353996,19.138058205674145,1.0,0.0,traffic_wave_shift
traffic,random,23,251,2514.7517181153394,31.143899718600075,78.5104919981331,1.0,2,balanced,0.3333333333333333,0.3333333333333333,0.3333333333333333,-192.31651565053343,15.384813881792478,1.0,0.0,traffic_wave_shift
traffic,random,23,252,2530.0812019000923,32.44741263903099,78.52719938155859,1.0,2,balanced,0.3333333333333333,0.3333333333333333,0.3333333333333333,-193.72849266859149,18.924901212247264,1.0,0.0,traffic_wave_shift
traffic,random,23,253,2548.954873545291,33.770577866424766,78.95805701879158,1.0,1,prioritize_ew,0.3333333333333333,0.3333333333333333,0.3333333333333333,-195.6012389853819,22.466210422449613,1.0,0.0,traffic_wave_shift
traffic,random,23,254,2571.2747156729356,35.76452612724218,80.564116941703,1.0,2,balanced,0.3333333333333333,0.3333333333333333,0.3333333333333333,-197.50366998198854,25.13009871897309,1.0,0.0,traffic_wave_shift
traffic,random,23,255,2596.289942415039,37.58510876995248,82.12801320026443,1.0,0,prioritize_ns,0.3333333333333333,0.3333333333333333,0.3333333333333333,-199.05518201676307,22.498250125157814,1.0,0.0,traffic_wave_shift
traffic,random,23,256,2618.776591389026,38.30497465473732,82.0674349634582,1.0,2,balanced,0.3333333333333333,0.3333333333333333,0.3333333333333333,-200.430390923673,18.422695606372017,1.0,0.0,traffic_wave_shift
traffic,random,23,257,2637.1831996703063,38.92039955404275,81.60511778027767,1.0,2,balanced,0.3333333333333333,0.3333333333333333,0.3333333333333333,-202.5425208798446,28.4667078089817,1.0,0.0,traffic_wave_shift
traffic,random,23,258,2665.5491466258927,40.81885461612032,83.0619551672461,1.0,0,prioritize_ns,0.3333333333333333,0.3333333333333333,0.3333333333333333,-204.4447381604599,26.342029875731306,1.0,0.0,traffic_wave_shift
traffic,random,23,259,2691.8752989358973,41.62011665259224,83.50266104793279,1.0,0,prioritize_ns,0.3333333333333333,0.3333333333333333,0.3333333333333333,-206.1120716176924,25.485925729903474,1.0,0.0,traffic_wave_shift
traffic,random,23,260,2717.355073584693,41.713026233930805,82.95051798092902,1.0,1,prioritize_ew,0.3333333333333333,0.3333333333333333,0.3333333333333333,-208.14078772278384,23.69009642148821,1.0,0.0,traffic_wave_shift
traffic,random,23,261,2740.976221294262,41.9399259810471,84.74232317315615,1.0,0,prioritize_ns,0.3333333333333333,0.3333333333333333,0.3333333333333333,-209.6678612026662,24.31997701789731,1.0,0.0,traffic_wave_shift
traffic,random,23,262,2765.138136739742,43.09098741388718,82.22474859941514,1.0,1,prioritize_ew,0.3333333333333333,0.3333333333333333,0.3333333333333333,-211.56497924274882,22.16094217009473,1.0,0.0,traffic_wave_shift
traffic,random,23,263,2787.208454295045,41.83186153383049,83.78136123348176,1.0,1,prioritize_ew,0.3333333333333333,0.3333333333333333,0.3333333333333333,-213.90101096921592,28.799181346379026,1.0,0.0,traffic_wave_shift
traffic,random,23,264,2815.904526889987,42.30584559081801,86.16958294872578,1.0,0,prioritize_ns,0.3333333333333333,0.3333333333333333,0.3333333333333333,-215.77148418310347,27.87650552074814,1.0,0.0,traffic_wave_shift
traffic,random,23,265,2843.7768190621455,42.78434909549052,86.09261857929033,1.0,0,prioritize_ns,0.3333333333333333,0.3333333333333333,0.3333333333333333,-217.0853680504469,20.66478357368615,1.0,0.0,traffic_wave_shift
traffic,random,23,266,2864.432980405076,42.19135182216273,86.02455275860277,1.0,2,balanced,0.3333333333333333,0.3333333333333333,0.3333333333333333,-218.4428574245547,19.653536624622998,1.0,0.0,traffic_wave_shift
traffic,random,23,267,2884.0583034213914,41.28403333632987,86.55838000213325,1.0,1,prioritize_ew,0.3333333333333333,0.3333333333333333,0.3333333333333333,-220.12057628727172,21.956527528538352,1.0,0.0,traffic_wave_shift
traffic,random,23,268,2906.0030182001797,41.25891278102688,87.27807670686163,1.0,1,prioritize_ew,0.3333333333333333,0.3333333333333333,0.3333333333333333,-221.23145328054065,13.888904225213345,1.0,0.0,traffic_wave_shift
traffic,random,23,269,2919.4463623767288,38.20836709734827,88.97287137282639,1.0,2,balanced,0.3333333333333333,0.3333333333333333,0.3333333333333333,-222.19255125621078,13.042215723039304,1.0,0.0,traffic_wave_shift
traffic,random,23,270,2932.12287937745,35.16921206306086,88.56196460202807,1.0,0,prioritize_ns,0.3333333333333333,0.3333333333333333,0.3333333333333333,-223.2924629678276,19.285446675624414,1.0,0.0,traffic_wave_shift
traffic,random,23,271,2951.354229890074,34.884249896999684,87.14690011485301,1.0,1,prioritize_ew,0.3333333333333333,0.3333333333333333,0.3333333333333333,-224.63770790489383,15.48356969196254,1.0,0.0,traffic_wave_shift
traffic,random,23,272,2966.7681630617562,34.04197192807294,88.34780078011657,1.0,1,prioritize_ew,0.3333333333333333,0.3333333333333333,0.3333333333333333,-225.89488388603658,14.450612545015229,1.0,0.0,traffic_wave_shift
traffic,random,23,273,2981.139151618064,32.52722668357686,88.36872170038819,1.0,2,balanced,0.3333333333333333,0.3333333333333333,0.3333333333333333,-226.66253316485896,11.94112162265045,1.0,0.0,traffic_wave_shift
traffic,random,23,274,2993.0762760040234,32.225982725458906,88.30017187357087,1.0,1,prioritize_ew,0.3333333333333333,0.3333333333333333,0.3333333333333333,-227.40222295109317,8.352406946480558,1.0,0.0,traffic_wave_shift
traffic,random,23,275,3001.1247983844114,31.300383801392286,90.33173676886133,1.0,2,balanced,0.3333333333333333,0.3333333333333333,0.3333333333333333,-227.7865342296159,6.177560235779492,1.0,0.0,traffic_wave_shift
traffic,random,23,276,3006.662014368958,28.561556895776835,90.34953531497266,1.0,2,balanced,0.3333333333333333,0.3333333333333333,0.3333333333333333,-228.5243160025126,11.894448196327557,1.0,0.0,traffic_wave_shift
traffic,random,23,277,3018.48757782992,27.843882953632722,89.29175894983608,1.0,2,balanced,0.3333333333333333,0.3333333333333333,0.3333333333333333,-229.00569683278965,7.579582935225118,1.0,0.0,traffic_wave_shift
traffic,random,23,278,3025.89551595006,26.45127286639923,88.49604076789717,1.0,0,prioritize_ns,0.3333333333333333,0.3333333333333333,0.3333333333333333,-229.5399289733099,10.25731205534026,1.0,0.0,traffic_wave_shift
traffic,random,23,279,3036.0726017939496,26.099265157985293,87.26499856717848,1.0,1,prioritize_ew,0.3333333333333333,0.3333333333333333,0.3333333333333333,-230.13855693696428,6.013330681566777,1.0,0.0,traffic_wave_shift
traffic,random,23,280,3041.94851242308,25.664742807733695,88.4670844590665,1.0,0,prioritize_ns,0.3333333333333333,0.3333333333333333,0.3333333333333333,-230.85697062168774,9.364188676311112,1.0,0.0,traffic_wave_shift
traffic,random,23,281,3051.2817635017027,26.4239498265489,88.42171297546605,1.0,1,prioritize_ew,0.3333333333333333,0.3333333333333333,0.3333333333333333,-231.84153480918093,9.694816650607498,1.0,0.0,traffic_wave_shift
traffic,random,23,282,3060.907118466849,25.98390812738588,89.49333557079721,1.0,0,prioritize_ns,0.3333333333333333,0.3333333333333333,0.3333333333333333,-232.74997087875653,13.329896737775124,1.0,0.0,traffic_wave_shift
traffic,random,23,283,3074.1695845684826,27.154813723684462,90.14304321838077,1.0,1,prioritize_ew,0.3333333333333333,0.3333333333333333,0.3333333333333333,-233.85872349355787,12.74664066466677,1.0,0.0,traffic_wave_shift
traffic,random,23,284,3086.827863256164,27.65105229244284,91.55675329544749,1.0,1,prioritize_ew,0.3333333333333333,0.3333333333333333,0.3333333333333333,-235.14609744331904,14.343531451090643,1.0,0.0,traffic_wave_shift
traffic,random,23,285,3101.0523139391817,29.320760303220265,92.34031721343715,1.0,2,balanced,0.3333333333333333,0.3333333333333333,0.3333333333333333,-235.98219773433755,8.644525043752076,1.0,0.0,traffic_wave_shift
traffic,random,23,286,3109.578982485198,29.159443796699016,93.75372222374162,1.0,0,prioritize_ns,0.3333333333333333,0.3333333333333333,0.3333333333333333,-236.77303419201107,9.765956836868886,1.0,0.0,traffic_wave_shift
traffic,random,23,287,3119.3311652242423,29.184809351478513,94.27160382459766,1.0,0,prioritize_ns,0.3333333333333333,0.3333333333333333,0.3333333333333333,-237.6933077290177,11.425896871976693,1.0,0.0,traffic_wave_shift
traffic,random,23,288,3130.741792040687,28.814441494440768,94.73154146749607,1.0,1,prioritize_ew,0.3333333333333333,0.3333333333333333,0.3333333333333333,-239.16103035509624,16.728143470757185,1.0,0.0,traffic_wave_shift
traffic,random,23,289,3147.270322370975,29.58849182296217,97.18904328598984,1.0,0,prioritize_ns,0.3333333333333333,0.3333333333333333,0.3333333333333333,-240.53183863920444,17.90520735072479,1.0,0.0,traffic_wave_shift
traffic,random,23,290,3165.106807063081,30.31089862477981,98.57986768662805,1.0,0,prioritize_ns,0.3333333333333333,0.3333333333333333,0.3333333333333333,-242.0473757272405,20.84050477857408,1.0,0.0,traffic_wave_shift
traffic,random,23,291,3185.7930949404335,32.74282249104708,99.27978167401467,1.0,0,prioritize_ns,0.3333333333333333,0.3333333333333333,0.3333333333333333,-242.94317369329622,11.240352998046427,1.0,0.0,traffic_wave_shift
traffic,random,23,292,3197.0282075724936,33.03940846965035,99.45245600016906,1.0,2,balanced,0.3333333333333333,0.3333333333333333,0.3333333333333333,-244.43463328718954,16.193190662317583,1.0,0.0,traffic_wave_shift
traffic,random,23,293,3213.1501221364433,33.98166601915135,100.64218089663983,1.0,1,prioritize_ew,0.3333333333333333,0.3333333333333333,0.3333333333333333,-246.20744902026618,20.0051316022939,1.0,0.0,traffic_wave_shift
traffic,random,23,294,3233.0230421855167,34.650543962908486,102.83875583153049,1.0,1,prioritize_ew,0.3333333333333333,0.3333333333333333,0.3333333333333333,-247.9541157586591,17.77428333984684,1.0,0.0,traffic_wave_shift
traffic,random,23,295,3250.610623322432,34.600763251870376,105.40773615033277,1.0,0,prioritize_ns,0.3333333333333333,0.3333333333333333,0.3333333333333333,-249.14715156133704,16.366638312865295,1.0,0.0,traffic_wave_shift
traffic,random,23,296,3266.951883959894,33.73175780389228,105.13409409570438,1.0,0,prioritize_ns,0.3333333333333333,0.3333333333333333,0.3333333333333333,-250.30986966407852,15.297795299093863,1.0,0.0,traffic_wave_shift
traffic,random,23,297,3282.2097820865856,34.536314902818496,104.37793694071051,1.0,1,prioritize_ew,0.3333333333333333,0.3333333333333333,0.3333333333333333,-252.23276908115247,23.890438160294853,1.0,0.0,traffic_wave_shift
traffic,random,23,298,3305.8971992616443,36.04941542504042,107.09267999950208,1.0,1,prioritize_ew,0.3333333333333333,0.3333333333333333,0.3333333333333333,-253.83171687258243,19.3441645691488,1.0,0.0,traffic_wave_shift
traffic,random,23,299,3325.204051646743,35.936201892245336,108.2882286410496,1.0,1,prioritize_ew,0.3333333333333333,0.3333333333333333,0.3333333333333333,-255.6458706304805,22.65039464138291,1.0,0.0,traffic_wave_shift
traffic,random,23,300,3347.780389862385,36.933953307990784,109.8224458015944,1.0,0,prioritize_ns,0.3333333333333333,0.3333333333333333,0.3333333333333333,-256.9247527591709,3348.741935664497,1.0,1.0,traffic_wave_shift|traffic_signal_latency
traffic,random,23,301,1.0,1.0,1.0,1.0,1,prioritize_ew,0.3333333333333333,0.3333333333333333,0.3333333333333333,-257.3970652914387,0.0,1.0,0.0,traffic_signal_latency
traffic,random,23,302,1.0,1.0,1.0,1.0,1,prioritize_ew,0.3333333333333333,0.3333333333333333,0.3333333333333333,-258.3252452310358,0.0,1.0,0.0,traffic_signal_latency
traffic,random,23,303,1.0,1.0,1.0,1.0,1,prioritize_ew,0.3333333333333333,0.3333333333333333,0.3333333333333333,-258.93997353433906,0.0,1.0,0.0,traffic_signal_latency
traffic,random,23,304,1.0,1.0,1.0,1.0,1,prioritize_ew,0.3333333333333333,0.3333333333333333,0.3333333333333333,-259.48047895174193,0.07325091959895991,1.0,0.0,traffic_signal_latency
traffic,random,23,305,1.0,1.0,1.0,0.9267490804010401,0,prioritize_ns,0.3333333333333333,0.3333333333333333,0.3333333333333333,-259.7647345680518,0.047533850618457274,1.0,0.0,traffic_signal_latency
traffic,random,23,306,1.0,1.0,1.0,0.9742829310194974,2,balanced,0.3333333333333333,0.3333333333333333,0.3333333333333333,-260.08384943750036,0.026659330909817314,1.0,0.0,traffic_signal_latency
traffic,random,23,307,1.0,1.0,1.0,0.94762360010968,1,prioritize_ew,0.3333333333333333,0.3333333333333333,0.3333333333333333,-260.4242770778663,0.05237639989031995,1.0,0.0,traffic_signal_latency
traffic,random,23,308,1.0,1.0,1.0,1.0,0,prioritize_ns,0.3333333333333333,0.3333333333333333,0.3333333333333333,-260.59432774672194,0.0,1.0,0.0,traffic_signal_latency
traffic,random,23,309,1.0,1.0,1.0,1.0,1,prioritize_ew,0.3333333333333333,0.3333333333333333,0.3333333333333333,-261.4640783298323,0.0,1.0,0.0,traffic_signal_latency
traffic,random,23,310,1.0,1.0,1.0,1.0,0,prioritize_ns,0.3333333333333333,0.3333333333333333,0.3333333333333333,-261.3977949878122,0.009371866830225617,1.0,0.0,traffic_signal_latency
traffic,random,23,311,1.0,1.0,1.0,0.9906281331697744,2,prioritize_ns,0.3333333333333333,0.3333333333333333,0.3333333333333333,-261.6508113677778,0.009371866830225617,1.0,0.0,traffic_signal_latency
traffic,random,23,312,1.0,1.0,1.0,1.0,0,prioritize_ns,0.3333333333333333,0.3333333333333333,0.3333333333333333,-261.8582198471205,0.0,1.0,0.0,traffic_signal_latency
traffic,random,23,313,1.0,1.0,1.0,1.0,2,prioritize_ew,0.3333333333333333,0.3333333333333333,0.3333333333333333,-262.39538200677714,0.0,1.0,0.0,traffic_signal_latency
traffic,random,23,314,1.0,1.0,1.0,1.0,2,balanced,0.3333333333333333,0.3333333333333333,0.3333333333333333,-262.69320603008447,0.01479771706741928,1.0,0.0,traffic_signal_latency
traffic,random,23,315,1.0,1.0,1.0,0.9852022829325807,0,prioritize_ew,0.3333333333333333,0.3333333333333333,0.3333333333333333,-263.3910539140986,0.01479771706741928,1.0,0.0,traffic_signal_latency
traffic,random,23,316,1.0,1.0,1.0,1.0,2,balanced,0.3333333333333333,0.3333333333333333,0.3333333333333333,-264.6134166428275,0.008546440773468778,1.0,0.0,traffic_signal_latency
traffic,random,23,317,1.0,1.0,1.0,0.9914535592265312,1,prioritize_ns,0.3333333333333333,0.3333333333333333,0.3333333333333333,-265.1342477897339,0.008546440773468778,1.0,0.0,traffic_signal_latency
traffic,random,23,318,1.0,1.0,1.0,1.0,2,balanced,0.3333333333333333,0.3333333333333333,0.3333333333333333,-265.93019759031824,0.03445959403804444,1.0,0.0,traffic_signal_latency
traffic,random,23,319,1.0,1.0,1.0,0.9655404059619556,0,prioritize_ns,0.3333333333333333,0.3333333333333333,0.3333333333333333,-266.51913349848604,0.03445959403804444,1.0,0.0,traffic_signal_latency
traffic,random,23,320,1.0,1.0,1.0,1.0,0,prioritize_ns,0.3333333333333333,0.3333333333333333,0.3333333333333333,-267.55604650600446,0.0,1.0,0.0,traffic_signal_latency
traffic,random,23,321,1.0,1.0,1.0,1.0,0,prioritize_ns,0.3333333333333333,0.3333333333333333,0.3333333333333333,-268.07200059628735,0.0,1.0,0.0,traffic_signal_latency
traffic,random,23,322,1.0,1.0,1.0,1.0,2,prioritize_ew,0.3333333333333333,0.3333333333333333,0.3333333333333333,-269.5667062623688,0.0,1.0,0.0,traffic_signal_latency
traffic,random,23,323,1.0,1.0,1.0,1.0,2,balanced,0.3333333333333333,0.3333333333333333,0.3333333333333333,-270.4103138611525,0.0,1.0,0.0,traffic_signal_latency
traffic,random,23,324,1.0,1.0,1.0,1.0,0,prioritize_ns,0.3333333333333333,0.3333333333333333,0.3333333333333333,-271.48652442263966,0.021575069878664976,1.0,0.0,traffic_signal_latency
traffic,random,23,325,1.0,1.0,1.0,0.978424930121335,0,prioritize_ns,0.3333333333333333,0.3333333333333333,0.3333333333333333,-272.3487425449516,0.021575069878664976,1.0,0.0,traffic_signal_latency
traffic,random,23,326,1.0,1.0,1.0,1.0,2,balanced,0.3333333333333333,0.3333333333333333,0.3333333333333333,-273.0665304084326,0.0,1.0,0.0,traffic_signal_latency
traffic,random,23,327,1.0,1.0,1.0,1.0,1,prioritize_ew,0.3333333333333333,0.3333333333333333,0.3333333333333333,-273.6798709567669,0.0,1.0,0.0,traffic_signal_latency
traffic,random,23,328,1.0,1.0,1.0,1.0,0,prioritize_ew,0.3333333333333333,0.3333333333333333,0.3333333333333333,-274.1063341755428,0.05898185935602318,1.0,0.0,traffic_signal_latency
traffic,random,23,329,1.0,1.0,1.0,0.9410181406439768,1,prioritize_ew,0.3333333333333333,0.3333333333333333,0.3333333333333333,-274.6268869617106,0.05898185935602318,1.0,0.0,traffic_signal_latency
traffic,random,23,330,1.0,1.0,1.0,1.0,2,balanced,0.3333333333333333,0.3333333333333333,0.3333333333333333,-275.3483345084455,0.0,1.0,0.0,traffic_signal_latency
traffic,random,23,331,1.0,1.0,1.0,1.0,1,prioritize_ew,0.3333333333333333,0.3333333333333333,0.3333333333333333,-275.9379616518806,0.0,1.0,0.0,traffic_signal_latency
traffic,random,23,332,1.0,1.0,1.0,1.0,0,prioritize_ns,0.3333333333333333,0.3333333333333333,0.3333333333333333,-275.89794546830336,0.0003002314568494313,1.0,0.0,traffic_signal_latency
traffic,random,23,333,1.0,1.0,1.0,0.9996997685431506,1,prioritize_ew,0.3333333333333333,0.3333333333333333,0.3333333333333333,-276.52869529303507,0.0003002314568494313,1.0,0.0,traffic_signal_latency
traffic,random,23,334,1.0,1.0,1.0,1.0,2,balanced,0.3333333333333333,0.3333333333333333,0.3333333333333333,-276.61237846030633,0.006184511905883983,1.0,0.0,traffic_signal_latency
traffic,random,23,335,1.0,1.0,1.0,0.993815488094116,1,prioritize_ns,0.3333333333333333,0.3333333333333333,0.3333333333333333,-276.19605554112707,0.006184511905883983,1.0,0.0,traffic_signal_latency
traffic,random,23,336,1.0,1.0,1.0,1.0,1,balanced,0.3333333333333333,0.3333333333333333,0.3333333333333333,-276.52787211120483,0.00489495235357329,1.0,0.0,traffic_signal_latency
traffic,random,23,337,1.0,1.0,1.0,0.9951050476464267,0,prioritize_ns,0.3333333333333333,0.3333333333333333,0.3333333333333333,-276.6386031058339,0.00489495235357329,1.0,0.0,traffic_signal_latency
traffic,random,23,338,1.0,1.0,1.0,1.0,2,balanced,0.3333333333333333,0.3333333333333333,0.3333333333333333,-277.0367526523376,0.013805196352303373,1.0,0.0,traffic_signal_latency
traffic,random,23,339,1.0,1.0,1.0,0.9861948036476966,2,balanced,0.3333333333333333,0.3333333333333333,0.3333333333333333,-277.55314873663036,0.013805196352303373,1.0,0.0,traffic_signal_latency
traffic,random,23,340,1.0,1.0,1.0,1.0,1,prioritize_ew,0.3333333333333333,0.3333333333333333,0.3333333333333333,-277.91120568330194,0.0,1.0,0.0,traffic_signal_latency
traffic,random,23,341,1.0,1.0,1.0,1.0,1,prioritize_ew,0.3333333333333333,0.3333333333333333,0.3333333333333333,-277.9971768599329,0.028345610596956394,1.0,0.0,traffic_signal_latency
traffic,random,23,342,1.0,1.0,1.0,0.9716543894030436,1,prioritize_ew,0.3333333333333333,0.3333333333333333,0.3333333333333333,-278.6173883184465,0.02278310744455614,1.0,0.0,traffic_signal_latency
traffic,random,23,343,1.0,1.0,1.0,0.9944374968475997,0,prioritize_ns,0.3333333333333333,0.3333333333333333,0.3333333333333333,-278.8633195313453,0.07864243666707349,1.0,0.0,traffic_signal_latency
traffic,random,23,344,1.0,1.0,1.0,0.9157950601805263,0,prioritize_ns,0.3333333333333333,0.3333333333333333,0.3333333333333333,-278.8241389251298,0.08420493981947375,1.0,0.0,traffic_signal_latency
traffic,random,23,345,1.0,1.0,1.0,1.0,1,prioritize_ew,0.3333333333333333,0.3333333333333333,0.3333333333333333,-279.93883690217376,0.01929367487545053,1.0,0.0,traffic_signal_latency
traffic,random,23,346,1.0,1.0,1.0,0.9807063251245495,2,balanced,0.3333333333333333,0.3333333333333333,0.3333333333333333,-280.5092721399254,0.025772652934556328,1.0,0.0,traffic_signal_latency
traffic,random,23,347,1.0,1.0,1.0,0.9549336721899931,0,prioritize_ns,0.3333333333333333,0.3333333333333333,0.3333333333333333,-281.1491034157623,0.04209294936789354,1.0,0.0,traffic_signal_latency
traffic,random,23,348,1.0,1.0,1.0,0.9970266215578867,0,prioritize_ns,0.3333333333333333,0.3333333333333333,0.3333333333333333,-281.9259006064859,0.002973378442113317,1.0,0.0,traffic_signal_latency
traffic,random,23,349,1.0,1.0,1.0,1.0,0,balanced,0.3333333333333333,0.3333333333333333,0.3333333333333333,-282.94034466341975,0.0,1.0,0.0,traffic_signal_latency
traffic,random,23,350,1.0,1.0,1.0,1.0,1,prioritize_ew,0.3333333333333333,0.3333333333333333,0.3333333333333333,-283.9932268230148,0.0,1.0,0.0,traffic_signal_latency
traffic,random,23,351,1.0,1.0,1.0,1.0,1,prioritize_ew,0.3333333333333333,0.3333333333333333,0.3333333333333333,-285.5724090997322,0.0,1.0,0.0,traffic_signal_latency
traffic,random,23,352,1.0,1.0,1.0,1.0,0,prioritize_ns,0.3333333333333333,0.3333333333333333,0.3333333333333333,-286.31481962397663,0.021856532208348822,1.0,0.0,traffic_signal_latency
traffic,random,23,353,1.0,1.0,1.0,0.9781434677916512,1,prioritize_ew,0.3333333333333333,0.3333333333333333,0.3333333333333333,-287.4828044804369,0.021856532208348822,1.0,0.0,traffic_signal_latency
traffic,random,23,354,1.0,1.0,1.0,1.0,1,prioritize_ew,0.3333333333333333,0.3333333333333333,0.3333333333333333,-288.9998374329341,0.009417731919921013,1.0,0.0,traffic_signal_latency
traffic,random,23,355,1.0,1.0,1.0,0.990582268080079,1,prioritize_ns,0.3333333333333333,0.3333333333333333,0.3333333333333333,-289.906016910294,0.004189295317025832,1.0,0.0,traffic_signal_latency
traffic,random,23,356,1.0,1.0,1.0,0.9947715633971048,2,balanced,0.3333333333333333,0.3333333333333333,0.3333333333333333,-291.0436592678057,0.005228436602895181,1.0,0.0,traffic_signal_latency
traffic,random,23,357,1.0,1.0,1.0,1.0,0,prioritize_ns,0.3333333333333333,0.3333333333333333,0.3333333333333333,-292.0152288132226,0.0019628680748784433,1.0,0.0,traffic_signal_latency
traffic,random,23,358,1.0,1.0,1.0,0.9980371319251216,2,balanced,0.3333333333333333,0.3333333333333333,0.3333333333333333,-292.8334237149513,0.0019628680748784433,1.0,0.0,traffic_signal_latency
traffic,random,23,359,1.0,1.0,1.0,1.0,1,prioritize_ew,0.3333333333333333,0.3333333333333333,0.3333333333333333,-293.93961859163755,0.050398749598501325,1.0,0.0,traffic_signal_latency
traffic,random,23,360,1.0,1.0,1.0,0.9496012504014987,1,prioritize_ns,0.3333333333333333,0.3333333333333333,0.3333333333333333,-294.60525423545243,0.050398749598501325,1.0,0.0,traffic_signal_latency
traffic,random,23,361,1.0,1.0,1.0,1.0,0,prioritize_ns,0.3333333333333333,0.3333333333333333,0.3333333333333333,-295.34538188584776,0.011587097998033924,1.0,0.0,traffic_signal_latency
traffic,random,23,362,1.0,1.0,1.0,0.9884129020019661,2,balanced,0.3333333333333333,0.3333333333333333,0.3333333333333333,-295.4046139217966,0.016552695264895223,1.0,0.0,traffic_signal_latency
traffic,random,23,363,1.0,1.0,1.0,0.9718602067370709,2,balanced,0.3333333333333333,0.3333333333333333,0.3333333333333333,-295.8223610508347,0.011679469866165304,1.0,0.0,traffic_signal_latency
traffic,random,23,364,1.0,1.0,1.0,0.9601807368709055,2,balanced,0.3333333333333333,0.3333333333333333,0.3333333333333333,-296.161905661103,0.01569130877781333,1.0,0.0,traffic_signal_latency
traffic,random,23,365,1.0,1.0,1.0,0.9758720456487189,1,prioritize_ew,0.3333333333333333,0.3333333333333333,0.3333333333333333,-296.45999470296726,0.024127954351281122,1.0,0.0,traffic_signal_latency
traffic,random,23,366,1.0,1.0,1.0,1.0,1,prioritize_ns,0.3333333333333333,0.3333333333333333,0.3333333333333333,-296.07692620506884,0.024085147053290346,1.0,0.0,traffic_signal_latency
traffic,random,23,367,1.0,1.0,1.0,0.9759148529467097,2,balanced,0.3333333333333333,0.3333333333333333,0.3333333333333333,-296.6064350986674,0.024085147053290346,1.0,0.0,traffic_signal_latency
traffic,random,23,368,1.0,1.0,1.0,1.0,1,prioritize_ew,0.3333333333333333,0.3333333333333333,0.3333333333333333,-296.87750622466024,0.0,1.0,0.0,traffic_signal_latency
traffic,random,23,369,1.0,1.0,1.0,1.0,2,balanced,0.3333333333333333,0.3333333333333333,0.3333333333333333,-297.0479745529409,0.05448225071488366,1.0,0.0,traffic_signal_latency
traffic,random,23,370,1.0,1.0,1.0,0.9455177492851163,2,balanced,0.3333333333333333,0.3333333333333333,0.3333333333333333,-296.87435763106606,0.009225392769935503,1.0,0.0,traffic_signal_latency
traffic,random,23,371,1.0,1.0,1.0,0.9547431420550518,1,prioritize_ew,0.3333333333333333,0.3333333333333333,0.3333333333333333,-297.2803188453222,0.027408698309682067,1.0,0.0,traffic_signal_latency
traffic,random,23,372,1.0,1.0,1.0,0.9273344437453698,1,prioritize_ew,0.3333333333333333,0.3333333333333333,0.3333333333333333,-297.46785294111675,0.023881936993018438,1.0,0.0,traffic_signal_latency
traffic,random,23,373,1.0,1.0,1.0,0.9034525067523513,0,prioritize_ns,0.3333333333333333,0.3333333333333333,0.3333333333333333,-297.2577624034227,0.09654749324764866,1.0,0.0,traffic_signal_latency
traffic,random,23,374,1.0,1.0,1.0,1.0,2,balanced,0.3333333333333333,0.3333333333333333,0.3333333333333333,-297.05754773316505,0.0,1.0,0.0,traffic_signal_latency
traffic,random,23,375,1.0,1.0,1.0,1.0,2,balanced,0.3333333333333333,0.3333333333333333,0.3333333333333333,-297.3210852474211,0.0,1.0,0.0,traffic_signal_latency
traffic,random,23,376,1.0,1.0,1.0,1.0,1,prioritize_ew,0.3333333333333333,0.3333333333333333,0.3333333333333333,-297.5040628227589,0.003970179027791398,1.0,0.0,traffic_signal_latency
traffic,random,23,377,1.0,1.0,1.0,0.9960298209722086,1,prioritize_ew,0.3333333333333333,0.3333333333333333,0.3333333333333333,-298.28234114690594,0.04719257765386753,1.0,0.0,traffic_signal_latency
traffic,random,23,378,1.0,1.0,1.0,0.9488372433183411,1,prioritize_ew,0.3333333333333333,0.3333333333333333,0.3333333333333333,-298.8429684537566,0.05116275668165893,1.0,0.0,traffic_signal_latency
traffic,random,23,379,1.0,1.0,1.0,1.0,0,prioritize_ns,0.3333333333333333,0.3333333333333333,0.3333333333333333,-299.7670873303083,0.0,1.0,0.0,traffic_signal_latency
traffic,random,23,380,1.0,1.0,1.0,1.0,0,prioritize_ns,0.3333333333333333,0.3333333333333333,0.3333333333333333,-300.635759612471,0.033634334914088626,1.0,0.0,traffic_signal_latency
traffic,random,23,381,1.0,1.0,1.0,0.9663656650859114,0,prioritize_ns,0.3333333333333333,0.3333333333333333,0.3333333333333333,-300.8598066305765,0.030634519630365786,1.0,0.0,traffic_signal_latency
traffic,random,23,382,1.0,1.0,1.0,0.9970001847162772,1,prioritize_ew,0.3333333333333333,0.3333333333333333,0.3333333333333333,-301.53899577912665,0.00299981528372284,1.0,0.0,traffic_signal_latency
traffic,random,23,383,1.0,1.0,1.0,1.0,2,balanced,0.3333333333333333,0.3333333333333333,0.3333333333333333,-302.64268398265267,0.018545448963527056,1.0,0.0,traffic_signal_latency
traffic,random,23,384,1.0,1.0,1.0,0.9814545510364729,0,prioritize_ns,0.3333333333333333,0.3333333333333333,0.3333333333333333,-303.50223963338055,0.009475733700788469,1.0,0.0,traffic_signal_latency
traffic,random,23,385,1.0,1.0,1.0,0.9909302847372614,1,prioritize_ew,0.3333333333333333,0.3333333333333333,0.3333333333333333,-304.4374431896785,0.057558612466214853,1.0,0.0,traffic_signal_latency
traffic,random,23,386,1.0,1.0,1.0,0.9333716722710466,2,balanced,0.3333333333333333,0.3333333333333333,0.3333333333333333,-305.12527778516824,0.06662832772895344,1.0,0.0,traffic_signal_latency
traffic,random,23,387,1.0,1.0,1.0,1.0,2,balanced,0.3333333333333333,0.3333333333333333,0.3333333333333333,-306.44329771024655,0.0,1.0,0.0,traffic_signal_latency
traffic,random,23,388,1.0,1.0,1.0,1.0,0,prioritize_ns,0.3333333333333333,0.3333333333333333,0.3333333333333333,-307.6513153007994,0.058079785566467645,1.0,0.0,traffic_signal_latency
traffic,random,23,389,1.0,1.0,1.0,0.9419202144335324,2,balanced,0.3333333333333333,0.3333333333333333,0.3333333333333333,-308.7308149901048,0.03980371499495361,1.0,0.0,traffic_signal_latency
traffic,random,23,390,1.0,1.0,1.0,0.981723929428486,0,prioritize_ns,0.3333333333333333,0.3333333333333333,0.3333333333333333,-309.7049001090563,0.018276070571514036,1.0,0.0,traffic_signal_latency
traffic,random,23,391,1.0,1.0,1.0,1.0,0,prioritize_ns,0.3333333333333333,0.3333333333333333,0.3333333333333333,-310.5404067084607,0.04775480903543006,1.0,0.0,traffic_signal_latency
traffic,random,23,392,1.0,1.0,1.0,0.9522451909645699,0,prioritize_ns,0.3333333333333333,0.3333333333333333,0.3333333333333333,-311.2864057807671,0.04775480903543006,1.0,0.0,traffic_signal_latency
traffic,random,23,393,1.0,1.0,1.0,1.0,1,prioritize_ew,0.3333333333333333,0.3333333333333333,0.3333333333333333,-312.5418057756324,0.0143213609056414,1.0,0.0,traffic_signal_latency
traffic,random,23,394,1.0,1.0,1.0,0.9856786390943586,2,balanced,0.3333333333333333,0.3333333333333333,0.3333333333333333,-313.2866152215103,0.0143213609056414,1.0,0.0,traffic_signal_latency
traffic,random,23,395,1.0,1.0,1.0,1.0,0,prioritize_ew,0.3333333333333333,0.3333333333333333,0.3333333333333333,-314.23725658960666,0.02414139748607902,1.0,0.0,traffic_signal_latency
traffic,random,23,396,1.0,1.0,1.0,0.975858602513921,0,prioritize_ew,0.3333333333333333,0.3333333333333333,0.3333333333333333,-315.17121656244626,0.02414139748607902,1.0,0.0,traffic_signal_latency
traffic,random,23,397,1.0,1.0,1.0,1.0,2,balanced,0.3333333333333333,0.3333333333333333,0.3333333333333333,-316.02454112914097,0.05334750884021744,1.0,0.0,traffic_signal_latency
traffic,random,23,398,1.0,1.0,1.0,0.9466524911597826,0,prioritize_ns,0.3333333333333333,0.3333333333333333,0.3333333333333333,-316.08468940458727,0.05334750884021744,1.0,0.0,traffic_signal_latency
traffic,random,23,399,1.0,1.0,1.0,1.0,1,prioritize_ew,0.3333333333333333,0.3333333333333333,0.3333333333333333,-316.4245159754979,0.062226614307733685,1.0,0.0,traffic_signal_latency
traffic,random,23,400,1.0,1.0,1.0,0.9377733856922663,0,prioritize_ns,0.3333333333333333,0.3333333333333333,0.3333333333333333,-316.656629248464,0.062226614307733685,1.0,0.0,traffic_signal_latency
traffic,random,23,401,1.0,1.0,1.0,1.0,2,balanced,0.3333333333333333,0.3333333333333333,0.3333333333333333,-316.95884965681245,4197.714665658107,0.0,0.0,none
traffic,random,23,402,4196.931483792558,34.084697788049354,118.782852622159,1.0,1,prioritize_ew,0.3333333333333333,0.3333333333333333,0.3333333333333333,-317.60623593329393,7.59149129270726,0.0,0.0,none
traffic,random,23,403,4204.362973203197,32.90082673338564,117.78177594540682,1.0,1,prioritize_ew,0.3333333333333333,0.3333333333333333,0.3333333333333333,-318.0304490529946,4.371051702313569,0.0,0.0,none
traffic,random,23,404,4208.608068445659,32.59943570507003,118.7789834537882,1.0,1,prioritize_ew,0.3333333333333333,0.3333333333333333,0.3333333333333333,-318.40798190318003,4.2861096006864745,0.0,0.0,none
traffic,random,23,405,4212.843004513345,32.3766807073256,119.4006201826697,1.0,1,prioritize_ew,0.3333333333333333,0.3333333333333333,0.3333333333333333,-319.0919884672187,7.662452447368454,0.0,0.0,none
traffic,random,23,406,4220.488770372639,32.11909457673401,119.8354664984609,1.0,1,prioritize_ew,0.3333333333333333,0.3333333333333333,0.3333333333333333,-319.4828814992698,4.6776484942211685,0.0,0.0,none
traffic,random,23,407,4225.129133229075,31.6395298873034,120.1781700215709,1.0,1,prioritize_ew,0.3333333333333333,0.3333333333333333,0.3333333333333333,-320.1348533443102,6.888574509101981,0.0,0.0,none
traffic,random,23,408,4231.976660961383,31.522737551637288,120.91991274856962,1.0,1,prioritize_ew,0.3333333333333333,0.3333333333333333,0.3333333333333333,-320.93269232096213,9.560246736855415,0.0,0.0,none
traffic,random,23,409,4241.407032201056,32.55979275107928,122.09929074769053,1.0,1,prioritize_ew,0.3333333333333333,0.3333333333333333,0.3333333333333333,-321.8608196735977,10.031609776266194,0.0,0.0,none
traffic,random,23,410,4251.308941171045,33.69318733154034,123.23982140414007,1.0,0,prioritize_ns,0.3333333333333333,0.3333333333333333,0.3333333333333333,-322.3160932480231,7.047170225269399,0.0,0.0,none
traffic,random,23,411,4258.353012506974,33.572848426867026,123.0689830410709,1.0,2,balanced,0.3333333333333333,0.3333333333333333,0.3333333333333333,-323.04609583852755,9.129213092899771,0.0,0.0,none
traffic,random,23,412,4267.437167657033,34.46160688559159,122.89358262124121,1.0,1,prioritize_ew,0.3333333333333333,0.3333333333333333,0.3333333333333333,-323.7509189433563,5.34065164479065,0.0,0.0,none
traffic,random,23,413,4272.09770604977,34.02420901767746,125.46469619048936,1.0,0,prioritize_ns,0.3333333333333333,0.3333333333333333,0.3333333333333333,-324.01466277422315,3.447240133492125,0.0,0.0,none
traffic,random,23,414,4275.180869398953,32.75476743957948,126.33995979650004,1.0,0,prioritize_ns,0.3333333333333333,0.3333333333333333,0.3333333333333333,-324.3077196492865,4.515329704842706,0.0,0.0,none
traffic,random,23,415,4279.52972630017,31.644157025825052,125.84783125126783,1.0,0,prioritize_ns,0.3333333333333333,0.3333333333333333,0.3333333333333333,-324.8942065307969,7.846248073663566,0.0,0.0,none
traffic,random,23,416,4287.368132488409,31.80302399628721,126.16049488417684,1.0,0,prioritize_ns,0.3333333333333333,0.3333333333333333,0.3333333333333333,-325.26845347579024,4.70950043683119,0.0,0.0,none
traffic,random,23,417,4291.971123406875,30.906791149968694,125.72617282140547,1.0,1,prioritize_ew,0.3333333333333333,0.3333333333333333,0.3333333333333333,-326.15305831414986,7.227421708240502,0.0,0.0,none
traffic,random,23,418,4298.845267372558,31.34951226455761,127.91381248609336,1.0,2,balanced,0.3333333333333333,0.3333333333333333,0.3333333333333333,-326.8006678070011,6.780049511537062,0.0,0.0,none
traffic,random,23,419,4305.567144226981,32.07725496560565,128.4196123416992,1.0,0,prioritize_ns,0.3333333333333333,0.3333333333333333,0.3333333333333333,-327.44170715331643,6.955040874227238,0.0,0.0,none
traffic,random,23,420,4312.485995292222,32.591253798410115,128.90736094402556,1.0,0,prioritize_ns,0.3333333333333333,0.3333333333333333,0.3333333333333333,-327.6501291343275,3.653066122709396,0.0,0.0,none
traffic,random,23,421,4316.034629687618,31.73329943984159,129.0338534074818,1.0,1,prioritize_ew,0.3333333333333333,0.3333333333333333,0.3333333333333333,-328.82944215149354,11.997018825143469,0.0,0.0,none
traffic,random,23,422,4327.564013456039,33.11857800983259,132.0476174816648,1.0,2,balanced,0.3333333333333333,0.3333333333333333,0.3333333333333333,-329.54041986432634,9.464747042278553,0.0,0.0,none
traffic,random,23,423,4337.006204821333,33.632187489755076,132.45093385576834,1.0,2,balanced,0.3333333333333333,0.3333333333333333,0.3333333333333333,-330.3509323297781,10.222783462921567,0.0,0.0,none
traffic,random,23,424,4347.187422879346,34.32405573047284,133.05873227832632,1.0,2,balanced,0.3333333333333333,0.3333333333333333,0.3333333333333333,-330.89595929222656,4.867142490593569,0.0,0.0,none
traffic,random,23,425,4351.805814395765,33.86396382070872,134.52428721055426,1.0,2,balanced,0.3333333333333333,0.3333333333333333,0.3333333333333333,-331.2094166863338,4.959268481709436,0.0,0.0,none
traffic,random,23,426,4356.731904921226,34.139455046721366,134.02221092846656,1.0,1,prioritize_ew,0.3333333333333333,0.3333333333333333,0.3333333333333333,-331.806920323673,6.980246129714548,0.0,0.0,none
traffic,random,23,427,4363.650978841759,33.217393077143846,134.02954835650232,1.0,1,prioritize_ew,0.3333333333333333,0.3333333333333333,0.3333333333333333,-332.13626589297235,4.433875695088667,0.0,0.0,none
traffic,random,23,428,4367.9641771507995,32.19159446589323,134.08709169271953,1.0,2,balanced,0.3333333333333333,0.3333333333333333,0.3333333333333333,-332.448570273334,4.584438322442676,0.0,0.0,none
traffic,random,23,429,4372.242973842554,31.01111019264161,132.9401695142288,1.0,0,prioritize_ns,0.3333333333333333,0.3333333333333333,0.3333333333333333,-332.7720436446014,6.914275443817222,0.0,0.0,none
traffic,random,23,430,4379.1182954393735,31.462496208721575,132.36275413707398,1.0,1,prioritize_ew,0.3333333333333333,0.3333333333333333,0.3333333333333333,-332.9943908752383,2.1391569054588837,0.0,0.0,none
traffic,random,23,431,4380.318320794364,30.717283174627863,133.9691752983419,1.0,0,prioritize_ns,0.3333333333333333,0.3333333333333333,0.3333333333333333,-333.1168261312278,3.9399556214832763,0.0,0.0,none
traffic,random,23,432,4384.074970942069,30.084798420062004,132.96379328027714,1.0,0,prioritize_ns,0.3333333333333333,0.3333333333333333,0.3333333333333333,-332.885742437496,1.0109881201783861,0.0,0.0,none
traffic,random,23,433,4383.932387051909,29.193641980221976,132.5081541542789,1.0,2,balanced,0.3333333333333333,0.3333333333333333,0.3333333333333333,-332.7277608175938,1.0284733656053935,0.0,0.0,none
traffic,random,23,434,4383.7869321232765,28.3087916561445,132.00452707848163,1.0,0,prioritize_ns,0.3333333333333333,0.3333333333333333,0.3333333333333333,-332.54869775556745,3.7445077920572674,0.0,0.0,none
traffic,random,23,435,4385.996354954936,27.37561190311262,129.12894628423288,1.0,0,prioritize_ns,0.3333333333333333,0.3333333333333333,0.3333333333333333,-332.47028950568415,2.1726408693572052,0.0,0.0,none
traffic,random,23,436,4387.895035221973,27.51534288552163,128.08211447189595,1.0,1,prioritize_ew,0.3333333333333333,0.3333333333333333,0.3333333333333333,-332.97826223761115,6.093425233183802,0.0,0.0,none
traffic,random,23,437,4393.854391813602,27.955884174306767,129.2745168616456,1.0,0,prioritize_ns,0.3333333333333333,0.3333333333333333,0.3333333333333333,-333.18459343320507,7.399727409599933,0.0,0.0,none
traffic,random,23,438,4401.039547242938,29.42143203820573,128.2837208930999,1.0,0,prioritize_ns,0.3333333333333333,0.3333333333333333,0.3333333333333333,-333.3586571908014,5.517685346875988,0.0,0.0,none
traffic,random,23,439,4406.218379650297,30.486289505404084,126.70554946446049,1.0,0,prioritize_ns,0.3333333333333333,0.3333333333333333,0.3333333333333333,-334.422510907798,18.811192237201414,0.0,0.0,none
traffic,random,23,440,4424.592622038117,33.71925341663615,129.1130615427787,1.0,0,prioritize_ns,0.3333333333333333,0.3333333333333333,0.3333333333333333,-334.95265099534663,11.683814763130158,0.0,0.0,none
traffic,random,23,441,4435.9378123935885,35.608555434323286,127.05667609660891,1.0,2,balanced,0.3333333333333333,0.3333333333333333,0.3333333333333333,-335.81544175139345,11.836804974907345,0.0,0.0,none
traffic,random,23,442,4447.7164831868795,36.772418274655486,126.92143687833597,1.0,2,balanced,0.3333333333333333,0.3333333333333333,0.3333333333333333,-336.7293164274609,12.389352066572442,0.0,0.0,none
traffic,random,23,443,4460.062262570409,37.80454306549429,126.80965826305288,1.0,2,balanced,0.3333333333333333,0.3333333333333333,0.3333333333333333,-337.59567508433656,12.577274391825972,0.0,0.0,none
traffic,random,23,444,4472.4539636172885,39.24711679339829,125.21198578985664,1.0,0,prioritize_ns,0.3333333333333333,0.3333333333333333,0.3333333333333333,-338.0992741930195,9.63703075605436,0.0,0.0,none
traffic,random,23,445,4481.671243828256,37.4157243580279,123.07654460515518,1.0,1,prioritize_ew,0.3333333333333333,0.3333333333333333,0.3333333333333333,-339.8504337723343,21.797850130462145,0.0,0.0,none
traffic,random,23,446,4502.958074240626,39.40405236940744,127.32668260576601,1.0,0,prioritize_ns,0.3333333333333333,0.3333333333333333,0.3333333333333333,-340.9197508090442,17.942259185549677,0.0,0.0,none
traffic,random,23,447,4520.845851390649,40.62587364075385,126.64900562264918,1.0,0,prioritize_ns,0.3333333333333333,0.3333333333333333,0.3333333333333333,-341.9266760360015,16.512967612190835,0.0,0.0,none
traffic,random,23,448,4537.316214852853,41.4507904564887,125.79768956425194,1.0,0,prioritize_ns,0.3333333333333333,0.3333333333333333,0.3333333333333333,-342.9239433847755,16.339188809137838,0.0,0.0,none
traffic,random,23,449,4553.60603164247,42.23041360503636,124.79611697696525,1.0,0,prioritize_ns,0.3333333333333333,0.3333333333333333,0.3333333333333333,-343.96389010988946,16.71158904862785,0.0,0.0,none
traffic,random,23,450,4570.050949512505,43.675941136849865,122.19759144644118,1.0,0,prioritize_ns,0.3333333333333333,0.3333333333333333,0.3333333333333333,-344.5258497192919,9.533036457214628,0.0,0.0,none
traffic,random,23,451,4579.23802923916,41.25599099970693,122.98511384257687,1.0,0,prioritize_ns,0.3333333333333333,0.3333333333333333,0.3333333333333333,-345.31569236832985,12.90430742947618,0.0,0.0,none
traffic,random,23,452,4592.080761393867,40.246982000643754,122.23193267134369,1.0,1,prioritize_ew,0.3333333333333333,0.3333333333333333,0.3333333333333333,-346.45149463391255,10.83823709847435,0.0,0.0,none
traffic,random,23,453,4602.662004771846,39.069157983798625,124.26107105106512,1.0,1,prioritize_ew,0.3333333333333333,0.3333333333333333,0.3333333333333333,-347.1726401123484,6.586272075891785,0.0,0.0,none
traffic,random,23,454,4608.521099582677,36.98301358804155,126.42855563357392,1.0,2,balanced,0.3333333333333333,0.3333333333333333,0.3333333333333333,-347.35994289024796,3.4329792631552607,0.0,0.0,none
traffic,random,23,455,4609.840032554622,33.95781660842333,127.37404263574835,1.0,1,prioritize_ew,0.3333333333333333,0.3333333333333333,0.3333333333333333,-347.6689756302695,2.714512168569052,0.0,0.0,none
traffic,random,23,456,4611.124506927308,32.377295537629536,129.1686609918336,1.0,0,prioritize_ns,0.3333333333333333,0.3333333333333333,0.3333333333333333,-348.04390931048715,7.8175210686919145,0.0,0.0,none
traffic,random,23,457,4618.641089724095,31.312065666045488,127.3032109015933,1.0,1,prioritize_ew,0.3333333333333333,0.3333333333333333,0.3333333333333333,-348.7327348581866,6.807892674010614,0.0,0.0,none
traffic,random,23,458,4625.403837478937,30.548366541418353,127.47470175344371,1.0,2,balanced,0.3333333333333333,0.3333333333333333,0.3333333333333333,-348.7551174699535,1.6484799651382254,0.0,0.0,none
traffic,random,23,459,4624.831652743031,29.26211063207064,128.3323943318924,1.0,2,balanced,0.3333333333333333,0.3333333333333333,0.3333333333333333,-348.7130352573263,2.0514616277737217,0.0,0.0,none
traffic,random,23,460,4623.1110490619,28.65420330145573,129.2696597479264,1.0,0,prioritize_ns,0.3333333333333333,0.3333333333333333,0.3333333333333333,-348.17349407582054,5.579648329501692,0.0,0.0,none
traffic,random,23,461,4617.710237355334,27.31714608560541,129.68916706928545,1.0,2,balanced,0.3333333333333333,0.3333333333333333,0.3333333333333333,-348.30397393896675,1.7327080847159337,0.0,0.0,none
traffic,random,23,462,4617.131355083296,25.698053071840235,129.47536708159598,1.0,0,prioritize_ns,0.3333333333333333,0.3333333333333333,0.3333333333333333,-348.00687008015836,4.3701035897631995,0.0,0.0,none
traffic,random,23,463,4614.21101049165,23.761434602542614,126.86406438836347,1.0,2,balanced,0.3333333333333333,0.3333333333333333,0.3333333333333333,-347.9653726547355,2.5956534304370162,0.0,0.0,none
traffic,random,23,464,4611.688652814261,23.371400014246213,127.33629473278229,1.0,0,prioritize_ns,0.3333333333333333,0.3333333333333333,0.3333333333333333,-347.8658369672706,1.2801733153656167,0.0,0.0,none
traffic,random,23,465,4612.801927792436,23.93817574610722,127.0566023837306,1.0,0,prioritize_ns,0.3333333333333333,0.3333333333333333,0.3333333333333333,-347.52976962034364,3.6381007126636797,0.0,0.0,none
traffic,random,23,466,4609.314582797842,24.320869088501652,126.09340588775768,1.0,2,balanced,0.3333333333333333,0.3333333333333333,0.3333333333333333,-347.6622983827576,0.9032432776419055,0.0,0.0,none
traffic,random,23,467,4608.941468587702,24.36202270088129,126.91495356439282,1.0,1,prioritize_ew,0.3333333333333333,0.3333333333333333,0.3333333333333333,-348.3717696379493,8.136738230388389,0.0,0.0,none
traffic,random,23,468,4616.1994881549745,26.397695532664862,129.97823564622755,1.0,1,prioritize_ew,0.3333333333333333,0.3333333333333333,0.3333333333333333,-349.1560060320712,8.892584356181437,0.0,0.0,none
traffic,random,23,469,4624.640724876015,28.590414412350725,131.71477331233967,1.0,2,balanced,0.3333333333333333,0.3333333333333333,0.3333333333333333,-349.4142613919176,3.767987661175579,0.0,0.0,none
traffic,random,23,470,4628.37161404753,29.11393725101875,131.65057952729313,1.0,2,balanced,0.3333333333333333,0.3333333333333333,0.3333333333333333,-349.83816983501623,6.074399618763157,0.0,0.0,none
traffic,random,23,471,4634.022539498459,30.941591340123363,130.3758039364342,1.0,0,prioritize_ns,0.3333333333333333,0.3333333333333333,0.3333333333333333,-350.2608869526859,9.059902115623412,0.0,0.0,none
traffic,random,23,472,4642.6369011872175,32.739086519903076,128.22090019877047,1.0,2,balanced,0.3333333333333333,0.3333333333333333,0.3333333333333333,-350.7921575836201,7.249773392367243,0.0,0.0,none
traffic,random,23,473,4649.885701622403,32.7372426934856,128.3396566379102,1.0,2,balanced,0.3333333333333333,0.3333333333333333,0.3333333333333333,-351.06536705850453,3.132120165759074,0.0,0.0,none
traffic,random,23,474,4652.733670340654,31.61858909292775,129.00888382995998,1.0,1,prioritize_ew,0.3333333333333333,0.3333333333333333,0.3333333333333333,-352.31517750941225,13.68456484258291,0.0,0.0,none
traffic,random,23,475,4665.967191159711,33.51911542243623,131.92937031910608,1.0,1,prioritize_ew,0.3333333333333333,0.3333333333333333,0.3333333333333333,-353.54812682705136,15.75374507757189,0.0,0.0,none
traffic,random,23,476,4681.496198068946,35.494731714097135,133.6978071006079,1.0,1,prioritize_ew,0.3333333333333333,0.3333333333333333,0.3333333333333333,-354.7851161342126,13.015517757311928,0.0,0.0,none
traffic,random,23,477,4694.353453502502,36.34331046305687,135.53481535154478,1.0,0,prioritize_ns,0.3333333333333333,0.3333333333333333,0.3333333333333333,-355.7731356339069,15.114348154401421,0.0,0.0,none
traffic,random,23,478,4709.384164401579,37.89969255583545,135.22029224890645,1.0,2,balanced,0.3333333333333333,0.3333333333333333,0.3333333333333333,-356.9318298643334,15.073901750136974,0.0,0.0,none
traffic,random,23,479,4723.9841505625045,40.25009604437014,132.2982173842499,1.0,1,prioritize_ew,0.3333333333333333,0.3333333333333333,0.3333333333333333,-358.31282368326646,17.922775913185582,0.0,0.0,none
traffic,random,23,480,4741.840299998923,41.17462176784227,133.53477548041653,1.0,2,balanced,0.3333333333333333,0.3333333333333333,0.3333333333333333,-359.61609998631974,17.53286975338631,0.0,0.0,none
traffic,random,23,481,4759.356705827015,41.57210155161378,134.18212274139825,1.0,2,balanced,0.3333333333333333,0.3333333333333333,0.3333333333333333,-361.0568024570178,19.926636049859226,0.0,0.0,none
traffic,random,23,482,4779.231358233035,42.975580946106625,134.49718081959867,1.0,1,prioritize_ew,0.3333333333333333,0.3333333333333333,0.3333333333333333,-362.26824316150834,15.747238546284548,0.0,0.0,none
traffic,random,23,483,4794.972287168637,43.11762455341154,134.9196754249418,1.0,1,prioritize_ew,0.3333333333333333,0.3333333333333333,0.3333333333333333,-363.39414002797537,12.73036542022707,0.0,0.0,none
traffic,random,23,484,4807.561065376218,42.715382962742744,136.76982911466402,1.0,2,balanced,0.3333333333333333,0.3333333333333333,0.3333333333333333,-364.5083458801197,17.243402414162887,0.0,0.0,none
traffic,random,23,485,4824.796561977872,42.591252395790015,136.2627045604782,1.0,0,prioritize_ns,0.3333333333333333,0.3333333333333333,0.3333333333333333,-365.72604428508254,19.83933920964711,0.0,0.0,none
traffic,random,23,486,4844.623753106877,43.05340945597268,135.74474407832193,1.0,1,prioritize_ew,0.3333333333333333,0.3333333333333333,0.3333333333333333,-366.81592459130025,13.899910987165716,0.0,0.0,none
traffic,random,23,487,4858.464857493376,41.84669985206843,136.1633211262054,1.0,1,prioritize_ew,0.3333333333333333,0.3333333333333333,0.3333333333333333,-367.76987782273255,12.619927055054202,0.0,0.0,none
traffic,random,23,488,4871.050431465851,41.21562885944281,136.84716033283297,1.0,1,prioritize_ew,0.3333333333333333,0.3333333333333333,0.3333333333333333,-368.56966851630136,9.539587795858715,0.0,0.0,none
traffic,random,23,489,4880.454097712587,40.578606467273936,138.3199124867166,1.0,1,prioritize_ew,0.3333333333333333,0.3333333333333333,0.3333333333333333,-369.64155143221626,12.827342137088026,0.0,0.0,none
traffic,random,23,490,4893.233127284875,39.687313061400616,138.98527370977513,1.0,0,prioritize_ns,0.3333333333333333,0.3333333333333333,0.3333333333333333,-369.744980533931,7.448447935623893,0.0,0.0,none
traffic,random,23,491,4899.73682072037,37.02261352269859,136.51936115754572,1.0,2,balanced,0.3333333333333333,0.3333333333333333,0.3333333333333333,-369.7432330739431,3.0444419039536346,0.0,0.0,none
traffic,random,23,492,4901.186921284041,34.54441275813308,137.53146581235976,1.0,0,prioritize_ns,0.3333333333333333,0.3333333333333333,0.3333333333333333,-369.7307615345119,3.457932112379513,0.0,0.0,none
traffic,random,23,493,4903.8266987615825,32.5552534591463,136.51553537864646,1.0,0,prioritize_ns,0.3333333333333333,0.3333333333333333,0.3333333333333333,-369.7399692029531,3.874819582805664,0.0,0.0,none
traffic,random,23,494,4907.278593730214,31.36489920352538,135.21872981459504,1.0,2,balanced,0.3333333333333333,0.3333333333333333,0.3333333333333333,-370.0011035007594,5.889309245767721,0.0,0.0,none
traffic,random,23,495,4912.25723405618,29.804821354261076,132.4868328543884,1.0,1,prioritize_ew,0.3333333333333333,0.3333333333333333,0.3333333333333333,-370.2594461181529,1.5659212206179443,0.0,0.0,none
traffic,random,23,496,4913.03405715905,28.659447287736032,133.21948105356844,1.0,1,prioritize_ew,0.3333333333333333,0.3333333333333333,0.3333333333333333,-370.2056121092752,3.376996294907763,0.0,0.0,none
traffic,random,23,497,4910.325287399084,27.8276732230086,135.05654998764913,1.0,0,prioritize_ns,0.3333333333333333,0.3333333333333333,0.3333333333333333,-370.0390759148976,1.2389734613173053,0.0,0.0,none
traffic,random,23,498,4910.883429455975,27.411346138878677,134.0317551588183,1.0,0,prioritize_ns,0.3333333333333333,0.3333333333333333,0.3333333333333333,-370.0887851648747,1.2902803285889968,0.0,0.0,none
traffic,random,23,499,4912.034799526911,26.951241159339713,133.674720575201,1.0,2,balanced,0.3333333333333333,0.3333333333333333,0.3333333333333333,-370.36113015292204,2.2147546444649038,0.0,0.0,none
traffic,random,23,500,4914.1666039386,26.381873976484076,133.48401374110713,1.0,1,prioritize_ew,0.3333333333333333,0.3333333333333333,0.3333333333333333,-371.070655639716,8.027079217735187,0.0,0.0,none
traffic,random,23,501,4921.642335151046,27.721655598399433,136.0825573356307,1.0,0,prioritize_ns,0.3333333333333333,0.3333333333333333,0.3333333333333333,-371.5898207821532,8.05454565124615,0.0,0.0,none
traffic,random,23,502,4929.414334305354,29.81780938125396,135.80349800131808,1.0,0,prioritize_ns,0.3333333333333333,0.3333333333333333,0.3333333333333333,-371.3946075001923,1.390251948437335,0.0,0.0,none
traffic,random,23,503,4928.077940425656,29.438902193936332,135.74621605093128,1.0,1,prioritize_ew,0.3333333333333333,0.3333333333333333,0.3333333333333333,-372.0249318859204,5.714065166768548,0.0,0.0,none
traffic,random,23,504,4933.6198877296865,30.3170176405551,136.82615774928365,1.0,1,prioritize_ew,0.3333333333333333,0.3333333333333333,0.3333333333333333,-373.19909115328136,12.644216411400558,0.0,0.0,none
traffic,random,23,505,4945.840758160107,32.33483084430147,139.36681995744848,1.0,1,prioritize_ew,0.3333333333333333,0.3333333333333333,0.3333333333333333,-373.500701146958,2.6809157209505536,0.0,0.0,none
traffic,random,23,506,4945.660960228709,30.803725015532585,141.5601500164717,1.0,2,balanced,0.3333333333333333,0.3333333333333333,0.3333333333333333,-374.17189239476585,6.084259251480774,0.0,0.0,none
traffic,random,23,507,4951.633714332211,30.443876005371397,142.66238762616317,1.0,1,prioritize_ew,0.3333333333333333,0.3333333333333333,0.3333333333333333,-375.1423373662268,8.90682905686967,0.0,0.0,none
traffic,random,23,508,4960.253161373935,32.43504418965575,143.69775509962693,1.0,2,balanced,0.3333333333333333,0.3333333333333333,0.3333333333333333,-375.9187156366384,7.833732199063912,0.0,0.0,none
traffic,random,23,509,4967.986082870076,32.87323902807775,144.8713268208062,1.0,1,prioritize_ew,0.3333333333333333,0.3333333333333333,0.3333333333333333,-377.14175199556576,10.999856897945314,0.0,0.0,none
traffic,random,23,510,4978.801723554015,32.59219307878162,146.85621511629913,1.0,1,prioritize_ew,0.3333333333333333,0.3333333333333333,0.3333333333333333,-377.94895685675226,5.978785128581971,0.0,0.0,none
traffic,random,23,511,4984.6566187640265,33.79913170706358,146.95302855077213,1.0,0,prioritize_ns,0.3333333333333333,0.3333333333333333,0.3333333333333333,-378.39133275123686,5.431131683932877,0.0,0.0,none
traffic,random,23,512,4990.068844080195,33.68702594959702,147.39170929389434,1.0,2,balanced,0.3333333333333333,0.3333333333333333,0.3333333333333333,-379.2035623616538,7.655870051173665,0.0,0.0,none
traffic,random,23,513,4997.597998373322,33.46896739987761,148.76161160414702,1.0,2,balanced,0.3333333333333333,0.3333333333333333,0.3333333333333333,-380.03365251412424,10.78208246818538,0.0,0.0,none
traffic,random,23,514,5008.332853868536,34.06935419969225,149.5713742472903,1.0,1,prioritize_ew,0.3333333333333333,0.3333333333333333,0.3333333333333333,-381.2499585270967,12.015073011827718,0.0,0.0,none
traffic,random,23,515,5020.14246256638,34.268147802473095,151.77491752729478,1.0,0,prioritize_ns,0.3333333333333333,0.3333333333333333,0.3333333333333333,-382.21262516882,14.566025427039802,0.0,0.0,none
traffic,random,23,516,5034.601824716705,35.98904119053571,152.14161753255115,1.0,2,balanced,0.3333333333333333,0.3333333333333333,0.3333333333333333,-383.1514174995167,12.074433757859694,0.0,0.0,none
traffic,random,23,517,5046.596018352833,37.30543485452766,151.69622185071051,1.0,0,prioritize_ns,0.3333333333333333,0.3333333333333333,0.3333333333333333,-383.8290750536079,10.102515916730015,0.0,0.0,none
traffic,random,23,518,5056.6479733286915,37.809994991074014,150.82189463524162,1.0,0,prioritize_ns,0.3333333333333333,0.3333333333333333,0.3333333333333333,-384.1168967548328,5.891207064922543,0.0,0.0,none
traffic,random,23,519,5062.396032700233,36.81263576633954,151.64128997319577,1.0,1,prioritize_ew,0.3333333333333333,0.3333333333333333,0.3333333333333333,-384.6933301961191,6.712023533631808,0.0,0.0,none
traffic,random,23,520,5068.955208925697,35.762549271863506,152.60346745862182,1.0,0,prioritize_ns,0.3333333333333333,0.3333333333333333,0.3333333333333333,-384.98170338953435,6.39785171095176,0.0,0.0,none
traffic,random,23,521,5074.9576625259115,34.071167561841456,151.17438201554972,1.0,0,prioritize_ns,0.3333333333333333,0.3333333333333333,0.3333333333333333,-384.8196261836819,2.413726517365468,0.0,0.0,none
traffic,random,23,522,5075.583299660113,31.797456261456112,150.65970658438815,1.0,2,balanced,0.3333333333333333,0.3333333333333333,0.3333333333333333,-384.9117385390458,2.9848923222701784,0.0,0.0,none
traffic,random,23,523,5077.921392165259,30.254683767313622,149.62880472473094,1.0,1,prioritize_ew,0.3333333333333333,0.3333333333333333,0.3333333333333333,-385.67858737276686,10.681790793634354,0.0,0.0,none
traffic,random,23,524,5088.483705113885,31.217534482730365,150.89810304824923,1.0,1,prioritize_ew,0.3333333333333333,0.3333333333333333,0.3333333333333333,-386.28591414869453,8.353170943965791,0.0,0.0,none
traffic,random,23,525,5096.82305941288,31.573570097436743,151.22039691416234,1.0,0,prioritize_ns,0.3333333333333333,0.3333333333333333,0.3333333333333333,-386.2465672021137,3.051385311482414,0.0,0.0,none
traffic,random,23,526,5099.622618268786,30.93299114857489,150.1893386511512,1.0,1,prioritize_ew,0.3333333333333333,0.3333333333333333,0.3333333333333333,-387.0348226944584,11.172745546782705,0.0,0.0,none
traffic,random,23,527,5110.601796392339,33.00369934644515,150.19697695783663,1.0,0,prioritize_ns,0.3333333333333333,0.3333333333333333,0.3333333333333333,-386.89959204738136,3.1981642256026683,0.0,0.0,none
traffic,random,23,528,5113.303060855037,33.07633373795543,148.48637795115584,1.0,1,prioritize_ew,0.3333333333333333,0.3333333333333333,0.3333333333333333,-387.65154548234955,10.41933822223533,0.0,0.0,none
traffic,random,23,529,5123.722004195467,33.047659816316454,148.5724387695535,1.0,2,balanced,0.3333333333333333,0.3333333333333333,0.3333333333333333,-387.77938512318184,4.248808500326205,0.0,0.0,none
traffic,random,23,530,5127.825556839427,32.20049948530929,147.8684865380344,1.0,2,balanced,0.3333333333333333,0.3333333333333333,0.3333333333333333,-388.1781846263582,7.752829215831841,0.0,0.0,none
traffic,random,23,531,5135.442552146734,33.16398677558948,146.7917156339925,1.0,1,prioritize_ew,0.3333333333333333,0.3333333333333333,0.3333333333333333,-388.94723640764073,8.463413549393248,0.0,0.0,none
traffic,random,23,532,5143.879759154691,32.6555925524704,147.22118289331706,1.0,1,prioritize_ew,0.3333333333333333,0.3333333333333333,0.3333333333333333,-389.77080752194826,11.813515990658534,0.0,0.0,none
traffic,random,23,533,5155.5542939426905,34.45024661753077,147.01234244681817,1.0,1,prioritize_ew,0.3333333333333333,0.3333333333333333,0.3333333333333333,-390.22068786121844,4.903520375654227,0.0,0.0,none
traffic,random,23,534,5160.266210516327,33.30884126417182,147.7468818241612,1.0,0,prioritize_ns,0.3333333333333333,0.3333333333333333,0.3333333333333333,-391.0360730231403,13.871653550301348,0.0,0.0,none
traffic,random,23,535,5174.000060279548,35.23490068802409,147.43957416617624,1.0,1,prioritize_ew,0.3333333333333333,0.3333333333333333,0.3333333333333333,-391.9482027802036,10.504266790211837,0.0,0.0,none
traffic,random,23,536,5184.4574209957555,35.802973769804225,148.25229836590594,1.0,2,balanced,0.3333333333333333,0.3333333333333333,0.3333333333333333,-392.5362311583142,9.061534742107396,0.0,0.0,none
traffic,random,23,537,5193.513933111119,35.92683479128546,147.97723721987202,1.0,0,prioritize_ns,0.3333333333333333,0.3333333333333333,0.3333333333333333,-393.082389918578,9.455373370313858,0.0,0.0,none
traffic,random,23,538,5202.9329592718495,35.47573306583151,147.28258695621474,1.0,0,prioritize_ns,0.3333333333333333,0.3333333333333333,0.3333333333333333,-394.17016826236465,15.532404190843843,0.0,0.0,none
traffic,random,23,539,5218.314403739832,37.609638644700944,146.94614527245315,1.0,1,prioritize_ew,0.3333333333333333,0.3333333333333333,0.3333333333333333,-395.16437955761864,10.129792712308793,0.0,0.0,none
traffic,random,23,540,5228.337371591402,36.86746226237084,148.2118427316647,1.0,1,prioritize_ew,0.3333333333333333,0.3333333333333333,0.3333333333333333,-396.1990425123821,11.235300378058247,0.0,0.0,none
traffic,random,23,541,5239.501106723774,37.00873714560362,149.47002947726955,1.0,0,prioritize_ns,0.3333333333333333,0.3333333333333333,0.3333333333333333,-397.0209952794708,10.33088666555361,0.0,0.0,none
traffic,random,23,542,5249.823558002924,37.26192497836105,149.8018649898738,1.0,1,prioritize_ew,0.3333333333333333,0.3333333333333333,0.3333333333333333,-397.74339152143045,6.779933158455358,0.0,0.0,none
traffic,random,23,543,5256.243825985075,36.66217334264503,151.89660856509843,1.0,2,balanced,0.3333333333333333,0.3333333333333333,0.3333333333333333,-398.46835035187246,8.856179778085673,0.0,0.0,none
traffic,random,23,544,5264.975868365079,35.33229292504937,151.2525788992548,1.0,1,prioritize_ew,0.3333333333333333,0.3333333333333333,0.3333333333333333,-399.2620902693612,7.382521598970569,0.0,0.0,none
traffic,random,23,545,5272.160442465456,34.764614174810596,152.85297291073564,1.0,2,balanced,0.3333333333333333,0.3333333333333333,0.3333333333333333,-400.2454276596316,12.600131557850613,0.0,0.0,none
traffic,random,23,546,5284.722898434823,35.04435834220979,153.7855813460746,1.0,1,prioritize_ew,0.3333333333333333,0.3333333333333333,0.3333333333333333,-400.91780848973036,5.26895187804361,0.0,0.0,none
traffic,random,23,547,5289.378516949028,33.91099178922074,155.97705354528074,1.0,0,prioritize_ns,0.3333333333333333,0.3333333333333333,0.3333333333333333,-401.35748980043,6.929258680401497,0.0,0.0,none
traffic,random,23,548,5296.301637571142,34.011562317213404,155.70335246658243,1.0,0,prioritize_ns,0.3333333333333333,0.3333333333333333,0.3333333333333333,-401.4704142074927,2.400146130216093,0.0,0.0,none
traffic,random,23,549,5298.028549202292,32.61053616744236,156.60646009707173,1.0,1,prioritize_ew,0.3333333333333333,0.3333333333333333,0.3333333333333333,-402.2653423814565,6.91702498731325,0.0,0.0,none
traffic,random,23,550,5304.7548829934185,32.5188881055923,158.21682311149655,1.0,1,prioritize_ew,0.3333333333333333,0.3333333333333333,0.3333333333333333,-402.63552624434055,3.7319411205942976,0.0,0.0,none
traffic,random,23,551,5307.878432215682,30.63110675617172,157.43765280889141,1.0,0,prioritize_ns,0.3333333333333333,0.3333333333333333,0.3333333333333333,-402.41954917072496,2.3152817334755165,0.0,0.0,none
traffic,random,23,552,5306.114779687085,29.347252547611028,158.21339608788236,1.0,2,balanced,0.3333333333333333,0.3333333333333333,0.3333333333333333,-402.6519826105854,2.290394418574654,0.0,0.0,none
traffic,random,23,553,5308.187465422725,28.377165570316567,158.119525483353,1.0,1,prioritize_ew,0.3333333333333333,0.3333333333333333,0.3333333333333333,-403.0131471367786,1.793628902396829,0.0,0.0,none
traffic,random,23,554,5308.912389971786,28.1767681538988,159.74784667807313,1.0,0,prioritize_ns,0.3333333333333333,0.3333333333333333,0.3333333333333333,-402.9350610218301,1.9818042671315725,0.0,0.0,none
traffic,random,23,555,5308.5505933231725,26.759142065950908,158.41106411795258,1.0,0,prioritize_ns,0.3333333333333333,0.3333333333333333,0.3333333333333333,-402.6423796920468,1.9419238439410018,0.0,0.0,none
traffic,random,23,556,5307.811047085885,25.986522974040376,156.79020036137237,1.0,0,prioritize_ns,0.3333333333333333,0.3333333333333333,0.3333333333333333,-402.57199668687485,0.6955723330134805,0.0,0.0,none
traffic,random,23,557,5307.625422447458,26.302128552074794,156.1987973827053,1.0,0,prioritize_ns,0.3333333333333333,0.3333333333333333,0.3333333333333333,-402.00717425289497,5.340176073953285,0.0,0.0,none
traffic,random,23,558,5302.483918445014,24.859290604457613,156.22401147780084,1.0,0,prioritize_ns,0.3333333333333333,0.3333333333333333,0.3333333333333333,-401.7876083263787,1.8951034850033301,0.0,0.0,none
traffic,random,23,559,5300.803891567435,24.378300319129774,155.49081624124707,1.0,0,prioritize_ns,0.3333333333333333,0.3333333333333333,0.3333333333333333,-401.87584628640354,2.0017279903489147,0.0,0.0,none
traffic,random,23,560,5302.736666240335,24.837214583432274,155.7371792034879,1.0,1,prioritize_ew,0.3333333333333333,0.3333333333333333,0.3333333333333333,-402.50958083631065,8.03828683329996,0.0,0.0,none
traffic,random,23,561,5310.221585601348,26.48210770309266,158.1629500084947,1.0,1,prioritize_ew,0.3333333333333333,0.3333333333333333,0.3333333333333333,-402.9669049984081,5.980442977363256,0.0,0.0,none
traffic,random,23,562,5316.035854941981,27.68208649890449,158.8840749142327,1.0,0,prioritize_ns,0.3333333333333333,0.3333333333333333,0.3333333333333333,-403.0290706097665,6.1968412125321155,0.0,0.0,none
traffic,random,23,563,5321.125162004641,29.72824871192558,156.00084498353127,1.0,2,balanced,0.3333333333333333,0.3333333333333333,0.3333333333333333,-403.67130141526445,10.58584456860713,0.0,0.0,none
traffic,random,23,564,5331.39949616424,32.11912091936101,155.11659790532076,1.0,1,prioritize_ew,0.3333333333333333,0.3333333333333333,0.3333333333333333,-404.7148606219598,13.175522142014147,0.0,0.0,none
traffic,random,23,565,5344.360822454959,34.32483124292501,155.97289602440785,1.0,0,prioritize_ns,0.3333333333333333,0.3333333333333333,0.3333333333333333,-405.3883777798063,10.753747109567252,0.0,0.0,none
traffic,random,23,566,5355.091098360199,34.97390255177018,155.68486420327272,1.0,1,prioritize_ew,0.3333333333333333,0.3333333333333333,0.3333333333333333,-405.8614341192258,4.934094014276699,0.0,0.0,none
traffic,random,23,567,5359.94117776087,34.781064563777775,156.57076885914245,1.0,1,prioritize_ew,0.3333333333333333,0.3333333333333333,0.3333333333333333,-407.09615419713447,14.88615759970555,0.0,0.0,none
traffic,random,23,568,5374.660001919074,36.706967982886404,157.68647469108168,1.0,2,balanced,0.3333333333333333,0.3333333333333333,0.3333333333333333,-408.06929251551475,13.595795252159729,0.0,0.0,none
traffic,random,23,569,5388.236748013559,37.36745036986376,157.9717413050053,1.0,0,prioritize_ns,0.3333333333333333,0.3333333333333333,0.3333333333333333,-408.8131303761362,14.581745373141047,0.0,0.0,none
traffic,random,23,570,5402.767830178438,37.68140154469584,156.798547414604,1.0,0,prioritize_ns,0.3333333333333333,0.3333333333333333,0.3333333333333333,-409.8837250798206,17.07771717741333,0.0,0.0,none
traffic,random,23,571,5419.798655043061,38.9415113365725,156.69106841822884,1.0,1,prioritize_ew,0.3333333333333333,0.3333333333333333,0.3333333333333333,-411.3938800556213,19.73348480603153,0.0,0.0,none
traffic,random,23,572,5439.268548690572,41.86547418594036,155.35536440909368,1.0,0,prioritize_ns,0.3333333333333333,0.3333333333333333,0.3333333333333333,-412.4635833855296,16.929355472440136,0.0,0.0,none
traffic,random,23,573,5456.180604793016,42.30412057478842,154.72844779136588,1.0,0,prioritize_ns,0.3333333333333333,0.3333333333333333,0.3333333333333333,-413.6236876729308,16.518096204567993,0.0,0.0,none
traffic,random,23,574,5472.681530725002,42.88895654228853,154.25419838272327,1.0,0,prioritize_ns,0.3333333333333333,0.3333333333333333,0.3333333333333333,-414.9840773322035,20.39376344655479,0.0,0.0,none
traffic,random,23,575,5493.039076552919,44.05424927489598,153.91067512934936,1.0,0,prioritize_ns,0.3333333333333333,0.3333333333333333,0.3333333333333333,-415.7674375680535,12.235019337050522,0.0,0.0,none
traffic,random,23,576,5505.196322163544,43.07953342409644,154.8838176426216,1.0,1,prioritize_ew,0.3333333333333333,0.3333333333333333,0.3333333333333333,-417.0081738753455,14.161791105553906,0.0,0.0,none
traffic,random,23,577,5519.266572062457,41.99960467437707,156.07467825369758,1.0,1,prioritize_ew,0.3333333333333333,0.3333333333333333,0.3333333333333333,-418.0208589907997,13.29788954751296,0.0,0.0,none
traffic,random,23,578,5532.5326334020365,41.270405721804025,156.6348138086686,1.0,2,balanced,0.3333333333333333,0.3333333333333333,0.3333333333333333,-419.35344811945527,18.68964833949044,0.0,0.0,none
traffic,random,23,579,5551.2123948562,41.706172826239566,157.05857565221592,1.0,1,prioritize_ew,0.3333333333333333,0.3333333333333333,0.3333333333333333,-420.55854902306555,13.595072627139071,0.0,0.0,none
traffic,random,23,580,5564.7344026672545,40.33906522286698,157.39371934643657,1.0,0,prioritize_ns,0.3333333333333333,0.3333333333333333,0.3333333333333333,-421.376277467815,11.957992258309163,0.0,0.0,none
traffic,random,23,581,5576.692192645034,40.29917409629801,157.33674220087474,1.0,0,prioritize_ns,0.3333333333333333,0.3333333333333333,0.3333333333333333,-421.69670843803044,7.168544729292441,0.0,0.0,none
traffic,random,23,582,5583.695745369348,38.88583466137798,157.92048393771304,1.0,1,prioritize_ew,0.3333333333333333,0.3333333333333333,0.3333333333333333,-422.37403827773414,6.442838761352587,0.0,0.0,none
traffic,random,23,583,5589.546073768554,37.40268807330349,160.17527996496364,1.0,0,prioritize_ns,0.3333333333333333,0.3333333333333333,0.3333333333333333,-422.5024496165234,7.134029190015672,0.0,0.0,none
traffic,random,23,584,5595.5585958942265,34.86924020760532,157.28986975425045,1.0,0,prioritize_ns,0.3333333333333333,0.3333333333333333,0.3333333333333333,-422.41488803846096,3.806008186732519,0.0,0.0,none
traffic,random,23,585,5598.24700618257,32.7025207030631,155.68878417638723,1.0,1,prioritize_ew,0.3333333333333333,0.3333333333333333,0.3333333333333333,-422.96343334124106,6.891819343852941,0.0,0.0,none
traffic,random,23,586,5604.974784656803,31.656518402353903,154.62105300382802,1.0,1,prioritize_ew,0.3333333333333333,0.3333333333333333,0.3333333333333333,-423.50963530705064,4.821788434385307,0.0,0.0,none
traffic,random,23,587,5609.679344997531,31.196719925636756,155.572547127421,1.0,1,prioritize_ew,0.3333333333333333,0.3333333333333333,0.3333333333333333,-423.85564638358426,3.2424307686639415,0.0,0.0,none
traffic,random,23,588,5612.768642086805,30.64451366365019,156.38781949173026,1.0,0,prioritize_ns,0.3333333333333333,0.3333333333333333,0.3333333333333333,-423.35545064842734,6.134439488356443,0.0,0.0,none
traffic,random,23,589,5607.404387571061,28.369158335366954,158.30586001702798,1.0,2,balanced,0.3333333333333333,0.3333333333333333,0.3333333333333333,-423.7209360319847,4.200197897614986,0.0,0.0,none
traffic,random,23,590,5611.571645249194,28.66492781332501,158.73961828966344,1.0,1,prioritize_ew,0.3333333333333333,0.3333333333333333,0.3333333333333333,-424.0984674110139,2.5742441040176183,0.0,0.0,none
traffic,random,23,591,5613.930470290704,27.79113712678004,159.2865798666723,1.0,0,prioritize_ns,0.3333333333333333,0.3333333333333333,0.3333333333333333,-423.4734773378624,7.270650922554022,0.0,0.0,none
traffic,random,23,592,5607.043764593678,25.472883919229282,159.5342723087649,1.0,1,prioritize_ew,0.3333333333333333,0.3333333333333333,0.3333333333333333,-423.6610450195318,1.6122075192711234,0.0,0.0,none
traffic,random,23,593,5608.616210649912,25.169513712621477,159.72026425259756,1.0,0,prioritize_ns,0.3333333333333333,0.3333333333333333,0.3333333333333333,-423.7300544468691,2.0597397471668675,0.0,0.0,none
traffic,random,23,594,5609.989494041933,26.517021294174338,158.98484337383644,1.0,0,prioritize_ns,0.3333333333333333,0.3333333333333333,0.3333333333333333,-423.8720495576644,4.648830600993212,0.0,0.0,none
traffic,random,23,595,5614.5662689488845,26.598924739937935,158.1736410356996,1.0,1,prioritize_ew,0.3333333333333333,0.3333333333333333,0.3333333333333333,-424.198656486164,1.5223314440058047,0.0,0.0,none
traffic,random,23,596,5615.349379393594,26.2837818205781,159.44049382792645,1.0,2,balanced,0.3333333333333333,0.3333333333333333,0.3333333333333333,-424.4161700785209,2.427028910677544,0.0,0.0,none
traffic,random,23,597,5616.233910123974,27.8380291060593,157.7996434094384,1.0,0,prioritize_ns,0.3333333333333333,0.3333333333333333,0.3333333333333333,-424.5647022248062,1.6559806181870407,0.0,0.0,none
traffic,random,23,598,5617.8817421808335,27.853106306184333,157.9630263896839,1.0,0,prioritize_ns,0.3333333333333333,0.3333333333333333,0.3333333333333333,-424.79729094908964,2.8723084147136997,0.0,0.0,none
traffic,random,23,599,5620.732586245321,28.148618440677573,158.15148415041506,1.0,2,balanced,0.3333333333333333,0.3333333333333333,0.3333333333333333,-425.20431663966855,5.4804518934812325,0.0,0.0,none
