env,policy,seed,t,q,mu,sigma,rho,a,action_label,p0,p1,p2,r,state_delta,intervention_active,intervention_start,intervention_name
inventory,pg,19,0,0.0,12.31002376440775,0.5496121559987076,0.55,0,low_restock,0.7879575504856599,0.1720363721123958,0.04000607740194437,-2.462037160257345,1.2370201787978268,0.0,0.0,none
inventory,pg,19,1,0.0,12.963230202324173,1.590398355640681,0.40750663576024015,0,low_restock,0.8042198685734913,0.15692735626022236,0.03885277516628637,-2.0770285231152,0.5140888848934502,0.0,0.0,none
inventory,pg,19,2,0.0,12.497822710309844,1.7976577905836002,0.3387550934134286,0,low_restock,0.8093244175303282,0.15180474465398192,0.038870837815689986,-1.7436155282459187,0.4537328472991528,0.0,0.0,none
inventory,pg,19,3,0.0,12.114982271720582,2.0337974054544627,0.27921705861534263,1,balanced_restock,0.8143760199926454,0.14655763143250125,0.039066348574853305,-1.961463111258953,0.10497950628503379,0.0,0.0,none
inventory,pg,19,4,0.0,12.01116995219339,2.0478694263820323,0.28597555558195586,0,low_restock,0.8151793562715064,0.14578860822303705,0.0390320355054566,-1.3063745546173655,0.11233370574047966,0.0,0.0,none
inventory,pg,19,5,0.0,12.084063613456587,2.037476259434964,0.20113831332452956,0,low_restock,0.8131247119910598,0.14735116678954024,0.03952412121939985,-0.7592172202857657,1.285683769388961,0.0,0.0,none
inventory,pg,19,6,0.0,11.457049849928948,0.919312629874797,0.10343164647960101,0,low_restock,0.791718031165846,0.16694148848187543,0.04134048035227848,-0.22580124355125405,0.3849882995806355,0.0,0.0,none
inventory,pg,19,7,0.0,11.828068198909865,0.9578907263940954,0.008178793491295367,0,low_restock,0.7891337413620673,0.16882904534177567,0.04203721329615711,-1.9464398137035144,5.072645962615635,0.0,0.0,none
inventory,pg,19,8,5.046970896295756,12.11843299987395,0.5390312945050268,0.0,2,high_restock,0.36732696854089064,0.236448012157417,0.39622501930169246,-0.7383738890153809,4.499912442243169,0.0,0.0,none
inventory,pg,19,9,0.5667825400439455,12.517014286156172,0.6741506439195029,0.0,0,low_restock,0.7626563657725068,0.18601362419411524,0.05133001003337799,-2.996725822353618,7.48738316714339,0.0,0.0,none
inventory,pg,19,10,8.04778806386748,12.82549399931691,0.6915664617929927,0.0,2,high_restock,0.03932982786671795,0.08895844139314132,0.8717117307401406,-2.4957762224466666,2.5882463474865385,0.0,0.0,none
inventory,pg,19,11,5.587932064133334,13.36562946354108,1.2885432587764838,0.0,2,high_restock,0.35754726617315163,0.22026731407042613,0.42218541975642215,-0.5743642245749371,5.489869924690164,0.0,0.0,none
inventory,pg,19,12,0.09818349878553434,13.334139808635243,1.3070062193537118,0.0,0,low_restock,0.7867168609639437,0.1700143668673198,0.04326877216873655,-2.0673321381515226,5.295338537887771,0.0,0.0,none
inventory,pg,19,13,5.392377537575779,13.269081328256004,1.3958155916517363,0.0,0,low_restock,0.38303851778867615,0.22108877260390725,0.39587270960741666,-4.203521188660736,6.110289505758529,0.0,0.0,none
inventory,pg,19,14,11.495774824744963,12.985798456940202,1.4585070103447222,0.0,2,high_restock,0.008753776379217152,0.041580249589996454,0.9496659740307865,-3.341600625985767,3.499395630456821,0.0,0.0,none
inventory,pg,19,15,8.004573217102191,13.191357030646941,1.5810908022116137,0.0,2,high_restock,0.047985334270883535,0.09112374052070438,0.860890925208412,-1.5579694565670195,5.149182004746652,0.0,0.0,none
inventory,pg,19,16,2.9084841616200556,12.664110419497344,1.0653751173297121,0.0,2,high_restock,0.658165542476021,0.21762587785543117,0.124208579668548,-0.591823323331908,2.8427195529765212,0.0,0.0,none
inventory,pg,19,17,0.14806663809116571,13.209976627861128,1.4693301089268085,0.0,0,low_restock,0.789263519338244,0.16717213476822976,0.043564345893526125,-3.4989605091904,9.37122870695671,0.0,0.0,none
inventory,pg,19,18,9.48274431197257,14.018073354879357,1.2941162892320748,0.0,2,high_restock,0.021965632149765317,0.06374769353050799,0.9142866743197268,-1.6675617756865901,6.262552759883621,0.0,0.0,none
inventory,pg,19,19,3.2216050733902577,13.945166049729057,1.40541332543062,0.0,2,high_restock,0.653599667261309,0.2170055611841172,0.12939477155457374,-1.0246993417866381,3.5819935843839055,0.0,0.0,none
inventory,pg,19,20,0.0,12.787337002112965,2.456069875302962,0.0865534538904711,0,low_restock,0.8156472045182046,0.14419739061628262,0.04015540486551289,-0.5977296958893681,1.198695985498844,0.0,0.0,none
inventory,pg,19,21,1.1935134168267663,12.857005851041341,2.4633183657780635,0.0,0,low_restock,0.7741811643484847,0.16252005653865959,0.06329877911285563,-3.0452641002474303,7.013269295856486,0.0,0.0,none
inventory,pg,19,22,8.186468857849801,12.407680443951726,2.175869075270302,0.0,2,high_restock,0.030252922289532684,0.06947235855721665,0.9002747191532506,-0.551908451148542,8.27318274889747,0.0,0.0,none
inventory,pg,19,23,0.0,11.27368000973413,1.7999449748679854,0.002126509133668212,0,low_restock,0.8081171412959082,0.15095825569688132,0.04092460300721049,-2.001337916569898,5.204413409255716,0.0,0.0,none
inventory,pg,19,24,5.203822618771138,11.196443509076175,1.7865626084246555,0.0,2,high_restock,0.25549884493329783,0.1835468296557344,0.5609543254109678,-0.9139342886343702,5.208507387888837,0.0,0.0,none
inventory,pg,19,25,0.0,11.076912632880672,1.959862831373888,0.06677398011328037,0,low_restock,0.8129794496750069,0.14648366132413806,0.040536889000854934,-0.9082489780754186,2.0867023079429368,0.0,0.0,none
inventory,pg,19,26,2.0807113659297674,10.9774395898206,1.856843013138454,0.0,2,high_restock,0.7098342383510854,0.18574375682378308,0.10442200482513152,-0.8628701767276645,2.102689639654466,0.0,0.0,none
inventory,pg,19,27,0.0,10.75553078661088,1.6584084606718168,0.057655388701368666,0,low_restock,0.8085355207015359,0.1507925950047074,0.04067188429375682,-0.6585328182939867,1.41449220473352,0.0,0.0,none
inventory,pg,19,28,1.3672366236971047,11.103218452610776,1.5733123083588323,0.0,1,balanced_restock,0.7506128588717184,0.17775101311776148,0.07163612801052015,-1.0605922054356214,0.6946691915885139,0.0,0.0,none
inventory,pg,19,29,2.001692015530347,11.359573879351842,1.6929515021724488,0.0,0,low_restock,0.7165259454592582,0.18781282462811252,0.0956612299126292,-1.1902179353607316,1.0355759513639022,0.0,0.0,none
inventory,pg,19,30,2.886336958173519,11.112103113220629,2.171050965056,0.0,2,high_restock,0.6393824387783368,0.19510215021335187,0.16551541100831138,-0.9902736324231208,2.9623823701399274,0.0,0.0,none
inventory,pg,19,31,0.0,10.458173645756244,2.067709798949943,0.080406005789843,0,low_restock,0.8170876952924945,0.1421427406074269,0.040769564100078565,-0.21785097415600232,0.18239529492460976,0.0,0.0,none
inventory,pg,19,32,0.0,10.312548006429155,1.9862398632611749,0.00675910252785756,0,low_restock,0.814691378994752,0.1440204533968802,0.04128816760836784,-2.104533991912018,5.500347964384658,0.0,0.0,none
inventory,pg,19,33,5.498668548320051,10.426286384924591,2.0603331883084217,0.0,2,high_restock,0.1450187423724266,0.14164018747517695,0.7133410701523965,-0.8196569260469866,5.553974822599077,0.0,0.0,none
inventory,pg,19,34,0.0,9.700519281776463,1.7738916404566822,0.04993873679410475,0,low_restock,0.8138753218268364,0.14494606933723128,0.04117860883593219,-0.3497566624658971,0.1809111643633239,0.0,0.0,none
inventory,pg,19,35,0.0,9.798340952200553,1.6229789911713715,0.030313689726053056,2,high_restock,0.8105927300916304,0.14822618725761894,0.04118108265075072,-1.2132733209177318,0.4774901551314031,0.0,0.0,none
inventory,pg,19,36,0.0,10.242500778763471,1.773426408044365,0.12022737873530924,0,low_restock,0.8136599456987819,0.14592729896837345,0.04041275533284464,-0.6933622508278072,0.64329577953206,0.0,0.0,none
inventory,pg,19,37,0.0,9.611221808320488,1.8938460995631226,0.09167183050496558,0,low_restock,0.8169411543596231,0.1420017229224131,0.041057122717963884,-0.48697982952268654,0.9914074268215917,0.0,0.0,none
inventory,pg,19,38,0.8770852272076759,9.875683335777524,2.261632132682965,0.0,1,balanced_restock,0.7843683447948242,0.15304706493438103,0.06258459027079476,-0.5933515630677842,0.8963351762300059,0.0,0.0,none
inventory,pg,19,39,0.0,9.715763407448005,2.344260738425157,0.04166992197639005,0,low_restock,0.8221118642575665,0.13584493287127192,0.04204320287116155,-1.357562513754536,3.5088146193347196,0.0,0.0,none
inventory,pg,19,40,3.3644643250129604,10.697284521167337,2.1798230313814853,0.0,1,balanced_restock,0.56169808002716,0.20169924891876792,0.23660267105407207,-1.8737338141957767,1.0067360083933858,0.0,0.0,none
inventory,pg,19,41,4.324953754845076,10.948174053263346,2.3472502945773885,0.0,0,low_restock,0.4012859937826204,0.1971968691737856,0.401517137043594,-3.2781243725291884,4.578463054275322,0.0,0.0,none
inventory,pg,19,42,8.851783921511966,11.453762411371912,1.8840948199645828,0.0,2,high_restock,0.014592327267187755,0.05017071262568444,0.9352369601071279,-2.17250187700947,4.190207142423523,0.0,0.0,none
inventory,pg,19,43,4.6642910771699135,11.557441169992448,1.9935950026681402,0.0,1,balanced_restock,0.38667128598035666,0.20370361601434794,0.40962509800529534,-2.804287571284287,2.7055371594230513,0.0,0.0,none
inventory,pg,19,44,6.983678775097964,12.780114662689053,1.326180919825969,0.0,2,high_restock,0.10391941310766366,0.13427825508443092,0.7618023318079054,-1.4285595517409684,4.452231329046404,0.0,0.0,none
inventory,pg,19,45,2.538741576402767,13.034855450277963,1.3282395933283346,0.0,1,balanced_restock,0.6888007804581774,0.20699673828043183,0.10420248126139064,-3.3430243198500587,6.158006370602355,0.0,0.0,none
inventory,pg,19,46,8.522926628143026,14.039594574659588,2.3775589054752473,0.0,1,balanced_restock,0.04662257812965101,0.08547121995800233,0.8679062019123466,-5.399653965458413,6.069388067645021,0.0,0.0,none
inventory,pg,19,47,14.39901132988118,15.509445481673842,1.9920223899284453,0.0,2,high_restock,0.0075969584972925795,0.039299383503003056,0.9531036579997044,-5.622927358184891,0.871126549721336,0.0,0.0,none
inventory,pg,19,48,14.522649594813977,16.37167170352881,2.0038962022695315,0.0,1,balanced_restock,0.007990873888618409,0.03976900801559248,0.952240118095789,-5.767427465191128,1.0242545076255072,0.0,0.0,none
inventory,pg,19,49,15.449792757688936,16.093222796518194,2.3385139813996614,0.0,2,high_restock,0.00725500624644791,0.03873099567192455,0.9540139980816276,-3.518984669207013,6.987607228034818,0.0,0.0,none
inventory,pg,19,50,8.511384769162895,15.594528638552026,2.999160251996007,0.0,2,high_restock,0.0908577590657878,0.11390393390487573,0.7952383070293364,-2.0051560703807327,4.414699091361388,0.0,0.0,none
inventory,pg,19,51,4.186160201087809,14.732646714588958,2.8012712625790375,0.0,0,low_restock,0.5861490077725587,0.20255285645693918,0.2112981357705021,-3.501810421514877,5.470963651901659,0.0,0.0,none
inventory,pg,19,52,9.490886918613935,13.418375117746553,2.548273431507419,0.0,2,high_restock,0.019482720087416052,0.055930770869530876,0.9245865090430532,-3.0583857703520354,2.495894635641406,0.0,0.0,none
inventory,pg,19,53,7.19538791529153,12.93454766409551,1.6961670102999862,0.0,1,balanced_restock,0.09086772643328687,0.12197242633776431,0.7871598472289487,-2.8000502815895625,0.32705947210336317,0.0,0.0,none
inventory,pg,19,54,6.9715722331130365,12.70435589508482,1.7585063091670383,0.0,2,high_restock,0.10073221422309171,0.12688021867482063,0.7723875671020876,-0.6012004889314472,6.975477659406635,0.0,0.0,none
inventory,pg,19,55,0.0,12.544721823838804,1.928408348836945,0.010928658737758416,0,low_restock,0.8056573437243582,0.15358930679756475,0.04075334947807708,-1.6746475233860423,4.302985439922313,0.0,0.0,none
inventory,pg,19,56,4.2704214953886925,12.016852258860178,1.907957561734811,0.0,0,low_restock,0.48656232642696057,0.21299865376128893,0.3004390198117505,-3.600115913808302,5.501494388558685,0.0,0.0,none
inventory,pg,19,57,9.771759753738007,12.056174567024813,1.8948567737647426,0.0,2,high_restock,0.011788346064936738,0.04581957472317417,0.942392079211889,-2.4403261107923946,4.428298411507018,0.0,0.0,none
inventory,pg,19,58,5.429503173692556,11.646823051680204,1.1286544823999656,0.0,2,high_restock,0.2560775010629686,0.19807540929685993,0.5458470896401715,-0.6680630426016424,5.432015116542033,0.0,0.0,none
inventory,pg,19,59,0.0,11.485527946873287,1.155938885071265,0.022868400464578997,0,low_restock,0.7950173974508292,0.16354254398506166,0.04144005856410922,-0.7458728175222447,1.6520020027022366,0.0,0.0,none
inventory,pg,19,60,1.6167794786349852,11.276357118055614,1.422133052980528,0.0,2,high_restock,0.7351741153668532,0.18583010156255741,0.07899578307058942,-0.9077058637376982,1.6250892862612447,0.0,0.0,none
inventory,pg,19,61,0.0,11.426651041578015,1.4284239535804966,0.06566176138173181,0,low_restock,0.8016023442039385,0.15764342594789085,0.04075422984817077,-0.5208603333699116,1.4749535831688565,0.0,0.0,none
inventory,pg,19,62,0.0,10.393497215827619,2.4810674183361936,0.060867916673198484,0,low_restock,0.8229154726220612,0.13556620988829252,0.04151831748964623,-0.4162363614911405,1.332694597900869,0.0,0.0,none
inventory,pg,19,63,0.0,9.123508461533637,2.0775151834550116,0.042185064551989386,0,low_restock,0.8196436090405721,0.13820472181201665,0.04215166914741131,-0.8477016312106556,1.9084045736218669,0.0,0.0,none
inventory,pg,19,64,1.9077189463161588,9.10170139576734,2.0585070089336663,0.0,0,low_restock,0.7005040269655342,0.17888812614514962,0.12060784688931607,-2.659717534895532,5.194613782778438,0.0,0.0,none
inventory,pg,19,65,7.084907242558662,9.493625552784735,2.223216306265543,0.0,2,high_restock,0.02356876068999519,0.0604924666655313,0.9159387726444735,-0.9452179771144527,7.184214613461271,0.0,0.0,none
inventory,pg,19,66,0.0,8.306219716558115,2.266347918927704,0.07236035305615225,0,low_restock,0.8234363995472429,0.13301136345665546,0.043552236996101605,-0.6226761471032731,0.22490478918254145,0.0,0.0,none
inventory,pg,19,67,0.0,8.145460465666597,2.4234908006580578,0.07904931198272735,0,low_restock,0.8250871109033725,0.13059558998024304,0.04431729911638448,-0.3754623097666013,0.35966938865376513,0.0,0.0,none
inventory,pg,19,68,0.0,8.501935129311345,2.4050768569944156,0.034903983886893086,0,low_restock,0.8239469213584845,0.13210137199226588,0.043951706649249564,-0.872238045316396,1.981746295348921,0.0,0.0,none
inventory,pg,19,69,1.9778229866182748,8.414020808060423,2.3239140775856604,0.0,0,low_restock,0.6764840535292632,0.17802138461551076,0.14549456185522616,-0.6981372539379505,1.265094448195996,0.0,0.0,none
inventory,pg,19,70,1.4803921541084302,7.279096982309953,2.0690132351609773,0.0,0,low_restock,0.7073746668238384,0.1720089708660705,0.1206163623100911,-1.7988103216543159,3.2132815190222823,0.0,0.0,none
inventory,pg,19,71,4.62517234758376,7.9380794123028835,2.0332667363670014,0.0,2,high_restock,0.11124230402925521,0.12323114760826047,0.7655265483624845,-0.9547054575613296,4.672398883692556,0.0,0.0,none
inventory,pg,19,72,0.0,8.469926723854858,1.6450059414228433,0.07405454599309458,0,low_restock,0.8151893565919411,0.1429082026452946,0.04190244076276422,-0.5090157131305877,0.4066390415745078,0.0,0.0,none
inventory,pg,19,73,0.0,8.066116491590034,1.690376231277344,0.05875280591617637,0,low_restock,0.8160985142624045,0.14130308044895262,0.04259840528864285,-0.3328816231591456,0.6282295102881302,0.0,0.0,none
inventory,pg,19,74,0.0,7.6222313447784815,1.2469249563101295,0.02730028984984743,0,low_restock,0.8088803292109437,0.1483062152476798,0.042813455541376506,-0.7690161240846791,1.908250819184546,0.0,0.0,none
inventory,pg,19,75,1.6829032116705118,8.440502211512419,0.8741710805473512,0.0,0,low_restock,0.6984861024501707,0.19732703220888498,0.10418686534094435,-2.7070900306144967,5.597056748471718,0.0,0.0,none
inventory,pg,19,76,7.2202572303271335,8.919016976548674,1.534306170754238,0.0,2,high_restock,0.015866999162228442,0.05288386503678561,0.931249135800986,-0.666526289677492,7.223231552767495,0.0,0.0,none
inventory,pg,19,77,0.0,9.120447919709594,1.4910085958083328,0.022593980299552133,2,high_restock,0.810068291398036,0.14835701518038882,0.04157469342157518,-1.0061937692517893,1.4219930577562494,0.0,0.0,none
inventory,pg,19,78,0.0,10.457054859696996,1.9725344274448051,0.08324888736639094,0,low_restock,0.8155987961438468,0.14372720704322556,0.0406739968129277,-1.7420911147488627,4.797155804717586,0.0,0.0,none
inventory,pg,19,79,4.463117470711037,12.074827552040071,2.657492379461453,0.0,1,balanced_restock,0.44448987297695874,0.19815514755995575,0.35735497946308553,-3.030356111168362,3.3586156138352328,0.0,0.0,none
inventory,pg,19,80,7.629588889052464,13.18933713547639,2.549668510335659,0.0,1,balanced_restock,0.06991130411508366,0.10127487920379831,0.8288138166811181,-2.549338401119418,1.3934660206857425,0.0,0.0,none
inventory,pg,19,81,6.255252574626908,13.006999068859955,2.6900254664137955,0.0,2,high_restock,0.20153480255682715,0.15896775053146212,0.6394974469117107,-1.8891003526786039,2.804422268487077,0.0,0.0,none
inventory,pg,19,82,3.854572436224583,14.287230211438645,2.009931829744214,0.0,2,high_restock,0.6109476280852925,0.21346608944530535,0.17558628246940228,-1.0998386566979579,2.2904933719429703,0.0,0.0,none
inventory,pg,19,83,1.5995390191370227,14.685392226956878,2.0614214804668554,0.0,2,high_restock,0.7488317729454089,0.18237569919866506,0.06879252785592613,-0.9774171350127001,1.9447291394375865,0.0,0.0,none
inventory,pg,19,84,0.0,13.613833668326043,2.3243043511488235,0.07811020268083928,0,low_restock,0.8098744068036747,0.14995301900283717,0.0401725741934881,-1.083595059539245,2.594809343159401,0.0,0.0,none
inventory,pg,19,85,2.5817001701121285,13.390422256211934,2.2154654970356487,0.0,2,high_restock,0.6990104431986913,0.19088898328305104,0.11010057351825761,-0.820274963076008,2.1222857226207363,0.0,0.0,none
inventory,pg,19,86,0.8007856087885941,14.509106606832336,1.930886268379317,0.0,0,low_restock,0.7742952992195298,0.17288348259091754,0.052821218189552786,-4.850533170330808,12.571677527285441,0.0,0.0,none
inventory,pg,19,87,13.344380486659453,15.097961610086974,2.5296793670767963,0.0,2,high_restock,0.008597983615464237,0.04016229716327778,0.9512397192212579,-5.293243192769688,0.6303394884411609,0.0,0.0,none
inventory,pg,19,88,13.580694836484824,15.59623116346956,2.8349838887052785,0.0,2,high_restock,0.00887880810935716,0.0403166323903644,0.9508045595002785,-4.2941440369923525,3.1722691243677485,0.0,0.0,none
inventory,pg,19,89,10.72612581997815,16.438768001527382,1.7373232836307535,0.0,2,high_restock,0.024459552808992105,0.06640204827981462,0.9091383989111933,-3.248598867818715,3.0029744408269594,0.0,0.0,none
inventory,pg,19,90,7.738853908053471,16.63143074758827,1.4986957857053573,0.0,2,high_restock,0.23466630242811562,0.19551498194412034,0.5698187156277641,-3.115113647318697,0.4738645670158513,0.0,0.0,none
inventory,pg,19,91,7.357467563767706,16.91133639099582,1.5259889176997634,0.0,0,low_restock,0.30168645887375933,0.21407406203841645,0.4842394790878242,-4.585878229247756,5.513141941984438,0.0,0.0,none
inventory,pg,19,92,12.588223512136448,15.448768605095399,2.4719391028148667,0.0,2,high_restock,0.010040303553500654,0.04235245712801819,0.947607239318481,-3.255702871732086,4.9455324478712885,0.0,0.0,none
inventory,pg,19,93,7.759151062091675,14.43569124512137,2.137238149911517,0.0,2,high_restock,0.10694686566152425,0.12863481689533215,0.7644183174431437,-0.6303277397430287,7.893998111187437,0.0,0.0,none
inventory,pg,19,94,0.0,13.2289554866468,2.9461322152195324,0.01612995352554084,0,low_restock,0.8206359804160954,0.1386111538269538,0.04075286575695079,-2.6970348189680635,7.193235243381157,0.0,0.0,none
inventory,pg,19,95,7.1915280541944675,13.090534829228199,2.8744589387926727,0.0,2,high_restock,0.09912943430919173,0.11622350269507942,0.7846470629957288,-1.255948407228448,5.341217685960173,0.0,0.0,none
inventory,pg,19,96,2.045566877795565,12.137619862805574,1.8069183041671102,0.0,0,low_restock,0.7198594085034244,0.18763232066920466,0.09250827082737077,-1.8832841866039158,2.8961265140759602,0.0,0.0,none
inventory,pg,19,97,4.86652624743976,11.655660547060664,2.251274285692172,0.0,0,low_restock,0.3501548135249285,0.19476108208241738,0.4550841043926542,-2.670191187949971,2.4617915231107865,0.0,0.0,none
inventory,pg,19,98,7.114831965571346,10.671136180695934,2.441670381006817,0.0,2,high_restock,0.037066635623584865,0.07401296209802043,0.8889204022783946,-0.5761255684570842,7.120661716092119,0.0,0.0,none
inventory,pg,19,99,0.0,10.935505428214862,2.3274046278605303,0.006450994367336449,0,low_restock,0.8182284388301847,0.14050973175104406,0.041261829418771205,-2.0793414184330614,5.479092915322968,0.0,0.0,none
inventory,pg,19,100,5.426689766951604,10.447032342551427,1.7504732825002656,0.0,2,high_restock,0.15668570009317825,0.15065869730298598,0.6926556026038357,-1.015324080846428,5.568493434107985,0.0,0.0,none
inventory,pg,19,101,0.0,9.202576422324817,1.8077643462474104,0.08487930015114785,0,low_restock,0.8164543753804606,0.14221780471624718,0.0413278199032923,-0.5049275436767988,0.20520816974065004,0.0,0.0,none
inventory,pg,19,102,0.0,9.01437589132005,1.8850280515035216,0.05802277565657121,0,low_restock,0.8174544099177232,0.14073608627173217,0.0418095038105446,-0.24749839379106675,0.20312809898823717,0.0,0.0,none
inventory,pg,19,103,0.0,9.208287622408063,1.8457079416672686,0.012053284605547634,0,low_restock,0.81544862688257,0.1426410314366143,0.041910341680815685,-0.2726418404461273,0.7168508990704606,0.0,0.0,none
inventory,pg,19,104,0.26469097270322095,8.543252115683355,1.883076291820558,0.0,0,low_restock,0.8064968482464234,0.1449870787239175,0.04851607302965894,-2.4007435206842356,6.080850116472724,0.0,0.0,none
inventory,pg,19,105,6.344981487669244,8.583658344143528,1.9549979806368225,0.0,2,high_restock,0.02737210173191535,0.06554564955176818,0.9070822487163165,-0.6025284052578286,6.402467888063894,0.0,0.0,none
inventory,pg,19,106,0.0,9.431989188971498,1.8409143194674589,0.011165786653183676,0,low_restock,0.8148368450787096,0.1434451094949833,0.04171804542630708,-2.3095760649546553,6.16982679527627,0.0,0.0,none
inventory,pg,19,107,6.084503042727587,10.429219467737514,2.0667295161847226,0.0,2,high_restock,0.08087388671986151,0.10895350316011862,0.81017261012002,-0.64704452340393,6.091267522138322,0.0,0.0,none
inventory,pg,19,108,0.0,10.701134675967841,1.9769548982197214,0.019115093464987506,0,low_restock,0.8135892268439633,0.14541018303411068,0.041000590121925924,-1.530715559602743,4.105213075503119,0.0,0.0,none
inventory,pg,19,109,3.859187313150695,11.518899268089495,0.8410220822607727,0.0,1,balanced_restock,0.5314293265169935,0.23473992933530383,0.23383074414770272,-0.44743602816534334,3.731483252189088,0.0,0.0,none
inventory,pg,19,110,0.24981722332955236,10.780967147132063,1.4342092373235227,0.0,0,low_restock,0.7950158677489296,0.1597733597903512,0.04521077246071908,-1.86234851459656,4.557332755214091,0.0,0.0,none
inventory,pg,19,111,4.8067100417044575,10.717663021485464,1.4357163095139927,0.0,1,balanced_restock,0.297932591893447,0.19914320295311932,0.5029242051534337,-1.4846422814308755,1.73504808606387,0.0,0.0,none
inventory,pg,19,112,3.213263661231073,10.225752123700698,0.9568174035319958,0.0,0,low_restock,0.5685137447647605,0.22524277579850477,0.20624347943673468,-3.153351833307865,5.284658719264981,0.0,0.0,none
inventory,pg,19,113,8.495290952308187,10.366669498971461,1.0459676630198689,0.0,2,high_restock,0.012259349866474851,0.04867984015650998,0.9390608099770151,-0.6242894726966216,8.514067898509024,0.0,0.0,none
inventory,pg,19,114,0.0,9.817438855628307,1.1782664273632282,0.015051691552968142,0,low_restock,0.8019302181026788,0.15668794433301922,0.04138183756430206,-3.047701473575958,8.374392676375427,0.0,0.0,none
inventory,pg,19,115,8.193432781645594,11.188723111663208,2.2353685447189453,0.0,2,high_restock,0.01996996534909362,0.05662596119157851,0.923404073459328,-0.6674892827322602,7.829604975342923,0.0,0.0,none
inventory,pg,19,116,0.36425509352074315,11.111509010363257,2.2623644748399436,0.0,0,low_restock,0.8050361865380379,0.14759438513853093,0.04736942832343111,-2.7791993717095287,7.082449904070174,0.0,0.0,none
inventory,pg,19,117,7.426283919170082,11.642604051587801,2.344726884640366,0.0,2,high_restock,0.04170601681311259,0.07936725846314449,0.8789267247237429,-2.879132978152778,1.6554925518477879,0.0,0.0,none
inventory,pg,19,118,6.683237080436509,12.837589225625663,3.2168205828753917,0.0,2,high_restock,0.13649289704948764,0.1307609857760966,0.7327461171744157,-1.5810351437065024,3.9822351082852676,0.0,0.0,none
inventory,pg,19,119,2.9743861248757213,14.005600906716698,2.3575361364139753,0.0,0,low_restock,0.6788785244670843,0.19517455273225842,0.12594692280065742,-5.22711014329597,11.460254241752898,0.0,0.0,none
inventory,pg,19,120,14.420314695131346,14.445376382697152,2.7246110346942793,0.0,2,high_restock,0.00737706319703922,0.038726246214256584,0.9538966905887042,-3.775123759626055,5.253917184218846,0.0,0.0,none
inventory,pg,19,121,9.24321074178873,14.975791129653595,2.0035696828111353,0.0,2,high_restock,0.03846951088825794,0.08064003232506854,0.8808904567866735,-2.598704222292115,3.382691646752388,0.0,0.0,none
inventory,pg,19,122,5.882012063691757,15.291145628904335,1.7902676360092775,0.0,0,low_restock,0.41546297994570297,0.22240460495292835,0.36213241510136857,-5.046635206317195,8.052959049369948,0.0,0.0,none
inventory,pg,19,123,13.90467201804913,14.644286987522525,1.5282550301110704,0.0,2,high_restock,0.007396514237061918,0.039450183435602276,0.9531533023273359,-3.861312154978189,4.41784471894369,0.0,0.0,none
inventory,pg,19,124,9.489463299937682,14.503015435012392,1.5859289814469966,0.0,2,high_restock,0.02625706688630092,0.06851801391289047,0.9052249192008085,-2.4139749484433497,4.312705199978965,0.0,0.0,none
inventory,pg,19,125,5.354214138409571,13.786779888655648,0.5928795586377832,0.0,1,balanced_restock,0.4220778053322175,0.24539450829127527,0.33252768637650715,-3.0423832782575384,2.3400942773891344,0.0,0.0,none
inventory,pg,19,126,7.663952223592968,14.084148296360848,0.3632641518777362,0.0,2,high_restock,0.10423715567695072,0.14992132847575426,0.7458415158472951,-2.957815253365287,1.3405927104898139,0.0,0.0,none
inventory,pg,19,127,6.908043581043678,14.605206303470386,1.3401415713960463,0.0,2,high_restock,0.22688218581362127,0.19157442207966968,0.581543392106709,-2.947401105857164,0.9325837631837833,0.0,0.0,none
inventory,pg,19,128,6.878288873877612,15.394723371165696,1.8356109776900038,0.0,2,high_restock,0.27743810792846646,0.19808440374482233,0.5244774883267111,-0.5824562774888293,6.9510337452019755,0.0,0.0,none
inventory,pg,19,129,0.0,14.79596664629039,2.640250772899095,0.007581478123005222,2,high_restock,0.8095339683088079,0.14993597141017478,0.04053006028101735,-0.8419399393976974,0.1883641945061008,0.0,0.0,none
inventory,pg,19,130,0.0,14.974307323823842,2.6011532858819,0.05391784632101739,0,low_restock,0.8088625402057902,0.15083195675212452,0.04030550304208531,-1.3745262260900457,3.422035922058546,0.0,0.0,none
inventory,pg,19,131,3.4129320745429883,14.749795970190004,2.695556804631902,0.0,0,low_restock,0.6567131903630153,0.19614325430999027,0.1471435553269944,-3.3963958393273046,5.880735430290516,0.0,0.0,none
inventory,pg,19,132,9.189702398078014,13.656331763406865,2.567846747536371,0.0,2,high_restock,0.025071175581844466,0.06290099423087249,0.9120278301872831,-0.5808628893066521,9.397975765776286,0.0,0.0,none
inventory,pg,19,133,0.0,11.722185001957849,2.2068185095070914,0.007296944519045009,0,low_restock,0.8137841498532923,0.14540016914379056,0.04081568100291729,-1.5310328547253154,3.8604276156178523,0.0,0.0,none
inventory,pg,19,134,3.860093870643759,11.678159467850826,2.231009255479393,0.0,2,high_restock,0.5295621355914669,0.20530427477408722,0.2651335896344459,-0.9088434998987946,4.033915433930514,0.0,0.0,none
inventory,pg,19,135,0.0,10.632741098747257,1.706689424649866,0.06586491069621334,0,low_restock,0.8100315535612876,0.149330864655729,0.04063758178298335,-0.27083572372340453,0.9287274154765981,0.0,0.0,none
inventory,pg,19,136,0.0,9.890324275782891,1.1509131008453255,0.016220664950607956,1,balanced_restock,0.8011581330847114,0.15745877288167914,0.041383094033609354,-0.5410859099572737,0.32695742949753354,0.0,0.0,none
inventory,pg,19,137,0.0,9.709344745491213,0.8790899202870209,0.03233676963522744,0,low_restock,0.7966814207292715,0.16173046292912915,0.04158811634159936,-0.332232716106454,0.4598572785897805,0.0,0.0,none
inventory,pg,19,138,0.43495061744701147,9.789147346756033,0.7571368341621144,0.0,0,low_restock,0.7774109393344409,0.17275345315723384,0.04983560750832519,-0.9718679697758863,1.913538328606576,0.0,0.0,none
inventory,pg,19,139,2.2624799136453895,9.280477208600328,1.0081752717205161,0.0,0,low_restock,0.6583714179249336,0.20740113433563404,0.1342274477394324,-1.4707907827390492,1.5028970028894966,0.0,0.0,none
inventory,pg,19,140,3.6879736649687125,8.85970348274073,1.2309227472586792,0.0,0,low_restock,0.3800664890120098,0.21222694092080505,0.40770657006718525,-3.8844842873359333,6.979153800978443,0.0,0.0,none
inventory,pg,19,141,10.58424082095981,9.543937473500474,2.0567017351236525,0.0,2,high_restock,0.007593189045673528,0.03962944263306398,0.9527773683212625,-0.793687969492334,9.874743311818369,0.0,0.0,none
inventory,pg,19,142,0.7248227699780969,8.997679328888802,1.9931941786994793,0.0,0,low_restock,0.7868432703838214,0.15298293920839195,0.06017379040778664,-2.8134889908339265,6.86632196065702,0.0,0.0,none
inventory,pg,19,143,7.524254259525504,9.817860728415699,2.484530273671234,0.0,2,high_restock,0.021092038192727095,0.05687516173431897,0.922032800072954,-0.863280456546965,7.5344998689042795,0.0,0.0,none
inventory,pg,19,144,0.0,9.539302875903509,2.755379009984942,0.05772865295481517,0,low_restock,0.8272957361917703,0.12952670746316305,0.043177556345066516,-0.3737287072195129,0.8673182940411188,0.0,0.0,none
inventory,pg,19,145,0.5535105920557513,10.173107385417406,2.553323834331461,0.0,0,low_restock,0.8031505971876284,0.14323702102331115,0.05361238178906037,-1.7624539516239555,4.029215208231087,0.0,0.0,none
inventory,pg,19,146,4.521297004639873,9.587411236736012,2.1683482509845478,0.0,2,high_restock,0.24997111375900147,0.17252349317765914,0.5775053930633394,-0.696033811144954,4.57195756083252,0.0,0.0,none
inventory,pg,19,147,0.0,10.264950918141995,2.139487253471823,0.027863180561598914,0,low_restock,0.8176787936143225,0.14099419059053928,0.04132701579513811,-1.016796483435325,2.4723760132606896,0.0,0.0,none
inventory,pg,19,148,2.3908470955295,9.7733185672008,1.7470403253121027,0.0,0,low_restock,0.6614287739508289,0.19444267980635502,0.1441285462428162,-3.691776340747814,7.789352447450458,0.0,0.0,none
inventory,pg,19,149,10.033646687850897,11.214930478937593,1.3188102024191553,0.0,2,high_restock,0.009284958573430542,0.042795132853707986,0.9479199085728615,-1.887240705216518,6.18925688395991,0.0,0.0,none
inventory,pg,19,150,3.8492591577614803,11.459149713141146,1.2941399984335586,0.0,0,low_restock,0.5299112454871714,0.22417647515072972,0.24591227936209892,-2.218876153327756,2.0965411109711094,0.0,0.0,none
inventory,pg,19,151,5.8253604380793025,11.060812686687886,1.870192056215329,0.0,2,high_restock,0.14069059871122475,0.14320486732279056,0.7161045339659847,-1.0258075176540868,4.463566976151947,0.0,0.0,none
inventory,pg,19,152,1.3880214790116767,11.46768882366472,2.1307777850910368,0.0,0,low_restock,0.7592219269663025,0.16822214994182652,0.07255592309187109,-3.2918711674373675,7.529748882377058,0.0,0.0,none
inventory,pg,19,153,8.891060478392479,12.100042676572595,2.1714300930433903,0.0,2,high_restock,0.017509615314476073,0.053796678856409555,0.9286937058291144,-1.2157348489788755,6.980931419101283,0.0,0.0,none
inventory,pg,19,154,1.9306709970825011,11.579404861846323,2.0476641343070945,0.0,0,low_restock,0.7271283172693583,0.17997059373770952,0.09290108899293206,-4.135921266790339,9.412855121277044,0.0,0.0,none
inventory,pg,19,155,11.302632190829542,12.290674606613612,2.5597971904846006,0.0,2,high_restock,0.00915157888953063,0.040936181738950694,0.9499122393715186,-4.012864206474006,2.30997986649971,0.0,0.0,none
inventory,pg,19,156,9.922469161354304,14.019421744655,1.8945225641704293,0.0,2,high_restock,0.017344005566343967,0.05484630722718075,0.9278096872064752,-2.0895647356350855,5.500047277219994,0.0,0.0,none
inventory,pg,19,157,4.427327816100245,13.807861267417715,1.990354770685861,0.0,0,low_restock,0.5391129527657271,0.2171931641080828,0.24369388312619006,-3.7474168314744523,5.778187630675377,0.0,0.0,none
inventory,pg,19,158,10.192619518498436,13.460311808021192,2.157905523658468,0.0,2,high_restock,0.013711836742305285,0.0485197503072066,0.9377684129504882,-2.3958556062764913,4.918818573955545,0.0,0.0,none
inventory,pg,19,159,5.302444589361404,13.87435471845578,1.8269466225112951,0.0,0,low_restock,0.4261498311452666,0.2179071040962843,0.3559430647584491,-5.4147472144511894,9.654265438867661,0.0,0.0,none
inventory,pg,19,160,14.956420612717686,13.930757684377628,1.876005872524108,0.0,2,high_restock,0.006622787828355942,0.03841450914879454,0.9549627030228495,-4.567608876003133,3.5052502123080718,0.0,0.0,none
inventory,pg,19,161,11.507453931437524,13.516996954016644,1.4067405527781927,0.0,2,high_restock,0.009284932531795824,0.04252442981064424,0.94819063765756,-2.3109032772624793,6.452985621282259,0.0,0.0,none
inventory,pg,19,162,5.05972364932137,13.326479166644225,1.5842246654549026,0.0,2,high_restock,0.43737319758249643,0.22228957994824647,0.34033722246925713,-1.0741311640085245,3.5788941510447274,0.0,0.0,none
inventory,pg,19,163,1.526089040024356,13.866693904305185,1.4107950556000666,0.0,0,low_restock,0.7402721342746987,0.19156886405604642,0.06815900166925483,-3.885795769495243,9.070307526623488,0.0,0.0,none
inventory,pg,19,164,10.587987912843552,14.257108664696432,1.41741027967174,0.0,2,high_restock,0.013603069372639973,0.05013534753032901,0.9362615830970309,-3.2147817102019562,2.9499436729172603,0.0,0.0,none
inventory,pg,19,165,7.642233457719875,14.137162569000438,1.3158657198426915,0.0,1,balanced_restock,0.10659063962725189,0.137938709328496,0.755470651044252,-3.359693224596063,0.9850524910593178,0.0,0.0,none
inventory,pg,19,166,8.570552070274466,13.81261962776739,1.3726534211757155,0.0,2,high_restock,0.03943145495458478,0.08465861012091229,0.875909934924503,-2.837983402706717,2.222324913941663,0.0,0.0,none
inventory,pg,19,167,6.565666864876334,14.701188643110992,1.012641697376599,0.0,1,balanced_restock,0.2873036672120681,0.2159894617638566,0.49670687102407524,-3.601296597760622,2.6955768767755774,0.0,0.0,none
inventory,pg,19,168,9.260847422173207,14.74695167642977,1.0061450091770863,0.0,2,high_restock,0.03521155296058168,0.08296276840854527,0.881825678630873,-1.2892677218459174,7.214201527168694,0.0,0.0,none
inventory,pg,19,169,2.1407649195597642,13.910555401343242,1.8121041282410657,0.0,0,low_restock,0.7208406412700256,0.19308000289166416,0.08607935583831021,-2.7120871704064835,5.158245587766741,0.0,0.0,none
inventory,pg,19,170,7.234534772589953,13.118460262974015,1.995384023067805,0.0,2,high_restock,0.09538994379301628,0.12176210387676113,0.7828479523302225,-2.101084940884901,2.8167065175439485,0.0,0.0,none
inventory,pg,19,171,4.460242688242573,13.577938123593622,2.156688493875215,0.0,2,high_restock,0.5251599473801682,0.21328187974679944,0.26155817287303235,-0.8954149941047357,4.673828229759854,0.0,0.0,none
inventory,pg,19,172,0.0,12.198329141762894,2.365390398774895,0.0634669632329885,0,low_restock,0.8158472550784264,0.14376257628084718,0.040390168640726476,-0.18080274695107448,0.9076536033685844,0.0,0.0,none
inventory,pg,19,173,0.0,11.345823648187672,2.0603337370806254,0.00014334766983472897,0,low_restock,0.8124569149435579,0.14661596358608966,0.04092712147035249,-1.1709289637928164,2.870454898474505,0.0,0.0,none
inventory,pg,19,174,2.8312256108366185,10.93809213825537,2.2999748436939664,0.0,0,low_restock,0.6411952783028542,0.19206867770790606,0.16673604398923972,-2.807235143905191,4.675910111611587,0.0,0.0,none
inventory,pg,19,175,7.506386125443402,10.854370270570689,2.3004031012115824,0.0,2,high_restock,0.028438752389763913,0.06615293716602391,0.9054083104442122,-1.076188018582508,6.116736263267152,0.0,0.0,none
inventory,pg,19,176,1.531965767378594,10.214344615827205,1.1553567873978838,0.0,0,low_restock,0.7316346275262772,0.18771888829467792,0.08064648417904487,-0.8464518920559307,1.0207428318936036,0.0,0.0,none
inventory,pg,19,177,1.9041482630169453,9.669367137865226,1.9340708988128388,0.0,0,low_restock,0.709493346922057,0.1803738779295013,0.1101327751484417,-1.0912966567995046,1.0566023800809639,0.0,0.0,none
inventory,pg,19,178,2.6037047337128705,8.92274781412026,2.1978680165204225,0.0,1,balanced_restock,0.6028225507129433,0.19249495028196087,0.20468249900509564,-0.6670779731788405,2.7130184605275716,0.0,0.0,none
inventory,pg,19,179,0.0,8.266059944885574,2.5812020136259166,0.05483535235336439,0,low_restock,0.8258969293963736,0.12924881910685104,0.04485425149677544,-0.48645630827318953,0.9555378155194876,0.0,0.0,none
inventory,pg,19,180,0.0,7.332582004228345,2.3770661792642853,0.05472434076306956,1,balanced_restock,0.8232562071454326,0.1304967674707762,0.04624702538379127,-0.8903396874262856,1.2392010069760115,0.0,0.0,none
inventory,pg,19,181,0.0,6.767757627958568,1.2747984144991942,0.09470351561183671,0,low_restock,0.8111221334852438,0.14514858653222748,0.04372927998252866,-0.46515357310620614,0.600103596716464,0.0,0.0,none
inventory,pg,19,182,0.0,7.306286414631096,1.5359384173257533,0.050920280911822526,0,low_restock,0.8141278756624734,0.1422992083416907,0.043572915995836,-1.3525220368341895,3.7436839023722683,0.0,0.0,none
inventory,pg,19,183,3.350062962383399,8.549271645734105,2.651573729244429,0.0,0,low_restock,0.42061230718711434,0.1881486163961992,0.39123907641668654,-2.4883371270697934,3.3598474367305093,0.0,0.0,none
inventory,pg,19,184,6.595248934485124,9.286744719844126,2.1895388068181316,0.0,2,high_restock,0.031092171348828853,0.06863205642355516,0.900275772227616,-0.6395627188220221,6.688210077832512,0.0,0.0,none
inventory,pg,19,185,0.0,10.117233973627918,1.451421579084318,0.017779056932503933,0,low_restock,0.8061667250572677,0.1526842025968341,0.04114907234589805,-0.2346777447138229,0.7958522714968781,0.0,0.0,none
inventory,pg,19,186,0.0,9.589154856781155,2.0467778097426255,0.009763882984611236,0,low_restock,0.8175772667123344,0.14055455239279455,0.04186818089487098,-0.847672552614247,1.9102933804226516,0.0,0.0,none
inventory,pg,19,187,1.9076358646121347,9.494411105687941,2.0795573086705432,0.0,1,balanced_restock,0.7075938475341129,0.17805914206701418,0.11434701039887298,-0.38858281683990326,2.1707117777125737,0.0,0.0,none
inventory,pg,19,188,0.0,8.858530365423562,1.2619115036115467,0.005104074435697013,0,low_restock,0.8062892991359106,0.1519006913088444,0.04181000955524489,-1.3508030331530583,3.3466517616045266,0.0,0.0,none
inventory,pg,19,189,3.3451515232944526,8.949980517761865,1.302533144554988,0.0,2,high_restock,0.4680813556646264,0.21652554243974415,0.3153931018956294,-0.5478777656382966,3.7047645026755545,0.0,0.0,none
inventory,pg,19,190,0.0,9.829212382959316,2.63000843802706,0.001406743863981522,0,low_restock,0.8244989072793627,0.13263690258184987,0.042864190138787325,-2.2736494487236674,6.102628124711383,0.0,0.0,none
inventory,pg,19,191,5.981855567781906,10.933065475340939,2.13911092710833,0.0,2,high_restock,0.11441029374157928,0.1275152030182696,0.7580745032401511,-0.6769235523447822,5.998486907705474,0.0,0.0,none
inventory,pg,19,192,0.0,11.276163946215618,1.8546205865446157,0.024450634347282525,0,low_restock,0.8095465593790413,0.14968989942700664,0.040763541193952084,-2.355547867369726,6.2724855082882955,0.0,0.0,none
inventory,pg,19,193,6.215851049627789,12.114627252025317,1.915049319929353,0.0,2,high_restock,0.15536500682575285,0.15063676189920663,0.6939982312750405,-0.5790582907246744,6.232369979618624,0.0,0.0,none
inventory,pg,19,194,0.0,12.433323968529423,1.5925356795745802,0.006974694772263287,0,low_restock,0.799479317482575,0.1594085915611859,0.04111209095623914,-2.063901134113593,5.424475176480069,0.0,0.0,none
inventory,pg,19,195,5.38257466889598,11.896209347874938,1.1872208489554323,0.0,0,low_restock,0.2856380070930154,0.2048286102531077,0.5095333826538769,-5.394513485384938,9.566254714552949,0.0,0.0,none
inventory,pg,19,196,14.898609958242684,12.583350878092157,1.884456930254624,0.0,2,high_restock,0.006270544103371136,0.03812275556600678,0.955606700330622,-3.4919674670974605,6.473891886754235,0.0,0.0,none
inventory,pg,19,197,8.434192763135602,12.829147433489078,1.63511671620721,0.0,2,high_restock,0.028425465396113417,0.07013152463198753,0.9014430099718991,-3.1482723131265598,1.3670286372937905,0.0,0.0,none
inventory,pg,19,198,7.452206608933029,13.447271111861047,2.3578847331889135,0.0,2,high_restock,0.09088341327920554,0.11615677041990517,0.7929598163008892,-1.9268400133777424,3.5572601968624022,0.0,0.0,none
inventory,pg,19,199,3.962400038222121,14.090125734456109,2.1087098118732372,0.0,0,low_restock,0.5965676528072298,0.21227062683139702,0.19116172036137324,-3.48014086180951,5.467902386506017,0.0,0.0,none
inventory,pg,19,200,9.428973890884315,14.009279844397668,2.198100884184045,0.0,2,high_restock,0.02330408559551371,0.062114140827318524,0.9145817735771677,-5.840071055970889,6.385878149459744,1.0,1.0,inventory_demand_spike
inventory,pg,19,201,15.143060159916828,15.64889004033483,4.530553725117895,0.0,2,high_restock,0.008616305743815833,0.03931991285026713,0.952063781405917,-8.571868703282355,8.360482053711106,1.0,0.0,inventory_demand_spike
inventory,pg,19,202,22.948196295092444,18.50280070639137,5.443079884726508,0.0,2,high_restock,0.006275674180211016,0.03798078884124665,0.9557435369785424,-10.581212736883852,5.903457056482011,1.0,0.0,inventory_demand_spike
inventory,pg,19,203,28.689179248239583,19.84739452786131,5.732885689820282,0.0,2,high_restock,0.005850438079456473,0.03767217485911251,0.956477387061431,-12.757760196714063,6.5351623656156645,1.0,0.0,inventory_demand_spike
inventory,pg,19,204,34.9078862763259,21.789097247620756,5.217307769552179,0.0,1,balanced_restock,0.005289723170221813,0.037034524954628174,0.9576757518751501,-16.988034506326333,13.618887473490826,1.0,0.0,inventory_demand_spike
inventory,pg,19,205,47.50867001807524,24.415939225438187,0.7682577211882713,0.0,2,high_restock,0.00429720170037989,0.03598504208452712,0.959717756215093,-17.453176579622525,2.077979534116938,1.0,0.0,inventory_demand_spike
inventory,pg,19,206,48.323361656064364,23.436060299229506,2.409633293436004,0.0,2,high_restock,0.0042792651066026885,0.03601435903624227,0.959706375857155,-18.17321994969769,2.356903750228341,1.0,0.0,inventory_demand_spike
inventory,pg,19,207,50.38062842770769,22.286486426523048,2.3760382145800647,0.0,2,high_restock,0.004241304821678946,0.03617395348396964,0.9595847416943514,-19.43403045374755,3.6293006330228432,1.0,0.0,inventory_demand_spike
inventory,pg,19,208,53.98294415356443,21.85875298106497,2.2656362411294357,0.0,2,high_restock,0.004215498437485792,0.036375303104890955,0.9594091984576234,-19.555964444698983,1.2246781175886987,1.0,0.0,inventory_demand_spike
inventory,pg,19,209,54.33132698485424,20.684688141705667,2.2595004817382414,0.0,2,high_restock,0.004206528788173863,0.03649979382212814,0.9592936773896981,-21.1020769273307,4.493054253929991,1.0,0.0,inventory_demand_spike
inventory,pg,19,210,58.74879122094487,20.248024240573923,1.5646113617578825,0.0,2,high_restock,0.004197406702932315,0.03664417928186386,0.9591584140152037,-20.962629881484325,0.5407922741350427,1.0,0.0,inventory_demand_spike
inventory,pg,19,211,58.35037108995522,20.005401886778166,1.838202436950311,0.0,2,high_restock,0.004197977411856208,0.036645609921822295,0.9591564126663216,-19.547733834566877,4.3887077381112976,1.0,0.0,inventory_demand_spike
inventory,pg,19,212,54.30781095590537,18.78543650563953,3.0340902418768865,0.0,2,high_restock,0.004204522976302594,0.036622886531116276,0.9591725904925812,-18.203699248263007,4.119217593160247,1.0,0.0,inventory_demand_spike
inventory,pg,19,213,50.46771213789431,17.296953596865976,3.1116355705562846,0.0,2,high_restock,0.004209616774171682,0.036636923849849505,0.9591534593759788,-17.67492385815051,1.5563116902513556,1.0,0.0,inventory_demand_spike
inventory,pg,19,214,48.95692530900146,16.925119664829445,3.074638789031677,0.0,2,high_restock,0.004212012868650748,0.036629794219929936,0.9591581929114193,-15.912808961679822,5.544113358261612,1.0,0.0,inventory_demand_spike
inventory,pg,19,215,43.92231131908521,15.03470401962807,1.7269802305784376,0.0,2,high_restock,0.004211924387908571,0.03666695340545958,0.9591211222066318,-15.740774993240962,0.49264605385742327,1.0,0.0,inventory_demand_spike
inventory,pg,19,216,43.430785694974176,15.016082921003791,1.699485687309373,0.0,2,high_restock,0.004212861335282001,0.03665734426517986,0.9591297943995383,-16.609030791494185,2.9543580694880056,1.0,0.0,inventory_demand_spike
inventory,pg,19,217,45.91151654712625,16.32074111824418,2.633334192316056,0.0,2,high_restock,0.004215253015559912,0.036604992918322955,0.9591797540661172,-17.29715579560919,2.2844798959053714,1.0,0.0,inventory_demand_spike
inventory,pg,19,218,47.87758798745483,17.481975169912108,2.7036688464133762,0.0,2,high_restock,0.004213067459999505,0.03656081297908294,0.9592261195609176,-18.15690945300584,2.5869351264839016,1.0,0.0,inventory_demand_spike
inventory,pg,19,219,50.33402700858812,18.275420339917332,2.872741157231484,0.0,2,high_restock,0.004210054789998539,0.036563442702738244,0.9592265025072632,-17.0008782351756,3.3792705809292083,1.0,0.0,inventory_demand_spike
inventory,pg,19,220,47.03108067193028,18.621753870569016,2.2481867225834495,0.0,2,high_restock,0.004218402363131597,0.03643133688937169,0.9593502607474966,-15.729222633041456,3.7335147697797946,1.0,0.0,inventory_demand_spike
inventory,pg,19,221,43.39777895154702,17.993398651314568,2.834207936584761,0.0,2,high_restock,0.004238687709128298,0.036335540755940865,0.9594257715349309,-14.252155347336,4.428791184159004,1.0,0.0,inventory_demand_spike
inventory,pg,19,222,39.17758670667428,16.653214031909606,2.924063126256392,0.0,2,high_restock,0.0042599917703143005,0.03631419469782904,0.9594258135318566,-15.307707867229208,3.0340473383489064,1.0,0.0,inventory_demand_spike
inventory,pg,19,223,42.19345104922631,16.863172612354298,3.180817703942863,0.0,2,high_restock,0.004240348826491185,0.03640972808287205,0.9593499230906368,-13.972491468886279,4.042196706505186,1.0,0.0,inventory_demand_spike
inventory,pg,19,224,38.3785470539608,15.608904009074536,2.7196539674942413,0.0,2,high_restock,0.004251761934524598,0.036411349884936196,0.9593368881805392,-12.924847911510064,2.9939621537736523,1.0,0.0,inventory_demand_spike
inventory,pg,19,225,35.385279747171616,15.670839815048268,2.7016494048956297,0.0,2,high_restock,0.004287868493708046,0.03628438309354899,0.9594277484127429,-13.710453784731197,2.5687946346279618,1.0,0.0,inventory_demand_spike
inventory,pg,19,226,37.62986795637485,16.84641780096557,3.124196496976306,0.0,2,high_restock,0.004286378959687966,0.03623057970439116,0.9594830413359208,-15.455055680225918,5.324774533072225,1.0,0.0,inventory_demand_spike
inventory,pg,19,227,42.61444480064549,18.68737161879424,3.4678628355047914,0.0,2,high_restock,0.00426329453604857,0.036211021686401015,0.9595256837775503,-16.216161956311517,2.1832909044259634,1.0,0.0,inventory_demand_spike
inventory,pg,19,228,44.78903416089005,18.519116622332746,3.369829454322488,0.0,2,high_restock,0.004240684655832566,0.036320603358419086,0.9594387119857484,-15.828887090960151,1.3578162497904522,1.0,0.0,inventory_demand_spike
inventory,pg,19,229,43.68253454560043,19.060797498327926,2.7989482073542256,0.0,2,high_restock,0.004249865248612129,0.03622761283236046,0.9595225219190274,-15.525748457775073,1.1051514308255752,1.0,0.0,inventory_demand_spike
inventory,pg,19,230,42.81642416507164,19.486228883580004,2.260226915554301,0.0,2,high_restock,0.0042590244535073915,0.03616337985282251,0.9595775956936702,-17.56757248758681,5.909716728104518,1.0,0.0,inventory_demand_spike
inventory,pg,19,231,48.650207107390884,20.204067830203208,2.8737704226133065,0.0,2,high_restock,0.004229251879794276,0.036308247217872056,0.9594625009023338,-19.37389822952339,5.16116841185909,1.0,0.0,inventory_demand_spike
inventory,pg,19,232,53.81113779863827,20.239338599598558,2.9085518621911732,0.0,2,high_restock,0.00420868479048925,0.036505142807904074,0.9592861724016066,-20.232625544283646,2.4541408481106313,1.0,0.0,inventory_demand_spike
inventory,pg,19,233,56.264644412238994,20.29512205026979,2.9094496449555356,0.0,1,balanced_restock,0.004203787738001939,0.03657228424610744,0.9592239280158906,-24.984604492493617,14.211958270013797,1.0,0.0,inventory_demand_spike
inventory,pg,19,234,70.35601283569605,22.13469565801912,3.0799276924662835,0.0,2,high_restock,0.00419661337004925,0.03669592631908244,0.9591074603108684,-26.08904214502461,2.9009241042240386,1.0,0.0,inventory_demand_spike
inventory,pg,19,235,72.9972632714989,22.83616782128545,2.1067403528436537,0.0,2,high_restock,0.004195634501080715,0.036701580182423685,0.9591027853164956,-26.67416029349724,1.884052750989063,1.0,0.0,inventory_demand_spike
inventory,pg,19,236,74.66902940999212,22.003764460520244,2.355652770540514,0.0,2,high_restock,0.004195977193551957,0.03671757114452375,0.9590864516619243,-29.552593052611194,8.265491879886625,1.0,0.0,inventory_demand_spike
inventory,pg,19,237,82.89312300746056,22.616397041764458,2.9100189283715974,0.0,2,high_restock,0.00419651670646018,0.03672748995768763,0.9590759933358521,-29.85577197924299,0.9672790157558545,1.0,0.0,inventory_demand_spike
inventory,pg,19,238,83.75934851212284,22.29894081997677,3.2007139861941836,0.0,2,high_restock,0.00419671166055567,0.036731903259727715,0.9590713850797167,-30.965130181962866,3.376551710124059,1.0,0.0,inventory_demand_spike
inventory,pg,19,239,86.92894337703677,21.314586108268145,2.5795733861767913,0.0,2,high_restock,0.004196284654616715,0.036749429952908044,0.9590542853924753,-31.48151488941279,1.4971102867822346,1.0,0.0,inventory_demand_spike
inventory,pg,19,240,88.40432825546512,21.081412996793244,2.6806128407442023,0.0,2,high_restock,0.004196025199693473,0.036759828086439794,0.9590441467138666,-33.18027255440836,4.895242449324464,1.0,0.0,inventory_demand_spike
inventory,pg,19,241,93.25792158402389,21.717778434806355,2.6479101200572073,0.0,2,high_restock,0.004195895354158094,0.03676105416266833,0.9590430504831736,-34.32927598474089,3.6422608234942038,1.0,0.0,inventory_demand_spike
inventory,pg,19,242,96.54078852783111,20.72953310407411,1.4181866950935167,0.0,2,high_restock,0.004194001882806034,0.03680460295379313,0.9590013951634009,-34.67022402649455,0.9747778330517134,1.0,0.0,inventory_demand_spike
inventory,pg,19,243,97.51492578998445,20.75111545557232,1.390211341705087,0.0,2,high_restock,0.004193711724081109,0.03681179576590512,0.9589944925100139,-35.90377357712009,3.525255440007561,1.0,0.0,inventory_demand_spike
inventory,pg,19,244,101.03935307748598,20.822081940089845,1.4185304252473563,0.0,2,high_restock,0.004192185673702542,0.03685117132146059,0.958956643004837,-35.50983206826008,1.424756317901669,1.0,0.0,inventory_demand_spike
inventory,pg,19,245,99.91380590931452,20.30189553076988,2.120299787061277,0.0,2,high_restock,0.00418915320701224,0.0369390450565491,0.9588718017364387,-37.3957355475324,5.391051767785262,1.0,0.0,inventory_demand_spike
inventory,pg,19,246,105.30210156437829,20.40883599607088,2.255476831868027,0.0,2,high_restock,0.004182839230390293,0.03713817662454919,0.9586789841450605,-38.54786647828756,3.29180321785155,1.0,0.0,inventory_demand_spike
inventory,pg,19,247,108.59390422367875,20.410623139169523,2.256172101451428,0.0,2,high_restock,0.004177702651257195,0.03734233387226772,0.9584799634764751,-37.921150211146106,1.9544680785538529,1.0,0.0,inventory_demand_spike
inventory,pg,19,248,106.8032863175603,19.85767210551517,2.811039778248861,0.0,2,high_restock,0.0041729504339058825,0.037616887824100484,0.9582101617419936,-38.21825334589201,1.0101299734717921,1.0,0.0,inventory_demand_spike
inventory,pg,19,249,107.65215241683431,19.322559867869664,2.695092368051491,0.0,2,high_restock,0.004168851150840186,0.03799907074928871,0.9578320780998713,-37.460324841231724,2.185843742116278,1.0,0.0,inventory_demand_spike
inventory,pg,19,250,105.48664240351923,19.114567298840942,2.9077384082446356,0.0,2,high_restock,0.004169144388601322,0.03797433809668256,0.9578565175147161,-37.42285874262863,1.4468069753914319,1.0,0.0,inventory_demand_spike
inventory,pg,19,251,105.37959640751038,18.015498968626417,1.9729441077168497,0.0,1,balanced_restock,0.004166447368237779,0.03838668445413974,0.9574468681776224,-38.471132725482114,3.7575671664504413,1.0,0.0,inventory_demand_spike
inventory,pg,19,252,108.88895064423463,16.859009284111174,1.290100449782038,0.0,2,high_restock,0.004167443353442,0.03911211464998644,0.9567204419965715,-37.40238778540159,3.600851777317596,1.0,0.0,inventory_demand_spike
inventory,pg,19,253,105.32110795829026,16.503564328145988,1.6222012986870944,0.0,2,high_restock,0.0041675236908686585,0.039090397774548286,0.956742078534583,-36.88277228518564,1.6274241418790274,1.0,0.0,inventory_demand_spike
inventory,pg,19,254,103.83649224338755,16.036867965310645,1.1461550598080448,0.0,2,high_restock,0.004166288296446623,0.039104068767808906,0.9567296429357444,-35.16152212689255,4.974956844666326,1.0,0.0,inventory_demand_spike
inventory,pg,19,255,98.91863464826443,15.486398448949037,1.65787333380141,0.0,2,high_restock,0.004166760990981842,0.03910591219224355,0.9567273268167746,-36.020726610728104,2.646338512974587,1.0,0.0,inventory_demand_spike
inventory,pg,19,256,101.37350460208032,15.998781638913986,2.502967708262556,0.0,2,high_restock,0.004169325473095514,0.039182805936698574,0.9566478685902058,-36.33562038139606,1.1487928644131076,1.0,0.0,inventory_demand_spike
inventory,pg,19,257,102.27320108970304,16.676850089093683,2.727677415121688,0.0,2,high_restock,0.004169184679094058,0.03902501838534323,0.9568057969355628,-35.13947563428165,3.417774127757143,1.0,0.0,inventory_demand_spike
inventory,pg,19,258,98.85564466937616,16.70690734221718,2.7034975932999528,0.0,2,high_restock,0.004167631068267842,0.03875147930862163,0.9570808896231106,-35.06766183140612,0.3293727563271708,1.0,0.0,inventory_demand_spike
inventory,pg,19,259,98.65046237544607,16.962794026411704,2.7336413110546336,0.0,2,high_restock,0.004167252207049957,0.038595835523529916,0.9572369122694201,-33.92319488174572,3.3133034562761043,1.0,0.0,inventory_demand_spike
inventory,pg,19,260,95.38055680498778,17.29238443134467,2.3128473963729514,0.0,2,high_restock,0.004168781826414228,0.037911614806676514,0.9579196033669093,-32.88076051369987,3.213456884267145,1.0,0.0,inventory_demand_spike
inventory,pg,19,261,92.40217289628535,16.205733658841005,1.7887056807620316,0.0,2,high_restock,0.004166193724223231,0.0381491273324257,0.9576846789433511,-32.59187030443701,0.9973383742080922,1.0,0.0,inventory_demand_spike
inventory,pg,19,262,91.57677229839146,15.860714241737686,1.3478436984068545,0.0,2,high_restock,0.004165455211561935,0.038152277343467315,0.9576822674449709,-33.395786926327375,2.6545975241347546,1.0,0.0,inventory_demand_spike
inventory,pg,19,263,93.87367693236394,17.003606452597555,2.029690097483643,0.0,2,high_restock,0.004169014639104313,0.037854002565575924,0.9579769827953197,-32.558578210140574,2.4317474108674837,1.0,0.0,inventory_demand_spike
inventory,pg,19,264,91.48165202897307,16.566237930705398,2.0476095806379657,0.0,1,balanced_restock,0.004168605362013954,0.037894102285075906,0.9579372923529103,-36.243827437890545,11.210640505125047,1.0,0.0,inventory_demand_spike
inventory,pg,19,265,102.52522125111585,18.228932889225614,3.0240750668701106,0.0,2,high_restock,0.00416783425599173,0.038279617694588444,0.9575525480494199,-36.44489725531289,0.7474665058610216,1.0,0.0,inventory_demand_spike
inventory,pg,19,266,102.58542072946541,18.836649566636012,2.5930731641042506,0.0,2,high_restock,0.004170859882125043,0.03775507676446869,0.9580740633534063,-36.39084155041374,0.21728319668305093,1.0,0.0,inventory_demand_spike
inventory,pg,19,267,102.43097585832498,18.970840711986703,2.5199191768671083,0.0,2,high_restock,0.004172348671272491,0.03763870953014762,0.9581889417985799,-37.400797391515376,2.8888847230726338,1.0,0.0,inventory_demand_spike
inventory,pg,19,268,105.31656397575823,19.088577408678855,2.5918512975263495,0.0,2,high_restock,0.004169669042267855,0.03787337376522498,0.9579569571925072,-39.723958324369704,6.879477928546465,1.0,0.0,inventory_demand_spike
inventory,pg,19,269,111.9541666410563,20.894502922416642,2.6817427087777252,0.0,2,high_restock,0.00417535597989629,0.037471650898452225,0.9583529931216516,-40.80226712842598,3.1127253060178783,1.0,0.0,inventory_demand_spike
inventory,pg,19,270,115.03504893835995,20.501965537448815,2.4740470124146903,0.0,2,high_restock,0.004169431708657898,0.03793841422392022,0.9578921540674219,-42.32384828127917,4.439115884801638,1.0,0.0,inventory_demand_spike
inventory,pg,19,271,119.38242366079763,21.359400586266442,2.207799010605722,0.0,2,high_restock,0.00417112309837213,0.037758768126567005,0.9580701087750609,-45.184721489158676,8.343124952601581,1.0,0.0,inventory_demand_spike
inventory,pg,19,272,127.55634711188193,23.025074250711388,2.0655294280811347,0.0,2,high_restock,0.0041746257648976074,0.03752186896718827,0.9583035052679141,-46.81075030802099,4.666429187297744,1.0,0.0,inventory_demand_spike
inventory,pg,19,273,132.20214373720285,23.377115952288918,1.8043748444117849,0.0,2,high_restock,0.0041724260218270765,0.037676381238829076,0.9581511927393438,-47.95607187170532,3.3409964033997115,1.0,0.0,inventory_demand_spike
inventory,pg,19,274,135.4744910620152,22.70406488419178,1.8360325931711396,0.0,1,balanced_restock,0.0041689443111150165,0.03845041081730785,0.9573806448715773,-50.57421650998657,8.000932241730288,1.0,0.0,inventory_demand_spike
inventory,pg,19,275,143.46919002853306,22.486828218034624,2.0651906224750527,0.0,2,high_restock,0.004173979019682915,0.03915105226061262,0.9566749687197045,-52.3485307981045,4.55537342376684,1.0,0.0,inventory_demand_spike
inventory,pg,19,276,148.02437370887,22.528390009614476,2.0640566763047086,0.0,2,high_restock,0.004175300064684232,0.03928742604580851,0.9565372738895072,-54.1874881775392,5.361740478950965,1.0,0.0,inventory_demand_spike
inventory,pg,19,277,153.278537650112,21.944438107646015,1.1690581185623274,0.0,2,high_restock,0.004174339859787479,0.03941054504254035,0.9564151150976723,-55.82909274044242,4.690310376812246,1.0,0.0,inventory_demand_spike
inventory,pg,19,278,157.96883640126407,21.953338532812243,1.1745205544610846,0.0,1,balanced_restock,0.0041740196303104915,0.039453681730938814,0.9563722986387506,-58.16243386366509,7.207399482190015,1.0,0.0,inventory_demand_spike
inventory,pg,19,279,165.14981103904313,21.53506399540558,1.62757348603094,0.0,2,high_restock,0.004172378886631626,0.039510510391439,0.9563171107219295,-58.11540775803055,1.0879549681602776,1.0,0.0,inventory_demand_spike
inventory,pg,19,280,164.50116502294443,21.006394998882268,2.3228528907733477,0.0,2,high_restock,0.004171816618414199,0.03952367227582734,0.9563045111057584,-60.40721244314449,6.5707070221422486,1.0,0.0,inventory_demand_spike
inventory,pg,19,281,171.04917840898426,21.404960940022846,2.6954876417499882,0.0,2,high_restock,0.0041717360861500815,0.03952670932119873,0.9563015545926512,-61.76202888106851,3.8831760179140464,1.0,0.0,inventory_demand_spike
inventory,pg,19,282,174.9200825173386,21.128308973445318,2.5590286390533175,0.0,2,high_restock,0.004170041741950658,0.03955801041808079,0.9562719478399686,-63.38216228271898,4.628974722265132,1.0,0.0,inventory_demand_spike
inventory,pg,19,283,179.54903509348281,21.11603973844375,2.551646698251878,0.0,2,high_restock,0.004168923369636224,0.03957988279742626,0.9562511938329374,-64.81880542072881,4.150125503742184,1.0,0.0,inventory_demand_spike
inventory,pg,19,284,183.65372977351086,21.700783746893546,2.369718896245605,0.0,2,high_restock,0.004169404119048047,0.039570362654300376,0.9562602332266515,-64.91733747722189,0.4762411405729382,1.0,0.0,inventory_demand_spike
inventory,pg,19,285,183.93524993491968,21.886816982395047,2.033647984110372,0.0,2,high_restock,0.004169545309251008,0.03956747851163658,0.9562629761791125,-64.17940391014216,2.7922718968430438,1.0,0.0,inventory_demand_spike
inventory,pg,19,286,181.82686831469186,20.155537981141514,2.6287801620368763,0.0,2,high_restock,0.004165740994905646,0.03964985692273409,0.9561844020823603,-65.45995589499356,3.659061688808961,1.0,0.0,inventory_demand_spike
inventory,pg,19,287,185.48558827141014,20.1131011508143,2.6023257436401654,0.0,1,balanced_restock,0.00416471986272454,0.03967555794258128,0.9561597221946941,-68.33108455570631,8.73010896811287,1.0,0.0,inventory_demand_spike
inventory,pg,19,288,194.2030987305895,19.730812727421327,2.330904391195146,0.0,2,high_restock,0.0041615417833526765,0.039772853344201914,0.9560656048724454,-67.01385831309439,4.636405280191801,1.0,0.0,inventory_demand_spike
inventory,pg,19,289,189.92530946598396,18.05431593849461,2.952299150212712,0.0,2,high_restock,0.004159259080254897,0.03987572353160256,0.9559650173881425,-66.9954951683191,0.08496503541526454,1.0,0.0,inventory_demand_spike
inventory,pg,19,290,189.87284333805454,17.987518680626966,2.9501804231009348,0.0,2,high_restock,0.004159154374195437,0.039881888519130784,0.9559589571066738,-66.53940389992738,1.3167201242335627,1.0,0.0,inventory_demand_spike
inventory,pg,19,291,188.56972542836394,18.148571422734413,2.851703962639941,0.0,2,high_restock,0.00415957146757488,0.039858543198512376,0.9559818853339128,-64.70215487113033,5.543478869870251,1.0,0.0,inventory_demand_spike
inventory,pg,19,292,183.3204424889438,16.36697084350673,2.884658153666104,0.0,2,high_restock,0.0041578501272702805,0.03999201202977507,0.9558501378429547,-64.3700732504774,1.4767133364378804,1.0,0.0,inventory_demand_spike
inventory,pg,19,293,182.37163785850686,15.633707825583475,2.022812809174995,0.0,2,high_restock,0.004157511261456031,0.0400900777384258,0.9557524110001181,-64.27641627612032,0.854809239800582,1.0,0.0,inventory_demand_spike
inventory,pg,19,294,182.10404650320092,16.435747407443394,1.897010535173506,0.0,2,high_restock,0.0041577433762790125,0.04000754431008892,0.955834712313632,-63.65033130612702,1.8288782092794247,1.0,0.0,inventory_demand_spike
inventory,pg,19,295,180.31523230322009,16.08847779303311,1.7409878533885288,0.0,2,high_restock,0.004157614018186674,0.040033310266241684,0.9558090757155717,-62.55459447839465,3.1520450860134623,1.0,0.0,inventory_demand_spike
inventory,pg,19,296,177.18455565255616,15.722966044838438,1.7665435803586813,0.0,2,high_restock,0.004157583611311656,0.04004283770813929,0.955799578680549,-63.31839793192183,2.64036900471884,1.0,0.0,inventory_demand_spike
inventory,pg,19,297,179.36685123406238,17.20928174902371,1.7668653110050652,0.0,2,high_restock,0.004158746253096214,0.03990841353792142,0.9559328402089825,-63.59618297263309,0.8729428015537367,1.0,0.0,inventory_demand_spike
inventory,pg,19,298,180.1605227789517,17.557776984088967,1.8701401131317015,0.0,2,high_restock,0.004159235584943898,0.03987727257141253,0.9559634918436436,-62.90951601829763,1.9929449407240334,1.0,0.0,inventory_demand_spike
inventory,pg,19,299,178.1986171951361,17.21891413838704,1.9591793671352553,0.0,2,high_restock,0.004159005931715657,0.039891313117133086,0.9559496809511514,-63.77341026122282,2.6261531264780147,1.0,0.0,inventory_demand_spike
inventory,pg,19,300,180.66688646063665,18.07033083148331,2.2409890394545244,0.0,1,balanced_restock,0.004160350135092074,0.03982104622257761,0.9560186036423303,-67.08959412820992,180.55459973530958,1.0,1.0,inventory_demand_spike|inventory_sensor_noise
inventory,pg,19,301,0.9380029727465219,0.8741978016676448,0.9050310330366286,-0.012280074714332866,2,high_restock,0.24335014475004207,0.2380232807985586,0.5186265744513994,-64.75263643150149,0.2208394693950228,1.0,0.0,inventory_sensor_noise
inventory,pg,19,302,0.7871779374221111,1.0,0.9889041810843862,0.04394253544715958,0,low_restock,0.32546292554431044,0.24953430984084762,0.425002764614842,-66.76953157883179,0.20965113351492828,1.0,0.0,inventory_sensor_noise
inventory,pg,19,303,0.9956778206136773,1.0,0.9704828387783022,0.05586103538799175,2,high_restock,0.24859287325319077,0.23258779203041335,0.5188193347163959,-64.13704600796072,0.04170952702071861,1.0,0.0,inventory_sensor_noise
inventory,pg,19,304,1.0,1.0,0.9611332679168376,0.09627871635005283,2,high_restock,0.24880968416783436,0.23254261470476947,0.5186477011273961,-61.41797462096648,0.03887221604262345,1.0,0.0,inventory_sensor_noise
inventory,pg,19,305,1.0,1.0,1.0,0.09562578661411796,2,high_restock,0.25206810899294624,0.23221748906945114,0.5157144019376027,-60.86344291760342,0.2002911350839487,1.0,0.0,inventory_sensor_noise
inventory,pg,19,306,0.9005124673362038,1.0,1.0,-0.07820968053136036,2,high_restock,0.27578883063692333,0.24045646847658436,0.4837547008864924,-60.74076501162562,0.09950930731956957,1.0,0.0,inventory_sensor_noise
inventory,pg,19,307,1.0,1.0,1.0,-0.08029128752852172,1,balanced_restock,0.24138148878749985,0.2309492573295449,0.5276692538829552,-62.592025140847305,0.06750861894166299,1.0,0.0,inventory_sensor_noise
inventory,pg,19,308,0.9632541369715588,0.9434505926763718,1.0,-0.0772384670208469,2,high_restock,0.2471211143292603,0.23443563105884951,0.5184432546118901,-60.60886816704307,0.2257232504915342,1.0,0.0,inventory_sensor_noise
inventory,pg,19,309,1.0,0.8083918664482583,1.0,0.09984870877796252,2,high_restock,0.23008374426741687,0.2314179714032852,0.5384982843292979,-60.06533387462038,0.09479413018157715,1.0,0.0,inventory_sensor_noise
inventory,pg,19,310,0.983205366493887,0.8571243679878624,0.966286810882938,0.02779017995918326,2,high_restock,0.2339237673412122,0.23300627129731102,0.5330699613614768,-58.69900112408193,0.12604829612953575,1.0,0.0,inventory_sensor_noise
inventory,pg,19,311,0.9736240293025435,0.973183752079543,0.9973836017302936,-0.009082301623163421,2,high_restock,0.25111512168560424,0.233969788524276,0.5149150897901198,-56.85116598071183,0.09810662892282898,1.0,0.0,inventory_sensor_noise
inventory,pg,19,312,0.912255909302625,1.0,1.0,0.0625620128326266,2,high_restock,0.2807058708710625,0.24000252442337788,0.4792916047055595,-56.889320171971036,0.16024117259701837,1.0,0.0,inventory_sensor_noise
inventory,pg,19,313,0.9232197781134486,0.99996800139369,1.0,-0.09730363686128253,1,balanced_restock,0.2664997904442612,0.23832664100049109,0.4951735685552476,-56.56994279919045,0.13935165529105137,1.0,0.0,inventory_sensor_noise
inventory,pg,19,314,1.0,0.9619349390928775,1.0,0.012592530184845354,1,balanced_restock,0.2424889203415124,0.23143034373208035,0.5260807359264073,-56.32033314097999,0.048099785600562196,1.0,0.0,inventory_sensor_noise
inventory,pg,19,315,1.0,1.0,0.9965946138712436,0.041799444747516644,2,high_restock,0.24848443191681946,0.23184562554334517,0.5196699425398353,-54.805856355225224,0.13157529689474293,1.0,0.0,inventory_sensor_noise
inventory,pg,19,316,0.9829069448574665,1.0,0.9918515585591432,-0.08857459271830866,1,balanced_restock,0.24588651904299277,0.23268917034815856,0.5214243106088488,-54.34322131213011,0.10637444782044216,1.0,0.0,inventory_sensor_noise
inventory,pg,19,317,0.9619694705368669,1.0,1.0,0.015400155274957123,0,low_restock,0.2601096477279645,0.23529748297025152,0.5045928693017839,-56.544070744618196,0.16874835286248308,1.0,0.0,inventory_sensor_noise
inventory,pg,19,318,0.9488490928062796,0.8765763898031759,0.8856957106611243,0.017637154766420474,2,high_restock,0.2401752563129886,0.23727489154190398,0.5225498521451074,-55.587004247451,0.17794624513047685,1.0,0.0,inventory_sensor_noise
inventory,pg,19,319,0.8831339168471424,0.995741883307593,1.0,0.00866517609509551,0,low_restock,0.28722129638944427,0.2422486587201881,0.47053004489036754,-57.620125984062895,0.12201852510735306,1.0,0.0,inventory_sensor_noise
inventory,pg,19,320,0.9947635278805452,1.0,1.0,0.05774897028563031,2,high_restock,0.25151527772001847,0.23244520394910087,0.5160395183308807,-57.13661961815818,0.21083603171473386,1.0,0.0,inventory_sensor_noise
inventory,pg,19,321,0.9618002562536184,1.0,0.8804452234222411,-0.1127558988246325,2,high_restock,0.24244329135114182,0.23574627564307157,0.5218104330057866,-54.891155767184465,0.06790974872004764,1.0,0.0,inventory_sensor_noise
inventory,pg,19,322,0.9879014810897893,0.9725280937887626,0.9324774702655876,-0.09111335528590526,2,high_restock,0.23596415544358162,0.2324978622015419,0.5315379823548765,-51.52708254612213,0.08787930840551009,1.0,0.0,inventory_sensor_noise
inventory,pg,19,323,1.0,1.0,0.8873985645034628,-0.1603201852264572,1,balanced_restock,0.22764936275105377,0.23126903275846017,0.541081604490486,-51.04918508671878,0.09107071775320356,1.0,0.0,inventory_sensor_noise
inventory,pg,19,324,1.0,0.955157581404283,0.8288437639480084,-0.10689389527028376,0,low_restock,0.22095217382161356,0.23173225454722227,0.5473155716311643,-51.047595695978,0.23786073092290844,1.0,0.0,inventory_sensor_noise
inventory,pg,19,325,1.0,1.0,1.0,0.05207914543216263,2,high_restock,0.24940077770881247,0.2318941383032397,0.5187050839879478,-49.031689110855545,0.06803406906975354,1.0,0.0,inventory_sensor_noise
inventory,pg,19,326,0.9686905900492814,0.9547625480086508,1.0,0.09210324242455226,1,balanced_restock,0.25702805146515767,0.2350466326666319,0.5079253158682104,-47.05730355724176,0.053342349966011775,1.0,0.0,inventory_sensor_noise
inventory,pg,19,327,1.0,0.9567650879240034,0.9573063432982167,0.08590899834217915,0,low_restock,0.2426835670510092,0.23228747484744336,0.5250289581015475,-48.0092451347449,0.2867352230269206,1.0,0.0,inventory_sensor_noise
inventory,pg,19,328,0.9883139509955369,1.0,0.9688330605936526,-0.19707227586008166,2,high_restock,0.23576829349409126,0.23164712785163177,0.532584578654277,-45.096789918317555,0.31134115392726736,1.0,0.0,inventory_sensor_noise
inventory,pg,19,329,0.9234587842450719,0.9063125884664676,0.9790408054863666,0.09248875801513361,2,high_restock,0.26496204641225996,0.23942922021423263,0.49560873337350747,-43.16133195375127,0.10165895157938591,1.0,0.0,inventory_sensor_noise
inventory,pg,19,330,0.9175903511294975,1.0,1.0,0.05957242446362499,1,balanced_restock,0.2785886633741792,0.23953254165164975,0.4818787949741709,-40.88902971264596,0.12989607869845013,1.0,0.0,inventory_sensor_noise
inventory,pg,19,331,1.0,1.0,1.0,-0.040834950934173504,2,high_restock,0.24375421190760985,0.2312239462282401,0.52502184186415,-37.328404006680536,0.10572987461651143,1.0,0.0,inventory_sensor_noise
inventory,pg,19,332,1.0,0.9542985371810344,0.9235639587818174,0.016153769752662615,1,balanced_restock,0.2354396734407287,0.23196993346584052,0.5325903930934307,-35.68418151466184,0.09593883025250409,1.0,0.0,inventory_sensor_noise
inventory,pg,19,333,0.9654287600766038,1.0,0.8553823585142813,0.05181515224889246,0,low_restock,0.24907903900796066,0.23667891110738137,0.514242049884658,-36.749498749856286,0.17109868691305657,1.0,0.0,inventory_sensor_noise
inventory,pg,19,334,1.0,0.9935275366094747,0.9514753586161325,-0.085311915037676,0,low_restock,0.23633808099717932,0.23124363885912294,0.5324182801436977,-37.72079766426208,0.14020640755795424,1.0,0.0,inventory_sensor_noise
inventory,pg,19,335,0.9802721164259584,1.0,0.9548509383945977,0.053307564144774215,2,high_restock,0.2523479432450986,0.2342211562320644,0.5134309005228369,-36.64015252777936,0.052427639603726386,1.0,0.0,inventory_sensor_noise
inventory,pg,19,336,0.9279715431830222,1.0,0.9550349842831746,0.04966427442401491,2,high_restock,0.27037927008698465,0.23912630056696532,0.49049442934605,-35.18622336768632,0.15397010889138407,1.0,0.0,inventory_sensor_noise
inventory,pg,19,337,0.9665673192801842,1.0,0.8328485765242886,0.13503196303312304,2,high_restock,0.25190425326329624,0.23738145577114378,0.51071429096556,-33.93736116355908,0.18682605106296377,1.0,0.0,inventory_sensor_noise
inventory,pg,19,338,1.0,1.0,0.881442867928734,-0.04223851972858168,1,balanced_restock,0.23397156508529107,0.23215661640091703,0.5338718185137918,-34.0078181022122,0.19199673192416628,1.0,0.0,inventory_sensor_noise
inventory,pg,19,339,0.8378746618923902,0.9852728142021095,0.978921610868859,-0.012927694316443543,2,high_restock,0.29936466745966817,0.2461902066375203,0.4544451259028115,-32.86500699938385,0.40156464818569726,1.0,0.0,inventory_sensor_noise
inventory,pg,19,340,0.9546987398353015,0.8994785464519929,0.6325779740428081,0.12952135038592466,2,high_restock,0.22730501564376854,0.2401474333127927,0.5325475510434388,-31.03089524397478,0.2013476258560651,1.0,0.0,inventory_sensor_noise
inventory,pg,19,341,1.0,0.9446728970085869,0.8075154036849024,0.05308164438603678,1,balanced_restock,0.2270922257033238,0.2330962843879376,0.5398114899087386,-30.311219611035305,0.20671660659722882,1.0,0.0,inventory_sensor_noise
inventory,pg,19,342,0.9266494737623139,0.9537807423358443,1.0,0.03831062280198048,2,high_restock,0.2681489107133334,0.23863084057404624,0.49322024871262027,-27.91518213696901,0.11660275252590238,1.0,0.0,inventory_sensor_noise
inventory,pg,19,343,0.8994085105490108,0.969233633775678,0.9148131957013896,0.11151272891490102,0,low_restock,0.277206482690548,0.24249335636715558,0.48030016094229655,-29.394144203689798,0.08815041289890944,1.0,0.0,inventory_sensor_noise
inventory,pg,19,344,0.9725526265306935,0.944564078757766,0.8962219821603696,0.149803895334805,2,high_restock,0.24916447253491886,0.23600653044734224,0.5148289970177389,-29.144430571257093,0.104987990000452,1.0,0.0,inventory_sensor_noise
inventory,pg,19,345,1.0,1.0,0.9647503814123609,0.09980552670185923,2,high_restock,0.2493300478740186,0.2325394224877522,0.5181305296382293,-28.37370711675529,0.089967958608429,1.0,0.0,inventory_sensor_noise
inventory,pg,19,346,1.0,0.9605699565208236,1.0,0.027025243404634986,0,low_restock,0.24319650043664565,0.23153338888967645,0.5252701106736779,-29.75388601370517,0.1969769505595617,1.0,0.0,inventory_sensor_noise
inventory,pg,19,347,1.0,1.0,0.8074867392034318,0.013466661603915733,2,high_restock,0.23133775075686064,0.23321962078474764,0.5354426284583919,-28.43888587630664,0.2140381301449479,1.0,0.0,inventory_sensor_noise
inventory,pg,19,348,0.9065392366766879,1.0,1.0,0.009460255178946829,2,high_restock,0.27931876865071775,0.2402680012545643,0.4804132300947179,-26.18931523801917,0.11520065317775613,1.0,0.0,inventory_sensor_noise
inventory,pg,19,349,0.978198794903304,1.0,1.0,-0.08074006747761509,2,high_restock,0.24862087187812693,0.23313895598948473,0.5182401721323884,-25.20660607195775,0.12532298954791427,1.0,0.0,inventory_sensor_noise
inventory,pg,19,350,1.0,1.0,1.0,0.04267208413460836,2,high_restock,0.24882602684648178,0.2318249915203869,0.5193489816331313,-23.68902481154926,0.13298779479625136,1.0,0.0,inventory_sensor_noise
inventory,pg,19,351,0.9735976748800247,0.9786967085995725,1.0,-0.0859157868662658,1,balanced_restock,0.24730973536057585,0.2334791167677755,0.5192111478716487,-24.435051421218063,0.06419477156713252,1.0,0.0,inventory_sensor_noise
inventory,pg,19,352,1.0,1.0,1.0,-0.031417569461254125,2,high_restock,0.24432302962183525,0.23129046558102914,0.5243865047971356,-23.047480445051853,0.20131579042953301,1.0,0.0,inventory_sensor_noise
inventory,pg,19,353,1.0,0.8410482829020605,0.9875814367685123,0.0914977607264397,2,high_restock,0.23219724794374735,0.2315659571744133,0.5362367948818393,-21.47091599889203,0.21980381378473215,1.0,0.0,inventory_sensor_noise
inventory,pg,19,354,0.9955698867707325,0.9196699681422948,0.8136311113255353,-0.01737834105607725,2,high_restock,0.22211529175698347,0.23275271233154513,0.5451319959114714,-19.91045927912157,0.37099787679112534,1.0,0.0,inventory_sensor_noise
inventory,pg,19,355,1.0,1.0,0.4522774268604992,0.006919794378191457,2,high_restock,0.20511124436377998,0.2368303791963934,0.5580583764398266,-19.138341927673178,0.6141945277142938,1.0,0.0,inventory_sensor_noise
inventory,pg,19,356,0.8009842537330272,0.8356502185273216,1.0,-0.09611797935218101,2,high_restock,0.2897621076091422,0.24944031842259717,0.46079757396826065,-16.197509701473827,0.3120904224962194,1.0,0.0,inventory_sensor_noise
inventory,pg,19,357,1.0,1.0,1.0,0.0793309131537321,0,low_restock,0.25106884234264554,0.23209589952347165,0.5168352581338829,-18.858001928016865,0.2661492140331558,1.0,0.0,inventory_sensor_noise
inventory,pg,19,358,1.0,1.0,0.9034317802584821,-0.1686811491868333,1,balanced_restock,0.228428231800755,0.23108604871867927,0.5404857194805657,-19.30133920058752,0.22501277952838902,1.0,0.0,inventory_sensor_noise
inventory,pg,19,359,0.9717897197476061,0.9938538176783452,1.0,0.03249473012774977,2,high_restock,0.2570382094754737,0.23445891261387744,0.5085028779106489,-18.04825168589146,0.06968077562386747,1.0,0.0,inventory_sensor_noise
inventory,pg,19,360,0.9739581499005077,0.9361376165512688,1.0,-0.006486656836731263,2,high_restock,0.24696164906342818,0.23380024467671418,0.5192381062598577,-14.665487811829475,0.07624714304646715,1.0,0.0,inventory_sensor_noise
inventory,pg,19,361,1.0,1.0,1.0,0.026025569269630948,2,high_restock,0.24781044022833304,0.2317032806936257,0.5204862790780412,-11.490991655331268,0.06458960709302573,1.0,0.0,inventory_sensor_noise
inventory,pg,19,362,1.0,1.0,0.93917897197006,0.004285746505572197,2,high_restock,0.24141696594923748,0.23202888899031615,0.5265541450604463,-9.901669558543055,0.07420002877384718,1.0,0.0,inventory_sensor_noise
inventory,pg,19,363,0.9735728304319708,0.9726445498390243,1.0,-0.014680826050743907,2,high_restock,0.25094558246173043,0.23391350163803154,0.515140915900238,-8.32609101431676,0.1251133360994999,1.0,0.0,inventory_sensor_noise
inventory,pg,19,364,1.0,1.0,0.985894988320221,0.10367321727086269,2,high_restock,0.25135938712169453,0.23239364429987253,0.516246968578433,-4.721161498116987,0.10553362798270544,1.0,0.0,inventory_sensor_noise
inventory,pg,19,365,0.9781029367394959,1.0,0.9692097109623592,0.0017935491557339877,2,high_restock,0.25112918211484614,0.2339530698198543,0.5149177480652996,-1.3192611029274053,0.11199143059813618,1.0,0.0,inventory_sensor_noise
inventory,pg,19,366,1.0,0.9937100301386389,1.0,0.1070313443060712,0,low_restock,0.25200759955547,0.23227960113142135,0.5157127993131086,-1.5878878208066791,0.09703920553100041,1.0,0.0,inventory_sensor_noise
inventory,pg,19,367,1.0,1.0,0.9057081037258523,0.08498407721338413,0,low_restock,0.24349478192524465,0.23292321161976692,0.5235820064549884,-2.1610844869957297,0.10095678016121155,1.0,0.0,inventory_sensor_noise
inventory,pg,19,368,1.0,1.0,0.9996153750563569,0.04792067408066854,2,high_restock,0.24911401704320693,0.2318665925080265,0.5190193904487665,-0.6283065245370938,0.909667852687822,1.0,0.0,inventory_sensor_noise
inventory,pg,19,369,0.0943380987657085,1.0,0.9143688360130948,0.05019013381969683,0,low_restock,0.5897566341483195,0.24634344754082102,0.16389991831085943,-1.3530324618966834,0.907456900243267,1.0,0.0,inventory_sensor_noise
inventory,pg,19,370,1.0,0.9919441523957078,0.9703167133133566,0.04247749505087968,2,high_restock,0.24534701073020765,0.2320224160809775,0.5226305731888149,-1.0201422759262693,1.1122367575787064,1.0,0.0,inventory_sensor_noise
inventory,pg,19,371,-0.11194833955147844,0.9847650295244019,0.9560807885704179,0.06215727450636031,0,low_restock,0.6534031880410893,0.22946383429527611,0.1171329776636344,-0.4265308117663162,1.0853162434806836,1.0,0.0,inventory_sensor_noise
inventory,pg,19,372,0.953565067919236,1.0,0.9421915258668008,-0.14319001892437222,2,high_restock,0.2483806613634968,0.23579399516750202,0.5158253434690012,-1.0546258621525118,1.008712575220509,1.0,0.0,inventory_sensor_noise
inventory,pg,19,373,0.04586635290368256,0.9293298281072335,1.0,0.28721445281139224,0,low_restock,0.6149418133831176,0.2378485405761895,0.14720964604069275,-0.606025599707213,1.0217465367727967,1.0,0.0,inventory_sensor_noise
inventory,pg,19,374,1.0,0.9821148991127775,0.9354276343099833,-0.0686494463888757,0,low_restock,0.2346787340056675,0.23141259941850648,0.533908666575826,-2.6229302286124048,0.022562876539796866,1.0,0.0,inventory_sensor_noise
inventory,pg,19,375,1.0,1.0,0.9490515764293236,-0.07054543297449675,0,low_restock,0.23777129652012036,0.23140674665797611,0.5308219568219036,-4.218942323341755,0.025060164106153623,1.0,0.0,inventory_sensor_noise
inventory,pg,19,376,0.9945847148738611,1.0,0.9694008661952266,-0.05695893533701545,0,low_restock,0.24204100076042098,0.23190005961567614,0.5260589396239028,-4.966617256836364,0.2184972196308137,1.0,0.0,inventory_sensor_noise
inventory,pg,19,377,1.0,0.8273546165356187,0.9203403222671829,0.0675334108988873,2,high_restock,0.2236620175552079,0.2316279090696548,0.5447100733751373,-3.2192564201771097,0.29720895373340345,1.0,0.0,inventory_sensor_noise
inventory,pg,19,378,1.0,1.0,1.0,-0.1608983502273729,2,high_restock,0.23659559224651047,0.23041076025896975,0.5329936474945197,-1.3555222861042173,0.08995917569523167,1.0,0.0,inventory_sensor_noise
inventory,pg,19,379,1.0,0.981028269634483,0.9762231271089318,-0.07623792822142218,1,balanced_restock,0.23744005416610525,0.2310488098813097,0.531511135952585,-1.8497742813641174,0.09959283484547428,1.0,0.0,inventory_sensor_noise
inventory,pg,19,380,1.0,1.0,1.0,0.018595960842656703,0,low_restock,0.24735781262038317,0.23164924298611012,0.5209929443935067,-5.246389824483672,0.10613654262651552,1.0,0.0,inventory_sensor_noise
inventory,pg,19,381,0.9737008480672299,1.0,0.9099614063384892,0.06825854172388528,2,high_restock,0.25175396508221143,0.23540163559003743,0.5128443993277512,-3.7810027523772467,0.17280703967851951,1.0,0.0,inventory_sensor_noise
inventory,pg,19,382,0.8205387606619601,0.9825817902742691,0.9555135933604713,0.0048136666623113025,2,high_restock,0.30473342133267606,0.2479580725115168,0.4473085061558072,-2.5980509031414987,0.17040172040872098,1.0,0.0,inventory_sensor_noise
inventory,pg,19,383,0.9834470029981156,0.9947754890077358,0.9747051094700164,-0.03969083106332151,1,balanced_restock,0.24662026652582975,0.2330754146735118,0.5203043188006585,-4.2105793732382475,0.07692881435442597,1.0,0.0,inventory_sensor_noise
inventory,pg,19,384,0.9143578533647799,1.0,1.0,-0.017836658031880902,0,low_restock,0.27474210852248554,0.23947177467214645,0.48578611680536793,-8.355660906479278,0.10625473551009904,1.0,0.0,inventory_sensor_noise
inventory,pg,19,385,0.9855628198851162,1.0,0.9215433773115043,-0.009806719210575172,0,low_restock,0.24394403953540655,0.2335568868019427,0.5224990736626507,-12.383400886681311,0.08832433989042796,1.0,0.0,inventory_sensor_noise
inventory,pg,19,386,1.0,0.9787357816676744,1.0,-0.04119379015452356,0,low_restock,0.2412308727853296,0.23111532618726172,0.5276538010274088,-14.868701588154751,0.1155905402605233,1.0,0.0,inventory_sensor_noise
inventory,pg,19,387,1.0,0.9029509966467156,1.0,0.046086444475355405,2,high_restock,0.23763374838704412,0.2314127294542443,0.5309535221587116,-15.08081796925098,0.11701423166554437,1.0,0.0,inventory_sensor_noise
inventory,pg,19,388,1.0,1.0,0.9897527736428141,-0.01847992225219464,1,balanced_restock,0.2442478475276203,0.23146160728111262,0.524290545191267,-16.400246338773897,0.06298950588097554,1.0,0.0,inventory_sensor_noise
inventory,pg,19,389,0.9917966765069668,1.0,0.9277265095757437,-0.011191170597751607,2,high_restock,0.24228103178897809,0.23285381570601202,0.5248651525050099,-14.91681589892254,0.09174355928324804,1.0,0.0,inventory_sensor_noise
inventory,pg,19,390,0.9235708200032844,1.0,0.9276861274713286,0.05014488359212457,0,low_restock,0.2696573808508316,0.23986827780283287,0.4904743413463356,-17.674233646939452,0.19056609602513294,1.0,0.0,inventory_sensor_noise
inventory,pg,19,391,1.0,0.9706223457671412,1.0,-0.1060014409594687,2,high_restock,0.23643488613442765,0.23061205574189328,0.5329530581236791,-17.51446924053841,0.27900527120401347,1.0,0.0,inventory_sensor_noise
inventory,pg,19,392,1.0,0.9549661104895134,0.9585031740314892,0.16945606409547764,1,balanced_restock,0.24759932144513944,0.232947064571535,0.5194536139833256,-18.822973945711745,0.12243697774615095,1.0,0.0,inventory_sensor_noise
inventory,pg,19,393,1.0,0.9836526435773483,0.9483303333138581,0.05086260031797546,2,high_restock,0.24302314386144755,0.2322185935716539,0.5247582625668985,-16.66506575775432,0.11136896964689258,1.0,0.0,inventory_sensor_noise
inventory,pg,19,394,0.908376412173549,1.0,0.9157882284921091,-0.000924858644404556,2,high_restock,0.2708360545885196,0.2411719362889991,0.4879920091224814,-14.849841708151263,0.14679009757242376,1.0,0.0,inventory_sensor_noise
inventory,pg,19,395,1.0,0.9352837993119099,1.0,-0.044198890200661534,2,high_restock,0.23601317338343952,0.2308682900509878,0.5331185365655726,-13.354504630428483,0.12910558483934093,1.0,0.0,inventory_sensor_noise
inventory,pg,19,396,0.969724737075279,1.0,0.9028693525965542,0.0019434027097866824,1,balanced_restock,0.2484769647696007,0.2354229933381515,0.5161000418922478,-12.226989152437918,0.1559415794215677,1.0,0.0,inventory_sensor_noise
inventory,pg,19,397,0.8853815428810228,0.8955974089813836,0.9328245830257672,0.0754742461983213,2,high_restock,0.2720423330349523,0.24338761046284393,0.48457005650220375,-10.844007451831907,0.1996415744009641,1.0,0.0,inventory_sensor_noise
inventory,pg,19,398,1.0,0.825351405479406,1.0,-0.055949990011363304,1,balanced_restock,0.22304233209228388,0.23016202399209057,0.5467956439156256,-11.105819030817154,0.16866238752322718,1.0,0.0,inventory_sensor_noise
inventory,pg,19,399,1.0,0.8929958000215648,0.959569010439106,0.09316933112170418,0,low_restock,0.23584785276093556,0.23200792209385013,0.5321442251452143,-12.72787115638204,0.05208707286263173,1.0,0.0,inventory_sensor_noise
inventory,pg,19,400,1.0,0.8601623928300602,1.0,0.09256467029045323,2,high_restock,0.23547925890381388,0.23159971516584088,0.5329210259303452,-11.59241528615517,0.2542800129106956,1.0,0.0,inventory_sensor_noise
inventory,pg,19,401,0.9746393074704841,0.9579772913444239,1.0,-0.14077500886616087,2,high_restock,0.2412199134240366,0.23294450511642012,0.5258355814595432,-8.182449217869365,23.621698078639305,0.0,0.0,none
inventory,pg,19,402,21.835569193912477,11.985977180246541,2.0814921352449116,0.0,1,balanced_restock,0.0046686924464442526,0.03655472737446814,0.9587765801790876,-6.48576314267247,4.50816247453034,0.0,0.0,none
inventory,pg,19,403,17.502180407635628,10.812431823337464,2.491445570418612,0.0,2,high_restock,0.0052668816536022055,0.03713216622269082,0.957600952123707,-4.910467511170592,5.0157136779696225,0.0,0.0,none
inventory,pg,19,404,12.487050031915977,10.756941988773393,2.438796808175853,0.0,2,high_restock,0.006967543100405188,0.03864839938119468,0.9543840575184,-2.107581457493419,8.011590976600246,0.0,0.0,none
inventory,pg,19,405,4.478804164266911,10.525548743492216,2.445524784272872,0.0,1,balanced_restock,0.3353010209960822,0.18690076320284624,0.4777982158010715,-0.5573320256276528,4.806557134933562,0.0,0.0,none
inventory,pg,19,406,0.0,8.791004058127914,2.6283300826151597,0.035237861719223725,2,high_restock,0.825980284534991,0.1298519116075356,0.04416780385747342,-1.4982030008199008,0.14377739660716093,0.0,0.0,none
inventory,pg,19,407,0.0,8.83737865916775,2.620537202384365,0.1711076787178394,0,low_restock,0.8288523590824334,0.1281652037651474,0.04298243715241935,-1.0052420578095085,0.02376440309465537,0.0,0.0,none
inventory,pg,19,408,0.0,8.836458773949104,2.6209487894979593,0.14736465318026934,0,low_restock,0.828351500112444,0.12847944889425972,0.04316905099329644,-0.531021855524053,0.392832829305626,0.0,0.0,none
inventory,pg,19,409,0.0,8.625035354806673,2.3008758319060014,0.06268247420072376,0,low_restock,0.8234437806558855,0.13335350273785054,0.04320271660626386,-1.2149061575935507,3.109388218019208,0.0,0.0,none
inventory,pg,19,410,2.9568747359815735,9.295614114342934,2.987594057059122,0.0,0,low_restock,0.5535401508540778,0.1860946414539601,0.26036520769196214,-1.55782831261625,1.159930111234489,0.0,0.0,none
inventory,pg,19,411,3.9366523217607146,9.680660528421274,2.5005488801415563,0.0,2,high_restock,0.3812652599677103,0.18985320835156685,0.42888153168072285,-0.7296129535688906,3.9886776459400473,0.0,0.0,none
inventory,pg,19,412,0.0,10.321475118127525,2.5235284288138797,0.03385945599444474,0,low_restock,0.8230666975775248,0.13508214712351396,0.04185115529896135,-1.9904613829912883,5.306938269094751,0.0,0.0,none
inventory,pg,19,413,5.172746808546538,11.49765450623308,2.3760840973209607,0.0,0,low_restock,0.27741152942160113,0.17966328703717652,0.5429251835412223,-2.7205083074317646,2.2478795574200157,0.0,0.0,none
inventory,pg,19,414,7.258595164090757,10.729273671628283,2.7104342660846723,0.0,2,high_restock,0.03610220262518451,0.07203044167580969,0.8918673556990058,-0.6978610024673007,6.827519303124871,0.0,0.0,none
inventory,pg,19,415,0.4510314356208589,10.298831339927855,2.4157898762788568,0.0,0,low_restock,0.805416430725656,0.14397797839944415,0.05060559087489983,-1.1853056496749426,2.463805206734095,0.0,0.0,none
inventory,pg,19,416,2.872301856214122,10.58712990689068,2.06270407455732,0.0,2,high_restock,0.6267940892444925,0.19705685858262947,0.17614905217287788,-0.831491149762004,2.8731534744042113,0.0,0.0,none
inventory,pg,19,417,0.0,10.545304509517218,2.041867552909549,0.052051991028929274,0,low_restock,0.815827738630453,0.14327937191804105,0.040892889451506,-1.63021062668581,4.1447119705250595,0.0,0.0,none
inventory,pg,19,418,4.143458933388029,10.5941424249683,2.114605673485909,0.0,2,high_restock,0.4157630153912204,0.2014866324734574,0.3827503521353222,-1.02475513375755,3.1159060278088564,0.0,0.0,none
inventory,pg,19,419,1.385014667878714,12.025283900757591,2.3419593285917673,0.0,0,low_restock,0.763446294633515,0.165603391659336,0.07095031370714906,-2.823526108692019,6.17111376780889,0.0,0.0,none
inventory,pg,19,420,7.552931739120055,12.22038006069984,2.304789099834575,0.0,2,high_restock,0.04773906448611979,0.08526574124758309,0.866995194266297,-2.3403133956916156,2.8848017007307396,0.0,0.0,none
inventory,pg,19,421,5.1437525591189015,13.654290140580958,1.6252021561671244,0.0,2,high_restock,0.4414179139217898,0.22273827477848077,0.3358438112997294,-1.3024006377320814,3.0716374105661504,0.0,0.0,none
inventory,pg,19,422,2.1782875363773755,14.364385381680483,1.255420694417168,0.0,0,low_restock,0.7108337244289272,0.2056477788282797,0.08351849674279319,-3.6489401845951424,7.732979429116986,0.0,0.0,none
inventory,pg,19,423,9.911257670271835,14.35355974737676,1.260574827193955,0.0,2,high_restock,0.01919747853879916,0.059843843228257886,0.920958678232943,-2.9569361860122045,3.0062960044020204,0.0,0.0,none
inventory,pg,19,424,6.905531960034871,14.304103458431232,1.2292268386175802,0.0,2,high_restock,0.20766816782305383,0.18654710754692336,0.6057847246300229,-2.7514784007562274,1.2025436664748408,0.0,0.0,none
inventory,pg,19,425,6.318509716446364,15.353115595465264,1.1962163604877007,0.0,1,balanced_restock,0.3642056626296098,0.22907169214700818,0.40672264522338203,-4.41957800088164,5.296298848372804,0.0,0.0,none
inventory,pg,19,426,11.598794288233258,15.69100834582287,1.4311734235442648,0.0,2,high_restock,0.013038671404207476,0.049277288011429166,0.9376840405843634,-3.269700836984684,3.8049327385675444,0.0,0.0,none
inventory,pg,19,427,7.799145248527669,15.524171542430059,1.542285084143762,0.0,2,high_restock,0.1623596933817342,0.16534750998567302,0.6722927966325928,-2.9212762140687256,1.2115089876691045,0.0,0.0,none
inventory,pg,19,428,6.803646325910645,16.178477731127764,1.3217871619239676,0.0,0,low_restock,0.3394272151903086,0.22435297202462745,0.4362198127850639,-5.329454185569835,7.915798056817606,0.0,0.0,none
inventory,pg,19,429,14.712726244485246,15.961438856890078,1.5651137839508216,0.0,2,high_restock,0.007490760335546446,0.039514195290862836,0.9529950443735907,-4.234541510954445,4.217776449392649,0.0,0.0,none
inventory,pg,19,430,10.555832888441273,15.24746463439898,1.5543150272184658,0.0,2,high_restock,0.018049511879728714,0.057280154705814,0.9246703334144574,-1.9536163122943928,6.62230009725577,0.0,0.0,none
inventory,pg,19,431,4.038903749412551,14.088021892235858,1.754778746223663,0.0,0,low_restock,0.5901035535674369,0.21999326559571983,0.1899031808368433,-4.12187163456127,7.226292994206811,0.0,0.0,none
inventory,pg,19,432,11.262490384460772,13.892669027186619,1.7855004355034405,0.0,2,high_restock,0.010462050648452985,0.04389793567898735,0.9456400136725597,-1.4084798771081464,8.918110568345089,0.0,0.0,none
inventory,pg,19,433,2.481371077451847,12.335544950308241,1.7876062629212424,0.0,0,low_restock,0.6926876580205413,0.19588373610859983,0.11142860587085877,-4.211402516677991,9.04290724778932,0.0,0.0,none
inventory,pg,19,434,11.518292904794261,12.561113332061803,2.027052047548831,0.0,2,high_restock,0.00863231928896215,0.040711454189303733,0.9506562265217342,-2.026920636078973,7.296569055061788,0.0,0.0,none
inventory,pg,19,435,4.248344674511351,11.938502357214016,2.0157260468977287,0.0,0,low_restock,0.48435761653369847,0.21051440724114434,0.30512797622515725,-3.1204239915587793,4.1632979691631204,0.0,0.0,none
inventory,pg,19,436,8.401211404453655,11.67246153100822,2.142099233008618,0.0,2,high_restock,0.020141494315892704,0.05728790096592709,0.9225706047181803,-1.9597638079246231,4.346139078330114,0.0,0.0,none
inventory,pg,19,437,4.056468022641781,11.758795527636202,2.210482530796089,0.0,0,low_restock,0.5029878440226933,0.20632388846758454,0.29068826750972226,-3.6474841989218354,5.887072815296186,0.0,0.0,none
inventory,pg,19,438,9.907097711205244,12.28514532675068,1.8222629165681339,0.0,2,high_restock,0.011696428620593117,0.04582127234934066,0.9424822990300662,-1.0709817120096745,8.468778148565503,0.0,0.0,none
inventory,pg,19,439,1.5170906057419273,11.199759540189532,1.4350655583299168,0.0,0,low_restock,0.7405806872690222,0.1835394668353859,0.07587984589559185,-2.997236573355091,6.542383929248738,0.0,0.0,none
inventory,pg,19,440,8.049247352443118,11.560180535586353,1.4968103580739598,0.0,2,high_restock,0.022461547362998813,0.06269419853181249,0.9148442541051888,-0.60533413465731,7.86257954315979,0.0,0.0,none
inventory,pg,19,441,0.1866689561637429,11.557091510342017,1.4997245987480536,0.0,0,low_restock,0.7955825892917786,0.160499501729127,0.043917908979094464,-2.361072994162289,6.063885235190415,0.0,0.0,none
inventory,pg,19,442,6.231637126177969,11.235033820707239,1.1456867284258492,0.0,1,balanced_restock,0.10128919442013676,0.13308082382390682,0.7656299817559564,-0.8408310787386484,5.009044360019447,0.0,0.0,none
inventory,pg,19,443,1.373803082110424,10.293341074181035,1.9236253970115773,0.0,0,low_restock,0.7535545989147245,0.1695051179261631,0.07694028315911236,-2.5087265213786583,5.290252328920998,0.0,0.0,none
inventory,pg,19,444,6.653504346796167,10.627282748210849,1.9209388237348846,0.0,0,low_restock,0.04978108032414119,0.08804309511656935,0.8621758245592894,-4.827911228004989,6.6262957910096265,0.0,0.0,none
inventory,pg,19,445,13.279746365728542,10.646099802657085,1.9398738428489928,0.0,1,balanced_restock,0.006298477809042084,0.0381903751726875,0.9555111470182704,-3.739740080653747,3.6464102305960107,0.0,0.0,none
inventory,pg,19,446,9.656400230439278,10.293946254855106,2.148819367926906,0.0,2,high_restock,0.009683691239858523,0.04223080107133575,0.9480855076888056,-1.6299433973373798,6.54387636950103,0.0,0.0,none
inventory,pg,19,447,3.114123992392514,10.176497373242908,2.0642893459778926,0.0,1,balanced_restock,0.5782975118980003,0.20096043173359918,0.22074205636840052,-1.9553465752740649,1.9469414598705361,0.0,0.0,none
inventory,pg,19,448,4.558133072211614,11.436865998020235,1.7223979081796923,0.0,0,low_restock,0.40300466548540487,0.21052826232887706,0.3864670721857179,-3.428799780988048,4.725520952096715,0.0,0.0,none
inventory,pg,19,449,9.28228508853728,11.325756148348223,1.7467001026700055,0.0,2,high_restock,0.01190921054361557,0.04628355393054863,0.9418072355258357,-1.8452779731493227,5.553093118674487,0.0,0.0,none
inventory,pg,19,450,3.7293656375694937,11.289923854368192,1.7213071421950221,0.0,0,low_restock,0.5371452276889713,0.21389371418914288,0.24896105812188585,-2.087546400650027,1.7406296038241151,0.0,0.0,none
inventory,pg,19,451,5.450132573285792,11.158746468569301,1.9483425229386513,0.0,0,low_restock,0.20569118172345177,0.1666348734003225,0.6276739448762257,-2.866134690129291,2.3367345000195567,0.0,0.0,none
inventory,pg,19,452,7.674670543226545,10.512109310166807,2.254315281933088,0.0,2,high_restock,0.022340831776802815,0.05927500527518684,0.9183841629480104,-1.9648986835893845,3.618238632709579,0.0,0.0,none
inventory,pg,19,453,4.07113909596967,10.70260120475161,2.51874816559233,0.0,2,high_restock,0.43078088049091884,0.19601711942773536,0.37320200008134585,-0.7272916504267339,3.638151216601939,0.0,0.0,none
inventory,pg,19,454,0.5351190012192397,11.45056678253639,2.9349856685067217,0.0,0,low_restock,0.808092171122926,0.14038574105494595,0.05152208782212798,-1.77778375786843,4.058871477138797,0.0,0.0,none
inventory,pg,19,455,4.565096451052657,10.967146162696633,2.9300942393937355,0.0,1,balanced_restock,0.3447599862391606,0.18277124188614605,0.47246877187469327,-3.22024246109646,3.9371104957297716,0.0,0.0,none
inventory,pg,19,456,8.172121317418458,12.544397748826531,2.8802133507186083,0.0,2,high_restock,0.03624760255094346,0.07272362292265384,0.8910287745264027,-0.896549078655906,7.204256448103812,0.0,0.0,none
inventory,pg,19,457,1.0187116533025886,13.068808222015207,2.2056506753584437,0.0,2,high_restock,0.7762746858544791,0.16537599998011096,0.05834931416540991,-0.5468925646882502,1.2304467856505987,0.0,0.0,none
inventory,pg,19,458,0.0,13.56854076908544,2.6815621442644026,0.0012308151229018247,0,low_restock,0.8149762667054918,0.14442719021987108,0.04059654307463712,-4.298721034665848,11.798709968284546,0.0,0.0,none
inventory,pg,19,459,11.76777438475957,14.246531076708067,3.2005713666849083,0.0,2,high_restock,0.011142843020612192,0.04320515136813434,0.9456520056112535,-3.5840264090394944,3.3180306044894947,0.0,0.0,none
inventory,pg,19,460,8.697218311541413,15.22642437209775,2.412649020763458,0.0,1,balanced_restock,0.06746095235950206,0.10272619998223478,0.8298128476582631,-3.8419335736784377,1.34124199392762,0.0,0.0,none
inventory,pg,19,461,9.948381639081251,14.755252064332558,2.519966635764903,0.0,2,high_restock,0.022471731593152085,0.060415790862228654,0.9171124775446192,-3.69291583829639,1.7715207806146742,0.0,0.0,none
inventory,pg,19,462,9.008330966561115,15.997923862651703,1.6771396007771044,0.0,2,high_restock,0.07398914643581206,0.11450366893940611,0.8115071846247819,-3.670664400039349,0.267795151215576,0.0,0.0,none
inventory,pg,19,463,8.944755428683855,16.206182497457398,1.833026531040865,0.0,1,balanced_restock,0.08474642665701715,0.1207618259468151,0.7944917473961678,-3.557163351914543,1.2003591372206708,0.0,0.0,none
inventory,pg,19,464,9.134752434041552,15.073395609856396,2.181676876721886,0.0,2,high_restock,0.04388228837406115,0.08497744740140971,0.8711402642245291,-2.5393317500557884,3.4231115319861622,0.0,0.0,none
inventory,pg,19,465,5.712376428730824,15.003031623437883,2.190839196588226,0.0,0,low_restock,0.4176364068397572,0.213318611742216,0.3690449814180267,-5.601830785487529,9.793246082055571,0.0,0.0,none
inventory,pg,19,466,15.490945101392942,15.508512692462338,2.012647090742583,0.0,1,balanced_restock,0.0069189536148653525,0.038588841135242746,0.9544922052498918,-7.320229902516802,4.398290826848272,0.0,0.0,none
inventory,pg,19,467,19.886371150048006,15.375608036697377,1.9258807331022054,0.0,2,high_restock,0.005733474687068032,0.03760739576931294,0.956659129543619,-4.72295794644689,8.101251366479657,0.0,0.0,none
inventory,pg,19,468,11.951308418419686,13.801310597947165,2.357900087247752,0.0,1,balanced_restock,0.00933512642571036,0.041353271777620035,0.9493116017966696,-5.932412516453205,4.041335906738748,0.0,0.0,none
inventory,pg,19,469,15.921178618437729,14.557285236879235,2.325824373754074,0.0,2,high_restock,0.006546333686855496,0.03820680370214523,0.9552468626109993,-4.7440507396736376,3.9108261093813623,0.0,0.0,none
inventory,pg,19,470,12.01157354192468,14.45983942263877,2.3331262097815455,0.0,2,high_restock,0.009911947294122583,0.04226527733407094,0.9478227753718066,-3.7638512194438696,2.8034961393851265,0.0,0.0,none
inventory,pg,19,471,9.211003484125342,14.344011676546481,2.2785195422371336,0.0,2,high_restock,0.030745730120347384,0.07075289308117967,0.8985013767984729,-0.66697249903678,8.979208293221609,0.0,0.0,none
inventory,pg,19,472,0.36277856867651437,12.895281483725702,2.7646041512300212,0.0,0,low_restock,0.8085867899476089,0.14513343358085518,0.04627977647153581,-2.032664900462018,4.936188352858054,0.0,0.0,none
inventory,pg,19,473,5.2933282870343366,13.068403973722932,2.6044057331658115,0.0,2,high_restock,0.36423750215629297,0.19444420010198585,0.4413182977417212,-0.5856276519697394,5.366631544736723,0.0,0.0,none
inventory,pg,19,474,0.0,12.301695146388104,2.1645182814591477,0.008147794994596325,0,low_restock,0.8109367029115134,0.14837998092637172,0.04068331616211482,-2.727496125476453,7.278824832293565,0.0,0.0,none
inventory,pg,19,475,7.278560358504151,12.253397363315894,2.126426492154939,0.0,1,balanced_restock,0.061077236438972345,0.09699683999459473,0.8419259235664328,-2.0503112026337886,2.727031982306739,0.0,0.0,none
inventory,pg,19,476,4.829460578953682,11.123691418965668,1.7234647301607902,0.0,2,high_restock,0.3246935264953073,0.1992239038689627,0.47608256963573,-0.6131069159582907,4.699509156389737,0.0,0.0,none
inventory,pg,19,477,0.20887690273797332,11.969219666812291,1.5796774422201771,0.0,0,low_restock,0.7949040254621189,0.1609510425781275,0.04414493195975342,-1.5778347521654414,3.7973463551544877,0.0,0.0,none
inventory,pg,19,478,3.9938135776155477,11.740097058116243,1.7836297365345117,0.0,2,high_restock,0.5174637716012888,0.21465887008742188,0.2678773583112894,-0.651141188185593,3.995143031063581,0.0,0.0,none
inventory,pg,19,479,0.0,11.836216159460365,1.8150649893160578,0.019846640747427306,0,low_restock,0.8065607146097422,0.15268827386987907,0.040751011520378855,-2.1186484078667425,5.544861776799577,0.0,0.0,none
inventory,pg,19,480,5.538995451047835,11.652087018508738,1.6397821111225552,0.0,1,balanced_restock,0.23207347472374043,0.18088013387436652,0.587046391401893,-0.42445948706029424,5.733030857258098,0.0,0.0,none
inventory,pg,19,481,0.0,10.872959166558527,2.8967624210024097,0.011510622689338262,0,low_restock,0.8260502364858584,0.13170482805873474,0.0422449354554069,-0.19273609966221533,1.349319489462332,0.0,0.0,none
inventory,pg,19,482,0.0,9.526384370296867,2.982284892457552,0.002274303511109884,1,balanced_restock,0.8280751700294897,0.12758529675944721,0.04433953321106297,-0.7252166456133512,0.4516303857272798,0.0,0.0,none
inventory,pg,19,483,0.0,9.088195670443513,3.0717211999334553,0.06521725814524129,0,low_restock,0.8299403588377708,0.1251004609339185,0.0449591802283106,-0.2655628429894554,0.8044240776621905,0.0,0.0,none
inventory,pg,19,484,0.0,8.463945862990343,2.5668286837564804,0.015279079105259896,1,balanced_restock,0.8249694280011025,0.1302925634956556,0.04473800850324189,-0.5129937919955269,0.6839739247796064,0.0,0.0,none
inventory,pg,19,485,0.0,8.109716429801615,1.9818527466796247,0.02732031999920123,0,low_restock,0.8192414831663278,0.13731087416104715,0.04344764267262498,-1.0847099796283708,2.773793552846708,0.0,0.0,none
inventory,pg,19,486,2.5848856560810596,9.078125848866948,1.7103134014991557,0.0,0,low_restock,0.6142328053129342,0.20034815307141698,0.1854190416156488,-2.0894926382685624,2.9418880387455992,0.0,0.0,none
inventory,pg,19,487,5.455693252195893,9.522978899594715,1.2463363095409419,0.0,2,high_restock,0.09307336249140505,0.12452861098943578,0.7823980265191591,-0.9087845604499105,5.4574716829506915,0.0,0.0,none
inventory,pg,19,488,0.0,9.591080212908603,1.144190731323392,0.06585438579462688,1,balanced_restock,0.8030955276306847,0.15581410227817952,0.04109037009113581,-0.853258217113804,0.19647455315669526,0.0,0.0,none
inventory,pg,19,489,0.0,9.78076156468913,1.190333724227172,0.08808182448460786,0,low_restock,0.8037878835563488,0.1553506541084591,0.04086146233519221,-1.3097481929589625,3.613412088472801,0.0,0.0,none
inventory,pg,19,490,3.2278519798827503,10.628054875965367,2.573104187445992,0.0,0,low_restock,0.5760763961724534,0.1939608448678117,0.22996275895973498,-2.5363321942166603,3.51037869606963,0.0,0.0,none
inventory,pg,19,491,6.732377697761887,10.429498408336164,2.6135196758861046,0.0,2,high_restock,0.04825336407976022,0.0825465520813232,0.8692000838389166,-0.6511434204388002,6.7360321934083585,0.0,0.0,none
inventory,pg,19,492,0.0,10.63100279846382,2.5228426606069196,0.019847039364071454,1,balanced_restock,0.8220892983366127,0.13623934576986682,0.0416713558935205,-0.37073561853210346,1.0937689818706042,0.0,0.0,none
inventory,pg,19,493,0.0,11.695122354794517,2.270535958545079,0.0019170747378756253,1,balanced_restock,0.8148411074912519,0.14427095558544065,0.040887936923307514,-0.4644910224308637,0.08705551947103911,0.0,0.0,none
inventory,pg,19,494,0.0,11.77191798670735,2.233108714373076,0.01865911114836852,0,low_restock,0.8142758774529767,0.14498694421217154,0.04073717833485185,-3.2860685563223115,8.879765905779673,0.0,0.0,none
inventory,pg,19,495,8.87448158949232,11.929325921921912,2.4952034276192583,0.0,2,high_restock,0.01780443197396668,0.053338820581565166,0.9288567474444681,-2.249991948325392,4.096156104314329,0.0,0.0,none
inventory,pg,19,496,4.8856912809296915,12.83066271663356,2.2593248831788295,0.0,2,high_restock,0.4255082109425607,0.2058519920045708,0.3686397970528686,-0.6997481266182521,4.900514470568826,0.0,0.0,none
inventory,pg,19,497,0.0,13.078488234551369,1.9715201960144495,0.028526451181830736,0,low_restock,0.8045612600085328,0.15477555234419663,0.04066318764727048,-2.4637154143712046,6.5304447701961506,0.0,0.0,none
inventory,pg,19,498,6.524901183917727,13.331819283113802,2.057444919514334,0.0,2,high_restock,0.1911325914876342,0.16437785167944505,0.6444895568329208,-2.30113469913886,1.8806465151523413,0.0,0.0,none
inventory,pg,19,499,5.031813426111029,14.467590241299366,1.9249889155558166,0.0,2,high_restock,0.48925609149950905,0.2212043873120477,0.2895395211884433,-1.4797786802488575,2.3506066986441696,0.0,0.0,none
inventory,pg,19,500,2.6850819435681643,14.36212007081517,1.840850674006295,0.0,1,balanced_restock,0.6944486120165106,0.2016608801126392,0.10389050787085022,-1.5800596550623314,0.8433731420243821,0.0,0.0,none
inventory,pg,19,501,3.485884728749518,14.120038689563966,1.9475734962392857,0.0,1,balanced_restock,0.6393503551992888,0.2101654150582321,0.1504842297424792,-3.829441140341516,6.591243276541652,0.0,0.0,none
inventory,pg,19,502,9.912688972404332,15.581908111026497,1.8874657688757253,0.0,2,high_restock,0.030053482722868004,0.07240948869523998,0.897537028581892,-1.7741177930585554,6.440366565195654,0.0,0.0,none
inventory,pg,19,503,3.5260508373101587,15.000229930678486,2.479770859144166,0.0,0,low_restock,0.6501751672159314,0.20193645929015583,0.14788837349391287,-3.0658947597907202,4.871993820310316,0.0,0.0,none
inventory,pg,19,504,8.245413599402058,13.842720034658205,2.8320629901056042,0.0,2,high_restock,0.05597281387013824,0.09038549351565657,0.8536416926142053,-1.378306543551949,5.892967506404115,0.0,0.0,none
inventory,pg,19,505,2.3951615530055683,13.14201592188748,2.7289573573079373,0.0,0,low_restock,0.7148517964288666,0.17814732828322913,0.10700087528790413,-4.8316247393225655,10.932009363148353,0.0,0.0,none
inventory,pg,19,506,13.290356398064475,13.96089433386299,3.093643730189542,0.0,2,high_restock,0.00829949587797993,0.03949542161540669,0.9522050825066135,-3.6576321749046947,4.58257584200866,0.0,0.0,none
inventory,pg,19,507,8.907520499727699,12.998966305464673,2.163350602087662,0.0,2,high_restock,0.022797408023739092,0.06113697267393713,0.9160656193023237,-2.3311770029793926,3.8262348317191637,0.0,0.0,none
inventory,pg,19,508,5.117648579941122,13.518319548526193,2.078403394978405,0.0,0,low_restock,0.43070650735784494,0.21186793986002525,0.3574255527821298,-3.8666856208321017,5.420399868510982,0.0,0.0,none
inventory,pg,19,509,10.53338748809172,13.657594777737932,1.9020253242732892,0.0,2,high_restock,0.012419732941174436,0.046964109532604804,0.9406161575262207,-1.719667198262007,7.172523813257854,0.0,0.0,none
inventory,pg,19,510,3.3704777093200207,13.39506323126289,2.1645106382113717,0.0,0,low_restock,0.6382795127883277,0.2034985050736203,0.15822198213805197,-3.1056150397371916,5.181131093997357,0.0,0.0,none
inventory,pg,19,511,8.358900113534833,12.21370874309407,1.413402853937142,0.0,2,high_restock,0.02320850559659519,0.06430063965564904,0.9124908547477557,-0.6322472822295526,8.431639478340433,0.0,0.0,none
inventory,pg,19,512,0.0,11.18787769448058,1.8241734633496491,0.01647272896956297,0,low_restock,0.8091630723774016,0.14999929446463425,0.04083763315796409,-1.6278000701550452,4.243782520880894,0.0,0.0,none
inventory,pg,19,513,4.136571629014416,10.603784609814658,1.077829601438152,0.0,1,balanced_restock,0.4312071827542489,0.225273695222843,0.343519122022908,-0.6255445210048671,3.4269742173235205,0.0,0.0,none
inventory,pg,19,514,0.7586986314424777,10.045062228670151,1.2260038207974437,0.0,0,low_restock,0.7729544944583943,0.17038844957806942,0.05665705596353637,-3.0227290601557093,7.40483177534073,0.0,0.0,none
inventory,pg,19,515,8.122083029016313,10.55032106393926,1.823345719582775,0.0,2,high_restock,0.016212988016250963,0.05259609770597679,0.9311909142777723,-1.1738328903974824,6.312920691905968,0.0,0.0,none
inventory,pg,19,516,1.8109511154213784,10.69041020037731,1.8777209469396063,0.0,0,low_restock,0.7270441275831653,0.17971700043478514,0.09323887198204943,-1.0731898447662893,0.9489132714290183,0.0,0.0,none
inventory,pg,19,517,2.551970985046541,10.341012402583189,2.35651853299393,0.0,0,low_restock,0.6582919569225333,0.1865387833581476,0.1551692597193192,-3.365157083803281,6.555040159009108,0.0,0.0,none
inventory,pg,19,518,9.100448810866517,10.59277543637042,2.506868211359021,0.0,2,high_restock,0.01238484575546681,0.045596982965521435,0.9420181712790118,-0.7726810373367894,9.13353660999466,0.0,0.0,none
inventory,pg,19,519,0.0,10.066557680369531,3.0766847627919978,0.041550185238712393,0,low_restock,0.8294385644674016,0.12707474180345568,0.04348669372914278,-1.4100590970962665,3.5245378666024307,0.0,0.0,none
inventory,pg,19,520,3.5144545631321904,9.878474306823176,2.8926344340887047,0.0,0,low_restock,0.48036878727959714,0.19043201812617888,0.32919919459422414,-2.3487817844760515,2.751691024285264,0.0,0.0,none
inventory,pg,19,521,6.196519384217289,9.277113653759184,2.763416967868797,0.0,2,high_restock,0.050866265410491475,0.08296131353621784,0.8661724210532906,-0.5888216647817839,6.148282151433896,0.0,0.0,none
inventory,pg,19,522,0.13949047080509658,10.31750389715171,2.586322933008887,0.0,0,low_restock,0.8187303615142524,0.1366089335287647,0.04466070495698295,-1.5393714049749516,3.794629573588312,0.0,0.0,none
inventory,pg,19,523,3.8839182999284336,9.756693897812383,2.333407971255474,0.0,0,low_restock,0.40144245903147174,0.19446357023691063,0.4040939707316176,-2.6813250905612347,3.4321445638810557,0.0,0.0,none
inventory,pg,19,524,7.146643115889242,10.411031216519822,1.4931188805024462,0.0,2,high_restock,0.02759877916141119,0.06872212715176133,0.9036790936868275,-0.6806688650590362,7.185796844474274,0.0,0.0,none
inventory,pg,19,525,0.0,9.74543692472597,1.1503044749921734,0.025119440189113617,0,low_restock,0.8018420181139584,0.15681339054811647,0.041344591337925174,-1.3743523033991434,3.448765205473736,0.0,0.0,none
inventory,pg,19,526,3.4124351525689818,10.243183153670339,1.1205475044801123,0.0,0,low_restock,0.5392720861251291,0.22367844064977294,0.23704947322509803,-3.2511129137312933,5.365942395126366,0.0,0.0,none
inventory,pg,19,527,8.774608324946552,10.12702357082829,0.9564024205978793,0.0,1,balanced_restock,0.01058194504884031,0.04599819797699354,0.9434198569741662,-2.235601755424701,3.4287274045632663,0.0,0.0,none
inventory,pg,19,528,5.358862158356288,9.89498877168557,1.1435109244502348,0.0,0,low_restock,0.12710051205702977,0.14571585718482485,0.7271836307581454,-4.135351440793321,5.969286440423674,0.0,0.0,none
inventory,pg,19,529,11.301004116552345,10.43087220013262,1.3336648294527111,0.0,2,high_restock,0.00706135005706848,0.039441502843400665,0.9534971470995309,-2.554076328720297,5.587026220280549,0.0,0.0,none
inventory,pg,19,530,5.754503796343705,11.10257292191633,1.3374495861240026,0.0,2,high_restock,0.15450230469691986,0.1573706953584865,0.6881269999445937,-1.7840867761373604,2.578020086912547,0.0,0.0,none
inventory,pg,19,531,3.5545336461067443,12.028419698707552,2.3116808997740232,0.0,0,low_restock,0.5852411062438319,0.2019308803149045,0.21282801344126376,-3.124437890067913,4.859336777491217,0.0,0.0,none
inventory,pg,19,532,8.412679685908323,11.927614272192354,2.349220732273068,0.0,2,high_restock,0.022426433651697476,0.05961784636113677,0.9179557199871657,-1.2036687010205016,6.5716463302626,0.0,0.0,none
inventory,pg,19,533,1.896196288630005,12.507466826054744,1.728132462516514,0.0,2,high_restock,0.7285540887869352,0.18738611303869976,0.08405979817436508,-0.9503596066207775,1.910268816291084,0.0,0.0,none
inventory,pg,19,534,0.0,12.313900160137587,1.8317123475817516,0.07327850118228169,1,balanced_restock,0.8059268215727846,0.15366420299838798,0.04040897542882744,-0.633741407341663,0.2662374504551282,0.0,0.0,none
inventory,pg,19,535,0.0,12.5647457223771,1.9175244323492504,0.04888239416815411,0,low_restock,0.8060703287461576,0.15341008039605292,0.04051959085778956,-1.8308204393810878,4.756489723483639,0.0,0.0,none
inventory,pg,19,536,4.716629826803109,12.232419236139272,1.4029691052930093,0.0,0,low_restock,0.43199325633582963,0.2225118635501551,0.3454948801140152,-4.563426920267391,7.83015178332271,0.0,0.0,none
inventory,pg,19,537,12.52407691504969,12.822279445828276,1.3186373370948603,0.0,2,high_restock,0.007429269261537037,0.039768527767416774,0.9528022029710462,-2.7156321851350125,6.308251611237447,0.0,0.0,none
inventory,pg,19,538,6.216091957528608,12.863979133779722,1.2783222978124655,0.0,0,low_restock,0.2126335752606663,0.1843061138855073,0.6030603108538265,-6.683770583227139,12.487371703268533,0.0,0.0,none
inventory,pg,19,539,18.582201666363254,14.342339349824593,2.1883958092789513,0.0,2,high_restock,0.005831860524532513,0.03767383994926881,0.9564942995261988,-4.697261180079474,6.729643848193787,0.0,0.0,none
inventory,pg,19,540,11.877889085941355,13.859931335542427,2.51639223499954,0.0,2,high_restock,0.00965174316807329,0.04166006011079727,0.9486881967211295,-4.0469599810515575,1.9079997000328672,0.0,0.0,none
inventory,pg,19,541,10.019885660147306,14.26065116666884,2.682854669215517,0.0,2,high_restock,0.019044779352970383,0.05534721278943013,0.9256080078575996,-2.0087477081121836,5.834067086753891,0.0,0.0,none
inventory,pg,19,542,4.196422023177668,13.934469021625597,2.814061566489935,0.0,1,balanced_restock,0.5631967249970397,0.20107666810848576,0.23572660689447472,-2.5214438561252686,2.0437036274932603,0.0,0.0,none
inventory,pg,19,543,6.175553874643626,14.391892383423004,2.589282787189043,0.0,1,balanced_restock,0.305978561904397,0.1886964051604137,0.5053250329351893,-2.8364061549085053,1.6871340670595532,0.0,0.0,none
inventory,pg,19,544,7.075446156881444,13.29864889810364,1.671985712949466,0.0,2,high_restock,0.1206456819765353,0.1397557745477537,0.7395985434757109,-1.3786089613139962,4.707765487115067,0.0,0.0,none
inventory,pg,19,545,2.396025603754275,13.703627303562584,1.3524991564956652,0.0,0,low_restock,0.7004307039151391,0.20553365752403807,0.094035638560823,-2.2887196435986428,3.858601061103607,0.0,0.0,none
inventory,pg,19,546,6.024913267424694,12.401005521455478,1.5046601435805114,0.0,2,high_restock,0.20773730097219528,0.17734695181929788,0.6149157472085068,-0.6939251721279851,6.046346311192256,0.0,0.0,none
inventory,pg,19,547,0.0,11.975902665044504,1.7826095653956784,0.027486637879997337,0,low_restock,0.8055244928371966,0.15375375940887304,0.04072174775393051,-0.40224380908320767,1.2603836005421931,0.0,0.0,none
inventory,pg,19,548,0.6349823116663078,10.891885687404535,1.8801593542881987,0.0,0,low_restock,0.7890897089863393,0.15810938497460714,0.052800906039053415,-2.8363056341635873,6.95448084102582,0.0,0.0,none
inventory,pg,19,549,7.589444669038821,10.902799702431475,1.8919055179141095,0.0,2,high_restock,0.025298496025755863,0.06430122673208076,0.9104002772421633,-0.8099257143705867,7.693212082384356,0.0,0.0,none
inventory,pg,19,550,0.0,9.645980593322678,1.9545485442776345,0.04820102042331906,0,low_restock,0.8168780098328967,0.14170948559324698,0.04141250457385648,-1.0244030644987825,2.4578473515778807,0.0,0.0,none
inventory,pg,19,551,2.412580184282236,10.077533383371508,2.1331803138437353,0.0,1,balanced_restock,0.6673950808489468,0.18766679737139114,0.14493812177966203,-0.47312850229771486,2.4453238432639552,0.0,0.0,none
inventory,pg,19,552,0.0,9.701991674575675,2.265942795209102,0.02020151826744908,0,low_restock,0.8206481641950776,0.1372927647048028,0.04205907110011953,-0.25158886062504365,0.524029427846009,0.0,0.0,none
inventory,pg,19,553,0.0,9.29403138610413,2.5947591886926493,0.012783725111614937,0,low_restock,0.824944508558543,0.1316387963262207,0.04341669511523637,-1.989937607569007,5.179748819613786,0.0,0.0,none
inventory,pg,19,554,5.171250307340021,9.11636112766024,2.3576137717795227,0.0,2,high_restock,0.11370330817935681,0.12257255496971979,0.7637241368509233,-0.6749041516225321,5.238475271764234,0.0,0.0,none
inventory,pg,19,555,0.0,9.937553906870136,2.1999574313103114,0.02409002707545217,0,low_restock,0.819313270527522,0.13899332422452054,0.04169340524795746,-0.3012020174594019,1.1397322618706227,0.0,0.0,none
inventory,pg,19,556,0.0,8.814478919495048,2.394086807252239,0.02164321740346463,0,low_restock,0.8234055623698541,0.1330934976438716,0.04350093998627426,-0.21869484873110673,0.2507934826297002,0.0,0.0,none
inventory,pg,19,557,0.0,8.586084133916518,2.496634937889279,0.006909794416269057,0,low_restock,0.8241730060778797,0.13149415360875605,0.044332840313364326,-1.7700195395338498,4.63251538461519,0.0,0.0,none
inventory,pg,19,558,4.542912970096714,9.487554745581951,2.3994571324595175,0.0,1,balanced_restock,0.236677994065453,0.16582334219722322,0.5974986637373237,-0.41856305199927624,4.476161428079423,0.0,0.0,none
inventory,pg,19,559,0.16732300571221792,8.599214539674438,2.0815180307876786,0.0,0,low_restock,0.8131078507510362,0.1402178549172608,0.04667429433170292,-2.097016045733684,5.31013400661422,0.0,0.0,none
inventory,pg,19,560,5.477188702096241,8.63269811947558,2.123090911956879,0.0,2,high_restock,0.06407871551751201,0.09576966642409446,0.8401516180583934,-0.7322419031444064,5.545519792878469,0.0,0.0,none
inventory,pg,19,561,0.0,9.42240028578749,1.764781396022602,0.03432891127578685,0,low_restock,0.8141418183545223,0.14438375060378195,0.04147443104169564,-0.8682304200429385,2.1270456078255786,0.0,0.0,none
inventory,pg,19,562,1.96637262869411,10.090011647566588,1.305631857890656,0.0,1,balanced_restock,0.7029006354579177,0.19379207406870813,0.10330729047337425,-0.4666690317449138,2.0207577831772503,0.0,0.0,none
inventory,pg,19,563,0.0,9.624744826618372,1.3034729604259239,0.019048041383020322,0,low_restock,0.8050776274969129,0.15358747583185675,0.04133489667123047,-1.4730665666180403,3.777195339751601,0.0,0.0,none
inventory,pg,19,564,3.6944759046229727,10.30543057978215,0.9105906595255021,0.0,2,high_restock,0.4947838920869912,0.2303216660770139,0.27489444183599504,-0.5425621872618567,3.858021418427492,0.0,0.0,none
inventory,pg,19,565,0.0,10.89815679142611,1.8507249498792249,0.0004575334396172589,1,balanced_restock,0.8103637553458363,0.14861985314859028,0.04101639150557338,-0.6447958889439973,0.41098025390632625,0.0,0.0,none
inventory,pg,19,566,0.0,10.568615035501022,2.0910725181447978,0.05085640873999953,0,low_restock,0.8165271176002266,0.14254275113895135,0.04093013126082215,-1.077922423207309,2.591245757052816,0.0,0.0,none
inventory,pg,19,567,2.5654926377351686,10.919824001808212,2.1739458362053896,0.0,0,low_restock,0.669247453607863,0.1893822964326905,0.14137024995944655,-3.4109364764677723,6.717234498749908,0.0,0.0,none
inventory,pg,19,568,9.231247075622207,11.712921994486726,1.929093515418965,0.0,2,high_restock,0.013329578489698521,0.048160210377147315,0.9385102111331541,-0.7378511759107456,8.675521827736537,0.0,0.0,none
inventory,pg,19,569,0.5652890740307015,11.374162633881546,2.1551311091675025,0.0,0,low_restock,0.7955840909804683,0.15348935309757225,0.05092655592195954,-2.4489153976165707,5.9555743966085855,0.0,0.0,none
inventory,pg,19,570,6.482615421761631,10.902928552506967,1.6734115553396474,0.0,2,high_restock,0.06612362314643523,0.1030660084094136,0.8308103684441511,-0.5865527823709075,6.402645831708012,0.0,0.0,none
inventory,pg,19,571,0.13300794963116402,11.538591312286226,1.1515960208997973,0.0,0,low_restock,0.7902470411117765,0.1662123306889114,0.04354062819931207,-3.6387270897362263,9.818851883009208,0.0,0.0,none
inventory,pg,19,572,9.882077399246361,12.263316952302237,2.0682583980902547,0.0,2,high_restock,0.012017391709194615,0.0458758257661326,0.9421067825246728,-3.3371650893086873,2.079390721442114,0.0,0.0,none
inventory,pg,19,573,7.991900255167678,12.952130635909095,2.594216424645666,0.0,2,high_restock,0.04659558605325503,0.08337826531910521,0.8700261486276397,-2.600548983380922,2.543501724926647,0.0,0.0,none
inventory,pg,19,574,5.8872828096597765,14.264398747125815,2.0303557707139306,0.0,1,balanced_restock,0.3548343524801482,0.20652372422503706,0.43864192329481483,-3.210067045770566,2.331155503413787,0.0,0.0,none
inventory,pg,19,575,8.143048702201618,14.732086656087997,1.6738810325460234,0.0,2,high_restock,0.08839082948483032,0.12298689746715047,0.7886222730480192,-3.179542892283615,1.461382679363095,0.0,0.0,none
inventory,pg,19,576,7.541551120810329,15.881708634235835,1.001415938669516,0.0,1,balanced_restock,0.21826346682621373,0.19805725477832284,0.5836792783954634,-4.94197400438664,5.564816914929328,0.0,0.0,none
inventory,pg,19,577,13.091354298247541,16.241855379800235,1.194201596981429,0.0,2,high_restock,0.009679934660624518,0.04360324404399451,0.946716821295381,-4.560107671978402,1.6063431302557616,0.0,0.0,none
inventory,pg,19,578,11.486021919938292,16.29882433295412,1.1933380876312878,0.0,2,high_restock,0.01598237780202494,0.055233716965146236,0.9287839052328287,-2.123515365950909,7.139869502663379,0.0,0.0,none
inventory,pg,19,579,4.524329617002596,15.327409361468563,2.445907346188362,0.0,0,low_restock,0.5678755671429453,0.2125673474911327,0.2195570853659221,-3.8101383421765944,5.879102585557083,0.0,0.0,none
inventory,pg,19,580,10.37182383479027,14.84575502651773,2.818288449450575,0.0,2,high_restock,0.019028890466682657,0.05524816994725289,0.9257229395860644,-3.6737288726472164,1.433791047365248,0.0,0.0,none
inventory,pg,19,581,8.953511064706333,14.682391988779198,2.6861590748875956,0.0,1,balanced_restock,0.04416304145996854,0.08229322353111901,0.8735437350089124,-3.2236895651796393,1.4902087759047158,0.0,0.0,none
inventory,pg,19,582,8.181970186227542,13.418123177595998,2.521625668890443,0.0,2,high_restock,0.04799074504570658,0.08531914795559,0.8666901069987034,-1.9813708643101327,4.115341714038232,0.0,0.0,none
inventory,pg,19,583,4.118202469457522,12.926436109903847,2.097275347922959,0.0,0,low_restock,0.5458731678552677,0.21154915070713823,0.24257768143759406,-5.128979470865909,10.071299673763024,0.0,0.0,none
inventory,pg,19,584,14.13994134533117,13.923122345665714,2.1467078269708417,0.0,2,high_restock,0.007101827444686373,0.03872853975968956,0.9541696327956241,-2.911627587937687,7.372856072484329,0.0,0.0,none
inventory,pg,19,585,6.776078822679107,13.680850997577767,2.4184430049384726,0.0,2,high_restock,0.17476431555219288,0.15437649418203775,0.6708591902657695,-0.5415911604406067,6.865284014889213,0.0,0.0,none
inventory,pg,19,586,0.004546172687447836,12.61020702159622,2.0548613058876057,0.0,1,balanced_restock,0.807445640137033,0.15174366622891036,0.04081069363405664,-0.5070138788801012,0.281439906346888,0.0,0.0,none
inventory,pg,19,587,0.0,12.396071265554239,2.2355390260473604,0.026252478371446637,0,low_restock,0.8121794521172605,0.14726702592106677,0.04055352196167273,-1.3249852311992132,3.3216890280099105,0.0,0.0,none
inventory,pg,19,588,3.2713863748548953,11.830636781079473,2.1295020685217767,0.0,0,low_restock,0.6143674721947634,0.20165022841844368,0.18398229938679278,-2.410462067836267,3.6574836936996453,0.0,0.0,none
inventory,pg,19,589,6.372748765246477,10.446561483983064,0.7719035029984854,0.0,2,high_restock,0.05591795897971012,0.10354900488595824,0.8405330361343316,-0.864764061863722,6.43011976279714,0.0,0.0,none
inventory,pg,19,590,0.0,9.832874080804874,1.3673343172295693,0.05799358247566465,0,low_restock,0.8063931624671254,0.1526374526955254,0.04096938483734914,-1.2732290553131083,3.191497732000364,0.0,0.0,none
inventory,pg,19,591,3.123511586608881,10.223793082784287,1.8899739827416635,0.0,1,balanced_restock,0.5801025289407844,0.20423354527660179,0.21566392578261384,-0.4028319462941286,3.148002214564393,0.0,0.0,none
inventory,pg,19,592,0.0,9.860454831464931,2.0366713782617967,0.007648561838237252,0,low_restock,0.8167377365314403,0.14162136731775066,0.04164089615080908,-2.3280732183638833,6.151243327524534,0.0,0.0,none
inventory,pg,19,593,6.137352052468238,10.17319313552267,2.306561191252032,0.0,2,high_restock,0.07013159909869635,0.09988963001230773,0.8299787708889959,-0.8119635939274046,6.13929744158484,0.0,0.0,none
inventory,pg,19,594,0.0,10.045541262132193,2.3788751411659605,0.048564927487036516,1,balanced_restock,0.8220597922285959,0.13620879036610534,0.04173141740529862,-1.1011782029472923,0.4546273135955,0.0,0.0,none
inventory,pg,19,595,0.0,9.758964647291075,2.7217152715701096,0.1323532505263022,1,balanced_restock,0.8283080237905087,0.12945698194186606,0.04223499426762525,-1.5218446821896374,1.3621657565291911,0.0,0.0,none
inventory,pg,19,596,0.0,8.47068597720413,2.285606626651407,0.207472264676721,0,low_restock,0.8265516897366038,0.13117691371450113,0.042271396548895245,-1.1410412863119754,0.049279089778646035,0.0,0.0,none
inventory,pg,19,597,0.0,8.504476649955382,2.2846895976664663,0.17161451541285275,0,low_restock,0.8257467586695851,0.13176237239789404,0.0424908689325208,-0.5549874630088201,0.2930015702166728,0.0,0.0,none
inventory,pg,19,598,0.0,8.635060931984302,2.5252005668225084,0.06696204696586072,0,low_restock,0.8257825330917921,0.13037483798045388,0.04384262892775389,-0.29714284718557593,0.15901010477978042,0.0,0.0,none
inventory,pg,19,599,0.0,8.787051866854572,2.5331345785914063,0.020918365568852845,0,low_restock,0.8247972631024304,0.1312243592728653,0.04397837762470423,-0.21862418622157562,0.23317578799891875,0.0,0.0,none
