env,policy,seed,t,q,mu,sigma,rho,a,action_label,p0,p1,p2,r,state_delta,intervention_active,intervention_start,intervention_name
inventory,pg,11,0,0.0,12.32788309342087,0.7007206107647959,0.55,0,low_restock,0.15510768741559328,0.8145874605282598,0.03030485205614691,-2.724073709536066,0.20645312478827527,0.0,0.0,none
inventory,pg,11,1,0.0,12.50579517677285,0.6581591454250263,0.45429887670286895,1,balanced_restock,0.15489297971599938,0.8146072613804022,0.030499758903598444,-3.066076017622525,0.7242610176382656,0.0,0.0,none
inventory,pg,11,2,0.0,12.052971497692305,1.2226658781067599,0.48322786028973663,0,low_restock,0.15618103033727246,0.8150795492947339,0.02873942036799369,-2.319927761404693,0.21990630457705465,0.0,0.0,none
inventory,pg,11,3,0.0,11.928973671017902,1.0717932967581807,0.38212995739369515,1,balanced_restock,0.15585844229145346,0.8147132824167732,0.02942827529177326,-2.301740691200931,0.660791104706983,0.0,0.0,none
inventory,pg,11,4,0.0,12.45192129044749,1.4741838787644173,0.34673940914302337,1,balanced_restock,0.15643123583611462,0.8154901492148806,0.028078614949004748,-1.9658267400514244,1.0215960418499013,0.0,0.0,none
inventory,pg,11,5,0.0,13.285433149871437,2.0618217745734344,0.28675477500918295,1,balanced_restock,0.15749247577556158,0.8157626693609057,0.026744854863532834,-2.047945283297676,0.4009728334267924,0.0,0.0,none
inventory,pg,11,6,0.0,12.940321065595976,2.2654435533377777,0.3014188005888707,1,balanced_restock,0.15834670200473033,0.8150406346027358,0.026612663392533844,-1.971815438864084,0.7957661517575099,0.0,0.0,none
inventory,pg,11,7,0.0,13.5356514468961,1.7375792792815568,0.28782418551144356,1,balanced_restock,0.15649347093920962,0.8163498583348315,0.027156670725958832,-2.013119499848406,0.37133128092852147,0.0,0.0,none
inventory,pg,11,8,0.0,13.217020653890717,1.9281230711586705,0.2951999106872153,1,balanced_restock,0.15715680930746712,0.8158908389471923,0.026952351745340535,-1.581681901526217,0.8624229533730449,0.0,0.0,none
inventory,pg,11,9,0.0,13.800146974186784,2.558838148930429,0.21815748241539587,1,balanced_restock,0.15867296861470082,0.8152018601502419,0.02612517123505733,-1.218482475914851,0.1153702658460953,0.0,0.0,none
inventory,pg,11,10,0.0,13.868360660341432,2.625552132379987,0.15330044212765195,1,balanced_restock,0.15881960554452693,0.8150291625840725,0.026151231871400477,-1.2727811507777258,0.10204630774472798,0.0,0.0,none
inventory,pg,11,11,0.0,13.937910331299872,2.551509738741132,0.16299663406745105,1,balanced_restock,0.1585336891793905,0.8152946906209348,0.02617162019967461,-0.7324010445647079,1.287255287939597,0.0,0.0,none
inventory,pg,11,12,0.0,15.098535985748441,3.099836924075603,0.06650018652941213,1,balanced_restock,0.1595698958956738,0.8148218998258631,0.025608204278463064,-0.9868295153479556,2.304244968464221,0.0,0.0,none
inventory,pg,11,13,1.7909414724227304,16.49098704410556,2.7014259649885344,0.0,1,balanced_restock,0.14880247946348252,0.8149738092090473,0.03622371132747029,-2.2868559789749665,3.729613760513299,0.0,0.0,none
inventory,pg,11,14,5.505302797071334,16.155265313229812,2.672621937794121,0.0,1,balanced_restock,0.12921165053578973,0.6930734096763155,0.17771493978789485,-3.3696717276202053,3.1073214342313134,0.0,0.0,none
inventory,pg,11,15,8.599062078914873,15.866018605570105,2.6935107804694827,0.0,2,high_restock,0.10166087963441646,0.46122014379331383,0.43711897657226967,-1.1190509453218147,6.945421653710507,0.0,0.0,none
inventory,pg,11,16,1.6544312723480417,15.81283913141392,2.7838260717671464,0.0,1,balanced_restock,0.1496103309404392,0.8149478075726865,0.03544186148687414,-0.42829959617181457,2.5276207369129433,0.0,0.0,none
inventory,pg,11,17,0.0,13.960253620982233,3.2523364026851036,0.012196356459252605,1,balanced_restock,0.1610422956438998,0.8129468584788982,0.026010845877201816,-0.4592273027619008,1.416730380252714,0.0,0.0,none
inventory,pg,11,18,0.2835065793197167,12.898513021379397,2.3582966172965767,0.0,1,balanced_restock,0.15679752324851032,0.8147889218048256,0.02841355494666388,-0.5853379644119875,1.3936676125816665,0.0,0.0,none
inventory,pg,11,19,0.0,11.535594529555764,2.305690081337927,0.04023892221642633,1,balanced_restock,0.15980831735979426,0.8124629401038065,0.02772874253639919,-0.7896218088121534,1.363259886662461,0.0,0.0,none
inventory,pg,11,20,0.0,10.406133062186642,1.5431524914105093,0.0767181801450274,1,balanced_restock,0.15851437566593118,0.8117422951092722,0.02974332922479673,-1.0005145911565325,0.3404481192590532,0.0,0.0,none
inventory,pg,11,21,0.0,10.06782726763906,1.549142396225613,0.11437760556366651,1,balanced_restock,0.15900922768678705,0.8110392097087871,0.029951562604425813,-1.3854497086981765,0.6107134246958852,0.0,0.0,none
inventory,pg,11,22,0.0,9.607124718684096,1.9441095834095763,0.1831160194103887,1,balanced_restock,0.16119068357287267,0.8093267485935152,0.029482567833612236,-1.5288381451764774,1.1046709293666415,0.0,0.0,none
inventory,pg,11,23,0.0,9.021203321194864,1.0079801275459221,0.20872109735294236,1,balanced_restock,0.159231844432473,0.8080814909145895,0.03268666465293738,-1.7199891208002613,0.14796389498221915,0.0,0.0,none
inventory,pg,11,24,0.0,9.163372109029314,1.0307004490823062,0.24285520014290377,1,balanced_restock,0.1589938015075598,0.8086650429548441,0.03234115553759608,-1.6824683574223034,0.896744956620571,0.0,0.0,none
inventory,pg,11,25,0.0,9.767883628474625,1.6930239714304702,0.2361550638254113,1,balanced_restock,0.15992963064663457,0.8103798126632905,0.029690556690075066,-1.8753695497106158,0.057268257908989914,0.0,0.0,none
inventory,pg,11,26,0.0,9.812862603614793,1.6846589221170938,0.2706017053054671,0,low_restock,0.15981441646596523,0.8105792534788565,0.02960633005517831,-1.3485463369473254,0.890488488392536,0.0,0.0,none
inventory,pg,11,27,0.0,10.442258429377128,1.0577658043597948,0.20866898874059384,1,balanced_restock,0.15710595055574803,0.8119937162181164,0.030900333226135376,-1.763298747774602,0.27117978235292395,0.0,0.0,none
inventory,pg,11,28,0.0,10.213848493504688,1.197801810447695,0.2505890621026075,1,balanced_restock,0.15773561192184507,0.8117087050230092,0.030555683055145746,-1.8990802274682692,0.14566538059443543,0.0,0.0,none
inventory,pg,11,29,0.0,10.352272233329979,1.1594694579938456,0.274835754905048,0,low_restock,0.1574603355723947,0.8120280614213193,0.030511603006285908,-1.5046359374685885,0.9093626424546823,0.0,0.0,none
inventory,pg,11,30,0.0,9.594581049884285,0.6580932674522991,0.2365421316908194,1,balanced_restock,0.1574881453664609,0.8090024808485243,0.033509373785014576,-2.056753507602855,0.6427493092462254,0.0,0.0,none
inventory,pg,11,31,0.0,9.146540105269402,1.1141310308566423,0.3029916977862241,1,balanced_restock,0.1592231151186181,0.8088411983371306,0.031935686544251086,-1.9539123129418559,1.0721803980842186,0.0,0.0,none
inventory,pg,11,32,0.0,9.736585060013672,2.0091620373539776,0.2846271987396171,1,balanced_restock,0.16114624866103539,0.809762659985115,0.02909109135384964,-1.8318687162581075,0.9970117215123777,0.0,0.0,none
inventory,pg,11,33,0.0,10.628575078791236,2.4540341792305367,0.26283369933180495,1,balanced_restock,0.16152039676099136,0.8106271629215019,0.027852440317506878,-1.7834604427195702,0.4733323439225387,0.0,0.0,none
inventory,pg,11,34,0.0,11.089049461871745,2.563268449539062,0.2541893647713518,1,balanced_restock,0.16132187766379397,0.8112364426957488,0.027441679640457187,-1.7892298629795165,0.7147863034527066,0.0,0.0,none
inventory,pg,11,35,0.0,11.73851518622268,2.264750994313435,0.2552196183891994,0,low_restock,0.15937782217111351,0.8133382822694312,0.027283895559455252,-1.351812181599583,0.8069716961775248,0.0,0.0,none
inventory,pg,11,36,0.0,12.11235331500818,1.551073639991254,0.2092521752856398,0,low_restock,0.15678012674787034,0.814903591561027,0.02831628169110268,-1.1118857241382656,0.9012976234622937,0.0,0.0,none
inventory,pg,11,37,0.0,11.255066472008973,1.8259573711649846,0.1664081650246903,1,balanced_restock,0.15836471621705914,0.8132816990941056,0.028353584688835157,-1.4548013974716314,0.8018016319180248,0.0,0.0,none
inventory,pg,11,38,0.0,10.54266829696619,1.4591763087310339,0.19550024954850562,1,balanced_restock,0.15804216978183705,0.8123476050234961,0.029610225194666804,-1.7178278753815577,0.835902925474282,0.0,0.0,none
inventory,pg,11,39,0.0,9.764081418345032,1.1586266705886539,0.24246926346099243,0,low_restock,0.15828237782445986,0.8105654451076111,0.031152177067929082,-0.8357748309378215,1.2457015052410454,0.0,0.0,none
inventory,pg,11,40,0.0,10.333637580104238,2.259381516403789,0.11710264838175381,1,balanced_restock,0.16127487010804784,0.8102238563407739,0.02850127355117839,-0.9897226604528941,0.6225737940882351,0.0,0.0,none
inventory,pg,11,41,0.0,10.955223802866723,2.2941241996747386,0.11245047508087395,1,balanced_restock,0.16048119136124062,0.8115279151552632,0.02799089348349614,-0.6424339218578166,1.5726018443073804,0.0,0.0,none
inventory,pg,11,42,0.0,12.423629505701122,2.8536018912990366,0.05043462890318153,1,balanced_restock,0.1609871086214583,0.8122259650429772,0.026786926335564527,-0.5573884778735091,0.6798388887567626,0.0,0.0,none
inventory,pg,11,43,0.0,13.043532298995306,2.574907065212323,0.03524794247741233,1,balanced_restock,0.1592625046489778,0.8140235260692892,0.026713969281732967,-1.5905440563762832,4.00586008544494,0.0,0.0,none
inventory,pg,11,44,3.5158401610750953,14.897737720668914,2.078456843417934,0.0,1,balanced_restock,0.13734754598771584,0.7769693165284842,0.08568313748379991,-3.4738831347238825,5.410576344469525,0.0,0.0,none
inventory,pg,11,45,8.89680895635395,15.418798868615344,2.2975606628031255,0.0,2,high_restock,0.09681815371175977,0.4306021666058331,0.47257967968240705,-1.1403089340929555,7.201564230489,0.0,0.0,none
inventory,pg,11,46,1.7151683831227302,15.117340327756782,2.7399279207700666,0.0,1,balanced_restock,0.14900652431572692,0.8139816218697054,0.03701185381456783,-1.1791508716715586,0.973754806142728,0.0,0.0,none
inventory,pg,11,47,2.340431061918739,14.374171017028289,2.8102442103638476,0.0,2,high_restock,0.14539897156101989,0.807485333760506,0.047115694678474096,-1.4576884433481996,1.1153957477590177,0.0,0.0,none
inventory,pg,11,48,2.6219669809948556,15.417864590882743,3.085105856076342,0.0,1,balanced_restock,0.14494846431824393,0.8066900026620938,0.04836153301966239,-2.2324789751410163,2.818449307221888,0.0,0.0,none
inventory,pg,11,49,5.349939928974333,14.76681995357985,2.8058909339986635,0.0,1,balanced_restock,0.12887748459300458,0.6817613031468562,0.18936121226013924,-4.576570608291187,6.70845169317565,0.0,0.0,none
inventory,pg,11,50,12.047344595117675,15.030107127752746,3.086559281891126,0.0,1,balanced_restock,0.07436813273320131,0.3020966614408094,0.6235352058259893,-5.221017708412602,2.0467636811727834,0.0,0.0,none
inventory,pg,11,51,13.888622024036007,15.634690728182656,2.4282146408291148,0.0,2,high_restock,0.06353414859592477,0.24111801951510856,0.6953478318889666,-2.94393653940162,7.042624860682614,0.0,0.0,none
inventory,pg,11,52,6.8683901125760585,15.305591810131466,2.882750381735961,0.0,2,high_restock,0.11675497089843054,0.57010696416277,0.3131380649387994,-1.9283390695256033,2.998125395875624,0.0,0.0,none
inventory,pg,11,53,3.9666830557874384,14.668943214958517,2.4783611976053725,0.0,1,balanced_restock,0.13600308728330568,0.7617105228439643,0.10228638987273002,-3.1136083575524416,3.908128621234813,0.0,0.0,none
inventory,pg,11,54,7.867452450149834,14.903502504235101,2.527852529517267,0.0,2,high_restock,0.10412696164448387,0.47835402629832446,0.41751901205719166,-0.9817044102366864,6.788803364410188,0.0,0.0,none
inventory,pg,11,55,1.2620126006762469,13.442933601111715,1.9597381089624002,0.0,1,balanced_restock,0.14931063163651573,0.8142457415633509,0.036443626800133334,-0.46200553668134714,1.6257699727481454,0.0,0.0,none
inventory,pg,11,56,0.0,12.567261753489433,2.4920154981909146,0.018215274407383422,1,balanced_restock,0.15940110386270764,0.8135680245999508,0.027030871537341506,-0.5472345998516647,0.018623813817294353,0.0,0.0,none
inventory,pg,11,57,0.0,12.558235477855629,2.4978241428500296,0.033434749973511556,0,low_restock,0.15942926850873085,0.8135687816291164,0.02700194986215275,-2.681353355626606,7.147702131456784,0.0,0.0,none
inventory,pg,11,58,7.146723873218875,12.636008163486286,2.5803902791242956,0.0,2,high_restock,0.10259318325709857,0.46901798539844347,0.4283888313444579,-1.4123531914222989,4.7079104696872855,0.0,0.0,none
inventory,pg,11,59,2.492437689777997,12.124997047925632,2.0895657147472027,0.0,1,balanced_restock,0.14169780901661957,0.793766978968467,0.06453521201491352,-0.5004384734941987,2.6790966008271035,0.0,0.0,none
inventory,pg,11,60,0.0,11.396501296129255,2.7483357639141888,0.025078298838249757,1,balanced_restock,0.1618763826184861,0.8106406080969132,0.02748300928460065,-0.7933152528160441,0.2979452824117246,0.0,0.0,none
inventory,pg,11,61,0.0,11.171725709663258,2.93678230062316,0.07737772371715074,1,balanced_restock,0.1630226397424456,0.8095024045542679,0.027474955703286542,-1.2108091650176318,0.9699435273057163,0.0,0.0,none
inventory,pg,11,62,0.0,10.341063587085081,3.4319921665968027,0.1519302080388628,1,balanced_restock,0.16677579820948404,0.8050859082542856,0.028138293536230315,-1.6817452948689162,2.070294365181238,0.0,0.0,none
inventory,pg,11,63,0.0,8.466291988183933,2.557762152588123,0.2360259455123065,1,balanced_restock,0.1664698948018683,0.8032328432400919,0.030297261958039712,-1.7027785096819734,0.6845058150758674,0.0,0.0,none
inventory,pg,11,64,0.0,8.144566187839466,1.9535878290306865,0.23978187672892384,1,balanced_restock,0.16456746841990552,0.8041190166709702,0.031313514909124256,-2.1361994892761653,0.26612897049157425,0.0,0.0,none
inventory,pg,11,65,0.0,7.910597460545082,2.054051898975995,0.31717848022788664,1,balanced_restock,0.16558290331820566,0.8029257255182053,0.0314913711635891,-2.3350988658454823,0.25791577257977105,0.0,0.0,none
inventory,pg,11,66,0.0,8.145540967426404,2.154354361816545,0.3526962260438361,1,balanced_restock,0.16528768311044706,0.8037824932682647,0.030929823621288186,-2.608744593816997,0.379373669892589,0.0,0.0,none
inventory,pg,11,67,0.0,8.505161428001585,2.0438569077183537,0.4015615346101781,1,balanced_restock,0.163808687117832,0.8057724094584708,0.030418903423697217,-3.043202416264403,0.15669652720063562,0.0,0.0,none
inventory,pg,11,68,0.0,8.596357196511283,1.9427717708898606,0.47914328861864336,0,low_restock,0.1631316966220816,0.8065310287699662,0.0303372746079522,-2.4612300286909354,0.2735027348236835,0.0,0.0,none
inventory,pg,11,69,0.0,8.453871202477595,1.7206254079192456,0.4073625051233813,0,low_restock,0.16266229031364168,0.8063277056672131,0.031010004019145162,-2.4275196170375217,0.048525067339245186,0.0,0.0,none
inventory,pg,11,70,0.0,8.421699680596607,1.756450515804695,0.40134278875670026,1,balanced_restock,0.16287970142852717,0.8061243671831436,0.030995931388329172,-2.703496220959156,0.33988702308429725,0.0,0.0,none
inventory,pg,11,71,0.0,8.679006612215815,1.97786098772198,0.41848146802842073,1,balanced_restock,0.16310648167311964,0.8066626911598017,0.030230827167078676,-3.1095222751828278,0.3606269185680612,0.0,0.0,none
inventory,pg,11,72,0.0,8.348055796585424,2.1014182917939617,0.4909861205683621,0,low_restock,0.1643751792356091,0.8051096965249842,0.030515124239406565,-2.629016180465223,0.6590977478290765,0.0,0.0,none
inventory,pg,11,73,0.0,8.985465589497952,1.9425503968898412,0.4373243179402183,1,balanced_restock,0.16227165687498163,0.8078845077522148,0.029843835372803613,-3.0861771040628483,0.5777204492307881,0.0,0.0,none
inventory,pg,11,74,0.0,8.487632311570216,1.6536327864652975,0.48681734001122295,1,balanced_restock,0.16231605044653377,0.8066736631537563,0.031010286399709822,-3.288932422477146,0.7028672691313412,0.0,0.0,none
inventory,pg,11,75,0.0,9.096467986400938,1.3043039694273237,0.523023646870919,1,balanced_restock,0.15988472522537245,0.8090776897342905,0.03103758504033708,-3.0034550818614716,1.8859812574775638,0.0,0.0,none
inventory,pg,11,76,0.0,10.05010284774421,2.930621001392728,0.4720455503324057,0,low_restock,0.1643092656888458,0.8077056152519982,0.02798511905915591,-2.1252410033577687,1.5655746042408027,0.0,0.0,none
inventory,pg,11,77,0.0,11.610703179562645,2.9283687350513063,0.3473644648853158,1,balanced_restock,0.1620969169059532,0.8110984939400355,0.026804589154011384,-2.367275395162391,0.32130563254671024,0.0,0.0,none
inventory,pg,11,78,0.0,11.904351963257078,2.7984264833212023,0.35844203485042697,1,balanced_restock,0.16121718341668947,0.8121337953228959,0.02664902126041464,-2.0201216341646564,1.56841336266887,0.0,0.0,none
inventory,pg,11,79,0.0,13.46513867474548,2.656926160936642,0.2964502918151172,0,low_restock,0.15926736319758145,0.814675371299495,0.026057265502923657,-1.4096942625681872,0.6473521571148009,0.0,0.0,none
inventory,pg,11,80,0.0,13.848095399772399,2.1406886280863113,0.21958826117289057,2,high_restock,0.15736962062848625,0.8160884245834792,0.026541954788034616,-2.150810126543579,0.5042877863453324,0.0,0.0,none
inventory,pg,11,81,0.0,13.381612388294732,1.9616129533113715,0.2876446654542106,1,balanced_restock,0.15715556618798562,0.8159958174429764,0.026848616369037896,-1.5511006470824023,0.7366125719927478,0.0,0.0,none
inventory,pg,11,82,0.0,13.885350890688418,2.4938050065521997,0.21269654412185757,1,balanced_restock,0.15840619027492894,0.8154340102046794,0.026159799520391568,-1.2464038406608082,0.9743490448677119,0.0,0.0,none
inventory,pg,11,83,0.0,14.802178886253955,2.168502033907649,0.15828640011800146,1,balanced_restock,0.156982974502237,0.8167084567782248,0.026308568719538152,-1.273183704080961,0.9451031938482447,0.0,0.0,none
inventory,pg,11,84,0.0,13.867344825209239,2.3073633196418495,0.16306851858588592,1,balanced_restock,0.1578124548736966,0.8157543117423939,0.026433233383909575,-0.7222848523076819,1.5368052041128362,0.0,0.0,none
inventory,pg,11,85,0.0,15.368523525651261,2.621298256283459,0.06469372362637178,0,low_restock,0.15791342017810317,0.816235821442226,0.02585075837967098,-0.9416283635543772,2.181636179840329,0.0,0.0,none
inventory,pg,11,86,2.1760810387267924,15.262241524104306,2.714714488023749,0.0,1,balanced_restock,0.1463172352980141,0.8108821458663906,0.0428006188355952,-1.4746675697778477,1.3206769213133016,0.0,0.0,none
inventory,pg,11,87,3.1847644850795653,14.414704514721919,2.622919862524037,0.0,1,balanced_restock,0.14026542210995493,0.7905064266489137,0.0692281512411315,-3.2198385094426696,4.994402576008268,0.0,0.0,none
inventory,pg,11,88,8.1709671698362,14.650203035619262,2.785340071915975,0.0,2,high_restock,0.10124689152859608,0.459224090827784,0.4395290176436199,-1.7271265623427339,4.797340360497959,0.0,0.0,none
inventory,pg,11,89,3.391790178122097,14.961317295826822,2.507581663530688,0.0,1,balanced_restock,0.13912015899732097,0.7863738501693053,0.07450599083337375,-1.7825074485023986,1.654844478858124,0.0,0.0,none
inventory,pg,11,90,4.0643069957211395,13.718573529913433,1.6462923326220313,0.0,1,balanced_restock,0.132332769464143,0.7295123615150185,0.13815486902083854,-1.2708256301549592,1.586194426740097,0.0,0.0,none
inventory,pg,11,91,2.6023589432998833,13.285255580914617,2.0832776945261804,0.0,1,balanced_restock,0.14147525771497374,0.7965716170141606,0.06195312527086564,-0.6641637630568387,1.8485478806389997,0.0,0.0,none
inventory,pg,11,92,0.869039323019539,12.736854967587993,2.417925461990903,0.0,1,balanced_restock,0.15325324433963575,0.8144100431067681,0.032336712553596186,-1.2800457610465619,2.1214906878981767,0.0,0.0,none
inventory,pg,11,93,2.6287021744187484,12.091547000916512,1.4240004062675848,0.0,1,balanced_restock,0.13926900060413816,0.7825727730883124,0.0781582263075493,-0.7772727934664226,1.5318593435943404,0.0,0.0,none
inventory,pg,11,94,1.1922079813326363,11.56008356064211,1.3990185440699872,0.0,0,low_restock,0.14830589653577417,0.8104896972701382,0.041204406194087606,-3.0242166630619502,6.934467452781847,0.0,0.0,none
inventory,pg,11,95,8.126333323034144,11.612405265462602,1.443818526975949,0.0,2,high_restock,0.0834964793384437,0.35080897642943365,0.5656945442321226,-0.7936939955295047,7.40150846838992,0.0,0.0,none
inventory,pg,11,96,0.7248399872271563,11.624496208785455,1.4349971471505567,0.0,1,balanced_restock,0.15165363325626488,0.8133443166595324,0.035002050084202554,-0.40105640999817976,0.7362414827539627,0.0,0.0,none
inventory,pg,11,97,0.0,11.723551110400644,1.3525781603097469,0.007331501785389248,0,low_restock,0.15655501210137776,0.8140294444161287,0.02941554348249357,-2.9210300823610016,7.834550414184246,0.0,0.0,none
inventory,pg,11,98,7.831514521031433,11.840562469322538,1.5364669588624498,0.0,1,balanced_restock,0.08798557371390224,0.3774447457844484,0.5345696805016493,-2.4407915661356503,1.89036713888225,0.0,0.0,none
inventory,pg,11,99,5.945118760387572,11.750582155810985,1.619548227335531,0.0,1,balanced_restock,0.10855330089989086,0.5123831726005725,0.3790635264995367,-1.9022164438519238,1.617446495564522,0.0,0.0,none
inventory,pg,11,100,4.406332696719783,11.255999874737128,1.559058694988818,0.0,1,balanced_restock,0.12495499023997975,0.6474264863489877,0.22761852341103256,-2.0691186978823035,0.6074800190444697,0.0,0.0,none
inventory,pg,11,101,4.883196279663725,11.631671258487314,1.5815110496839515,0.0,0,low_restock,0.1208636867855393,0.6114502762490278,0.2676860369654329,-2.153487851454955,1.4614553785148938,0.0,0.0,none
inventory,pg,11,102,5.6385367184427295,10.830348368683996,2.542341040479676,0.0,2,high_restock,0.11320417634744016,0.5426065548526688,0.3441892687998909,-1.0210058564629965,5.865215592163275,0.0,0.0,none
inventory,pg,11,103,0.0,9.231182454636222,2.3351014831702575,0.08589390293982077,1,balanced_restock,0.16378741754147855,0.8066268771402536,0.029585705318267673,-0.8181084678038955,0.5314052141691659,0.0,0.0,none
inventory,pg,11,104,0.0,9.665705078412746,2.640985239895634,0.08180508353640992,0,low_restock,0.1643216107517273,0.8067716265899509,0.028906762658321625,-0.19435791368996788,0.2515461527518637,0.0,0.0,none
inventory,pg,11,105,0.0,9.882838676431124,2.740228902126848,0.002563913158922837,1,balanced_restock,0.16451300342262656,0.8067182416257448,0.028768754951628745,-0.7688290724876059,1.0979936511097523,0.0,0.0,none
inventory,pg,11,106,0.0,8.80128806284824,2.5645122141336967,0.07300519151564393,1,balanced_restock,0.16597210289391168,0.8040131879250609,0.030014709181027364,-1.1895253040088867,0.07521035296919987,0.0,0.0,none
inventory,pg,11,107,0.0,8.798479396289236,2.5667581148637018,0.14812951857301548,1,balanced_restock,0.16582702020001677,0.8042644015861576,0.02990857821382561,-1.240323689400911,1.0191940680907279,0.0,0.0,none
inventory,pg,11,108,0.0,9.801705417655215,2.3872816180734353,0.15720065882159126,2,high_restock,0.1627375218000152,0.8084585527174952,0.028803925482489574,-1.7987014951253883,0.3075982392051827,0.0,0.0,none
inventory,pg,11,109,0.0,9.998517431696268,2.613812731881436,0.22476812412953362,1,balanced_restock,0.16331120707458197,0.8083214262070275,0.028367366718390605,-1.9643329065818973,0.7759136773006028,0.0,0.0,none
inventory,pg,11,110,0.0,9.225062517770175,2.613382245072334,0.28648801903248167,1,balanced_restock,0.1647833481087062,0.8060667202313401,0.029149931659953835,-1.7947095987733217,1.450230825391899,0.0,0.0,none
inventory,pg,11,111,0.0,10.635298684285711,2.9502589657825133,0.25619814263809315,0,low_restock,0.16370024125020666,0.8086503708440255,0.027649387905767833,-0.9723035044755248,1.5558022397891502,0.0,0.0,none
inventory,pg,11,112,0.0,12.093054498833405,2.418931404425535,0.1414827686563437,1,balanced_restock,0.1595857413533874,0.813296725048399,0.027117533598213544,-1.1296907423909046,0.18562731509388292,0.0,0.0,none
inventory,pg,11,113,0.0,12.276582367525016,2.3913866021362122,0.13744477542694725,1,balanced_restock,0.1592983450457334,0.8136457367478129,0.027055918206453713,-1.183851369462667,0.39116759285735053,0.0,0.0,none
inventory,pg,11,114,0.0,11.887125314156805,2.356148120514805,0.14711631597547625,1,balanced_restock,0.15956594520582726,0.8131531973689607,0.02728085742521204,-1.4014234430699917,0.6363401945610266,0.0,0.0,none
inventory,pg,11,115,0.0,12.207273658779766,1.8075823627216365,0.18596847197678423,1,balanced_restock,0.15742311345980067,0.8147787230853074,0.027798163454891896,-1.6218202607680636,0.9760470384475594,0.0,0.0,none
inventory,pg,11,116,0.0,11.232223345013145,1.8274762543090126,0.22532504656572563,1,balanced_restock,0.15839529111180958,0.8133430374291905,0.02826167145899989,-1.214073753084353,1.2177060052402897,0.0,0.0,none
inventory,pg,11,117,0.0,11.84557437847793,2.876907936509011,0.1525131701936345,2,high_restock,0.1617225954287838,0.8113423717678135,0.026935032803402637,-1.89616358103902,0.14351744742335487,0.0,0.0,none
inventory,pg,11,118,0.0,11.73381790337971,2.8685995055482105,0.24217206804268215,0,low_restock,0.16176503575397788,0.8113568900645143,0.02687807418150781,-0.7502315255303449,0.9979602976340248,0.0,0.0,none
inventory,pg,11,119,0.0,12.634049609830805,3.275798361817071,0.10182705813041874,1,balanced_restock,0.16252771419328899,0.8110088120149187,0.026463473791792348,-0.8859405000654644,0.7876086674843019,0.0,0.0,none
inventory,pg,11,120,0.0,13.288707357511319,2.8379763746458604,0.0939179464402615,1,balanced_restock,0.160026773557846,0.8136481168512494,0.026325109590904623,-0.4596542179661279,1.696000746657715,0.0,0.0,none
inventory,pg,11,121,0.0,14.905415107004837,2.3311431252279133,0.017795396065379977,0,low_restock,0.15728002874638508,0.8163811534604837,0.026338817793131256,-3.1305121711344235,8.437385088401111,0.0,0.0,none
inventory,pg,11,122,8.430034774669782,14.62119133764484,2.124065843419169,0.0,2,high_restock,0.09710016668518963,0.4327576733315477,0.47014215998326253,-1.8581581961929454,4.690021676195057,0.0,0.0,none
inventory,pg,11,123,3.766166274836987,14.943642207564949,1.7490200116403665,0.0,0,low_restock,0.13530605636583823,0.761835378467519,0.10285856516664268,-3.7360429911300903,6.433264987784966,0.0,0.0,none
inventory,pg,11,124,10.160122831800258,14.257603380185913,1.9322375819077517,0.0,1,balanced_restock,0.08173687626042439,0.3425604059605411,0.5757027177790345,-5.551340858050518,4.744398059119256,0.0,0.0,none
inventory,pg,11,125,14.83240245157291,15.081331740478243,1.9079953361003381,0.0,2,high_restock,0.05718015453357528,0.20475496137876936,0.7380648840876554,-3.385638889901158,6.810427130765246,0.0,0.0,none
inventory,pg,11,126,8.130396828289022,13.875214910573124,2.009585303883153,0.0,2,high_restock,0.0963302376058786,0.4282830605036197,0.4753867018905018,-1.403637054874367,5.704363764994682,0.0,0.0,none
inventory,pg,11,127,2.4675344424981915,13.20749993356568,1.848612410327677,0.0,2,high_restock,0.14164043889421368,0.7978492548049572,0.0605103063008291,-0.6083957142190854,2.4838901120056556,0.0,0.0,none
inventory,pg,11,128,0.0,13.475777459484888,1.9427498768901685,0.012213520396265259,1,balanced_restock,0.15691714208367408,0.8157506183328106,0.02733223958351538,-1.6894473217354777,3.901195005394724,0.0,0.0,none
inventory,pg,11,129,3.798420919244222,14.327659617488791,2.198618220298973,0.0,1,balanced_restock,0.13586083125917922,0.7620308178893327,0.10210835085148802,-2.5047167190140147,2.39796967184198,0.0,0.0,none
inventory,pg,11,130,6.127762054325757,13.859071920550567,1.8748065562577718,0.0,1,balanced_restock,0.11573837096651197,0.5690680932627896,0.3151935357706985,-2.224089680074797,0.802510708275671,0.0,0.0,none
inventory,pg,11,131,5.325970514499421,13.83911473724208,1.902292450720625,0.0,1,balanced_restock,0.12372165682614637,0.6404021777361361,0.2358761654377177,-3.557717203810417,3.87338863783641,0.0,0.0,none
inventory,pg,11,132,9.136334868029763,14.533760085106314,1.8606886797849176,0.0,2,high_restock,0.09074459914411212,0.3938895458238825,0.5153658550320054,-0.7995641912906104,8.497291446083215,0.0,0.0,none
inventory,pg,11,133,0.7416119751160295,13.519311680570919,2.6994281538796088,0.0,1,balanced_restock,0.15477861015967959,0.8149315841117203,0.030289805728600096,-0.6519715646658946,1.9796517762491284,0.0,0.0,none
inventory,pg,11,134,0.0,11.710386904486418,3.0061945796781693,0.05213777940462404,1,balanced_restock,0.1625743481488647,0.8102968935678149,0.027128758283320568,-0.8802184872709969,1.0553717452654037,0.0,0.0,none
inventory,pg,11,135,0.0,10.673901370957356,2.811654059405844,0.09289615844124946,0,low_restock,0.1632210480585134,0.8089041416479096,0.027874810293577,-0.37188883747293733,0.22663681820075157,0.0,0.0,none
inventory,pg,11,136,0.0,10.455083803417773,2.804900685838445,0.03426586383445309,0,low_restock,0.1636637201816436,0.8081812688707131,0.02815501094764326,-0.3232696793979373,2.373935022363459,0.0,0.0,none
inventory,pg,11,137,0.0,8.614558827899204,1.3055808640852067,0.025583871321060235,1,balanced_restock,0.16114161691478363,0.806337540258455,0.03252084282676132,-0.8895311639296842,0.4916148565954625,0.0,0.0,none
inventory,pg,11,138,0.0,8.127849695152584,1.2991155619661503,0.09455913641601503,1,balanced_restock,0.16230499799482026,0.8045239751188497,0.03317102688633008,-1.176601423893477,0.17036026818529423,0.0,0.0,none
inventory,pg,11,139,0.0,8.288425351931044,1.2744127127245581,0.1458216828381209,1,balanced_restock,0.16172359926245294,0.8053896663095504,0.03288673442799666,-1.3519064639795677,0.17602821950546463,0.0,0.0,none
inventory,pg,11,140,0.0,8.420780058228573,1.386163309370725,0.17712615428206568,1,balanced_restock,0.1617090846511735,0.8060380511129533,0.03225286423587307,-1.8214518877948143,0.8009865679696884,0.0,0.0,none
inventory,pg,11,141,0.0,7.626092374195307,1.331203497584253,0.2609735513919311,1,balanced_restock,0.16373832777483266,0.802554484592778,0.033707187632389404,-2.1492186742222015,0.28419243949062944,0.0,0.0,none
inventory,pg,11,142,0.0,7.885127512939339,1.2300086161551516,0.319503334682536,1,balanced_restock,0.16257498033143428,0.803959688625469,0.03346533104309683,-2.137702131514338,1.2653282854417,0.0,0.0,none
inventory,pg,11,143,0.0,8.879572581038365,2.012396274017474,0.31744680919898893,1,balanced_restock,0.16285847819523117,0.8071108844704256,0.03003063733434327,-2.0614022528729734,1.0554695857849412,0.0,0.0,none
inventory,pg,11,144,0.0,9.78799792755126,2.549605540779974,0.30382183087017384,1,balanced_restock,0.16331525319123996,0.8081767992568543,0.02850794755190569,-2.178304549988437,0.14856724627219262,0.0,0.0,none
inventory,pg,11,145,0.0,9.934004784977828,2.5674504699850877,0.3246972410693637,1,balanced_restock,0.16310068404218903,0.808575093034152,0.02832422292365885,-2.253361207298674,1.2962098513842002,0.0,0.0,none
inventory,pg,11,146,0.0,10.920226701240349,1.7264114275007587,0.33810021558904896,1,balanced_restock,0.1584307830572697,0.8130904710208856,0.02847874592184468,-2.371385861723574,0.9312691797011794,0.0,0.0,none
inventory,pg,11,147,0.0,11.444582031246567,0.9570808208713146,0.3591760467363525,1,balanced_restock,0.15595088784202546,0.81386045709705,0.030188655060924476,-2.7434894691180083,1.2810550471474211,0.0,0.0,none
inventory,pg,11,148,0.0,10.485531655990822,1.8037857270025983,0.42562311948535864,1,balanced_restock,0.1592365070951968,0.8122240640183283,0.02853942888647501,-3.1488898478591003,1.2070981313826545,0.0,0.0,none
inventory,pg,11,149,0.0,9.28128101253468,1.7634676049548432,0.4980160442605537,1,balanced_restock,0.1610076439564111,0.8092838577332406,0.02970849831034833,-3.5282266407152387,0.6598845416920515,0.0,0.0,none
inventory,pg,11,150,0.0,8.625194773182994,1.7837141270570467,0.5657547572705783,1,balanced_restock,0.162452482404046,0.8070759111120219,0.030471606483932177,-3.2974550912073015,1.4718220238559567,0.0,0.0,none
inventory,pg,11,151,0.0,9.38976529022843,3.0406921681434427,0.5245455520013038,1,balanced_restock,0.16599218636356974,0.8052496867736326,0.028758126862797728,-3.1606937358537173,0.7910914332335821,0.0,0.0,none
inventory,pg,11,152,0.0,10.026730314674642,3.509205556824023,0.5001238814024496,0,low_restock,0.1668993442907851,0.8048584618764495,0.028242193832765557,-2.1567003836401093,1.8478725576186175,0.0,0.0,none
inventory,pg,11,153,0.0,11.816972713694748,3.9428119115849922,0.35298221136430524,1,balanced_restock,0.16625410692760165,0.8068625851940676,0.02688330787833075,-2.5569205046209635,0.6796214941589319,0.0,0.0,none
inventory,pg,11,154,0.0,12.27992335809534,3.4468122958111875,0.3923072329680292,1,balanced_restock,0.16339974786510109,0.8102829686463079,0.026317283488591012,-2.347622490836281,1.8059250466229175,0.0,0.0,none
inventory,pg,11,155,0.0,13.751510374697395,2.40067651950127,0.35493258764933583,1,balanced_restock,0.15828290460868075,0.8156403543072467,0.02607674108407252,-2.2042707224700613,0.22922442556943312,0.0,0.0,none
inventory,pg,11,156,0.0,13.532960921843102,2.336452776281047,0.3293340575839395,1,balanced_restock,0.15819706699141017,0.8155452749797778,0.026257658028812,-1.8737379865499757,0.5380141795231467,0.0,0.0,none
inventory,pg,11,157,0.0,14.017389373259354,2.56295782110154,0.2703103547410671,1,balanced_restock,0.15857820435688522,0.8154559224346953,0.025965873208419546,-1.7834039283560315,0.687329716932385,0.0,0.0,none
inventory,pg,11,158,0.0,13.383241138210195,2.2983487812678733,0.2541792729207199,1,balanced_restock,0.1581271967781893,0.8154024555348445,0.026470347686966253,-1.2400742131662854,1.9319658988370727,0.0,0.0,none
inventory,pg,11,159,0.0,15.292115728636697,2.01678788545302,0.15715610949397957,0,low_restock,0.15645804083611378,0.8171680774339868,0.026373881729899254,-0.6168601227622197,0.8065926869969678,0.0,0.0,none
inventory,pg,11,160,0.0,14.676905920185149,2.5323891501812485,0.07801073620753923,1,balanced_restock,0.15799938718363024,0.8159043738385754,0.026096238977794343,-0.5275222099603909,0.3202119814033703,0.0,0.0,none
inventory,pg,11,161,0.0,14.991871281274175,2.5004626132677825,0.029914680350069795,0,low_restock,0.15772049109783426,0.8161592758359585,0.02612023306620711,-3.25187348161345,8.778474096876725,0.0,0.0,none
inventory,pg,11,162,8.776781376038429,15.139701241582625,2.5839345336684474,0.0,2,high_restock,0.09732380177707832,0.43409223339231556,0.4685839648306061,-3.6366166739364396,0.9909144010600137,0.0,0.0,none
inventory,pg,11,163,8.84747621124697,16.128005063139476,2.570928888775305,0.0,1,balanced_restock,0.1002725025758181,0.4520909524029957,0.4476365450211861,-5.059855347852372,4.613563583537638,0.0,0.0,none
inventory,pg,11,164,13.428158136721063,15.685817160259926,2.244138595886109,0.0,2,high_restock,0.06588278449045788,0.254332554894015,0.6797846606155271,-4.558744280011733,2.5312430498945826,0.0,0.0,none
inventory,pg,11,165,11.482126514319237,16.588575609769396,0.9005689162300803,0.0,2,high_restock,0.08168810854459926,0.3383672698154219,0.5799446216399788,-4.01409300631134,1.5856095269970647,0.0,0.0,none
inventory,pg,11,166,9.925980018032401,16.804001528507463,0.6857263512344072,0.0,2,high_restock,0.09308523498420196,0.40413483324503724,0.5027799317707609,-3.67560176212916,0.967680731608762,0.0,0.0,none
inventory,pg,11,167,8.958862177511886,16.836416160294693,0.69192090690065,0.0,2,high_restock,0.09985587217016129,0.449965710711612,0.45017841711822676,-1.6089239578049321,6.125657925956382,0.0,0.0,none
inventory,pg,11,168,3.0540684508712346,15.641318447924855,1.8004503515009418,0.0,1,balanced_restock,0.13954220878705986,0.7929516746733194,0.06750611653962067,-2.2317837104625484,2.3390436855558834,0.0,0.0,none
inventory,pg,11,169,5.347953458464424,15.183959064348674,1.794179057148089,0.0,1,balanced_restock,0.1259267500730503,0.666976613338125,0.20709663658882466,-3.466956625539297,3.530842473409364,0.0,0.0,none
inventory,pg,11,170,8.877018930112278,15.078978483158608,1.7551336166017153,0.0,1,balanced_restock,0.09477356276661876,0.41766337616001276,0.4875630610733685,-4.44412666157144,2.814778095958176,0.0,0.0,none
inventory,pg,11,171,11.668933318775544,14.748590660148631,1.6171710772379864,0.0,2,high_restock,0.07177510622301013,0.28605110908433745,0.6421737846926524,-2.057212036911425,7.446319612133183,0.0,0.0,none
inventory,pg,11,172,4.334891534032643,13.475205871304151,1.8121019501749158,0.0,1,balanced_restock,0.13072766611263043,0.7108365030882022,0.15843583079916726,-2.2892393968705287,1.2026394122831254,0.0,0.0,none
inventory,pg,11,173,5.512112562487225,13.691608822323198,1.6952175246457415,0.0,1,balanced_restock,0.12089299058680901,0.615518806788826,0.263588202624365,-2.750107761644462,1.331415733099764,0.0,0.0,none
inventory,pg,11,174,6.828879318984178,13.496185172103953,1.670666348196109,0.0,1,balanced_restock,0.10632264619442175,0.49628982587900344,0.3973875279265748,-2.257153178697473,1.7204830538271596,0.0,0.0,none
inventory,pg,11,175,5.420437653421352,12.508683744661814,1.636098385965449,0.0,1,balanced_restock,0.1179444773729177,0.5875836069303995,0.2944719156966828,-1.7895778992658187,1.6107589465748688,0.0,0.0,none
inventory,pg,11,176,4.084508283616625,11.683114992968218,1.277945710293186,0.0,1,balanced_restock,0.12820206226326475,0.6816042868770592,0.1901936508596761,-0.544652575271497,3.626006632310528,0.0,0.0,none
inventory,pg,11,177,0.5275787864899915,11.238537450491469,1.8243223741028225,0.0,1,balanced_restock,0.15438398353469782,0.8132561243878972,0.03235989207740496,-0.49072674432398866,0.8834734068552959,0.0,0.0,none
inventory,pg,11,178,0.0,10.570760626692584,1.588282010909063,0.023344061486426555,1,balanced_restock,0.1584614859556166,0.8119269576853796,0.02961155635900375,-0.6572401525058504,1.042333173155051,0.0,0.0,none
inventory,pg,11,179,0.0,9.891123754938537,0.798555460949636,0.053078598661759,1,balanced_restock,0.1573764262292371,0.8098032295141322,0.03282034425663083,-1.1658941542945165,1.397443092992629,0.0,0.0,none
inventory,pg,11,180,0.0,8.901177083579437,1.780697254390358,0.14390967040973507,1,balanced_restock,0.1620357366697542,0.8073086524384516,0.03065561089179415,-1.3138029839889303,0.14038617029267123,0.0,0.0,none
inventory,pg,11,181,0.0,8.79859088330435,1.688573754642448,0.17032196142659467,1,balanced_restock,0.16188469967298674,0.8071812329878549,0.03093406733915838,-1.2257770187333472,1.1595092078221318,0.0,0.0,none
inventory,pg,11,182,0.0,9.730041695868632,2.3789460471609583,0.15460303905952627,1,balanced_restock,0.16284166301482986,0.8082708644384183,0.028887472546751773,-1.1946727496996132,0.559895814431057,0.0,0.0,none
inventory,pg,11,183,0.0,10.24013498656094,2.609721494695212,0.14904870530350237,1,balanced_restock,0.1629536719131582,0.8087955734959116,0.02825075459093019,-1.2389707581674112,0.30749088839309985,0.0,0.0,none
inventory,pg,11,184,0.0,10.545673485846098,2.6434008374040805,0.15695906395846626,1,balanced_restock,0.16257318414130364,0.8094709996783677,0.02795581618032867,-1.47383479248311,1.3627506903318019,0.0,0.0,none
inventory,pg,11,185,0.0,11.230148404528515,1.4657656793094773,0.19889907008626964,1,balanced_restock,0.15729364554297134,0.8136332784984117,0.02907307595861693,-1.4554562656047056,0.42191727412714264,0.0,0.0,none
inventory,pg,11,186,0.0,11.645866795960561,1.3937821082879525,0.19561719028655458,1,balanced_restock,0.15672552468260798,0.8142859507655229,0.02898852455186904,-1.50061545809716,0.3901447152030985,0.0,0.0,none
inventory,pg,11,187,0.0,11.312903901590468,1.1905984982324194,0.20368133180306427,1,balanced_restock,0.1565122222116546,0.8137207242929132,0.02976705349543222,-1.5978858857734992,0.34427760795738893,0.0,0.0,none
inventory,pg,11,188,0.0,10.991967159815285,1.0672089850089113,0.22105105103098205,1,balanced_restock,0.1565310547613769,0.8130915448305841,0.030377400408038893,-1.4011289065584709,0.9278040598340997,0.0,0.0,none
inventory,pg,11,189,0.0,11.594604629022351,1.7717754997113275,0.18591587617115551,1,balanced_restock,0.15784397334243705,0.8139514999146483,0.02820452674291479,-1.6473544149452461,0.06649185849622882,0.0,0.0,none
inventory,pg,11,190,0.0,11.56620094384466,1.8127771942467645,0.22988471695450827,0,low_restock,0.15800691797857963,0.8139235158757994,0.028069566145620877,-0.7676708583006704,0.6647389391685616,0.0,0.0,none
inventory,pg,11,191,0.0,12.069463518260088,2.2287023824502263,0.10494122469654828,0,low_restock,0.15891340000846352,0.8136905483736189,0.027396051617917583,-0.49131146462857345,0.46614701735729996,0.0,0.0,none
inventory,pg,11,192,0.0,11.673259983671468,2.469285817368569,0.05559133296938812,1,balanced_restock,0.160285786636272,0.8122578601476724,0.02745635321605564,-0.47414649181879526,0.7558552974567643,0.0,0.0,none
inventory,pg,11,193,0.0,12.40934848488676,2.6373671775341694,0.020383302110499154,1,balanced_restock,0.16012880970635693,0.8128883903895162,0.026982799904126838,-0.5235773059268896,0.48777763725716344,0.0,0.0,none
inventory,pg,11,194,0.46736373121968455,12.296295012640112,2.557984562582003,0.0,1,balanced_restock,0.15668992374370516,0.8136821074819139,0.029627968774380863,-0.6019272373010838,0.920256557714398,0.0,0.0,none
inventory,pg,11,195,0.6912206780030967,12.956630172963736,1.9573867974899783,0.0,1,balanced_restock,0.15291947547715476,0.8153907428702746,0.03168978165257057,-2.0853282856002546,4.261982129844351,0.0,0.0,none
inventory,pg,11,196,4.929509387429299,13.255079023237537,2.2925416489142356,0.0,1,balanced_restock,0.12747887799693866,0.6705713594737016,0.2019497625293597,-3.0743085291952794,3.1798019635465655,0.0,0.0,none
inventory,pg,11,197,7.755167226272228,14.329312106825878,1.3062244650000616,0.0,0,low_restock,0.10017063285244952,0.453129075989779,0.4467002911577715,-6.352589480225686,9.885913626836098,0.0,0.0,none
inventory,pg,11,198,17.635969943501962,14.612560218247378,1.4504340618558917,0.0,1,balanced_restock,0.051466914247733614,0.17187344796863813,0.7766596377836282,-8.759796898970519,6.449707863699555,0.0,0.0,none
inventory,pg,11,199,23.999419711344345,15.506411196024931,2.0038498266663245,0.0,2,high_restock,0.047422100049891,0.1462834181463273,0.8062944818037817,-7.189167954852873,5.010173064270062,0.0,0.0,none
inventory,pg,11,200,18.997622728151065,15.661280410029594,1.7591528724363192,0.0,2,high_restock,0.05169196672597854,0.17382733998014663,0.7744806932938748,-7.333384184371926,0.68247491373087,1.0,1.0,inventory_demand_spike
inventory,pg,11,201,19.409669098205505,16.096031942155243,2.0862322238349034,0.0,2,high_restock,0.05232457110213943,0.17781852690359468,0.769856901994266,-8.215972579649149,2.8105285304617054,1.0,0.0,inventory_demand_spike
inventory,pg,11,202,21.931350227569,17.235236600259356,2.5785813370718245,0.0,1,balanced_restock,0.05209108236945583,0.17687249323236845,0.7710364243981757,-11.976244577068169,11.38176936469848,1.0,0.0,inventory_demand_spike
inventory,pg,11,203,33.18927022019477,18.71066005533856,3.3704379775238062,0.0,2,high_restock,0.04505549246117315,0.12806227212105284,0.826882235417774,-12.544105063204967,1.1181396352657968,1.0,0.0,inventory_demand_spike
inventory,pg,11,204,34.29744303772848,18.859604665276827,3.36825770183608,0.0,1,balanced_restock,0.04447940674313485,0.12282568322056249,0.8326949100363026,-14.619541912564273,6.715773422249055,1.0,0.0,inventory_demand_spike
inventory,pg,11,205,40.741548321612214,19.94878511869223,1.8226815344776715,0.0,2,high_restock,0.042633700796659756,0.10584414882632469,0.8515221503770155,-16.860588014452137,6.000385687777997,1.0,0.0,inventory_demand_spike
inventory,pg,11,206,46.63025146986325,21.04411647433155,2.1805262706729227,0.0,2,high_restock,0.042160025058294553,0.10338424444143303,0.8544557305002725,-18.066988326482882,3.4518453859752967,1.0,0.0,inventory_demand_spike
inventory,pg,11,207,50.077109504236816,21.229151855333562,2.1675583359565755,0.0,1,balanced_restock,0.041667951576452804,0.10044719886682024,0.8578848495567271,-20.409761124648174,7.255024591168427,1.0,0.0,inventory_demand_spike
inventory,pg,11,208,57.285031784709076,20.419152312902867,2.0090056368555245,0.0,1,balanced_restock,0.04098041884523176,0.09207611406112877,0.8669434670936395,-24.017219066208327,10.32686414638949,1.0,0.0,inventory_demand_spike
inventory,pg,11,209,67.59205447488094,21.058922287430494,1.998968607414451,0.0,2,high_restock,0.041575286534934724,0.0869531802138073,0.871471533251258,-23.95176187953304,0.8064433088826081,1.0,0.0,inventory_demand_spike
inventory,pg,11,210,66.89074822723727,20.829839981125012,2.3246089832821313,0.0,2,high_restock,0.04166356070352845,0.08753356881104701,0.8708028704854245,-24.491687451656365,1.8575888884065883,1.0,0.0,inventory_demand_spike
inventory,pg,11,211,68.43339271901819,19.96062824983099,1.7630438343541892,0.0,2,high_restock,0.04222120243375579,0.08535462988086509,0.8724241676853791,-23.57172672494491,2.949597166824505,1.0,0.0,inventory_demand_spike
inventory,pg,11,212,65.8049334998426,18.74556479912116,2.3242446811275657,0.0,2,high_restock,0.04274581838228044,0.0862414461846069,0.8710127354331126,-23.167921156423507,1.2503643900360375,1.0,0.0,inventory_demand_spike
inventory,pg,11,213,64.65120330406717,18.273234303871618,2.4202740853925375,0.0,2,high_restock,0.04287389390139652,0.08641604608555387,0.8707100600130496,-23.700218970070907,1.8094073948594613,1.0,0.0,inventory_demand_spike
inventory,pg,11,214,66.1720542002026,17.715999945064333,1.6137646051873755,0.0,2,high_restock,0.04305147531554922,0.08451982599848748,0.8724286986859633,-24.444953086928507,2.2141117371285306,1.0,0.0,inventory_demand_spike
inventory,pg,11,215,68.29986596265289,18.28182354708313,1.8473273151112313,0.0,2,high_restock,0.04316962894804766,0.0849945111070452,0.8718358599449071,-25.030058369151796,1.6720283362300947,1.0,0.0,inventory_demand_spike
inventory,pg,11,216,69.97159534043371,18.30764052428311,1.8655791180135166,0.0,2,high_restock,0.04337409690386575,0.08496235653338532,0.8716635465627489,-24.19006288515625,2.401472703826671,1.0,0.0,inventory_demand_spike
inventory,pg,11,217,67.57160824330359,18.3533349486922,1.7945502477463111,0.0,1,balanced_restock,0.043006042445335374,0.08494865959219704,0.8720452979624675,-25.81853509186453,5.1677035457848675,1.0,0.0,inventory_demand_spike
inventory,pg,11,218,72.73867169104152,18.417493677394873,1.7445610319157692,0.0,2,high_restock,0.043570082840131946,0.08466873475078286,0.8717611824090853,-24.98168803118054,3.0530089548758492,1.0,0.0,inventory_demand_spike
inventory,pg,11,219,69.83339437480154,17.532268034919788,2.0553711929436087,0.0,2,high_restock,0.043724352722702135,0.08512642000204103,0.8711492272752568,-23.50967901280633,4.392527553038199,1.0,0.0,inventory_demand_spike
inventory,pg,11,220,65.62765432230381,16.265557671930186,2.0167218551630626,0.0,2,high_restock,0.0437689290846459,0.08491808822758165,0.8713129826877724,-23.12330371890975,1.4637081386731943,1.0,0.0,inventory_demand_spike
inventory,pg,11,221,64.52372491117072,15.710425914147402,1.2321136077207588,0.0,2,high_restock,0.04359347519742819,0.08306517483865598,0.8733413499639158,-23.792491441958205,2.2602056315334362,1.0,0.0,inventory_demand_spike
inventory,pg,11,222,66.43568983416631,16.572816318172546,2.074255176042417,0.0,2,high_restock,0.04375358386645391,0.08507369975198828,0.8711727163815579,-24.618193255850024,2.4971723362951272,1.0,0.0,inventory_demand_spike
inventory,pg,11,223,68.79483787385722,17.211233236563142,2.586811555666031,0.0,2,high_restock,0.04386637389438826,0.08591699344056945,0.8702166326650423,-25.20157936759682,1.9039986934809177,1.0,0.0,inventory_demand_spike
inventory,pg,11,224,70.46165533599093,18.12565219223788,2.4830399496944957,0.0,2,high_restock,0.04370763895781872,0.08591295726896538,0.870379403773216,-26.611019561545703,4.428278018922507,1.0,0.0,inventory_demand_spike
inventory,pg,11,225,74.48862731870202,19.772194599279644,1.6571822348638632,0.0,2,high_restock,0.04315031026214203,0.08466411482103112,0.8721855749168269,-26.30335961321497,0.8835779601486737,1.0,0.0,inventory_demand_spike
inventory,pg,11,226,73.60959889489992,19.81717479674584,1.5797495308920024,0.0,1,balanced_restock,0.04297582142144469,0.08453631948676806,0.8724878590917872,-27.787859104274315,4.815142851393001,1.0,0.0,inventory_demand_spike
inventory,pg,11,227,78.36531172649805,19.185924378466346,1.9924468196109504,0.0,2,high_restock,0.04385712633670959,0.08507025284790129,0.8710726208153892,-28.495187353932224,1.5180026825334305,1.0,0.0,inventory_demand_spike
inventory,pg,11,228,79.87196386837779,19.015425198904115,1.9199106402486017,0.0,2,high_restock,0.04396996668711866,0.08482330343948123,0.8712067298734001,-28.701830265822824,0.6289272077818687,1.0,0.0,inventory_demand_spike
inventory,pg,11,229,80.46237218806522,18.800143370414855,1.8949870960686948,0.0,2,high_restock,0.04404345517869684,0.08465784971918032,0.8712986951021229,-28.89949545837539,1.250716543207516,1.0,0.0,inventory_demand_spike
inventory,pg,11,230,81.02712988107255,18.107700512474107,1.0198508163220268,0.0,2,high_restock,0.04406058157232299,0.08243218093046982,0.8735072374972072,-29.8058310078899,2.6918747004643615,1.0,0.0,inventory_demand_spike
inventory,pg,11,231,83.61666002254258,18.80141222552853,1.2633402587819504,0.0,2,high_restock,0.0440894564142079,0.08317388084304088,0.8727366627427513,-31.436758293364754,4.814490042379507,1.0,0.0,inventory_demand_spike
inventory,pg,11,232,88.27645226675645,19.98222810805168,1.530406655988191,0.0,1,balanced_restock,0.04411461580738813,0.08394273988865797,0.871942644303954,-34.7292853622014,9.934351266099128,1.0,0.0,inventory_demand_spike
inventory,pg,11,233,98.1979581777183,20.4651988618681,1.6780372353147892,0.0,2,high_restock,0.0445226451048157,0.08342201538731658,0.8720553395078676,-35.86884149800093,2.7896478431269696,1.0,0.0,inventory_demand_spike
inventory,pg,11,234,100.93954713714552,20.89543498981606,1.3939211667475926,0.0,2,high_restock,0.04454669881780878,0.08279638446490321,0.8726569167172881,-38.355358208457055,7.227907715754006,1.0,0.0,inventory_demand_spike
inventory,pg,11,235,108.04388059559159,22.20335014290381,1.6397951405299709,0.0,2,high_restock,0.04461028853984659,0.08329779308964805,0.8720919183705055,-41.27446951925306,8.430027380793868,1.0,0.0,inventory_demand_spike
inventory,pg,11,236,116.38419862643732,23.353507720778953,2.065934004446674,0.0,2,high_restock,0.04479842082010066,0.08382364766885651,0.8713779315110428,-42.71429482996631,4.115511735588791,1.0,0.0,inventory_demand_spike
inventory,pg,11,237,120.49798522847519,23.244306592343747,2.1135969062815407,0.0,2,high_restock,0.045129296849956355,0.08343630074387429,0.8714344024061693,-43.070724365924384,1.3159114525001598,1.0,0.0,inventory_demand_spike
inventory,pg,11,238,121.51635533121254,22.663679430698846,2.711440852334342,0.0,1,balanced_restock,0.0453950794631241,0.08406536303653837,0.8705395575003375,-45.17231891420296,6.547935269432284,1.0,0.0,inventory_demand_spike
inventory,pg,11,239,128.03519689772276,22.219129952115445,3.1386839734083622,0.0,2,high_restock,0.045833560785811335,0.08396060110066217,0.8702058381135265,-47.8089425487752,7.018962691577687,1.0,0.0,inventory_demand_spike
inventory,pg,11,240,135.05412156792914,22.202048194467512,3.1231291258267944,0.0,2,high_restock,0.04602421560720317,0.08315333596993364,0.8708224484228633,-47.832478885023356,1.7228695395225229,1.0,0.0,inventory_demand_spike
inventory,pg,11,241,135.1213682429239,20.547433923297312,2.647725141244618,0.0,2,high_restock,0.046171883077168165,0.08075886306593387,0.8730692538568979,-49.59699863374679,5.04663647280547,1.0,0.0,inventory_demand_spike
inventory,pg,11,242,140.16285323927656,20.73297360216027,2.780177954611615,0.0,2,high_restock,0.04621173834797107,0.08039340487696273,0.8733948567750662,-50.829803445607745,3.560152391355705,1.0,0.0,inventory_demand_spike
inventory,pg,11,243,143.68515270173643,21.23375947410478,2.6486292682197097,0.0,2,high_restock,0.046228051491409176,0.0799151358223689,0.873856812686222,-51.170947165246474,0.9829576344998148,1.0,0.0,inventory_demand_spike
inventory,pg,11,244,144.65984904356137,21.32493042916772,2.5599691903522337,0.0,2,high_restock,0.046238813194843575,0.07959444888502816,0.8741667379201283,-52.69400363796543,4.4282582811975,1.0,0.0,inventory_demand_spike
inventory,pg,11,245,149.01143896561553,20.791463479537278,1.9366317464882337,0.0,2,high_restock,0.04636547065521666,0.07644514107992394,0.8771893882648594,-51.88026253085067,2.4924553043140256,1.0,0.0,inventory_demand_spike
inventory,pg,11,246,146.68646437385908,20.31301922618703,2.69684072310335,0.0,2,high_restock,0.04630577347689872,0.07853150957904832,0.8751627169440529,-51.21917597310066,2.342925498952613,1.0,0.0,inventory_demand_spike
inventory,pg,11,247,144.79764563743046,18.926958479630777,2.719185329040124,0.0,2,high_restock,0.04635169265258007,0.07741960627301901,0.8762287010744009,-51.28147527054734,0.7664762944638996,1.0,0.0,inventory_demand_spike
inventory,pg,11,248,144.97564363013527,18.258098185679767,2.3899004497274836,0.0,2,high_restock,0.04639408479923505,0.07556833579245319,0.8780375794083117,-49.97911853717885,3.8605809196521035,1.0,0.0,inventory_demand_spike
inventory,pg,11,249,141.2546243919396,17.318955069675642,2.8095563490325977,0.0,0,low_restock,0.04637272675835112,0.07645036023474328,0.8771769130069057,-54.62400199303999,14.322828484888165,1.0,0.0,inventory_demand_spike
inventory,pg,11,250,155.55429140868569,16.908570488614032,2.1063326909163713,0.0,0,low_restock,0.04647654560752213,0.07008049673557151,0.8834429576569065,-57.84178687216357,9.194399267864247,1.0,0.0,inventory_demand_spike
inventory,pg,11,251,164.74796249189592,16.812299623607366,2.1705341799758635,0.0,0,low_restock,0.04656562419327259,0.06798547974862225,0.8854488960581052,-60.681896765254585,8.128587780073234,1.0,0.0,inventory_demand_spike
inventory,pg,11,252,172.8625621864417,16.412983309802247,2.4308370365922234,0.0,2,high_restock,0.04667935686801815,0.06650509212068798,0.8868155510112938,-59.33598833369286,4.978741172108747,1.0,0.0,inventory_demand_spike
inventory,pg,11,253,167.98853809626533,15.402578893226012,2.534931907717088,0.0,1,balanced_restock,0.04669202601521003,0.06632998231194794,0.886977991672842,-61.12400677442861,5.6628179578122095,1.0,0.0,inventory_demand_spike
inventory,pg,11,254,173.6114479269389,16.071364706999862,2.5907691240686685,0.0,2,high_restock,0.04669814271449326,0.066337627729632,0.8869642295558746,-60.632359120470404,2.337289772643278,1.0,0.0,inventory_demand_spike
inventory,pg,11,255,171.69245462991546,15.227632644245952,1.5570842525710589,0.0,2,high_restock,0.04697788408703278,0.0639281323388036,0.8890939835741636,-60.47536815420931,0.698816239870526,1.0,0.0,inventory_demand_spike
inventory,pg,11,256,171.24390901202662,15.699189304026138,1.8116137840530728,0.0,2,high_restock,0.046872593519709266,0.06465327154554511,0.8884741349347456,-60.418486145992404,0.7631376695164498,1.0,0.0,inventory_demand_spike
inventory,pg,11,257,171.08138898854975,16.443765360421605,1.7719547264917783,0.0,2,high_restock,0.04678701155265072,0.06529094861051289,0.8879220398368364,-60.84620670495682,1.891892608390388,1.0,0.0,inventory_demand_spike
inventory,pg,11,258,172.30344772844808,17.66298192643654,0.9977835289682326,0.0,2,high_restock,0.0468208157121738,0.0648581456771753,0.8883210386106509,-61.78153305057002,2.7981979429990043,1.0,0.0,inventory_demand_spike
inventory,pg,11,259,174.97580871591435,18.27287215779508,1.5603067609911863,0.0,2,high_restock,0.04668665663526014,0.06638935037389385,0.8869239929908461,-62.0585469624826,1.059454431440041,1.0,0.0,inventory_demand_spike
inventory,pg,11,260,175.7672770356646,18.814964481149822,1.110687473049114,0.0,1,balanced_restock,0.04672545567595735,0.06587712926056445,0.8873974150634781,-63.02712369341488,3.3818849289241593,1.0,0.0,inventory_demand_spike
inventory,pg,11,261,179.04892483832825,18.361003165260325,1.790284776923283,0.0,2,high_restock,0.04669818137593214,0.06635916444077834,0.8869426541832895,-63.175515847334346,0.09154288032665303,1.0,0.0,inventory_demand_spike
inventory,pg,11,262,178.95861670666957,18.375445543623965,1.7862900301201592,0.0,2,high_restock,0.04669612981275481,0.06638485095280204,0.8869190192344433,-62.47490024903118,2.1086149888565524,1.0,0.0,inventory_demand_spike
inventory,pg,11,263,176.95685785437482,17.73068202518535,1.9395828015764667,0.0,2,high_restock,0.04670166158447564,0.06626272603995781,0.8870356123755665,-61.47421274041861,3.1020596866013213,1.0,0.0,inventory_demand_spike
inventory,pg,11,264,174.09775068691033,16.624388394199197,1.4658794067925947,0.0,1,balanced_restock,0.04688189740403611,0.06452322605641893,0.888594876539545,-63.859958371836946,7.333372172812391,1.0,0.0,inventory_demand_spike
inventory,pg,11,265,181.4284524909627,16.73223509105963,1.6317937672879756,0.0,2,high_restock,0.04695423059922714,0.06411199912354401,0.8889337702772289,-65.35713015735587,4.048505210939298,1.0,0.0,inventory_demand_spike
inventory,pg,11,266,185.1918004495882,18.028575122251986,2.3714620097050223,0.0,2,high_restock,0.04671588580724931,0.06628555516904061,0.88699855902371,-65.34467135702451,0.0372431269914068,1.0,0.0,inventory_demand_spike
inventory,pg,11,267,185.15620387721287,18.03951743410866,2.3710143999882427,0.0,2,high_restock,0.046714276638180514,0.06630513523669701,0.8869805881251224,-65.75189476248724,1.34220548197968,1.0,0.0,inventory_demand_spike
inventory,pg,11,268,186.3196993213921,18.672568293403454,2.154126141254404,0.0,2,high_restock,0.04670968825299761,0.06639695064950077,0.8868933610975017,-66.50875931231474,2.547364442927767,1.0,0.0,inventory_demand_spike
inventory,pg,11,269,188.48216946375638,19.676883755369204,1.2573881966282898,0.0,2,high_restock,0.04680763026670974,0.06525858195356378,0.8879337877797264,-68.37579377317292,5.431711341934012,1.0,0.0,inventory_demand_spike
inventory,pg,11,270,193.8165536376369,20.477620229334835,1.8950830192579542,0.0,2,high_restock,0.04670231686780834,0.06687773508107371,0.8864199480511179,-69.85142672459521,4.217628181276176,1.0,0.0,inventory_demand_spike
inventory,pg,11,271,198.03264778455775,20.56816946699391,1.9639194584023048,0.0,2,high_restock,0.046735299802982536,0.06641116241477728,0.8868535377822402,-71.66945491515983,5.306823993336782,1.0,0.0,inventory_demand_spike
inventory,pg,11,272,203.2270140433138,21.614162033220186,1.6692338334542638,0.0,2,high_restock,0.04676192740772366,0.0662128186954102,0.887025253896866,-73.93658136623287,6.567857601296056,1.0,0.0,inventory_demand_spike
inventory,pg,11,273,209.70451818923678,22.676963773568936,1.4475449271809213,0.0,2,high_restock,0.04678891276361332,0.06602260623715128,0.8871884809992354,-75.21194717467519,3.6859558469311517,1.0,0.0,inventory_demand_spike
inventory,pg,11,274,213.34842049907198,22.97325020706312,0.9780123817371057,0.0,2,high_restock,0.04687975202604354,0.06489285580521885,0.8882273921687377,-77.59759281036993,6.82735649889842,1.0,0.0,inventory_demand_spike
inventory,pg,11,275,220.16455088677122,23.26959944982686,1.2336301183024343,0.0,0,low_restock,0.04690080855058382,0.06477067509093606,0.8883285163584801,-84.10909495106063,19.64542649853228,1.0,0.0,inventory_demand_spike
inventory,pg,11,276,239.7974141458875,23.95295327226595,1.3963879489418327,0.0,1,balanced_restock,0.047061695178796555,0.06359559587851249,0.8893427089426911,-86.70515976379208,7.041583688836524,1.0,0.0,inventory_demand_spike
inventory,pg,11,277,246.7004564679774,23.09468848493272,2.489680728186298,0.0,2,high_restock,0.04705457285783098,0.06369745380543804,0.8892479733367309,-89.47992609858439,7.41710040771987,1.0,0.0,inventory_demand_spike
inventory,pg,11,278,254.11407456738397,23.281911275629433,2.6184936195963426,0.0,2,high_restock,0.0471018302898887,0.06341063740513118,0.8894875323049801,-91.37386426592211,5.424314875539867,1.0,0.0,inventory_demand_spike
inventory,pg,11,279,259.52532647406315,23.635381194998235,2.4896383225946237,0.0,2,high_restock,0.047143515631995425,0.0631638909131399,0.8896925934548647,-91.47601845854847,1.4916241991924077,1.0,0.0,inventory_demand_spike
inventory,pg,11,280,259.81719559585275,22.330528941816315,3.1507856319956558,0.0,1,balanced_restock,0.04715469984641111,0.06312800961056869,0.8897172905430202,-94.25445078345473,8.526997412819588,1.0,0.0,inventory_demand_spike
inventory,pg,11,281,268.2698593812992,21.29448904708235,2.7162961097362075,0.0,1,balanced_restock,0.04726112543218914,0.0625583627232566,0.8901805118445543,-97.53179536124111,9.380601263405012,1.0,0.0,inventory_demand_spike
inventory,pg,11,282,277.6337010321175,21.78664891282802,2.4481016505347197,0.0,2,high_restock,0.047281192120160714,0.06245361229167741,0.890265195588162,-99.51445014455261,5.201558250612131,1.0,0.0,inventory_demand_spike
inventory,pg,11,283,282.7841432701503,21.334013740553274,1.8786506974068493,0.0,2,high_restock,0.04729834132885282,0.06236333231279399,0.8903383263583531,-99.64959588858734,1.077259477016731,1.0,0.0,inventory_demand_spike
inventory,pg,11,284,283.1702739673924,20.328989498665855,1.8423555367333795,0.0,2,high_restock,0.04730269093880253,0.06234302061441613,0.8903542884467814,-100.14896380870348,1.4594098333368994,1.0,0.0,inventory_demand_spike
inventory,pg,11,285,284.5970394534385,20.555968771517158,1.6357212724791093,0.0,2,high_restock,0.047303839730499286,0.062334896054402116,0.8903612642150985,-101.3503915060359,3.438411957407358,1.0,0.0,inventory_demand_spike
inventory,pg,11,286,288.02969001724546,20.751966127189256,1.669954767880646,0.0,2,high_restock,0.04730472397839948,0.0623318034378454,0.890363472583755,-102.16399824759428,2.333994139130409,1.0,0.0,inventory_demand_spike
inventory,pg,11,287,290.3542807074122,20.544115935058958,1.6453567533971096,0.0,2,high_restock,0.04730626755308056,0.062324876485528494,0.8903688559613908,-103.24893841984496,3.171579917298678,1.0,0.0,inventory_demand_spike
inventory,pg,11,288,293.4541097709856,20.133993300167074,1.1145287466121294,0.0,1,balanced_restock,0.04730903806819267,0.0623062624226498,0.8903846995091576,-104.78565267675312,4.939905514685964,1.0,0.0,inventory_demand_spike
inventory,pg,11,289,298.35900764786606,19.837746736094754,1.6213633198939363,0.0,2,high_restock,0.04730989271014656,0.062309490042550646,0.8903806172473028,-105.00735892621069,0.3215547124586594,1.0,0.0,inventory_demand_spike
inventory,pg,11,290,298.47816836060196,19.576225781432704,1.7656025237093198,0.0,2,high_restock,0.047310012006859636,0.062310415953506594,0.8903795720396337,-103.72387276473408,3.988335037092408,1.0,0.0,inventory_demand_spike
inventory,pg,11,291,294.81106504209737,18.15627500497039,2.431116920199442,0.0,2,high_restock,0.047309848527443264,0.062318007909813546,0.8903721435627432,-103.84012872755861,0.5700343310578402,1.0,0.0,inventory_demand_spike
inventory,pg,11,292,295.14322493588173,17.75778884569391,2.1948591702507922,0.0,2,high_restock,0.04731125851530603,0.062309379887648036,0.890379361597046,-104.2069083787865,1.2470387969224004,1.0,0.0,inventory_demand_spike
inventory,pg,11,293,296.19116679653285,17.34741140510945,1.6577242021244543,0.0,2,high_restock,0.04731271273963287,0.062297859157608354,0.8903894281027588,-104.08850998055418,0.37082263058763415,1.0,0.0,inventory_demand_spike
inventory,pg,11,294,295.8528856587262,17.49877560217202,1.6449111225653925,0.0,2,high_restock,0.04731245978877855,0.06229873289955834,0.8903888073116631,-104.2215231702279,0.38428128713605775,1.0,0.0,inventory_demand_spike
inventory,pg,11,295,296.2329233435083,17.550950996581253,1.66774079638442,0.0,2,high_restock,0.047312431122382315,0.06229908876320237,0.8903884801144154,-103.00855053010943,3.4667391484172545,1.0,0.0,inventory_demand_spike
inventory,pg,11,296,292.7672872288841,17.59124443735733,1.5901322735813583,0.0,2,high_restock,0.04731184923657613,0.06230043173230778,0.8903877190311161,-103.81045693966307,2.349069151009913,1.0,0.0,inventory_demand_spike
inventory,pg,11,297,295.05844839903733,17.9830446926311,1.9295419501903035,0.0,2,high_restock,0.047311326991474334,0.06230632444886697,0.8903823485596588,-104.9533085613743,3.320171967483267,1.0,0.0,inventory_demand_spike
inventory,pg,11,298,298.3237387467837,18.42651439005015,2.3354427583283766,0.0,2,high_restock,0.04731050184138599,0.06231386896691748,0.8903756291916964,-106.2230644808854,3.7229633507710305,1.0,0.0,inventory_demand_spike
inventory,pg,11,299,301.9516128025297,19.219745428760692,2.5995837548726124,0.0,1,balanced_restock,0.04730921587058749,0.062321843721451935,0.8903689404079606,-108.33177847842514,6.539267241186162,1.0,0.0,inventory_demand_spike
inventory,pg,11,300,308.49079565264327,19.251574461826998,2.5900644541947355,0.0,2,high_restock,0.04731080750339524,0.062313966996850524,0.8903752254997542,-109.57548884628697,308.13385327562435,1.0,1.0,inventory_demand_spike|inventory_sensor_noise
inventory,pg,11,301,0.9020741859428828,1.0,1.0,-0.04105679588715483,1,balanced_restock,0.2168740073256187,0.48154092836972573,0.30158506430465565,-108.78900627415585,0.1292908017651056,1.0,0.0,inventory_sensor_noise
inventory,pg,11,302,0.8936816639450953,0.9947576475989252,1.0,0.08785478131552868,2,high_restock,0.2175648789385279,0.4837916899816593,0.29864343107981284,-108.08816625797657,0.11052293426970103,1.0,0.0,inventory_sensor_noise
inventory,pg,11,303,0.9027300320390389,0.8965708439322523,1.0,0.03792685706322882,1,balanced_restock,0.21936090362085986,0.4666720292173441,0.3139670671617962,-109.14835240310961,0.15430246288073768,1.0,0.0,inventory_sensor_noise
inventory,pg,11,304,1.0,1.0,0.9918574802314001,-0.021938929750831143,1,balanced_restock,0.20887569477408147,0.4652886158434456,0.325835689382473,-109.13420636136613,0.09110121882713794,1.0,0.0,inventory_sensor_noise
inventory,pg,11,305,1.0,0.9768958435467757,0.9372051697278748,-0.09106746932025406,1,balanced_restock,0.20853767844031304,0.45511414956088186,0.33634817199880507,-108.5306821208475,0.09584127475389494,1.0,0.0,inventory_sensor_noise
inventory,pg,11,306,1.0,1.0,0.9724107522422484,-0.004972667730029397,0,low_restock,0.20858180419467623,0.4635983673461987,0.327819828459125,-110.98894609473783,0.03513652376465922,1.0,0.0,inventory_sensor_noise
inventory,pg,11,307,1.0,1.0,1.0,0.01678528967469633,1,balanced_restock,0.2089887971440184,0.4666808320575132,0.32433037079846855,-112.13305709199423,0.1852858669000581,1.0,0.0,inventory_sensor_noise
inventory,pg,11,308,0.8568174983621468,1.0,0.886424230031878,-0.01371336888236883,1,balanced_restock,0.21916420739733203,0.47809278973288283,0.30274300286978506,-113.80408584242925,0.06496052827637162,1.0,0.0,inventory_sensor_noise
inventory,pg,11,309,0.8820962812673296,1.0,0.9377147576322362,0.017110893432483145,2,high_restock,0.21766865017295886,0.479513779012763,0.3028175708142781,-112.8401273888959,0.1814364351344889,1.0,0.0,inventory_sensor_noise
inventory,pg,11,310,1.0,0.9961115527294538,1.0,-0.10586602173590146,1,balanced_restock,0.20912469093096894,0.4641414230692468,0.3267338859997844,-112.37460923346656,0.1376811547477469,1.0,0.0,inventory_sensor_noise
inventory,pg,11,311,0.9769556768239974,1.0,0.9925864076042172,0.02961452361156292,1,balanced_restock,0.21072483715690238,0.4698873749359777,0.31938778790711997,-114.29019712587767,0.1265286687622498,1.0,0.0,inventory_sensor_noise
inventory,pg,11,312,1.0,0.9195092028914073,1.0,-0.06496207717700227,2,high_restock,0.21071194875253585,0.45300462405627945,0.33628342719118465,-112.18551531004549,0.07648848867828205,1.0,0.0,inventory_sensor_noise
inventory,pg,11,313,1.0,0.9595836983887712,1.0,0.00018793211631584942,1,balanced_restock,0.2098466525593376,0.46024299504720967,0.32991035239345273,-113.83833534783106,0.012734085117686282,1.0,0.0,inventory_sensor_noise
inventory,pg,11,314,1.0,0.9518279667193126,1.0,-0.009911847587016074,2,high_restock,0.2100125239138765,0.45889356832426975,0.3310939077618538,-111.92538542930751,0.07125962876320698,1.0,0.0,inventory_sensor_noise
inventory,pg,11,315,1.0,1.0,1.0,-0.062422702665508346,2,high_restock,0.20901466870006769,0.4654597035359156,0.32552562776401683,-110.19048803421038,0.0322605850533788,1.0,0.0,inventory_sensor_noise
inventory,pg,11,316,1.0,1.0,1.0,-0.030162117612129544,0,low_restock,0.20900012741762797,0.4659725691812544,0.3250273034011177,-113.44494355148615,0.04683793417233465,1.0,0.0,inventory_sensor_noise
inventory,pg,11,317,1.0,1.0,1.0,0.016675816560205108,1,balanced_restock,0.2089888138905647,0.4666792282916465,0.32433195781778884,-113.18826150172053,0.10592513236133706,1.0,0.0,inventory_sensor_noise
inventory,pg,11,318,1.0,0.9521283102219891,0.9188425809291484,-0.03171745067112398,0,low_restock,0.20873469252741797,0.4503226415429471,0.34094266592963496,-114.54027445920961,0.14942896884748907,1.0,0.0,inventory_sensor_noise
inventory,pg,11,319,1.0,1.0,1.0,0.084260096200587,1,balanced_restock,0.20899199754537565,0.46761778915975766,0.32339021329486667,-115.01654853990313,0.02253855143757858,1.0,0.0,inventory_sensor_noise
inventory,pg,11,320,1.0,1.0,1.0,0.06172154476300842,2,high_restock,0.20898843966426356,0.46731559570085,0.32369596463488637,-113.79989313469048,0.11317657229842104,1.0,0.0,inventory_sensor_noise
inventory,pg,11,321,1.0,0.9737896756451984,0.9444956294299193,0.15680687623981915,0,low_restock,0.20877437723239928,0.45888817383959857,0.33233744892800204,-116.3943964011787,0.2551585812914036,1.0,0.0,inventory_sensor_noise
inventory,pg,11,322,1.0,1.0,1.0,-0.09085859440854774,1,balanced_restock,0.20903218538004112,0.46499037977539814,0.32597743484456065,-116.83511662094074,0.1510583008674139,1.0,0.0,inventory_sensor_noise
inventory,pg,11,323,1.0,1.0,1.0,0.06019970645886616,1,balanced_restock,0.20898828384891788,0.46729480277902036,0.32371691337206165,-117.64906925085224,0.24611125225498345,1.0,0.0,inventory_sensor_noise
inventory,pg,11,324,1.0,0.9292674484598363,0.7662244715760878,0.029923363396092046,1,balanced_restock,0.20675782677208612,0.43147464229078525,0.3617675309371286,-117.04156838199914,0.2565347885023417,1.0,0.0,inventory_sensor_noise
inventory,pg,11,325,1.0,1.0,1.0,0.10838358372894519,1,balanced_restock,0.20899848138328503,0.46792909953156175,0.3230724190851532,-117.57614403196992,0.14512172680667487,1.0,0.0,inventory_sensor_noise
inventory,pg,11,326,0.9391426306103543,1.0,1.0,-0.023361230902687984,1,balanced_restock,0.213884201624441,0.47593743695399543,0.3101783614215636,-115.5776636123466,0.1278557526053139,1.0,0.0,inventory_sensor_noise
inventory,pg,11,327,0.8567504882038888,0.927496156694054,1.0,0.042227038245161726,0,low_restock,0.22236695499294615,0.4786513643696122,0.2989816806374417,-115.78524864964345,0.14378935292116435,1.0,0.0,inventory_sensor_noise
inventory,pg,11,328,1.0,0.919666301151034,1.0,0.051904266455676557,1,balanced_restock,0.21069573048209492,0.4548330879057966,0.3344711816121085,-115.0403425613174,0.17263356125186216,1.0,0.0,inventory_sensor_noise
inventory,pg,11,329,0.9873843625415002,0.8104237001419285,1.0,0.18498035854881528,0,low_restock,0.21419978073240903,0.4415218339091496,0.34427838535844124,-115.3337664901982,0.20667147182088133,1.0,0.0,inventory_sensor_noise
inventory,pg,11,330,1.0,0.9266050107762404,0.9670086544444207,0.017745741516781648,2,high_restock,0.21002382288212318,0.45204482364409326,0.33793135347378356,-113.18478452212037,0.1337648034958034,1.0,0.0,inventory_sensor_noise
inventory,pg,11,331,1.0,1.0,1.0,0.12459970414591144,0,low_restock,0.20900437338460773,0.4681312666005364,0.32286436001485586,-114.28228111288612,0.17169633155216343,1.0,0.0,inventory_sensor_noise
inventory,pg,11,332,0.9934638578099115,1.0,0.9451995280546476,-0.0379850964607505,1,balanced_restock,0.20871232403561008,0.4614371353290239,0.32985054063536595,-113.54171261107282,0.08308888938944047,1.0,0.0,inventory_sensor_noise
inventory,pg,11,333,1.0,1.0,1.0,0.02412730696890483,1,balanced_restock,0.2089880499938792,0.46678746484908173,0.32422448515703906,-113.5937605754199,0.17703220960091812,1.0,0.0,inventory_sensor_noise
inventory,pg,11,334,0.8542697010241233,0.9429714015147858,0.9511492024837439,-0.04268902137546738,1,balanced_restock,0.2216637468939265,0.4755573619073044,0.3027788911987691,-112.95106666991525,0.16420920121250981,1.0,0.0,inventory_sensor_noise
inventory,pg,11,335,1.0,0.9731853938015856,1.0,0.006586286592835159,1,balanced_restock,0.20955768652810028,0.46242987065469404,0.3280124428172056,-111.73515644293975,0.07266246397334071,1.0,0.0,inventory_sensor_noise
inventory,pg,11,336,0.9733754951192184,1.0,1.0,0.06865033661339241,1,balanced_restock,0.21110944560749687,0.4717327138538809,0.3171578405386223,-110.85493543525259,0.12625339595779034,1.0,0.0,inventory_sensor_noise
inventory,pg,11,337,0.9617998362574712,0.9813842201918304,0.8909101843655324,0.128305922938251,1,balanced_restock,0.2109624958154009,0.4605190826587217,0.3285184215258774,-111.43024804470257,0.24104445104524108,1.0,0.0,inventory_sensor_noise
inventory,pg,11,338,1.0,0.9856934531570747,0.9617295111685003,-0.09887072271920058,0,low_restock,0.208745623633108,0.45883085301921606,0.33242352334767583,-114.24736029591908,0.12541912688585186,1.0,0.0,inventory_sensor_noise
inventory,pg,11,339,1.0,1.0,1.0,0.01970688811369925,2,high_restock,0.2089884701803875,0.4667233861064876,0.32428814371312487,-111.63935011637982,0.2052834690962659,1.0,0.0,inventory_sensor_noise
inventory,pg,11,340,0.937770348802994,0.8044290000608006,1.0,0.015150883408014355,0,low_restock,0.21863054168009538,0.4462716415794753,0.3350978167404293,-114.48512109763698,0.3585373633602934,1.0,0.0,inventory_sensor_noise
inventory,pg,11,341,0.8712565489869998,1.0,0.8713134402394367,0.278431548628918,1,balanced_restock,0.21780746543163274,0.4773634753345921,0.3048290592337752,-116.27163244013497,0.4815341612050314,1.0,0.0,inventory_sensor_noise
inventory,pg,11,342,1.0,1.0,0.9859926929556972,-0.17117821686237605,0,low_restock,0.20888934506326026,0.4621932476420984,0.3289174072946414,-118.71743807865306,0.12556075902457212,1.0,0.0,inventory_sensor_noise
inventory,pg,11,343,0.9898882381256215,0.8756334161164081,1.0,-0.17111009113551462,1,balanced_restock,0.21257807898416692,0.4459334094767802,0.3414885115390528,-119.71018311804308,0.1588833002653702,1.0,0.0,inventory_sensor_noise
inventory,pg,11,344,0.9273823798542083,1.0,1.0,-0.09449499080865156,1,balanced_restock,0.21490329936955635,0.476706630061441,0.3083900705690026,-119.614809346742,0.05246311828346296,1.0,0.0,inventory_sensor_noise
inventory,pg,11,345,0.8772830868587508,1.0,1.0,-0.07892451806759705,1,balanced_restock,0.21891468542787396,0.48483009705921115,0.29625521751291484,-120.57023885327405,0.13133620041909497,1.0,0.0,inventory_sensor_noise
inventory,pg,11,346,0.9444564010888804,0.9444839319645759,0.904846037171034,-0.05441670413622284,0,low_restock,0.21339498902859017,0.45656727749099396,0.33003773348041593,-123.44331448120482,0.13220644604499335,1.0,0.0,inventory_sensor_noise
inventory,pg,11,347,1.0,1.0,1.0,-0.006907309868580117,1,balanced_restock,0.2089930942129528,0.4663290867145048,0.32467781907254234,-124.92526245211975,0.12658524119378464,1.0,0.0,inventory_sensor_noise
inventory,pg,11,348,0.9891704987660461,0.9214064544151648,0.9900954916449928,-0.1050475182327488,2,high_restock,0.21144460049361052,0.45340665279383807,0.33514874671255146,-122.72549418244314,0.23046475395838692,1.0,0.0,inventory_sensor_noise
inventory,pg,11,349,0.8578088278528233,1.0,1.0,0.0669497769164366,0,low_restock,0.22028508688779283,0.4898342766661816,0.28988063644602546,-126.82865826862806,0.16469603022482832,1.0,0.0,inventory_sensor_noise
inventory,pg,11,350,1.0,1.0,0.9425418937560378,0.006907966799759724,2,high_restock,0.20813536351567402,0.46075634559507783,0.33110829088924804,-126.15958589381492,0.17502688608710923,1.0,0.0,inventory_sensor_noise
inventory,pg,11,351,0.9700761613902228,0.9110806241911458,0.864601146992824,-0.11862115068284762,0,low_restock,0.21128772583521313,0.44184726648336836,0.34686500768141854,-128.59610991894527,0.26931459381372735,1.0,0.0,inventory_sensor_noise
inventory,pg,11,352,0.9995581409152032,1.0,0.9620334831467802,0.1143197169245514,0,low_restock,0.2084908888554403,0.46425825181781866,0.3272508593267411,-132.4357844363153,0.18389084688038587,1.0,0.0,inventory_sensor_noise
inventory,pg,11,353,1.0,1.0,1.0,-0.06560857969654398,1,balanced_restock,0.20901641043222824,0.4654079315217703,0.3255756580460016,-133.58543697278557,0.23860430899036508,1.0,0.0,inventory_sensor_noise
inventory,pg,11,354,0.8424153776773405,1.0,0.9449241062855569,0.10487822040173272,1,balanced_restock,0.22089213874703145,0.4874187995777177,0.29168906167525077,-134.2289251306462,0.3185636114963419,1.0,0.0,inventory_sensor_noise
inventory,pg,11,355,1.0,1.0,1.0,-0.16644540059093418,2,high_restock,0.2091010361205266,0.4636664693472514,0.3272324945322218,-133.36868349349774,0.1545537784652212,1.0,0.0,inventory_sensor_noise
inventory,pg,11,356,1.0,0.9461506213311032,0.9395113358430042,-0.03480864142635814,1,balanced_restock,0.20918288871695154,0.4514700508672468,0.33934706041580165,-132.3400706082439,0.1271067922466556,1.0,0.0,inventory_sensor_noise
inventory,pg,11,357,1.0,1.0,1.0,-0.13277548561718833,2,high_restock,0.20906628820605833,0.46426966617767146,0.3266640456162702,-130.72704419293945,0.26663747240451785,1.0,0.0,inventory_sensor_noise
inventory,pg,11,358,0.9527542242842912,0.8099651383271405,0.9918395136562942,0.048010399282331105,0,low_restock,0.2170442860496688,0.4443899708375117,0.33856574311281956,-132.25038277851925,0.19348134918089052,1.0,0.0,inventory_sensor_noise
inventory,pg,11,359,0.938880229963171,1.0,1.0,0.08060951850427538,0,low_restock,0.21385020661500703,0.4774081841002175,0.3087416092847754,-135.4798904317507,0.10816648767529427,1.0,0.0,inventory_sensor_noise
inventory,pg,11,360,0.9342881391018465,0.9336795871715438,0.938937743223674,0.14020738253626974,1,balanced_restock,0.2149749788590425,0.462617115982277,0.3224079051586804,-136.5254117334174,0.168543640053655,1.0,0.0,inventory_sensor_noise
inventory,pg,11,361,1.0,0.9901104129357102,1.0,0.009150629025456533,2,high_restock,0.2091990486671938,0.46505954468984173,0.3257414066429645,-133.47769235640627,0.11309240600684428,1.0,0.0,inventory_sensor_noise
inventory,pg,11,362,1.0,0.9833090279281428,0.9732655743142347,-0.1005257309690657,2,high_restock,0.20897472146192717,0.45959603974820323,0.33142923878986946,-130.67290429653713,0.12166975012132193,1.0,0.0,inventory_sensor_noise
inventory,pg,11,363,0.9486532008261273,1.0,1.0,0.005180069457077774,0,low_restock,0.21310285490565867,0.47483325627955975,0.31206388881478164,-130.60810057457803,0.06632731548121379,1.0,0.0,inventory_sensor_noise
inventory,pg,11,364,0.9828141879309147,1.0,1.0,-0.05167360007243464,1,balanced_restock,0.21039370213009104,0.46844919498715726,0.3211571028827517,-129.7324831066094,0.06334780076173484,1.0,0.0,inventory_sensor_noise
inventory,pg,11,365,1.0,1.0,0.940111945143372,-0.063119674087749,2,high_restock,0.20810651888731121,0.45943949538370304,0.3324539857289857,-127.74108280480034,0.18168320041820035,1.0,0.0,inventory_sensor_noise
inventory,pg,11,366,0.9200807274230494,0.9149329331128593,1.0,-0.18881259434055903,1,balanced_restock,0.21769765200117197,0.46313150213185716,0.319170845866971,-127.66821445809096,0.214146007452671,1.0,0.0,inventory_sensor_noise
inventory,pg,11,367,0.978658159111074,0.9511100175996111,0.9504145986430468,0.0078081154920079925,0,low_restock,0.21103318191478,0.45753954537378333,0.3314272727114368,-128.4771800730815,0.08685585581375052,1.0,0.0,inventory_sensor_noise
inventory,pg,11,368,1.0,1.0,0.9887806699248286,-0.04899223408351564,2,high_restock,0.20883907122674367,0.464558583734039,0.32660234503921726,-125.17812243914135,0.048417605860728866,1.0,0.0,inventory_sensor_noise
inventory,pg,11,369,0.989683316523861,1.0,0.9684762608933849,-0.0917188250219684,1,balanced_restock,0.2093945109884919,0.4635418568340585,0.3270636321774496,-123.11401919084153,0.23389054793920352,1.0,0.0,inventory_sensor_noise
inventory,pg,11,370,0.8988688034035857,0.9114627115505796,0.8888060698757815,0.08792338003928915,1,balanced_restock,0.21780850697875329,0.4591247649421703,0.3230667280790764,-122.47931985585198,0.21721719577762813,1.0,0.0,inventory_sensor_noise
inventory,pg,11,371,1.0,0.9810105972603228,1.0,-0.05262836386063094,0,low_restock,0.20940950068189934,0.4627112645777373,0.32787923474036335,-124.7073739675996,0.144348960645883,1.0,0.0,inventory_sensor_noise
inventory,pg,11,372,1.0,1.0,0.876297744813559,-0.12455733636076934,1,balanced_restock,0.2071448830106247,0.4519140423178914,0.340941074671484,-123.07372629652515,0.14663695797000428,1.0,0.0,inventory_sensor_noise
inventory,pg,11,373,0.9257993499146494,1.0,1.0,-0.09820561855344603,0,low_restock,0.2150358132057499,0.4768984340050137,0.3080657527892365,-125.12766895952034,0.10180348167984628,1.0,0.0,inventory_sensor_noise
inventory,pg,11,374,1.0,0.9693576271496129,0.9685228066122438,-0.04409052184672458,1,balanced_restock,0.20916445693469007,0.45788785251753106,0.33294769054777895,-123.4694373300173,0.1386335909661802,1.0,0.0,inventory_sensor_noise
inventory,pg,11,375,0.9740801974590839,0.85453361052041,0.9199001616556063,-0.09885109144726267,1,balanced_restock,0.21300670436425093,0.43825627055003546,0.3487370250857135,-122.2708504833768,0.18281756524766296,1.0,0.0,inventory_sensor_noise
inventory,pg,11,376,1.0,1.0,1.0,-0.026920768020368167,1,balanced_restock,0.20899898667581396,0.46602291051501593,0.32497810280917006,-121.3345185763706,0.24517744028681304,1.0,0.0,inventory_sensor_noise
inventory,pg,11,377,0.8622904249120548,0.9674357296910755,0.9248577505758704,0.1586628002323749,0,low_restock,0.21991215127752692,0.4780136697849036,0.3020741789375695,-123.77976814941262,0.19667244605460754,1.0,0.0,inventory_sensor_noise
inventory,pg,11,378,1.0,0.9417064893038554,1.0,0.042870863955367156,0,low_restock,0.21022528080701777,0.45811531667156197,0.3316594025214203,-125.55732193263344,0.13867897976227153,1.0,0.0,inventory_sensor_noise
inventory,pg,11,379,0.8699770162886076,0.9574801000534402,0.980852460244829,0.0015133004398960826,2,high_restock,0.22028698857511103,0.4788411953700246,0.30087181605486424,-123.75731656554697,0.14090027405911024,1.0,0.0,inventory_sensor_noise
inventory,pg,11,380,1.0,0.9728771078752791,1.0,-0.04689346363474264,2,high_restock,0.20957848396479017,0.4615545000137236,0.32886701602148627,-122.497422573958,0.11223503280379887,1.0,0.0,inventory_sensor_noise
inventory,pg,11,381,0.9282791370143039,1.0,1.0,0.03506487409759286,1,balanced_restock,0.2147129627300476,0.47849360105412253,0.3067934362158298,-121.86161106064579,0.1498113267128448,1.0,0.0,inventory_sensor_noise
inventory,pg,11,382,0.872401984172097,0.9867037961199271,1.0,-0.10329837378308866,1,balanced_restock,0.2196962502209566,0.4831836543272737,0.2971200954517697,-123.28634351892478,0.15869028376358327,1.0,0.0,inventory_sensor_noise
inventory,pg,11,383,1.0,0.9688462157917824,1.0,-0.010656809987065322,0,low_restock,0.20965246238251842,0.4615027575673657,0.328844780050116,-125.03452023403544,0.14302555744497078,1.0,0.0,inventory_sensor_noise
inventory,pg,11,384,1.0,1.0,0.9677241760434323,0.12515196366131537,2,high_restock,0.20854320305069968,0.4648946216888806,0.32656217526041964,-124.28986092495272,0.23407527389612887,1.0,0.0,inventory_sensor_noise
inventory,pg,11,385,0.9374420548076116,0.9254632248244612,1.0,-0.08527683112972481,1,balanced_restock,0.21584038429538957,0.4637848613378104,0.3203747543668001,-124.43231042760735,0.09928175214960012,1.0,0.0,inventory_sensor_noise
inventory,pg,11,386,0.9703693455510328,1.0,1.0,-0.14199480870847858,0,low_restock,0.2114821241735754,0.46897115393547467,0.31954672189094996,-126.55342973467663,0.1263103798725278,1.0,0.0,inventory_sensor_noise
inventory,pg,11,387,1.0,1.0,1.0,-0.019209075089021883,1,balanced_restock,0.20899646972023964,0.46614186604078556,0.32486166423897483,-127.86344343913275,0.10668347532830023,1.0,0.0,inventory_sensor_noise
inventory,pg,11,388,0.9519487650084291,0.9762765676251168,0.9077730348742956,-0.021165700746966616,2,high_restock,0.21209556371128177,0.46109659906238837,0.3268078372263298,-126.78003316621287,0.09875539352742133,1.0,0.0,inventory_sensor_noise
inventory,pg,11,389,0.9850184021137893,0.9883447057192092,1.0,-0.018413647128365608,1,balanced_restock,0.2104524135501566,0.4668263834668727,0.3227212029829707,-127.20620896256523,0.13465756928993175,1.0,0.0,inventory_sensor_noise
inventory,pg,11,390,0.8833795909073926,1.0,0.914181528053627,-0.035779044090167585,2,high_restock,0.2173234412991287,0.4762926863473397,0.30638387235353165,-125.91190471012867,0.1314529769698895,1.0,0.0,inventory_sensor_noise
inventory,pg,11,391,0.9892961548280386,0.9724676624010963,0.8431051477069821,-0.01991445507408887,2,high_restock,0.20806046903658537,0.4476162913002591,0.34432323966315564,-124.6522439866863,0.30182431338903437,1.0,0.0,inventory_sensor_noise
inventory,pg,11,392,1.0,0.951448787658391,0.5629626060872294,0.08991134849989964,1,balanced_restock,0.20324305650387964,0.4135131526213557,0.3832437908747647,-124.1466336563783,0.5045206247190497,1.0,0.0,inventory_sensor_noise
inventory,pg,11,393,1.0,1.0,1.0,-0.15743892311708074,1,balanced_restock,0.2090910943595037,0.46382989456948204,0.32707901107101434,-123.79733260778254,0.26998465111765996,1.0,0.0,inventory_sensor_noise
inventory,pg,11,394,0.930871597027148,1.0,1.0,0.1035457042875761,1,balanced_restock,0.21447966605076424,0.47895753342331937,0.3065628005259164,-124.48210373032767,0.14016413778372508,1.0,0.0,inventory_sensor_noise
inventory,pg,11,395,1.0,0.9809388795586229,1.0,-0.016886530228758287,1,balanced_restock,0.20939826279340412,0.4632630124679039,0.3273387247386919,-125.01644891733497,0.05853138979160545,1.0,0.0,inventory_sensor_noise
inventory,pg,11,396,1.0,1.0,0.9728152516620758,-0.06509012694373278,1,balanced_restock,0.20860463502424093,0.46270391495978574,0.3286914500159734,-125.07150345422863,0.1621240942555785,1.0,0.0,inventory_sensor_noise
inventory,pg,11,397,0.9316207657086846,1.0,1.0,0.07937264235593426,1,balanced_restock,0.21442698712246067,0.47854233292555076,0.30703067995198857,-125.85340439850731,0.07325198949626528,1.0,0.0,inventory_sensor_noise
inventory,pg,11,398,1.0,1.0,0.9998152733223774,0.0531028848589773,0,low_restock,0.20898502984936865,0.4671787476534587,0.32383622249717275,-127.71641809846672,0.10391118468182559,1.0,0.0,inventory_sensor_noise
inventory,pg,11,399,0.9158324606061445,0.9837512394557556,0.9413021142568261,0.05815734935183389,1,balanced_restock,0.21534276898430602,0.4725581049619608,0.31209912605373313,-128.3676726783671,0.07306579494680114,1.0,0.0,inventory_sensor_noise
inventory,pg,11,400,0.9536028180769306,0.9913461910070002,0.9777996518601757,0.10837942564865136,0,low_restock,0.21258250069071413,0.471907765793984,0.315509733515302,-128.8681472639961,0.2096690215135234,1.0,0.0,inventory_sensor_noise
inventory,pg,11,401,0.9366441012584464,0.9249004149206504,1.0,-0.08851040113034216,1,balanced_restock,0.21592390550028082,0.46377247228518037,0.3203036222145388,-128.92664998037833,366.55991467462576,0.0,0.0,none
inventory,pg,11,402,367.33328565822376,11.802940872085523,2.1543412696207453,0.0,2,high_restock,0.04733306269383353,0.062231622673892414,0.890435314632274,-126.97777709217652,6.11028096843837,0.0,0.0,none
inventory,pg,11,403,361.25079169193293,11.339641539239556,1.8019857794119096,0.0,2,high_restock,0.047334862652429324,0.06222536534926233,0.8904397719983084,-125.02923486957265,5.568744354840636,0.0,0.0,none
inventory,pg,11,404,355.683528198779,11.458752440631974,1.8499803680087865,0.0,2,high_restock,0.04733421275503323,0.06222730755922075,0.8904384796857462,-121.38694837260536,10.472730299361245,0.0,0.0,none
inventory,pg,11,405,345.27699535030104,10.30815753956474,2.0914040005428407,0.0,2,high_restock,0.04734796571302841,0.062185854021177794,0.8904661802657939,-117.71994343236885,10.477969983921165,0.0,0.0,none
inventory,pg,11,406,334.79983837819674,10.223883524784451,2.19107674642669,0.0,2,high_restock,0.04735023990279123,0.062179237464168514,0.8904705226330403,-115.76154971348687,5.59862436142042,0.0,0.0,none
inventory,pg,11,407,329.20442775281964,10.374228418919182,2.3067101607794953,0.0,2,high_restock,0.047349244161198255,0.062182399588704966,0.8904683562500967,-111.86592528735555,11.177830881176977,0.0,0.0,none
inventory,pg,11,408,318.0740722495873,9.364656111530875,2.506343164097087,0.0,2,high_restock,0.047370305613636816,0.06212476657222626,0.8905049278141369,-110.21849193394466,4.715430159325881,0.0,0.0,none
inventory,pg,11,409,313.36711981127047,9.536718322498293,2.730563873355764,0.0,1,balanced_restock,0.04736974948770596,0.06212728474104289,0.8905029657712511,-110.27051802165094,1.2117884819595728,0.0,0.0,none
inventory,pg,11,410,314.0300514904313,10.550611228026053,2.761774286608344,0.0,2,high_restock,0.04735095999169026,0.06217941217763119,0.8904696278306785,-106.58581318729071,11.043357286334793,0.0,0.0,none
inventory,pg,11,411,302.98803767797347,10.437639859955356,2.8918073175309327,0.0,1,balanced_restock,0.04735384032049168,0.06217289525910493,0.8904732644204034,-105.0701467516311,3.9093110077030184,0.0,0.0,none
inventory,pg,11,412,299.17184786180314,9.593484021796717,2.80929208979325,0.0,2,high_restock,0.04736960383384842,0.06212931929123165,0.89050107687492,-103.32938726355644,5.60607758869912,0.0,0.0,none
inventory,pg,11,413,293.68396361016124,10.7219782721148,2.615041998173255,0.0,2,high_restock,0.047346534659252544,0.06219339331641588,0.8904600720243316,-100.26408671126549,8.800976742140133,0.0,0.0,none
inventory,pg,11,414,284.9259620321871,9.911768444183338,2.301737017974632,0.0,2,high_restock,0.04735607047368442,0.06216386531499687,0.8904800642113188,-96.91520710913726,9.615162287218961,0.0,0.0,none
inventory,pg,11,415,275.357734597535,9.065536621420758,1.8724803692520442,0.0,2,high_restock,0.04736743364241067,0.0621283392513756,0.8905042271062138,-95.79946462702989,3.627357342024507,0.0,0.0,none
inventory,pg,11,416,272.16989893437113,10.636372251279536,2.5990479816363736,0.0,2,high_restock,0.047345599753291175,0.06220044710360318,0.8904539531431056,-93.70742391842145,6.033184933352254,0.0,0.0,none
inventory,pg,11,417,266.19263976691843,11.404158381023063,2.3123464920958714,0.0,2,high_restock,0.04733310206608932,0.062236574613012664,0.890430323320898,-92.81354397382007,2.6716603286062792,0.0,0.0,none
inventory,pg,11,418,263.63869706805735,11.990946691579229,2.8327550632949277,0.0,2,high_restock,0.04732767524510065,0.0622666085807086,0.8904057161741907,-90.21663156706116,7.4277608439250935,0.0,0.0,none
inventory,pg,11,419,256.21894733446044,12.258597060454667,2.615250292367592,0.0,2,high_restock,0.0473223100423265,0.06228449991703869,0.8903931900406348,-88.53541915493389,4.967325960572939,0.0,0.0,none
inventory,pg,11,420,251.41548329981111,13.211549740455215,1.7828191203827317,0.0,2,high_restock,0.047313920615109924,0.062294830378718406,0.8903912490061716,-87.76660610578011,2.2154865076779746,0.0,0.0,none
inventory,pg,11,421,249.21887458794316,13.4097951307144,1.9925556167059653,0.0,2,high_restock,0.04731148839438951,0.06231055542413928,0.8903779561814713,-85.22797427490636,7.261357830180788,0.0,0.0,none
inventory,pg,11,422,241.96564078544674,13.15460020370565,2.222321788019537,0.0,2,high_restock,0.04730830824311162,0.06233346476471141,0.890358226992177,-83.27602731741374,5.618621467974683,0.0,0.0,none
inventory,pg,11,423,236.38864947832496,12.549990482053513,1.9052693551982578,0.0,2,high_restock,0.04731087596749425,0.0623134591877245,0.8903756648447813,-82.71862158810708,1.9845434436650569,0.0,0.0,none
inventory,pg,11,424,234.79606168030594,13.715422869169098,2.1146592700865954,0.0,2,high_restock,0.0472988098384632,0.06237187558101237,0.8903293145805244,-82.82027302671545,1.2356244611605316,0.0,0.0,none
inventory,pg,11,425,235.08649436204414,14.734202212446599,2.750666594028449,0.0,2,high_restock,0.04727979789929846,0.06248773210845688,0.8902324699922446,-83.07033103820586,1.0203820416598832,0.0,0.0,none
inventory,pg,11,426,235.80094582344532,15.316414247100425,3.188579561349534,0.0,2,high_restock,0.047261174424329484,0.06260280824732344,0.8901360173283471,-80.89208710663672,6.233293111956635,0.0,0.0,none
inventory,pg,11,427,229.5773917332478,15.522350189560214,2.9076740726973966,0.0,2,high_restock,0.04725192036510561,0.06263813453645703,0.8901099450984374,-79.73893464753662,3.346299187886075,0.0,0.0,none
inventory,pg,11,428,226.28267042153323,15.978804188641652,2.541368899783605,0.0,2,high_restock,0.04724831872731341,0.06263435317951828,0.8901173280931682,-79.19924191551534,1.542013489488849,0.0,0.0,none
inventory,pg,11,429,224.7406911871867,15.988925901376149,2.543155947918943,0.0,2,high_restock,0.04724337495963036,0.06265985846222068,0.890096766578149,-77.82784053018209,4.013367335706083,0.0,0.0,none
inventory,pg,11,430,220.82240151480596,15.14718143055236,2.3296385939065245,0.0,2,high_restock,0.04725579500561251,0.0625882247830032,0.8901559802113842,-76.83189987975037,3.0373924049014054,0.0,0.0,none
inventory,pg,11,431,217.97685679928676,14.435182195168286,1.541168567750798,0.0,1,balanced_restock,0.047277856734741205,0.062434531431576214,0.8902876118336827,-76.21242807611623,1.324508722894369,0.0,0.0,none
inventory,pg,11,432,216.7212230746178,14.228766268273997,1.9087277760718224,0.0,2,high_restock,0.047271580634885686,0.0624876794202223,0.890240739944892,-73.35648856867805,8.775624339139119,0.0,0.0,none
inventory,pg,11,433,208.047110196223,13.152887954937949,2.692203474131216,0.0,2,high_restock,0.04724480137813324,0.06268949208986246,0.8900657065320042,-70.24810908190159,9.00400425177097,0.0,0.0,none
inventory,pg,11,434,199.16602594829027,11.685066952220705,2.4825927611107237,0.0,2,high_restock,0.04726044362830314,0.06261348315191802,0.890126073219779,-66.77247105626056,10.002927770301657,0.0,0.0,none
inventory,pg,11,435,189.2356315893159,10.482646014901984,2.4865604581023755,0.0,2,high_restock,0.04726416825327732,0.06263118369263239,0.8901046480540903,-64.5641289009704,6.461770686634969,0.0,0.0,none
inventory,pg,11,436,182.92608257420116,9.789845154982881,1.2765610361954505,0.0,2,high_restock,0.04728947914575642,0.062356263435475304,0.8903542574187682,-62.08706289545473,7.077478033376459,0.0,0.0,none
inventory,pg,11,437,175.84875112987066,9.825505611050577,1.3049030878176167,0.0,2,high_restock,0.04727125556203885,0.06243151091709892,0.8902972335208622,-59.607015296387395,7.093041771856759,0.0,0.0,none
inventory,pg,11,438,168.76290084682114,10.14315813011963,1.337525482593889,0.0,2,high_restock,0.04723796140725369,0.06257393970168308,0.8901880988910633,-55.806758242281205,10.87472383013503,0.0,0.0,none
inventory,pg,11,439,157.90502354937487,9.74779952021693,1.7955762929670378,0.0,2,high_restock,0.047182178615261694,0.06295479689227522,0.8898630244924631,-51.99445797555604,10.895987485645277,0.0,0.0,none
inventory,pg,11,440,147.01273707301726,9.55542109674028,2.0044522046376305,0.0,2,high_restock,0.047092737051872134,0.06350610461514261,0.8894011583329852,-48.14099857460971,11.050632742253866,0.0,0.0,none
inventory,pg,11,441,136.00285307031348,8.615354099222468,1.8811140866111098,0.0,2,high_restock,0.04707089816885286,0.06363470972802372,0.8892943921031234,-45.99938208803292,6.127284224012952,0.0,0.0,none
inventory,pg,11,442,129.8839488229512,8.807039538616113,2.1377840415616354,0.0,2,high_restock,0.046940615533612534,0.0645212946715785,0.888538089794809,-44.23576485669995,5.080321809159061,0.0,0.0,none
inventory,pg,11,443,124.84504244771415,9.216428320178606,2.63927487073343,0.0,2,high_restock,0.046700678927296714,0.06649277191295976,0.8868065491597436,-42.28108165202942,5.683528561697085,0.0,0.0,none
inventory,pg,11,444,119.26023329151263,10.271041948427554,2.6531923254520295,0.0,2,high_restock,0.046418372695565695,0.06921291985579882,0.8843687074486355,-38.01336806470248,12.200970915705033,0.0,0.0,none
inventory,pg,11,445,107.06676589914996,10.01080576522654,2.9927823226857644,0.0,2,high_restock,0.046247714092816826,0.07336196640523802,0.880390319501945,-33.69665581599645,12.339928731893213,0.0,0.0,none
inventory,pg,11,446,94.73330233141844,9.746089852220994,3.291852577048707,0.0,2,high_restock,0.04619520278380459,0.0773808532085566,0.8764239440076388,-31.94236905200259,5.019977013573181,0.0,0.0,none
inventory,pg,11,447,89.72105443429312,9.967421122268382,3.4608280293047198,0.0,2,high_restock,0.04617625637305014,0.07945864175876163,0.8743651018681882,-28.914834552744093,8.686854158336878,0.0,0.0,none
inventory,pg,11,448,81.07095586498313,9.245182683453796,3.120825754408416,0.0,2,high_restock,0.04611884321793035,0.07923994630786131,0.8746412104742084,-26.854621359705213,5.886932880284532,0.0,0.0,none
inventory,pg,11,449,75.18463245630062,9.184879832957597,3.0613359940001246,0.0,2,high_restock,0.04606281297952059,0.08021861319230456,0.8737185738281749,-23.707648344424086,9.026676631343962,0.0,0.0,none
inventory,pg,11,450,66.19328098406882,9.825303016983773,2.585575702458239,0.0,2,high_restock,0.04576979438255811,0.08138586597920101,0.8728443396382408,-21.10796525506367,7.564639443111476,0.0,0.0,none
inventory,pg,11,451,58.76561501446764,10.806462536609839,1.5411264957690711,0.0,2,high_restock,0.04494613177229432,0.08071566699797651,0.8743382012297293,-18.809801281260647,6.583142143661793,0.0,0.0,none
inventory,pg,11,452,52.19943223217328,10.49567555957603,1.1855767692001358,0.0,2,high_restock,0.04443055829348078,0.08032618797465446,0.8752432537318647,-16.445941716881748,6.765794699804486,0.0,0.0,none
inventory,pg,11,453,45.44554776251928,10.87491837950723,1.0544380106287004,0.0,2,high_restock,0.043461954936201225,0.08152177068238746,0.8750162743814114,-14.735225888199093,4.8995355143147545,0.0,0.0,none
inventory,pg,11,454,40.55778825199741,11.074631159139358,1.3289740355618993,0.0,2,high_restock,0.042606973461281825,0.084229944880287,0.8731630816584313,-11.550806730004947,9.098427399014051,0.0,0.0,none
inventory,pg,11,455,31.459447800014132,11.053233363189062,1.3625044585063462,0.0,2,high_restock,0.041324985540879926,0.0912026353681194,0.8674723790910007,-10.456276310424375,3.3048385019977364,0.0,0.0,none
inventory,pg,11,456,28.33221802978393,11.913320603063259,1.9970447868371701,0.0,2,high_restock,0.042162744978505244,0.10069902342020857,0.8571382316012862,-9.914625364210156,1.9588106620143926,0.0,0.0,none
inventory,pg,11,457,26.784643897743308,12.917042333114008,2.656208047406133,0.0,2,high_restock,0.04359980500908639,0.11081383816968661,0.8455863568212271,-7.651946511304142,6.465145046167952,0.0,0.0,none
inventory,pg,11,458,20.319847175154692,12.974859882527081,2.6221355573685154,0.0,2,high_restock,0.049557977779366706,0.15712928058436743,0.7933127416362659,-6.267906652468436,3.9589678642421995,0.0,0.0,none
inventory,pg,11,459,16.365447578481245,13.16153186529677,2.6582458160238427,0.0,2,high_restock,0.05432198059167913,0.1875965814829094,0.7580814379254115,-5.774654779720132,2.236869259241751,0.0,0.0,none
inventory,pg,11,460,14.956156513486093,14.699341742694392,1.850394618064788,0.0,1,balanced_restock,0.056090077292512155,0.1984207636267542,0.7454891590807337,-6.331870938997809,2.1119308827942107,0.0,0.0,none
inventory,pg,11,461,17.062488397136597,14.546054073470533,1.8613918941442307,0.0,2,high_restock,0.05287513571054177,0.18022165916183996,0.7669032051276182,-4.598572583229309,5.5244699812874325,0.0,0.0,none
inventory,pg,11,462,11.595921666369456,13.762255553725229,1.7128098203234512,0.0,2,high_restock,0.06734943280774167,0.2609828295654574,0.671667737626801,-2.610283415341557,5.686005562705886,0.0,0.0,none
inventory,pg,11,463,5.915095472404449,13.91904965944995,1.5276379501776078,0.0,1,balanced_restock,0.11709255300425726,0.5832764343351945,0.2996310126605483,-3.4950116215016167,3.049338860438092,0.0,0.0,none
inventory,pg,11,464,8.957176061433191,14.118345696590387,1.594677231293511,0.0,0,low_restock,0.08977519271156906,0.38779668016412655,0.5224281271243044,-5.039268153326419,5.0573744687455635,0.0,0.0,none
inventory,pg,11,465,13.883623295218342,12.98549335634645,1.4404055713752342,0.0,1,balanced_restock,0.05481186164157805,0.18986751458011034,0.7553206237783117,-7.225612949257016,5.858759258936423,0.0,0.0,none
inventory,pg,11,466,19.61603699787719,13.710709720148117,2.4091957557890966,0.0,1,balanced_restock,0.05082969000338315,0.16696108399061632,0.7822092260060005,-8.87506415017874,4.789140441580685,0.0,0.0,none
inventory,pg,11,467,24.328754714796403,14.54656660968539,2.575030462748911,0.0,2,high_restock,0.04685899987248586,0.14014325730033197,0.8129977428271822,-8.209765199560456,2.5138955769232267,0.0,0.0,none
inventory,pg,11,468,21.91361485588702,15.199703876696514,2.3297099702853536,0.0,2,high_restock,0.04987741683891033,0.16212679589648868,0.787995787264601,-7.659491561924818,1.5971335856158273,0.0,0.0,none
inventory,pg,11,469,20.341404462642338,15.476845680241828,2.3764281723389846,0.0,0,low_restock,0.051715111453826866,0.1738700109914534,0.7744148775547198,-10.144550947262077,8.237210647805739,0.0,0.0,none
inventory,pg,11,470,28.47014556360594,16.11730445367752,1.20808749883722,0.0,2,high_restock,0.04337608013780485,0.11631187804383611,0.8403120418183591,-8.352448539307709,6.287091676277571,0.0,0.0,none
inventory,pg,11,471,22.32128154087917,14.941048908600397,1.7872384883126873,0.0,1,balanced_restock,0.04799573029230932,0.15004300958180686,0.8019612601258839,-8.493139055062812,1.1951432172204548,0.0,0.0,none
inventory,pg,11,472,23.23754015732232,14.181757088505185,1.6762727755981714,0.0,2,high_restock,0.04577450859582163,0.13402978697828252,0.8201957044258957,-6.452311423364773,6.394189240344519,0.0,0.0,none
inventory,pg,11,473,16.89231835247078,13.395740699316752,1.7536970902632936,0.0,2,high_restock,0.051813412533271735,0.1732277606842839,0.7749588267824443,-5.400029503353166,3.0555070193992493,0.0,0.0,none
inventory,pg,11,474,13.885798581009048,13.108878823673342,1.2903696966093878,0.0,2,high_restock,0.0546796310218192,0.18903023551962359,0.7562901334585572,-3.6872111213900176,4.899073757761135,0.0,0.0,none
inventory,pg,11,475,8.99203177540005,12.904377242358823,1.18962626236587,0.0,2,high_restock,0.08218822066597961,0.34285493388150523,0.5749568454525151,-0.5961315768995286,9.0783664712607,0.0,0.0,none
inventory,pg,11,476,0.0,12.195414749575345,2.2179132116475277,0.010023495874915815,1,balanced_restock,0.1587620266547996,0.8137165909641579,0.027521382381042594,-0.517596122306619,0.4531742201305077,0.0,0.0,none
inventory,pg,11,477,0.4502746351617688,12.242546895567889,2.2351676912227836,0.0,2,high_restock,0.1556758647019137,0.8143140224380789,0.030010112860007317,-1.0241709422265988,0.4596674584711514,0.0,0.0,none
inventory,pg,11,478,0.0,12.211108973939346,2.2443004327029104,0.08645909682617833,1,balanced_restock,0.1588318552346799,0.8138303965217971,0.027337748243522916,-0.8829939626643523,0.8471127318750052,0.0,0.0,none
inventory,pg,11,479,0.0,11.515355377137311,1.7611039395875445,0.09339177904720576,1,balanced_restock,0.15788647074759926,0.8136682289414292,0.02844530031097167,-0.9124561617042964,0.3437125118333288,0.0,0.0,none
inventory,pg,11,480,0.0,11.22045324065925,1.584629178092065,0.09865288601862436,1,balanced_restock,0.15764748265493975,0.8133627988842671,0.028989718460793134,-1.211381975127692,0.056323659768629665,0.0,0.0,none
inventory,pg,11,481,0.0,11.211874004429593,1.6004205884412628,0.15203249555851642,1,balanced_restock,0.15769943584726193,0.8134426167297921,0.02885794742294594,-1.1972161830025212,0.28041603191044173,0.0,0.0,none
inventory,pg,11,482,0.0,11.016904615461343,1.3988922048012349,0.1495028898218788,0,low_restock,0.1573252448220299,0.8131879421036985,0.02948681307427164,-0.528189642244952,0.16333087041945235,0.0,0.0,none
inventory,pg,11,483,0.0,11.139953249954115,1.4614233743505025,0.062176721829455724,1,balanced_restock,0.15738203178534707,0.8132080785329007,0.02940988968175242,-0.8055524600645765,0.147608829988995,0.0,0.0,none
inventory,pg,11,484,0.0,10.99360375649944,1.4531825067722237,0.07956293929724581,1,balanced_restock,0.15751281778848977,0.8129868018038074,0.029500380407702746,-0.8383424843235077,0.010779189143679166,0.0,0.0,none
inventory,pg,11,485,0.0,10.985284193451971,1.4496201295752202,0.08541830077205494,1,balanced_restock,0.15751050449848564,0.8129857285589973,0.029503766942516992,-0.8485979924801672,1.187932012002314,0.0,0.0,none
inventory,pg,11,486,0.0,11.706959956618812,0.5060295381699703,0.08724964151431557,1,balanced_restock,0.1550413777761537,0.8125880984495448,0.032370523774301524,-1.060093986096362,0.750379119607904,0.0,0.0,none
inventory,pg,11,487,0.0,11.1428054922654,0.9993572249058371,0.12501678323149323,1,balanced_restock,0.1562464868096693,0.8130761505446259,0.030677362645704774,-1.0357625390100242,0.055019072319740445,0.0,0.0,none
inventory,pg,11,488,0.0,11.18106775808732,1.0386537790307384,0.12067188196607574,1,balanced_restock,0.15629298162984637,0.8131894634044544,0.030517554965699283,-1.3924709603041685,1.0097496416272829,0.0,0.0,none
inventory,pg,11,489,0.0,10.53270374940102,1.8101205796242186,0.18436981434003008,1,balanced_restock,0.15919525502846368,0.811934506048867,0.028870238922669423,-1.5370707671014237,0.29152973582586544,0.0,0.0,none
inventory,pg,11,490,0.0,10.25317929305521,1.7314508854369912,0.2101912084109685,1,balanced_restock,0.15930956467585664,0.8114837829235382,0.02920665240060523,-1.560550946976491,0.04477544591114978,0.0,0.0,none
inventory,pg,11,491,0.0,10.22011761375919,1.7015479491548429,0.2143840976743734,1,balanced_restock,0.1592537877373098,0.8114575792935564,0.02928863296913375,-1.837448658692253,0.20361612549807562,0.0,0.0,none
inventory,pg,11,492,0.0,10.056613318510273,1.8123674560531424,0.2638301176236166,1,balanced_restock,0.1598786272413579,0.8109853015887267,0.029136071169915324,-1.8546659523768798,0.15945396333503936,0.0,0.0,none
inventory,pg,11,493,0.0,9.95274146658286,1.691426345808104,0.26690463435301426,1,balanced_restock,0.15961335854427935,0.8109233981130852,0.02946324334263553,-1.653945510441127,1.4229372233962494,0.0,0.0,none
inventory,pg,11,494,0.0,11.346313624657602,1.9767722164635892,0.23106169829305837,1,balanced_restock,0.15877471761360595,0.8132921367815612,0.027933145604832857,-1.428960399156248,0.9727243580305645,0.0,0.0,none
inventory,pg,11,495,0.0,12.270275919862938,2.278222460751463,0.19088578556361568,2,high_restock,0.1588994282236325,0.8140139055325827,0.027086666243784734,-2.085167668599978,0.10974819184846549,0.0,0.0,none
inventory,pg,11,496,0.0,12.338458195941282,2.265394781119005,0.27592279796428176,1,balanced_restock,0.15881068721509026,0.8142597284905494,0.02692958429436029,-1.420555746037655,1.905751339002313,0.0,0.0,none
inventory,pg,11,497,0.0,14.242232281636495,2.2719976910006263,0.18938495464958122,1,balanced_restock,0.15752606708736486,0.8161705867810005,0.02630334613163469,-1.0950042662430957,0.9098796807399406,0.0,0.0,none
inventory,pg,11,498,0.0,15.09915421533446,1.97168743710331,0.13125076182912424,1,balanced_restock,0.15638815505374015,0.8170769821317954,0.026534862814464644,-0.9663948025139427,0.2006680089120294,0.0,0.0,none
inventory,pg,11,499,0.0,14.918876769817961,2.0567771333095872,0.10828478616320407,1,balanced_restock,0.15662735470056763,0.8168656359477681,0.02650700935166437,-0.6250251029845861,0.30455641036079345,0.0,0.0,none
inventory,pg,11,500,0.0,15.209838240429155,2.1229590438335677,0.04732591124724753,0,low_restock,0.15665124890659154,0.8169004977331475,0.02644825336026106,-2.3618731659441075,6.311623572785406,0.0,0.0,none
inventory,pg,11,501,6.233923331268878,15.90970383775372,1.428163801903911,0.0,1,balanced_restock,0.11956560565836492,0.6096725644036347,0.2707618299380004,-3.6524247148537845,3.26105202758107,0.0,0.0,none
inventory,pg,11,502,9.4069277567251,15.332774916439158,0.94478376262151,0.0,1,balanced_restock,0.09083544417694538,0.3918446956294261,0.5173198601936286,-4.304388159054487,1.915453811424232,0.0,0.0,none
inventory,pg,11,503,11.269680454441392,14.891446756496018,1.010701484756731,0.0,2,high_restock,0.07414143481282677,0.29716475369754247,0.6286938114896308,-4.6617079395104675,1.219839784160829,0.0,0.0,none
inventory,pg,11,504,11.776308398601337,15.871248686005123,1.5315905364251665,0.0,2,high_restock,0.07700438191475219,0.3151709939350066,0.6078246241502412,-3.7299005086503216,2.668790046844449,0.0,0.0,none
inventory,pg,11,505,9.114001453286633,15.685363048118791,1.5286626203267153,0.0,1,balanced_restock,0.09510786330608259,0.4190882372443169,0.48580389944960056,-4.754130729989154,3.4407241016304355,0.0,0.0,none
inventory,pg,11,506,12.55465922854044,15.664147179454313,1.531173405642296,0.0,2,high_restock,0.06993519803475727,0.2758217702680983,0.6542430316971444,-4.060851765823276,2.4960145194054704,0.0,0.0,none
inventory,pg,11,507,10.05957647378079,15.730529743411136,1.5155566458492193,0.0,2,high_restock,0.08877854628218923,0.3810978065622093,0.5301236471556016,-3.6383796854854005,1.374582355328808,0.0,0.0,none
inventory,pg,11,508,8.852513387101144,16.316566586531952,1.2171673449993297,0.0,2,high_restock,0.09897660977172235,0.44398945545100266,0.4570339347772749,-0.5798260571705851,9.223610440255475,0.0,0.0,none
inventory,pg,11,509,0.0,14.345173177353269,2.89691546105436,0.007111795923318758,1,balanced_restock,0.15936928379151863,0.8145831216330136,0.02604759457546765,-0.4980228938967892,0.628324132038435,0.0,0.0,none
inventory,pg,11,510,0.3943511254193979,13.856069934426552,2.894497838333426,0.0,1,balanced_restock,0.1574223612561797,0.8146615735198973,0.02791606522392311,-0.9817691566461605,1.4463652580095918,0.0,0.0,none
inventory,pg,11,511,1.7764833047033157,13.444364815232575,2.784125770333797,0.0,1,balanced_restock,0.14853002834863457,0.8111451977407291,0.040324773910636165,-0.4545015138868933,2.2093973435617276,0.0,0.0,none
inventory,pg,11,512,0.0,12.15183092052661,3.017824392784357,0.01687527033694524,1,balanced_restock,0.16206068645855073,0.8110213718781862,0.026917941663263067,-0.6347379029245841,1.743009989187231,0.0,0.0,none
inventory,pg,11,513,0.0,10.74265256526831,1.9925125832448738,0.049060339807961435,1,balanced_restock,0.15962908480611365,0.8117170536658385,0.02865386152804791,-1.0727949535708443,0.7007188500987566,0.0,0.0,none
inventory,pg,11,514,0.0,10.317577758999352,2.544055190603022,0.12728481313765078,1,balanced_restock,0.16254405688342768,0.8092017280577928,0.028254215058779536,-1.4470097042439538,1.1269102145428893,0.0,0.0,none
inventory,pg,11,515,0.0,9.203605514306236,2.387444161778699,0.19410887575784885,1,balanced_restock,0.16392204094032137,0.8066687522636719,0.029409206796006854,-1.7298585822364454,1.5722939418159712,0.0,0.0,none
inventory,pg,11,516,0.0,8.220056883468223,1.1618058796488593,0.2446176039707938,1,balanced_restock,0.1614805971840931,0.8052843018908566,0.03323510092505035,-2.208481191559362,0.6389649864928719,0.0,0.0,none
inventory,pg,11,517,0.0,7.615050805818828,1.348725824327688,0.33008592706417184,1,balanced_restock,0.16377600362404984,0.8026522054941561,0.03357179088179409,-2.601749152436156,0.7493587180826652,0.0,0.0,none
inventory,pg,11,518,0.0,7.082471876221071,0.8262639388026781,0.4003123486493136,1,balanced_restock,0.16427013821770858,0.7986363235702565,0.03709353821203493,-2.5816988800672878,1.755370338838948,0.0,0.0,none
inventory,pg,11,519,0.0,8.227740183758891,2.156554399912382,0.3967319428691586,1,balanced_restock,0.16501517115316697,0.8042408922874243,0.03074393655940859,-2.7883097651008923,0.4208359471992661,0.0,0.0,none
inventory,pg,11,520,0.0,8.646749847857654,2.1434178283056333,0.4336267437680165,1,balanced_restock,0.16384780364711277,0.8060875126280082,0.03006468372487904,-3.014425755989323,0.14761959339541877,0.0,0.0,none
inventory,pg,11,521,0.0,8.788582065617806,2.1501107457122246,0.47400459928380767,1,balanced_restock,0.16351250049123614,0.8066714615695895,0.029816037939174225,-2.9326464089218813,1.4012219794056955,0.0,0.0,none
inventory,pg,11,522,0.0,10.189586956593702,2.1699871170651535,0.459401144450336,1,balanced_restock,0.16096760269724122,0.8108058102644674,0.028226587038291423,-3.086376444832675,0.8574599018728271,0.0,0.0,none
inventory,pg,11,523,0.0,10.788431769008701,1.5569057414938328,0.4868529365772635,1,balanced_restock,0.1581218386318654,0.8131616082325727,0.02871655313556208,-2.941327718105447,0.48806514995963995,0.0,0.0,none
inventory,pg,11,524,0.0,11.100927904904603,1.9309149190959345,0.4609513782331155,1,balanced_restock,0.15893941541615192,0.8132409147624434,0.027819669821404797,-2.994638819393278,0.4285437714771498,0.0,0.0,none
inventory,pg,11,525,0.0,11.484177364269037,1.7393973255847262,0.47047121774879963,1,balanced_restock,0.15795896070507318,0.8141601080712894,0.027880931223637623,-2.9040751916033893,0.8742333837141848,0.0,0.0,none
inventory,pg,11,526,0.0,12.275876410964836,1.3689447744981955,0.4542991413577481,1,balanced_restock,0.15636058636553482,0.8153787932267764,0.028260620407688727,-3.2457593024904616,1.3384208202292327,0.0,0.0,none
inventory,pg,11,527,0.0,11.217217766078551,2.185577698760547,0.515314161159011,1,balanced_restock,0.15969771787665024,0.8129639401363405,0.02733834198700921,-3.2147481367833004,0.46416575048226877,0.0,0.0,none
inventory,pg,11,528,0.0,11.679070770123436,2.1396322924200226,0.509776452997018,1,balanced_restock,0.15907013225414593,0.8138255846365716,0.02710428310928245,-3.040333683904673,0.11077049125575644,0.0,0.0,none
inventory,pg,11,529,0.0,11.752485085501934,2.21651142952146,0.4786310149829773,1,balanced_restock,0.15924435820918076,0.8137433391485585,0.02701230264226081,-3.283292977731778,0.5499813932778792,0.0,0.0,none
inventory,pg,11,530,0.0,11.278364604153749,2.4918421267857163,0.522016603166389,1,balanced_restock,0.16072654668529568,0.8122524896311257,0.027020963683578602,-2.921489043103048,1.0192172925254892,0.0,0.0,none
inventory,pg,11,531,0.0,11.956465371250854,3.250003762157163,0.4574087576969729,1,balanced_restock,0.1629069634989286,0.8106581136819374,0.026434922819133996,-3.0166872343559263,0.8804883260995068,0.0,0.0,none
inventory,pg,11,532,0.0,12.572680170336339,2.621314630099736,0.47440843470641547,1,balanced_restock,0.15990516485162162,0.8138577215939472,0.026237113554431136,-2.8797675333440416,0.2681355838836808,0.0,0.0,none
inventory,pg,11,533,0.0,12.837451508598146,2.655883834465732,0.44995848809715033,0,low_restock,0.1597997115670857,0.8140811740643025,0.02611911436861179,-2.24828538337869,0.5175974696472179,0.0,0.0,none
inventory,pg,11,534,0.0,12.330120751314956,2.59245855047047,0.3693366756033375,1,balanced_restock,0.15999647013797516,0.8134930466264821,0.026510483235542635,-2.224735349185292,1.2431957405324143,0.0,0.0,none
inventory,pg,11,535,0.0,13.446394071366218,2.0464289440441976,0.33298845521165926,1,balanced_restock,0.15739063068858494,0.8159785354891774,0.02663083382223769,-1.9297163997885702,0.2950675619523413,0.0,0.0,none
inventory,pg,11,536,0.0,13.279431608286197,1.808914705250288,0.28030649996224466,1,balanced_restock,0.15679125883034636,0.816063878214214,0.027144862955439615,-1.9771300042673094,0.19496355462438836,0.0,0.0,none
inventory,pg,11,537,0.0,13.398893075221542,1.6550704324121563,0.28877321504773384,1,balanced_restock,0.15635160208277774,0.8162858143752675,0.02736258354195486,-1.4523053054482227,1.4039624138052886,0.0,0.0,none
inventory,pg,11,538,0.0,14.368655569739548,2.665955178356738,0.19505451883003977,1,balanced_restock,0.15865294915490646,0.815461073012339,0.025885977832754353,-1.265119869742203,0.6475672617531081,0.0,0.0,none
inventory,pg,11,539,0.0,14.907913784091216,2.308986494528609,0.16162854816825054,1,balanced_restock,0.15731322562487726,0.8165772417296827,0.026109532645439932,-1.0185684097482746,0.11637596036373159,0.0,0.0,none
inventory,pg,11,540,0.0,15.015417348592544,2.3020606766735563,0.11760150174076332,0,low_restock,0.15722035364134263,0.816617320020974,0.026162326337683277,-0.6113893363985299,1.2389941333572598,0.0,0.0,none
inventory,pg,11,541,1.2325409611386569,14.970799191699157,2.290731578172009,0.0,1,balanced_restock,0.15053371018961617,0.8159602698857691,0.033506019924614765,-1.2626390998880057,1.4995778351734506,0.0,0.0,none
inventory,pg,11,542,2.5789688568228737,15.358618782032849,1.756445539780333,0.0,2,high_restock,0.1418499388115096,0.8024508106756587,0.0556992505128317,-0.7832387747141827,2.9275644242115,0.0,0.0,none
inventory,pg,11,543,0.0,14.122666326835098,1.131875303802678,0.043435495484675485,0,low_restock,0.1549219938139785,0.8163487319527178,0.028729274233303757,-2.2483675339865927,5.911242035386424,0.0,0.0,none
inventory,pg,11,544,5.909621525675979,14.244723979490704,1.1805693624418043,0.0,1,balanced_restock,0.11735080202847928,0.5879593937098213,0.2946898042616994,-3.0449520882021734,1.7827737319829529,0.0,0.0,none
inventory,pg,11,545,7.671291680577639,13.980679360486215,1.1092890429141744,0.0,1,balanced_restock,0.09916005353466335,0.4464229980128814,0.45441694845245534,-2.7217864294211407,1.289010827120701,0.0,0.0,none
inventory,pg,11,546,6.747961226917546,13.103084053155778,1.3063582244972811,0.0,1,balanced_restock,0.10464078676919153,0.4849211665672498,0.41043804666355854,-3.4395582998292764,2.056356932771748,0.0,0.0,none
inventory,pg,11,547,8.79873799951222,13.243953828537869,1.361803425627827,0.0,2,high_restock,0.08621918524307898,0.3666335719297041,0.5471472428272169,-0.8850067026607314,7.839848857577354,0.0,0.0,none
inventory,pg,11,548,0.9857334361735184,12.805243624020159,1.8390069035673737,0.0,1,balanced_restock,0.15072541317168708,0.8145325870465616,0.034741999781751326,-0.6462208947157964,1.8966512832837006,0.0,0.0,none
inventory,pg,11,549,0.0,11.302523458075314,2.443023016437837,0.05111087405639222,1,balanced_restock,0.1606582585710837,0.8116236571609304,0.027718084267985926,-0.9014972601096832,1.011982171028359,0.0,0.0,none
inventory,pg,11,550,0.0,10.311998513610263,2.24080963731066,0.09669593930530057,1,balanced_restock,0.1612501208391449,0.8101742327357168,0.028575646425138337,-1.3217041109572982,0.9357425171867285,0.0,0.0,none
inventory,pg,11,551,0.0,9.446147477223246,2.5876316366797734,0.1717328769566604,2,high_restock,0.1643707396811232,0.8065888340534842,0.0290404262653927,-2.3610258736027117,1.911366550205827,0.0,0.0,none
inventory,pg,11,552,0.0,8.087687716090779,1.2518314392212309,0.3251831917147699,1,balanced_restock,0.16205853954845162,0.8049364011141846,0.03300505933736363,-2.205125238644049,0.6168415560889252,0.0,0.0,none
inventory,pg,11,553,0.0,8.390040216155175,1.789472538163534,0.3294866497578659,1,balanced_restock,0.16313318589467263,0.805794966502707,0.031071847602620283,-2.4849752573569774,0.2280042820761408,0.0,0.0,none
inventory,pg,11,554,0.0,8.603114093397048,1.7255338722238611,0.37945986738517457,1,balanced_restock,0.1623307527756322,0.8068571670862398,0.030812080138128015,-2.4565157871883687,0.9117405285928716,0.0,0.0,none
inventory,pg,11,555,0.0,9.312453682303287,2.2983185716308703,0.37437781914078017,1,balanced_restock,0.16307822121262167,0.8078090484687405,0.029112730318637977,-2.53381442306987,0.9233715046846719,0.0,0.0,none
inventory,pg,11,556,0.0,10.16972421971857,1.9555188786846858,0.3881811469767624,1,balanced_restock,0.16020583727501414,0.8111830502720411,0.028611112452944728,-3.0617003940424627,0.7131901862980013,0.0,0.0,none
inventory,pg,11,557,0.0,9.798313698900623,2.5570240825503636,0.48244649893615404,1,balanced_restock,0.16314785927998382,0.8085520171907614,0.02830012352925495,-2.9859604780262816,0.33590630753147677,0.0,0.0,none
inventory,pg,11,558,0.0,10.047911901544419,2.781414054378628,0.4689215139332646,1,balanced_restock,0.16367073154672324,0.8083355871393689,0.027993681313907674,-2.929095494562257,0.8428621130877864,0.0,0.0,none
inventory,pg,11,559,0.0,10.889699406986802,2.8227326249606013,0.45876705260040307,1,balanced_restock,0.16253501117253571,0.8102338457826166,0.02723114304484771,-3.413848390848865,1.3664754992331136,0.0,0.0,none
inventory,pg,11,560,0.0,9.606668490848762,3.284894720217918,0.5453300697944402,1,balanced_restock,0.16660617777816034,0.8048047513933825,0.02858907082845727,-3.344429793556968,0.4347179896735784,0.0,0.0,none
inventory,pg,11,561,0.0,9.973461573782254,3.5178945048246772,0.5329338917066014,1,balanced_restock,0.16696518174095035,0.8047382075632242,0.028296610695825414,-3.5527427069030186,1.1011489687834253,0.0,0.0,none
inventory,pg,11,562,0.0,10.77239421784861,2.7610246772799405,0.5701326262326819,1,balanced_restock,0.16237689245495285,0.8103861759834489,0.027236931561598354,-3.698822390022093,0.5982601950047927,0.0,0.0,none
inventory,pg,11,563,0.0,10.217845220010474,2.5380668149241616,0.5962182839325166,1,balanced_restock,0.16230355642676708,0.8099116562609151,0.027784787312317857,-3.492638777989027,0.5771108432062246,0.0,0.0,none
inventory,pg,11,564,0.0,10.591141791433078,2.9766451921953747,0.5593997817837548,1,balanced_restock,0.1635120549882455,0.8091029049199081,0.02738504009184644,-3.715525943814037,1.0805321877696161,0.0,0.0,none
inventory,pg,11,565,0.0,11.24580611758707,2.117936692756357,0.5992010613953638,1,balanced_restock,0.15947350693445672,0.8132247612309179,0.02730173183462534,-3.720021667756506,0.21620395734875136,0.0,0.0,none
inventory,pg,11,566,0.0,11.061020314501155,2.0056971558243344,0.6000038692422333,1,balanced_restock,0.15929979649840814,0.8131285885743241,0.027571614927267837,-3.419660402836397,1.3659374472600494,0.0,0.0,none
inventory,pg,11,567,0.0,12.332705760166556,2.5014031402876866,0.5463679290779281,0,low_restock,0.15972095742664674,0.8139230840208731,0.02635595855248027,-2.5572151013213262,0.8923871394950044,0.0,0.0,none
inventory,pg,11,568,0.0,13.204018221751918,2.3520101479789415,0.4245026966645225,1,balanced_restock,0.15851464477966856,0.8152505652291137,0.026234789991217936,-2.6598523193023897,0.3381183930861194,0.0,0.0,none
inventory,pg,11,569,0.0,12.881966146716593,2.249953004706335,0.41068791416114103,0,low_restock,0.15839981221294783,0.8151051498021181,0.026495037984934182,-1.560768384863542,1.686622103345529,0.0,0.0,none
inventory,pg,11,570,0.0,14.536893897376236,1.9689331021066103,0.2465657830113468,0,low_restock,0.1566451896751854,0.8168480493492726,0.026506760975542137,-0.7141001063450616,1.0159699262798705,0.0,0.0,none
inventory,pg,11,571,0.0,15.46480390352861,1.5838107001846675,0.09537501899018958,1,balanced_restock,0.1554911471195347,0.817366518289233,0.02714233459123233,-0.6369987475263843,0.11759845665031722,0.0,0.0,none
inventory,pg,11,572,0.0,15.356654138275033,1.578789812242347,0.04946406205828292,1,balanced_restock,0.15546876081707636,0.8172653420573728,0.02726589712555089,-0.6710442233504441,0.8621517791493777,0.0,0.0,none
inventory,pg,11,573,0.0,14.765427194927208,2.206260473573129,0.055543611312579295,1,balanced_restock,0.15702733501276384,0.816518531675953,0.026454133311283178,-0.36360174119986993,0.6040107133187776,0.0,0.0,none
inventory,pg,11,574,0.0,15.3406264452563,2.030303929061049,0.0006431680714053455,1,balanced_restock,0.15636583901103507,0.8170113973256681,0.02662276366329694,-1.2580788596441947,2.647384462001749,0.0,0.0,none
inventory,pg,11,575,2.565939598983414,14.765108881955538,1.7247264680396064,0.0,1,balanced_restock,0.14155025685696015,0.8006353258354116,0.057814417307628235,-1.4782039605176918,1.016667159689053,0.0,0.0,none
inventory,pg,11,576,3.1948684586219773,13.974223957587048,1.6126477478890269,0.0,1,balanced_restock,0.13746736315953928,0.7767972659013964,0.08573537093906428,-1.256727065182628,1.005483849854295,0.0,0.0,none
inventory,pg,11,577,2.5620773290932224,13.204912334634605,1.7495155143565728,0.0,0,low_restock,0.140869803380484,0.7946894842303387,0.06444071238917749,-4.242433219789249,9.072006630740384,0.0,0.0,none
inventory,pg,11,578,11.606952056540713,13.899000969684252,1.6505890786880315,0.0,2,high_restock,0.0677906991858215,0.26342680081654024,0.6687824999976383,-2.3644785464442073,6.4514458465626126,0.0,0.0,none
inventory,pg,11,579,5.21279584698345,13.051563522396364,1.5172862210874982,0.0,0,low_restock,0.1214763551572751,0.6208479388699211,0.25767570597280376,-4.7600083770747394,7.875372963128818,0.0,0.0,none
inventory,pg,11,580,13.085738220213543,12.903959724246025,1.388869653036132,0.0,2,high_restock,0.056488487714230304,0.1991090485560539,0.7444024637297157,-4.18459105848199,2.7412765815032842,0.0,0.0,none
inventory,pg,11,581,10.413117309948543,13.443649770265313,1.6724704649889806,0.0,0,low_restock,0.07453698329682261,0.30115090173323683,0.6243121149699404,-6.354357968601208,7.244940559626379,0.0,0.0,none
inventory,pg,11,582,17.641022767432027,13.815789087667762,1.3437475746343577,0.0,2,high_restock,0.05049818285277397,0.16558263469400125,0.7839191824532248,-4.34690843814519,6.808731806950551,0.0,0.0,none
inventory,pg,11,583,10.8768812518434,13.05398583906054,1.5014630985436919,0.0,2,high_restock,0.06827550546590545,0.2653706427202047,0.6663538518138898,-2.7090837298681008,4.695716232303113,0.0,0.0,none
inventory,pg,11,584,6.197382085337431,13.396917247670796,1.315892265777709,0.0,1,balanced_restock,0.11177247127614096,0.5393271304879175,0.34890039823594154,-2.362582901020921,0.6865436456886194,0.0,0.0,none
inventory,pg,11,585,5.721665431488347,12.927185442254961,1.4720584390254132,0.0,1,balanced_restock,0.11556227242593486,0.569110481779887,0.3153272457941781,-3.0249674680064595,1.9584889097565248,0.0,0.0,none
inventory,pg,11,586,7.614192765732742,12.640215091156842,1.057731133181679,0.0,1,balanced_restock,0.09314711675178844,0.4078120072130896,0.499040876035122,-2.823670867728881,0.6802967486022683,0.0,0.0,none
inventory,pg,11,587,7.039059622082519,12.2796073709301,1.10231370092627,0.0,1,balanced_restock,0.09719380442609293,0.4339394581809968,0.4688667373929103,-3.7660518259235545,2.7867031285063186,0.0,0.0,none
inventory,pg,11,588,9.73157664549587,12.970939078730492,1.2975747437535585,0.0,2,high_restock,0.07641771849094497,0.31050708802942206,0.613075193479633,-2.5113788389890184,4.101026785996977,0.0,0.0,none
inventory,pg,11,589,5.632510968540053,13.087025776640525,1.3486154533468766,0.0,2,high_restock,0.11675280560961425,0.5800974590608485,0.3031497353295372,-0.5877817266661143,5.632995945406892,0.0,0.0,none
inventory,pg,11,590,0.0,13.136212597037044,1.2941052320811675,0.008532451190377545,1,balanced_restock,0.1555352229385384,0.8156672700794526,0.028797506982008936,-0.7695717773162372,1.7712660526460393,0.0,0.0,none
inventory,pg,11,591,0.0,11.853232003562859,2.5136011823346665,0.07313781737789948,1,balanced_restock,0.16024000008088748,0.8124772216052982,0.027282778313814225,-1.2317305369637797,1.367264944481188,0.0,0.0,none
inventory,pg,11,592,0.0,10.812861733174046,3.396908716750014,0.15566616731496064,1,balanced_restock,0.16571526096987563,0.8066208508190129,0.02766388821111146,-1.21013957114266,0.6573414844364136,0.0,0.0,none
inventory,pg,11,593,0.0,10.328335743044175,2.9527043415563927,0.1518106377040464,1,balanced_restock,0.16441480943858577,0.8075246468833173,0.02806054367809694,-1.266254052840799,0.7123767029515655,0.0,0.0,none
inventory,pg,11,594,0.0,9.807862674189991,2.4664040822262945,0.1618310808644284,1,balanced_restock,0.16307954424376253,0.8081887992470942,0.028731656509143277,-1.4260787809048607,0.40104294694615794,0.0,0.0,none
inventory,pg,11,595,0.0,9.454257364403134,2.279363468549132,0.19037121087586795,1,balanced_restock,0.16290116480805666,0.807885529165949,0.02921330602599439,-1.7511022706633934,0.13121185609028693,0.0,0.0,none
inventory,pg,11,596,0.0,9.54617376663211,2.2058835722746575,0.24841111976132027,0,low_restock,0.16233423173309927,0.8085662225053133,0.029099545761587575,-1.460817473429908,0.3980213835646995,0.0,0.0,none
inventory,pg,11,597,0.0,9.777282658834679,1.8824305473131493,0.22871740596962645,1,balanced_restock,0.16061302814812295,0.8100515902063052,0.029335381645571888,-1.7282634988235435,0.4108854673501955,0.0,0.0,none
inventory,pg,11,598,0.0,9.504690180797791,1.5753859761561586,0.24433276764706133,1,balanced_restock,0.15997636481774913,0.8098098696581897,0.030213765524061173,-1.8692872090501131,0.2905593393492283,0.0,0.0,none
inventory,pg,11,599,0.0,9.292417109476713,1.3785848095252597,0.26951557304466306,1,balanced_restock,0.15971499954262955,0.8093522284747504,0.03093277198261994,-1.9647922164912535,0.19869416658934844,0.0,0.0,none
