env,policy,seed,t,q,mu,sigma,rho,a,action_label,p0,p1,p2,r,state_delta,intervention_active,intervention_start,intervention_name
inventory,dqn,13,0,0.0,12.13072699036783,1.04575048492713,0.55,0,low_restock,0.8843374712750853,0.10871350233482449,0.006949026390090193,-2.9524424902621003,0.3961473708689938,0.0,0.0,none
inventory,dqn,13,1,0.0,11.892413971340199,1.357396646363158,0.4950790161182322,0,low_restock,0.8726275495448661,0.11984454162489672,0.0075279088302370335,-2.6584450707878933,0.6361952176935632,0.0,0.0,none
inventory,dqn,13,2,0.0,11.279201125654087,1.5185120065444486,0.4425794769264095,0,low_restock,0.8567998622183803,0.13449197464871834,0.008708163132901455,-2.2758140647970646,0.4377041753718295,0.0,0.0,none
inventory,dqn,13,3,0.0,10.888513106218271,1.3333654634696164,0.3742525115709044,0,low_restock,0.8295213530681009,0.159511146693352,0.010967500238547158,-1.530976830115881,0.8403392696597505,0.0,0.0,none
inventory,dqn,13,4,0.0,11.271137263809285,2.0696249784970853,0.24124586252069308,0,low_restock,0.745912434846551,0.23316611934364787,0.02092144580980106,-1.1392317428129,0.07674365769116785,0.0,0.0,none
inventory,dqn,13,5,0.0,11.30192064296775,2.062672043235693,0.1712913826451607,0,low_restock,0.6167079194852306,0.33649377046458395,0.04679831005018538,-0.4615478568637593,0.9484504818741524,0.0,0.0,none
inventory,dqn,13,6,0.0,12.227236583495852,2.2320948913882996,0.05027640301138559,1,balanced_restock,0.24393559161521217,0.5488121813146787,0.20725222707010907,-0.6226940009951503,0.6398454188961511,0.0,0.0,none
inventory,dqn,13,7,0.0,12.739377674481858,1.8485556783561574,0.04690964303484826,1,balanced_restock,0.212990416958837,0.560382770048438,0.22662681299272497,-0.5334468835656969,0.5440412196654285,0.0,0.0,none
inventory,dqn,13,8,0.0,13.205917953078417,1.5691509009398337,0.030972657779588735,1,balanced_restock,0.15755420092375885,0.5668531014773562,0.275592697598885,-0.43012960032974973,0.3556435447159707,0.0,0.0,none
inventory,dqn,13,9,0.20037028665642787,13.017516132620987,1.3458136500349385,0.0,1,balanced_restock,0.08617066928006706,0.5294323104102182,0.38439702030971473,-2.4229375656732413,5.875780404913455,0.0,0.0,none
inventory,dqn,13,10,5.894107330494975,14.376900823131246,1.853974161676617,0.0,2,high_restock,0.00012993152573105386,0.021473817446705026,0.9783962510275639,-1.8516419353605966,2.1663362627744,0.0,0.0,none
inventory,dqn,13,11,3.747548386744562,14.653379319508309,1.9480865703034294,0.0,2,high_restock,0.000916288543690315,0.07532535235288927,0.9237583591034203,-0.7991830806628963,3.770808436980408,0.0,0.0,none
inventory,dqn,13,12,0.0,14.408777300830632,2.284100144732499,0.04628269297551719,1,balanced_restock,0.1794251568228339,0.5619630069478959,0.2586118362292702,-0.5444161117036723,0.044190003340954014,0.0,0.0,none
inventory,dqn,13,13,0.0,14.372576929655063,2.3056415883580743,0.03293144851851293,1,balanced_restock,0.14947067302791997,0.559303203086379,0.29122612388570096,-0.5718830211517685,0.59444763056116,0.0,0.0,none
inventory,dqn,13,14,0.0,13.830218389789291,2.5489338870438747,0.03783625377710152,1,balanced_restock,0.17587303853241315,0.5575966248052621,0.26653033666232473,-1.2318492000418853,2.499111268039061,0.0,0.0,none
inventory,dqn,13,15,2.4909977144053865,13.719378076782084,2.3853173848825033,0.0,2,high_restock,0.004173483539480264,0.1704297019840027,0.825396814476517,-0.80751586274201,1.7305445677817424,0.0,0.0,none
inventory,dqn,13,16,0.7643310364057427,13.803356529932234,2.4650312705679926,0.0,2,high_restock,0.018506934196681393,0.368082603513859,0.6134104622894597,-0.6532381103534581,1.2816910670195316,0.0,0.0,none
inventory,dqn,13,17,0.0,14.764862425773595,2.099480210112386,0.020221091134546093,1,balanced_restock,0.09696338517858981,0.5465362055136409,0.3565004093077693,-1.0969767103220203,2.178135730577506,0.0,0.0,none
inventory,dqn,13,18,2.105647743777201,15.282169828014622,1.8933079544513494,0.0,2,high_restock,0.0036698966088074543,0.1813782504607202,0.8149518529304723,-0.661039280770043,2.388656730692504,0.0,0.0,none
inventory,dqn,13,19,0.0,15.827109350954316,0.9061391235253001,0.021614157280364817,1,balanced_restock,0.08765745742743056,0.5513073364448692,0.36103520612770024,-1.0622337585739117,2.051855634262027,0.0,0.0,none
inventory,dqn,13,20,2.006382167354033,15.503076890589728,0.6249311307304849,0.0,2,high_restock,0.011300742308018622,0.2505966187591514,0.7381026389328299,-0.7172125852120612,2.074001731159447,0.0,0.0,none
inventory,dqn,13,21,0.0,15.004102329688697,0.7859800497296128,0.03164510450215379,1,balanced_restock,0.12307590730229118,0.5695945906139204,0.30732950208378856,-0.7771074549432047,2.1248177837381297,0.0,0.0,none
inventory,dqn,13,22,0.0,13.640326638525632,2.4148236126210825,0.07448347409700083,1,balanced_restock,0.2840448581039383,0.5369578454364549,0.17899729645960683,-0.6734529784245719,0.48432599281511524,0.0,0.0,none
inventory,dqn,13,23,0.0,13.195238005183132,2.2247573984827502,0.05597374614724497,1,balanced_restock,0.23456934299019166,0.5529969110270899,0.21243374598271833,-0.8350011531675359,0.9068625495150076,0.0,0.0,none
inventory,dqn,13,24,0.0,12.315095319006268,2.441359187533892,0.08482163449420284,1,balanced_restock,0.3630893922130069,0.4997838654421139,0.1371267423448792,-0.8534312872239018,0.9581964338791565,0.0,0.0,none
inventory,dqn,13,25,0.0,11.56514534846944,1.8449494154125534,0.08811272986141103,1,balanced_restock,0.3847228875092036,0.4916609058476036,0.12361620664319277,-1.0175232098561477,0.8263274911237689,0.0,0.0,none
inventory,dqn,13,26,0.0,10.799223438389783,1.5362065847581887,0.11741485890288354,0,low_restock,0.5105320716628142,0.41419445857405174,0.07527346976313411,-0.6255569966018258,0.11763221475746406,0.0,0.0,none
inventory,dqn,13,27,0.0,10.728876145853446,1.6225540797446556,0.07956374939318318,1,balanced_restock,0.3753361717720716,0.49724533025192363,0.12741849797600463,-1.127074544700814,1.1116875358974234,0.0,0.0,none
inventory,dqn,13,28,0.0,9.665946084309393,1.302034951130079,0.1369775972680025,0,low_restock,0.58205897404037,0.36345344330140955,0.05448758265822042,-0.7517374714538461,0.31741009938036485,0.0,0.0,none
inventory,dqn,13,29,0.0,9.358159204284226,1.371314675751843,0.10209597704532963,0,low_restock,0.5031562986597556,0.4184045543584783,0.07843914698176607,-0.6291770315496741,1.0133874149925808,0.0,0.0,none
inventory,dqn,13,30,0.0,8.510635639185569,0.8161760700509136,0.08021018420529895,1,balanced_restock,0.4499862968880409,0.45428609793247804,0.095727605179481,-1.2842084251016015,0.7888857443276804,0.0,0.0,none
inventory,dqn,13,31,0.0,7.733286961886367,0.9204551461491076,0.16503721876814315,0,low_restock,0.6804393648741749,0.288662913730833,0.030897721394992028,-0.6352952669233782,1.1886091927113174,0.0,0.0,none
inventory,dqn,13,32,0.0,8.37565432419612,1.9170215110227662,0.08130272623631754,0,low_restock,0.50476518334512,0.4166555417901947,0.07857927486468531,-0.2692115300662228,0.9464285721815686,0.0,0.0,none
inventory,dqn,13,33,0.2548900859034937,9.168664378932734,2.358929879514388,0.0,1,balanced_restock,0.1387848656407256,0.5349186949323088,0.3262964394269657,-1.0683015078829479,2.141120062218197,0.0,0.0,none
inventory,dqn,13,34,2.02371859395128,10.234087397424872,2.9250699872772974,0.0,2,high_restock,0.044651654249965055,0.3309116962173294,0.6244366495327056,-0.874679593827148,2.217945753611181,0.0,0.0,none
inventory,dqn,13,35,0.0,11.086243594306316,2.6183054629319193,0.059764213183419276,1,balanced_restock,0.3177631082934612,0.5176964405832788,0.16454045112325988,-0.7643344620134894,2.009234291733202,0.0,0.0,none
inventory,dqn,13,36,0.0,12.099684907720281,0.8834266688050554,0.07220258250240882,1,balanced_restock,0.2885420184479555,0.5463880783111459,0.16506990324089868,-0.6724108270740026,0.2693785694203574,0.0,0.0,none
inventory,dqn,13,37,0.0,12.357211099623438,0.9607288295897305,0.055787647691786166,1,balanced_restock,0.23143137488607815,0.5650870405873686,0.20348158452655332,-0.9340056595211199,1.0290157031533633,0.0,0.0,none
inventory,dqn,13,38,0.0,11.714007834016503,1.762589626843158,0.10250101062877141,1,balanced_restock,0.4317258260193038,0.465097000007237,0.10317717397345921,-0.8088093754862429,0.06558967791319116,0.0,0.0,none
inventory,dqn,13,39,0.0,11.673232842494137,1.7163338839696927,0.08014453133682908,1,balanced_restock,0.3484581578251794,0.5117506346940118,0.13979120748080875,-0.7934046072377988,0.08104641150772608,0.0,0.0,none
inventory,dqn,13,40,0.0,11.753187466473374,1.7293035307957374,0.07739367986389264,1,balanced_restock,0.33632657316209535,0.5176818480572731,0.14599157878063154,-0.9105627134256903,0.13388680160664893,0.0,0.0,none
inventory,dqn,13,41,0.0,11.634429371469498,1.7874799735571576,0.09831477025458756,1,balanced_restock,0.41922881555067426,0.47237944058185066,0.10839174386747501,-0.9754064483541864,0.4266193208639218,0.0,0.0,none
inventory,dqn,13,42,0.0,11.242510946799541,1.6193433785602607,0.10989400863467616,0,low_restock,0.47261000554288984,0.43956917629399933,0.08782081816311083,-0.34097396105689876,1.2090588869638408,0.0,0.0,none
inventory,dqn,13,43,0.45992560301971075,12.326999269406741,1.3701442276226616,0.0,1,balanced_restock,0.08548793032363919,0.5108772055164774,0.4036348641598834,-0.641846851740747,0.4456242763011741,0.0,0.0,none
inventory,dqn,13,44,0.8052767192592771,12.08307878256746,1.2293734982748359,0.0,1,balanced_restock,0.07784594454925228,0.4806941590746862,0.4414598963760614,-1.4392038310263007,2.3337190989009398,0.0,0.0,none
inventory,dqn,13,45,3.083439517218002,12.500199421538099,1.5161303135671895,0.0,2,high_restock,0.01068207149482854,0.18819497341957514,0.8011229550855964,-0.7995003848353393,2.5568976985576013,0.0,0.0,none
inventory,dqn,13,46,0.7414296709581123,13.524692717755846,1.5720696281480915,0.0,2,high_restock,0.045779027449238764,0.4453642318959799,0.5088567406547813,-0.7915990413684952,1.0786819980279965,0.0,0.0,none
inventory,dqn,13,47,0.0,14.109518517464227,1.0526496451482563,0.04492840024437414,1,balanced_restock,0.1652452740903438,0.5754440832554745,0.25931064265418174,-0.607950386187667,0.5072016753840719,0.0,0.0,none
inventory,dqn,13,48,0.0,13.688138913926892,1.3349479709022363,0.044276854676369104,1,balanced_restock,0.17586623381739833,0.5714489820649848,0.25268478411761675,-0.37635584003664063,0.5277649263674052,0.0,0.0,none
inventory,dqn,13,49,0.0,14.198055056056543,1.2052906811398505,0.0029206857208286864,1,balanced_restock,0.08620201070344895,0.5434829212782324,0.37031506801831865,-0.5467813801977035,0.6297297505014947,0.0,0.0,none
inventory,dqn,13,50,0.5336610862791531,13.89004431381223,1.3352378085227068,0.0,2,high_restock,0.053200083341604275,0.4724789619526151,0.4743209547057807,-0.9335223964547288,0.8663527527300482,0.0,0.0,none
inventory,dqn,13,51,0.0,13.267908074671556,1.0636106683381226,0.070271856509773,1,balanced_restock,0.25405714618400765,0.5591957866997177,0.18674706711627462,-0.7574253611103747,0.43254491593636096,0.0,0.0,none
inventory,dqn,13,52,0.0,12.8354342006453,1.0714187946625409,0.0709688144839955,1,balanced_restock,0.2678668806185358,0.5537456720105085,0.1783874473709556,-0.6778915272626409,0.2046097130330394,0.0,0.0,none
inventory,dqn,13,53,0.0,13.025147147312563,0.9961033090648621,0.056766344154043025,1,balanced_restock,0.21867433656844598,0.5688643913149459,0.21246127211660806,-0.8171804273953984,0.9276540826753361,0.0,0.0,none
inventory,dqn,13,54,0.0,12.097938531603104,0.9816945256371277,0.08163936203489257,1,balanced_restock,0.3229939003039221,0.5304305533478335,0.1465755463482443,-0.6214836578595362,0.5159189763388521,0.0,0.0,none
inventory,dqn,13,55,0.0,12.43955863809533,1.366722940738576,0.046693510332060026,1,balanced_restock,0.21076339260484822,0.5653460986278979,0.2238905087672539,-0.7542915266048151,1.548752609891615,0.0,0.0,none
inventory,dqn,13,56,1.1265472188709005,13.209115434911002,2.0982474193912037,0.0,2,high_restock,0.025982399269209592,0.37146883885560383,0.6025487618751866,-0.9785592795197864,1.1374533662396367,0.0,0.0,none
inventory,dqn,13,57,0.0,13.09716520397647,2.1758719169564715,0.07831415705710469,1,balanced_restock,0.30788608875552564,0.5288150169706628,0.16329889427381156,-0.6765110747047517,0.1086290562819771,0.0,0.0,none
inventory,dqn,13,58,0.0,13.203451131394724,2.181218038685725,0.05651983476870566,1,balanced_restock,0.23507756912205482,0.5533416203607512,0.211580810517194,-0.456894097398132,1.0479063010781815,0.0,0.0,none
inventory,dqn,13,59,0.0,14.100715824993165,1.6413238939880184,0.017302517392523573,1,balanced_restock,0.1149445097081054,0.5563638290609854,0.32869166123090915,-0.8445887945596573,2.130593905673319,0.0,0.0,none
inventory,dqn,13,60,0.0,12.642237158249698,3.1929286797043224,0.0865337133142245,1,balanced_restock,0.37832084358656454,0.48684026877339664,0.1348388876400388,-1.2044367004807612,1.7832488518060874,0.0,0.0,none
inventory,dqn,13,61,0.0,10.863598805023917,3.082055265131505,0.15079226794299305,0,low_restock,0.6355115844820907,0.31972477970612995,0.04476363581177934,-0.5106992728120124,0.23397360066634326,0.0,0.0,none
inventory,dqn,13,62,0.0,11.069650016769435,3.144268862385955,0.05905344157357365,1,balanced_restock,0.3467872124506696,0.4955441288753429,0.15766865867398763,-0.6635541382619694,0.282488454699742,0.0,0.0,none
inventory,dqn,13,63,0.0,10.832392341106956,2.9910206140438524,0.05420609611820881,1,balanced_restock,0.33057819942955796,0.5041330952499341,0.165288705320508,-0.7856855912243073,1.1143312582752198,0.0,0.0,none
inventory,dqn,13,64,0.0,9.978021265434561,2.27596217059944,0.07601528414719773,1,balanced_restock,0.407089095631639,0.4738141040271644,0.11909680034119657,-1.2305762732956,0.24894859424090668,0.0,0.0,none
inventory,dqn,13,65,0.0,9.835031303160141,2.4636262391690567,0.15546004880278574,0,low_restock,0.655238215476955,0.30721880008673774,0.037542984436307256,-0.862790361684233,0.2226684831403332,0.0,0.0,none
inventory,dqn,13,66,0.0,10.00411584699132,2.322675201501211,0.12192685030075587,0,low_restock,0.5688318939632455,0.37033522861074175,0.06083287742601262,-0.3871134380672493,0.15791927331619268,0.0,0.0,none
inventory,dqn,13,67,0.0,9.908964586861908,2.2295648426359325,0.0369845425120088,1,balanced_restock,0.2812393174451985,0.5314413489883417,0.1873193335664598,-0.5564461347503895,0.06016780609334637,0.0,0.0,none
inventory,dqn,13,68,0.0,9.86777000877895,2.1857522522579207,0.03507966691971241,1,balanced_restock,0.27618556783202064,0.5333800184595905,0.19043441370838887,-0.5888558874267967,0.24799928824262293,0.0,0.0,none
inventory,dqn,13,69,0.0,10.092074259493776,2.2913825293335055,0.04086712275478513,1,balanced_restock,0.28744964169320597,0.5294091875596845,0.18314117074710953,-0.989007101987588,0.21885133222719058,0.0,0.0,none
inventory,dqn,13,70,0.0,10.203922928270032,2.1173713749472918,0.11232269678349786,0,low_restock,0.5325752502763575,0.3957400870524605,0.07168466267118194,-0.2906226855981224,0.8356017454680928,0.0,0.0,none
inventory,dqn,13,71,0.0,11.030419190215277,2.036345133286901,0.01975405099966471,1,balanced_restock,0.1942257127347507,0.5558997810541,0.24987450621114932,-0.7113698562430177,0.5974698049149878,0.0,0.0,none
inventory,dqn,13,72,0.0,10.43935895456058,2.112304180357839,0.06274461718625317,1,balanced_restock,0.33941731566249844,0.5110577189183286,0.14952496541917293,-0.7015802586281144,0.003309670547029337,0.0,0.0,none
inventory,dqn,13,73,0.0,10.43716469030569,2.1105482983715698,0.06099647475502041,1,balanced_restock,0.333771269781677,0.5136506839772825,0.1525780462410405,-1.027290410412499,0.7429660835964585,0.0,0.0,none
inventory,dqn,13,74,0.0,9.703913692535744,2.215232089308254,0.11915900185937482,0,low_restock,0.5725336037405606,0.368170786617784,0.05929560964165534,-0.4377732106046836,1.8149222642557659,0.0,0.0,none
inventory,dqn,13,75,0.7364948874419532,11.31981673245736,2.570445551765829,0.0,1,balanced_restock,0.06851189138785388,0.4716769314160982,0.45981117719604786,-0.8379352265148465,0.6299003291761152,0.0,0.0,none
inventory,dqn,13,76,1.3655292186138475,11.349662557718075,2.5845686398776007,0.0,2,high_restock,0.04456486227908057,0.390649138235495,0.5647859994854245,-0.7441897836932202,1.7087691216455583,0.0,0.0,none
inventory,dqn,13,77,0.0,12.367950181374493,2.454251071530434,0.03646246137378932,1,balanced_restock,0.20485391726054747,0.554129855284433,0.24101622745501952,-0.6853790299687285,0.3485080315369938,0.0,0.0,none
inventory,dqn,13,78,0.0,12.040503071648462,2.571587801631314,0.05810339820870151,1,balanced_restock,0.28154173202430965,0.5336897523049744,0.18476851567071603,-0.5095050235003142,1.580833099174196,0.0,0.0,none
inventory,dqn,13,79,0.0,13.294463467280462,1.6094909914110516,0.026697325625056122,1,balanced_restock,0.14701436031419082,0.5650554435023858,0.2879301961834234,-0.5254954001593481,0.5159985669596449,0.0,0.0,none
inventory,dqn,13,80,0.4728440004552805,13.147269822602667,1.4670327304754693,0.0,1,balanced_restock,0.07144609610729039,0.4977100288804869,0.43084387501222265,-1.5095744656082273,2.847167704234073,0.0,0.0,none
inventory,dqn,13,81,3.284498473166364,13.583793850910501,1.5690613285604276,0.0,2,high_restock,0.004229450995110729,0.13658936890333914,0.8591811801015501,-0.6543471300883983,3.288468472667908,0.0,0.0,none
inventory,dqn,13,82,0.0,13.424606634012056,1.5506992864744495,0.02041913037292825,1,balanced_restock,0.1309646916755211,0.5621883507138902,0.3068469576105887,-1.4331820107864015,3.3302767754749634,0.0,0.0,none
inventory,dqn,13,83,3.066234316532576,14.626694438228336,1.0572233625883678,0.0,2,high_restock,0.0044209447606976225,0.14628435047668695,0.8492947047626155,-0.6472403900051472,3.069577416785951,0.0,0.0,none
inventory,dqn,13,84,0.0,14.505661583737918,1.1313648268769683,0.019150069643776288,1,balanced_restock,0.1075779736062954,0.5602042053834302,0.33221782101027436,-0.3604865785221477,0.22430840170194075,0.0,0.0,none
inventory,dqn,13,85,0.0,14.304214753603574,1.228163736206972,8.688902181209609e-05,1,balanced_restock,0.07530889920060124,0.5347766406398036,0.38991446015959513,-0.46796799417943125,0.6157025336976188,0.0,0.0,none
inventory,dqn,13,86,0.30847998336980353,13.804796302040689,1.4139348656933945,0.0,1,balanced_restock,0.06173961130196749,0.499982863650718,0.4382775250473145,-2.0131176072189754,4.468501200811052,0.0,0.0,none
inventory,dqn,13,87,4.723193163482787,14.430506457917554,1.7076989203683555,0.0,2,high_restock,0.00045420773882842464,0.04511999019554352,0.9544258020656281,-0.665923220321175,4.820285540636912,0.0,0.0,none
inventory,dqn,13,88,0.0,13.471945085890548,1.62253145855317,0.022486289343066953,1,balanced_restock,0.1351546924187617,0.5626120652352874,0.3022332423459509,-0.4544321093057543,0.24559686601854247,0.0,0.0,none
inventory,dqn,13,89,0.0,13.232020701748482,1.674708922289881,0.016862876661741844,1,balanced_restock,0.1290083064152475,0.5595128989573188,0.3114787946274337,-0.5460265003872452,0.5534925220047484,0.0,0.0,none
inventory,dqn,13,90,0.0,12.736150195337256,1.9200635420336007,0.03321901792629378,1,balanced_restock,0.17841504152758458,0.5626473340115669,0.25893762446084867,-0.6308113453208966,0.9728847823420761,0.0,0.0,none
inventory,dqn,13,91,0.7737467009168473,13.293053343509408,2.1113126542852454,0.0,2,high_restock,0.03279555398164969,0.4156136073201518,0.5515908386981985,-0.798502910316641,1.0774478191734986,0.0,0.0,none
inventory,dqn,13,92,0.0,12.809104091511838,1.540460565009935,0.046161233985114465,1,balanced_restock,0.2034504542609119,0.5652894738411242,0.23126007189796396,-0.5029581724832813,0.3617807862077086,0.0,0.0,none
inventory,dqn,13,93,0.0,13.157412619594734,1.444853105557779,0.02552824508630024,1,balanced_restock,0.14482886164952843,0.5663799210711643,0.2887912172793072,-0.7485563809324249,1.063497923763375,0.0,0.0,none
inventory,dqn,13,94,0.0,12.464689320933322,2.2506066934632285,0.0693850680236473,1,balanced_restock,0.2988490930616312,0.5308471413369046,0.17030376560146426,-0.7773100283290786,0.1822913617841056,0.0,0.0,none
inventory,dqn,13,95,0.0,12.621791180145415,2.158287776103147,0.0745196479159069,1,balanced_restock,0.3092719995990133,0.5276349433951336,0.163093057005853,-0.9077622911810397,0.9850935557095999,0.0,0.0,none
inventory,dqn,13,96,0.0,11.675844931864031,1.8843309370734924,0.09781469485375709,1,balanced_restock,0.4185693871519393,0.4722106868320963,0.10921992601596442,-1.2375554528871675,1.2275844589742004,0.0,0.0,none
inventory,dqn,13,97,0.0,10.452368643573683,1.9655784054233758,0.15670633087270847,0,low_restock,0.6119206638485997,0.33967300597319705,0.04840633017820337,-1.0019203653983046,1.3663958614252782,0.0,0.0,none
inventory,dqn,13,98,0.0,9.102594517712442,1.7533314777932965,0.1467714938211258,0,low_restock,0.6411513015512521,0.31883333791538016,0.04001536053336773,-0.3437509130151628,1.4143177008303944,0.0,0.0,none
inventory,dqn,13,99,0.0,10.162013669793154,2.6829078636932975,0.029241234466993355,1,balanced_restock,0.27005989069001646,0.5266178655277987,0.20332224378218486,-0.9368090313377168,0.975847503522556,0.0,0.0,none
inventory,dqn,13,100,0.0,9.201252492478405,2.8371016278122467,0.10300161273887798,0,low_restock,0.6060196143457317,0.34131706616225177,0.052663319492016504,-0.6002743793228718,0.48458879179007747,0.0,0.0,none
inventory,dqn,13,101,0.0,8.718719779645419,2.802357859892594,0.07504899630765566,0,low_restock,0.5360324465494318,0.39022227548575517,0.07374527796481314,-0.4847325176326981,0.09438968504283105,0.0,0.0,none
inventory,dqn,13,102,0.0,8.632057338136173,2.8335561745435704,0.05441652100583894,0,low_restock,0.4697835565072843,0.4314743807560871,0.09874206273662862,-0.20965281210717202,0.6652739021402437,0.0,0.0,none
inventory,dqn,13,103,0.08472232030620575,9.271745377557002,2.6810781506371844,0.0,1,balanced_restock,0.18376393240790423,0.5350143775415037,0.28122169005059194,-0.8621625527384791,2.1449855383850607,0.0,0.0,none
inventory,dqn,13,104,0.0,7.553970900691709,1.4024089642961075,0.08967188441758554,0,low_restock,0.5586545651964139,0.3813284438130994,0.06001699099048674,-0.4610753157728857,0.38765670417478804,0.0,0.0,none
inventory,dqn,13,105,0.0,7.939334288912077,1.4170417927904142,0.05019202067372959,1,balanced_restock,0.38958836817496756,0.48602274289123354,0.12438888893379892,-0.9605389971619204,0.057918243314887354,0.0,0.0,none
inventory,dqn,13,106,0.0,7.949338455402378,1.4173055061265118,0.10723910663605721,0,low_restock,0.5987772142041976,0.35141665708234776,0.04980612871345468,-0.30862548996464656,1.1074861122371658,0.0,0.0,none
inventory,dqn,13,107,0.0,8.840267569170129,2.0697388933606993,0.022968837493686882,1,balanced_restock,0.28156371528274177,0.5264719203068655,0.1919643644103928,-1.0089972601627926,0.9281344167594727,0.0,0.0,none
inventory,dqn,13,108,0.0,7.960562385531776,2.350661485817496,0.11589236788621296,0,low_restock,0.6769238914362935,0.2893929459848153,0.0336831625788911,-0.6349924269505964,0.6369174899927664,0.0,0.0,none
inventory,dqn,13,109,0.0,8.517925314469705,2.044376867930829,0.08124864766974937,0,low_restock,0.5053619710738908,0.4154473577226353,0.07919067120347388,-0.3086434723068596,0.28647505086953856,0.0,0.0,none
inventory,dqn,13,110,0.0,8.781079608665065,2.1414418473063335,0.02297204862622494,1,balanced_restock,0.28838775737953726,0.52213703331459,0.18947520930587267,-0.594310864804282,1.6553674820905933,0.0,0.0,none
inventory,dqn,13,111,0.6694596137265201,10.035239415650105,2.989156887798863,0.0,1,balanced_restock,0.09194338882246873,0.48124747383329236,0.4268091373442389,-0.3779591968942857,0.6930039381410636,0.0,0.0,none
inventory,dqn,13,112,0.0,9.876665732675901,2.9059560098544837,0.003206999445408165,1,balanced_restock,0.22227481394924442,0.5274962793176667,0.2502289067330889,-0.4381060481111564,1.5201266402922298,0.0,0.0,none
inventory,dqn,13,113,0.0,11.027228030129091,1.9125396602463915,0.013947508591277925,1,balanced_restock,0.17897184312697317,0.5576405314774238,0.26338762539560306,-0.47585868729211606,1.0943723672198082,0.0,0.0,none
inventory,dqn,13,114,0.3310248208346174,12.003686031543415,1.545921760241854,0.0,1,balanced_restock,0.0923582890061094,0.524276303882503,0.3833654071113875,-0.427751590350675,0.3988409197985704,0.0,0.0,none
inventory,dqn,13,115,0.0,12.152229704890463,1.3807398885210491,0.012098498276906256,1,balanced_restock,0.14010076318087689,0.5629232543561078,0.2969759824630153,-0.6526006992331153,1.0206846212703424,0.0,0.0,none
inventory,dqn,13,116,0.0,11.134606329171907,1.3127133630222363,0.05225012486305631,1,balanced_restock,0.2645164025260231,0.549458239235745,0.18602535823823188,-0.5400892748478731,0.540070343013473,0.0,0.0,none
inventory,dqn,13,117,0.0,11.594674805116032,1.5948645839542375,0.03215879907997733,1,balanced_restock,0.20090290900590044,0.5620014670650847,0.23709562392901484,-1.3570508249412736,3.2672801089857897,0.0,0.0,none
inventory,dqn,13,118,2.8487166426893538,12.765008448815761,2.6853772039202504,0.0,2,high_restock,0.004652266563811375,0.1556189009724072,0.8397288324637814,-0.8701264935599008,2.0116886853075497,0.0,0.0,none
inventory,dqn,13,119,0.9432185530282879,13.322438746438735,3.0097841400119596,0.0,2,high_restock,0.013347447368162856,0.32809959090264945,0.6585529617291878,-0.8993980566621724,1.0305831302476,0.0,0.0,none
inventory,dqn,13,120,0.0,13.670883834221257,2.7932026867738076,0.06417822440395936,1,balanced_restock,0.2584345627952602,0.5418573527117172,0.19970808449302252,-0.382500698592344,1.743512402719541,0.0,0.0,none
inventory,dqn,13,121,0.0,15.07525000160193,1.7617125454858604,0.004017981891490001,1,balanced_restock,0.055223716619291596,0.5102025912913339,0.4345736920893746,-2.255485613964398,5.4832842771544055,0.0,0.0,none
inventory,dqn,13,122,5.415673182755423,15.933357823670766,1.7846311666976467,0.0,2,high_restock,7.524356019794497e-05,0.020816527426808035,0.979108229012994,-0.7054456979628544,5.012408713551258,0.0,0.0,none
inventory,dqn,13,123,0.4727019941795838,15.124797070298047,1.9782969837616622,0.0,2,high_restock,0.016845988508570144,0.380703567991099,0.602450443500331,-0.6866170786986263,0.48126905523637237,0.0,0.0,none
inventory,dqn,13,124,0.0,15.04481359264778,1.9452834374319539,0.02618162119618326,1,balanced_restock,0.10715688921056639,0.5540239036640041,0.3388192071254296,-0.3662994184190813,0.3555163655024344,0.0,0.0,none
inventory,dqn,13,125,0.0,15.282746595607728,1.6823158866347228,0.0011248961462645265,1,balanced_restock,0.04688941290886136,0.4975594914195153,0.4555510956716233,-0.5780878248185036,0.9571634471731878,0.0,0.0,none
inventory,dqn,13,126,0.6231080709100105,14.58087336066286,1.8701213531365033,0.0,2,high_restock,0.022113890513848877,0.3934236904848012,0.58446241900135,-0.9054474915461495,1.3889169843944922,0.0,0.0,none
inventory,dqn,13,127,0.0,13.603246634583542,1.1080097886873277,0.06525848063324098,1,balanced_restock,0.23111808239097648,0.5659151758543669,0.20296674175465657,-0.7387780857454893,0.32186411809828,0.0,0.0,none
inventory,dqn,13,128,0.0,13.35851438680036,1.3170479928723307,0.0676389438831231,1,balanced_restock,0.24805501121212287,0.5587831325784668,0.19316185620941032,-0.6875202469373007,0.9337032095454028,0.0,0.0,none
inventory,dqn,13,129,0.0,12.747742079403313,0.6108786851086407,0.058485758381660854,1,balanced_restock,0.23164415876316902,0.5676427282159938,0.20071311302083725,-0.8699384044969724,0.9784094292592362,0.0,0.0,none
inventory,dqn,13,130,0.0,11.940902534805273,1.1633584144616038,0.09106042937445934,1,balanced_restock,0.3657678168803697,0.5072258939830705,0.12700628913655976,-0.8589360289055401,0.1247633075212864,0.0,0.0,none
inventory,dqn,13,131,0.0,11.82803831355415,1.110220006695366,0.08909571944741787,1,balanced_restock,0.3608421784291833,0.510091503603887,0.1290663179669296,-1.0856929118043048,0.7809210431927152,0.0,0.0,none
inventory,dqn,13,132,0.0,11.099386449354613,1.3881849507054493,0.1295880199650544,0,low_restock,0.5230053793436273,0.4067828454145621,0.0702117752418105,-0.2626035455491902,0.6354586955868109,0.0,0.0,none
inventory,dqn,13,133,0.0,11.540436350490747,1.8310112293864493,0.014750633133783962,1,balanced_restock,0.16592845062993794,0.5596310937612493,0.2744404556088128,-0.4206341724221258,0.08284199383109182,0.0,0.0,none
inventory,dqn,13,134,0.0,11.467215186287937,1.7924616986150717,0.010827530789665321,1,balanced_restock,0.15901494290240123,0.5591158682186066,0.28186918887899204,-0.8185439270874999,0.893177434254962,0.0,0.0,none
inventory,dqn,13,135,0.0,10.928486193523682,2.501325679830525,0.08188284412276783,1,balanced_restock,0.40093485017925756,0.4773913546091524,0.12167379521159008,-0.7602009303440802,0.1366429348254218,0.0,0.0,none
inventory,dqn,13,136,0.0,11.046837746403648,2.568821299473554,0.07146445184715718,1,balanced_restock,0.35979423046911296,0.49870991576208146,0.14149585376880564,-1.1083988918536094,0.4169665955251152,0.0,0.0,none
inventory,dqn,13,137,0.0,10.74323504987674,2.847784406296613,0.13364265925957308,0,low_restock,0.587301191480718,0.3555916530591244,0.057107155460157606,-0.6397927668390009,1.0296694059600409,0.0,0.0,none
inventory,dqn,13,138,0.0,9.857026946775473,2.3260581936285316,0.08210585122125015,1,balanced_restock,0.43471691707286503,0.45731016695171367,0.1079729159754213,-0.9879233893388419,0.5748700307423654,0.0,0.0,none
inventory,dqn,13,139,0.0,9.381776957708208,2.004015339234226,0.11212917666765035,0,low_restock,0.5630168354555072,0.37523181089126795,0.061751353653224844,-0.6563824683871398,0.25320140220583043,0.0,0.0,none
inventory,dqn,13,140,0.0,9.5554036467509,1.8217176931363794,0.08506829792627495,1,balanced_restock,0.4459390555202807,0.4530963709468521,0.10096457353286706,-1.2048993619105188,1.319326412386018,0.0,0.0,none
inventory,dqn,13,141,0.0,8.488253921083903,1.048747358397063,0.1508748860554498,0,low_restock,0.6483917758930775,0.3139906214793701,0.037617602627552406,-0.8260638619363991,0.19086212393304017,0.0,0.0,none
inventory,dqn,13,142,0.0,8.655837574793026,0.9645846039709637,0.11536854677435697,0,low_restock,0.5662429953532389,0.37468517580384214,0.059071828842919005,-0.8170764554188472,0.7538601910506021,0.0,0.0,none
inventory,dqn,13,143,0.0,7.956790778550383,1.2467834498738644,0.11376365275336559,0,low_restock,0.6105695357201903,0.3425886309766607,0.04684183330314889,-0.3356108438137629,0.851236718196316,0.0,0.0,none
inventory,dqn,13,144,0.0,8.380781363812698,1.9798892137866926,0.027787650681029088,1,balanced_restock,0.31850685564720116,0.5140476817295352,0.16744546262326368,-0.9813115797850991,0.40270872463156904,0.0,0.0,none
inventory,dqn,13,145,0.0,8.037677221505101,2.1736368283957224,0.11094849639019626,0,low_restock,0.6508763754884377,0.31027167831078656,0.03885194620077578,-0.31170754185570115,1.0671586210018886,0.0,0.0,none
inventory,dqn,13,146,0.0,8.982979550137042,2.6610659500912117,0.023519203902803782,1,balanced_restock,0.31775567107050046,0.5061843297738963,0.17605999915560314,-0.8440779978195421,0.19708103673973204,0.0,0.0,none
inventory,dqn,13,147,0.0,8.804964660292143,2.7175663296756105,0.08644249961063252,0,low_restock,0.562942122192676,0.3725563975738535,0.0645014802334705,-0.4518577030201445,0.6091868572498118,0.0,0.0,none
inventory,dqn,13,148,0.0,9.313046880996756,2.383612828778623,0.04854601839645437,1,balanced_restock,0.35741138278488566,0.494510200844579,0.14807841637053532,-0.8111699709931939,0.5851617704822173,0.0,0.0,none
inventory,dqn,13,149,0.0,8.861102182051422,2.0132953929689807,0.08056606624878462,0,low_restock,0.4741659911240837,0.4356572954009842,0.09017671347493202,-0.5205992422543189,0.3720356291882128,0.0,0.0,none
inventory,dqn,13,150,0.0,9.101780843826951,1.730285790497582,0.06082129325969978,1,balanced_restock,0.3791831792249684,0.49044872697449354,0.130368093800538,-0.9702684440977929,1.1215430282098418,0.0,0.0,none
inventory,dqn,13,151,0.0,8.403597744394771,0.853883942542679,0.10897650787460587,0,low_restock,0.5552064610554885,0.3827070193721161,0.06208651957239536,-0.3910712797084466,0.7721217291335348,0.0,0.0,none
inventory,dqn,13,152,0.0,9.082516795277739,1.2146599202340735,0.037691299947936886,1,balanced_restock,0.29376832711363166,0.5338382747628021,0.17239339812356624,-0.5604546615050816,0.8359687801149887,0.0,0.0,none
inventory,dqn,13,153,0.0,9.778507603787657,1.6777333503134053,0.03579547526876457,1,balanced_restock,0.2717146117107207,0.539650098868648,0.1886352894206312,-0.9140616598320844,2.4364668722474105,0.0,0.0,none
inventory,dqn,13,154,1.5830333138059558,11.044531590244176,3.029131994905977,0.0,2,high_restock,0.03545479423462909,0.3485430913521312,0.6160021144132396,-0.90001287146106,2.100536094151414,0.0,0.0,none
inventory,dqn,13,155,1.028608204174457,13.057219746470688,3.2614056835332206,0.0,2,high_restock,0.0127229873445648,0.3142107626716379,0.6730662499837974,-1.075102123842937,1.1586533184035543,0.0,0.0,none
inventory,dqn,13,156,0.0,13.38791580063714,2.8540333270587572,0.09555395068623874,1,balanced_restock,0.37757800850995393,0.49070123036368013,0.13172076112636597,-0.6896545511136114,0.7601397355918562,0.0,0.0,none
inventory,dqn,13,157,0.0,14.10354182148709,2.6003684397459206,0.0588668841274306,1,balanced_restock,0.2265047686868085,0.5525579395567343,0.22093729175645727,-0.7206315717971549,0.13487082848011192,0.0,0.0,none
inventory,dqn,13,158,0.0,13.999557724269817,2.686082202831995,0.06439849496377766,1,balanced_restock,0.24757276362501973,0.5465533209309708,0.20587391544400954,-0.6113792234827027,0.7840780284434443,0.0,0.0,none
inventory,dqn,13,159,0.7182263528077222,14.227038607800353,2.8935298885140566,0.0,2,high_restock,0.010443608117798901,0.32379984576377513,0.6657565461184258,-0.8409590912656646,1.1720999712034188,0.0,0.0,none
inventory,dqn,13,160,0.0,13.441880631000947,2.4050547890012277,0.053742694868868665,1,balanced_restock,0.22513807407744393,0.5536138638732889,0.22124806204926714,-1.1927036746606852,2.851950997559423,0.0,0.0,none
inventory,dqn,13,161,2.3791533561733864,15.01358598084202,2.394671325307411,0.0,2,high_restock,0.0020701284543225454,0.14323958094259037,0.8546902906030871,-0.5626286976542554,2.3841507804540925,0.0,0.0,none
inventory,dqn,13,162,0.0,15.167564633648391,2.3858114240688395,0.004040838866831312,1,balanced_restock,0.04654435160934281,0.49087761526109297,0.4625780331295643,-0.39269154247205534,0.0929669115414265,0.0,0.0,none
inventory,dqn,13,163,0.0,15.21985007331275,2.3089618927781226,0.005837775441438454,1,balanced_restock,0.04899556157441408,0.4963178866068432,0.4546865518187427,-0.49481251773583523,1.3379502958065292,0.0,0.0,none
inventory,dqn,13,164,0.0,13.91932343509887,2.622663836855115,0.024073663881399147,1,balanced_restock,0.1377158062148911,0.5529733627505207,0.3093108310345882,-0.4620591698099775,0.23306645894036904,0.0,0.0,none
inventory,dqn,13,165,0.0,13.697249803639219,2.693155452597687,0.018224851751781707,1,balanced_restock,0.12554618419163685,0.548860234922672,0.3255935808856912,-1.6782467856907464,3.789022645811737,0.0,0.0,none
inventory,dqn,13,166,3.766419387687847,13.477453206302892,2.34367738876352,0.0,2,high_restock,0.0014494532117810116,0.08527928431583263,0.9132712624723863,-0.8058178927706221,3.869536478950431,0.0,0.0,none
inventory,dqn,13,167,0.0,12.592027012209083,2.309547474445871,0.04746748085189678,1,balanced_restock,0.22735534021814563,0.5525338272171004,0.22011083256475392,-0.5368639540019662,0.2492091641326026,0.0,0.0,none
inventory,dqn,13,168,0.0,12.839568971175222,2.285550297371292,0.031582848928922526,1,balanced_restock,0.17814308413800137,0.5585885475136643,0.2632683683483345,-0.5539889652141177,0.2678486039126648,0.0,0.0,none
inventory,dqn,13,169,0.0,13.052058881304294,2.122511770891729,0.03464088664537816,1,balanced_restock,0.1782477899542524,0.5609567324859486,0.2607954775597989,-0.6274161565556322,0.3013393512076945,0.0,0.0,none
inventory,dqn,13,170,0.0,12.786607533135864,2.2645295931478944,0.047752885099220044,1,balanced_restock,0.22220398709108516,0.554396188687465,0.22339982422144986,-0.4484253074596469,1.1424305380234634,0.0,0.0,none
inventory,dqn,13,171,0.0,12.225652853813312,1.2698156790721653,0.015790233474936955,1,balanced_restock,0.14413062584161287,0.5654950366731443,0.290374337485243,-0.685323234138046,0.6318363466537571,0.0,0.0,none
inventory,dqn,13,172,0.0,11.851236646581437,1.7770041173115692,0.058093434667508194,1,balanced_restock,0.269077066446696,0.5451037941392853,0.18581913941401879,-0.6373262616646359,0.11996604991065404,0.0,0.0,none
inventory,dqn,13,173,0.0,11.748844230843327,1.7150833113545194,0.049522546725827836,1,balanced_restock,0.2439560287960547,0.5531396981371975,0.20290427306674763,-0.6579914369912951,0.009589443464360546,0.0,0.0,none
inventory,dqn,13,174,0.0,11.739993820557057,1.7149832375608622,0.05321275660558842,1,balanced_restock,0.2555120852011072,0.5498315022872323,0.1946564125116605,-0.538642175814038,0.4896622741054809,0.0,0.0,none
inventory,dqn,13,175,0.0,12.221934951853985,1.7989336491962404,0.03190038853822106,1,balanced_restock,0.18528188929086575,0.5627119291738337,0.25200618153530063,-0.7127579264798605,0.8924156429359396,0.0,0.0,none
inventory,dqn,13,176,0.0,11.339168452449465,1.671802737506375,0.06299248687140366,1,balanced_restock,0.2980371437060421,0.5344574328570393,0.1675054234369186,-0.6529204282239249,0.8493927195991912,0.0,0.0,none
inventory,dqn,13,177,0.0,12.081007014785303,1.2582457709381838,0.05230721932570087,1,balanced_restock,0.23384360571326424,0.5609809078181373,0.2051754864685985,-0.9168266610893202,0.9452813787879515,0.0,0.0,none
inventory,dqn,13,178,0.0,11.30124900143829,1.7905177457563026,0.09943333233737861,1,balanced_restock,0.4351969234174205,0.4623572551353216,0.10244582144725792,-1.1061188791960879,0.43290265456076776,0.0,0.0,none
inventory,dqn,13,179,0.0,10.879681394488019,1.8829454126164906,0.13323551414215853,0,low_restock,0.5490962895102863,0.3861592072676685,0.06474450322204514,-0.6089166628204252,0.8796909092944117,0.0,0.0,none
inventory,dqn,13,180,0.0,10.174313782484031,1.3603517179270284,0.07659226121793307,1,balanced_restock,0.3794308539678547,0.4959748205690432,0.12459432546310222,-0.8086646561447093,0.4025984172697215,0.0,0.0,none
inventory,dqn,13,181,0.0,10.560233175837878,1.4749783803203038,0.0801186885972695,1,balanced_restock,0.37914896913072904,0.49600732029290734,0.12484371057636362,-0.781915871585886,0.14430831854630413,0.0,0.0,none
inventory,dqn,13,182,0.0,10.477511391595097,1.3568293997699765,0.07534211992605108,1,balanced_restock,0.36268217408589615,0.5054549754380758,0.13186285047602805,-1.240041786167481,0.911125675295207,0.0,0.0,none
inventory,dqn,13,183,0.0,9.991962187304598,2.1234449389850907,0.15715031895847872,0,low_restock,0.6378652198520879,0.32046360084103026,0.04167117930688181,-1.002608906209319,0.6983177739251117,0.0,0.0,none
inventory,dqn,13,184,0.0,9.408774932466923,2.507417797760309,0.1468944475373784,0,low_restock,0.6651632032486635,0.2991054334166212,0.03573136333471523,-0.6644078130295277,0.08120278012458244,0.0,0.0,none
inventory,dqn,13,185,0.0,9.461272124477246,2.521224157107213,0.08650139518384424,0,low_restock,0.4964777285816147,0.4182069605058593,0.08531531091252595,-0.45779776179450865,0.8585052460994843,0.0,0.0,none
inventory,dqn,13,186,0.7937078908414534,9.680403218530063,2.7482882754676687,0.0,1,balanced_restock,0.09640277499601616,0.4764954938476481,0.4271017311563358,-0.37197104654811824,0.8591547283231381,0.0,0.0,none
inventory,dqn,13,187,0.0,9.42486206259442,2.541240505294022,0.0021376868835925426,1,balanced_restock,0.22139451728750573,0.5330809108492491,0.24552457186324508,-0.5594875809139939,0.8632135100273721,0.0,0.0,none
inventory,dqn,13,188,0.0,10.101385513133717,2.0061402033423916,0.03562278230607033,1,balanced_restock,0.2659551647663515,0.5393386853401688,0.19470614989347967,-0.6938221706736879,1.9918812703809436,0.0,0.0,none
inventory,dqn,13,189,0.9537776304962513,11.847277791622549,2.0982835490229594,0.0,2,high_restock,0.06032363360064228,0.4503304657450054,0.48934590065435235,-1.0529186614587727,0.9633282056007808,0.0,0.0,none
inventory,dqn,13,190,0.0,11.928722878926887,2.0409515916926746,0.09159261811763797,1,balanced_restock,0.3906277483970747,0.48750905218623664,0.12186319941668877,-1.0777634610890636,0.6977075811958156,0.0,0.0,none
inventory,dqn,13,191,0.0,11.246849769109051,2.1841538136575815,0.12817204662304707,0,low_restock,0.5336438007907408,0.39599595308168634,0.0703602461275728,-0.6071350272068303,0.3052389999424994,0.0,0.0,none
inventory,dqn,13,192,0.0,10.962090048353218,2.281052487038313,0.07627411200121971,1,balanced_restock,0.37280476575675797,0.49413671066976805,0.133058523573474,-0.9553328746442267,0.06243330460499837,0.0,0.0,none
inventory,dqn,13,193,0.0,11.010386765674417,2.2552993595054707,0.10630944190075477,0,low_restock,0.4850397601378666,0.4278991532151337,0.08706108664699959,-1.027124961784874,2.429606058975136,0.0,0.0,none
inventory,dqn,13,194,2.4203570336710687,11.093315880634963,2.4186348909194533,0.0,2,high_restock,0.02547260425466698,0.27180392671351217,0.7027234690318208,-0.8872259585045602,2.424192925224067,0.0,0.0,none
inventory,dqn,13,195,0.0,11.21423175738553,2.4077746792225883,0.062004635447242884,1,balanced_restock,0.31634248825938416,0.5203007096465642,0.16335680209405176,-0.3741338760160252,1.4846981610619883,0.0,0.0,none
inventory,dqn,13,196,0.04038250290292922,12.602485153303245,2.9289328287569987,0.0,1,balanced_restock,0.0942941246575028,0.5302029489516346,0.3755029263908627,-2.3965704605704334,6.005682799727202,0.0,0.0,none
inventory,dqn,13,197,5.818772744486953,14.231592116914467,3.0852741477329007,0.0,2,high_restock,7.066647583775131e-05,0.01762960180484525,0.982299731719317,-2.913199496034527,2.100709202535155,0.0,0.0,none
inventory,dqn,13,198,6.780569988670077,16.044446184344583,2.6364029580807706,0.0,2,high_restock,1.0138563862062222e-05,0.007317240156419794,0.9926726212797181,-2.7284845165329243,0.6207692621572151,0.0,0.0,none
inventory,dqn,13,199,6.252812904379784,16.366491174141743,2.6922058376405995,0.0,2,high_restock,1.2110673699329756e-05,0.009064366999432593,0.9909235223268681,-1.4497082708869589,3.876435626680904,0.0,0.0,none
inventory,dqn,13,200,2.5991664882484535,16.987898193911093,1.5557753076595404,0.0,2,high_restock,0.0010356296921064667,0.10851743865601594,0.8904469316518777,-3.30423470705373,5.638361588680396,1.0,1.0,inventory_demand_spike
inventory,dqn,13,201,7.897813448724943,18.371486189164404,2.897843134682712,0.0,2,high_restock,1.0736998930711005e-06,0.002734137094150585,0.9972647892059563,-5.6767854528106225,6.982689541992377,1.0,0.0,inventory_demand_spike
inventory,dqn,13,202,14.676529865173208,19.77155142413725,3.818046548632545,0.0,2,high_restock,3.234468808361119e-09,5.4195378653181806e-05,0.9999458013868779,-7.623129889850979,5.641676068882466,1.0,0.0,inventory_demand_spike
inventory,dqn,13,203,20.237513971002798,20.691388796466544,4.058595606785208,0.0,2,high_restock,1.3158362983615339e-11,8.835780900740826e-07,0.9999991164087516,-8.256988775840384,1.8901775270028436,1.0,0.0,inventory_demand_spike
inventory,dqn,13,204,22.048539359543952,21.159145291032832,3.786268620540718,0.0,2,high_restock,1.998291510903265e-12,2.1247021595340314e-07,0.9999997875277858,-10.071144565842491,5.875376809596091,1.0,0.0,inventory_demand_spike
inventory,dqn,13,205,27.231841616692833,22.926535025688874,1.6579444225841913,0.0,2,high_restock,3.0434270635262446e-14,5.636968712771659e-09,0.9999999943630009,-9.902529671725492,1.6226929990756702,1.0,0.0,inventory_demand_spike
inventory,dqn,13,206,26.750084776358555,21.770454265526723,2.6897003006984037,0.0,2,high_restock,4.6794250131728084e-14,7.722065416592494e-09,0.9999999922778878,-10.124645992086226,1.4080963455853557,1.0,0.0,inventory_demand_spike
inventory,dqn,13,207,27.384702834532078,20.54163459387177,2.4251299825508217,0.0,2,high_restock,5.1513552706442905e-14,4.993353613684775e-09,0.9999999950065948,-12.099202364551477,5.641648837238084,1.0,0.0,inventory_demand_spike
inventory,dqn,13,208,33.026292470147084,20.557755699828856,2.445331367995665,0.0,2,high_restock,7.359988698751291e-17,6.116905076339704e-11,0.9999999999388309,-12.429263826982641,0.9619220443614666,1.0,0.0,inventory_demand_spike
inventory,dqn,13,209,33.969325219950406,20.38415717208129,2.521795760956087,0.0,2,high_restock,1.3015358231115442e-17,1.632683472584633e-11,0.9999999999836731,-12.01804802225848,1.736382151896373,1.0,0.0,inventory_demand_spike
inventory,dqn,13,210,32.79442292073851,19.112516260809137,2.3892930911346464,0.0,2,high_restock,3.3264039724564454e-17,2.180866639441396e-11,0.9999999999781912,-12.890971409073696,2.566157667958211,1.0,0.0,inventory_demand_spike
inventory,dqn,13,211,35.288489740210565,19.707680992770403,2.2864591538437122,0.0,2,high_restock,5.679374316302772e-19,1.0961270900228268e-12,0.9999999999989038,-12.675713615993349,0.6842832133566582,1.0,0.0,inventory_demand_spike
inventory,dqn,13,212,34.673467474266715,19.457752927946927,2.452372055357124,0.0,2,high_restock,1.6473356700254786e-18,2.5485135093035815e-12,0.9999999999974516,-11.075682774036668,5.007798523271653,1.0,0.0,inventory_demand_spike
inventory,dqn,13,213,30.101950782961914,17.415131662562963,2.368828312296599,0.0,2,high_restock,1.1644494259389393e-15,2.2544175347957975e-10,0.999999999774557,-9.433154396148588,4.837245940895793,1.0,0.0,inventory_demand_spike
inventory,dqn,13,214,25.409012560424543,16.287937468094828,2.6924212357636175,0.0,2,high_restock,1.3406688024474401e-12,4.214510639744758e-08,0.999999957853553,-8.34333592851223,3.138005270798457,1.0,0.0,inventory_demand_spike
inventory,dqn,13,215,22.295245510034945,15.900164517859286,2.726538306748508,0.0,2,high_restock,2.274985461154497e-11,2.640625759275176e-07,0.9999997359146742,-7.393155153994118,3.162000524373277,1.0,0.0,inventory_demand_spike
inventory,dqn,13,216,19.580443297126052,14.858390711383098,1.4844418543495932,0.0,2,high_restock,6.522966285205465e-10,1.3803821390871477e-06,0.9999986189655642,-8.101103158978763,2.3008939717877586,1.0,0.0,inventory_demand_spike
inventory,dqn,13,217,21.603151882796467,15.38593688170595,2.4459292879867305,0.0,2,high_restock,5.823489596969731e-11,4.0399813811154385e-07,0.9999995959436271,-6.86931974232339,3.5282875318178712,1.0,0.0,inventory_demand_spike
inventory,dqn,13,218,18.083770692352545,15.596363981878127,2.3099536319151786,0.0,2,high_restock,1.160608017281254e-09,3.883022524410364e-06,0.9999961158168676,-7.34655940078759,1.8251650125038772,1.0,0.0,inventory_demand_spike
inventory,dqn,13,219,19.44731257367883,16.80766000265086,2.3788216999699787,0.0,2,high_restock,2.126926336624864e-10,1.456806499347114e-06,0.9999985429808079,-7.883137455748485,1.7929496388042174,1.0,0.0,inventory_demand_spike
inventory,dqn,13,220,20.98039273070996,17.737029444135004,2.354202994865311,0.0,2,high_restock,3.962588408486419e-11,4.867128042068912e-07,0.9999995132475699,-7.271859980944318,1.766047029440084,1.0,0.0,inventory_demand_spike
inventory,dqn,13,221,19.233885659840908,17.930688472542975,2.177762233376828,0.0,2,high_restock,1.741730360809568e-10,1.6966424287203426e-06,0.9999983031833982,-8.378264693934259,3.1793309889741916,1.0,0.0,inventory_demand_spike
inventory,dqn,13,222,22.395041982669312,18.15837801997457,2.4295433090835052,0.0,2,high_restock,9.659315577805967e-12,1.7683206105246963e-07,0.9999998231582796,-8.960704426448928,2.126922566821921,1.0,0.0,inventory_demand_spike
inventory,dqn,13,223,24.059155504139795,19.19507696235745,1.6050549248247128,0.0,2,high_restock,2.2055881437617555e-12,5.5260659442495817e-08,0.999999944737135,-8.908013987757645,0.3476145348910699,1.0,0.0,inventory_demand_spike
inventory,dqn,13,224,23.908611393593276,18.89225976398289,1.6855165928155842,0.0,2,high_restock,2.744794069780873e-12,6.14533086390308e-08,0.9999999385439466,-8.389523022636327,1.61077939484621,1.0,0.0,inventory_demand_spike
inventory,dqn,13,225,22.427208636103792,18.289363181078766,1.876754244145569,0.0,2,high_restock,1.1407274039917364e-11,1.7596670037772307e-07,0.9999998240218922,-8.597840207503491,0.8138617437083139,1.0,0.0,inventory_demand_spike
inventory,dqn,13,226,23.022400592867115,18.757702986605246,1.5788024040176658,0.0,2,high_restock,6.4652470628940406e-12,1.1602771388864821e-07,0.9999998839658207,-10.214514105557498,4.652977161031412,1.0,0.0,inventory_demand_spike
inventory,dqn,13,227,27.641468873021424,19.049285378070422,2.0577433120007975,0.0,2,high_restock,9.043117579493451e-14,5.081980941014911e-09,0.9999999949179286,-10.982750906260687,2.1979344941718644,1.0,0.0,inventory_demand_spike
inventory,dqn,13,228,29.836431160744823,19.15545513132101,2.099987597262843,0.0,2,high_restock,4.928053076710161e-15,8.402098905459696e-10,0.9999999991597852,-10.961874150656232,0.06332293341837565,1.0,0.0,inventory_demand_spike
inventory,dqn,13,229,29.77678328758924,19.173634378799193,2.0889676115164626,0.0,2,high_restock,5.480261384981972e-15,9.074513450850033e-10,0.9999999990925432,-11.611712198295201,2.029676298191988,1.0,0.0,inventory_demand_spike
inventory,dqn,13,230,31.633463423700576,19.841250957519357,1.612928903605117,0.0,2,high_restock,1.7796885768136474e-16,5.061197610146115e-11,0.9999999999493878,-12.691983167553818,3.127445937828033,1.0,0.0,inventory_demand_spike
inventory,dqn,13,231,34.719951907296625,20.339510262885902,1.533906126624882,0.0,2,high_restock,1.0838495486748074e-18,1.2008604335870498e-12,0.9999999999987992,-13.104868128734733,1.447679796912275,1.0,0.0,inventory_demand_spike
inventory,dqn,13,232,35.899623224956386,19.65163087038699,1.0533082510010088,0.0,2,high_restock,6.364647609667618e-20,1.0785688435738335e-13,0.9999999999998921,-14.698765464351592,4.609149026710288,1.0,0.0,inventory_demand_spike
inventory,dqn,13,233,40.453615612433126,20.12343689033766,1.5851044194402004,0.0,2,high_restock,9.087027853698205e-23,1.973178186706805e-15,0.999999999999998,-14.871019029687702,0.5242776793452484,1.0,0.0,inventory_demand_spike
inventory,dqn,13,234,40.94576865625058,20.23379707373227,1.442020190952348,0.0,2,high_restock,3.913175163136753e-23,1.0489549042835953e-15,0.9999999999999989,-17.30745706681747,7.092866930247014,1.0,0.0,inventory_demand_spike
inventory,dqn,13,235,47.90702019090706,21.254711353441298,2.340614868724621,0.0,2,high_restock,1.448718639502031e-27,3.338644469041507e-18,1.0,-17.977269660542365,1.9290991910509092,1.0,0.0,inventory_demand_spike
inventory,dqn,13,236,49.82077045869248,21.02016371027917,2.4036307758561324,0.0,2,high_restock,2.348470073398816e-29,3.737804775790075e-19,1.0,-18.438216231171825,1.3174358634527052,1.0,0.0,inventory_demand_spike
inventory,dqn,13,237,51.13776066049094,21.04762748710691,2.3831416655635937,0.0,2,high_restock,1.6516043118857645e-30,8.593237369353994e-20,1.0,-20.234380140012064,5.13386650476408,1.0,0.0,inventory_demand_spike
inventory,dqn,13,238,56.26965754289162,21.1632083860917,2.465971207000093,0.0,2,high_restock,7.962527250666798e-35,3.825373009762049e-22,1.0,-21.18818327944725,2.7831318576451984,1.0,0.0,inventory_demand_spike
inventory,dqn,13,239,58.99480936984929,21.609808142719743,2.1196778134034844,0.0,2,high_restock,1.3686285737357762e-36,3.5347736901333487e-23,1.0,-23.67938435545103,7.117960477830341,1.0,0.0,inventory_demand_spike
inventory,dqn,13,240,66.1125267298601,21.64110130779061,2.169494324476247,0.0,2,high_restock,5.702757046433811e-41,1.7482501299975636e-25,1.0,-24.97816752124013,3.7322349832788535,1.0,0.0,inventory_demand_spike
inventory,dqn,13,241,69.82333577497181,22.00051306325587,1.9954328664766225,0.0,2,high_restock,7.590333664271278e-43,1.2813564007630433e-26,1.0,-26.21840685927222,3.5997884649620766,1.0,0.0,inventory_demand_spike
inventory,dqn,13,242,73.36687674077778,22.445823216057367,1.5443305677230064,0.0,2,high_restock,2.0404873406801658e-44,1.0794419982767903e-27,1.0,-28.19024474702701,5.6350011686883565,1.0,0.0,inventory_demand_spike
inventory,dqn,13,243,79.00069927722004,22.546208346865683,1.6009399707151108,0.0,2,high_restock,3.0226771898888315e-47,2.713072375184551e-29,1.0,-28.26614518492227,0.9056440975802492,1.0,0.0,inventory_demand_spike
inventory,dqn,13,244,79.21755767120649,22.04454966027144,2.3230910841284307,0.0,2,high_restock,1.326507814651471e-47,3.0258659382153903e-29,1.0,-29.659934812741582,4.069768399513592,1.0,0.0,inventory_demand_spike
inventory,dqn,13,245,83.19981375069024,21.41745740416603,1.7650528726887593,0.0,2,high_restock,3.4003771555848494e-49,2.8984789245178276e-30,1.0,-30.609983846232478,2.7217565635182224,1.0,0.0,inventory_demand_spike
inventory,dqn,13,246,85.91423956066423,21.218180757138487,1.7768905731005602,0.0,2,high_restock,1.6236267223434878e-50,5.368851203414671e-31,1.0,-30.76806318392302,0.8199029011322961,1.0,0.0,inventory_demand_spike
inventory,dqn,13,247,86.36589481120863,20.599803614086174,2.069905949644667,0.0,2,high_restock,9.277156374953573e-51,5.324307510732456e-31,1.0,-32.242964162101515,4.239882787614801,1.0,0.0,inventory_demand_spike
inventory,dqn,13,248,90.57989760600432,20.31583966575686,1.6982192883079992,0.0,2,high_restock,1.223493133785945e-52,3.77090588715648e-32,1.0,-30.93305314217481,4.025808630750126,1.0,0.0,inventory_demand_spike
inventory,dqn,13,249,86.83729469192804,19.52394740414431,2.9523983843577044,0.0,2,high_restock,3.3157553165739845e-51,6.535633163660495e-31,1.0,-31.829232400340583,2.58310108692891,1.0,0.0,inventory_demand_spike
inventory,dqn,13,250,89.39780685811596,19.239598621485147,2.7644238065626823,0.0,2,high_restock,2.4579097909806044e-52,1.3804349421778069e-31,1.0,-30.583828376824748,3.797985324898738,1.0,0.0,inventory_demand_spike
inventory,dqn,13,251,85.83950964807072,17.9850540174813,3.19954600743879,0.0,2,high_restock,1.638459715794422e-50,2.414906224309616e-30,1.0,-31.18074907439636,1.7254555988093354,1.0,0.0,inventory_demand_spike
inventory,dqn,13,252,87.54499735541818,18.23582050884191,3.274545143166343,0.0,2,high_restock,1.8873587515844084e-51,7.0937132052086955e-31,1.0,-29.773883862115817,4.359124887650588,1.0,0.0,inventory_demand_spike
inventory,dqn,13,253,83.52538246318805,16.589096971436746,2.909898059464323,0.0,2,high_restock,6.118140311982479e-49,2.0629260996752357e-29,1.0,-28.03022910068469,4.993406722518984,1.0,0.0,inventory_demand_spike
inventory,dqn,13,254,78.54351171624198,16.341243404862787,3.141508004754553,0.0,2,high_restock,1.666730195961987e-46,5.725879311781643e-28,1.0,-27.510349801001073,1.8553794027572807,1.0,0.0,inventory_demand_spike
inventory,dqn,13,255,77.0581422885745,15.53206708609171,2.3790487752433367,0.0,2,high_restock,3.070725649331141e-45,2.2816944812114726e-27,1.0,-28.181850494226765,2.256999427888204,1.0,0.0,inventory_demand_spike
inventory,dqn,13,256,78.97671569779077,16.62744120994401,2.8408691079819075,0.0,2,high_restock,1.2259356112815232e-46,3.9165253462331416e-28,1.0,-27.011597075343765,3.516158804385786,1.0,0.0,inventory_demand_spike
inventory,dqn,13,257,75.6331345009822,15.617627429112805,2.4357596831949424,0.0,2,high_restock,1.4273182220852826e-44,5.568865260008196e-27,1.0,-26.540787674301146,1.4532603916352331,1.0,0.0,inventory_demand_spike
inventory,dqn,13,258,74.28796478371757,16.152516464105908,2.307783443626234,0.0,2,high_restock,6.025761710864574e-44,1.0561078888455304e-26,1.0,-26.494950020809227,1.1344077711279301,1.0,0.0,inventory_demand_spike
inventory,dqn,13,259,74.15700005945494,17.122697668642594,1.7346537353070814,0.0,2,high_restock,8.472051237896217e-44,7.302731370918613e-27,1.0,-25.53765372543808,2.750782966682122,1.0,0.0,inventory_demand_spike
inventory,dqn,13,260,71.42186778696595,16.87274509967829,1.8875657853417878,0.0,2,high_restock,1.8619593098177088e-42,4.9138902193763674e-26,1.0,-25.51307231964829,0.6873289402870935,1.0,0.0,inventory_demand_spike
inventory,dqn,13,261,71.35163519899513,16.474983900240876,1.3314412633458514,0.0,2,high_restock,4.520914455789272e-42,6.018787082383156e-26,1.0,-24.17791918693292,3.818280440447117,1.0,0.0,inventory_demand_spike
inventory,dqn,13,262,67.5369119626655,16.380755492336665,1.4666195132667879,0.0,2,high_restock,3.262189092332531e-40,7.649760360488511e-25,1.0,-24.235266284122496,0.38348851829746666,1.0,0.0,inventory_demand_spike
inventory,dqn,13,263,67.70076081177857,16.6825592056122,1.6372990872157764,0.0,2,high_restock,1.9407327054571244e-40,6.044168226050967e-25,1.0,-25.33178870313997,3.298375389297872,1.0,0.0,inventory_demand_spike
inventory,dqn,13,264,70.83368200897135,17.335336389903283,2.4360274068433054,0.0,2,high_restock,1.6087381701403388e-42,5.881156542496536e-26,1.0,-25.42716790375924,0.6975078495256033,1.0,0.0,inventory_demand_spike
inventory,dqn,13,265,71.1061940107407,17.936865244754948,2.211489112064126,0.0,2,high_restock,1.1369778237919422e-42,3.801566054497318e-26,1.0,-25.361902331982602,0.18791751964414077,1.0,0.0,inventory_demand_spike
inventory,dqn,13,266,70.91972094852173,17.913617149905324,2.212052443006629,0.0,2,high_restock,1.423220199495248e-42,4.3396702039218914e-26,1.0,-24.990281529109023,1.4376880150736562,1.0,0.0,inventory_demand_spike
inventory,dqn,13,267,69.85794722602579,18.46420705267206,1.414284212331293,0.0,2,high_restock,9.113983365345535e-42,6.597546856156726e-26,1.0,-26.59659252603453,4.730850870755198,1.0,0.0,inventory_demand_spike
inventory,dqn,13,268,74.44740721724152,19.349329281092594,2.1452873526194622,0.0,2,high_restock,1.3632456437308172e-44,2.268779657035958e-27,1.0,-27.58151129197907,2.8152168025990094,1.0,0.0,inventory_demand_spike
inventory,dqn,13,269,77.26146083422591,19.285555765050912,2.0954794714708718,0.0,2,high_restock,5.839694231691465e-46,3.6976953687410584e-28,1.0,-30.055456225773998,7.255072094473108,1.0,0.0,inventory_demand_spike
inventory,dqn,13,270,84.32987493078286,20.644736184008437,3.004446932010501,0.0,2,high_restock,3.3325842627768604e-50,2.023526149549791e-30,1.0,-32.14742910387471,6.104801746465691,1.0,0.0,inventory_demand_spike
inventory,dqn,13,271,90.30694029678489,21.87744386965263,2.8504153250481856,0.0,2,high_restock,2.306112935966413e-53,2.3525821287984307e-32,1.0,-32.526100113859506,1.3580025173360522,1.0,0.0,inventory_demand_spike
inventory,dqn,13,272,91.38885746817002,22.306182048428848,2.15055130581823,0.0,2,high_restock,1.1909314818227548e-53,9.325994674959304e-33,1.0,-35.23550202030068,7.7777368813657715,1.0,0.0,inventory_demand_spike
inventory,dqn,13,273,99.13000577228766,22.936519711009232,2.563453667819924,0.0,2,high_restock,7.634152471852799e-58,4.5192924865022987e-35,1.0,-38.01824398497219,8.01683484483851,1.0,0.0,inventory_demand_spike
inventory,dqn,13,274,107.08069709992054,23.96384725313893,2.5361321872244953,0.0,2,high_restock,4.945769682354912e-62,1.5614071058216995e-37,1.0,-40.47404786554113,7.0165915745051155,1.0,0.0,inventory_demand_spike
inventory,dqn,13,275,114.09727961583181,23.953480937009797,2.5316981919152997,0.0,2,high_restock,1.2903907856531108e-65,1.5414377725657996e-39,1.0,-42.935713113048116,7.036598186370062,1.0,0.0,inventory_demand_spike
inventory,dqn,13,276,121.1306088944232,24.164733719527668,2.568651638492612,0.0,2,high_restock,3.026127562927715e-69,1.3485840888896633e-41,1.0,-44.9153855098391,5.9954284002894465,1.0,0.0,inventory_demand_spike
inventory,dqn,13,277,126.78681574239744,25.07959165484549,0.8035678574463175,0.0,2,high_restock,1.6317868408389648e-71,1.942588860359296e-43,1.0,-46.91720641297475,5.734200601011495,1.0,0.0,inventory_demand_spike
inventory,dqn,13,278,132.50630403707072,24.67525965295662,0.874460818905285,0.0,2,high_restock,2.204290676046687e-74,5.2646092120922656e-45,1.0,-48.65660889414363,5.005697697625059,1.0,0.0,inventory_demand_spike
inventory,dqn,13,279,137.47602541183895,24.07906566238369,0.8158807644042627,0.0,2,high_restock,8.805393367342897e-77,2.5186059083960034e-46,1.0,-50.049002368712,4.028693489095657,1.0,0.0,inventory_demand_spike
inventory,dqn,13,280,141.4542924820343,23.471402573240503,1.0016438322459194,0.0,2,high_restock,8.722008498499919e-79,2.3284134545709768e-47,1.0,-50.35768739231341,1.7080595474751497,1.0,0.0,inventory_demand_spike
inventory,dqn,13,281,142.33624969232403,22.241128159580175,1.792873106244114,0.0,2,high_restock,2.2807639040044988e-79,2.268998911767877e-47,1.0,-50.15737694576865,1.510932594563094,1.0,0.0,inventory_demand_spike
inventory,dqn,13,282,141.76393413076758,20.995423677674033,2.4281624474678107,0.0,2,high_restock,3.857514745416172e-79,5.777846925227307e-47,1.0,-51.44549465153957,3.7189056950693113,1.0,0.0,inventory_demand_spike
inventory,dqn,13,283,145.4442704329702,20.5875932791799,2.0831137008063765,0.0,2,high_restock,8.462750769259162e-81,5.737978236338152e-48,1.0,-52.195864080127635,2.248313501675706,1.0,0.0,inventory_demand_spike
inventory,dqn,13,284,147.58818308607897,20.022431534848003,1.7100931378328137,0.0,2,high_restock,1.230988894317865e-81,1.6827382114192293e-48,1.0,-51.26063580817783,3.023213517338117,1.0,0.0,inventory_demand_spike
inventory,dqn,13,285,144.91610230907952,18.69236196540904,2.190425557161736,0.0,2,high_restock,2.947307118228426e-80,1.7685008021152924e-47,1.0,-51.79672177203486,1.537404817117704,1.0,0.0,inventory_demand_spike
inventory,dqn,13,286,146.44777649152817,18.82230535984083,2.216929986235236,0.0,2,high_restock,4.524257917968233e-81,6.07421477320525e-48,1.0,-52.08753836298435,0.8836602603087624,1.0,0.0,inventory_demand_spike
inventory,dqn,13,287,147.27868103709815,19.102949381266114,2.1088003185286306,0.0,2,high_restock,1.7036431668654446e-81,3.094651454197313e-48,1.0,-51.96091272711961,0.9749870287658845,1.0,0.0,inventory_demand_spike
inventory,dqn,13,288,146.91689350605606,18.29452461461717,1.7011744050825004,0.0,2,high_restock,5.332180256545485e-81,5.281235926462399e-48,1.0,-52.44932713662876,1.4106749788521658,1.0,0.0,inventory_demand_spike
inventory,dqn,13,289,148.31236324751075,18.14483603228636,1.5588317728048464,0.0,2,high_restock,1.2648815355626563e-81,2.193766891969439e-48,1.0,-53.121067173032266,2.261123796314819,1.0,0.0,inventory_demand_spike
inventory,dqn,13,290,150.23162049437792,19.06310363705968,0.7933795870787622,0.0,2,high_restock,1.98757755934646e-82,3.9744732076964936e-49,1.0,-52.33097171581101,2.480680147035232,1.0,0.0,inventory_demand_spike
inventory,dqn,13,291,147.97420490231718,18.305285682157805,1.4887649362515414,0.0,2,high_restock,1.8945288302655565e-81,2.559925146464535e-48,1.0,-52.70702183618312,1.0757227834988041,1.0,0.0,inventory_demand_spike
inventory,dqn,13,292,149.04863381766606,18.35399055611358,1.5090096405864308,0.0,2,high_restock,5.164201925364652e-82,1.2306668087215397e-48,1.0,-52.18037480996333,1.5312453604585596,1.0,0.0,inventory_demand_spike
inventory,dqn,13,293,147.54392802846667,18.125406904482123,1.6773021124398362,0.0,2,high_restock,2.7927637381439166e-81,3.720125168914659e-48,1.0,-51.86676916496005,1.0113298344403605,1.0,0.0,inventory_demand_spike
inventory,dqn,13,294,146.64791189988586,17.667109730475023,1.577769044320102,0.0,2,high_restock,1.0533349230111836e-80,8.05734794840647e-48,1.0,-51.14916408640439,2.2312476827299927,1.0,0.0,inventory_demand_spike
inventory,dqn,13,295,144.59761167544113,16.87319823621264,1.197716744487644,0.0,2,high_restock,2.3144194301345357e-79,4.2101689969791267e-47,1.0,-51.95137753949047,2.505334824219188,1.0,0.0,inventory_demand_spike
inventory,dqn,13,296,146.88965011282994,17.783089042102546,1.639713468835988,0.0,2,high_restock,7.132877989985722e-81,6.580230764248114e-48,1.0,-51.47780079963268,1.4408624519742264,1.0,0.0,inventory_demand_spike
inventory,dqn,13,297,145.53657371323624,17.297587979114027,1.5419505913786504,0.0,2,high_restock,4.640162253506486e-80,1.9530169821668027e-47,1.0,-52.5419865519543,3.214773013272865,1.0,0.0,inventory_demand_spike
inventory,dqn,13,298,148.57710443415516,18.20663528113769,2.0553427073088137,0.0,2,high_restock,5.538013312747612e-82,1.8669464658813692e-48,1.0,-52.02225437787446,1.49151570617397,1.0,0.0,inventory_demand_spike
inventory,dqn,13,299,147.0921553653556,18.088848693093944,2.130653294293609,0.0,2,high_restock,3.073435074428281e-81,5.286718568378112e-48,1.0,-52.589969730689326,1.7973761930078431,1.0,0.0,inventory_demand_spike
inventory,dqn,13,300,148.71419923054094,18.823317511019958,1.8855197916866506,0.0,2,high_restock,4.392173931000834e-82,1.3105178367574709e-48,1.0,-53.994903910397625,148.79552295796015,1.0,1.0,inventory_demand_spike|inventory_sensor_noise
inventory,dqn,13,301,0.9931184811024377,1.0,0.9373613450341977,-0.14248863859998154,1,balanced_restock,0.2256046374738635,0.4306464811052904,0.3437488814208461,-54.22550357186937,0.19838574543249898,1.0,0.0,inventory_sensor_noise
inventory,dqn,13,302,1.0,1.0,1.0,0.04562289106406099,0,low_restock,0.49968731486079004,0.3475866851946576,0.15272599994455238,-55.86754152433462,0.08909496202049484,1.0,0.0,inventory_sensor_noise
inventory,dqn,13,303,0.9957652085994696,0.9579553152540459,0.9455667196960266,-0.010850476811334948,0,low_restock,0.4530286050013399,0.36926346403184435,0.1777079309668156,-57.02916503503143,0.10912992813723883,1.0,0.0,inventory_sensor_noise
inventory,dqn,13,304,0.9764526327100258,1.0,1.0,-0.09334670768108908,1,balanced_restock,0.3699011428007254,0.4189275176286783,0.21117133957059642,-57.55864875757269,0.2236494495884383,1.0,0.0,inventory_sensor_noise
inventory,dqn,13,305,1.0,1.0,1.0,0.12905967216203157,0,low_restock,0.559357548407431,0.3137687534996442,0.1268736980929248,-59.80339593539023,0.28081012442469244,1.0,0.0,inventory_sensor_noise
inventory,dqn,13,306,1.0,0.865195476621827,1.0,-0.11727763004004026,1,balanced_restock,0.30164967210555227,0.4363435235046341,0.26200680438981355,-61.566481043794894,0.2875775653510642,1.0,0.0,inventory_sensor_noise
inventory,dqn,13,307,1.0,0.9554971747075521,0.9934347894490773,0.1556754014992746,0,low_restock,0.5514205102943001,0.3193496078307926,0.1292298818749073,-65.10594064368534,0.24627274261671075,1.0,0.0,inventory_sensor_noise
inventory,dqn,13,308,0.8662856171257567,1.0,0.9220225586242446,-0.03324394477878031,0,low_restock,0.4370807984112871,0.38410728608141737,0.17881191550729558,-69.48717328928622,0.12196918627613286,1.0,0.0,inventory_sensor_noise
inventory,dqn,13,309,0.9442397875058951,1.0,0.9844103790064583,0.03680881811579073,0,low_restock,0.49392765285516194,0.3521186479463038,0.15395369919853438,-72.43196862031537,0.1498328485948318,1.0,0.0,inventory_sensor_noise
inventory,dqn,13,310,1.0,0.8703444484767875,1.0,-0.011014637396576595,0,low_restock,0.4429600401164698,0.3789546281397716,0.1780853317437586,-75.31633120327001,0.18217123089633624,1.0,0.0,inventory_sensor_noise
inventory,dqn,13,311,0.8747357511887276,0.9555887237820131,1.0,0.09012209610673959,0,low_restock,0.5353868253147156,0.33240768210758853,0.13220549257769584,-78.64604400230529,0.09024554850743317,1.0,0.0,inventory_sensor_noise
inventory,dqn,13,312,0.9532437429096591,1.0,1.0,0.09301913011470361,0,low_restock,0.5401900547911702,0.3263669658330532,0.1334429793757767,-82.48120921122396,0.16220705188440018,1.0,0.0,inventory_sensor_noise
inventory,dqn,13,313,0.9981536473310056,1.0,0.9367036952419642,-0.04941613928817939,0,low_restock,0.42390288788476954,0.382910295825116,0.1931868162901145,-84.39820635117958,0.12504374313578692,1.0,0.0,inventory_sensor_noise
inventory,dqn,13,314,1.0,1.0,1.0,0.058408285046978606,0,low_restock,0.5105475300000102,0.3415137505630734,0.1479387194369165,-86.6245213967917,0.00681678582915686,1.0,0.0,inventory_sensor_noise
inventory,dqn,13,315,1.0,1.0,1.0,0.051591499217821746,0,low_restock,0.5047590347944089,0.34475979950994134,0.15048116569564982,-88.55984485037585,0.2379147987388699,1.0,0.0,inventory_sensor_noise
inventory,dqn,13,316,1.0,0.9771807358900467,0.9638650425822654,-0.18245336292799777,2,high_restock,0.13820791863798543,0.410605962117598,0.4511861192444166,-87.03707863110112,0.05796792410161277,1.0,0.0,inventory_sensor_noise
inventory,dqn,13,317,1.0,1.0,1.0,-0.14328926888065588,1,balanced_restock,0.2224974343563601,0.4378045444301859,0.33969802121345405,-86.86670687079894,0.7005591416803986,1.0,0.0,inventory_sensor_noise
inventory,dqn,13,318,0.9696970940791982,0.9638095229122199,0.338779972392992,0.08330104279280975,0,low_restock,0.5474493337644694,0.3019809883976179,0.1505696778379127,-90.51356076827963,0.667829845109152,1.0,0.0,inventory_sensor_noise
inventory,dqn,13,319,1.0,0.9054250596796495,1.0,0.15006754229444105,0,low_restock,0.5486406934684551,0.32140909429637116,0.12995021223517375,-92.04524583347798,0.1308526843497533,1.0,0.0,inventory_sensor_noise
inventory,dqn,13,320,0.9103171474033551,1.0,1.0,0.16168613149738564,0,low_restock,0.5518332033342497,0.3228258521008543,0.12534094456489597,-95.4363553628742,0.09532195611791389,1.0,0.0,inventory_sensor_noise
inventory,dqn,13,321,0.8980176031790438,0.9224226853109434,1.0,0.10767912476997302,0,low_restock,0.5477252590603604,0.3243976565333429,0.12787708440629666,-96.86380338769955,0.08651227574293746,1.0,0.0,inventory_sensor_noise
inventory,dqn,13,322,0.9065126816486182,0.9479339086292785,0.9181546452480392,0.09975934659469879,0,low_restock,0.5491754045361993,0.31832733596140333,0.1324972595023974,-97.86503832790585,0.1126785718948421,1.0,0.0,inventory_sensor_noise
inventory,dqn,13,323,0.9636622649985787,1.0,1.0,0.10432505815900073,0,low_restock,0.5495911968904686,0.3204636651679912,0.12994513794154022,-100.85906482398934,0.06672366253855026,1.0,0.0,inventory_sensor_noise
inventory,dqn,13,324,1.0,1.0,1.0,0.048364213298287495,0,low_restock,0.5020174553041593,0.3462891472639747,0.15169339743186594,-101.2218404634519,0.10388536438646528,1.0,0.0,inventory_sensor_noise
inventory,dqn,13,325,0.9060090007440951,0.9653899625645446,1.0,0.020796001508228943,0,low_restock,0.4771584003657282,0.3643347622034588,0.15850683743081315,-101.51483149881518,0.08362045007856166,1.0,0.0,inventory_sensor_noise
inventory,dqn,13,326,0.9805270504889001,1.0,1.0,0.0052529888566108995,0,low_restock,0.46557616819992503,0.36706957427566694,0.16735425752440802,-101.73555063645583,0.10451021196782748,1.0,0.0,inventory_sensor_noise
inventory,dqn,13,327,1.0,1.0,0.98718761502827,0.10713052040422237,0,low_restock,0.5526620055645501,0.3165690587723654,0.13076893566308442,-101.690537574062,0.08892016205310398,1.0,0.0,inventory_sensor_noise
inventory,dqn,13,328,1.0,1.0,0.89844482767809,0.11274415673649378,0,low_restock,0.5637179603289834,0.30532120659240414,0.13096083307861242,-102.47358901123992,0.31642390007025506,1.0,0.0,inventory_sensor_noise
inventory,dqn,13,329,1.0,1.0,0.6010837814658587,0.004575340845600249,0,low_restock,0.47666763868604584,0.3451324437995626,0.17819991751439154,-102.72921666026005,0.21110034102167421,1.0,0.0,inventory_sensor_noise
inventory,dqn,13,330,0.9097852574940098,0.9905066617970406,0.7808913128413218,-0.05870010782504237,0,low_restock,0.4161211447593875,0.3878734745881024,0.1960053806525102,-102.82496688079652,0.20302212390066077,1.0,0.0,inventory_sensor_noise
inventory,dqn,13,331,1.0,1.0,0.9621737735046363,-0.0699174610481176,0,low_restock,0.40001741715293787,0.39845333707528213,0.2015292457717801,-102.53751991230168,0.04309728601241494,1.0,0.0,inventory_sensor_noise
inventory,dqn,13,332,0.9936583711242696,1.0,1.0,-0.050262019207247086,0,low_restock,0.41868764937318803,0.3907677863678214,0.19054456425899055,-104.20821041525129,0.13537729233278195,1.0,0.0,inventory_sensor_noise
inventory,dqn,13,333,0.9361836035281109,0.9606103719548235,1.0,0.06580744090860635,0,low_restock,0.514733210170272,0.3419718555097588,0.1432949343199693,-104.13610331727598,0.08834834529882543,1.0,0.0,inventory_sensor_noise
inventory,dqn,13,334,1.0,1.0,1.0,0.01910246407694745,0,low_restock,0.47713928617164464,0.359958973668284,0.16290174016007142,-104.67348127609806,0.024081763960337992,1.0,0.0,inventory_sensor_noise
inventory,dqn,13,335,1.0,1.0,0.9941311482864452,-0.004253219064543806,0,low_restock,0.45775829465763984,0.3699016116587225,0.17234009368363779,-106.26806943931481,0.10940035318423415,1.0,0.0,inventory_sensor_noise
inventory,dqn,13,336,1.0,0.9485827653353203,0.8989937065418088,0.012286806163923397,0,low_restock,0.47550396520259663,0.3540094636534176,0.17048657114398558,-108.89424294178897,0.08654974891299429,1.0,0.0,inventory_sensor_noise
inventory,dqn,13,337,0.9671012361419863,1.0,0.9601500985507522,0.017256118933583555,0,low_restock,0.4789413032626674,0.357665183200753,0.1633935135365796,-111.04927142393866,0.08998587580557972,1.0,0.0,inventory_sensor_noise
inventory,dqn,13,338,1.0,0.9705289873299219,1.0,-0.05026109330001804,0,low_restock,0.4166818216409678,0.3916588979913352,0.19165928036769708,-113.50959939759646,0.0709157568686688,1.0,0.0,inventory_sensor_noise
inventory,dqn,13,339,0.9739036380827896,1.0,1.0,0.00872605681881894,0,low_restock,0.4685893123135634,0.36575163176811215,0.1656590559183246,-116.12006648280008,0.18097536504761774,1.0,0.0,inventory_sensor_noise
inventory,dqn,13,340,0.9445003195649732,1.0,1.0,-0.16984473478568263,1,balanced_restock,0.16554591300975602,0.4286733082288949,0.40578077876134927,-117.25569555857157,0.2808421367390157,1.0,0.0,inventory_sensor_noise
inventory,dqn,13,341,1.0,1.0,0.9813765085807734,0.10482826499242426,0,low_restock,0.5511865580500815,0.31709264896522493,0.1317207929846935,-120.45910878032016,0.13994066818186396,1.0,0.0,inventory_sensor_noise
inventory,dqn,13,342,0.9254021489048638,1.0,0.9602205496782634,-0.01166626975530435,0,low_restock,0.45482020404977525,0.3724559812613535,0.17272381468887119,-122.05116691528524,0.08733947370251358,1.0,0.0,inventory_sensor_noise
inventory,dqn,13,343,1.0,1.0,1.0,-0.03359660515448244,0,low_restock,0.4325597192645129,0.3834313914200097,0.18400888931547743,-123.5108351568239,0.18891254887517678,1.0,0.0,inventory_sensor_noise
inventory,dqn,13,344,0.9235540742719853,1.0,0.9191202477752469,0.1190547533136474,0,low_restock,0.5660566506879788,0.3083731065439725,0.1255702427680487,-126.69133742325494,0.2916441478624728,1.0,0.0,inventory_sensor_noise
inventory,dqn,13,345,1.0,1.0,0.9063038949010084,-0.16210013375221483,1,balanced_restock,0.178394287800659,0.4201810348240258,0.4014246773753151,-127.77893409489288,0.2692524187899069,1.0,0.0,inventory_sensor_noise
inventory,dqn,13,346,0.8214022734545392,0.9775565803298479,0.9027972233298966,0.03810904002613634,0,low_restock,0.4967301619074287,0.3533554842296938,0.14991435386287755,-130.70186537353425,0.15707015123487614,1.0,0.0,inventory_sensor_noise
inventory,dqn,13,347,0.8888162981237603,0.8947968330451205,1.0,-0.023768469004484538,0,low_restock,0.43502020773334826,0.38830487834496463,0.17667491392168708,-134.59837144220003,0.16730347247813201,1.0,0.0,inventory_sensor_noise
inventory,dqn,13,348,1.0,1.0,1.0,-0.0913031267958754,1,balanced_restock,0.37401962464520944,0.4162855994360387,0.20969477591875194,-134.90874572797617,0.13916355047838957,1.0,0.0,inventory_sensor_noise
inventory,dqn,13,349,0.9374086568279283,1.0,0.9898984764959916,0.032578981535252044,0,low_restock,0.4899727167045523,0.3549758475477949,0.15505143574765284,-138.45464441542057,0.09421535294792856,1.0,0.0,inventory_sensor_noise
inventory,dqn,13,350,1.0,1.0,0.9944993097211026,-0.037689708680614505,0,low_restock,0.42952678540053874,0.3845497393552634,0.18592347524419783,-141.37486341502995,0.16487828711855737,1.0,0.0,inventory_sensor_noise
inventory,dqn,13,351,0.9661082541420831,0.8431210964807107,1.0,-0.00034066367417605727,0,low_restock,0.450507546250848,0.37678810123066536,0.17270435251848654,-144.23030302327632,0.2022531271996369,1.0,0.0,inventory_sensor_noise
inventory,dqn,13,352,0.900761603597481,1.0,1.0,-0.10999991934928843,1,balanced_restock,0.3254558313377355,0.4352838042870562,0.23926036437520826,-144.59213973820582,0.16685644297382868,1.0,0.0,inventory_sensor_noise
inventory,dqn,13,353,0.9659339692175184,1.0,1.0,0.043602278946721355,0,low_restock,0.49828759567836406,0.34980760865677546,0.15190479566486056,-146.69415681355005,0.10285188579832617,1.0,0.0,inventory_sensor_noise
inventory,dqn,13,354,1.0,0.9978103958530153,0.9843831674261994,0.13935892954102908,0,low_restock,0.558373412848457,0.31386976305677716,0.12775682409476583,-149.68379783537412,0.1291652851696659,1.0,0.0,inventory_sensor_noise
inventory,dqn,13,355,0.993471337166942,1.0,1.0,0.011326247664038195,0,low_restock,0.47060021365364274,0.3637820817468555,0.16561770459950184,-152.45993648371658,0.1933607357538479,1.0,0.0,inventory_sensor_noise
inventory,dqn,13,356,0.9072915302631969,1.0,0.9047143524687415,0.15583251184608457,0,low_restock,0.5584353256080351,0.3147318945712521,0.12683277982071278,-156.06570119443785,0.21941995282792104,1.0,0.0,inventory_sensor_noise
inventory,dqn,13,357,1.0,0.9339558993279301,1.0,-0.005750524017936833,0,low_restock,0.45163991792279196,0.3739901152712842,0.1743699668059238,-157.74877040784185,0.19609594506752867,1.0,0.0,inventory_sensor_noise
inventory,dqn,13,358,0.9380285130440723,1.0,0.8326851758661682,0.04175822115472516,0,low_restock,0.5036810330169325,0.34112760389370567,0.15519136308936196,-160.4772996974007,0.10639668274473416,1.0,0.0,inventory_sensor_noise
inventory,dqn,13,359,0.9488623157613311,0.9879984581644659,0.9354474238469052,0.06409129531128878,0,low_restock,0.5200418658176009,0.3341950722970438,0.1457630618853552,-161.29909578594993,0.08932372786592864,1.0,0.0,inventory_sensor_noise
inventory,dqn,13,360,1.0,1.0,1.0,0.031647597677673056,0,low_restock,0.48780550105358195,0.35414529253398475,0.15804920641243325,-163.50462807860052,0.08944027685672802,1.0,0.0,inventory_sensor_noise
inventory,dqn,13,361,1.0,1.0,0.9418616771977097,-0.03631929533609399,0,low_restock,0.4345184521668287,0.3779325947310181,0.1875489531021533,-164.17301770920218,0.11224755662994663,1.0,0.0,inventory_sensor_noise
inventory,dqn,13,362,1.0,0.9380632808354826,0.8496243736011915,-0.02033065518839843,0,low_restock,0.4493316699191385,0.3648918106426164,0.1857765194382451,-166.64466874800252,0.12715609075425813,1.0,0.0,inventory_sensor_noise
inventory,dqn,13,363,1.0,1.0,0.9498505735808567,-0.06815557623043465,0,low_restock,0.4027318072913436,0.3959695873385924,0.20129860537006408,-169.2869919775299,0.060888139951453694,1.0,0.0,inventory_sensor_noise
inventory,dqn,13,364,1.0,0.9957322634033763,1.0,-0.03388916350717779,0,low_restock,0.4320311772474528,0.3837306134299373,0.1842382093226098,-169.82938211326817,0.07376243485483053,1.0,0.0,inventory_sensor_noise
inventory,dqn,13,365,1.0,0.9609299082246071,1.0,0.03114692547212597,0,low_restock,0.4847524897670445,0.356058225182451,0.15918928505050461,-171.8369593230681,0.11184261128347926,1.0,0.0,inventory_sensor_noise
inventory,dqn,13,366,1.0,0.9722749700838565,0.8909023571052473,0.009289121718631627,0,low_restock,0.47493492974540635,0.3537315235120048,0.17133354674258874,-172.1375170845156,0.11263738904936905,1.0,0.0,inventory_sensor_noise
inventory,dqn,13,367,1.0,1.0,1.0,0.00526315067838592,0,low_restock,0.46538558881195624,0.3662788211065724,0.16833559008147145,-172.64730082876667,0.07551462495980148,1.0,0.0,inventory_sensor_noise
inventory,dqn,13,368,1.0,0.9272185065477654,1.0,0.025395532397442494,0,low_restock,0.4776003230504559,0.36016386918917215,0.16223580776037186,-172.5890213772465,0.09676740876933883,1.0,0.0,inventory_sensor_noise
inventory,dqn,13,369,0.9742061695177633,0.9195836015901446,1.0,-0.06755777811527698,1,balanced_restock,0.3975429330073317,0.40351691282541247,0.19894015416725588,-171.5850985648862,0.08469029798606587,1.0,0.0,inventory_sensor_noise
inventory,dqn,13,370,1.0,1.0,1.0,-0.06120736483662502,0,low_restock,0.4073452612299221,0.39689645012669844,0.19575828864337946,-171.43244442295924,0.12118331075664476,1.0,0.0,inventory_sensor_noise
inventory,dqn,13,371,1.0,0.8944517031997241,0.9783775308820842,-0.11668186959103617,1,balanced_restock,0.3020649945851634,0.4332149809123012,0.26472002450253534,-171.30201860467926,0.2313747432808541,1.0,0.0,inventory_sensor_noise
inventory,dqn,13,372,0.9480605636031386,0.9667124385333883,1.0,0.09579735700144852,0,low_restock,0.5403468117838501,0.32664977619482416,0.1330034120213257,-172.65730132199798,0.19689803108902176,1.0,0.0,inventory_sensor_noise
inventory,dqn,13,373,0.9775902286129653,0.9844542606883895,0.9309224151719425,-0.08533891366813225,1,balanced_restock,0.3847935999430656,0.406021689219134,0.20918471083780024,-171.96551552896324,0.13800467732905922,1.0,0.0,inventory_sensor_noise
inventory,dqn,13,374,0.8621799918447361,0.9899755334194236,1.0,-0.054948602127262804,0,low_restock,0.41556549539798704,0.39906500863773225,0.18536949596428073,-173.9711701482094,0.17527332408274,1.0,0.0,inventory_sensor_noise
inventory,dqn,13,375,1.0,0.9135800418744607,0.9256037628306686,-0.03609887391319267,0,low_restock,0.4301563267559201,0.3794494730469928,0.19039420019708722,-174.98245120592904,0.09137214758507638,1.0,0.0,inventory_sensor_noise
inventory,dqn,13,376,1.0,0.9645565651987353,1.0,-0.021420205066077877,0,low_restock,0.440451340394251,0.37961747862725725,0.17993118097849184,-176.43851544440176,0.15761520001259458,1.0,0.0,inventory_sensor_noise
inventory,dqn,13,377,0.9171587750943964,0.8439807988598337,0.9685718670949102,-0.07095443328289772,1,balanced_restock,0.39386694138849326,0.4058521907657358,0.2002808678457709,-176.23799315662282,0.24803427285831686,1.0,0.0,inventory_sensor_noise
inventory,dqn,13,378,1.0,1.0,0.874023518103149,0.07525415246708365,0,low_restock,0.532480729939694,0.32256942245701153,0.14494984760329455,-176.93941060805375,0.23867504429783087,1.0,0.0,inventory_sensor_noise
inventory,dqn,13,379,1.0,0.7713602406152593,0.9221498908174357,0.026535681140234874,0,low_restock,0.47400949572093254,0.3575828212367901,0.16840768304227735,-180.46770053298255,0.22841114093420478,1.0,0.0,inventory_sensor_noise
inventory,dqn,13,380,0.8775277762118969,0.9477447043115981,1.0,0.026827520273553725,0,low_restock,0.48134274779739444,0.363369834146767,0.15528741805583862,-181.9195470571702,0.22778654805207918,1.0,0.0,inventory_sensor_noise
inventory,dqn,13,381,1.0,1.0,0.9351898519048278,0.19990638856855533,0,low_restock,0.5501024354833136,0.3182461529760214,0.13165141154066495,-183.55321626249432,0.15617295511837442,1.0,0.0,inventory_sensor_noise
inventory,dqn,13,382,1.0,1.0,0.9850602771678547,0.05190999471218243,0,low_restock,0.5061864120392362,0.34298400494905273,0.1508295830117111,-187.265448365869,0.029289480000248284,1.0,0.0,inventory_sensor_noise
inventory,dqn,13,383,1.0,0.9944526520014556,1.0,0.02733551098277997,0,low_restock,0.4837651443826908,0.35639050018094526,0.159844355436364,-191.14138758495645,0.019267690368941198,1.0,0.0,inventory_sensor_noise
inventory,dqn,13,384,1.0,1.0,1.0,0.045787362443715666,0,low_restock,0.4998268816090463,0.34750874036679863,0.1526643780241551,-194.06046112804202,0.028099688320732227,1.0,0.0,inventory_sensor_noise
inventory,dqn,13,385,1.0,1.0,1.0,0.01768767412298344,0,low_restock,0.4759360860246088,0.36061059010859914,0.163453323866792,-196.96126282994825,0.21764430283205063,1.0,0.0,inventory_sensor_noise
inventory,dqn,13,386,0.8479425010738388,0.9336912002703354,0.9322935468080105,-0.10587016193018647,1,balanced_restock,0.3490074670528497,0.42784621456482674,0.22314631838232363,-197.17855574899735,0.16103210884637267,1.0,0.0,inventory_sensor_noise
inventory,dqn,13,387,0.9563146811534561,0.8639440174334333,1.0,-0.037037194924704926,0,low_restock,0.4211923786420451,0.3923504282409327,0.18645719311702225,-198.74698891373063,0.17425302541221027,1.0,0.0,inventory_sensor_noise
inventory,dqn,13,388,1.0,1.0,0.9036162354032531,-0.011451079303353517,0,low_restock,0.4577461050268759,0.36372812712540215,0.17852576784772192,-201.91797734503916,0.11226196904442141,1.0,0.0,inventory_sensor_noise
inventory,dqn,13,389,1.0,0.9514857864871353,0.9770231297090229,-0.08116871444210692,1,balanced_restock,0.38473927594783663,0.40814603636007935,0.20711468769208405,-202.33475111427282,0.1978012522400764,1.0,0.0,inventory_sensor_noise
inventory,dqn,13,390,0.9471867804519878,1.0,0.9792654310452913,0.10316099667539395,0,low_restock,0.5503752413947741,0.3194088311892749,0.13021592741595092,-204.14580299489123,0.12754644963484674,1.0,0.0,inventory_sensor_noise
inventory,dqn,13,391,0.8356643814022489,0.9420228529453927,0.9760877058952662,0.12459470393579614,0,low_restock,0.5567963763862308,0.32009028751763263,0.1231133360961367,-208.13980164718646,0.17613263037081958,1.0,0.0,inventory_sensor_noise
inventory,dqn,13,392,1.0,1.0,1.0,0.13372490390597047,0,low_restock,0.558401363495728,0.3145159276800395,0.12708270882423245,-209.5209137246096,0.18681283297134238,1.0,0.0,inventory_sensor_noise
inventory,dqn,13,393,1.0,0.9867134828044807,1.0,-0.052614847686629426,0,low_restock,0.4157831764120523,0.39199226202795806,0.19222456155998968,-211.71411100604763,0.0770540009123407,1.0,0.0,inventory_sensor_noise
inventory,dqn,13,394,0.9872639443756479,1.0,0.9649508317208051,0.013492158050147507,0,low_restock,0.4751652811240322,0.35912811217793705,0.1657066066980307,-214.8355832764614,0.13512316065619479,1.0,0.0,inventory_sensor_noise
inventory,dqn,13,395,0.9703935744203386,0.8995445610505179,0.8896729987669488,0.06056244394824903,0,low_restock,0.5144136941372861,0.334014695391598,0.15157161047111578,-217.7730697677884,0.16009106685031024,1.0,0.0,inventory_sensor_noise
inventory,dqn,13,396,1.0,1.0,0.9966594916034026,0.003859671655452129,0,low_restock,0.46444646081037205,0.36653945804772775,0.16901408114190009,-218.7446255660431,0.0841581040499058,1.0,0.0,inventory_sensor_noise
inventory,dqn,13,397,1.0,0.9775654450547943,1.0,0.08490359940662655,0,low_restock,0.5314759477763218,0.32973792476088637,0.13878612746279181,-221.320927259883,0.09394546470015988,1.0,0.0,inventory_sensor_noise
inventory,dqn,13,398,1.0,0.9207806855881391,0.9614296342957638,0.020766493769682034,0,low_restock,0.4761677318408787,0.3582694320028278,0.16556283615629358,-223.2287649392168,0.09158211723652773,1.0,0.0,inventory_sensor_noise
inventory,dqn,13,399,1.0,1.0,1.0,0.0457447105010925,0,low_restock,0.4997903010491765,0.3475297045564849,0.15267999439433852,-225.16497459579972,0.10342735003668803,1.0,0.0,inventory_sensor_noise
inventory,dqn,13,400,1.0,0.991182592641249,0.9134188495268503,0.10163007930033402,0,low_restock,0.5531869117380239,0.3119940121330713,0.1348190761289048,-227.83531630238951,0.22207021580383285,1.0,0.0,inventory_sensor_noise
inventory,dqn,13,401,0.999218761437094,0.9619592079901225,0.9948995805293045,-0.10287286610218754,1,balanced_restock,0.3398839311607549,0.4259393347385846,0.2341767341006605,-228.0558376495823,649.6613427769374,0.0,0.0,none
inventory,dqn,13,402,650.5595361416637,12.417835476308088,0.9130476950830665,0.0,2,high_restock,0.0,3.27437555759178e-194,1.0,-225.51557226393803,7.799782808925383,0.0,0.0,none
inventory,dqn,13,403,642.7873493255373,11.791225716602877,1.105620202679189,0.0,2,high_restock,0.0,7.318320220803298e-192,1.0,-223.19518793890902,6.629691330345993,0.0,0.0,none
inventory,dqn,13,404,636.1576798254544,11.77509885696696,1.1110405101182923,0.0,2,high_restock,0.0,6.394418377781441e-190,1.0,-220.04555244151717,9.02552502933924,0.0,0.0,none
inventory,dqn,13,405,627.1587212614777,11.268901626124265,1.5828574052666846,0.0,2,high_restock,0.0,2.9924956427333035e-187,1.0,-217.04121544101503,8.63499116261228,0.0,0.0,none
inventory,dqn,13,406,618.574901260043,10.42622807921459,1.169326445481459,0.0,2,high_restock,6.03e-322,1.3760427377008068e-184,1.0,-214.7878782217229,6.440771456457793,0.0,0.0,none
inventory,dqn,13,407,612.1367949192083,10.31545175550894,1.0208262618721589,0.0,2,high_restock,1.49407e-318,1.1193221210880177e-182,1.0,-212.01589644345523,7.920004207376594,0.0,0.0,none
inventory,dqn,13,408,604.2168469813007,10.285899531152689,1.0250655697310047,0.0,2,high_restock,1.7627850647e-314,2.3438417304668525e-180,1.0,-208.62721461722253,9.701489771122016,0.0,0.0,none
inventory,dqn,13,409,594.5348989063501,9.675443816179179,1.1033539673515356,0.0,2,high_restock,1.796700519837e-309,1.9232125805815097e-177,1.0,-204.33120996403804,12.321153349243668,0.0,0.0,none
inventory,dqn,13,410,582.2605998972516,9.0203757271548,1.9538182461802533,0.0,2,high_restock,1.6389801568440663e-303,8.051362543856139e-174,1.0,-202.3025446803805,5.836107393224048,0.0,0.0,none
inventory,dqn,13,411,576.4644133725158,9.57790242249457,2.345654002203772,0.0,2,high_restock,8.556716300763695e-301,3.1087962840841064e-172,1.0,-199.14922135949817,9.026836942752398,0.0,0.0,none
inventory,dqn,13,412,567.4549181699948,9.063624650157308,2.1258819392129635,0.0,2,high_restock,5.405959625484457e-296,1.6530190978885123e-169,1.0,-196.39534828805057,7.868217195652436,0.0,0.0,none
inventory,dqn,13,413,559.5867093944303,9.073972482625932,2.1309242058716,0.0,2,high_restock,5.927792249574516e-292,3.2988560748102732e-167,1.0,-193.40855745348458,8.536838413482474,0.0,0.0,none
inventory,dqn,13,414,551.0530212956703,9.303624477864048,2.0987140820652526,0.0,2,high_restock,1.405589581239961e-287,9.646819105532939e-165,1.0,-191.34301097901263,6.085743562048944,0.0,0.0,none
inventory,dqn,13,415,545.1514599400361,10.578172008556908,1.3349229714136408,0.0,2,high_restock,2.5895921562535163e-284,3.842135612729984e-163,1.0,-189.0198661382274,6.641963996640247,0.0,0.0,none
inventory,dqn,13,416,538.5139032520783,10.409897975912497,1.1611104380651538,0.0,2,high_restock,8.536328976970772e-281,3.6601304914024484e-161,1.0,-188.0824908219414,3.0904831365198047,0.0,0.0,none
inventory,dqn,13,417,535.8356880626898,11.676153978538983,2.0413633291448705,0.0,2,high_restock,5.238079610333684e-280,1.259548786558635e-160,1.0,-186.64030833812163,4.188171639069769,0.0,0.0,none
inventory,dqn,13,418,531.7151666803476,12.425691457183456,2.0246665008099427,0.0,2,high_restock,5.71960640648834e-278,1.5839262598415419e-159,1.0,-185.25401934748857,4.108970888070061,0.0,0.0,none
inventory,dqn,13,419,527.7543409928245,13.340263939430846,1.4254513418057626,0.0,2,high_restock,9.670701983024754e-276,1.8697925811796026e-158,1.0,-184.63746351734,1.9592209969552035,0.0,0.0,none
inventory,dqn,13,420,525.9927529066857,14.168258593329927,1.6485638309197066,0.0,2,high_restock,4.8103211768028844e-275,4.486494429691769e-158,1.0,-183.18333743451217,4.240842341728517,0.0,0.0,none
inventory,dqn,13,421,521.8381069557491,14.664840740734196,0.9578634902197516,0.0,2,high_restock,1.2717592189932796e-272,7.035212944750107e-157,1.0,-182.09691482087192,3.1055486989586747,0.0,0.0,none
inventory,dqn,13,422,518.7340423453484,14.579670856531735,0.9135723298558904,0.0,2,high_restock,5.393154768006968e-271,5.900587078672426e-156,1.0,-181.68326450209906,1.3466257738673997,0.0,0.0,none
inventory,dqn,13,423,517.5521842917117,15.167403522272812,1.1803734346492543,0.0,2,high_restock,1.3708167759517057e-270,1.0297865249720398e-155,1.0,-181.23821398316602,1.380856869319069,0.0,0.0,none
inventory,dqn,13,424,516.2806113804744,15.705254077529963,1.156190689503817,0.0,2,high_restock,5.489613876465303e-270,2.0389949037496755e-155,1.0,-180.8702363344866,1.0652861998131296,0.0,0.0,none
inventory,dqn,13,425,515.2292466699618,15.847298752655192,1.2525765975481575,0.0,2,high_restock,1.640897799922664e-269,3.886373744294365e-155,1.0,-180.90335825218594,0.8842983401796459,0.0,0.0,none
inventory,dqn,13,426,515.3238807205313,16.6971547529564,1.0272485485411362,0.0,2,high_restock,1.5112968758504449e-269,2.8614376681524223e-155,1.0,-179.96438173951032,2.687973192121717,0.0,0.0,none
inventory,dqn,13,427,512.6410906843153,16.781409667793355,0.8832394777476462,0.0,2,high_restock,4.170391851286093e-268,1.7375047359992085e-154,1.0,-178.94980379902043,2.927663311256497,0.0,0.0,none
inventory,dqn,13,428,509.74229656862985,16.43802245538361,1.1074946032152548,0.0,2,high_restock,1.0924958119677738e-266,1.3207308316343337e-153,1.0,-176.81486912931325,6.254475406238106,0.0,0.0,none
inventory,dqn,13,429,503.64248322660933,15.472374369226975,2.096566680188283,0.0,2,high_restock,6.19428231812693e-264,9.340774887687936e-152,1.0,-174.71102973047033,6.096519042634718,0.0,0.0,none
inventory,dqn,13,430,497.63151351562954,14.480453369133551,2.3243391554018245,0.0,2,high_restock,7.650475977591595e-261,7.14823527535747e-150,1.0,-173.01177959615998,5.027667721572207,0.0,0.0,none
inventory,dqn,13,431,492.7765131318857,13.490526482270875,1.4720136594482858,0.0,2,high_restock,8.340750590765856e-258,3.0173262962128827e-148,1.0,-171.33974091519238,4.8059274514366725,0.0,0.0,none
inventory,dqn,13,432,487.9992597576926,13.07163381467547,1.1568663918604294,0.0,2,high_restock,3.8269190030262704e-255,9.126751643698923e-147,1.0,-170.62423819416023,2.0745715623710956,0.0,0.0,none
inventory,dqn,13,433,485.9549662690293,13.2425339400799,1.4659043292474663,0.0,2,high_restock,2.8778775872977183e-254,3.244415776473931e-146,1.0,-167.33791748416013,9.45643464226928,0.0,0.0,none
inventory,dqn,13,434,476.56547852617183,12.584599059912508,2.3762876351682425,0.0,2,high_restock,8.069130320102978e-250,1.927108777939862e-143,1.0,-164.73642998206475,7.439492822212749,0.0,0.0,none
inventory,dqn,13,435,469.1326570916136,12.300228715196827,2.5117589634018236,0.0,2,high_restock,4.925876421876778e-246,3.091732182165967e-141,1.0,-163.05582093536665,4.801753351193975,0.0,0.0,none
inventory,dqn,13,436,464.33091695819047,12.31088076526097,2.5154291957384354,0.0,2,high_restock,1.436606941965402e-243,7.817548598648553e-140,1.0,-160.4223313416533,7.544395900072867,0.0,0.0,none
inventory,dqn,13,437,456.80666097615233,11.76148024369196,2.555932043776725,0.0,2,high_restock,1.1706497133816638e-239,1.4792506912493853e-137,1.0,-158.72527648685917,4.94605308963944,0.0,0.0,none
inventory,dqn,13,438,451.95793281959766,11.200593310113685,1.7567560449460835,0.0,2,high_restock,1.0609129363478216e-236,5.347328344145805e-136,1.0,-154.9621996739552,10.763805148099411,0.0,0.0,none
inventory,dqn,13,439,441.20628478272926,10.928161251311495,2.1895914996999655,0.0,2,high_restock,2.327769208877217e-231,7.593287503772758e-133,1.0,-152.79225016625224,6.204775540706925,0.0,0.0,none
inventory,dqn,13,440,435.0064290464351,11.17475439096429,2.2044300700897344,0.0,2,high_restock,3.2889655000032917e-228,4.548820121344644e-131,1.0,-149.57532163869695,9.233702407201532,0.0,0.0,none
inventory,dqn,13,441,425.81520468199136,10.296857544760178,2.0951050745922752,0.0,2,high_restock,2.5024534636985767e-223,3.02376352181161e-128,1.0,-146.67023322282844,8.301709149437723,0.0,0.0,none
inventory,dqn,13,442,417.5149520652242,10.141658217814365,2.1048245716540865,0.0,2,high_restock,4.758624271531101e-219,8.518167277583333e-126,1.0,-142.29323614871848,12.599179460229767,0.0,0.0,none
inventory,dqn,13,443,405.00924613919574,8.610262663919617,2.143165415204485,0.0,2,high_restock,1.8419195645488496e-212,6.390640322119797e-122,1.0,-138.87123413752397,9.779507966063667,0.0,0.0,none
inventory,dqn,13,444,395.2320975357828,8.805162550610717,2.0528588304419437,0.0,2,high_restock,2.0533340454862066e-207,4.411384414088515e-119,1.0,-136.58470823228222,6.533962380169957,0.0,0.0,none
inventory,dqn,13,445,388.69916637794927,8.73854746630285,1.9577940997245207,0.0,2,high_restock,5.312741511592274e-204,3.735423330796578e-117,1.0,-134.15299050053875,6.965418210394082,0.0,0.0,none
inventory,dqn,13,446,381.7514014301108,9.187239349623896,2.1682428324793146,0.0,2,high_restock,1.3749401465257582e-200,3.3502295248741848e-115,1.0,-131.31370406612018,8.112340470038454,0.0,0.0,none
inventory,dqn,13,447,373.6391544746291,9.224840481880992,2.178410917594541,0.0,2,high_restock,1.9859010846888915e-196,7.8004081184282e-113,1.0,-128.17658749701494,9.043014884693383,0.0,0.0,none
inventory,dqn,13,448,364.6759642771856,9.933343627597974,1.2112692621232148,0.0,2,high_restock,2.017941549968505e-191,3.05046136542652e-110,1.0,-124.08437131129374,11.71488687249969,0.0,0.0,none
inventory,dqn,13,449,352.9839180322678,9.550364099296996,1.8341301800431533,0.0,2,high_restock,1.1156841339874014e-185,8.197078431357317e-107,1.0,-121.98002230580099,6.014462678437296,0.0,0.0,none
inventory,dqn,13,450,346.97149230228854,9.65446518486785,1.951010955970338,0.0,2,high_restock,1.166613478555937e-182,4.456916794594161e-105,1.0,-119.3226491672923,7.593978436992537,0.0,0.0,none
inventory,dqn,13,451,339.37899762083515,9.525519238144875,1.874160735194121,0.0,2,high_restock,1.0531618695053935e-178,7.840722491439591e-103,1.0,-117.6090472278412,4.9632641875256756,0.0,0.0,none
inventory,dqn,13,452,334.4829920795463,10.168767520983451,2.373513097228249,0.0,2,high_restock,1.636043872008389e-176,1.5761974842271417e-101,1.0,-115.75445645776401,5.350223657858598,0.0,0.0,none
inventory,dqn,13,453,329.18416130789717,10.901639406142326,2.4744310960081135,0.0,2,high_restock,6.321129925373946e-174,4.3182706194265924e-100,1.0,-113.48697236907799,6.737900711918775,0.0,0.0,none
inventory,dqn,13,454,322.70563534022284,11.944343461591009,0.9444717689030424,0.0,2,high_restock,5.927210511853808e-170,3.1215337419096184e-98,1.0,-112.71430143565996,2.490151650621394,0.0,0.0,none
inventory,dqn,13,455,320.4980041018856,12.705302359919417,1.8094348395973385,0.0,2,high_restock,2.4314009893773782e-169,9.272653477695353e-98,1.0,-110.02686005508485,7.678454718382942,0.0,0.0,none
inventory,dqn,13,456,312.8196001573853,12.688120507310035,1.8314464565384647,0.0,2,high_restock,2.104688125273055e-165,1.6380534876190756e-95,1.0,-109.80666627962971,1.3341939667014355,0.0,0.0,none
inventory,dqn,13,457,312.1904750846563,13.541496601021999,2.6413998047796916,0.0,2,high_restock,1.3855213251000283e-165,1.644866177339645e-95,1.0,-107.2773565762613,7.240391839112386,0.0,0.0,none
inventory,dqn,13,458,304.96387593217514,13.155942924855589,2.8669813555280004,0.0,2,high_restock,6.13988230155764e-162,2.3379534510794865e-93,1.0,-107.33586993039698,1.4102616290565924,0.0,0.0,none
inventory,dqn,13,459,305.1310569439914,14.485084320753703,3.3077437874428184,0.0,2,high_restock,2.1185219640882657e-162,1.2497370631357452e-93,1.0,-106.41561557049702,2.6308118911209637,0.0,0.0,none
inventory,dqn,13,460,302.50175877284863,14.400750934192605,3.278585364989147,0.0,2,high_restock,5.032818904264895e-161,7.590430110266348e-93,1.0,-105.17166257786239,3.7118403630378203,0.0,0.0,none
inventory,dqn,13,461,298.9476073653211,15.225601441587159,2.5963916289449926,0.0,2,high_restock,5.926090655689643e-159,7.118567313338599e-92,1.0,-105.3322291514981,0.5486626753342999,0.0,0.0,none
inventory,dqn,13,462,299.4063690042803,15.443178783924797,2.8043064913905953,0.0,2,high_restock,2.5562579082363056e-159,4.694758715382009e-92,1.0,-104.31610831643373,3.235673004286515,0.0,0.0,none
inventory,dqn,13,463,296.50316661838207,16.307858137241393,1.6670618769248398,0.0,2,high_restock,2.326489726955041e-157,3.027918132527075e-91,1.0,-103.26926009819405,3.066655460862884,0.0,0.0,none
inventory,dqn,13,464,293.5121717091259,15.676222953026912,1.4234183617103786,0.0,2,high_restock,1.2584905755017421e-155,2.915556507410086e-90,1.0,-100.91810543757366,6.821205203117067,0.0,0.0,none
inventory,dqn,13,465,286.79458696449615,14.858565638329509,2.2803501778259143,0.0,2,high_restock,1.6584336759458318e-152,3.045588768083548e-88,1.0,-100.55691076161119,1.1558104406569958,0.0,0.0,none
inventory,dqn,13,466,285.762602176032,15.362998962142177,2.4086162798855844,0.0,2,high_restock,4.2354757460842655e-152,5.056387249478043e-88,1.0,-99.651362069663,2.7111547939728218,0.0,0.0,none
inventory,dqn,13,467,283.1753201990371,14.753790238951371,1.8745778730386466,0.0,2,high_restock,1.9721923362986464e-150,3.868934949651597e-87,1.0,-97.50387341109638,6.17708914550816,0.0,0.0,none
inventory,dqn,13,468,277.0396383174182,14.10729433980724,2.177697010537726,0.0,2,high_restock,2.3585816154061027e-147,2.8366077415969156e-85,1.0,-94.86184370627544,7.611844770965033,0.0,0.0,none
inventory,dqn,13,469,269.4909820179298,13.195762061760794,2.534176737227835,0.0,2,high_restock,1.5166726420285507e-143,5.825633778043842e-83,1.0,-92.92079569255321,5.552498709251939,0.0,0.0,none
inventory,dqn,13,470,263.94513055015204,13.43010871713119,2.396863013556965,0.0,2,high_restock,1.181138080716734e-140,2.3142934750179038e-81,1.0,-92.25458572924856,1.9269789499449865,0.0,0.0,none
inventory,dqn,13,471,262.04167351213874,13.255814267221364,2.1524849811985995,0.0,2,high_restock,1.5602186521078946e-139,9.21037008596236e-81,1.0,-91.23390392222987,2.917652131980742,0.0,0.0,none
inventory,dqn,13,472,259.1254397777996,13.19002391575251,2.0896646054609103,0.0,2,high_restock,5.383714564164405e-138,6.784856759471048e-80,1.0,-88.90432836796028,6.65716616436844,0.0,0.0,none
inventory,dqn,13,473,252.46950962274366,13.08597426106509,2.1646898038161484,0.0,2,high_restock,1.3381331996741737e-134,6.138177527878008e-78,1.0,-85.20074012726609,10.636669770419948,0.0,0.0,none
inventory,dqn,13,474,241.88782893504595,12.47936938342323,3.0584504826289547,0.0,2,high_restock,1.54594850452202e-129,8.026406793490931e-75,1.0,-83.5554583227511,4.703873971744167,0.0,0.0,none
inventory,dqn,13,475,237.18702377928884,12.64837864582736,3.0756870391653104,0.0,2,high_restock,3.773126538092075e-127,1.795628060142947e-73,1.0,-80.00553408987759,10.275961446674186,0.0,0.0,none
inventory,dqn,13,476,227.04438311393596,11.000541920359444,2.992873312865428,0.0,2,high_restock,1.0569233315523766e-121,2.908787404162403e-70,1.0,-77.80368367745696,6.365463106588886,0.0,0.0,none
inventory,dqn,13,477,220.7533819355913,10.325588431558339,2.2951179665114414,0.0,2,high_restock,4.843611413015089e-118,2.8346311187658895e-68,1.0,-74.84181012496795,8.470336350506,0.0,0.0,none
inventory,dqn,13,478,212.29088607133698,9.96427528971867,2.2480600052748705,0.0,2,high_restock,1.2599297154449654e-113,9.626901798469647e-66,1.0,-73.09186251878894,5.1255053083017215,0.0,0.0,none
inventory,dqn,13,479,207.2910357679684,11.080641366584489,2.0867268352280295,0.0,2,high_restock,4.1660659690033306e-111,1.986610337376589e-64,1.0,-68.99537676334872,11.793259749810932,0.0,0.0,none
inventory,dqn,13,480,195.5867907524249,9.679953394627205,2.4468620151949203,0.0,2,high_restock,4.161662961869083e-105,7.87464184664845e-61,1.0,-66.67411654534207,6.670367978572211,0.0,0.0,none
inventory,dqn,13,481,188.95461870097733,10.382047117408268,2.3237066093416163,0.0,2,high_restock,1.0163660325720817e-101,5.558756824549249e-59,1.0,-64.14248353484277,7.236115949905268,0.0,0.0,none
inventory,dqn,13,482,181.7213815281222,10.193599918506177,2.245337642740319,0.0,2,high_restock,6.114651314845996e-98,7.821368803139418e-57,1.0,-59.66671926344363,12.841012828427901,0.0,0.0,none
inventory,dqn,13,483,168.93348360983896,9.328519507700388,3.0282253577141667,0.0,2,high_restock,1.1697914601184373e-91,5.02335145282008e-53,1.0,-56.77838855111493,8.296977148767846,0.0,0.0,none
inventory,dqn,13,484,160.68111014604267,8.67801487561485,2.466971631809456,0.0,2,high_restock,4.705151504649035e-87,1.7525614091042455e-50,1.0,-53.21207862726469,10.196525999046772,0.0,0.0,none
inventory,dqn,13,485,150.49165322075626,8.98097249366627,2.2382213342483843,0.0,2,high_restock,1.0055627325311601e-81,1.5279897521311655e-47,1.0,-50.87149535782285,6.687400114516032,0.0,0.0,none
inventory,dqn,13,486,143.80427245092244,8.969930749989018,2.2265247201060556,0.0,2,high_restock,2.8236732851846373e-78,1.3760403237147959e-45,1.0,-49.401878326927914,4.301204477206481,0.0,0.0,none
inventory,dqn,13,487,139.60536664836548,9.576797024048648,2.934524254995387,0.0,2,high_restock,1.442269686782119e-76,1.7866558892103302e-44,1.0,-47.250080643997975,6.356179591815718,0.0,0.0,none
inventory,dqn,13,488,133.45737326856565,10.904777931745334,2.0181929207362095,0.0,2,high_restock,4.544063482067061e-73,7.803840856469803e-43,1.0,-44.77515876792096,7.075623156390234,0.0,0.0,none
inventory,dqn,13,489,126.38616790834561,11.141011552460592,1.9363914459028386,0.0,2,high_restock,1.9635580032420946e-69,8.200794175538194e-41,1.0,-42.77622093190315,5.856999632924587,0.0,0.0,none
inventory,dqn,13,490,120.67491694829471,12.036652745507691,0.9962403810661614,0.0,2,high_restock,2.865226451215439e-66,2.3597551993782698e-39,1.0,-39.95680254162779,8.065822373287352,0.0,0.0,none
inventory,dqn,13,491,112.61943583322227,11.763032676459963,1.2993024538308267,0.0,2,high_restock,3.0096641666838747e-62,5.716970133564475e-37,1.0,-37.925101061191704,5.828149387494164,0.0,0.0,none
inventory,dqn,13,492,106.81457446054773,11.44184156243645,0.8897343944658157,0.0,2,high_restock,4.645791001649169e-59,2.987069934921735e-35,1.0,-35.080011241755535,8.13997911864044,0.0,0.0,none
inventory,dqn,13,493,98.68574640501582,11.045674627290035,1.0461513212876348,0.0,2,high_restock,6.4479886788295485e-55,7.89051063482766e-33,1.0,-34.08746869244251,3.091897082999054,0.0,0.0,none
inventory,dqn,13,494,95.84991054983576,11.892748528298025,1.9407620637697012,0.0,2,high_restock,5.342780149421953e-54,3.9655269526140287e-32,1.0,-31.408618931664968,7.66407646384837,0.0,0.0,none
inventory,dqn,13,495,88.19605409047135,11.504227428435325,2.015599875882113,0.0,2,high_restock,4.590268355403315e-50,7.566187171686961e-30,1.0,-30.150876248671096,3.7039742056988962,0.0,0.0,none
inventory,dqn,13,496,84.60250356763171,12.39661354688189,2.112896185604675,0.0,2,high_restock,2.001535800208617e-48,5.796399702917512e-29,1.0,-28.028655164588628,6.063714012315861,0.0,0.0,none
inventory,dqn,13,497,78.53901475596751,12.344888059083955,2.120347889493781,0.0,2,high_restock,2.4630338981556738e-45,3.276265639102047e-27,1.0,-27.064779346869408,2.9612446872787657,0.0,0.0,none
inventory,dqn,13,498,75.78508384819831,13.419867488636495,1.9493102351333833,0.0,2,high_restock,4.782360615842066e-44,1.2734428480769408e-26,1.0,-24.73999743569529,6.686304772187149,0.0,0.0,none
inventory,dqn,13,499,69.14284981627226,12.658587853287301,1.8606993526266122,0.0,2,high_restock,1.6929437969859076e-40,1.4122329647613692e-24,1.0,-22.363025262556043,6.796261683768121,0.0,0.0,none
inventory,dqn,13,500,62.35150075016013,12.831089331937756,1.6683611704163324,0.0,2,high_restock,5.2575661795952234e-37,1.1179452556353602e-22,1.0,-21.65925418486047,2.0700739711051512,0.0,0.0,none
inventory,dqn,13,501,60.34072624245849,13.147644534965355,2.0449045656052967,0.0,2,high_restock,3.041536040203993e-36,3.526680828126796e-22,1.0,-21.191738113538584,1.6626407266708516,0.0,0.0,none
inventory,dqn,13,502,59.00496603868167,14.093190256542831,2.3382680813962526,0.0,2,high_restock,6.637246122339486e-36,5.379844117893178e-22,1.0,-21.139977756226276,0.7021741781503451,0.0,0.0,none
inventory,dqn,13,503,58.85707930350365,14.614399091061069,2.7849440722885768,0.0,2,high_restock,3.8095310470873455e-36,4.513103078382391e-22,1.0,-20.41400874057663,2.3246827693001184,0.0,0.0,none
inventory,dqn,13,504,56.78288211593323,15.528006459932191,2.268051839322929,0.0,2,high_restock,4.7388525448358164e-35,1.2158123341392478e-21,1.0,-20.471729947264258,1.936245675894383,0.0,0.0,none
inventory,dqn,13,505,56.94779984932646,16.919259819833265,0.9315401307336959,0.0,2,high_restock,7.889840435703813e-35,5.619647943989919e-22,1.0,-18.012011955441857,7.292526869644566,0.0,0.0,none
inventory,dqn,13,506,49.920034158405315,15.915861583189363,2.6002670456899875,0.0,2,high_restock,2.2050537752883247e-31,1.1658426840252233e-19,1.0,-16.76663041607499,3.5859684518375703,0.0,0.0,none
inventory,dqn,13,507,46.36180118878569,15.4713670300208,2.6241932591332335,0.0,2,high_restock,4.267220036379906e-29,2.0868488669235386e-18,1.0,-15.381552091491518,4.038540853487954,0.0,0.0,none
inventory,dqn,13,508,42.404434547118626,14.709471048722992,2.362323057708554,0.0,2,high_restock,1.4525210104732345e-26,4.93922733970631e-17,1.0,-12.536062961751938,8.2383015915822,0.0,0.0,none
inventory,dqn,13,509,34.27446560500554,13.49831669781446,2.9157878284191425,0.0,2,high_restock,3.362644980437661e-20,2.3966367826620485e-13,0.9999999999997604,-9.416830339987449,9.125037873293941,0.0,0.0,none
inventory,dqn,13,510,25.362372399964144,11.68291451012754,2.17739376652171,0.0,2,high_restock,7.145022139552112e-14,1.306824628858971e-09,0.9999999986931039,-6.40519691756374,8.612460445439824,0.0,0.0,none
inventory,dqn,13,511,16.757705478753543,11.367534264069645,2.363719823974947,0.0,2,high_restock,2.000247345726665e-08,1.577404483870668e-05,0.9999842059526879,-4.0167491542385605,6.877616030125571,0.0,0.0,none
inventory,dqn,13,512,9.933569012110173,10.714353564664895,1.8104398619363156,0.0,2,high_restock,2.0086792690562032e-05,0.0018809159001915963,0.9980989973071179,-2.207957542931971,5.191637629885009,0.0,0.0,none
inventory,dqn,13,513,4.765592979805632,10.472231686537402,1.3785810821299314,0.0,2,high_restock,0.009041654151683932,0.10700557730030255,0.8839527685480135,-0.654067507586312,4.781621095952406,0.0,0.0,none
inventory,dqn,13,514,0.0,10.859938110033113,1.42646303119428,0.02036919778327001,1,balanced_restock,0.19144167856582736,0.5623650903107189,0.24619323112345373,-0.6073769016154033,0.34898103725276086,0.0,0.0,none
inventory,dqn,13,515,0.0,11.109083265968662,1.1832598943743264,0.0441744467170363,1,balanced_restock,0.2403729583883371,0.5576508226856339,0.20197621892602896,-1.0810541101577709,1.328208768813019,0.0,0.0,none
inventory,dqn,13,516,0.0,10.445823628854864,2.3308968267678654,0.1287596625281734,0,low_restock,0.5641151184968006,0.3731903012802187,0.06269458022298066,-0.5006974172121479,0.07988347768906595,0.0,0.0,none
inventory,dqn,13,517,0.0,10.411542654547596,2.321147948626997,0.057267395930740705,1,balanced_restock,0.3272604535445203,0.514644818530624,0.15809472792485563,-0.9065980316274528,0.8009493868929273,0.0,0.0,none
inventory,dqn,13,518,0.0,9.68038632497024,1.9966435954060242,0.09760679136204514,0,low_restock,0.49117051931726763,0.4236206341350911,0.08520884654764133,-0.6976255778490028,1.0896358766816767,0.0,0.0,none
inventory,dqn,13,519,0.0,8.591104824343272,2.0239454170288984,0.09243313890160766,0,low_restock,0.5384906714615864,0.39349357068037716,0.06801575785803649,-0.380595892846697,0.11053154389568431,0.0,0.0,none
inventory,dqn,13,520,0.0,8.516952521921766,1.964669035103552,0.03582069515119589,1,balanced_restock,0.33495092358090733,0.5080846907993215,0.1569643856197712,-0.9545029529451977,0.3045809546653962,0.0,0.0,none
inventory,dqn,13,521,0.0,8.716377893031432,1.7454629977133564,0.10616124159735674,0,low_restock,0.5650337252310255,0.37500342666115755,0.05996284810781693,-0.6340454615848603,0.7730342128405162,0.0,0.0,none
inventory,dqn,13,522,0.0,8.06662988906822,1.3273956177978257,0.0810795467115822,0,low_restock,0.4924412106857476,0.4254949610664633,0.08206382824778903,-0.3824628118863217,0.0456621377625985,0.0,0.0,none
inventory,dqn,13,523,0.0,8.060338049352827,1.3221854892623948,0.036154073551128874,1,balanced_restock,0.33083003006499884,0.5138774616576464,0.1552925082773548,-0.5734726879362968,1.159563205240077,0.0,0.0,none
inventory,dqn,13,524,0.0,9.160382224781765,1.6889085096765504,0.03812012284576729,1,balanced_restock,0.30181105101115624,0.5265119039897189,0.17167704499912484,-0.9667363853168116,0.5913002899042289,0.0,0.0,none
inventory,dqn,13,525,0.0,8.584648768824714,1.8039536189837935,0.10834578309228779,0,low_restock,0.5832589265629293,0.362076346891215,0.054664726545855566,-0.45111592419876145,0.6334924151223863,0.0,0.0,none
inventory,dqn,13,526,0.0,9.208467571866091,1.7113746290766059,0.048413557892635975,1,balanced_restock,0.33313467067499336,0.5133657407578665,0.1534995885671402,-0.8710844218939632,0.2912767026425955,0.0,0.0,none
inventory,dqn,13,527,0.0,9.457402599227242,1.5663325072372662,0.0912650753382077,0,low_restock,0.46569586343623565,0.4421128413357668,0.0921912952279976,-0.38538368944028134,1.0965450374644243,0.0,0.0,none
inventory,dqn,13,528,0.5868105412579467,10.223519137967395,2.07897326151723,0.0,1,balanced_restock,0.09856902549479822,0.5082599199022613,0.3931710546029405,-1.4867551633742413,2.76409289427581,0.0,0.0,none
inventory,dqn,13,529,3.2193004667835474,10.77754181319745,2.7140049107467576,0.0,2,high_restock,0.012977936014048577,0.17984303750410463,0.8071790264818468,-0.8652474353921624,3.3713164398356064,0.0,0.0,none
inventory,dqn,13,530,0.0,11.503722374811623,2.0275884487367364,0.058079899177171844,1,balanced_restock,0.2849968022988949,0.5365730548638783,0.1784301428372267,-0.45809767064785145,0.959601284387975,0.0,0.0,none
inventory,dqn,13,531,0.0,12.432545633877275,2.26523664548882,0.017517441187116338,1,balanced_restock,0.15477508971300538,0.5560349844004077,0.28918992588658693,-0.3656963343807439,1.1571189550590186,0.0,0.0,none
inventory,dqn,13,532,0.01627524108783973,13.280966102952476,1.4787665318844443,0.0,1,balanced_restock,0.09382669641274156,0.544317528662584,0.3618557749246744,-0.3844154104859547,0.2943388694687524,0.0,0.0,none
inventory,dqn,13,533,0.0,13.021599365533524,1.6168982568656034,0.0043598947296347645,1,balanced_restock,0.11112692961848766,0.5516777917516371,0.33719527862987525,-0.42661462197466754,0.5145055719790588,0.0,0.0,none
inventory,dqn,13,534,0.19032749135619298,12.594205404914529,1.4028729700980989,0.0,1,balanced_restock,0.09204293106227608,0.5339143628294739,0.3740427061082499,-1.4359957538092778,3.0049497252302726,0.0,0.0,none
inventory,dqn,13,535,3.074273582312223,13.42797330494285,1.2709302381903191,0.0,2,high_restock,0.007602872692980099,0.1710663601742645,0.8213307671327553,-1.354425057564319,1.1359470252908894,0.0,0.0,none
inventory,dqn,13,536,2.326928735898054,13.91062992379924,1.977254464788501,0.0,2,high_restock,0.006334431725512799,0.19961260711347711,0.7940529611610102,-0.5681614827788659,2.3034374316034096,0.0,0.0,none
inventory,dqn,13,537,0.08046137936818809,14.41283722765607,2.060898001958336,0.0,2,high_restock,0.037580117810327704,0.47569032275039,0.4867295594392824,-1.093371983591359,0.2647110504105552,0.0,0.0,none
inventory,dqn,13,538,0.0,14.27760856723649,2.249435611108947,0.0988164256413141,1,balanced_restock,0.34577480610655287,0.5126093543726947,0.14161583952075238,-0.4953117203281926,0.9500920507885028,0.0,0.0,none
inventory,dqn,13,539,0.0,15.223655200908283,2.295234182523436,0.02416280720146296,1,balanced_restock,0.08742275156416345,0.5412036132868064,0.37137363514903005,-0.9962370874523816,1.8222833811710115,0.0,0.0,none
inventory,dqn,13,540,1.8178202498639475,15.348709333510346,2.2903471441646674,0.0,2,high_restock,0.003242324025253457,0.18664916524895875,0.8101085107257877,-0.709582363620914,1.9353746415982203,0.0,0.0,none
inventory,dqn,13,541,0.0,14.710658343768102,2.1081976361332746,0.030282564932306067,1,balanced_restock,0.13240602079539707,0.5590835859173484,0.3085103932872545,-0.501525512770866,0.687941224266796,0.0,0.0,none
inventory,dqn,13,542,0.0,14.030093942199198,2.20854763234862,0.025272412994797502,1,balanced_restock,0.13845556150471786,0.5573536863212142,0.304190752174068,-0.37184229152795734,0.7484615474264616,0.0,0.0,none
inventory,dqn,13,543,0.0,14.553824230158506,1.6743519813522432,0.0021146949157066735,1,balanced_restock,0.06570524656257871,0.5224591772741422,0.4118355761632791,-1.4442327113936724,3.1673001866505572,0.0,0.0,none
inventory,dqn,13,544,3.097807746839065,14.157840850188293,1.146554362152125,0.0,2,high_restock,0.005283756023830969,0.15289820999514175,0.8418180339810272,-0.8165389987200554,3.2080955976755474,0.0,0.0,none
inventory,dqn,13,545,0.0,13.345088453227072,1.3267195372242027,0.04938196405715275,1,balanced_restock,0.1961276578733387,0.5695810948871382,0.2342912472395231,-0.8032900453227109,0.9667332584690157,0.0,0.0,none
inventory,dqn,13,546,0.0,12.515730795745508,1.8225545913592833,0.0791589366647698,1,balanced_restock,0.320436755769763,0.525430783333295,0.15413246089694219,-0.5354528954065055,0.6780048826232381,0.0,0.0,none
inventory,dqn,13,547,0.0,13.115181543410902,2.1357029562333136,0.03133087417973314,1,balanced_restock,0.1690581294756264,0.560721785197169,0.27022008532720465,-0.5870219145651774,0.46082059619976107,0.0,0.0,none
inventory,dqn,13,548,0.0,12.66205094240695,2.2190304977554782,0.040539627600924534,1,balanced_restock,0.20436273171563474,0.5573983461820519,0.23823892210231337,-0.9158790783933751,1.489781251726101,0.0,0.0,none
inventory,dqn,13,549,0.0,11.190740754648747,2.445406166173913,0.09926412114167413,0,low_restock,0.45683790386285766,0.44505164257715013,0.09811045355999219,-0.539293256860704,1.1754893863938665,0.0,0.0,none
inventory,dqn,13,550,1.0265521624591543,11.69665792929197,2.6947260449041353,0.0,2,high_restock,0.04298606515767239,0.4144763769203527,0.5425375579219748,-1.3154145626919753,1.2678621138216848,0.0,0.0,none
inventory,dqn,13,551,0.0,11.169688706576839,3.201475842292647,0.13846688619499556,0,low_restock,0.6015049388653239,0.3436488300810755,0.054846231053600675,-0.7214457118000819,1.477448950755742,0.0,0.0,none
inventory,dqn,13,552,0.0,9.885017959016057,2.4729630480643503,0.09668673425001462,0,low_restock,0.5028608555201666,0.4144064751241675,0.08273266935566607,-0.35229107293205164,0.17720395583900894,0.0,0.0,none
inventory,dqn,13,553,0.0,9.736827104082815,2.4015823507265326,0.030766263023580643,1,balanced_restock,0.279563435988186,0.526897929511895,0.19353863449991904,-0.6365744912370017,0.5886242352792959,0.0,0.0,none
inventory,dqn,13,554,0.0,10.298261467890933,2.2257325137700423,0.04938830200660745,1,balanced_restock,0.3046281466947837,0.5244642217506871,0.17090763155452923,-0.607192337939931,0.588486144332546,0.0,0.0,none
inventory,dqn,13,555,0.0,9.97670872265834,1.7328915200842683,0.04414148891784482,1,balanced_restock,0.29053935621056975,0.5333552020088,0.17610544178063023,-1.050828662512834,0.3245682940800656,0.0,0.0,none
inventory,dqn,13,556,0.0,9.811464750447852,2.000777832565932,0.12336226116300608,0,low_restock,0.5672038769930767,0.3718395116121853,0.060956611394737875,-0.5863789091114457,0.1419206532998633,0.0,0.0,none
inventory,dqn,13,557,0.0,9.937667006721592,1.9603504770374982,0.07256766234132961,1,balanced_restock,0.38951552369174586,0.48565018915466207,0.12483428715359211,-0.7606518541154931,0.3420567185018937,0.0,0.0,none
inventory,dqn,13,558,0.0,10.229098047041395,2.1394306309319298,0.07154497394919519,1,balanced_restock,0.3779661198230494,0.49126371195803326,0.13077016821891746,-1.0090657476423572,0.3654958374936268,0.0,0.0,none
inventory,dqn,13,559,0.0,9.86877185898661,2.181673609040569,0.11590459779327808,0,low_restock,0.5554640997671272,0.3797064879309582,0.06482941230191466,-0.42351332412804465,0.3674583246968295,0.0,0.0,none
inventory,dqn,13,560,0.0,9.609197534529716,1.9318694395040164,0.04348452216572226,1,balanced_restock,0.30643609199675687,0.5240346662793118,0.16952924172393125,-0.8150482614971349,0.9420029153803485,0.0,0.0,none
inventory,dqn,13,561,0.0,10.189451002539247,1.1907564095804515,0.08125861812448838,1,balanced_restock,0.39070609901304937,0.49095337651413756,0.11834052447281303,-0.839730029847783,0.4340142948586199,0.0,0.0,none
inventory,dqn,13,562,0.0,10.616622198159158,1.2673968172168286,0.08566607675853269,1,balanced_restock,0.3923018124833773,0.49018697770898406,0.11751120980763859,-0.6783669507462562,0.683567477387745,0.0,0.0,none
inventory,dqn,13,563,0.0,11.005712258423092,1.82868384396701,0.05685124120468862,1,balanced_restock,0.2929124581379895,0.5344294747016824,0.17265806716032817,-0.8775278354519617,0.18268809346670187,0.0,0.0,none
inventory,dqn,13,564,0.0,11.12884478047599,1.698497470440892,0.09241568490213602,1,balanced_restock,0.41190103814501666,0.4766793608683469,0.1114196009866364,-0.7846689994736611,0.4563094884686762,0.0,0.0,none
inventory,dqn,13,565,0.0,11.54711081163596,1.880148002716513,0.0758337499060109,1,balanced_restock,0.34129766778420545,0.5138085815813115,0.14489375063448307,-0.903396405330537,0.3251714733183011,0.0,0.0,none
inventory,dqn,13,566,0.0,11.779129640416496,1.6533127010621238,0.09703507238045303,1,balanced_restock,0.40567355772490676,0.48136901014496464,0.11295743213012852,-0.634809100541479,0.9043731326433336,0.0,0.0,none
inventory,dqn,13,567,0.0,12.51230232326576,2.180615484035783,0.049073053668121244,1,balanced_restock,0.23157012779576083,0.5528378793728856,0.21559199283135355,-0.40595707934315667,0.22186794477366098,0.0,0.0,none
inventory,dqn,13,568,0.0,12.681024678507749,2.3187751252705096,0.008206621311277982,1,balanced_restock,0.13172695994748965,0.5504874065377022,0.3177856335148082,-1.5878763585759734,3.7609466607173863,0.0,0.0,none
inventory,dqn,13,569,3.5082181673599244,13.99546322210189,1.988155946383689,0.0,2,high_restock,0.0017423647126584675,0.0985435569499663,0.8997140783373753,-1.2948510388489178,1.5324435231737983,0.0,0.0,none
inventory,dqn,13,570,2.156717253854051,14.693015949454963,2.1759021183084504,0.0,2,high_restock,0.003879297877964294,0.18214271543110125,0.8139779866909344,-0.6224693176927543,2.743739682248632,0.0,0.0,none
inventory,dqn,13,571,0.0,15.552317719094455,0.713690873330608,0.014726663873706108,1,balanced_restock,0.09138587024022023,0.5490394243713934,0.3595747053883863,-2.0951591868991275,5.007999157302285,0.0,0.0,none
inventory,dqn,13,572,4.95759767685465,16.078542286724627,1.1881923630852327,0.0,2,high_restock,0.00019621236211286947,0.03193847364552906,0.9678653139923581,-0.6315986329919266,5.069160445921431,0.0,0.0,none
inventory,dqn,13,573,0.0,15.485896115878074,2.0640438738928455,0.01635689874855833,1,balanced_restock,0.06478964406142149,0.5229703043302721,0.4122400516083063,-1.1632019976582306,2.298618023111571,0.0,0.0,none
inventory,dqn,13,574,2.2948628504520876,15.357328936618433,2.042777796003045,0.0,2,high_restock,0.002517552202937275,0.15476634639703407,0.8427161014000287,-0.8716129313765848,2.5342999332321083,0.0,0.0,none
inventory,dqn,13,575,0.0,14.339624220787726,2.384905192539656,0.059216594888675846,1,balanced_restock,0.2171692374256728,0.5570587214792895,0.22577204109503768,-0.3984069941915632,0.1874267541513528,0.0,0.0,none
inventory,dqn,13,576,0.0,14.510155808752979,2.442406359911913,0.006858391819922005,1,balanced_restock,0.06703702298428309,0.5179096015725119,0.4150533754432049,-1.7485485781902739,3.998575327436253,0.0,0.0,none
inventory,dqn,13,577,3.967281651972211,14.20193679502351,2.0496787887587544,0.0,2,high_restock,0.0008759389711702253,0.06972315094349495,0.9294009100853348,-0.6144859276151203,3.981069330767059,0.0,0.0,none
inventory,dqn,13,578,0.0,14.442781763442017,1.8229496699210606,0.013301058502700056,1,balanced_restock,0.0944129926097612,0.5455501612140333,0.3600368461762054,-1.821814274277894,4.199452848195872,0.0,0.0,none
inventory,dqn,13,579,4.176612212222555,14.776349872354093,2.1055625703579723,0.0,2,high_restock,0.00045519784669836443,0.05333066101093962,0.9462141411423619,-0.5523484436988719,4.233240771798535,0.0,0.0,none
inventory,dqn,13,580,0.0,15.198161219194281,1.5593866041773647,0.0022050792319414014,1,balanced_restock,0.05182183200037961,0.5069097199036532,0.4412684480959672,-0.4072542837034788,0.9755335834378467,0.0,0.0,none
inventory,dqn,13,581,0.0,14.37788177622021,2.0873719782599003,0.008438264947049794,1,balanced_restock,0.07965480167835301,0.5325765980417895,0.3877686002798575,-0.4768240307215369,1.063865924178086,0.0,0.0,none
inventory,dqn,13,582,0.0,13.314483592801713,2.116366339759808,0.020861434057417305,1,balanced_restock,0.14140665465094399,0.55759339769892,0.3009999476501361,-0.4660966094504798,0.33144234943898127,0.0,0.0,none
inventory,dqn,13,583,0.3031331698585138,13.446841453009503,2.1196082132064884,0.0,2,high_restock,0.0433084118495036,0.47314730197218374,0.4835442861783127,-1.0168387460749908,1.5040560309729245,0.0,0.0,none
inventory,dqn,13,584,0.0,12.372580692368013,1.1151142314344578,0.08514977608481979,1,balanced_restock,0.3300514613266592,0.5263996523101194,0.1435488863632214,-1.113428689687686,1.1669828960971418,0.0,0.0,none
inventory,dqn,13,585,0.0,11.347299385027965,1.670278931014812,0.13454083744422965,0,low_restock,0.5317529052377282,0.39975923377472283,0.06848786098754903,-0.6042113054453959,0.30199126013664834,0.0,0.0,none
inventory,dqn,13,586,0.0,11.057607445645209,1.7320945945756523,0.07575201882953499,1,balanced_restock,0.353263924214906,0.5083663795615203,0.13836969622357362,-0.546175596052263,0.9814571992306433,0.0,0.0,none
inventory,dqn,13,587,0.0,11.826621086673185,2.34042794215436,0.0332456421521898,1,balanced_restock,0.20835317954651086,0.5537454010945021,0.23790141935898693,-0.6669514074548031,0.6799741332719803,0.0,0.0,none
inventory,dqn,13,588,0.0,11.171994847391291,2.1577693300817695,0.05481275133121485,1,balanced_restock,0.28717552078754627,0.5340234056744767,0.17880107353797714,-0.6873456063648915,0.004061117613230274,0.0,0.0,none
inventory,dqn,13,589,0.0,11.173732849275249,2.158226674393904,0.058454572565159194,1,balanced_restock,0.29935872915105133,0.5293702478654827,0.171271022983466,-0.9027387400731359,0.23312928698380175,0.0,0.0,none
inventory,dqn,13,590,0.0,11.326724874036376,1.9865779113456834,0.09691763215591713,1,balanced_restock,0.43015535380457365,0.46426151624972434,0.10558312994570203,-1.371591335582652,1.2129584428953544,0.0,0.0,none
inventory,dqn,13,591,0.0,10.53154992465686,2.898693764651142,0.1806413099254736,0,low_restock,0.6971356436626097,0.27318976074993245,0.029674595587457726,-0.8548475368900434,1.3905293053313008,0.0,0.0,none
inventory,dqn,13,592,0.0,9.578320147905549,1.88809553314917,0.1205084887303649,0,low_restock,0.5671799062263531,0.3721842441780943,0.06063584959555252,-0.79010519085097,0.7648822460234933,0.0,0.0,none
inventory,dqn,13,593,0.0,8.842115541509582,2.0952524012514444,0.10894735550910177,0,low_restock,0.5847314770632818,0.3605601964950886,0.05470832644162963,-0.7900056876079251,1.2048930461562348,0.0,0.0,none
inventory,dqn,13,594,0.0,7.693349796892417,1.731790551322039,0.10892958707284378,0,low_restock,0.6340095583011623,0.3248795217736498,0.04111091992518783,-0.47490736840093034,0.1904908030247129,0.0,0.0,none
inventory,dqn,13,595,0.0,7.819578429180514,1.8628899047025482,0.05266203007159471,1,balanced_restock,0.43722838959693683,0.45820442642577985,0.10456718397728336,-0.7774128048743064,0.8664707215122507,0.0,0.0,none
inventory,dqn,13,596,0.0,8.685446326770863,1.886675132513901,0.07453800087041186,0,low_restock,0.4563716004570312,0.44689288122612836,0.09673551831684048,-0.6540562289073512,1.0074628550623892,0.0,0.0,none
inventory,dqn,13,597,0.0,7.70197826995673,2.1050089924906894,0.08465289801916985,0,low_restock,0.5831019939384458,0.36122026016222064,0.05567774589933363,-0.554475301186927,1.8158041463824233,0.0,0.0,none
inventory,dqn,13,598,1.069929431962649,8.939248863519953,2.888840016245395,0.0,1,balanced_restock,0.10272387558496374,0.4570709386712616,0.44020518574377476,-0.7636934350024724,1.0728837634004738,0.0,0.0,none
inventory,dqn,13,599,0.0,8.915780631513632,2.9129880261497285,0.07208811339329865,0,low_restock,0.5204338056951122,0.399775481180679,0.07979071312420874,-0.47162883214817397,0.5079804252939031,0.0,0.0,none
