env,policy,seed,t,q,mu,sigma,rho,a,action_label,p0,p1,p2,r,state_delta,intervention_active,intervention_start,intervention_name
inventory,dqn,19,0,0.0,12.31002376440775,0.5496121559987076,0.55,0,low_restock,0.9496425348494524,0.047048185719628155,0.0033092794309194005,-2.462037160257345,1.2370201787978268,0.0,0.0,none
inventory,dqn,19,1,0.0,12.963230202324173,1.590398355640681,0.40750663576024015,0,low_restock,0.8685201135420918,0.11865506564622319,0.012824820811685098,-2.0770285231152,0.5140888848934502,0.0,0.0,none
inventory,dqn,19,2,0.0,12.497822710309844,1.7976577905836002,0.3387550934134286,0,low_restock,0.8101104545741363,0.16873647941890177,0.021153066006962037,-1.7436155282459187,0.4537328472991528,0.0,0.0,none
inventory,dqn,19,3,0.0,12.114982271720582,2.0337974054544627,0.27921705861534263,0,low_restock,0.7460712449079153,0.22114817213804808,0.03278058295403651,-1.301463111258953,0.13118321552458154,0.0,0.0,none
inventory,dqn,19,4,0.0,12.01116995219339,2.0478694263820323,0.20026126986767018,0,low_restock,0.6161516913790038,0.3074517039415494,0.07639660467944687,-0.8263745546173655,0.11233370574047967,0.0,0.0,none
inventory,dqn,19,5,0.0,12.084063613456587,2.037476259434964,0.11542402761024384,0,low_restock,0.4336481501739969,0.3912009655953712,0.17515088423063202,-0.2792172202857657,1.285683769388961,0.0,0.0,none
inventory,dqn,19,6,0.0,11.457049849928948,0.919312629874797,0.0177173607653153,1,balanced_restock,0.18525953749605384,0.4586092233410803,0.35613123916286593,-0.405801243551254,0.37314054869072916,0.0,0.0,none
inventory,dqn,19,7,0.0,11.828068198909865,0.9578907263940954,0.008178793491295367,1,balanced_restock,0.12966013467362897,0.46928832151772865,0.4010515438086424,-0.4362423282963395,0.5096905830177988,0.0,0.0,none
inventory,dqn,19,8,0.0,12.11843299987395,0.5390312945050268,0.013614701481489203,1,balanced_restock,0.1179603423887063,0.4701762294792047,0.4118634281320889,-0.5583738890153802,0.7060822106211693,0.0,0.0,none
inventory,dqn,19,9,0.5667825400439437,12.517014286156172,0.6741506439195029,0.0,2,high_restock,0.03383361963926015,0.42816248549725305,0.5380038948634868,-0.8561769548906017,0.6479916995589636,0.0,0.0,none
inventory,dqn,19,10,0.0,12.82549399931691,0.6915664617929927,0.056460170516178874,1,balanced_restock,0.17858928907971156,0.466552272792733,0.3548584381275555,-0.39296543486933355,0.8066506637367905,0.0,0.0,none
inventory,dqn,19,11,0.0,13.36562946354108,1.2885432587764838,0.005886684798095284,2,high_restock,0.054062743518954993,0.4641217058661562,0.48181555061488895,-1.0121453200971575,0.08650408481522535,0.0,0.0,none
inventory,dqn,19,12,0.0,13.334139808635243,1.3070062193537118,0.08431166430306385,1,balanced_restock,0.23360894284700734,0.4550242906020739,0.31136676655091894,-0.8886097969939379,0.11055033334509004,0.0,0.0,none
inventory,dqn,19,13,0.0,13.269081328256004,1.3958155916517363,0.09439460660606035,1,balanced_restock,0.28290733109342997,0.43687694173532554,0.2802157271712446,-0.8803380140204031,0.29014062279383357,0.0,0.0,none
inventory,dqn,19,14,0.0,12.985798456940202,1.4585070103447222,0.09291750250364342,1,balanced_restock,0.31356192972690605,0.42320104398302566,0.2632370262900683,-0.6796341426318249,0.2420033413128598,0.0,0.0,none
inventory,dqn,19,15,0.0,13.191357030646941,1.5810908022116137,0.05707752546996873,1,balanced_restock,0.1623156917722021,0.4740427981907816,0.36364151003701645,-0.6073212670703957,0.7376438181937242,0.0,0.0,none
inventory,dqn,19,16,0.0,12.664110419497344,1.0653751173297121,0.04416451197685637,1,balanced_restock,0.16168505504750635,0.47007308958403404,0.3682418553684596,-0.41182332333190735,0.6964364910768512,0.0,0.0,none
inventory,dqn,19,17,0.14806663809116394,13.209976627861128,1.4693301089268085,0.0,2,high_restock,0.043697122639326215,0.45301979445327095,0.5032830829074028,-0.7413804550421945,0.8407955226815356,0.0,0.0,none
inventory,dqn,19,18,0.0,14.018073354879357,1.2941162892320748,0.03596079554324901,1,balanced_restock,0.06765719413096796,0.47500317594566077,0.45733962992337135,-0.5822715941287795,0.13310305215465687,0.0,0.0,none
inventory,dqn,19,19,0.0,13.945166049729057,1.40541332543062,0.039691356094424916,1,balanced_restock,0.0767613408932035,0.47802611889124835,0.4452125402155481,-0.8446993417866384,1.5641749727901562,0.0,0.0,none
inventory,dqn,19,20,0.0,12.787337002112965,2.456069875302962,0.08655345389047113,1,balanced_restock,0.3336069345711103,0.41567180288050015,0.2507212625483896,-0.7445189266538588,0.07229327991481276,0.0,0.0,none
inventory,dqn,19,21,0.0,12.857005851041341,2.4633183657780635,0.06866409404533194,1,balanced_restock,0.24906023045754522,0.45011670356238487,0.30082306598006986,-0.665082491372016,0.5335931338574728,0.0,0.0,none
inventory,dqn,19,22,0.0,12.407680443951726,2.175869075270302,0.054479016316431435,1,balanced_restock,0.23917982778445743,0.45078798068512965,0.3100321915304128,-0.851908451148542,1.1951522590598123,0.0,0.0,none
inventory,dqn,19,23,0.0,11.27368000973413,1.7999449748679854,0.08784079484795393,0,low_restock,0.4081181493250575,0.40230925416609836,0.1895725965088441,-0.24369419049830895,0.10950680892634648,0.0,0.0,none
inventory,dqn,19,24,0.0,11.196443509076175,1.7865626084246555,0.011373962588983742,1,balanced_restock,0.2036746385562365,0.45482572086708567,0.34149964057667775,-0.73393428863437,0.2176918913970171,0.0,0.0,none
inventory,dqn,19,25,0.0,11.076912632880672,1.959862831373888,0.06677398011328037,1,balanced_restock,0.37792505868725856,0.4087217233908053,0.2133532179219361,-0.6735430907256186,0.14361151407182426,0.0,0.0,none
inventory,dqn,19,26,0.0,10.9774395898206,1.856843013138454,0.055989837629574754,1,balanced_restock,0.356735633156456,0.4140132081879001,0.2292511586556438,-0.6828701767276646,0.29769541920388626,0.0,0.0,none
inventory,dqn,19,27,0.0,10.75553078661088,1.6584084606718168,0.057655388701368666,1,balanced_restock,0.36539933068193275,0.4147883794461592,0.21981228987190807,-0.7306210701042317,0.35805136087180967,0.0,0.0,none
inventory,dqn,19,28,0.0,11.103218452610776,1.5733123083588323,0.06618233394718424,1,balanced_restock,0.36305206577288274,0.4153181495943942,0.22162978463272306,-0.6798646387575724,0.2830437973870439,0.0,0.0,none
inventory,dqn,19,29,0.0,11.359573879351842,1.6929515021724488,0.05711868549242364,1,balanced_restock,0.33468239577163433,0.4180407268285527,0.2472768773998129,-1.0890930433461183,0.5432872642268687,0.0,0.0,none
inventory,dqn,19,30,0.0,11.112103113220629,2.171050965056,0.13019518631180688,0,low_restock,0.5207989324023574,0.3578412251195361,0.12135984247810658,-0.6302736324231208,0.663914232056719,0.0,0.0,none
inventory,dqn,19,31,0.0,10.458173645756244,2.067709798949943,0.080406005789843,0,low_restock,0.44342485164536993,0.39066180909518894,0.16591333925944113,-0.21785097415600232,0.18239529492460976,0.0,0.0,none
inventory,dqn,19,32,0.0,10.312548006429155,1.9862398632611749,0.00675910252785756,1,balanced_restock,0.28844173881339785,0.42299766355619073,0.28856059763041153,-0.4001065161343959,0.13574388305670773,0.0,0.0,none
inventory,dqn,19,33,0.0,10.426286384924591,2.0603331883084217,0.0071618778811421285,1,balanced_restock,0.2777624946515702,0.4277001203155813,0.29453738503284854,-0.6396569260469867,0.7814195467264591,0.0,0.0,none
inventory,dqn,19,34,0.0,9.700519281776463,1.7738916404566822,0.04993873679410475,0,low_restock,0.4070466431273696,0.40585586881509944,0.18709748805753096,-0.3497566624658971,0.1809111643633239,0.0,0.0,none
inventory,dqn,19,35,0.0,9.798340952200553,1.6229789911713715,0.030313689726053056,1,balanced_restock,0.35519266921419995,0.4190624145220778,0.22574491626372226,-0.5532733209177318,0.4689669623376384,0.0,0.0,none
inventory,dqn,19,36,0.0,10.242500778763471,1.773426408044365,0.034513093021023546,1,balanced_restock,0.3461880783661842,0.41812448681583525,0.23568743481798066,-0.8733622508278074,0.645198544558017,0.0,0.0,none
inventory,dqn,19,37,0.0,9.611221808320488,1.8938460995631226,0.09167183050496559,0,low_restock,0.5059918610587975,0.36854018618352097,0.12546795275768163,-0.4869798295226853,0.9914074268215886,0.0,0.0,none
inventory,dqn,19,38,0.8770852272076723,9.875683335777524,2.261632132682965,0.0,1,balanced_restock,0.12023550375154692,0.4477664084544716,0.43199808779398163,-0.5933515630677846,0.8963351762300024,0.0,0.0,none
inventory,dqn,19,39,0.0,9.715763407448005,2.344260738425157,0.041669921976390106,0,low_restock,0.40688481557315415,0.4009252046923415,0.19218997973450447,-1.3575625137545348,3.508814619334716,0.0,0.0,none
inventory,dqn,19,40,3.364464325012957,10.697284521167337,2.1798230313814853,0.0,2,high_restock,0.001954821864925485,0.24147509868881878,0.7565700794462558,-0.6740036996123946,3.378042369214624,0.0,0.0,none
inventory,dqn,19,41,0.0,10.948174053263346,2.3472502945773885,0.023929232073641872,1,balanced_restock,0.2906441554239019,0.4257042634529084,0.28365158112318967,-0.6118572862790432,0.6859850475551995,0.0,0.0,none
inventory,dqn,19,42,0.0,11.453762411371912,1.8840948199645828,0.04497451540697201,1,balanced_restock,0.30808392469830914,0.4199105545636795,0.27200552073801143,-0.4668567138264075,0.1530033344276037,0.0,0.0,none
inventory,dqn,19,43,0.0,11.557441169992448,1.9935950026681402,0.01908155604042991,1,balanced_restock,0.19787827749560677,0.45866836635435854,0.3434533561500348,-0.7042875712842849,1.7053914700379247,0.0,0.0,none
inventory,dqn,19,44,0.9836787750979568,12.780114662689053,1.326180919825969,0.0,2,high_restock,0.017000451859139863,0.39078523443805635,0.5922143137028038,-0.8169006738877793,1.0173327876241813,0.0,0.0,none
inventory,dqn,19,45,0.0,13.034855450277963,1.3282395933283346,0.049446548908532,1,balanced_restock,0.1502368765574657,0.47458637408328797,0.3751767493592465,-1.2430243198500563,2.9117306639007134,0.0,0.0,none
inventory,dqn,19,46,2.5229266281430185,14.039594574659588,2.3775589054752473,0.0,2,high_restock,0.00084114123737649,0.23181306872934435,0.7673457900332791,-1.3796539654584103,1.5246163762776244,0.0,0.0,none
inventory,dqn,19,47,2.399011329881173,15.509445481673842,1.9920223899284453,0.0,2,high_restock,0.0003736482975688577,0.20651781099988697,0.7931085407025442,-1.4229273581848894,0.871126549721336,0.0,0.0,none
inventory,dqn,19,48,2.52264959481397,16.37167170352881,2.0038962022695315,0.0,2,high_restock,0.00017516188279176705,0.18122013613800064,0.8186047019792075,-0.7440165793848857,2.560193564296799,0.0,0.0,none
inventory,dqn,19,49,0.0,16.093222796518194,2.3385139813996614,0.0364315320330153,2,high_restock,0.02224256612355042,0.4443709294794315,0.533386504397018,-1.299089218466969,0.8336510991211878,0.0,0.0,none
inventory,dqn,19,50,0.0,15.594528638552026,2.999160251996007,0.13555164615481585,1,balanced_restock,0.21225681840508148,0.47679057320301366,0.3109526083919049,-0.9851071839129757,0.8846315198976458,0.0,0.0,none
inventory,dqn,19,51,0.0,14.732646714588958,2.8012712625790375,0.11162628284160281,1,balanced_restock,0.2127336980935439,0.471991943308231,0.3152743585982251,-1.0407290465108858,1.338438039978866,0.0,0.0,none
inventory,dqn,19,52,0.0,13.418375117746553,2.548273431507419,0.12155875830551532,1,balanced_restock,0.3934327467670545,0.3951504297262543,0.21141682350669125,-0.7443689667766782,0.9813129149656853,0.0,0.0,none
inventory,dqn,19,53,0.0,12.93454766409551,1.6961670102999862,0.06863731549583539,1,balanced_restock,0.22589119472812363,0.4565460693306811,0.3175627359411953,-0.7622742213509577,0.23850505625358218,0.0,0.0,none
inventory,dqn,19,54,0.0,12.70435589508482,1.7585063091670383,0.07183468238409958,1,balanced_restock,0.2651300731750151,0.44198819333218253,0.2928817334928025,-0.9012004889314477,0.23444656033604847,0.0,0.0,none
inventory,dqn,19,55,0.0,12.544721823838804,1.928408348836945,0.09664294445204423,1,balanced_restock,0.365163289726403,0.40849573086088903,0.22634097941270792,-0.9783662803689052,0.5284452571976532,0.0,0.0,none
inventory,dqn,19,56,0.0,12.016852258860178,1.907957561734811,0.11042255006587592,0,low_restock,0.4219594736530194,0.39599222053750865,0.18204830580947187,-0.35825921970096003,0.08885014671637073,0.0,0.0,none
inventory,dqn,19,57,0.0,12.056174567024813,1.8948567737647426,0.03183200351802858,1,balanced_restock,0.19057029358459895,0.46279731242927785,0.34663239398612317,-0.4056397461045961,0.8690198236206141,0.0,0.0,none
inventory,dqn,19,58,0.0,11.646823051680204,1.1286544823999656,0.008149954661535017,1,balanced_restock,0.14485824692289084,0.467365617399451,0.3877761356776582,-0.48806304260164296,0.1642473199497068,0.0,0.0,none
inventory,dqn,19,59,0.0,11.485527946873287,1.155938885071265,0.0228684004645791,1,balanced_restock,0.20335939250678647,0.45481520881926185,0.3418253986739518,-0.7106576417092018,0.34086911928880176,0.0,0.0,none
inventory,dqn,19,60,0.0,11.276357118055614,1.422133052980528,0.06261743601950032,1,balanced_restock,0.3420499043071524,0.41994287653777645,0.2380072191550711,-0.7277058637376987,0.15045632853099666,0.0,0.0,none
inventory,dqn,19,61,0.0,11.426651041578015,1.4284239535804966,0.06566176138173192,1,balanced_restock,0.3410368605676369,0.41969378288196313,0.23926935655040008,-1.1808603333699121,1.477163907400978,0.0,0.0,none
inventory,dqn,19,62,0.0,10.393497215827619,2.4810674183361936,0.1465822023874843,0,low_restock,0.6000421109833741,0.31637371402256786,0.08358417499405807,-0.896236361491141,1.332694597900869,0.0,0.0,none
inventory,dqn,19,63,0.0,9.123508461533637,2.0775151834550116,0.1278993502662752,0,low_restock,0.6100717465282862,0.3138009154039306,0.07612733806778307,-0.5073824842947079,0.07522314387014604,0.0,0.0,none
inventory,dqn,19,64,0.0,9.10170139576734,2.0585070089336663,0.05846115790976926,0,low_restock,0.4661631720902297,0.38480347484768657,0.14903335306208365,-0.5597175348955292,1.1666941027629019,0.0,0.0,none
inventory,dqn,19,65,1.0849072425586552,9.493625552784735,2.223216306265543,0.0,2,high_restock,0.1133141823646653,0.44189861291644567,0.444787204718889,-1.4252179771144533,1.6167264061350974,0.0,0.0,none
inventory,dqn,19,66,0.0,8.306219716558115,2.266347918927704,0.15807463877043806,0,low_restock,0.697274405640379,0.2585740888364747,0.04415150552314631,-1.1026761471032736,0.22490478918254145,0.0,0.0,none
inventory,dqn,19,67,0.0,8.145460465666597,2.4234908006580578,0.16476359769701315,0,low_restock,0.7149127248493881,0.24615658187774495,0.03893069327286705,-0.8554623097666019,0.35966938865376513,0.0,0.0,none
inventory,dqn,19,68,0.0,8.501935129311345,2.4050768569944156,0.1206182696011789,0,low_restock,0.6293799389688148,0.30219644134624296,0.06842361968494215,-0.5017741610705386,0.1352972030063659,0.0,0.0,none
inventory,dqn,19,69,0.0,8.414020808060423,2.3239140775856604,0.057459671619739035,0,low_restock,0.508338075991923,0.3663992678041763,0.1252626562039008,-0.5415686276713261,1.1632183918595114,0.0,0.0,none
inventory,dqn,19,70,0.0,7.279096982309953,2.0690132351609773,0.06456582636987968,0,low_restock,0.565734836117901,0.3420586352469591,0.09220652863513973,-0.2899862121932998,0.6614786085702871,0.0,0.0,none
inventory,dqn,19,71,0.0,7.9380794123028835,2.0332667363670014,0.019640395034517814,0,low_restock,0.44160448775569666,0.39600273869540986,0.16239277354889353,-0.4656636231691803,1.0488786639101075,0.0,0.0,none
inventory,dqn,19,72,0.8161817804833724,8.469926723854858,1.6450059414228433,0.0,1,balanced_restock,0.18509484023105016,0.4616789834080132,0.35322617636093645,-0.6890157131305883,0.9136332731896779,0.0,0.0,none
inventory,dqn,19,73,0.0,8.066116491590034,1.690376231277344,0.05875280591617647,0,low_restock,0.5078178103184257,0.3712894224902726,0.12089276719130188,-0.33288162315914616,0.6282295102881302,0.0,0.0,none
inventory,dqn,19,74,0.0,7.6222313447784815,1.2469249563101295,0.027300289849847535,0,low_restock,0.44852336243915314,0.40014727126701616,0.1513293662938306,-0.7690161240846767,1.9082508191845398,0.0,0.0,none
inventory,dqn,19,75,1.6829032116705047,8.440502211512419,0.8741710805473512,0.0,2,high_restock,0.07018301178264563,0.4278681231333729,0.5019488650839815,-0.9223794215738299,1.8712510185590956,0.0,0.0,none
inventory,dqn,19,76,0.0,8.919016976548674,1.534306170754238,0.06828203956675534,0,low_restock,0.4794067626296724,0.3835894130799595,0.13700382429036814,-0.3065262896774926,0.21103673523464495,0.0,0.0,none
inventory,dqn,19,77,0.0,9.120447919709594,1.4910085958083328,0.02259398029955226,1,balanced_restock,0.369228195942572,0.4189940945434199,0.21177770951400823,-0.42040225952341886,1.4313206673101195,0.0,0.0,none
inventory,dqn,19,78,0.17257788435262533,10.457054859696996,1.9725344274448051,0.0,1,balanced_restock,0.20174666254535908,0.4495040961880524,0.34874924126658846,-1.9220911147488589,4.636279308047599,0.0,0.0,none
inventory,dqn,19,79,4.463117470711026,12.074827552040071,2.657492379461453,0.0,2,high_restock,0.00017431278455548919,0.15018758528431034,0.8496381019311341,-1.1103561111683584,3.0467428216704957,0.0,0.0,none
inventory,dqn,19,80,1.629588889052453,13.18933713547639,2.549668510335659,0.0,2,high_restock,0.005804727328834037,0.33036291985553157,0.6638323528156344,-0.9995797940298483,1.6477992353800857,0.0,0.0,none
inventory,dqn,19,81,0.0,13.006999068859955,2.6900254664137955,0.08206782036247288,1,balanced_restock,0.29060951685102576,0.43540532313309477,0.27398516001587936,-0.5316342051020342,1.450573345864781,0.0,0.0,none
inventory,dqn,19,82,0.0,14.287230211438645,2.009931829744214,0.030648965196791826,1,balanced_restock,0.05602336681173692,0.4728687564253303,0.4711078767629329,-0.9198386566979542,1.649438876570608,0.0,0.0,none
inventory,dqn,19,83,1.599539019137012,14.685392226956878,2.0614214804668554,0.0,2,high_restock,0.0022094966769495078,0.28961445392879503,0.7081760493942555,-0.9774171350127009,1.9447291394375779,0.0,0.0,none
inventory,dqn,19,84,0.0,13.613833668326043,2.3243043511488235,0.07811020268083943,1,balanced_restock,0.20110330265956253,0.468840158013065,0.3300565393273725,-0.6334639863910305,0.25023132963627376,0.0,0.0,none
inventory,dqn,19,85,0.0,13.390422256211934,2.2154654970356487,0.04883285471268403,1,balanced_restock,0.13379463761760188,0.48082885287519894,0.38537650950719915,-0.6402749630760042,1.4057319277329925,0.0,0.0,none
inventory,dqn,19,86,0.8007856087885834,14.509106606832336,1.930886268379317,0.0,2,high_restock,0.008093470452577248,0.3667915054348879,0.6251150241125348,-1.010533170330805,1.0003993108520135,0.0,0.0,none
inventory,dqn,19,87,1.3443804866594427,15.097961610086974,2.5296793670767963,0.0,2,high_restock,0.002640190975578617,0.30527636000150826,0.6920834490229132,-1.0932431927696846,0.6303394884411609,0.0,0.0,none
inventory,dqn,19,88,1.5806948364848132,15.59623116346956,2.8349838887052785,0.0,2,high_restock,0.0013857926984800898,0.2741866126079617,0.7244275946935582,-0.6419099344017485,2.1008699312626757,0.0,0.0,none
inventory,dqn,19,89,0.0,16.438768001527382,1.7373232836307535,0.018198202571740804,2,high_restock,0.011421888404930485,0.4096693109492064,0.5789088006458631,-0.8808916873557229,0.30965012324856456,0.0,0.0,none
inventory,dqn,19,90,0.0,16.63143074758827,1.4986957857053573,0.060873515599236226,2,high_restock,0.02448911458165233,0.4499414161266906,0.525569469291657,-0.9114025948985841,0.2812859204977701,0.0,0.0,none
inventory,dqn,19,91,0.0,16.91133639099582,1.5259889176997634,0.06632189194617573,2,high_restock,0.023235825178151513,0.4490920460747108,0.5276721287471376,-1.4529421190290848,1.7444993107951947,0.0,0.0,none
inventory,dqn,19,92,0.0,15.448768605095399,2.4719391028148667,0.16302537839805084,1,balanced_restock,0.32936699524653784,0.4283319359239889,0.24230106882947328,-1.1792679150326666,1.0670662002150124,0.0,0.0,none
inventory,dqn,19,93,0.0,14.43569124512137,2.137238149911517,0.14629784197011902,1,balanced_restock,0.38068281365911116,0.3995857687410831,0.21973141759980566,-1.4103277397430292,1.4533489751714934,0.0,0.0,none
inventory,dqn,19,94,0.0,13.2289554866468,2.9461322152195324,0.18755852495411235,0,low_restock,0.5605927450062069,0.3313555887048586,0.10805166628893448,-0.5646777556644431,0.19602673086832456,0.0,0.0,none
inventory,dqn,19,95,0.0,13.090534829228199,2.8744589387926727,0.06869245636865057,1,balanced_restock,0.23129557290091832,0.45827326517997213,0.3104311619191094,-0.6763546497763553,1.4310271812030992,0.0,0.0,none
inventory,dqn,19,96,0.0,12.137619862805574,1.8069183041671102,0.05649190174577774,1,balanced_restock,0.27074677927087276,0.4374382605695419,0.2918149601595854,-0.9306779002048198,0.6571145489316437,0.0,0.0,none
inventory,dqn,19,97,0.0,11.655660547060664,2.251274285692172,0.10190676789371782,0,low_restock,0.43363482427349054,0.39023208059319997,0.1761330951333095,-0.5708134427542928,1.0032798756852122,0.0,0.0,none
inventory,dqn,19,98,0.0,10.671136180695934,2.441670381006817,0.0697881147775523,0,low_restock,0.4213460703326861,0.39419063708708685,0.18446329258022712,-0.2161255684570848,0.2948887115466963,0.0,0.0,none
inventory,dqn,19,99,0.0,10.935505428214862,2.3274046278605303,0.006450994367336576,1,balanced_restock,0.22257195136787436,0.4494327927428845,0.3279952558892411,-0.40586481864387236,0.7559489118490824,0.0,0.0,none
inventory,dqn,19,100,0.0,10.447032342551427,1.7504732825002656,0.008190146186405782,1,balanced_restock,0.273026892317629,0.42886359178874,0.29810951589363094,-0.8353240808464286,1.2481322164370912,0.0,0.0,none
inventory,dqn,19,101,0.0,9.202576422324817,1.8077643462474104,0.08487930015114797,0,low_restock,0.5094936952707013,0.3681130206763314,0.12239328405296727,-0.5049275436767995,0.20520816974065004,0.0,0.0,none
inventory,dqn,19,102,0.0,9.01437589132005,1.8850280515035216,0.05802277565657134,0,low_restock,0.46398437171197104,0.38708236161510434,0.14893326667292467,-0.24749839379106747,0.20312809898823717,0.0,0.0,none
inventory,dqn,19,103,0.0,9.208287622408063,1.8457079416672686,0.01205328460554776,1,balanced_restock,0.3535936166241691,0.41845727408840105,0.22794910928742992,-0.818824722183743,0.669740092483132,0.0,0.0,none
inventory,dqn,19,104,0.0,8.543252115683355,1.883076291820558,0.08193298610423982,0,low_restock,0.5389832870583999,0.35439196886431495,0.10662474407728513,-0.3007435206842324,0.36404757060993503,0.0,0.0,none
inventory,dqn,19,105,0.3449814876692354,8.583658344143528,1.9549979806368225,0.0,1,balanced_restock,0.2810456701186906,0.44396208653695746,0.274992243344352,-0.42252840525782914,0.9229394376980576,0.0,0.0,none
inventory,dqn,19,106,0.0,9.431989188971498,1.8409143194674589,0.011165786653183777,1,balanced_restock,0.34028306513475676,0.4201005398853525,0.23961639497989073,-0.3895760649546528,1.0260244495030355,0.0,0.0,none
inventory,dqn,19,107,0.08450304272757947,10.429219467737514,2.0667295161847226,0.0,1,balanced_restock,0.22714236749525454,0.44375383528117623,0.3291037972235692,-0.4670445234039306,0.2991713781866481,0.0,0.0,none
inventory,dqn,19,108,0.0,10.701134675967841,1.9769548982197214,0.01911509346498761,1,balanced_restock,0.29278680604658197,0.42299681168516146,0.2842163822682566,-0.531265014947945,1.399719187644785,0.0,0.0,none
inventory,dqn,19,109,0.0,11.518899268089495,0.8410220822607727,0.0305830383835616,1,balanced_restock,0.2213674522062516,0.44910287374817803,0.3295296740455703,-0.8200146221336364,0.9481948640678675,0.0,0.0,none
inventory,dqn,19,110,0.0,10.780967147132063,1.4342092373235227,0.08214546823814935,0,low_restock,0.4095126500017386,0.4060097182570378,0.1844776317412235,-0.27546319666364394,0.09081571579297011,0.0,0.0,none
inventory,dqn,19,111,0.0,10.717663021485464,1.4357163095139927,0.01704699940422214,1,balanced_restock,0.27056223627833226,0.4302906414534063,0.29914712226826146,-0.5829389071015147,0.6869051399867807,0.0,0.0,none
inventory,dqn,19,112,0.0,10.225752123700698,0.9568174035319958,0.039810519125270484,1,balanced_restock,0.33305534645151513,0.4281640843111639,0.23878056923732088,-0.6403767238153456,0.16706488680073894,0.0,0.0,none
inventory,dqn,19,113,0.0,10.366669498971461,1.0459676630198689,0.05006727210988315,1,balanced_restock,0.35001137237878793,0.4243385333774907,0.2256500942437213,-0.9242894726966223,0.5672103854290302,0.0,0.0,none
inventory,dqn,19,114,0.0,9.817438855628307,1.1782664273632282,0.10076597726725399,0,low_restock,0.4911426996063602,0.37964150210612807,0.12921579828751178,-0.9477014735759548,2.7962808419647778,0.0,0.0,none
inventory,dqn,19,115,2.193432781645585,11.188723111663208,2.2353685447189453,0.0,2,high_restock,0.008540996681801362,0.3293177513361391,0.6621412519820594,-0.9908595925183413,2.1964335019932406,0.0,0.0,none
inventory,dqn,19,116,0.0,11.111509010363257,2.2623644748399436,0.08051064152113237,0,low_restock,0.4157596191555891,0.3964936596252115,0.18774672121919944,-0.6791993717095255,1.5263070761949318,0.0,0.0,none
inventory,dqn,19,117,1.4262839191700731,11.642604051587801,2.344726884640366,0.0,2,high_restock,0.02019383092339918,0.3880914899115113,0.5917146791650895,-0.7791329781527745,1.6554925518477885,0.0,0.0,none
inventory,dqn,19,118,0.6832370804364984,12.837589225625663,3.2168205828753917,0.0,2,high_restock,0.03106822214470309,0.4314138179779911,0.5375179598773058,-0.7820491100099434,1.603528043937354,0.0,0.0,none
inventory,dqn,19,119,0.0,14.005600906716698,2.3575361364139753,0.04322305535891845,1,balanced_restock,0.08731680076529766,0.48350430899516317,0.42917889023953915,-1.2071101432959666,2.4875566136682337,0.0,0.0,none
inventory,dqn,19,120,2.4203146951313332,14.445376382697152,2.7246110346942793,0.0,2,high_restock,0.0007895298253654907,0.23291621380648234,0.7662942563681522,-0.7605431406569026,2.58083603813432,0.0,0.0,none
inventory,dqn,19,121,0.0,14.975791129653595,2.0035696828111353,0.03938270368873261,2,high_restock,0.044625863773825075,0.46858065820095746,0.4867934780252175,-1.0294390349046605,0.38373411050122613,0.0,0.0,none
inventory,dqn,19,122,0.0,15.291145628904335,1.7902676360092775,0.08739982766154653,1,balanced_restock,0.09431680212557648,0.4902865615282723,0.41539663634615115,-0.6876262385560707,0.6985067192396529,0.0,0.0,none
inventory,dqn,19,123,0.0,14.644286987522525,1.5282550301110704,0.058504685456441205,1,balanced_restock,0.07554052282484781,0.48207191814578365,0.4423875590293685,-0.5608429360049865,0.15426114278056216,0.0,0.0,none
inventory,dqn,19,124,0.0,14.503015435012392,1.5859289814469966,0.03586481000089045,2,high_restock,0.052529500676548845,0.4706938469555687,0.47677665236788236,-1.0716628689272354,1.2258182443643246,0.0,0.0,none
inventory,dqn,19,125,0.0,13.786779888655648,0.5928795586377832,0.09493979802272062,1,balanced_restock,0.21151949113026683,0.462498306587509,0.32598220228222424,-0.7068838221125637,0.3771471304258486,0.0,0.0,none
inventory,dqn,19,126,0.0,14.084148296360848,0.3632641518777362,0.0619435396629578,1,balanced_restock,0.09852366106760262,0.479919005389167,0.42155733354323044,-0.6778152533652824,1.4332379728148057,0.0,0.0,none
inventory,dqn,19,127,0.908043581043664,14.605206303470386,1.3401415713960463,0.0,2,high_restock,0.006074311183737771,0.34887991402133683,0.6450457747949253,-0.8474011058571591,0.9325837631837833,0.0,0.0,none
inventory,dqn,19,128,0.8782888738775974,15.394723371165696,1.8356109776900038,0.0,2,high_restock,0.004076273365325406,0.33427352949099814,0.6616501971436765,-1.0624562774888304,1.3364319141447847,0.0,0.0,none
inventory,dqn,19,129,0.0,14.79596664629039,2.640250772899095,0.09329576383729114,1,balanced_restock,0.1485593233278294,0.4876203923448763,0.36382028432729435,-0.6619399393976986,0.18677427858800275,0.0,0.0,none
inventory,dqn,19,130,0.0,14.974307323823842,2.6011532858819,0.05391784632101759,1,balanced_restock,0.06364735555337013,0.48263078569875534,0.4537218587478745,-0.5669654340365621,0.2441413623491736,0.0,0.0,none
inventory,dqn,19,131,0.0,14.749795970190004,2.695556804631902,0.03695811322081466,1,balanced_restock,0.052121410510882406,0.4750945628777936,0.472784026611324,-0.58482380815376,1.1009014487640318,0.0,0.0,none
inventory,dqn,19,132,0.0,13.656331763406865,2.567846747536371,0.04014710859888572,1,balanced_restock,0.1019838330845738,0.4838760441962754,0.41414012271915085,-0.880862889306653,1.9682631172773686,0.0,0.0,none
inventory,dqn,19,133,0.0,11.722185001957849,2.2068185095070914,0.0930112302333309,0,low_restock,0.4091732848003849,0.3976265535971093,0.1932001616025059,-0.3511924903485003,0.08013947929814355,0.0,0.0,none
inventory,dqn,19,134,0.0,11.678159467850826,2.231009255479393,0.030570087562232194,1,balanced_restock,0.23008580139515392,0.4504448888043068,0.31946930980053934,-0.7288434998987956,1.1700669109073756,0.0,0.0,none
inventory,dqn,19,135,0.0,10.632741098747257,1.706689424649866,0.06586491069621352,1,balanced_restock,0.39086880582002914,0.4089275431837097,0.20020365099626117,-0.9308357237234057,0.9281008075125966,0.0,0.0,none
inventory,dqn,19,136,0.0,9.890324275782891,1.1509131008453255,0.10193495066489387,0,low_restock,0.4890082133145937,0.38065406782880956,0.13033771885659667,-0.36108590995727485,0.3338942028188977,0.0,0.0,none
inventory,dqn,19,137,0.0,9.709344745491213,0.8790899202870209,0.03233676963522765,1,balanced_restock,0.3409224499226398,0.42891296984845173,0.23016458022890848,-0.8052039506042402,0.15318435699176225,0.0,0.0,none
inventory,dqn,19,138,0.0,9.789147346756033,0.7571368341621144,0.0795007054650429,0,low_restock,0.43298759079207455,0.4058954956646134,0.16111691354331195,-0.47900160690837007,0.5678443548579306,0.0,0.0,none
inventory,dqn,19,139,0.0,9.280477208600328,1.0081752717205161,0.053393144090780366,1,balanced_restock,0.41131401166149806,0.41192639206737325,0.17675959627112867,-1.024962106802504,0.4805596741296254,0.0,0.0,none
inventory,dqn,19,140,0.0,8.85970348274073,1.2309227472586792,0.11874323335759003,0,low_restock,0.5776969231036453,0.3368673828736197,0.08543569402273496,-0.29326073432321637,1.0769368167989237,0.0,0.0,none
inventory,dqn,19,141,0.0,9.543937473500474,2.0567017351236525,0.020225131129145778,1,balanced_restock,0.36037353659135024,0.41450584634307347,0.2251206170655763,-0.7820141784017534,0.5526942990242726,0.0,0.0,none
inventory,dqn,19,142,0.0,8.997679328888802,1.9931941786994793,0.07535967471459881,0,low_restock,0.5057891719786292,0.3688734855129759,0.1253373425083951,-0.7134889908339215,1.800871681882605,0.0,0.0,none
inventory,dqn,19,143,1.52425425952549,9.817860728415699,2.484530273671234,0.0,2,high_restock,0.05382396305997668,0.4197240880628464,0.526451948877177,-1.343280456546966,1.5795190532230254,0.0,0.0,none
inventory,dqn,19,144,0.0,9.539302875903509,2.755379009984942,0.1434429386691011,0,low_restock,0.6378617805442129,0.2943652796889051,0.06777293976688187,-0.615719152635541,0.6684628096190353,0.0,0.0,none
inventory,dqn,19,145,0.0,10.173107385417406,2.553323834331461,0.0778069915420609,0,low_restock,0.4688421516038915,0.3783093756782262,0.15284847271788213,-0.2982962396288113,0.7031778598921266,0.0,0.0,none
inventory,dqn,19,146,0.0,9.587411236736012,2.1683482509845478,0.021124328505144875,1,balanced_restock,0.3635686242527524,0.4127574599826932,0.22367391576455442,-0.516033811144955,0.6781875766955555,0.0,0.0,none
inventory,dqn,19,147,0.0,10.264950918141995,2.139487253471823,0.02786318056159909,1,balanced_restock,0.34237799126945545,0.4150081575843001,0.24261385114624442,-0.648732232357641,0.6295065267968192,0.0,0.0,none
inventory,dqn,19,148,0.0,9.7733185672008,1.7470403253121027,0.05155932720672161,1,balanced_restock,0.4058949634855616,0.4062729407696709,0.1878320957447675,-0.5173082649719294,1.5040534285010811,0.0,0.0,none
inventory,dqn,19,149,0.0,11.214930478937593,1.3188102024191553,0.028090761602130244,1,balanced_restock,0.2544448093420943,0.43804082014880197,0.3075143705091038,-0.5320592673790828,0.24547625514979185,0.0,0.0,none
inventory,dqn,19,150,0.0,11.459149713141146,1.2941399984335586,0.030724869174836224,1,balanced_restock,0.23673389101143247,0.44507990428254257,0.31818620470602493,-0.8539711649536571,0.7027181518357948,0.0,0.0,none
inventory,dqn,19,151,0.0,11.060812686687886,1.870192056215329,0.08820913659886734,0,low_restock,0.42235584262215076,0.39797320810682346,0.17967094927102584,-0.6658075176540805,1.472357833854293,0.0,0.0,none
inventory,dqn,19,152,1.388021479011659,11.46768882366472,2.1307777850910368,0.0,2,high_restock,0.02321788320594476,0.3940031746709967,0.5827789421230586,-0.7887151617286031,1.5264665681427199,0.0,0.0,none
inventory,dqn,19,153,0.0,12.100042676572595,2.1714300930433903,0.044413421737250554,1,balanced_restock,0.2348595030935504,0.4507666304434867,0.314373866462963,-0.6855463202334013,0.5353223150042967,0.0,0.0,none
inventory,dqn,19,154,0.0,11.579404861846323,2.0476641343070945,0.058133271470250235,1,balanced_restock,0.3365619795129036,0.41375727650371596,0.2496807439833804,-0.4157894247336382,0.877784341493901,0.0,0.0,none
inventory,dqn,19,155,0.0,12.290674606613612,2.5597971904846006,0.009962397273863971,1,balanced_restock,0.12157475837638101,0.47651718862668735,0.40190805299693166,-1.7328642064739994,4.33785898420391,0.0,0.0,none
inventory,dqn,19,156,3.922469161354284,14.019421744655,1.8945225641704293,0.0,2,high_restock,8.892775682093732e-05,0.13996246462351125,0.8599486076196678,-0.6658137747119821,3.9294033546789926,0.0,0.0,none
inventory,dqn,19,157,0.0,13.807861267417715,1.990354770685861,0.022466745484282517,1,balanced_restock,0.06266771530349959,0.4735663768862607,0.46376590781023985,-0.5045904385201269,0.3858433930941595,0.0,0.0,none
inventory,dqn,19,158,0.0,13.460311808021192,2.157905523658468,0.025819721164308362,1,balanced_restock,0.08300626979467816,0.4789416641877646,0.43805206601755725,-0.4158044328510894,0.5302986853292365,0.0,0.0,none
inventory,dqn,19,159,0.0,13.87435471845578,1.8269466225112951,0.009965077294837395,2,high_restock,0.04606225246280315,0.46275557373467113,0.4911821738025256,-0.7834863509825869,0.08192273727431564,0.0,0.0,none
inventory,dqn,19,160,0.0,13.930757684377628,1.876005872524108,0.043479705532604794,1,balanced_restock,0.08727545268028639,0.48171822125679237,0.43100632606292116,-0.3994036854849997,0.6266865235780321,0.0,0.0,none
inventory,dqn,19,161,0.0,13.516996954016644,1.4067405527781927,0.00703637240803567,2,high_restock,0.05126467686046362,0.46345788449872344,0.4852774386408129,-1.0952221080542919,0.2761919067459913,0.0,0.0,none
inventory,dqn,19,162,0.0,13.326479166644225,1.5842246654549026,0.099146805009695,1,balanced_restock,0.3001473407384741,0.4305353396567298,0.26931731960479616,-0.7179128767980532,0.5684639059866281,0.0,0.0,none
inventory,dqn,19,163,0.0,13.866693904305185,1.4107950556000666,0.06391301371393808,1,balanced_restock,0.12706794653867942,0.4818158183056939,0.3911162351556266,-0.47296096697251755,0.39291316787000496,0.0,0.0,none
inventory,dqn,19,164,0.0,14.257108664696432,1.41741027967174,0.02017160124509242,2,high_restock,0.04335728228673906,0.46143575785583896,0.495206959857422,-0.8886213233824117,0.16269380937099323,0.0,0.0,none
inventory,dqn,19,165,0.0,14.137162569000438,1.3158657198426915,0.06225380774685923,1,balanced_restock,0.10551332768227512,0.4833390514172056,0.41114762090051926,-0.6343558343780444,0.3297405590262914,0.0,0.0,none
inventory,dqn,19,166,0.0,13.81261962776739,1.3726534211757155,0.04899211328179364,1,balanced_restock,0.09862533571953767,0.48118459683601145,0.4201900674444509,-0.5579834027067095,1.114245289639729,0.0,0.0,none
inventory,dqn,19,167,0.565666864876313,14.701188643110992,1.012641697376599,0.0,2,high_restock,0.009159255073892522,0.3758839821270828,0.6149567627990247,-0.7591322062261452,0.568899534081079,0.0,0.0,none
inventory,dqn,19,168,0.0,14.74695167642977,1.0061450091770863,0.039130751111811635,2,high_restock,0.04579875035585334,0.4653331078275316,0.4888681418166151,-1.3287388064352208,1.165965207998703,0.0,0.0,none
inventory,dqn,19,169,0.0,13.910555401343242,1.8121041282410657,0.14084621543486084,1,balanced_restock,0.3858693242910442,0.40255295559540666,0.21157772011354925,-1.2212372181928055,0.8131259624099488,0.0,0.0,none
inventory,dqn,19,170,0.0,13.118460262974015,1.995384023067805,0.1537923603915724,0,low_restock,0.46195035807823565,0.3801204811076408,0.15792916081412364,-0.30318058494059585,0.504489025463628,0.0,0.0,none
inventory,dqn,19,171,0.0,13.577938123593622,2.156688493875215,0.021996533025106402,1,balanced_restock,0.0720483023372762,0.4765357242603998,0.4514159734023241,-0.7154149941047373,1.395921639791575,0.0,0.0,none
inventory,dqn,19,172,0.0,12.198329141762894,2.365390398774895,0.06346696323298881,1,balanced_restock,0.30483729338514143,0.4254130760996589,0.2697496305151998,-0.8408027469510762,0.9057187894317983,0.0,0.0,none
inventory,dqn,19,173,0.0,11.345823648187672,2.0603337370806254,0.08585763338412075,0,low_restock,0.4085223284816074,0.39980248783971994,0.19167518367867262,-0.4335019511330722,0.4746792030642091,0.0,0.0,none
inventory,dqn,19,174,0.0,10.93809213825537,2.2999748436939664,0.045268205559477186,1,balanced_restock,0.3498243111096984,0.41089074892788685,0.23928493996241482,-0.7194891099645295,0.08583553195371652,0.0,0.0,none
inventory,dqn,19,175,0.0,10.854370270570689,2.3004031012115824,0.06419448392223741,1,balanced_restock,0.39488910891740975,0.4021710069027363,0.20293988417985384,-0.7174427386097142,1.311778957386673,0.0,0.0,none
inventory,dqn,19,176,0.0,10.214344615827205,1.1553567873978838,0.0638290604660204,1,balanced_restock,0.39036346090762336,0.4148175372285491,0.19481900186382756,-1.1676681389586459,0.9538657450557844,0.0,0.0,none
inventory,dqn,19,177,0.0,9.669367137865226,1.9340708988128388,0.1442264533854725,0,low_restock,0.6120688353358811,0.31272151778882695,0.07520964687529194,-0.9317036213029719,0.7919148989744461,0.0,0.0,none
inventory,dqn,19,178,0.0,8.92274781412026,2.1978680165204225,0.13423278951838785,0,low_restock,0.634860461091885,0.298483051043327,0.066656487864788,-0.9670779731788424,0.7604102928764582,0.0,0.0,none
inventory,dqn,19,179,0.0,8.266059944885574,2.5812020136259166,0.14054963806765042,0,low_restock,0.6750534202769557,0.273227346320489,0.05171923340255523,-0.9664563082731912,0.9555378155194876,0.0,0.0,none
inventory,dqn,19,180,0.0,7.332582004228345,2.3770661792642853,0.14043862647735558,0,low_restock,0.7023230246474406,0.25615817368177,0.04151880167078943,-0.7103396874262873,1.2394000571383939,0.0,0.0,none
inventory,dqn,19,181,0.0,6.767757627958568,1.2747984144991942,0.09470351561183701,0,low_restock,0.627964854354529,0.30859897273834636,0.06343617290712471,-0.46515357310620786,0.600103596716464,0.0,0.0,none
inventory,dqn,19,182,0.0,7.306286414631096,1.5359384173257533,0.05092028091182283,0,low_restock,0.5244818664876363,0.3653464998983057,0.11017163361405809,-1.3525220368341822,3.7436839023722497,0.0,0.0,none
inventory,dqn,19,183,3.3500629623833778,8.549271645734105,2.651573729244429,0.0,2,high_restock,0.00782368128875897,0.29696507741028233,0.6952112413009587,-0.9723800852411919,3.4621129607889327,0.0,0.0,none
inventory,dqn,19,184,0.0,9.286744719844126,2.1895388068181316,0.07721072950735568,0,low_restock,0.501462054412868,0.36905035263066116,0.12948759295647094,-0.2795627188220239,1.1126821496873467,0.0,0.0,none
inventory,dqn,19,185,0.0,10.117233973627918,1.451421579084318,0.017779056932504263,1,balanced_restock,0.30828059025285115,0.4258229634926077,0.2658964462545412,-0.8946777447138248,0.7995959898615125,0.0,0.0,none
inventory,dqn,19,186,0.0,9.589154856781155,2.0467778097426255,0.09547816869889728,0,low_restock,0.5202930252119722,0.3610266557443676,0.11868031904366025,-0.5073891308310312,0.10686928997958078,0.0,0.0,none
inventory,dqn,19,187,0.0,9.494411105687941,2.0795573086705432,0.05846234479125556,0,low_restock,0.4463854496357453,0.39124109841879096,0.1623734519454638,-0.20858281683990526,1.0371769778514597,0.0,0.0,none
inventory,dqn,19,188,0.0,8.858530365423562,1.2619115036115467,0.005104074435697368,1,balanced_restock,0.33867821854985275,0.42734291249570144,0.2339788689544457,-0.5723878781364458,0.10531169725216306,0.0,0.0,none
inventory,dqn,19,189,0.0,8.949980517761865,1.302533144554988,0.0379264068100796,1,balanced_restock,0.40469949382516013,0.4120302489649135,0.1832702572099263,-0.3678777656382984,1.5926622408216529,0.0,0.0,none
inventory,dqn,19,190,0.0,9.829212382959316,2.63000843802706,0.001406743863981852,1,balanced_restock,0.3240259237168047,0.4130749299768449,0.26289914630635025,-0.3614515545774493,1.2080866411931825,0.0,0.0,none
inventory,dqn,19,191,0.0,10.933065475340939,2.13911092710833,0.0002592061745445256,1,balanced_restock,0.19802473423570063,0.4558599264153982,0.3461153393489012,-0.49692355234478414,0.4463592048873173,0.0,0.0,none
inventory,dqn,19,192,0.0,11.276163946215618,1.8546205865446157,0.02445063434728288,1,balanced_restock,0.24387552747121985,0.4431540637556395,0.31297040877314075,-0.43554786736971735,0.868252184652134,0.0,0.0,none
inventory,dqn,19,193,0.2158510496277639,12.114627252025317,1.915049319929353,0.0,1,balanced_restock,0.07885586617970693,0.4656951014114885,0.4554490324088046,-0.39905829072467636,0.5022180475828805,0.0,0.0,none
inventory,dqn,19,194,0.0,12.433323968529423,1.5925356795745802,0.006974694772263642,1,balanced_restock,0.09691685757607969,0.473798816507675,0.42928432591624516,-0.40939402648832357,0.6728860483972648,0.0,0.0,none
inventory,dqn,19,195,0.0,11.896209347874938,1.1872208489554323,0.008820361872914921,1,balanced_restock,0.129258495451231,0.4703003588949322,0.40044114565383687,-1.3745134853849308,3.059463862251324,0.0,0.0,none
inventory,dqn,19,196,2.898609958242659,12.583350878092157,1.884456930254624,0.0,2,high_restock,0.0011413443206437226,0.23248699750146626,0.76637165817789,-0.8252645789491538,2.9201234688181357,0.0,0.0,none
inventory,dqn,19,197,0.0,12.829147433489078,1.63511671620721,0.05094010338377747,1,balanced_restock,0.1760016914089336,0.46951601392802633,0.35448229466304004,-0.8682723131265513,1.736654662648047,0.0,0.0,none
inventory,dqn,19,198,1.452206608933004,13.447271111861047,2.3578847331889135,0.0,2,high_restock,0.00629103645022424,0.33819508546420884,0.6555138780855668,-0.7030079969422323,1.6078250996709906,0.0,0.0,none
inventory,dqn,19,199,0.0,14.090125734456109,2.1087098118732372,0.029108570882541457,1,balanced_restock,0.06151798332432362,0.475002768630426,0.4634792480452505,-0.5656820887292566,0.12076792554733269,0.0,0.0,none
inventory,dqn,19,200,0.0,14.009279844397668,2.198100884184045,0.03672894441593869,1,balanced_restock,0.07559503310310561,0.4803044253497592,0.44410054154713524,-3.560071055970883,9.577345976470589,1.0,1.0,inventory_demand_spike
inventory,dqn,19,201,9.143060159916809,15.64889004033483,4.530553725117895,0.0,2,high_restock,1.9021989120146133e-07,0.03392895154778791,0.9660708582323209,-6.471868703282348,8.360482053711104,1.0,0.0,inventory_demand_spike
inventory,dqn,19,202,16.948196295092423,18.50280070639137,5.443079884726508,0.0,2,high_restock,1.9193248210318235e-12,0.002010102017531117,0.9979898979805497,-8.481212736883847,5.903457056482018,1.0,0.0,inventory_demand_spike
inventory,dqn,19,203,22.68917924823957,19.84739452786131,5.732885689820282,0.0,2,high_restock,2.6196402847156678e-15,0.0003914054639367709,0.9996085945360605,-10.657760196714058,6.5351623656156645,1.0,0.0,inventory_demand_spike
inventory,dqn,19,204,28.907886276325883,21.789097247620756,5.217307769552179,0.0,2,high_restock,3.4401969346328387e-18,7.308243024629993e-05,0.9999269175697536,-12.96803450632633,8.382403659727512,1.0,0.0,inventory_demand_spike
inventory,dqn,19,205,35.50867001807523,24.415939225438187,0.7682577211882713,0.0,2,high_restock,3.254733150805163e-22,8.906303737267255e-07,0.9999991093696262,-13.253176579622522,2.077979534116938,1.0,0.0,inventory_demand_spike
inventory,dqn,19,206,36.32336165606435,23.436060299229506,2.409633293436004,0.0,2,high_restock,2.33020747777865e-22,1.6500599857933386e-06,0.9999983499400142,-13.973219949697686,2.356903750228341,1.0,0.0,inventory_demand_spike
inventory,dqn,19,207,38.38062842770768,22.286486426523048,2.3760382145800647,0.0,2,high_restock,4.0124091950420134e-24,2.2769175946672706e-07,0.9999997723082404,-15.234030453747543,3.629300633022836,1.0,0.0,inventory_demand_spike
inventory,dqn,19,208,41.98294415356441,21.85875298106497,2.2656362411294357,0.0,2,high_restock,8.847165967049059e-27,1.5433036676582434e-08,0.9999999845669634,-15.355964444698976,1.2246781175886987,1.0,0.0,inventory_demand_spike
inventory,dqn,19,209,42.33132698485422,20.684688141705667,2.2595004817382414,0.0,2,high_restock,7.313101698678432e-27,1.3203597554736691e-08,0.9999999867964025,-16.902076927330693,4.493054253929984,1.0,0.0,inventory_demand_spike
inventory,dqn,19,210,46.74879122094484,20.248024240573923,1.5646113617578825,0.0,2,high_restock,2.972733368857813e-29,1.1947258139430211e-09,0.9999999988052741,-16.762629881484315,0.5407922741350427,1.0,0.0,inventory_demand_spike
inventory,dqn,19,211,46.35037108995519,20.005401886778166,1.838202436950311,0.0,2,high_restock,4.930763371917646e-29,1.6324484769783958e-09,0.9999999983675516,-15.347733834566867,4.3887077381112976,1.0,0.0,inventory_demand_spike
inventory,dqn,19,212,42.30781095590534,18.78543650563953,3.0340902418768865,0.0,2,high_restock,8.343035622027564e-27,1.5909819151799656e-08,0.9999999840901808,-14.003699248262997,4.119217593160247,1.0,0.0,inventory_demand_spike
inventory,dqn,19,213,38.46771213789428,17.296953596865976,3.1116355705562846,0.0,2,high_restock,1.9434598166379528e-24,1.0987211050517983e-07,0.9999998901278896,-13.4749238581505,1.5563116902513556,1.0,0.0,inventory_demand_spike
inventory,dqn,19,214,36.956925309001434,16.925119664829445,3.074638789031677,0.0,2,high_restock,1.6683459675231265e-23,2.3530871976053526e-07,0.9999997646912803,-11.712808961679812,5.544113358261612,1.0,0.0,inventory_demand_spike
inventory,dqn,19,215,31.922311319085182,15.03470401962807,1.7269802305784376,0.0,2,high_restock,2.2376951152290252e-20,1.5228926326197274e-06,0.9999984771073673,-11.540774993240952,0.49264605385742327,1.0,0.0,inventory_demand_spike
inventory,dqn,19,216,31.430785694974148,15.016082921003791,1.699485687309373,0.0,2,high_restock,4.919596906226446e-20,2.0567933619699877e-06,0.9999979432066379,-12.409030791494175,2.9543580694880056,1.0,0.0,inventory_demand_spike
inventory,dqn,19,217,33.91151654712622,16.32074111824418,2.633334192316056,0.0,2,high_restock,1.661550417853475e-21,1.0707374556788643e-06,0.9999989292625443,-13.09715579560918,2.2844798959053714,1.0,0.0,inventory_demand_spike
inventory,dqn,19,218,35.8775879874548,17.481975169912108,2.7036688464133762,0.0,2,high_restock,8.68526629414651e-23,4.0393649763917313e-07,0.9999995960635024,-13.956909453005832,2.5869351264839016,1.0,0.0,inventory_demand_spike
inventory,dqn,19,219,38.334027008588095,18.275420339917332,2.872741157231484,0.0,2,high_restock,2.10393177209364e-24,1.1228987729361353e-07,0.9999998877101228,-12.800878235175588,3.3792705809292083,1.0,0.0,inventory_demand_spike
inventory,dqn,19,220,35.031080671930255,18.621753870569016,2.2481867225834495,0.0,2,high_restock,3.8049660966167366e-22,6.947942712292015e-07,0.9999993052057288,-11.529222633041446,3.7335147697797946,1.0,0.0,inventory_demand_spike
inventory,dqn,19,221,31.39777895154699,17.993398651314568,2.834207936584761,0.0,2,high_restock,3.3286599293775136e-19,1.5290135993760504e-05,0.9999847098640062,-10.05215534733599,4.428791184159004,1.0,0.0,inventory_demand_spike
inventory,dqn,19,222,27.177586706674255,16.653214031909606,2.924063126256392,0.0,2,high_restock,2.11100587520722e-16,0.00016463475160080813,0.9998353652483991,-11.107707867229198,3.0340473383489064,1.0,0.0,inventory_demand_spike
inventory,dqn,19,223,30.193451049226283,16.863172612354298,3.180817703942863,0.0,2,high_restock,2.658558104049347e-18,3.591054490196425e-05,0.9999640894550981,-9.772491468886269,4.042196706505186,1.0,0.0,inventory_demand_spike
inventory,dqn,19,224,26.378547053960773,15.608904009074536,2.7196539674942413,0.0,2,high_restock,7.387307105945031e-16,0.00022093367357284676,0.9997790663264264,-8.724847911510054,2.9939621537736523,1.0,0.0,inventory_demand_spike
inventory,dqn,19,225,23.385279747171587,15.670839815048268,2.7016494048956297,0.0,2,high_restock,1.6939594267133958e-14,0.0005119913660213531,0.9994880086339617,-9.510453784731187,2.5687946346279618,1.0,0.0,inventory_demand_spike
inventory,dqn,19,226,25.629867956374824,16.84641780096557,3.124196496976306,0.0,2,high_restock,9.268880673724855e-16,0.0002502840989167154,0.9997497159010823,-11.255055680225908,5.324774533072225,1.0,0.0,inventory_demand_spike
inventory,dqn,19,227,30.614444800645458,18.68737161879424,3.4678628355047914,0.0,2,high_restock,2.3976616082958164e-18,5.4402501348471126e-05,0.9999455974986516,-12.016161956311507,2.1832909044259634,1.0,0.0,inventory_demand_spike
inventory,dqn,19,228,32.78903416089002,18.519116622332746,3.369829454322488,0.0,2,high_restock,5.690434215744956e-20,1.0944602529525851e-05,0.9999890553974705,-11.628887090960141,1.3578162497904522,1.0,0.0,inventory_demand_spike
inventory,dqn,19,229,31.682534545600404,19.060797498327926,2.7989482073542256,0.0,2,high_restock,2.7973670576613935e-19,1.729109714323959e-05,0.9999827089028567,-11.325748457775063,1.1051514308255752,1.0,0.0,inventory_demand_spike
inventory,dqn,19,230,30.81642416507161,19.486228883580004,2.260226915554301,0.0,2,high_restock,8.91176544552619e-19,2.2600984107024817e-05,0.9999773990158931,-13.367572487586799,5.909716728104518,1.0,0.0,inventory_demand_spike
inventory,dqn,19,231,36.650207107390855,20.204067830203208,2.8737704226133065,0.0,2,high_restock,6.792947930372139e-23,6.617039263905887e-07,0.9999993382960737,-15.173898229523381,5.161168411859083,1.0,0.0,inventory_demand_spike
inventory,dqn,19,232,41.811137798638235,20.239338599598558,2.9085518621911732,0.0,2,high_restock,1.333172604182265e-26,2.0616814956340523e-08,0.9999999793831851,-16.032625544283633,2.4541408481106246,1.0,0.0,inventory_demand_spike
inventory,dqn,19,233,44.26464441223895,20.29512205026979,2.9094496449555356,0.0,2,high_restock,5.057467550681986e-28,6.239984027600259e-09,0.9999999937600159,-18.8646044924936,8.299598591927737,1.0,0.0,inventory_demand_spike
inventory,dqn,19,234,52.356012835696006,22.13469565801912,3.0799276924662835,0.0,2,high_restock,9.272358823515564e-33,1.5408667309501278e-10,0.9999999998459133,-19.789042145024595,2.9009241042240386,1.0,0.0,inventory_demand_spike
inventory,dqn,19,235,54.99726327149885,22.83616782128545,2.1067403528436537,0.0,2,high_restock,3.5437591965769013e-34,2.801976499941996e-11,0.9999999999719802,-20.374160293497226,1.884052750989063,1.0,0.0,inventory_demand_spike
inventory,dqn,19,236,56.66902940999208,22.003764460520244,2.355652770540514,0.0,2,high_restock,8.612435408839288e-35,1.523942936243473e-11,0.9999999999847606,-23.25259305261118,8.265491879886625,1.0,0.0,inventory_demand_spike
inventory,dqn,19,237,64.89312300746052,22.616397041764458,2.9100189283715974,0.0,2,high_restock,1.9556426982803132e-38,5.741780862077873e-13,0.9999999999994258,-23.555771979242976,0.9672790157558545,1.0,0.0,inventory_demand_spike
inventory,dqn,19,238,65.7593485121228,22.29894081997677,3.2007139861941836,0.0,2,high_restock,1.3087759334248737e-38,5.103184485776842e-13,0.9999999999994897,-24.665130181962855,3.376551710124059,1.0,0.0,inventory_demand_spike
inventory,dqn,19,239,68.92894337703673,21.314586108268145,2.5795733861767913,0.0,2,high_restock,7.112868888339652e-39,1.5559559189654552e-13,0.9999999999998443,-25.181514889412774,1.4971102867822346,1.0,0.0,inventory_demand_spike
inventory,dqn,19,240,70.40432825546507,21.081412996793244,2.6806128407442023,0.0,2,high_restock,2.9310772523313255e-39,9.955211761298463e-14,0.9999999999999005,-26.880272554408343,4.895242449324464,1.0,0.0,inventory_demand_spike
inventory,dqn,19,241,75.25792158402385,21.717778434806355,2.6479101200572073,0.0,2,high_restock,2.574162748979261e-41,1.3156397060005698e-14,0.9999999999999869,-28.02927598474087,3.6422608234942038,1.0,0.0,inventory_demand_spike
inventory,dqn,19,242,78.54078852783107,20.72953310407411,1.4181866950935167,0.0,2,high_restock,1.962777171892378e-41,2.952524810449059e-15,0.9999999999999971,-28.37022402649454,0.9747778330517134,1.0,0.0,inventory_demand_spike
inventory,dqn,19,243,79.5149257899844,20.75111545557232,1.390211341705087,0.0,2,high_restock,9.007664795834995e-42,2.007801927070588e-15,0.999999999999998,-29.603773577120077,3.525255440007561,1.0,0.0,inventory_demand_spike
inventory,dqn,19,244,83.03935307748594,20.822081940089845,1.4185304252473563,0.0,2,high_restock,4.9710309860803105e-43,5.275522868806449e-16,0.9999999999999996,-29.209832068260063,1.424756317901669,1.0,0.0,inventory_demand_spike
inventory,dqn,19,245,81.91380590931448,20.30189553076988,2.120299787061277,0.0,2,high_restock,1.596559895939934e-42,1.2675420323705469e-15,0.9999999999999987,-31.095735547532385,5.391051767785262,1.0,0.0,inventory_demand_spike
inventory,dqn,19,246,87.30210156437825,20.40883599607088,2.255476831868027,0.0,2,high_restock,1.790422037369114e-44,1.710204497846901e-16,0.9999999999999998,-32.24786647828754,3.2918032178515353,1.0,0.0,inventory_demand_spike
inventory,dqn,19,247,90.59390422367869,20.410623139169523,2.256172101451428,0.0,2,high_restock,1.3393326531713852e-45,4.941865876192642e-17,1.0,-31.621150211146084,1.9544680785538529,1.0,0.0,inventory_demand_spike
inventory,dqn,19,248,88.80328631756025,19.85767210551517,2.811039778248861,0.0,2,high_restock,8.434930114862622e-45,1.444538235896441e-16,0.9999999999999998,-31.918253345891987,1.0101299734717921,1.0,0.0,inventory_demand_spike
inventory,dqn,19,249,89.65215241683426,19.322559867869664,2.695092368051491,0.0,2,high_restock,1.0328071347525026e-44,1.1597276793459314e-16,0.9999999999999998,-31.160324841231706,2.185843742116278,1.0,0.0,inventory_demand_spike
inventory,dqn,19,250,87.48664240351917,19.114567298840942,2.9077384082446356,0.0,2,high_restock,6.655880060067008e-44,3.0523067636801375e-16,0.9999999999999998,-31.12285874262861,1.4468069753914319,1.0,0.0,inventory_demand_spike
inventory,dqn,19,251,87.37959640751032,18.015498968626417,1.9729441077168497,0.0,2,high_restock,7.0128450273543874e-43,2.8847553659092554e-16,0.9999999999999998,-30.251132725482098,2.8296749229717904,1.0,0.0,inventory_demand_spike
inventory,dqn,19,252,84.88895064423457,16.859009284111174,1.290100449782038,0.0,2,high_restock,4.4043290571049837e-41,7.595680645604864e-16,0.9999999999999993,-29.002387785401567,3.600851777317596,1.0,0.0,inventory_demand_spike
inventory,dqn,19,253,81.3211079582902,16.503564328145988,1.6222012986870944,0.0,2,high_restock,9.78900840674816e-40,3.7248311133219706e-15,0.9999999999999962,-28.48277228518562,1.6274241418790274,1.0,0.0,inventory_demand_spike
inventory,dqn,19,254,79.8364922433875,16.036867965310645,1.1461550598080448,0.0,2,high_restock,8.720056834992577e-39,6.045444174488383e-15,0.999999999999994,-26.76152212689253,4.974956844666326,1.0,0.0,inventory_demand_spike
inventory,dqn,19,255,74.91863464826437,15.486398448949037,1.65787333380141,0.0,2,high_restock,6.600203402689541e-37,5.6348689719857037e-14,0.9999999999999436,-27.620726610728088,2.646338512974587,1.0,0.0,inventory_demand_spike
inventory,dqn,19,256,77.37350460208026,15.998781638913986,2.502967708262556,0.0,2,high_restock,2.4993974826394217e-38,2.7914636325964157e-14,0.999999999999972,-27.935620381396042,1.1487928644131076,1.0,0.0,inventory_demand_spike
inventory,dqn,19,257,78.27320108970298,16.676850089093683,2.727677415121688,0.0,2,high_restock,3.8733415223720656e-39,1.8110433105965258e-14,0.9999999999999818,-26.739475634281636,3.417774127757143,1.0,0.0,inventory_demand_spike
inventory,dqn,19,258,74.8556446693761,16.70690734221718,2.7034975932999528,0.0,2,high_restock,5.542702462864191e-38,6.446032733474725e-14,0.9999999999999356,-26.6676618314061,0.3293727563271708,1.0,0.0,inventory_demand_spike
inventory,dqn,19,259,74.65046237544601,16.962794026411704,2.7336413110546336,0.0,2,high_restock,4.3722787007521563e-38,6.565050168727282e-14,0.9999999999999343,-25.5231948817457,3.3133034562761043,1.0,0.0,inventory_demand_spike
inventory,dqn,19,260,71.38055680498772,17.29238443134467,2.3128473963729514,0.0,2,high_restock,4.713283358616079e-37,1.709196199294113e-13,0.999999999999829,-24.48076051369985,3.213456884267145,1.0,0.0,inventory_demand_spike
inventory,dqn,19,261,68.4021728962853,16.205733658841005,1.7887056807620316,0.0,2,high_restock,3.510885445849723e-35,5.682859138410255e-13,0.9999999999994318,-24.19187030443699,0.9973383742080922,1.0,0.0,inventory_demand_spike
inventory,dqn,19,262,67.5767722983914,15.860714241737686,1.3478436984068545,0.0,2,high_restock,1.5183487359350512e-34,7.057986395972179e-13,0.9999999999992941,-24.995786926327355,2.6545975241347546,1.0,0.0,inventory_demand_spike
inventory,dqn,19,263,69.87367693236388,17.003606452597555,2.029690097483643,0.0,2,high_restock,2.874444299087959e-36,2.893499538554381e-13,0.9999999999997107,-24.158578210140554,2.4317474108674837,1.0,0.0,inventory_demand_spike
inventory,dqn,19,264,67.48165202897302,16.566237930705398,2.0476095806379657,0.0,2,high_restock,3.554764881784968e-35,8.129644695091707e-13,0.9999999999991871,-25.923827437890527,5.3995953431194295,1.0,0.0,inventory_demand_spike
inventory,dqn,19,265,72.5252212511158,18.228932889225614,3.0240750668701106,0.0,2,high_restock,2.935274685932746e-38,1.1616111816858639e-13,0.9999999999998839,-25.94489725531287,0.7474665058610216,1.0,0.0,inventory_demand_spike
inventory,dqn,19,266,72.58542072946535,18.836649566636012,2.5930731641042506,0.0,2,high_restock,1.5391528859182344e-38,7.930691656729861e-14,0.9999999999999207,-25.89084155041372,0.21728319668305093,1.0,0.0,inventory_demand_spike
inventory,dqn,19,267,72.43097585832493,18.970840711986703,2.5199191768671083,0.0,2,high_restock,1.499878046288109e-38,7.840210180473814e-14,0.9999999999999216,-26.900797391515358,2.8888847230726338,1.0,0.0,inventory_demand_spike
inventory,dqn,19,268,75.31656397575817,19.088577408678855,2.5918512975263495,0.0,2,high_restock,1.2388635671136566e-39,2.6362589758397402e-14,0.9999999999999736,-29.22395832436968,6.879477928546452,1.0,0.0,inventory_demand_spike
inventory,dqn,19,269,81.95416664105623,20.894502922416642,2.6817427087777252,0.0,2,high_restock,4.369283077470636e-43,1.3485093316319402e-15,0.9999999999999987,-30.30226712842595,3.1127253060178646,1.0,0.0,inventory_demand_spike
inventory,dqn,19,270,85.03504893835986,20.501965537448815,2.4740470124146903,0.0,2,high_restock,7.979670883243393e-44,4.3069390504790855e-16,0.9999999999999996,-31.82384828127914,4.4391158848016525,1.0,0.0,inventory_demand_spike
inventory,dqn,19,271,89.38242366079756,21.359400586266442,2.207799010605722,0.0,2,high_restock,8.854069362872057e-46,5.84715874264431e-17,1.0,-34.68472148915865,8.343124952601581,1.0,0.0,inventory_demand_spike
inventory,dqn,19,272,97.55634711188186,23.025074250711388,2.0655294280811347,0.0,2,high_restock,1.3471800431890236e-49,1.5758131424743973e-18,1.0,-36.310750308020964,4.66642918729773,1.0,0.0,inventory_demand_spike
inventory,dqn,19,273,102.20214373720276,23.377115952288918,1.8043748444117849,0.0,2,high_restock,2.4838407489566856e-51,2.2094119320547933e-19,1.0,-37.45607187170529,3.3409964033997253,1.0,0.0,inventory_demand_spike
inventory,dqn,19,274,105.47449106201513,22.70406488419178,1.8360325931711396,0.0,2,high_restock,5.000850215903641e-52,7.885838525111598e-20,1.0,-38.15421650998655,2.0195368623882417,1.0,0.0,inventory_demand_spike
inventory,dqn,19,275,107.46919002853299,22.486828218034624,2.0651906224750527,0.0,2,high_restock,1.224015978131734e-52,4.366418338248165e-20,1.0,-39.74853079810447,4.5553734237668255,1.0,0.0,inventory_demand_spike
inventory,dqn,19,276,112.02437370886992,22.528390009614476,2.0640566763047086,0.0,2,high_restock,3.2000706975238635e-54,7.743020335334987e-21,1.0,-41.587488177539164,5.361740478950938,1.0,0.0,inventory_demand_spike
inventory,dqn,19,277,117.2785376501119,21.944438107646015,1.1690581185623274,0.0,2,high_restock,2.258833595127476e-55,8.528762813147412e-22,1.0,-43.22909274044238,4.690310376812246,1.0,0.0,inventory_demand_spike
inventory,dqn,19,278,121.96883640126396,21.953338532812243,1.1745205544610846,0.0,2,high_restock,5.547196602476847e-57,1.4547420342226675e-22,1.0,-43.642433863665055,1.3322580990649588,1.0,0.0,inventory_demand_spike
inventory,dqn,19,279,123.14981103904302,21.53506399540558,1.62757348603094,0.0,2,high_restock,2.9667548396650546e-57,1.277201195812446e-22,1.0,-43.41540775803051,1.0879549681602776,1.0,0.0,inventory_demand_spike
inventory,dqn,19,280,122.50116502294432,21.006394998882268,2.3228528907733477,0.0,2,high_restock,6.877942410277881e-57,2.60788176005557e-22,1.0,-45.70721244314445,6.5707070221422486,1.0,0.0,inventory_demand_spike
inventory,dqn,19,281,129.04917840898415,21.404960940022846,2.6954876417499882,0.0,2,high_restock,1.7369061356246171e-59,2.3498572926977692e-23,1.0,-47.06202888106847,3.8831760179140464,1.0,0.0,inventory_demand_spike
inventory,dqn,19,282,132.9200825173385,21.128308973445318,2.5590286390533175,0.0,2,high_restock,1.3987605690368829e-60,5.628953690584564e-24,1.0,-48.68216228271894,4.628974722265132,1.0,0.0,inventory_demand_spike
inventory,dqn,19,283,137.5490350934827,21.11603973844375,2.551646698251878,0.0,2,high_restock,3.816899192544261e-62,9.928418997545652e-25,1.0,-50.118805420728755,4.150125503742184,1.0,0.0,inventory_demand_spike
inventory,dqn,19,284,141.65372977351075,21.700783746893546,2.369718896245605,0.0,2,high_restock,7.31634040479855e-64,1.6594584903588908e-25,1.0,-50.21733747722185,0.4762411405729382,1.0,0.0,inventory_demand_spike
inventory,dqn,19,285,141.93524993491957,21.886816982395047,2.033647984110372,0.0,2,high_restock,5.6814761716216345e-64,1.2234959402967678e-25,1.0,-49.47940391014211,2.7922718968430438,1.0,0.0,inventory_demand_spike
inventory,dqn,19,286,139.82686831469175,20.155537981141514,2.6287801620368763,0.0,2,high_restock,2.8561093625206925e-62,6.078759616341082e-25,1.0,-50.7599558949935,3.659061688808961,1.0,0.0,inventory_demand_spike
inventory,dqn,19,287,143.48558827141002,20.1131011508143,2.6023257436401654,0.0,2,high_restock,1.9159281277236987e-63,1.596129165334532e-25,1.0,-51.71108455570628,2.7576578984661126,1.0,0.0,inventory_demand_spike
inventory,dqn,19,288,146.20309873058937,19.730812727421327,2.330904391195146,0.0,2,high_restock,5.03228018107867e-64,5.849295955792072e-26,1.0,-50.21385831309434,4.636405280191801,1.0,0.0,inventory_demand_spike
inventory,dqn,19,289,141.92530946598384,18.05431593849461,2.952299150212712,0.0,2,high_restock,1.4841236475107769e-61,7.7251846336062435e-25,1.0,-50.19549516831904,0.08496503541526454,1.0,0.0,inventory_demand_spike
inventory,dqn,19,290,141.87284333805442,17.987518680626966,2.9501804231009348,0.0,2,high_restock,1.72145593906139e-61,8.078401148096254e-25,1.0,-49.73940389992733,1.3167201242335627,1.0,0.0,inventory_demand_spike
inventory,dqn,19,291,140.56972542836382,18.148571422734413,2.851703962639941,0.0,2,high_restock,3.71949039656571e-61,1.1335150653258006e-24,1.0,-47.902154871130286,5.543478869870251,1.0,0.0,inventory_demand_spike
inventory,dqn,19,292,135.32044248894368,16.36697084350673,2.884658153666104,0.0,2,high_restock,3.521292873986289e-58,1.5503195099085685e-23,1.0,-47.57007325047736,1.4767133364378804,1.0,0.0,inventory_demand_spike
inventory,dqn,19,293,134.37163785850674,15.633707825583475,2.022812809174995,0.0,2,high_restock,3.1535675977953904e-57,1.6955371941646065e-23,1.0,-47.476416276120275,0.854809239800582,1.0,0.0,inventory_demand_spike
inventory,dqn,19,294,134.1040465032008,16.435747407443394,1.897010535173506,0.0,2,high_restock,1.1403702452436934e-57,1.2595933439481886e-23,1.0,-46.85033130612699,1.8288782092794247,1.0,0.0,inventory_demand_spike
inventory,dqn,19,295,132.31523230321997,16.08847779303311,1.7409878533885288,0.0,2,high_restock,8.207236920124953e-57,2.4867962235173156e-23,1.0,-45.75459447839461,3.1520450860134623,1.0,0.0,inventory_demand_spike
inventory,dqn,19,296,129.18455565255604,15.722966044838438,1.7665435803586813,0.0,2,high_restock,1.5796172266561549e-55,8.953657601226433e-23,1.0,-46.51839793192179,2.64036900471884,1.0,0.0,inventory_demand_spike
inventory,dqn,19,297,131.36685123406227,17.20928174902371,1.7668653110050652,0.0,2,high_restock,2.906621511047e-57,2.3072920646429536e-23,1.0,-46.796182972633055,0.8729428015537367,1.0,0.0,inventory_demand_spike
inventory,dqn,19,298,132.1605227789516,17.557776984088967,1.8701401131317015,0.0,2,high_restock,8.654060695653741e-58,1.6034907458916343e-23,1.0,-46.1095160182976,1.9929449407240334,1.0,0.0,inventory_demand_spike
inventory,dqn,19,299,130.198617195136,17.21891413838704,1.9591793671352553,0.0,2,high_restock,6.315022731171687e-57,3.8889483712015634e-23,1.0,-46.97341026122278,2.6261531264780147,1.0,0.0,inventory_demand_spike
inventory,dqn,19,300,132.66688646063653,18.07033083148331,2.2409890394545244,0.0,2,high_restock,2.190093381157161e-58,1.3569252560105705e-23,1.0,-48.36959412820989,132.85326744472778,1.0,1.0,inventory_demand_spike|inventory_sensor_noise
inventory,dqn,19,301,0.9380029727465219,0.8741978016676448,0.9050310330366286,-0.012280074714332866,2,high_restock,0.01902857641126408,0.3933699291416077,0.5876014944471282,-45.85263643150144,0.2208394693950228,1.0,0.0,inventory_sensor_noise
inventory,dqn,19,302,0.7871779374221111,1.0,0.9889041810843862,0.04394253544715958,2,high_restock,0.01744182121624113,0.4125987524052741,0.5699594263784847,-44.029531578831744,0.20965113351492828,1.0,0.0,inventory_sensor_noise
inventory,dqn,19,303,0.9956778206136773,1.0,0.9704828387783022,0.05586103538799175,2,high_restock,0.013195100833795931,0.3887100091385881,0.5980948900276161,-41.03704600796068,0.04170952702071861,1.0,0.0,inventory_sensor_noise
inventory,dqn,19,304,1.0,1.0,0.9611332679168376,0.09627871635005283,2,high_restock,0.009252064671921391,0.35042776562510203,0.6403201697029764,-38.317974620966446,0.03887221604262345,1.0,0.0,inventory_sensor_noise
inventory,dqn,19,305,1.0,1.0,1.0,0.09562578661411796,2,high_restock,0.008797252685526209,0.3461655746629842,0.6450371726514895,-37.76344291760338,0.2002911350839487,1.0,0.0,inventory_sensor_noise
inventory,dqn,19,306,0.9005124673362038,1.0,1.0,-0.07820968053136036,2,high_restock,0.02127804840232634,0.37095263550348645,0.6077693160941873,-37.64076501162558,0.09950930731956957,1.0,0.0,inventory_sensor_noise
inventory,dqn,19,307,1.0,1.0,1.0,-0.08029128752852172,2,high_restock,0.017385734122078386,0.3547334082301073,0.6278808576478143,-37.57202514084727,0.06750861894166299,1.0,0.0,inventory_sensor_noise
inventory,dqn,19,308,0.9632541369715588,0.9434505926763718,1.0,-0.0772384670208469,2,high_restock,0.01765517298514735,0.3570896373322587,0.625255189682594,-35.408868167043046,0.2257232504915342,1.0,0.0,inventory_sensor_noise
inventory,dqn,19,309,1.0,0.8083918664482583,1.0,0.09984870877796252,2,high_restock,0.006899979082931894,0.3249118460456998,0.6681881748713683,-34.86533387462035,0.09479413018157715,1.0,0.0,inventory_sensor_noise
inventory,dqn,19,310,0.983205366493887,0.8571243679878624,0.966286810882938,0.02779017995918326,2,high_restock,0.01504909946720091,0.3926305355802755,0.5923203649525236,-33.49900112408191,0.12604829612953575,1.0,0.0,inventory_sensor_noise
inventory,dqn,19,311,0.9736240293025435,0.973183752079543,0.9973836017302936,-0.009082301623163421,2,high_restock,0.016317727446156612,0.38143180616783695,0.6022504663860064,-31.651165980711802,0.09810662892282898,1.0,0.0,inventory_sensor_noise
inventory,dqn,19,312,0.912255909302625,1.0,1.0,0.0625620128326266,2,high_restock,0.012590636140626785,0.38177593059949194,0.6056334332598812,-31.68932017197101,0.16024117259701837,1.0,0.0,inventory_sensor_noise
inventory,dqn,19,313,0.9232197781134486,0.99996800139369,1.0,-0.09730363686128253,2,high_restock,0.020828822151399563,0.3608921730150575,0.6182790048335429,-29.44994279919042,0.13935165529105137,1.0,0.0,inventory_sensor_noise
inventory,dqn,19,314,1.0,0.9619349390928775,1.0,0.012592530184845354,2,high_restock,0.015031376536643883,0.38490875323838775,0.6000598702249684,-27.100333140979966,0.048099785600562196,1.0,0.0,inventory_sensor_noise
inventory,dqn,19,315,1.0,1.0,0.9965946138712436,0.041799444747516644,2,high_restock,0.014610665813342142,0.39740630460509485,0.5879830295815631,-25.4058563552252,0.13157529689474293,1.0,0.0,inventory_sensor_noise
inventory,dqn,19,316,0.9829069448574665,1.0,0.9918515585591432,-0.08857459271830866,2,high_restock,0.018495999395318336,0.3559233538523276,0.6255806467523541,-23.02322131213008,0.10637444782044216,1.0,0.0,inventory_sensor_noise
inventory,dqn,19,317,0.9619694705368669,1.0,1.0,0.015400155274957123,2,high_restock,0.0165105427270239,0.39355088474199557,0.5899385725309805,-21.204070744618168,0.16874835286248308,1.0,0.0,inventory_sensor_noise
inventory,dqn,19,318,0.9488490928062796,0.8765763898031759,0.8856957106611243,0.017637154766420474,2,high_restock,0.018562628511496922,0.40557677540641845,0.5758605960820847,-19.887004247450975,0.17794624513047685,1.0,0.0,inventory_sensor_noise
inventory,dqn,19,319,0.8831339168471424,0.995741883307593,1.0,0.00866517609509551,2,high_restock,0.019465912979261236,0.4034867967775413,0.5770472902431976,-18.08012598406287,0.12201852510735306,1.0,0.0,inventory_sensor_noise
inventory,dqn,19,320,0.9947635278805452,1.0,1.0,0.05774897028563031,2,high_restock,0.012447972209603997,0.38309870034479737,0.6044533274455987,-17.236619618158166,0.21083603171473386,1.0,0.0,inventory_sensor_noise
inventory,dqn,19,321,0.9618002562536184,1.0,0.8804452234222411,-0.1127558988246325,2,high_restock,0.024681356935903336,0.36879794640475755,0.6065206966593392,-14.991155767184445,0.06790974872004764,1.0,0.0,inventory_sensor_noise
inventory,dqn,19,322,0.9879014810897893,0.9725280937887626,0.9324774702655876,-0.09111335528590526,2,high_restock,0.020034884826715605,0.3617748487595712,0.6181902664137132,-11.62708254612211,0.08787930840551009,1.0,0.0,inventory_sensor_noise
inventory,dqn,19,323,1.0,1.0,0.8873985645034628,-0.1603201852264572,2,high_restock,0.023967090226467657,0.34577989718959773,0.6302530125839346,-9.229185086718754,0.09107071775320356,1.0,0.0,inventory_sensor_noise
inventory,dqn,19,324,1.0,0.955157581404283,0.8288437639480084,-0.10689389527028376,2,high_restock,0.023913405503052654,0.3698205906064192,0.6062660038905281,-5.207595695977981,0.23786073092290844,1.0,0.0,inventory_sensor_noise
inventory,dqn,19,325,1.0,1.0,1.0,0.05207914543216263,2,high_restock,0.01305107081378836,0.38845039302937706,0.5984985361568347,-2.8316891108555264,0.06803406906975354,1.0,0.0,inventory_sensor_noise
inventory,dqn,19,326,0.9686905900492814,0.9547625480086508,1.0,0.09210324242455226,2,high_restock,0.008838234309474127,0.3464090988208502,0.6447526668696757,-0.9063306154876023,0.971226139571851,1.0,0.0,inventory_sensor_noise
inventory,dqn,19,327,0.0004623505871399307,0.9567650879240034,0.9573063432982167,0.15525015055947528,2,high_restock,0.013574892010232997,0.3651908493612751,0.6212342586284918,-1.607601112058313,0.15723231420553085,1.0,0.0,inventory_sensor_noise
inventory,dqn,19,328,-0.01168604900446317,1.0,0.9688330605936526,0.005009363208099027,1,balanced_restock,0.07271586673281002,0.5102228413008375,0.4170612919663525,-1.6955908758131342,0.3590033685053517,1.0,0.0,inventory_sensor_noise
inventory,dqn,19,329,-0.0765412157549281,0.9063125884664676,0.9790408054863666,0.34529703093690545,2,high_restock,0.0015648605870886081,0.18312827709496451,0.8153068623179469,-2.317981267713999,0.10878381144621395,1.0,0.0,inventory_sensor_noise
inventory,dqn,19,330,-0.08240964887050253,1.0,1.0,0.39611887870948914,2,high_restock,0.0010287412205375204,0.15837122045509572,0.8406000383243667,-3.2762217799666415,0.15525809322196518,1.0,0.0,inventory_sensor_noise
inventory,dqn,19,331,0.05006038091577325,1.0,1.0,0.4770927431309408,2,high_restock,0.00041849251952769454,0.11786278476975948,0.8817187227107128,-4.131221941330168,0.2363891116132555,1.0,0.0,inventory_sensor_noise
inventory,dqn,19,332,0.042122482249841886,0.9542985371810344,0.9235639587818174,0.6959207800758729,2,high_restock,5.010034743620616e-05,0.055817127649249385,0.9441327720033145,-4.945901368077298,0.22061131272649895,1.0,0.0,inventory_sensor_noise
inventory,dqn,19,333,-0.0345712399233962,1.0,0.8553823585142813,0.8857893397778096,2,high_restock,9.244674422777824e-06,0.030448571277162266,0.969542184048415,-5.621257428604282,0.11921671348179232,1.0,0.0,inventory_sensor_noise
inventory,dqn,19,334,0.03507450319251279,0.9935275366094747,0.9514753586161325,0.8764975268052775,2,high_restock,8.357138932551656e-06,0.029822692858510882,0.9701689500025565,-6.359246248168671,0.13531241554900514,1.0,0.0,inventory_sensor_noise
inventory,dqn,19,335,-0.019727883574041642,1.0,0.9548509383945977,1.0,2,high_restock,2.585973887217474e-06,0.019741653900173666,0.9802557601259392,-6.469290316910336,0.05230089707097608,1.0,0.0,inventory_sensor_noise
inventory,dqn,19,336,-0.07202845681697782,1.0,0.9550349842831746,1.0,2,high_restock,2.6766454911857957e-06,0.019943301822004558,0.9800540215325043,-6.4723266651641245,0.12813723960489792,1.0,0.0,inventory_sensor_noise
inventory,dqn,19,337,-0.03343268071981575,1.0,0.8328485765242886,1.0,2,high_restock,3.109743810257857e-06,0.020737698335060728,0.979259191921129,-6.425454218086225,0.11325679134690067,1.0,0.0,inventory_sensor_noise
inventory,dqn,19,338,0.05974243978041995,1.0,0.881442867928734,0.9577614802714183,2,high_restock,4.121063515668927e-06,0.023086802578281346,0.976909076358203,-6.562752699736432,0.2445473996550065,1.0,0.0,inventory_sensor_noise
inventory,dqn,19,339,-0.16212533810760973,0.9852728142021095,0.978921610868859,0.9870723056835564,2,high_restock,3.0614523463235564e-06,0.020905066988764924,0.9790918715588887,-6.442356823503623,0.3756721464471713,1.0,0.0,inventory_sensor_noise
inventory,dqn,19,340,-0.04530126016469851,0.8994785464519929,0.6325779740428081,1.0,2,high_restock,3.7097814235501522e-06,0.021630424366646795,0.9783658658519296,-6.559225544093502,0.19694310474026192,1.0,0.0,inventory_sensor_noise
inventory,dqn,19,341,0.03306297206352405,0.9446728970085869,0.8075154036849024,1.0,2,high_restock,2.8898405123557753e-06,0.020257357422442678,0.979739752737045,-6.743354430386165,0.2201297464810083,1.0,0.0,inventory_sensor_noise
inventory,dqn,19,342,-0.0733505262376861,0.9537807423358443,1.0,1.0,2,high_restock,2.3774269955121594e-06,0.019285372434318215,0.9807122501386863,-6.72880856550087,0.09076152024536363,1.0,0.0,inventory_sensor_noise
inventory,dqn,19,343,-0.10059148945098914,0.969233633775678,0.9148131957013896,1.0,2,high_restock,2.786646574557201e-06,0.020138534156992596,0.9798586791964328,-6.6796658133209625,0.07939950798620506,1.0,0.0,inventory_sensor_noise
inventory,dqn,19,344,-0.027447373469306428,0.944564078757766,0.8962219821603696,1.0,2,high_restock,2.647826144385475e-06,0.01981546160872194,0.9801818905651336,-6.2793631159846175,0.09816728124126375,1.0,0.0,inventory_sensor_noise
inventory,dqn,19,345,0.015767580404160698,1.0,0.9647503814123609,1.0,2,high_restock,2.490098895242681e-06,0.019531336009246527,0.9804661738918583,-6.316165361028984,0.05306141703775641,1.0,0.0,inventory_sensor_noise
inventory,dqn,19,346,0.011495574000732653,0.9605699565208236,1.0,1.0,2,high_restock,2.2654567489049365e-06,0.019017806586200902,0.9809799279570502,-6.702244823554313,0.20452646384223402,1.0,0.0,inventory_sensor_noise
inventory,dqn,19,347,0.0681964602417029,1.0,0.8074867392034318,1.0,2,high_restock,3.0147835641814624e-06,0.0205274195571867,0.9794695656592491,-6.522857174262522,0.25138499062847147,1.0,0.0,inventory_sensor_noise
inventory,dqn,19,348,-0.09346076332331206,1.0,1.0,1.0,2,high_restock,2.5450551158143547e-06,0.019686217189021582,0.9803112377558626,-6.654187574465707,0.10795392897677979,1.0,0.0,inventory_sensor_noise
inventory,dqn,19,349,-0.021801205096696,1.0,1.0,0.9192599325223849,2,high_restock,5.34762421908467e-06,0.025566977875568993,0.974427674500212,-6.364619237956896,0.11838743094316302,1.0,0.0,inventory_sensor_noise
inventory,dqn,19,350,0.06478184930214324,1.0,1.0,1.0,2,high_restock,2.2913140427855476e-06,0.01908853288332187,0.9809091758026354,-6.486875716664797,0.12708228170120522,1.0,0.0,inventory_sensor_noise
inventory,dqn,19,351,-0.026402325119975326,0.9786967085995725,1.0,0.9140842131337342,2,high_restock,5.501109225137915e-06,0.025841918900612933,0.974152579990162,-6.408336774932845,0.14853589018526123,1.0,0.0,inventory_sensor_noise
inventory,dqn,19,352,0.11012248855253093,1.0,1.0,0.9685824305387458,2,high_restock,3.0223340780742285e-06,0.021051419132617846,0.9789455585333041,-6.498301937409419,0.16266548082063287,1.0,0.0,inventory_sensor_noise
inventory,dqn,19,353,0.10283373703823939,0.8410482829020605,0.9875814367685123,1.0,2,high_restock,1.8840156288670911e-06,0.017991297500455056,0.9820068184839161,-6.5003575876936734,0.21965342115205844,1.0,0.0,inventory_sensor_noise
inventory,dqn,19,354,-0.004430113229267485,0.9196699681422948,0.8136311113255353,0.9826216589439227,2,high_restock,3.3784557798466888e-06,0.021401866835221113,0.9785947547089989,-6.496675821661819,0.37272018978638133,1.0,0.0,inventory_sensor_noise
inventory,dqn,19,355,0.0354313197833317,1.0,0.4522774268604992,1.0,2,high_restock,5.1457662433308235e-06,0.02370982667809254,0.9762850275556642,-6.316483966045347,0.6254717903559002,1.0,0.0,inventory_sensor_noise
inventory,dqn,19,356,-0.19901574626697277,0.8356502185273216,1.0,0.903882020647819,2,high_restock,5.751930041699876e-06,0.02627310049293738,0.9737211475770209,-6.812190223131282,0.27564436621429766,1.0,0.0,inventory_sensor_noise
inventory,dqn,19,357,0.00030886335466519835,1.0,1.0,1.0,2,high_restock,2.3914573228039955e-06,0.01932842003911516,0.980669188503562,-6.409601776790161,0.1967165630159752,1.0,0.0,inventory_sensor_noise
inventory,dqn,19,358,0.030618185514379573,1.0,0.9034317802584821,0.8313188508131667,2,high_restock,1.4115310155305042e-05,0.03561300687168352,0.9643728778181612,-6.559808623412421,0.20316819410685388,1.0,0.0,inventory_sensor_noise
inventory,dqn,19,359,-0.028210280252393884,0.9938538176783452,1.0,1.0,2,high_restock,2.419468781339873e-06,0.019393167979519985,0.9806044125516986,-6.467562860501957,0.058120036809921775,1.0,0.0,inventory_sensor_noise
inventory,dqn,19,360,-0.026041850099492336,0.9361376165512688,1.0,0.9935133431632688,2,high_restock,2.403967575051541e-06,0.019411603134379424,0.9805859928980455,-6.913203171214169,0.1632359927760221,1.0,0.0,inventory_sensor_noise
inventory,dqn,19,361,0.12404315448425432,1.0,1.0,1.0,2,high_restock,2.2029645078161523e-06,0.01887119049001564,0.9811266065454767,-6.865599121485304,0.09679023737286171,1.0,0.0,inventory_sensor_noise
inventory,dqn,19,362,0.048749379176622386,1.0,0.93917897197006,1.0,2,high_restock,2.5273517935499494e-06,0.019595870460626587,0.9804016021875799,-6.50327362212302,0.10156061361973723,1.0,0.0,inventory_sensor_noise
inventory,dqn,19,363,-0.026427169568029162,0.9726445498390243,1.0,0.985319173949256,2,high_restock,2.7201584318820217e-06,0.020222563427508503,0.9797747164140598,-6.500132238680297,0.06388811907643054,1.0,0.0,inventory_sensor_noise
inventory,dqn,19,364,0.027599611731578523,1.0,0.985894988320221,1.0,2,high_restock,2.3965879924450245e-06,0.01932914302263419,0.9806684603893733,-6.963983889417091,0.05223331614765266,1.0,0.0,inventory_sensor_noise
inventory,dqn,19,365,-0.02189706326050408,1.0,0.9692097109623592,1.0,2,high_restock,2.5367948747416564e-06,0.019642094728731154,0.9803553684763942,-6.91757723318619,0.16563428449902823,1.0,0.0,inventory_sensor_noise
inventory,dqn,19,366,0.14072861300750325,0.9937100301386389,1.0,1.0,2,high_restock,2.1625440248196544e-06,0.01876848870657194,0.9812293487494033,-6.9563138930561665,0.15217743381639343,1.0,0.0,inventory_sensor_noise
inventory,dqn,19,367,0.0214497551193119,1.0,0.9057081037258523,1.0,2,high_restock,2.7003893510701843e-06,0.019953891680828475,0.9800434079298206,-6.968983619156789,0.17599550849712822,1.0,0.0,inventory_sensor_noise
inventory,dqn,19,368,0.17029814578048677,1.0,0.9996153750563569,1.0,2,high_restock,2.1375831917158464e-06,0.01870620667683361,0.9812916557399747,-6.5726349628476886,0.3538253272275794,1.0,0.0,inventory_sensor_noise
inventory,dqn,19,369,-0.17310451840377558,1.0,0.9143688360130948,1.0,2,high_restock,3.0346379932434506e-06,0.020659138913804234,0.9793378264482024,-6.852062642889237,0.2765368161226897,1.0,0.0,inventory_sensor_noise
inventory,dqn,19,370,0.09759374353420879,0.9919441523957078,0.9703167133133566,1.0,2,high_restock,2.3174042728648247e-06,0.01912570987878164,0.9808719727169454,-6.8882639815026545,0.21210213325623412,1.0,0.0,inventory_sensor_noise
inventory,dqn,19,371,-0.11194833955147844,0.9847650295244019,0.9560807885704179,0.9712732008488879,2,high_restock,3.568414520238646e-06,0.0220287335923516,0.9779676979931282,-6.563507824241431,0.33942530169388563,1.0,0.0,inventory_sensor_noise
inventory,dqn,19,372,0.20692889514124965,1.0,0.9421915258668008,0.8568099810756278,2,high_restock,9.234276047659598e-06,0.031095695622217725,0.9688950701017347,-6.7109757619848125,0.23405259432134498,1.0,0.0,inventory_sensor_noise
inventory,dqn,19,373,0.04586635290368256,0.9293298281072335,1.0,1.0,2,high_restock,2.133950273042075e-06,0.018683392687666237,0.9813144733620607,-6.487996857914411,0.11031215909231645,1.0,0.0,inventory_sensor_noise
inventory,dqn,19,374,0.023501831396530823,0.9821148991127775,0.9354276343099833,0.9313505536111243,2,high_restock,4.953798361246174e-06,0.024769455551643997,0.9752255906499947,-6.638993227678814,0.08221041788007083,1.0,0.0,inventory_sensor_noise
inventory,dqn,19,375,0.1025554170853897,1.0,0.9490515764293236,0.9294545670255032,2,high_restock,4.802373968616501e-06,0.02460614796069301,0.9753890496653383,-6.735197235490435,0.11070844162971745,1.0,0.0,inventory_sensor_noise
inventory,dqn,19,376,-0.005415285126138889,1.0,0.9694008661952266,0.9430410646629845,2,high_restock,4.3755579605224195e-06,0.023755628146084905,0.9762399962959546,-6.92910287234409,0.1917519306105541,1.0,0.0,inventory_sensor_noise
inventory,dqn,19,377,0.03079406692646868,0.8273546165356187,0.9203403222671829,1.0,2,high_restock,2.141673824161756e-06,0.01861943523517554,0.9813784230910003,-6.621682476950687,0.24912173882789282,1.0,0.0,inventory_sensor_noise
inventory,dqn,19,378,0.03540589548821626,1.0,1.0,0.8391016497726271,2,high_restock,1.1336043885027737e-05,0.03336546968413093,0.9666231942719842,-6.565996373502376,0.09015031541983912,1.0,0.0,inventory_sensor_noise
inventory,dqn,19,379,0.0412732695627854,0.981028269634483,0.9762231271089318,0.9237620717785778,2,high_restock,4.967084076466618e-06,0.024932709832577782,0.9750623230833457,-6.465885258226308,0.08219954611121302,1.0,0.0,inventory_sensor_noise
inventory,dqn,19,380,0.03688266096546971,1.0,1.0,1.0,2,high_restock,2.334087211013583e-06,0.019191515508919583,0.9808061504038694,-6.282487875858387,0.10999495365538745,1.0,0.0,inventory_sensor_noise
inventory,dqn,19,381,-0.026299151932770076,1.0,0.9099614063384892,1.0,2,high_restock,2.7704087249200998e-06,0.020108596724583882,0.9798886328666911,-6.557231330767183,0.1607389834199367,1.0,0.0,inventory_sensor_noise
inventory,dqn,19,382,-0.1794612393380399,0.9825817902742691,0.9555135933604713,1.0,2,high_restock,2.8137613379112485e-06,0.020234204585223195,0.979762981653439,-6.410388994111029,0.16920832742787273,1.0,0.0,inventory_sensor_noise
inventory,dqn,19,383,-0.016552997001884364,0.9947754890077358,0.9747051094700164,0.9603091689366785,2,high_restock,3.6729875535000225e-06,0.022365204616958036,0.9776311223954885,-6.210279206835029,0.07692881435442599,1.0,0.0,inventory_sensor_noise
inventory,dqn,19,384,-0.08564214663522009,1.0,1.0,0.982163341968119,2,high_restock,3.014003621410726e-06,0.02088540103250762,0.9791115849638709,-6.111409935259193,0.10625473551009908,1.0,0.0,inventory_sensor_noise
inventory,dqn,19,385,-0.014437180114883794,1.0,0.9215433773115043,0.9901932807894248,2,high_restock,2.9751278534329273e-06,0.020650960622509713,0.9793460642496369,-6.150783654070157,0.21441016706462926,1.0,0.0,inventory_sensor_noise
inventory,dqn,19,386,0.18146831468623703,0.9787357816676744,1.0,0.9588062098454765,2,high_restock,3.092432567025267e-06,0.021295553029572232,0.9787013545378607,-6.531931268234643,0.17540976196801567,1.0,0.0,inventory_sensor_noise
inventory,dqn,19,387,0.028732193857835552,0.9029509966467156,1.0,1.0,2,high_restock,2.091943127180183e-06,0.01857042721576291,0.98142748084111,-6.173801970035148,0.10172112788015805,1.0,0.0,inventory_sensor_noise
inventory,dqn,19,388,0.050690464073931914,1.0,0.9897527736428141,0.9815200777478054,2,high_restock,2.8116948646856165e-06,0.020460649209870636,0.9795365390952648,-6.277273515537619,0.08584207330197077,1.0,0.0,inventory_sensor_noise
inventory,dqn,19,389,-0.008203323493033259,1.0,0.9277265095757437,0.9888088294022483,2,high_restock,2.9766245345899744e-06,0.02067396392349109,0.9793230594519743,-6.520212671966025,0.06913762670010737,1.0,0.0,inventory_sensor_noise
inventory,dqn,19,390,-0.07642917999671565,1.0,0.9276861274713286,1.0,2,high_restock,2.792090884879928e-06,0.02016972165672175,0.9798274862523935,-6.387447371881848,0.15579912829637727,1.0,0.0,inventory_sensor_noise
inventory,dqn,19,391,0.006905807638184419,0.9706223457671412,1.0,0.8939985590405313,2,high_restock,6.496915334327084e-06,0.02744892771923925,0.9725445753654265,-6.258803292891667,0.11502174258539719,1.0,0.0,inventory_sensor_noise
inventory,dqn,19,392,0.012062503612190146,0.9549661104895134,0.9585031740314892,1.0,2,high_restock,2.3877396977983903e-06,0.019275418183014537,0.9807221940772878,-6.279770353103238,0.058299092672186914,1.0,0.0,inventory_sensor_noise
inventory,dqn,19,393,0.0617855398985484,0.9836526435773483,0.9483303333138581,1.0,2,high_restock,2.4253293781182407e-06,0.01936243295035392,0.9806351417202679,-6.674379014390269,0.15767511053142222,1.0,0.0,inventory_sensor_noise
inventory,dqn,19,394,-0.09162358782645096,1.0,0.9157882284921091,0.9990751413555955,2,high_restock,2.895023020358803e-06,0.020385551840662902,0.9796115531363166,-6.554908354194985,0.2176397366052508,1.0,0.0,inventory_sensor_noise
inventory,dqn,19,395,0.09334831287869025,0.9352837993119099,1.0,0.9558011097993384,2,high_restock,3.206815690015931e-06,0.021544867256830125,0.9784519259274799,-6.481791332050922,0.17566695672751204,1.0,0.0,inventory_sensor_noise
inventory,dqn,19,396,-0.030275262924721043,1.0,0.9028693525965542,1.0,2,high_restock,2.8061596823314537e-06,0.02017877009918933,0.9798184237411284,-6.836574966397843,0.13751723982235,1.0,0.0,inventory_sensor_noise
inventory,dqn,19,397,-0.11461845711897718,0.8955974089813836,0.9328245830257672,1.0,2,high_restock,2.511668682181115e-06,0.01952768337643969,0.9804698049548782,-6.497252960138517,0.23165003372392087,1.0,0.0,inventory_sensor_noise
inventory,dqn,19,398,0.08807416506634094,0.825351405479406,1.0,0.9440500099886366,2,high_restock,3.1687475995982134e-06,0.0215767360111816,0.9784200952412189,-6.519014496231944,0.10259776048456841,1.0,0.0,inventory_sensor_noise
inventory,dqn,19,399,0.053643509476752595,0.8929958000215648,0.959569010439106,1.0,2,high_restock,2.1550911208005e-06,0.01869738540839126,0.9813004595004879,-6.688102371299455,0.054024491114160675,1.0,0.0,inventory_sensor_noise
inventory,dqn,19,400,0.03929261767631845,0.8601623928300602,1.0,1.0,2,high_restock,1.974658410361956e-06,0.018252891343174517,0.9817451339984151,-6.481818484623285,0.1832086461202494,1.0,0.0,inventory_sensor_noise
inventory,dqn,19,401,-0.025360692529515845,0.9579772913444239,1.0,0.8592249911338391,2,high_restock,9.19987815709109e-06,0.030986009348314497,0.9690047907735284,-6.919420815608183,11.081826002788013,0.0,0.0,none
inventory,dqn,19,402,0.0,11.985977180246541,2.0814921352449116,1.0,0,low_restock,0.9659623887455571,0.03176485513265377,0.0022727561217891446,-5.646671102902147,1.2433170872449006,0.0,0.0,none
inventory,dqn,19,403,0.0,10.812431823337464,2.491445570418612,0.9761912683753835,0,low_restock,0.9217988293914625,0.0708108553503357,0.007390315258201846,-5.087881532959719,0.12572919701001925,0.0,0.0,none
inventory,dqn,19,404,0.0,10.756941988773393,2.438796808175853,0.8764074165999499,0,low_restock,0.9535631541412558,0.04303112953805482,0.0034057163206893436,-4.768541202371645,0.238411318904747,0.0,0.0,none
inventory,dqn,19,405,0.0,10.525548743492216,2.445524784272872,0.8193823575663651,0,low_restock,0.9502344973219085,0.04604243207314423,0.0037230706049472704,-4.844177561140651,1.744203390654576,0.0,0.0,none
inventory,dqn,19,406,0.0,8.791004058127914,2.6283300826151597,0.8328888502036876,1,balanced_restock,0.3781779622728956,0.43335497951865815,0.18846705820844636,-5.305048536332898,0.0687525266612721,0.0,0.0,none
inventory,dqn,19,407,0.0,8.83737865916775,2.620537202384365,0.8830443814880176,1,balanced_restock,0.2581149257856499,0.46735365858947575,0.2745314156248744,-5.652087593322506,0.0619794536976387,0.0,0.0,none
inventory,dqn,19,408,0.0,8.836458773949104,2.6209487894979593,0.9450156416647332,1,balanced_restock,0.12709434289018737,0.45655434691961216,0.4163513101902004,-5.657867391037051,0.3835982606684384,0.0,0.0,none
inventory,dqn,19,409,0.0,8.625035354806673,2.3008758319060014,0.9460477483994733,2,high_restock,0.10792148391814321,0.4412480049921715,0.45083051108968536,-6.210295556634471,0.961336901898293,0.0,0.0,none
inventory,dqn,19,410,0.0,9.295614114342934,2.987594057059122,1.0,1,balanced_restock,0.12009332885651827,0.4551576096127974,0.4247490615306843,-6.361617793137669,0.6208653198184383,0.0,0.0,none
inventory,dqn,19,411,0.0,9.680660528421274,2.5005488801415563,1.0,1,balanced_restock,0.3595043268523568,0.4258094560373135,0.21468621711032967,-5.984545139309748,0.6412264795199697,0.0,0.0,none
inventory,dqn,19,412,0.0,10.321475118127525,2.5235284288138797,1.0,0,low_restock,0.6916174900060694,0.24661886244235096,0.0617636475515797,-5.1765673017473866,1.1902727018320933,0.0,0.0,none
inventory,dqn,19,413,0.0,11.49765450623308,2.3760840973209607,0.892244161026319,0,low_restock,0.9610912651721878,0.036198186093184044,0.0027105487346282377,-5.009699433303849,0.8385028641755237,0.0,0.0,none
inventory,dqn,19,414,0.0,10.729273671628283,2.7104342660846723,0.8624463273756874,0,low_restock,0.9535567974082647,0.043023292458981614,0.0034199101327536596,-4.594304531581441,0.5268759272906826,0.0,0.0,none
inventory,dqn,19,415,0.0,10.298831339927855,2.4157898762788568,0.7882686663538289,0,low_restock,0.9470286628199035,0.04893869705786255,0.004032640122233883,-4.400602897933981,0.45714558507923164,0.0,0.0,none
inventory,dqn,19,416,0.0,10.58712990689068,2.06270407455732,0.7536790889167823,0,low_restock,0.9493795454422259,0.04683641586501506,0.003784038692759086,-3.9618781961931147,0.09122093684361905,0.0,0.0,none
inventory,dqn,19,417,0.0,10.545304509517218,2.041867552909549,0.6753353921773418,0,low_restock,0.9466140698999179,0.04936604999860914,0.004019880101472871,-3.338910331760068,0.14160247839844287,0.0,0.0,none
inventory,dqn,19,418,0.0,10.5941424249683,2.114605673485909,0.5640911306714407,0,low_restock,0.9442141038714795,0.05157016344343894,0.0042157326850817195,-2.5995858730008132,1.4550895079168813,0.0,0.0,none
inventory,dqn,19,419,0.0,12.025283900757591,2.3419593285917673,0.4320689058930023,0,low_restock,0.9132652166631885,0.0790572829183919,0.007677500418419546,-2.1061525073015055,0.21727414963827377,0.0,0.0,none
inventory,dqn,19,420,0.0,12.22038006069984,2.304789099834575,0.34395580487526883,0,low_restock,0.834031578524235,0.14778248258639834,0.01818593888936656,-1.3388868417015976,1.5927048515809308,0.0,0.0,none
inventory,dqn,19,421,0.0,13.654290140580958,1.6252021561671244,0.2069440788752853,0,low_restock,0.5366553617239326,0.3502756310325563,0.11306900724351117,-0.6161240435209199,0.8109446958416713,0.0,0.0,none
inventory,dqn,19,422,0.0,14.364385381680483,1.255420694417168,0.07787929348587855,1,balanced_restock,0.12415197786530692,0.4843075443655626,0.3915404777691305,-0.6574864328093629,0.027507352466047783,0.0,0.0,none
inventory,dqn,19,423,0.0,14.35355974737676,1.260574827193955,0.05312257728738624,1,balanced_restock,0.07806302408987593,0.48034403443266627,0.44159294147745776,-0.4179444896283199,0.07251448968812299,0.0,0.0,none
inventory,dqn,19,424,0.0,14.304103458431232,1.2292268386175802,0.010347230290771416,2,high_restock,0.03375481323851353,0.45042315021992635,0.51582203654156,-0.6449062691154006,1.0495649007301233,0.0,0.0,none
inventory,dqn,19,425,0.0,15.353115595465264,1.1962163604877007,0.018733262342035824,2,high_restock,0.0212436458237016,0.43427994527724023,0.5444764088990581,-0.7024835033724492,0.4116819701298914,0.0,0.0,none
inventory,dqn,19,426,0.0,15.69100834582287,1.4311734235442648,0.02901491131650878,2,high_restock,0.022032277174249538,0.4388251006321893,0.5391426221935611,-1.0064554265488963,0.2076697246629323,0.0,0.0,none
inventory,dqn,19,427,0.0,15.524171542430059,1.542285084143762,0.08329561188373147,1,balanced_restock,0.07460324210320195,0.4869421218932595,0.43845463600353846,-0.42609534035825813,0.6941521109198845,0.0,0.0,none
inventory,dqn,19,428,0.0,16.178477731127764,1.3217871619239676,0.01180273934968896,2,high_restock,0.011172263523763137,0.4057582499997276,0.5830694864765094,-0.9333689468722902,0.3312539086893549,0.0,0.0,none
inventory,dqn,19,429,0.0,15.961438856890078,1.5651137839508216,0.07024445479862325,2,high_restock,0.04470962904576865,0.47325776002484404,0.4820326109293873,-1.265920415355808,0.7165209596695534,0.0,0.0,none
inventory,dqn,19,430,0.0,15.24746463439898,1.5543150272184658,0.1296286455992514,1,balanced_restock,0.20161093925069573,0.47490785832345955,0.3234812024258447,-1.1272747464781057,1.176668053792385,0.0,0.0,none
inventory,dqn,19,431,0.0,14.088021892235858,1.754778746223663,0.137013347585376,1,balanced_restock,0.36651747589037076,0.4066399049203099,0.22684261918931942,-1.029387815674248,0.19852482917848613,0.0,0.0,none
inventory,dqn,19,432,0.0,13.892669027186619,1.7855004355034405,0.11953353851325857,1,balanced_restock,0.3219499651803223,0.4239934920947246,0.25405654272495304,-1.2518773602349618,1.5576322801353797,0.0,0.0,none
inventory,dqn,19,433,0.0,12.335544950308241,1.7876062629212424,0.15926381432767175,0,low_restock,0.5076513263606137,0.3644888708609015,0.12785980277848485,-0.34892361404756883,0.3533863328973798,0.0,0.0,none
inventory,dqn,19,434,0.0,12.561113332061803,2.027052047548831,0.030164931079923005,1,balanced_restock,0.14498276247564212,0.4746119032279586,0.3804053342963993,-0.6305194724702017,0.6229782024451432,0.0,0.0,none
inventory,dqn,19,435,0.0,11.938502357214016,2.0157260468977287,0.048307048655393155,1,balanced_restock,0.26527479222137385,0.43903579079882904,0.2956894169797971,-0.7782901340748174,0.2957096714133249,0.0,0.0,none
inventory,dqn,19,436,0.0,11.67246153100822,2.142099233008618,0.07469466679907454,1,balanced_restock,0.3699206548438733,0.4074113101858398,0.22266803497028687,-0.6458696046197673,0.11264542798343766,0.0,0.0,none
inventory,dqn,19,437,0.0,11.758795527636202,2.210482530796089,0.0510481436821013,1,balanced_restock,0.3030164929961178,0.42396719069754707,0.27301631630633505,-0.6578192295346902,0.6540360336131693,0.0,0.0,none
inventory,dqn,19,438,0.0,12.28514532675068,1.8222629165681339,0.05318200527405182,1,balanced_restock,0.2409946883359852,0.4487866731056207,0.310218638558394,-0.8490197979717555,1.1528876100995078,0.0,0.0,none
inventory,dqn,19,439,0.0,11.199759540189532,1.4350655583299168,0.08732496392352777,1,balanced_restock,0.39898724675566744,0.40812811224792156,0.19288464099641092,-0.8064472582356603,0.3657506093770831,0.0,0.0,none
inventory,dqn,19,440,0.0,11.560180535586353,1.4968103580739598,0.07972272468493935,1,balanced_restock,0.3660421962919695,0.414501764064793,0.2194560396432375,-0.9554535299380104,0.026945027836559013,0.0,0.0,none
inventory,dqn,19,441,0.0,11.557091510342017,1.4997245987480536,0.10633098748893041,0,low_restock,0.4236934115950156,0.3997334010580622,0.1765731873469221,-0.29185607633687227,0.4863347064134034,0.0,0.0,none
inventory,dqn,19,442,0.0,11.235033820707239,1.1456867284258492,0.019974299345870045,1,balanced_restock,0.2184191407321107,0.4493207449412678,0.33226011432662145,-0.8604827998622757,1.2234336238144332,0.0,0.0,none
inventory,dqn,19,443,0.0,10.293341074181035,1.9236253970115773,0.08937192854683496,0,low_restock,0.4667931669001418,0.3835958675865145,0.14961096551334388,-0.2581066986874164,0.34236396558441773,0.0,0.0,none
inventory,dqn,19,444,0.0,10.627282748210849,1.9209388237348846,0.013947624765610074,1,balanced_restock,0.27876522329614517,0.4279165858072936,0.2933181908965612,-0.38800733717282654,0.02815409439179893,0.0,0.0,none
inventory,dqn,19,445,0.0,10.646099802657085,1.9398738428489928,0.00500131020943331,1,balanced_restock,0.2411438809453145,0.4412902639145143,0.31756585514017116,-0.6778750279959677,0.41273437874398144,0.0,0.0,none
inventory,dqn,19,446,0.0,10.293946254855106,2.148819367926906,0.056763397856422794,0,low_restock,0.40311424755361946,0.4025241804511204,0.19436157199526005,-0.6995000692012736,1.4924028666252744,0.0,0.0,none
inventory,dqn,19,447,1.4842859120036387,10.176497373242908,2.0642893459778926,0.0,2,high_restock,0.04398688289287071,0.4135451579386453,0.542467959168484,-0.7857364006541809,1.9774855448745474,0.0,0.0,none
inventory,dqn,19,448,0.0,11.436865998020235,1.7223979081796923,0.04388150011681802,1,balanced_restock,0.30185353563483697,0.42204047432076813,0.276105990044395,-0.7078042393481276,0.11518765992779088,0.0,0.0,none
inventory,dqn,19,449,0.0,11.325756148348223,1.7467001026700055,0.06210789988359421,1,balanced_restock,0.3484986759744644,0.4156719356177624,0.23582938840777323,-0.6720377954255505,0.04437958740127076,0.0,0.0,none
inventory,dqn,19,450,0.0,11.289923854368192,1.7213071421950221,0.05572103489741974,1,balanced_restock,0.3361376390119446,0.417730459094926,0.2461319018931294,-1.0143764405682467,0.2692390758495602,0.0,0.0,none
inventory,dqn,19,451,0.0,11.158746468569301,1.9483425229386513,0.11685293581575833,0,low_restock,0.48226615860634003,0.37591607320043297,0.14181776819322695,-0.6564134029729864,0.7160788056848298,0.0,0.0,none
inventory,dqn,19,452,0.0,10.512109310166807,2.254315281933088,0.08507382195946185,0,low_restock,0.45699515616923353,0.3843590295352414,0.1586458142955251,-1.0344553554532774,2.4644269345471477,0.0,0.0,none
inventory,dqn,19,453,2.441301015580793,10.70260120475161,2.51874816559233,0.0,2,high_restock,0.008278550576104212,0.3220139027087356,0.6697075467151601,-0.6275775263335709,2.5870642408916753,0.0,0.0,none
inventory,dqn,19,454,0.0,11.45056678253639,2.9349856685067217,0.015638843988137655,1,balanced_restock,0.21296924176534393,0.45624004629323395,0.33079071194142207,-0.6051793303468975,0.4842638333651028,0.0,0.0,none
inventory,dqn,19,455,0.0,10.967146162696633,2.9300942393937355,0.043782023276231694,1,balanced_restock,0.3649197838530808,0.40231470356098903,0.23276551258593017,-0.5497991329603533,1.6691910147522793,0.0,0.0,none
inventory,dqn,19,456,0.5422832370295811,12.544397748826531,2.8802133507186083,0.0,2,high_restock,0.043543831174173736,0.44596706088460053,0.5104891079412257,-1.0688901141669032,1.0163818430873328,0.0,0.0,none
inventory,dqn,19,457,0.0,13.068808222015207,2.2056506753584437,0.09444466324408984,1,balanced_restock,0.32648254466714005,0.41946783018699346,0.2540496251458664,-0.49727961111936053,0.6936242586958316,0.0,0.0,none
inventory,dqn,19,458,0.0,13.56854076908544,2.6815621442644026,0.024514216271314383,1,balanced_restock,0.0801881045416827,0.48037856072027524,0.4394333347380421,-1.8082777065297413,4.225181562491265,0.0,0.0,none
inventory,dqn,19,459,4.13793630437069,14.246531076708067,3.2005713666849083,0.0,2,high_restock,6.371555776351018e-05,0.1316865403498555,0.8682497440923811,-0.9135830809033867,3.3180306044894947,0.0,0.0,none
inventory,dqn,19,460,1.0673802311525336,15.22642437209775,2.412649020763458,0.0,2,high_restock,0.0036475237525360415,0.32615502109867306,0.6701974551487909,-0.8345165153046102,1.1728541747032515,0.0,0.0,none
inventory,dqn,19,461,0.0,14.755252064332558,2.519966635764903,0.05259223487582325,1,balanced_restock,0.06972478763630582,0.48361315418990297,0.4466620581737913,-0.8424725101602824,2.0390191734362766,0.0,0.0,none
inventory,dqn,19,462,1.3784928861722356,15.997923862651703,1.6771396007771044,0.0,2,high_restock,0.0012729351754271233,0.27237444388979054,0.7263526209347824,-1.0002210719032418,0.267795151215576,0.0,0.0,none
inventory,dqn,19,463,1.3149173482949763,16.206182497457398,1.833026531040865,0.0,2,high_restock,0.0012496092218554264,0.2737658896335301,0.7249845011446145,-0.8996068517077864,1.7714103027637258,0.0,0.0,none
inventory,dqn,19,464,0.0,15.073395609856396,2.181676876721886,0.06421550923353327,1,balanced_restock,0.07066731058783303,0.4848431241291151,0.4444895652830519,-0.5133969321326444,0.07994364729414408,0.0,0.0,none
inventory,dqn,19,465,0.0,15.003031623437883,2.190839196588226,0.027392309309400786,2,high_restock,0.035006130001059566,0.45904435816233696,0.5059495118366034,-0.871111438319675,0.5369084009606411,0.0,0.0,none
inventory,dqn,19,466,0.0,15.508512692462338,2.012647090742583,0.059127042557084813,2,high_restock,0.04877143567569395,0.47519880195696046,0.4760297623673456,-0.9994773544272699,0.16036673177949543,0.0,0.0,none
inventory,dqn,19,467,0.0,15.375608036697377,1.9258807331022054,0.08204952757629817,1,balanced_restock,0.08225632808756846,0.4891614001986488,0.42858227171378277,-0.9742823729575355,1.6327330844656829,0.0,0.0,none
inventory,dqn,19,468,0.0,13.801310597947165,2.357900087247752,0.10969328088527419,1,balanced_restock,0.30287364377445225,0.4330197559250612,0.2641066003004865,-0.6566927569560919,0.7587771780853533,0.0,0.0,none
inventory,dqn,19,469,0.0,14.557285236879235,2.325824373754074,0.052980849456444976,1,balanced_restock,0.07712141660369774,0.4842827458511504,0.43859583754515186,-0.48946116307713583,0.10218018118839772,0.0,0.0,none
inventory,dqn,19,470,0.0,14.45983942263877,2.3331262097815455,0.023118064835202824,2,high_restock,0.0449471692859921,0.46674790684426226,0.48830492386974567,-0.8935067677010826,0.13415888515515184,0.0,0.0,none
inventory,dqn,19,471,0.0,14.344011676546481,2.2785195422371336,0.06312620851805047,1,balanced_restock,0.10504422527350113,0.48712608698657606,0.4078296877399228,-0.9413647609369888,1.5286441729520632,0.0,0.0,none
inventory,dqn,19,472,0.0,12.895281483725702,2.7646041512300212,0.10381513588160515,1,balanced_restock,0.3891586853390672,0.3951784889891352,0.2156628256717975,-1.0269207834683631,0.23636485088721096,0.0,0.0,none
inventory,dqn,19,473,0.0,13.068403973722932,2.6044057331658115,0.11909299704792198,0,low_restock,0.4083649368946023,0.39175413381584584,0.19988092928955187,-0.3560146984008496,0.8882724736363397,0.0,0.0,none
inventory,dqn,19,474,0.0,12.301695146388104,2.1645182814591477,0.031431196143008856,1,balanced_restock,0.17145415845761275,0.46909652054060996,0.35944932100177734,-0.3881022177507781,0.06694254117221267,0.0,0.0,none
inventory,dqn,19,475,0.0,12.253397363315894,2.126426492154939,0.005018253169781797,1,balanced_restock,0.10855465898585857,0.47512226692341625,0.4163230740907251,-0.5840302001148155,1.1999324157112359,0.0,0.0,none
inventory,dqn,19,476,0.0,11.123691418965668,1.7234647301607902,0.04000539287764564,1,balanced_restock,0.3120954911383864,0.4203903367983598,0.2675141720632538,-0.4736768942120723,0.857893423710711,0.0,0.0,none
inventory,dqn,19,477,0.0,11.969219666812291,1.5796774422201771,0.020299445395012914,1,balanced_restock,0.1586097296764307,0.4682759404787283,0.373114329844841,-0.6508819602218663,0.3083748300880363,0.0,0.0,none
inventory,dqn,19,478,0.0,11.740097058116243,1.7836297365345117,0.05194320718247614,1,balanced_restock,0.29990193014070377,0.42425776330295617,0.2758403065563401,-0.601528234616703,0.10151220932976937,0.0,0.0,none
inventory,dqn,19,479,0.0,11.836216159460365,1.8150649893160578,0.043130041895839834,1,balanced_restock,0.25244254869503063,0.44273284516761335,0.3048246061373559,-0.5272674103472833,0.2545652733239284,0.0,0.0,none
inventory,dqn,19,480,0.0,11.652087018508738,1.6397821111225552,0.029869180419157742,1,balanced_restock,0.2194250626281015,0.45222770392364686,0.3283472334482518,-1.0348465334914043,1.4816393491130595,0.0,0.0,none
inventory,dqn,19,481,0.0,10.872959166558527,2.8967624210024097,0.12050830955203651,0,low_restock,0.5363507646721928,0.3463971347424711,0.11725210058533615,-0.8031231460933255,1.349319489462332,0.0,0.0,none
inventory,dqn,19,482,0.0,9.526384370296867,2.982284892457552,0.11127199037380812,0,low_restock,0.5822214678688457,0.3254748026371826,0.09230372949397166,-0.6756036920444615,0.4478021028236237,0.0,0.0,none
inventory,dqn,19,483,0.0,9.088195670443513,3.0717211999334553,0.08850065929365385,0,low_restock,0.5569375542076409,0.33930814917475366,0.10375429661760535,-0.39594988942056575,0.8044240776621905,0.0,0.0,none
inventory,dqn,19,484,0.0,8.463945862990343,2.5668286837564804,0.038562480253672454,0,low_restock,0.4722482870931248,0.3799459433058106,0.1478057696010645,-1.0402088318834621,2.5514007818672106,0.0,0.0,none
inventory,dqn,19,485,2.457739519667035,8.109716429801615,1.9818527466796247,0.0,2,high_restock,0.03654183849539444,0.3804668869671507,0.5829912745374548,-0.9435961939446256,2.6565444017178295,0.0,0.0,none
inventory,dqn,19,486,0.0,9.078125848866948,1.7103134014991557,0.07207074891868313,0,low_restock,0.4852127347717989,0.37965838874286484,0.13512887648533628,-0.35393158625543886,0.644089221131723,0.0,0.0,none
inventory,dqn,19,487,0.0,9.522978899594715,1.2463363095409419,0.031059211831328374,1,balanced_restock,0.35896683049097283,0.42255666533436037,0.21847650417466674,-0.8591716068810209,0.1358110043828573,0.0,0.0,none
inventory,dqn,19,488,0.0,9.591080212908603,1.144190731323392,0.08913778694303943,0,low_restock,0.4767051753166185,0.38643069592751317,0.13686412875586831,-0.3236452635449143,0.2052773020879164,0.0,0.0,none
inventory,dqn,19,489,0.0,9.78076156468913,1.190333724227172,0.0256509399187347,1,balanced_restock,0.33305648957624423,0.4268120405153411,0.24013146990841464,-0.9193048648228549,2.2768984393200684,0.0,0.0,none
inventory,dqn,19,490,1.5980138994938713,10.628054875965367,2.573104187445992,0.0,2,high_restock,0.030113433665772564,0.39909820658646955,0.5707883597477579,-1.0917968306101593,1.6138202133366442,0.0,0.0,none
inventory,dqn,19,491,0.0,10.429498408336164,2.6135196758861046,0.09853514832324274,0,low_restock,0.502582549518437,0.3639656167151844,0.13345183376637856,-0.42153046686991047,0.22780698406382496,0.0,0.0,none
inventory,dqn,19,492,0.0,10.63100279846382,2.5228426606069196,0.04313044051248401,1,balanced_restock,0.3680671206872613,0.4063484051548762,0.22558447415786254,-0.5011226649632138,1.0937689818706042,0.0,0.0,none
inventory,dqn,19,493,0.0,11.695122354794517,2.270535958545079,0.02520047588628818,1,balanced_restock,0.20982164147046822,0.45675672096699516,0.3334216375625366,-0.594878068861974,0.08705551947103911,0.0,0.0,none
inventory,dqn,19,494,0.0,11.77191798670735,2.233108714373076,0.04194251229678108,1,balanced_restock,0.2635587351827834,0.4393921413762446,0.2970491234409722,-0.7956252281862041,1.2823289499466202,0.0,0.0,none
inventory,dqn,19,495,1.2446435091034402,11.929325921921912,2.4952034276192583,0.0,2,high_restock,0.022386148403689562,0.39840565228240266,0.5792081993139078,-0.7595317439567351,1.5552237698805664,0.0,0.0,none
inventory,dqn,19,496,0.0,12.83066271663356,2.2593248831788295,0.03920209713513125,1,balanced_restock,0.15131993497803697,0.4757591848156837,0.37292088020627945,-0.6501351730493624,0.38001050087606353,0.0,0.0,none
inventory,dqn,19,497,0.0,13.078488234551369,1.9715201960144495,0.051809852330243295,1,balanced_restock,0.16227914685739497,0.47446065648126023,0.36326019666134474,-0.44839495171769217,0.26992125101026077,0.0,0.0,none
inventory,dqn,19,498,0.0,13.331819283113802,2.057444919514334,0.01578481280673074,1,balanced_restock,0.07263496292308733,0.47502185693711996,0.45234318013979274,-1.5506913710027521,3.5890396592485705,0.0,0.0,none
inventory,dqn,19,499,3.4019753457221498,14.467590241299366,1.9249889155558166,0.0,2,high_restock,0.00015165142500819508,0.16144651240317853,0.8384018361718133,-0.9093353521127499,2.3506066986441696,0.0,0.0,none
inventory,dqn,19,500,1.0552438631792853,14.36212007081517,1.840850674006295,0.0,2,high_restock,0.006019150896842824,0.34598882209424237,0.6479920270089148,-0.8715162681311489,1.089512426642983,0.0,0.0,none
inventory,dqn,19,501,0.0,14.120038689563966,1.9475734962392857,0.05919933359484801,1,balanced_restock,0.10681605845131537,0.4850323428772476,0.408151598671437,-1.1589978122054085,2.712118710633779,0.0,0.0,none
inventory,dqn,19,502,2.2828508920154533,15.581908111026497,1.8874657688757253,0.0,2,high_restock,0.0004219246889992413,0.21258269774648547,0.7869953775645152,-0.8683029794462975,2.429818917868998,0.0,0.0,none
inventory,dqn,19,503,0.0,15.000229930678486,2.479770859144166,0.058625532043981694,1,balanced_restock,0.0679987964927801,0.48427614405570185,0.44772505945151797,-0.7907539584789457,1.210071735591051,0.0,0.0,none
inventory,dqn,19,504,0.0,13.842720034658205,2.8320629901056042,0.07692034972838316,1,balanced_restock,0.18401646143441497,0.4757935393105077,0.34018999925507737,-0.778774122190665,0.70825249846838,0.0,0.0,none
inventory,dqn,19,505,0.0,13.14201592188748,2.7289573573079373,0.07478109324833304,1,balanced_restock,0.24585285659704856,0.4531769151899867,0.30097022821296476,-0.3871585345859526,0.8991375860052434,0.0,0.0,none
inventory,dqn,19,506,0.0,13.96089433386299,3.093643730189542,0.004849738318920111,2,high_restock,0.045000954799635076,0.4660389230675789,0.48896012213278617,-0.9177854064528947,1.3396533474068333,0.0,0.0,none
inventory,dqn,19,507,0.0,12.998966305464673,2.163350602087662,0.0674616797237312,1,balanced_restock,0.22339819895234653,0.458747193504148,0.3178546075435055,-0.5609751600358208,0.5272008058730091,0.0,0.0,none
inventory,dqn,19,508,0.0,13.518319548526193,2.078403394978405,0.03588842143496801,1,balanced_restock,0.09679712078856693,0.4812893113941946,0.42191356781723843,-0.607716047383773,0.22489214929078966,0.0,0.0,none
inventory,dqn,19,509,0.0,13.657594777737932,1.9020253242732892,0.044235008461388045,1,balanced_restock,0.10327952816311589,0.48213217178216217,0.41458830005472186,-0.7007488296855089,0.37161451073894214,0.0,0.0,none
inventory,dqn,19,510,0.0,13.39506323126289,2.1645106382113717,0.06084800530098374,1,balanced_restock,0.16463818381724316,0.47615655668273477,0.3592052595000221,-0.7816750373483239,1.3999893445491505,0.0,0.0,none
inventory,dqn,19,511,0.0,12.21370874309407,1.413402853937142,0.07529911381220071,1,balanced_restock,0.32123815298804076,0.4203855728160244,0.25837627419593473,-1.0626343286606632,1.1061550494406125,0.0,0.0,none
inventory,dqn,19,512,0.0,11.18787769448058,1.8241734633496491,0.1254704158322613,0,low_restock,0.49525654187585966,0.37134624998244015,0.13339720814170014,-0.45946131610995733,0.9507387676019746,0.0,0.0,none
inventory,dqn,19,513,0.0,10.603784609814658,1.077829601438152,0.04990380644820667,1,balanced_restock,0.338770882731864,0.4253128144831251,0.2359163027850109,-0.9096911559157124,0.5800473042836357,0.0,0.0,none
inventory,dqn,19,514,0.0,10.045062228670151,1.2260038207974437,0.09815913498494865,0,low_restock,0.4754607935310468,0.3856455104190169,0.13889369604993634,-0.35228573201960056,0.9295397462681065,0.0,0.0,none
inventory,dqn,19,515,0.4922449486274303,10.55032106393926,1.823345719582775,0.0,1,balanced_restock,0.12990741906422607,0.4564689335239294,0.41362364741184443,-0.42338956226137353,0.34552090986698825,0.0,0.0,none
inventory,dqn,19,516,0.18111303503249587,10.69041020037731,1.8777209469396063,0.0,1,balanced_restock,0.1765757130479244,0.45615780068964923,0.3672664862624264,-0.7662293676273872,0.6240112752461441,0.0,0.0,none
inventory,dqn,19,517,0.0,10.341012402583189,2.35651853299393,0.07254095850489058,0,low_restock,0.44194414197966975,0.38906034605572526,0.16899551196460494,-0.6947137556671721,1.501315344031029,0.0,0.0,none
inventory,dqn,19,518,1.4706107304776346,10.59277543637042,2.506868211359021,0.0,2,high_restock,0.036617942093918214,0.4097186040214898,0.553663453884592,-1.3830680837679,1.6694180457296508,0.0,0.0,none
inventory,dqn,19,519,0.0,10.066557680369531,3.0766847627919978,0.1505478721014107,0,low_restock,0.6364461466779515,0.29355068575841764,0.07000316756363076,-0.5092306813805354,0.27869188549554696,0.0,0.0,none
inventory,dqn,19,520,0.0,9.878474306823176,2.8926344340887047,0.05879119310366703,0,low_restock,0.45395018564958534,0.38156216437604,0.16448764997437448,-0.29466549569372746,0.6162790310238879,0.0,0.0,none
inventory,dqn,19,521,0.0,9.277113653759184,2.763416967868797,0.020475981373879903,1,balanced_restock,0.3973285627446326,0.40056096188207285,0.2021104753732945,-0.4792278087667029,1.0553553048444857,0.0,0.0,none
inventory,dqn,19,522,0.0,10.31750389715171,2.586322933008887,0.021290680136911228,1,balanced_restock,0.33962813269832537,0.41079646535765146,0.24957540194402314,-0.6596735824368358,0.6160455503770362,0.0,0.0,none
inventory,dqn,19,523,0.0,9.756693897812383,2.333407971255474,0.05351313972086356,0,low_restock,0.430237107366435,0.3940915226440284,0.17567136998953664,-0.2186555971599712,1.0660279582823735,0.0,0.0,none
inventory,dqn,19,524,0.0,10.411031216519822,1.4931188805024462,0.006902785207137718,1,balanced_restock,0.2666981520825076,0.4304238653058553,0.30287798261163723,-0.6310559114901468,0.7498398045934519,0.0,0.0,none
inventory,dqn,19,525,0.0,9.74543692472597,1.1503044749921734,0.048402841337526224,1,balanced_restock,0.3813242375613182,0.4180812481804564,0.2005945142582253,-0.697392234225592,0.49877560890114314,0.0,0.0,none
inventory,dqn,19,526,0.0,10.243183153670339,1.1205475044801123,0.06024861325457001,1,balanced_restock,0.38011985694873446,0.4176392767800534,0.20224086627121213,-0.7484183804353864,0.20129501326025181,0.0,0.0,none
inventory,dqn,19,527,0.0,10.12702357082829,0.9564024205978793,0.06936042507774758,1,balanced_restock,0.400295465043615,0.4140306975124541,0.18567383744393093,-1.0216780737626077,0.30204441117809455,0.0,0.0,none
inventory,dqn,19,528,0.0,9.89498877168557,1.1435109244502348,0.11815679888617991,0,low_restock,0.5229353825268076,0.36498975394719746,0.11207486352599498,-0.366306717106923,0.5749221558244615,0.0,0.0,none
inventory,dqn,19,529,0.0,10.43087220013262,1.3336648294527111,0.03326905662623625,1,balanced_restock,0.3208548058668743,0.4253068494954169,0.2538383446377087,-0.5100267427236141,0.6717426262016586,0.0,0.0,none
inventory,dqn,19,530,0.0,11.10257292191633,1.3374495861240026,0.02679048977207396,1,balanced_restock,0.26266737184627936,0.4346673877856801,0.3026652403680405,-1.0336434480012515,2.347656205160195,0.0,0.0,none
inventory,dqn,19,531,1.9246955657178617,12.028419698707552,2.3116808997740232,0.0,2,high_restock,0.007573045735539907,0.3322612720232957,0.6601656822411643,-0.9573726715584447,1.9291394037188028,0.0,0.0,none
inventory,dqn,19,532,0.0,11.927614272192354,2.349220732273068,0.07453083420686514,1,balanced_restock,0.36291550842272774,0.4061794959193735,0.23090499565789877,-0.8186913433407101,0.8497258751304347,0.0,0.0,none
inventory,dqn,19,533,0.0,12.507466826054744,1.728132462516514,0.08190916845369825,1,balanced_restock,0.32972808810292925,0.4156721120675683,0.2545997998295023,-0.9007466530518881,0.22002624696722442,0.0,0.0,none
inventory,dqn,19,534,0.0,12.313900160137587,1.8317123475817516,0.09656190233069428,1,balanced_restock,0.3738594420136855,0.4082116488453865,0.21792890914092786,-0.7641284537727736,0.2662374504551282,0.0,0.0,none
inventory,dqn,19,535,0.0,12.5647457223771,1.9175244323492504,0.07216579531656672,1,balanced_restock,0.2866467060370496,0.43342791860751756,0.27992537535543294,-0.5930566602868619,0.6133035879728359,0.0,0.0,none
inventory,dqn,19,536,0.0,12.232419236139272,1.4029691052930093,0.041617260765511054,1,balanced_restock,0.19769260590382282,0.4606496180181104,0.34165777607806674,-0.4484608932271352,0.596417321378166,0.0,0.0,none
inventory,dqn,19,537,0.0,12.822279445828276,1.3186373370948603,0.01579658807627415,1,balanced_restock,0.09002096726500909,0.4742887409940866,0.43569029174090423,-0.4730996898288218,0.05816807093742,0.0,0.0,none
inventory,dqn,19,538,0.0,12.863979133779722,1.2783222978124655,0.020196373183718183,1,balanced_restock,0.09533619079084564,0.4751840580649026,0.42947975114425174,-2.0933272550910305,5.247865823916605,0.0,0.0,none
inventory,dqn,19,539,4.952363585974373,14.342339349824593,2.1883958092789513,0.0,2,high_restock,1.6236387346682207e-05,0.09481030605589574,0.9051734575567575,-0.680155919555802,4.986665281340648,0.0,0.0,none
inventory,dqn,19,540,0.0,13.859931335542427,2.51639223499954,0.02502784277782177,1,balanced_restock,0.06749702301648862,0.477507891186512,0.45499508579699943,-1.1965166529154494,2.4292467868634335,0.0,0.0,none
inventory,dqn,19,541,2.390047579758427,14.26065116666884,2.682854669215517,0.0,2,high_restock,0.0009283204339685,0.2391715645403307,0.7599001150257008,-0.8146732845768969,2.4162663884613633,0.0,0.0,none
inventory,dqn,19,542,0.0,13.934469021625597,2.814061566489935,0.049048800817303013,1,balanced_restock,0.10608247121554852,0.4863393548678649,0.40757817391658646,-0.4763427364596202,0.5104517721810278,0.0,0.0,none
inventory,dqn,19,543,0.0,14.391892383423004,2.589282787189043,0.020775488653503617,2,high_restock,0.045810652596690975,0.4678358200761895,0.4863535273271194,-1.0643513538805949,1.4289589315645865,0.0,0.0,none
inventory,dqn,19,544,0.0,13.29864889810364,1.671985712949466,0.0936341703358205,1,balanced_restock,0.2819467950580369,0.4379823392466563,0.2800708656953068,-0.7787049981307683,0.5161734909309255,0.0,0.0,none
inventory,dqn,19,545,0.0,13.703627303562584,1.3524991564956652,0.07476874966620863,1,balanced_restock,0.16709631113662354,0.4752039140225634,0.3576997748408132,-0.9683939850371348,1.3119161008237643,0.0,0.0,none
inventory,dqn,19,546,0.0,12.401005521455478,1.5046601435805114,0.10864178304234551,1,balanced_restock,0.3849041405514941,0.40863880929408536,0.2064570501544206,-1.1243122185590955,0.5086683858315649,0.0,0.0,none
inventory,dqn,19,547,0.0,11.975902665044504,1.7826095653956784,0.13648432474269562,0,low_restock,0.47686543187027586,0.377960455256618,0.14517411287310625,-0.7395884614978057,1.0890111307381796,0.0,0.0,none
inventory,dqn,19,548,0.0,10.891885687404535,1.8801593542881987,0.09992651098175102,0,low_restock,0.4570922487035544,0.3865523981733518,0.1563553531230938,-0.18323147290800462,0.10063500252366087,0.0,0.0,none
inventory,dqn,19,549,0.0,10.902799702431475,1.8919055179141095,0.0005770487335722559,1,balanced_restock,0.19783987628215968,0.4551495415294195,0.3470105821884207,-0.7603127608016971,1.2603754509255647,0.0,0.0,none
inventory,dqn,19,550,0.0,9.645980593322678,1.9545485442776345,0.07148442157173163,0,low_restock,0.4626644131253117,0.3860135706818725,0.1513220161928158,-0.4539597363626749,0.9142988261132624,0.0,0.0,none
inventory,dqn,19,551,0.7827421038933569,10.077533383371508,2.1331803138437353,0.0,1,balanced_restock,0.11992613220629104,0.45010682165548976,0.4299670461382191,-0.6035155487288252,0.8793370178308122,0.0,0.0,none
inventory,dqn,19,552,0.0,9.701991674575675,2.265942795209102,0.043484919415861634,0,low_restock,0.4090018682935233,0.401051276963422,0.18994685474305456,-0.381975907056154,0.524029427846009,0.0,0.0,none
inventory,dqn,19,553,0.0,9.29403138610413,2.5947591886926493,0.0360671262600275,0,low_restock,0.4249971776409402,0.39438884932838913,0.1806139730306708,-1.4194942794328995,3.5539704653097672,0.0,0.0,none
inventory,dqn,19,554,3.5414122269511417,9.11636112766024,2.3576137717795227,0.0,2,high_restock,0.004115559620204929,0.2653783798338442,0.7305060605459508,-0.8052911980536426,3.6391012496518074,0.0,0.0,none
inventory,dqn,19,555,0.0,9.937553906870136,2.1999574313103114,0.04737342822386475,0,low_restock,0.4029921135303047,0.40280153428670906,0.19420635218298632,-0.4315890638905124,1.1397322618706227,0.0,0.0,none
inventory,dqn,19,556,0.0,8.814478919495048,2.394086807252239,0.04492661855187721,0,low_restock,0.46286494035725984,0.38401552701459357,0.1531195326281466,-0.3490818951622172,0.2507934826297002,0.0,0.0,none
inventory,dqn,19,557,0.0,8.586084133916518,2.496634937889279,0.03019319556468164,0,low_restock,0.4460808724519909,0.3896460365064579,0.16427309104155116,-1.199576211397742,3.0510669824947,0.0,0.0,none
inventory,dqn,19,558,2.9130748897078345,9.487554745581951,2.3994571324595175,0.0,2,high_restock,0.00868675572960432,0.310422186796395,0.6808910574740007,-1.137001205974133,3.063919717563509,0.0,0.0,none
inventory,dqn,19,559,0.0,8.599214539674438,2.0815180307876786,0.10660735820966662,0,low_restock,0.5929292878285978,0.32428428607463833,0.08278642609676387,-0.35221195026341123,0.09275488994444954,0.0,0.0,none
inventory,dqn,19,560,0.0,8.63269811947558,2.123090911956879,0.030752133975609146,0,low_restock,0.43250448160071564,0.3971277075991866,0.17036781080009772,-0.868498345607114,2.150021706433397,0.0,0.0,none
inventory,dqn,19,561,1.96713813030604,9.42240028578749,1.764781396022602,0.0,2,high_restock,0.03387435345869264,0.3888889681983242,0.5772366783429832,-0.9930772361355817,2.129014217507676,0.0,0.0,none
inventory,dqn,19,562,0.0,10.090011647566588,1.305631857890656,0.0809066493099253,0,low_restock,0.43851761035916453,0.3990616490464083,0.16242074059442718,-0.4170560781760243,0.46686820634042514,0.0,0.0,none
inventory,dqn,19,563,0.0,9.624744826618372,1.3034729604259239,0.04233144253143291,1,balanced_restock,0.3794556706992334,0.41738055200699636,0.20316377729377036,-0.6748289740612726,0.7860550069432429,0.0,0.0,none
inventory,dqn,19,564,0.0,10.30543057978215,0.9105906595255021,0.05621945965379869,1,balanced_restock,0.36178649516647743,0.42353313848947627,0.2146803663440463,-0.4929492336929671,1.1118595686772437,0.0,0.0,none
inventory,dqn,19,565,0.0,10.89815679142611,1.8507249498792249,0.023740934588029842,1,balanced_restock,0.2853588040802839,0.42646664362783065,0.2881745522918853,-0.7751829353751079,0.41098025390632625,0.0,0.0,none
inventory,dqn,19,566,0.0,10.568615035501022,2.0910725181447978,0.07413980988841212,0,low_restock,0.42471402802968006,0.39632123750044856,0.17896473446987135,-0.5074790950712007,1.0055654563249996,0.0,0.0,none
inventory,dqn,19,567,0.9356545573462878,10.919824001808212,2.1739458362053896,0.0,2,high_restock,0.06125052177745201,0.43996281090806716,0.49878666731448096,-0.891887280381334,1.2523398205123735,0.0,0.0,none
inventory,dqn,19,568,0.0,11.712921994486726,1.929093515418965,0.06283701435380963,1,balanced_restock,0.3360401870932739,0.41471370855753703,0.249246104349189,-0.9251639205086544,0.4090249064753225,0.0,0.0,none
inventory,dqn,19,569,0.0,11.374162633881546,2.1551311091675025,0.1009221286622597,0,low_restock,0.44311633210951495,0.38844398888549825,0.1684396790049869,-0.27177781269018,0.679162098148603,0.0,0.0,none
inventory,dqn,19,570,0.0,10.902928552506967,1.6734115553396474,0.016388895123246427,1,balanced_restock,0.2511233707232189,0.43854161534696934,0.3103350139298118,-0.4797464104606175,0.8224254009385676,0.0,0.0,none
inventory,dqn,19,571,0.0,11.538591312286226,1.1515960208997973,0.02138328758225312,1,balanced_restock,0.19321860781853173,0.45769159455044317,0.34908979763102505,-1.1482837616001174,2.5374271145095975,0.0,0.0,none
inventory,dqn,19,572,2.2522393188574785,12.263316952302237,2.0682583980902547,0.0,2,high_restock,0.0038686512507359063,0.2947634423128897,0.7013679064363744,-0.6667217611725773,2.0793907214421177,0.0,0.0,none
inventory,dqn,19,573,0.3620621747787922,12.952130635909095,2.594216424645666,0.0,2,high_restock,0.0425950003334146,0.4498776481764726,0.5075273514901129,-0.6794044216583288,1.4736672435870408,0.0,0.0,none
inventory,dqn,19,574,0.0,14.264398747125815,2.0303557707139306,0.024893646724701568,2,high_restock,0.050657754895307286,0.4692609056714363,0.48008133943325637,-0.9789431502549814,0.5904805657594089,0.0,0.0,none
inventory,dqn,19,575,0.0,14.732086656087997,1.6738810325460234,0.07838270540267524,1,balanced_restock,0.10689806043501564,0.48771365316786797,0.40538828639711644,-0.36706295676628453,1.3340868469470486,0.0,0.0,none
inventory,dqn,19,576,0.0,15.881708634235835,1.001415938669516,0.0012612422796936735,2,high_restock,0.010330746974646107,0.3988943816609374,0.5907748713644165,-0.5830787025713077,0.40855030422334454,0.0,0.0,none
inventory,dqn,19,577,0.0,16.241855379800235,1.194201596981429,0.007692625459162069,2,high_restock,0.009690883436157456,0.39809292962862114,0.5922161869352215,-0.7115052928360476,0.061417785891849215,0.0,0.0,none
inventory,dqn,19,578,0.0,16.29882433295412,1.1933380876312878,0.030625945149294204,2,high_restock,0.015306149515228936,0.42291168221319814,0.5617821682715729,-1.2684406770709034,1.588227831021452,0.0,0.0,none
inventory,dqn,19,579,0.0,15.327409361468563,2.445907346188362,0.13007869233408986,1,balanced_restock,0.2105401522120733,0.4747275008422712,0.3147323469456555,-1.1006411396478892,0.6088212635717487,0.0,0.0,none
inventory,dqn,19,580,0.0,14.84575502651773,2.818288449450575,0.13225734636569453,1,balanced_restock,0.27938209731178826,0.4482568163721535,0.2723610863160582,-0.7341061612546043,0.2200675040724151,0.0,0.0,none
inventory,dqn,19,581,0.0,14.682391988779198,2.6861590748875956,0.0668046716526079,1,balanced_restock,0.09725960338997938,0.4896253177744113,0.41311507883560933,-0.7958294315329075,1.2749777854457902,0.0,0.0,none
inventory,dqn,19,582,0.0,13.418123177595998,2.521625668890443,0.07782668420230492,1,balanced_restock,0.2233688636006508,0.46161132286115847,0.31501981353819064,-0.6409308488745091,0.6500726640569504,0.0,0.0,none
inventory,dqn,19,583,0.0,12.926436109903847,2.097275347922959,0.0501662230133052,1,balanced_restock,0.17221662807586574,0.47199936356908795,0.3557840083550464,-0.5385361427297994,1.1218507090420626,0.0,0.0,none
inventory,dqn,19,584,0.5101032649422841,13.923122345665714,2.1467078269708417,0.0,2,high_restock,0.01827063998188289,0.41175271480334874,0.5699766452147683,-1.0883007406167824,0.6342927461544521,0.0,0.0,none
inventory,dqn,19,585,0.0,13.680850997577767,2.4184430049384726,0.09791084653871113,1,balanced_restock,0.2692176103023958,0.4462756823484791,0.28450670734912503,-0.970023352616115,1.130748273206587,0.0,0.0,none
inventory,dqn,19,586,0.0,12.61020702159622,2.0548613058876057,0.10893274153859198,1,balanced_restock,0.392361905391244,0.40147961052623216,0.2061584840825238,-1.117400925311212,0.28140925245586534,0.0,0.0,none
inventory,dqn,19,587,0.0,12.396071265554239,2.2355390260473604,0.13525016523414501,0,low_restock,0.46729520009337455,0.3775620249591236,0.15514277494750184,-0.5286761364427193,0.5799026055410199,0.0,0.0,none
inventory,dqn,19,588,0.0,11.830636781079473,2.1295020685217767,0.06226359579334273,1,balanced_restock,0.3350162359342245,0.4125551583694697,0.2524286056963057,-0.9405671452113927,1.9391887498197433,0.0,0.0,none
inventory,dqn,19,589,0.0,10.446561483983064,0.7719035029984854,0.1036727045020344,0,low_restock,0.45158735372493686,0.3978257390714854,0.15058690720357776,-0.6351511082948329,0.8553663844628951,0.0,0.0,none
inventory,dqn,19,590,0.0,9.832874080804874,1.3673343172295693,0.0812769836240773,0,low_restock,0.4546944427522344,0.39315414042949354,0.152151416818272,-0.7027857271769982,1.6320650652856141,0.0,0.0,none
inventory,dqn,19,591,1.493673506219995,10.223793082784287,1.8899739827416635,0.0,2,high_restock,0.041421057101243344,0.4106942952582744,0.5478846476404823,-1.1932189927252397,1.5486128312924867,0.0,0.0,none
inventory,dqn,19,592,0.0,9.860454831464931,2.0366713782617967,0.11664624870093562,0,low_restock,0.5508104919730759,0.34581050006582026,0.10337900796110379,-0.29939888223365185,0.4239488381484983,0.0,0.0,none
inventory,dqn,19,593,0.0,10.17319313552267,2.306561191252032,0.021321228970294977,1,balanced_restock,0.33842186450305645,0.41406462383413023,0.2475135116628134,-0.7623506403585154,0.15516860485557274,0.0,0.0,none
inventory,dqn,19,594,0.0,10.045541262132193,2.3788751411659605,0.07184832863544917,0,low_restock,0.45668936841711344,0.3843070318712691,0.1590035997116176,-0.5715652493784031,0.4468436197614937,0.0,0.0,none
inventory,dqn,19,595,0.0,9.758964647291075,2.7217152715701096,0.06992236596042913,0,low_restock,0.47892466533420025,0.37389292425001414,0.14718241041578564,-0.5122317286207485,1.3601341631446968,0.0,0.0,none
inventory,dqn,19,596,0.0,8.47068597720413,2.285606626651407,0.05932709439656224,0,low_restock,0.5081607751595053,0.3666489154730597,0.12519030936743494,-0.3114283327430863,0.049279089778646035,0.0,0.0,none
inventory,dqn,19,597,0.0,8.504476649955382,2.2846895976664663,0.02346934513269398,0,low_restock,0.4286756366199676,0.3972746472921468,0.17404971608788575,-2.168986521200302,5.689453066453269,0.0,0.0,none
inventory,dqn,19,598,5.682818632000863,8.635060931984302,2.5252005668225084,0.0,2,high_restock,7.662181165741514e-05,0.10920581948068112,0.8907175587076614,-0.7875298936166868,5.685028196343671,0.0,0.0,none
inventory,dqn,19,599,0.0,8.787051866854572,2.5331345785914063,0.0442017667172655,0,low_restock,0.4673478666302658,0.3813276425599928,0.15132449080974147,-0.3490112326526865,0.23317578799891875,0.0,0.0,none
