env,policy,seed,t,q,mu,sigma,rho,a,action_label,p0,p1,p2,r,state_delta,intervention_active,intervention_start,intervention_name
inventory,dqn,11,0,0.0,12.32788309342087,0.7007206107647959,0.55,0,low_restock,0.9664643052354587,0.013777040804465204,0.019758653960076318,-2.724073709536066,0.20645312478827527,0.0,0.0,none
inventory,dqn,11,1,0.0,12.50579517677285,0.6581591454250263,0.45429887670286895,0,low_restock,0.9499014792874318,0.029377994493730072,0.02072052621883804,-2.4060760176225253,0.7259075052076187,0.0,0.0,none
inventory,dqn,11,2,0.0,12.052971497692305,1.2226658781067599,0.3975135745754509,0,low_restock,0.9420994591126254,0.039383095735908584,0.018517445151465972,-1.839927761404693,0.21990630457705462,0.0,0.0,none
inventory,dqn,11,3,0.0,11.928973671017902,1.0717932967581807,0.29641567167940946,0,low_restock,0.8620284148866784,0.10143271334084034,0.036538871772481336,-1.161740691200931,0.670864199345942,0.0,0.0,none
inventory,dqn,11,4,0.0,12.45192129044749,1.4741838787644173,0.17531083771445197,0,low_restock,0.6333703294710877,0.29083995242599175,0.07578971810292058,-0.3458267400514242,1.0301885709112313,0.0,0.0,none
inventory,dqn,11,5,0.0,13.285433149871437,2.0618217745734344,0.029611917866325756,1,balanced_restock,0.1441242186783216,0.4851984602952341,0.37067732102644435,-0.6079452832976756,0.4009728334267924,0.0,0.0,none
inventory,dqn,11,6,0.0,12.940321065595976,2.2654435533377777,0.044275943446013495,1,balanced_restock,0.19586643293230577,0.4926787203293244,0.3114548467383699,-0.5318154388640842,0.7957661517575099,0.0,0.0,none
inventory,dqn,11,7,0.0,13.5356514468961,1.7375792792815568,0.030681328368586464,1,balanced_restock,0.1376688641996386,0.4853344031196624,0.376996732680699,-0.5731194998484058,0.37133128092852147,0.0,0.0,none
inventory,dqn,11,8,0.0,13.217020653890717,1.9281230711586705,0.03805705354435818,1,balanced_restock,0.16761195680450267,0.49071457613051606,0.34167346706498125,-1.3151416808228005,2.8612230641832097,0.0,0.0,none
inventory,dqn,11,9,2.728976230922287,13.800146974186784,2.558838148930429,0.0,2,high_restock,0.004597431079037985,0.17647107610349713,0.8189314928174649,-0.984139167872526,1.4631216039014696,0.0,0.0,none
inventory,dqn,11,10,1.26896905106436,13.868360660341432,2.625552132379987,0.0,2,high_restock,0.02287048678489807,0.3229972869119903,0.6541322263031116,-0.9727811507777262,1.275372277694776,0.0,0.0,none
inventory,dqn,11,11,0.0,13.937910331299872,2.551509738741132,0.07728234835316537,1,balanced_restock,0.2357916612308569,0.5157870492612222,0.24842128950792086,-0.8307454300294017,1.860826980132798,0.0,0.0,none
inventory,dqn,11,12,1.3449869429411478,15.098535985748441,3.099836924075603,0.0,2,high_restock,0.013721517986379082,0.2964954782826307,0.6897830037309902,-1.1668295153479544,1.5154295379877192,0.0,0.0,none
inventory,dqn,11,13,1.7909414724227268,16.49098704410556,2.7014259649885344,0.0,2,high_restock,0.005399462369987207,0.2311058719340713,0.7634946656959415,-0.5795757762342936,1.8223775827615676,0.0,0.0,none
inventory,dqn,11,14,0.0,16.155265313229812,2.672621937794121,0.007067102898980997,2,high_restock,0.04081694575309067,0.41707677013602706,0.5421062841108822,-0.8120750336868106,0.2929568621686447,0.0,0.0,none
inventory,dqn,11,15,0.0,15.866018605570105,2.6935107804694827,0.048584827444073296,1,balanced_restock,0.0899489603260011,0.514902787004948,0.395148252669051,-0.7076454982121569,0.10567410249605098,0.0,0.0,none
inventory,dqn,11,16,0.0,15.81283913141392,2.7838260717671464,0.062079553252170884,1,balanced_restock,0.11327127059805585,0.5339609323831066,0.3527677970188375,-0.9082995961718149,1.911245371628557,0.0,0.0,none
inventory,dqn,11,17,0.0,13.960253620982233,3.2523364026851036,0.09791064217353837,1,balanced_restock,0.2967157159600767,0.5089025842990408,0.1943816997408825,-0.8173194736544229,1.3881153359338556,0.0,0.0,none
inventory,dqn,11,18,0.0,12.898513021379397,2.3582966172965767,0.0816641917240041,1,balanced_restock,0.3183092321917499,0.4792005059937538,0.20249026181449628,-1.0653379644119876,1.3646522560480137,0.0,0.0,none
inventory,dqn,11,19,0.0,11.535594529555764,2.305690081337927,0.1259532079307121,0,low_restock,0.5525660008600195,0.34403441916131566,0.10339957997866482,-0.6096218088121537,1.3636608340364484,0.0,0.0,none
inventory,dqn,11,20,0.0,10.406133062186642,1.5431524914105093,0.07671818014502746,0,low_restock,0.44727919978878083,0.37631653110366775,0.1764042691075514,-0.3405145911565327,0.3417542379871808,0.0,0.0,none
inventory,dqn,11,21,0.0,10.06782726763906,1.549142396225613,0.028663319849380847,1,balanced_restock,0.30871375363590664,0.4181480282602289,0.27313821810386435,-0.9054497086981769,0.6107134246958852,0.0,0.0,none
inventory,dqn,11,22,0.0,9.607124718684096,1.9441095834095763,0.097401733696103,0,low_restock,0.572614166883491,0.30804786091097464,0.11933797220553433,-0.3888381451764775,1.106008751787372,0.0,0.0,none
inventory,dqn,11,23,0.0,9.021203321194864,1.0079801275459221,0.03729252592437098,0,low_restock,0.38790262736952325,0.3677915850273229,0.24430578760315383,-0.5300475964988556,1.011133476956229,0.0,0.0,none
inventory,dqn,11,24,1.0001359899967301,9.163372109029314,1.0307004490823062,0.0,2,high_restock,0.1011361587318072,0.3297658965830737,0.5690979446851191,-0.9024683574223038,1.3448301538493603,0.0,0.0,none
inventory,dqn,11,25,0.0,9.767883628474625,1.6930239714304702,0.06472649239683996,0,low_restock,0.44739069299007217,0.3681876655307122,0.18442164147921564,-0.2553695497106163,0.06871283431792527,0.0,0.0,none
inventory,dqn,11,26,0.0,9.812862603614793,1.6846589221170938,0.013458848162610058,1,balanced_restock,0.2781207200721875,0.4212875340244612,0.3005917459033512,-0.5685463369473258,0.888650465374169,0.0,0.0,none
inventory,dqn,11,27,0.0,10.442258429377128,1.0577658043597948,0.03724041731202247,1,balanced_restock,0.3084271217399284,0.4177852885805284,0.2737875896795432,-0.8032987477746025,0.27117978235292395,0.0,0.0,none
inventory,dqn,11,28,0.0,10.213848493504688,1.197801810447695,0.07916049067403616,0,low_restock,0.4628913033515736,0.36224808568663247,0.17486061096179392,-0.27908022746826955,0.1562330501854269,0.0,0.0,none
inventory,dqn,11,29,0.0,10.352272233329979,1.1594694579938456,0.017692897762190997,1,balanced_restock,0.25695465458529415,0.42699536705501784,0.316049978359688,-0.7246359374685893,0.909792686904678,0.0,0.0,none
inventory,dqn,11,30,0.0,9.594581049884285,0.6580932674522991,0.0651135602622481,0,low_restock,0.44451289678609934,0.3532681787820856,0.20221892443181505,-0.4367535076028557,0.639595387041078,0.0,0.0,none
inventory,dqn,11,31,0.0,9.146540105269402,1.1141310308566423,0.045848840643367084,0,low_restock,0.4115212086313168,0.36388174642186544,0.22459704494681781,-1.6066336308793767,4.214960852470268,0.0,0.0,none
inventory,dqn,11,32,4.076096088226791,9.736585060013672,2.0091620373539776,0.0,2,high_restock,0.0015608636632845954,0.06337285943035884,0.9350662769063566,-0.5718687162581085,4.196206515694765,0.0,0.0,none
inventory,dqn,11,33,0.0,10.628575078791236,2.4540341792305367,0.00569084218894795,1,balanced_restock,0.20658761167029724,0.44581876782090024,0.3475936205088026,-0.432360563101877,0.5164730808008038,0.0,0.0,none
inventory,dqn,11,34,0.20674446600536278,11.089049461871745,2.563268449539062,0.0,1,balanced_restock,0.1428974344297741,0.43929289472827737,0.41780967084194853,-0.4071193494646108,0.7184144823949468,0.0,0.0,none
inventory,dqn,11,35,0.134626712756031,11.73851518622268,2.264750994313435,0.0,1,balanced_restock,0.1261028021994113,0.44222218226450244,0.43167501553608634,-0.571812181599584,0.8177073372560526,0.0,0.0,none
inventory,dqn,11,36,0.0,12.11235331500818,1.551073639991254,0.03782360385706858,1,balanced_restock,0.22599101569631322,0.47182215177109255,0.3021868325325942,-0.8118857241382668,0.9012988723841737,0.0,0.0,none
inventory,dqn,11,37,0.0,11.255066472008973,1.8259573711649846,0.08069387931040478,0,low_restock,0.4125729885085616,0.40861032361198224,0.17881668787945623,-0.3148013974716326,0.8032717978568158,0.0,0.0,none
inventory,dqn,11,38,0.0,10.54266829696619,1.4591763087310339,0.0240716781199344,1,balanced_restock,0.2696382901660863,0.4346148514851582,0.2957468583487556,-0.7578278753815587,0.835902925474282,0.0,0.0,none
inventory,dqn,11,39,0.0,9.764081418345032,1.1586266705886539,0.07104069203242121,0,low_restock,0.4620258894416947,0.35526520951267204,0.1827089010456331,-1.5109851146470266,4.000312639639881,0.0,0.0,none
inventory,dqn,11,40,3.802814613277219,10.333637580104238,2.259381516403789,0.0,2,high_restock,0.0023399223996310057,0.08617433055234185,0.9114857470480272,-0.6897226604528953,3.853529588980161,0.0,0.0,none
inventory,dqn,11,41,0.0,10.955223802866723,2.2941241996747386,0.026736189366588448,1,balanced_restock,0.2551279718563127,0.4533355221061619,0.29153650603752534,-1.2243515918720473,2.927242887845,0.0,0.0,none
inventory,dqn,11,42,2.4695759767772785,12.423629505701122,2.8536018912990366,0.0,2,high_restock,0.009395633866617507,0.20859373982988313,0.7820106263034994,-0.7373884778735103,2.561639748626995,0.0,0.0,none
inventory,dqn,11,43,0.0,13.043532298995306,2.574907065212323,0.03524794247741254,1,balanced_restock,0.16568280699731322,0.49151139938518795,0.34280579361749874,-1.5905440563762783,4.005860085444929,0.0,0.0,none
inventory,dqn,11,44,3.515840161075081,14.897737720668914,2.078456843417934,0.0,2,high_restock,0.0011289023550082305,0.10477436653991833,0.8940967311050735,-1.5538831347238777,0.8382784954816278,0.0,0.0,none
inventory,dqn,11,45,2.8968089563539365,15.418798868615344,2.2975606628031255,0.0,2,high_restock,0.002387627442894669,0.1569421967123731,0.8406701758447322,-0.8827865293501828,2.946491993315576,0.0,0.0,none
inventory,dqn,11,46,0.0,15.117340327756782,2.7399279207700666,0.06121188024110406,1,balanced_restock,0.1366577919260421,0.52995307479832,0.3333891332756379,-0.6527655150465019,0.7465418885786881,0.0,0.0,none
inventory,dqn,11,47,0.0,14.374171017028289,2.8102442103638476,0.05227955625830393,1,balanced_restock,0.14686326253723922,0.5175348455152854,0.33560189194747536,-1.2776884433481945,2.8358930166384333,0.0,0.0,none
inventory,dqn,11,48,2.6219669809948414,15.417864590882743,3.085105856076342,0.0,2,high_restock,0.003292844627228422,0.18311106549051323,0.8135960898822584,-0.5920048056820545,2.715992853879893,0.0,0.0,none
inventory,dqn,11,49,0.0,14.76681995357985,2.8058909339986635,0.009286572443224016,2,high_restock,0.06485335691879314,0.4503742068869626,0.4847724361942441,-0.5565706082911813,0.3878435363741826,0.0,0.0,none
inventory,dqn,11,50,0.04734459511766076,15.030107127752746,3.086559281891126,0.0,2,high_restock,0.048966215121650065,0.4153476176417942,0.5356861672365558,-0.8689102380771206,0.897011809493138,0.0,0.0,none
inventory,dqn,11,51,0.0,15.634690728182656,2.4282146408291148,0.05873397108520011,1,balanced_restock,0.11435700083902212,0.5273954411004623,0.35824755806051556,-0.7705287909939162,0.5613566252541089,0.0,0.0,none
inventory,dqn,11,52,0.0,15.305591810131466,2.882750381735961,0.07330871267748505,1,balanced_restock,0.15468346131463975,0.5417137781408528,0.3036027605445074,-0.522665355537006,0.7555204240208099,0.0,0.0,none
inventory,dqn,11,53,0.0,14.668943214958517,2.4783611976053725,0.029047384917322512,1,balanced_restock,0.09401441717624189,0.4878764606662599,0.41810912215749824,-1.0136083575524368,1.8830002273662767,0.0,0.0,none
inventory,dqn,11,54,1.8674524501498198,14.903502504235101,2.527852529517267,0.0,2,high_restock,0.00880031400135821,0.24955561895206219,0.7416440670465797,-0.9190389919459014,2.4388471663337667,0.0,0.0,none
inventory,dqn,11,55,0.0,13.442933601111715,1.9597381089624002,0.06768553427605382,1,balanced_restock,0.23879062785762417,0.5015513371544581,0.2596580349879178,-0.9420055366813483,1.0253945744013095,0.0,0.0,none
inventory,dqn,11,56,0.0,12.567261753489433,2.4920154981909146,0.10392956012166935,1,balanced_restock,0.41768514079754254,0.43472164266798613,0.14759321653447124,-1.0272345998516659,0.01862381381729435,0.0,0.0,none
inventory,dqn,11,57,0.0,12.558235477855629,2.4978241428500296,0.11914903568779747,0,low_restock,0.46841010863280574,0.4071853670658674,0.12440452430132691,-0.5813533556266011,1.1584635909707577,0.0,0.0,none
inventory,dqn,11,58,1.1467238732188605,12.636008163486286,2.5803902791242956,0.0,2,high_restock,0.039089966926138565,0.35336016809281834,0.6075498649810431,-0.8206049848177615,1.3488986506050111,0.0,0.0,none
inventory,dqn,11,59,0.0,12.124997047925632,2.0895657147472027,0.050108033003171674,1,balanced_restock,0.26145959914663297,0.4745089341289203,0.2640314667244468,-0.9804384734941998,0.9840562244412607,0.0,0.0,none
inventory,dqn,11,60,0.0,11.396501296129255,2.7483357639141888,0.11079258455253567,0,low_restock,0.5158462706074434,0.36815277626029075,0.11600095313226591,-0.6133152528160453,0.2952163857128981,0.0,0.0,none
inventory,dqn,11,61,0.0,11.171725709663258,2.93678230062316,0.07737772371715095,0,low_restock,0.42030843631766773,0.4178273896364991,0.16186417404583306,-0.550809165017633,0.9671385418098294,0.0,0.0,none
inventory,dqn,11,62,0.0,10.341063587085081,3.4319921665968027,0.06621592232457732,0,low_restock,0.43987532451931444,0.4018639207748035,0.15826075470588216,-0.5417452948689176,2.068586301109623,0.0,0.0,none
inventory,dqn,11,63,0.0,8.466291988183933,2.557762152588123,0.06459737408373531,0,low_restock,0.5396490455959156,0.31730745444008934,0.14304349996399504,-0.6053440201413588,1.3962753185397998,0.0,0.0,none
inventory,dqn,11,64,1.215268628975311,8.144566187839466,1.9535878290306865,0.0,2,high_restock,0.10867879300287119,0.31965633673771804,0.5716648702594107,-1.3561994892761666,1.2501820952118416,0.0,0.0,none
inventory,dqn,11,65,0.0,7.910597460545082,2.054051898975995,0.14574990879931546,0,low_restock,0.7562272108303489,0.16995092019196956,0.07382186897768152,-0.7150988658454838,0.2603434809925899,0.0,0.0,none
inventory,dqn,11,66,0.0,8.145540967426404,2.154354361816545,0.09555336890097924,0,low_restock,0.6401756101702191,0.2520234328332809,0.10780095699650007,-0.5087445938169988,0.37801376978006634,0.0,0.0,none
inventory,dqn,11,67,0.0,8.505161428001585,2.0438569077183537,0.0587043917530355,0,low_restock,0.5097909245976527,0.32637509586808344,0.16383397953426382,-0.46320241626440484,0.13638552398863923,0.0,0.0,none
inventory,dqn,11,68,0.0,8.596357196511283,1.9427717708898606,0.05057186004721515,0,low_restock,0.4741535819011737,0.34197107823352757,0.1838753398652988,-0.6996186244771501,1.5087475281996463,0.0,0.0,none
inventory,dqn,11,69,1.4846246413632862,8.453871202477595,1.7206254079192456,0.0,2,high_restock,0.07338742821459521,0.2874453613183257,0.6391672104670791,-1.3475196170375234,1.4923881503133314,0.0,0.0,none
inventory,dqn,11,70,0.0,8.421699680596607,1.756450515804695,0.14419993161384348,0,low_restock,0.7333124562571086,0.18925060036263705,0.07743694338025446,-0.6034962209591579,0.3463120961400169,0.0,0.0,none
inventory,dqn,11,71,0.0,8.679006612215815,1.97786098772198,0.07562432517127819,0,low_restock,0.556589670419555,0.3057466408384931,0.13766368874195178,-0.5295222751828292,0.3535100340366001,0.0,0.0,none
inventory,dqn,11,72,0.0,8.348055796585424,2.1014182917939617,0.06241469199693381,0,low_restock,0.5332841998213015,0.31406538992393535,0.15265041025476325,-0.2290161804652243,0.6590977478290765,0.0,0.0,none
inventory,dqn,11,73,0.0,8.985465589497952,1.9425503968898412,0.008752889368790052,1,balanced_restock,0.31023606830972705,0.4020423600562384,0.28772157163403456,-0.6861771040628507,0.5777204492307881,0.0,0.0,none
inventory,dqn,11,74,0.0,8.487632311570216,1.6536327864652975,0.05824591143979477,0,low_restock,0.5037030618507845,0.32438500075350324,0.17191193739571217,-0.2289324224771481,0.703677867585728,0.0,0.0,none
inventory,dqn,11,75,0.0,9.096467986400938,1.3043039694273237,0.008737932585205017,1,balanced_restock,0.2951325891214471,0.3965418010063576,0.3083256098721952,-1.3948840168560523,3.5067273914046138,0.0,0.0,none
inventory,dqn,11,76,2.9568114767315787,10.05010284774421,2.930621001392728,0.0,2,high_restock,0.008885290933411984,0.15759531426348797,0.8335193948031,-0.5652410033577707,3.3433864409097143,0.0,0.0,none
inventory,dqn,11,77,0.0,11.610703179562645,2.9283687350513063,0.0045073220281733285,1,balanced_restock,0.15324654199121288,0.45774358968924905,0.3890098683195381,-0.4472753951623929,0.32130563254671024,0.0,0.0,none
inventory,dqn,11,78,0.0,11.904351963257078,2.7984264833212023,0.015584891993284446,1,balanced_restock,0.16788024540933766,0.46836685958537044,0.363752895005292,-1.4969678505296211,3.606790806890821,0.0,0.0,none
inventory,dqn,11,79,3.2484795729417755,13.46513867474548,2.656926160936642,0.0,2,high_restock,0.0025011533764854967,0.13111163767158976,0.8663872089519247,-0.8096942625681889,3.3118115790459743,0.0,0.0,none
inventory,dqn,11,80,0.0,13.848095399772399,2.1406886280863113,0.04815968974431945,1,balanced_restock,0.16278807179763194,0.5052781622342524,0.33193376596811575,-0.5308101265435807,0.49998629788232585,0.0,0.0,none
inventory,dqn,11,81,0.0,13.381612388294732,1.9616129533113715,0.03050180831135371,1,balanced_restock,0.14257602415633705,0.4859074839803305,0.3715164918633324,-1.4489346690144815,3.196519584223435,0.0,0.0,none
inventory,dqn,11,82,3.111241911469948,13.885350890688418,2.4938050065521997,0.0,2,high_restock,0.002665991566673335,0.14012834960508067,0.857205658828246,-0.8619831971089551,2.3975293762068373,0.0,0.0,none
inventory,dqn,11,83,0.9199519917398717,14.802178886253955,2.168502033907649,0.0,2,high_restock,0.02351364749842237,0.3408178216087081,0.6356685308928696,-0.9731837040809632,1.3211708908443383,0.0,0.0,none
inventory,dqn,11,84,0.0,13.867344825209239,2.3073633196418495,0.07735423287160056,1,balanced_restock,0.2416645481522038,0.512103709621229,0.24623174222656727,-0.8750037711538825,2.126783971600804,0.0,0.0,none
inventory,dqn,11,85,1.4714393461539501,15.368523525651261,2.621298256283459,0.0,2,high_restock,0.011113763865380804,0.2792754610303584,0.7096107751042607,-0.8459135169018586,1.4792364111075844,0.0,0.0,none
inventory,dqn,11,86,0.0,15.262241524104306,2.714714488023749,0.05462741373247475,1,balanced_restock,0.11849655939914296,0.5236417109049787,0.3578617296958785,-0.5852188411936368,0.8526153158536128,0.0,0.0,none
inventory,dqn,11,87,0.0,14.414704514721919,2.622919862524037,0.04021765021314942,1,balanced_restock,0.12109604173357626,0.5043705716019112,0.3745333866645125,-1.119838509442661,2.190104059093749,0.0,0.0,none
inventory,dqn,11,88,2.1709671698361745,14.650203035619262,2.785340071915975,0.0,2,high_restock,0.007010511879391094,0.2278831833681781,0.7651063047524308,-0.7486567857502343,2.2109791014154396,0.0,0.0,none
inventory,dqn,11,89,0.0,14.961317295826822,2.507581663530688,0.03726014031254183,1,balanced_restock,0.09854201883674922,0.4995259851699491,0.4019319959933016,-0.5148554403423108,1.5120594171737654,0.0,0.0,none
inventory,dqn,11,90,0.0,13.718573529913433,1.6462923326220313,0.027652757203984076,1,balanced_restock,0.1247821738797459,0.4818699886424674,0.39334783747778684,-0.6318112845360113,0.6157571221722844,0.0,0.0,none
inventory,dqn,11,91,0.0,13.285255580914617,2.0832776945261804,0.0485377293814306,1,balanced_restock,0.19086746437691468,0.4980806554551306,0.3110518801679549,-0.7704768541584388,0.6429195153297689,0.0,0.0,none
inventory,dqn,11,92,0.0,12.736854967587993,2.417925461990903,0.07329943824257837,1,balanced_restock,0.29906023406275234,0.4817516620229449,0.21918810391430266,-0.6297038260465021,1.1853022016921428,0.0,0.0,none
inventory,dqn,11,93,0.0,12.091547000916512,1.4240004062675848,0.04816139750830395,1,balanced_restock,0.26128685905176363,0.46917533473063666,0.26953780621759954,-0.744623361493391,0.5324458727542495,0.0,0.0,none
inventory,dqn,11,94,0.0,11.56008356064211,1.3990185440699872,0.06868274312381983,1,balanced_restock,0.3499450309534949,0.4328437445301436,0.21721122451636152,-0.6698933341572704,0.07016180504351616,0.0,0.0,none
inventory,dqn,11,95,0.0,11.612405265462602,1.443818526975949,0.05533809538522687,1,balanced_restock,0.30636649451008213,0.44844516604807005,0.2451883394418478,-0.7820128010218294,0.024997228692792254,0.0,0.0,none
inventory,dqn,11,96,0.0,11.624496208785455,1.4349971471505567,0.0753594287538981,1,balanced_restock,0.36812406674974124,0.4278466632221446,0.2040292700281142,-0.8810564099981815,0.1300675601814095,0.0,0.0,none
inventory,dqn,11,97,0.0,11.723551110400644,1.3525781603097469,0.09304578749967526,0,low_restock,0.419462132609235,0.40695075662219726,0.17358711076856775,-0.8210300823609942,1.8467836114905998,0.0,0.0,none
inventory,dqn,11,98,1.831514521031412,11.840562469322538,1.5364669588624498,0.0,2,high_restock,0.021203084672040476,0.2539217917636734,0.7248751235642862,-1.024390499168996,1.8376415186958308,0.0,0.0,none
inventory,dqn,11,99,0.0,11.750582155810985,1.619548227335531,0.08649830342303501,1,balanced_restock,0.39942504978748333,0.41972912914795635,0.18084582106456037,-0.967493384262419,0.4987522967674357,0.0,0.0,none
inventory,dqn,11,100,0.0,11.255999874737128,1.559058694988818,0.10848096147543197,0,low_restock,0.5031522223710261,0.36153979676235315,0.1353079808666207,-0.2693442976269037,0.38754905843311477,0.0,0.0,none
inventory,dqn,11,101,0.0,11.631671258487314,1.5815110496839515,0.015954338861947092,1,balanced_restock,0.18774324564168318,0.45755572426826013,0.35470103009005666,-0.8689170625245835,1.2533659509330608,0.0,0.0,none
inventory,dqn,11,102,0.0,10.830348368683996,2.542341040479676,0.0908780468793899,0,low_restock,0.48194682030434016,0.3774944333710092,0.14055874632465065,-0.661005856462998,1.6125460292521467,0.0,0.0,none
inventory,dqn,11,103,0.0,9.231182454636222,2.3351014831702575,0.08589390293982108,0,low_restock,0.5619245609874333,0.31308280410881434,0.12499263490375241,-0.27577545335794956,0.6038490439961635,0.0,0.0,none
inventory,dqn,11,104,0.2736441524512845,9.665705078412746,2.640985239895634,0.0,1,balanced_restock,0.2016099150832836,0.4270687761438288,0.3713213087728876,-0.37435791368996957,0.36315836724897077,0.0,0.0,none
inventory,dqn,11,105,0.0,9.882838676431124,2.740228902126848,0.0025639131589231417,1,balanced_restock,0.23795207326773174,0.43494461216746594,0.3271033145648023,-0.7688290724876077,1.0979936511097523,0.0,0.0,none
inventory,dqn,11,106,0.0,8.80128806284824,2.5645122141336967,0.07300519151564422,0,low_restock,0.5477308341267122,0.31752996622408786,0.13473919964919992,-0.5295253040088885,0.011183912655410558,0.0,0.0,none
inventory,dqn,11,107,0.0,8.798479396289236,2.5667581148637018,0.06241523285873008,0,low_restock,0.5115938976898494,0.33537327137770334,0.15303283093244724,-0.5285838588710073,1.426356918931173,0.0,0.0,none
inventory,dqn,11,108,0.9959538824885925,9.801705417655215,2.3872816180734353,0.0,2,high_restock,0.09865203392638545,0.36995308252355,0.5313948835500645,-0.83870149512539,1.041547194475809,0.0,0.0,none
inventory,dqn,11,109,0.0,9.998517431696268,2.613812731881436,0.0533395527009625,0,low_restock,0.4070375331107439,0.4007208865128678,0.1922415803763883,-0.3443329065818992,0.7738271253876541,0.0,0.0,none
inventory,dqn,11,110,0.0,9.225062517770175,2.613382245072334,0.029345161889624855,1,balanced_restock,0.37277149885726707,0.39996205538071034,0.22726644576202262,-0.383145505366711,1.4517183913415208,0.0,0.0,none
inventory,dqn,11,111,0.06613001533346008,10.635298684285711,2.9502589657825133,0.0,1,balanced_restock,0.17861429274682267,0.444638580212897,0.37674712704028035,-1.0936721679195727,2.5551067069149105,0.0,0.0,none
inventory,dqn,11,112,2.096206194055922,12.093054498833405,2.418931404425535,0.0,2,high_restock,0.015700125597831675,0.2425079358120919,0.7417919385900765,-0.8296907423909059,2.105041008219072,0.0,0.0,none
inventory,dqn,11,113,0.0,12.276582367525016,2.3913866021362122,0.05173048971266177,1,balanced_restock,0.2554495962568391,0.480186421799015,0.2643639819441459,-0.7038513694626685,0.39116759285735053,0.0,0.0,none
inventory,dqn,11,114,0.0,11.887125314156805,2.356148120514805,0.06140203026119079,1,balanced_restock,0.3149792600809273,0.46255304913695233,0.22246769078212028,-0.921423443069993,0.6363401945610266,0.0,0.0,none
inventory,dqn,11,115,0.0,12.207273658779766,1.8075823627216365,0.10025418626249875,1,balanced_restock,0.4196060138839229,0.42011533577655874,0.1602786503395185,-1.1418202607680645,0.9760470384475594,0.0,0.0,none
inventory,dqn,11,116,0.0,11.232223345013145,1.8274762543090126,0.1396107608514401,0,low_restock,0.6060343751469456,0.3029367168343078,0.0910289080187467,-0.6434273302559497,1.8028256403236345,0.0,0.0,none
inventory,dqn,11,117,1.3240780864455708,11.84557437847793,2.876907936509011,0.0,2,high_restock,0.04282195562066363,0.3489472713725867,0.6082307730067498,-0.9361635810390212,1.3306937893707795,0.0,0.0,none
inventory,dqn,11,118,0.0,11.73381790337971,2.8685995055482105,0.07074349661411092,1,balanced_restock,0.3570363103342539,0.45110209445532806,0.19186159521041798,-0.45023152553034607,0.9895516913597356,0.0,0.0,none
inventory,dqn,11,119,0.0,12.634049609830805,3.275798361817071,0.016112772416133226,1,balanced_restock,0.1359969242758278,0.47640650460594575,0.38759657111822643,-0.4059405000654655,0.7876086674843019,0.0,0.0,none
inventory,dqn,11,120,0.0,13.288707357511319,2.8379763746458604,0.008203660725975987,1,balanced_restock,0.0997141654099567,0.46309015802603104,0.43719567656401226,-2.0240127963981855,5.047204324041604,0.0,0.0,none
inventory,dqn,11,121,4.754322275423387,14.905415107004837,2.3311431252279133,0.0,2,high_restock,0.00020238146969339977,0.04833190252412573,0.9514657160061809,-1.3905121711344186,2.3507395725324427,0.0,0.0,none
inventory,dqn,11,122,2.4300347746697675,14.62119133764484,2.124065843419169,0.0,2,high_restock,0.005307114724001505,0.2003183189590718,0.7943745663169267,-0.7187066980130422,2.4800647805196596,0.0,0.0,none
inventory,dqn,11,123,0.0,14.943642207564949,1.7490200116403665,0.031911910359471815,1,balanced_restock,0.09263965482570119,0.4868063754917079,0.4205539696825909,-0.5071901734559805,0.7101053615884403,0.0,0.0,none
inventory,dqn,11,124,0.0,14.257603380185913,1.9322375819077517,0.0262839595457108,1,balanced_restock,0.10322484034928903,0.4816342934903885,0.4151408661603226,-1.3513408580505137,2.949967896814681,0.0,0.0,none
inventory,dqn,11,125,2.8324024515728965,15.081331740478243,1.9079953361003381,0.0,2,high_restock,0.0026984622552922144,0.1559073102392339,0.8413942275054739,-0.8495682537368794,3.0806813954091607,0.0,0.0,none
inventory,dqn,11,126,0.0,13.875214910573124,2.009585303883153,0.055280045310157025,1,balanced_restock,0.17994622434395544,0.5086764240896254,0.311377351566419,-0.6425972446001458,0.6868615284462017,0.0,0.0,none
inventory,dqn,11,127,0.0,13.20749993356568,1.848612410327677,0.05046379367859747,1,balanced_restock,0.20143199325307728,0.49576491187265265,0.30280309487427015,-0.4283957142190864,0.28687589116255247,0.0,0.0,none
inventory,dqn,11,128,0.0,13.475777459484888,1.9427498768901685,0.012213520396265436,1,balanced_restock,0.10331608574317733,0.4630588342711141,0.4336250799857087,-1.6894473217354733,3.901195005394712,0.0,0.0,none
inventory,dqn,11,129,3.7984209192442098,14.327659617488791,2.198618220298973,0.0,2,high_restock,0.0008891980993304433,0.08862663572501771,0.9104841661756519,-0.58471671901401,3.714588123344973,0.0,0.0,none
inventory,dqn,11,130,0.12776205432574272,13.859071920550567,1.8748065562577718,0.0,2,high_restock,0.06682723943129917,0.4291629679615762,0.5040097926071246,-1.0739223588400475,0.16299462204262147,0.0,0.0,none
inventory,dqn,11,131,0.0,13.83911473724208,1.902292450720625,0.0953432783642942,1,balanced_restock,0.30589888674410387,0.49594743530486574,0.1981536779510303,-0.5890932105576199,0.6980158086227423,0.0,0.0,none
inventory,dqn,11,132,0.0,14.533760085106314,1.8606886797849176,0.04090950188528927,1,balanced_restock,0.12082251538905374,0.5005280274992301,0.3786494571117161,-0.7806710419907188,1.316723136177588,0.0,0.0,none
inventory,dqn,11,133,0.0,13.519311680570919,2.6994281538796088,0.07511982892691407,1,balanced_restock,0.2530132373546658,0.5067211497982171,0.24026561284711706,-1.1319715646658959,1.8358240163444952,0.0,0.0,none
inventory,dqn,11,134,0.0,11.710386904486418,3.0061945796781693,0.13785206511890996,0,low_restock,0.5872680169111977,0.32953810644775805,0.08319387664104423,-0.700218487270998,1.055542187119047,0.0,0.0,none
inventory,dqn,11,135,0.0,10.673901370957356,2.811654059405844,0.09289615844124965,0,low_restock,0.5017189666492019,0.36778867456659875,0.13049235878419943,-0.37188883747293844,0.22663681820075157,0.0,0.0,none
inventory,dqn,11,136,0.0,10.455083803417773,2.804900685838445,0.03426586383445329,1,balanced_restock,0.3114968233170178,0.44051599571213024,0.24798718097085198,-0.9832696793979384,2.3751686440346886,0.0,0.0,none
inventory,dqn,11,137,0.0,8.614558827899204,1.3055808640852067,0.11129815703534615,0,low_restock,0.6452743738237732,0.2445618880545427,0.1101637381216841,-0.7095311639296853,0.48703980827212906,0.0,0.0,none
inventory,dqn,11,138,0.0,8.127849695152584,1.2991155619661503,0.09455913641601524,0,low_restock,0.6246113717910865,0.25187722968022785,0.1235113985286857,-0.5166014238934782,0.16607737549330176,0.0,0.0,none
inventory,dqn,11,139,0.0,8.288425351931044,1.2744127127245581,0.06010739712383538,0,low_restock,0.5171204781547581,0.31146036668048077,0.17141915516476108,-0.21190646397956897,0.18156649475829034,0.0,0.0,none
inventory,dqn,11,140,0.0,8.420780058228573,1.386163309370725,0.005697582853494459,1,balanced_restock,0.3226833637949256,0.3787489448462208,0.2985676913588536,-0.8614518877948154,0.8009865679696884,0.0,0.0,none
inventory,dqn,11,141,0.0,7.626092374195307,1.331203497584253,0.0895449799633599,0,low_restock,0.6342021685276936,0.240858364001165,0.12493946747114136,-0.5292186742222027,0.27942548971704967,0.0,0.0,none
inventory,dqn,11,142,0.0,7.885127512939339,1.2300086161551516,0.06236047753967906,0,low_restock,0.5493877899100535,0.2914317014970283,0.15918050859291819,-0.8025531746247652,2.183757552301163,0.0,0.0,none
inventory,dqn,11,143,1.778723356070758,8.879572581038365,2.012396274017474,0.0,2,high_restock,0.04828804043632885,0.26253264817674576,0.6891793113869255,-0.8014022528729745,2.068783727338948,0.0,0.0,none
inventory,dqn,11,144,0.0,9.78799792755126,2.549605540779974,0.04667897372731686,1,balanced_restock,0.3964538367152044,0.40048494868742596,0.20306121459736973,-0.738304549988438,0.14856724627219264,0.0,0.0,none
inventory,dqn,11,145,0.0,9.934004784977828,2.5674504699850877,0.0675543839265068,0,low_restock,0.45862605429556963,0.3765280116761906,0.16484593402823977,-0.29654471806829424,1.3399339100692378,0.0,0.0,none
inventory,dqn,11,146,0.33298490876655507,10.920226701240349,1.7264114275007587,0.0,2,high_restock,0.13906558939330366,0.4272815854416116,0.43365282516508474,-1.111385861723576,0.9940361239148461,0.0,0.0,none
inventory,dqn,11,147,0.0,11.444582031246567,0.9570808208713146,0.10203318959349568,0,low_restock,0.461972403643663,0.37813406772897534,0.15989352862736161,-0.6434894691180103,1.2794756917739467,0.0,0.0,none
inventory,dqn,11,148,0.0,10.485531655990822,1.8037857270025983,0.08276597662821612,0,low_restock,0.46654836515049175,0.3718966845817433,0.161554950267765,-0.5688898478591022,1.2049990132308237,0.0,0.0,none
inventory,dqn,11,149,0.0,9.28128101253468,1.7634676049548432,0.06944461568912538,0,low_restock,0.4949556754657698,0.34086359213962325,0.16418073239460687,-0.4682266407152404,0.6566446499728148,0.0,0.0,none
inventory,dqn,11,150,0.0,8.625194773182994,1.7837141270570467,0.051469042984864356,0,low_restock,0.473191608077415,0.3408609352765627,0.18594745664602227,-2.028633975968049,5.483132514845416,0.0,0.0,none
inventory,dqn,11,151,5.281811359908712,9.38976529022843,3.0406921681434427,0.0,2,high_restock,0.00023213261103457466,0.02101518048881115,0.9787526869001543,-0.8869649056399784,4.362736997506722,0.0,0.0,none
inventory,dqn,11,152,0.99132830182851,10.026730314674642,3.509205556824023,0.0,2,high_restock,0.10165025647323692,0.39890590546343024,0.49944383806333276,-0.5967003836401111,2.091845270845057,0.0,0.0,none
inventory,dqn,11,153,0.0,11.816972713694748,3.9428119115849922,0.010125068507162688,1,balanced_restock,0.15351623461874428,0.47085090446805766,0.3756328609131979,-0.6369205046209657,0.679621494158932,0.0,0.0,none
inventory,dqn,11,154,0.0,12.27992335809534,3.4468122958111875,0.04945009011088674,1,balanced_restock,0.24129207618927295,0.48886094372571565,0.26984698008501146,-0.42762249083628234,1.8059250466229175,0.0,0.0,none
inventory,dqn,11,155,0.0,13.751510374697395,2.40067651950127,0.012075444792193274,1,balanced_restock,0.09361317501253799,0.4645855043471485,0.4418013206403136,-0.6913155891934734,0.9737125663685479,0.0,0.0,none
inventory,dqn,11,156,0.9466159691242098,13.532960921843102,2.336452776281047,0.0,2,high_restock,0.03510572976616273,0.35861976392630984,0.6062745063075274,-0.6137379865499781,1.087304297731158,0.0,0.0,none
inventory,dqn,11,157,0.0,14.017389373259354,2.56295782110154,0.01316749759821038,1,balanced_restock,0.08751720865264227,0.4659741036624239,0.44650868768493385,-0.43260781344235205,0.7178935750060578,0.0,0.0,none
inventory,dqn,11,158,0.2074508955495773,13.383241138210195,2.2983487812678733,0.0,2,high_restock,0.0717122217380826,0.4292552600037111,0.49903251825820627,-0.889675317397491,2.0856038080356365,0.0,0.0,none
inventory,dqn,11,159,0.9990723354214026,15.292115728636697,2.01678788545302,0.0,2,high_restock,0.01848390609545745,0.324178909848565,0.6573371840559775,-0.976860122762222,1.2839622186701432,0.0,0.0,none
inventory,dqn,11,160,0.0,14.676905920185149,2.5323891501812485,0.07801073620753965,1,balanced_restock,0.19755902097264302,0.5317373608101842,0.2707036182171728,-0.5275222099603931,0.3202119814033703,0.0,0.0,none
inventory,dqn,11,161,0.0,14.991871281274175,2.5004626132677825,0.0299146803500702,1,balanced_restock,0.08641138200581829,0.4879355102949305,0.4256531076992512,-1.33187348161344,2.7821270562421,0.0,0.0,none
inventory,dqn,11,162,2.7767813760384,15.139701241582625,2.5839345336684474,0.0,2,high_restock,0.003112032979722713,0.17337087122302533,0.8235170957972519,-1.5366166739364298,0.9909144010600137,0.0,0.0,none
inventory,dqn,11,163,2.847476211246942,16.128005063139476,2.570928888775305,0.0,2,high_restock,0.002023502163617524,0.1577073356637238,0.8402691621726587,-1.039855347852362,1.5220991536872854,0.0,0.0,none
inventory,dqn,11,164,1.4281581367210343,15.685817160259926,2.244138595886109,0.0,2,high_restock,0.010480718959022141,0.2767450955418676,0.7127741854991103,-0.5814298788544634,2.158666880041654,0.0,0.0,none
inventory,dqn,11,165,0.0,16.588575609769396,0.9005689162300803,0.007398192652582734,2,high_restock,0.036306559557416955,0.41681151205829714,0.5468819283842858,-0.7059215985574102,0.3050571366650612,0.0,0.0,none
inventory,dqn,11,166,0.0,16.804001528507463,0.6857263512344072,0.029628856885251815,2,high_restock,0.053612982239512975,0.4678939862728567,0.4784930314876303,-0.7832910257990514,0.03577655485601877,0.0,0.0,none
inventory,dqn,11,167,0.0,16.836416160294693,0.69192090690065,0.04344482603554489,1,balanced_restock,0.06777165846694251,0.494896696522888,0.4373316450101696,-0.5956745239303034,1.6300607109863194,0.0,0.0,none
inventory,dqn,11,168,0.0,15.641318447924855,1.8004503515009418,0.042084736416125604,1,balanced_restock,0.08870375161202992,0.5002038042516999,0.4110924441362703,-0.41216372332284806,0.45857474171710966,0.0,0.0,none
inventory,dqn,11,169,0.0,15.183959064348674,1.794179057148089,0.009314950593365725,2,high_restock,0.057954501940578745,0.44435789133444464,0.49768760672497653,-0.7898384855910199,0.11743718671062357,0.0,0.0,none
inventory,dqn,11,170,0.0,15.078978483158608,1.7551336166017153,0.044614015284110686,1,balanced_restock,0.10957347560034174,0.504933817145145,0.3854927072545134,-0.38648533449795847,0.3602506745372686,0.0,0.0,none
inventory,dqn,11,171,0.0,14.748590660148631,1.6171710772379864,0.004729524017492588,2,high_restock,0.06164009091447107,0.43901729284100954,0.49934261624451926,-1.1532086772773906,1.2924720666269953,0.0,0.0,none
inventory,dqn,11,172,0.0,13.475205871304151,1.8121019501749158,0.10950154951381974,1,balanced_restock,0.37388788043329835,0.46193301701527206,0.1641791025514296,-0.8790309950010239,0.24652592670744153,0.0,0.0,none
inventory,dqn,11,173,0.0,13.691608822323198,1.6952175246457415,0.09268410625018283,1,balanced_restock,0.3080932839032573,0.491539746803804,0.20036696929293868,-0.7736896544812675,0.19785604693269612,0.0,0.0,none
inventory,dqn,11,174,0.0,13.496185172103953,1.670666348196109,0.07387315258594061,1,balanced_restock,0.2570879986320616,0.4986371916992232,0.24427480966871523,-0.8863649877262935,0.9883111107162269,0.0,0.0,none
inventory,dqn,11,175,0.0,12.508683744661814,1.636098385965449,0.0939937478082667,1,balanced_restock,0.3790926393664832,0.4413921111817649,0.1795152494517519,-0.9932393373106717,0.9001118424061872,0.0,0.0,none
inventory,dqn,11,176,0.0,11.683114992968218,1.277945710293186,0.11307845309119138,0,low_restock,0.4886846087985085,0.37177731833040567,0.13953807287108583,-0.6177936970808025,0.7052621713468438,0.0,0.0,none
inventory,dqn,11,177,0.0,11.238537450491469,1.8243223741028225,0.07817744590728615,1,balanced_restock,0.4051625238350473,0.4115366255921769,0.18330085057277581,-0.9707267443239905,0.7089390449991194,0.0,0.0,none
inventory,dqn,11,178,0.0,10.570760626692584,1.588282010909063,0.1090583472007126,0,low_restock,0.5480756701454695,0.32922932622582823,0.12269500362870218,-0.4772401525058523,1.043411727653533,0.0,0.0,none
inventory,dqn,11,179,0.0,9.891123754938537,0.798555460949636,0.05307859866175933,0,low_restock,0.3871144465272555,0.3807640338098611,0.23212151966288344,-0.5058941542945181,1.3944974349410735,0.0,0.0,none
inventory,dqn,11,180,0.0,8.901177083579437,1.780697254390358,0.058195384695449666,0,low_restock,0.479599505591259,0.3423022117736348,0.17809828263510608,-0.207111945048423,0.1685165879231452,0.0,0.0,none
inventory,dqn,11,181,0.07746270013835144,8.79859088330435,1.688573754642448,0.0,1,balanced_restock,0.2725946220720979,0.39739218198121834,0.3300131959466837,-0.7722255430415986,1.5984144232255126,0.0,0.0,none
inventory,dqn,11,182,1.177787265833139,9.730041695868632,2.3789460471609583,0.0,2,high_restock,0.08230637347625852,0.34837569941773217,0.5693179271060094,-0.894672749699615,1.305621141318318,0.0,0.0,none
inventory,dqn,11,183,0.0,10.24013498656094,2.609721494695212,0.06333441958921696,0,low_restock,0.4259956492077265,0.396544837710824,0.17745951308144964,-0.534502933017569,1.0603753528207784,0.0,0.0,none
inventory,dqn,11,184,1.0128655229073402,10.545673485846098,2.6434008374040805,0.0,2,high_restock,0.08364749043825548,0.38177461461591367,0.5345778949458309,-1.1738347924831118,1.7011871862888852,0.0,0.0,none
inventory,dqn,11,185,0.0,11.230148404528515,1.4657656793094773,0.11318478437198425,0,low_restock,0.5195583602892573,0.35150249679122597,0.12893914291951677,-0.31545626560470735,0.43118874399507934,0.0,0.0,none
inventory,dqn,11,186,0.0,11.645866795960561,1.3937821082879525,0.024188618857983457,1,balanced_restock,0.2116619178255942,0.45996900084522063,0.32836908132918513,-0.5406154580971616,0.3901447152030985,0.0,0.0,none
inventory,dqn,11,187,0.0,11.312903901590468,1.1905984982324194,0.03225276037449315,1,balanced_restock,0.25207878661252675,0.449598501308732,0.2983227120787411,-0.637885885773501,0.34427760795738893,0.0,0.0,none
inventory,dqn,11,188,0.0,10.991967159815285,1.0672089850089113,0.04962247960241092,1,balanced_restock,0.3172701789304423,0.42688809181368415,0.25584172925587356,-0.4411289065584725,0.9278040598340997,0.0,0.0,none
inventory,dqn,11,189,0.0,11.594604629022351,1.7717754997113275,0.014487304742584379,1,balanced_restock,0.18465469887278485,0.45758998337350826,0.35775531775370684,-0.687354414945248,0.06649185849622882,0.0,0.0,none
inventory,dqn,11,190,0.0,11.56620094384466,1.8127771942467645,0.05845614552593713,1,balanced_restock,0.3229012047980607,0.44838944147134835,0.22870935373059098,-0.467670858300672,0.6540687361702714,0.0,0.0,none
inventory,dqn,11,191,0.0,12.069463518260088,2.2287023824502263,0.01922693898226286,1,balanced_restock,0.17202143366469566,0.46865276700168074,0.3593257993336237,-0.6713114646285752,0.46495160944734387,0.0,0.0,none
inventory,dqn,11,192,0.0,11.673259983671468,2.469285817368569,0.05559133296938842,1,balanced_restock,0.3077811216069036,0.4611115486860266,0.23110732970706985,-0.474146491818797,0.7558552974567643,0.0,0.0,none
inventory,dqn,11,193,0.0,12.40934848488676,2.6373671775341694,0.020383302110499456,1,balanced_restock,0.15759279684082994,0.47514214856135045,0.3672650545978195,-0.5235773059268821,0.487777637257143,0.0,0.0,none
inventory,dqn,11,194,0.46736373121966324,12.296295012640112,2.557984562582003,0.0,2,high_restock,0.0802729532362453,0.41850359886508215,0.5012234478986726,-0.964702345759754,1.010416111038683,0.0,0.0,none
inventory,dqn,11,195,0.0,12.956630172963736,1.9573867974899783,0.07583970459995606,1,balanced_restock,0.29653252927412244,0.48330318403691064,0.2201642866889669,-0.44563924900565777,0.4528426080211396,0.0,0.0,none
inventory,dqn,11,196,0.0,13.255079023237537,2.2925416489142356,0.015292723036724607,1,balanced_restock,0.11500979527489152,0.4699889842228757,0.4150012205022328,-0.9743085291952722,2.282026328664516,0.0,0.0,none
inventory,dqn,11,197,1.7551672262722064,14.329312106825878,1.3062244650000616,0.0,2,high_restock,0.012435518073661249,0.26316868207142685,0.7243957998549119,-0.5691224045198447,1.7837222141059295,0.0,0.0,none
inventory,dqn,11,198,0.0,14.612560218247378,1.4504340618558917,0.005200429378543703,2,high_restock,0.06521785483668817,0.44039333738934805,0.49438880777396366,-0.5400464230924542,1.0513160978162628,0.0,0.0,none
inventory,dqn,11,199,0.0,15.506411196024931,2.0038498266663245,8.289837938235678e-06,2,high_restock,0.0440698149825016,0.41878361948293463,0.5371465655345636,-0.9401901817479166,0.29827299851619,0.0,0.0,none
inventory,dqn,11,200,0.0,15.661280410029594,1.7591528724363192,0.0714625324549851,1,balanced_restock,0.14074214277490563,0.5360323191264185,0.3232255380986759,-0.8533841843719192,1.5127007823020584,1.0,1.0,inventory_demand_spike
inventory,dqn,11,201,1.4096690982054838,16.096031942155243,2.0862322238349034,0.0,2,high_restock,0.009275668881248937,0.2713147896635297,0.7194095414552215,-1.915972579649142,2.8105285304617054,1.0,0.0,inventory_demand_spike
inventory,dqn,11,202,3.931350227568977,17.235236600259356,2.5785813370718245,0.0,2,high_restock,0.00037923936383637603,0.08639786922958771,0.913222891406576,-3.7562445770681623,5.518118697498231,1.0,0.0,inventory_demand_spike
inventory,dqn,11,203,9.18927022019475,18.71066005533856,3.3704379775238062,0.0,2,high_restock,2.1329802052119597e-07,0.0028365670083252362,0.9971632196936543,-4.144105063204959,1.1181396352657968,1.0,0.0,inventory_demand_spike
inventory,dqn,11,204,10.297443037728456,18.859604665276827,3.36825770183608,0.0,2,high_restock,3.403140585570946e-08,0.0009894477202414733,0.9990105182483527,-4.299541912564267,1.9422536529459644,1.0,0.0,inventory_demand_spike
inventory,dqn,11,205,10.741548321612193,19.94878511869223,1.8226815344776715,0.0,2,high_restock,3.505361857372022e-08,0.0010955203277256344,0.9989044446186559,-6.360588014452134,6.000385687778004,1.0,0.0,inventory_demand_spike
inventory,dqn,11,206,16.63025146986324,21.04411647433155,2.1805262706729227,0.0,2,high_restock,1.3270686432574595e-12,3.2846367013282485e-06,0.9999967153619715,-7.56698832648288,3.4518453859752967,1.0,0.0,inventory_demand_spike
inventory,dqn,11,207,20.0771095042368,21.229151855333562,2.1675583359565755,0.0,2,high_restock,6.113765916745988e-15,1.2120606275739068e-07,0.999999878793931,-7.989761124648174,1.4629813576363464,1.0,0.0,inventory_demand_spike
inventory,dqn,11,208,21.28503178470907,20.419152312902867,2.0090056368555245,0.0,2,high_restock,1.4769291296968631e-15,3.478259933407846e-08,0.9999999652173991,-9.497219066208327,4.354291080752681,1.0,0.0,inventory_demand_spike
inventory,dqn,11,209,25.592054474880932,21.058922287430494,1.998968607414451,0.0,2,high_restock,3.3375493574173903e-18,6.966700743925959e-10,0.99999999930333,-9.251761879533042,0.8064433088826081,1.0,0.0,inventory_demand_spike
inventory,dqn,11,210,24.89074822723726,20.829839981125012,2.3246089832821313,0.0,2,high_restock,5.2641794768513914e-18,1.0271480091793873e-09,0.9999999989728521,-9.791687451656362,1.8575888884065883,1.0,0.0,inventory_demand_spike
inventory,dqn,11,211,26.43339271901818,19.96062824983099,1.7630438343541892,0.0,2,high_restock,1.6403625651856448e-18,2.7496386992992154e-10,0.9999999997250362,-8.87172672494491,2.949597166824505,1.0,0.0,inventory_demand_spike
inventory,dqn,11,212,23.804933499842598,18.74556479912116,2.3242446811275657,0.0,2,high_restock,2.8074458826925344e-17,1.677919227181167e-09,0.9999999983220806,-8.467921156423508,1.2503643900360308,1.0,0.0,inventory_demand_spike
inventory,dqn,11,213,22.651203304067167,18.273234303871618,2.4202740853925375,0.0,2,high_restock,1.2516515268173283e-16,4.173886006096201e-09,0.9999999958261139,-9.000218970070907,1.8094073948594613,1.0,0.0,inventory_demand_spike
inventory,dqn,11,214,24.172054200202595,17.715999945064333,1.6137646051873755,0.0,2,high_restock,5.938694357318056e-17,1.4596043891327145e-09,0.9999999985403956,-9.744953086928511,2.2141117371285306,1.0,0.0,inventory_demand_spike
inventory,dqn,11,215,26.299865962652888,18.28182354708313,1.8473273151112313,0.0,2,high_restock,2.1264177963628826e-18,1.9803998023138918e-10,0.99999999980196,-10.330058369151796,1.6720283362300947,1.0,0.0,inventory_demand_spike
inventory,dqn,11,216,27.97159534043371,18.30764052428311,1.8655791180135166,0.0,2,high_restock,2.319262704079265e-19,4.296923144113293e-11,0.9999999999570308,-9.490062885156256,2.401472703826671,1.0,0.0,inventory_demand_spike
inventory,dqn,11,217,25.571608243303587,18.3533349486922,1.7945502477463111,0.0,2,high_restock,5.968465531131358e-18,4.053886306140446e-10,0.9999999995946114,-9.198535091864532,0.8368981803435339,1.0,0.0,inventory_demand_spike
inventory,dqn,11,218,24.738671691041517,18.417493677394873,1.7445610319157692,0.0,2,high_restock,2.0452769104279884e-17,9.353930298108412e-10,0.9999999990646069,-8.181688031180538,3.0530089548758492,1.0,0.0,inventory_demand_spike
inventory,dqn,11,219,21.833394374801543,17.532268034919788,2.0553711929436087,0.0,2,high_restock,7.689556159150594e-16,9.59231892019237e-09,0.9999999904076803,-6.709679012806334,4.392527553038199,1.0,0.0,inventory_demand_spike
inventory,dqn,11,220,17.627654322303812,16.265557671930186,2.0167218551630626,0.0,2,high_restock,3.34409436671856e-13,3.8227603681422013e-07,0.9999996177236288,-6.3233037189097505,1.4637081386731943,1.0,0.0,inventory_demand_spike
inventory,dqn,11,221,16.523724911170717,15.710425914147402,1.2321136077207588,0.0,2,high_restock,6.142308967081924e-12,1.6045606115276929e-06,0.9999983954332461,-6.992491441958211,2.2602056315334424,1.0,0.0,inventory_demand_spike
inventory,dqn,11,222,18.43568983416632,16.572816318172546,2.074255176042417,0.0,2,high_restock,9.525962939199454e-14,1.8505420266936625e-07,0.9999998149457021,-7.818193255850028,2.4971723362951272,1.0,0.0,inventory_demand_spike
inventory,dqn,11,223,20.794837873857226,17.211233236563142,2.586811555666031,0.0,2,high_restock,1.3899363375849703e-15,1.6498344162918132e-08,0.9999999835016544,-8.401579367596824,1.9039986934809114,1.0,0.0,inventory_demand_spike
inventory,dqn,11,224,22.461655335990926,18.12565219223788,2.4830399496944957,0.0,2,high_restock,1.4858627463556664e-16,4.611513238755767e-09,0.9999999953884866,-9.811019561545706,4.428278018922507,1.0,0.0,inventory_demand_spike
inventory,dqn,11,225,26.488627318702015,19.772194599279644,1.6571822348638632,0.0,2,high_restock,1.8372450759326516e-18,2.667258390906432e-10,0.9999999997332742,-9.503359613214972,0.8835779601486737,1.0,0.0,inventory_demand_spike
inventory,dqn,11,226,25.609598894899918,19.81717479674584,1.5797495308920024,0.0,2,high_restock,7.183596966802082e-18,6.572229941274406e-10,0.9999999993427771,-9.067859104274316,1.455007457074892,1.0,0.0,inventory_demand_spike
inventory,dqn,11,227,24.36531172649805,19.185924378466346,1.9924468196109504,0.0,2,high_restock,2.1608528376214704e-17,1.380650515294694e-09,0.9999999986193495,-9.595187353932225,1.5180026825334305,1.0,0.0,inventory_demand_spike
inventory,dqn,11,228,25.87196386837779,19.015425198904115,1.9199106402486017,0.0,2,high_restock,2.9664855214025168e-18,3.298930836935038e-10,0.999999999670107,-9.801830265822822,0.6289272077818621,1.0,0.0,inventory_demand_spike
inventory,dqn,11,229,26.46237218806521,18.800143370414855,1.8949870960686948,0.0,2,high_restock,1.4374237869207874e-18,1.844316714265277e-10,0.9999999998155684,-9.999495458375389,1.2507165432075127,1.0,0.0,inventory_demand_spike
inventory,dqn,11,230,27.02712988107254,18.107700512474107,1.0198508163220268,0.0,2,high_restock,3.842756228003906e-18,1.8088237939748038e-10,0.9999999998191176,-10.905831007889894,2.6918747004643615,1.0,0.0,inventory_demand_spike
inventory,dqn,11,231,29.61666002254256,18.80141222552853,1.2633402587819504,0.0,2,high_restock,3.6699984501189534e-20,8.248384745685399e-12,0.9999999999917517,-12.536758293364755,4.814490042379514,1.0,0.0,inventory_demand_spike
inventory,dqn,11,232,34.27645226675644,19.98222810805168,1.530406655988191,0.0,2,high_restock,8.786605416367602e-24,2.525978768763295e-14,0.9999999999999747,-13.909285362201402,3.953892278085358,1.0,0.0,inventory_demand_spike
inventory,dqn,11,233,38.19795817771829,20.4651988618681,1.6780372353147892,0.0,2,high_restock,9.981084252200053e-26,5.808855965632713e-16,0.9999999999999993,-14.86884149800093,2.7896478431269696,1.0,0.0,inventory_demand_spike
inventory,dqn,11,234,40.93954713714551,20.89543498981606,1.3939211667475926,0.0,2,high_restock,1.1013091729082681e-24,8.633340476544182e-16,0.9999999999999991,-17.355358208457055,7.227907715754021,1.0,0.0,inventory_demand_spike
inventory,dqn,11,235,48.04388059559159,22.20335014290381,1.6397951405299709,0.0,2,high_restock,6.022421960801299e-24,7.051059534790434e-16,0.9999999999999993,-20.27446951925306,8.430027380793868,1.0,0.0,inventory_demand_spike
inventory,dqn,11,236,56.384198626437325,23.353507720778953,2.065934004446674,0.0,2,high_restock,2.669214016269834e-24,6.549384864756931e-16,0.9999999999999993,-21.714294829966313,4.115511735588791,1.0,0.0,inventory_demand_spike
inventory,dqn,11,237,60.49798522847519,23.244306592343747,2.1135969062815407,0.0,2,high_restock,1.779627021959371e-24,1.1684630312438677e-15,0.9999999999999989,-22.070724365924384,1.3159114525001598,1.0,0.0,inventory_demand_spike
inventory,dqn,11,238,61.51635533121254,22.663679430698846,2.711440852334342,0.0,2,high_restock,4.139222888623193e-25,5.375552534433741e-16,0.9999999999999996,-22.252318914202963,0.8058272113503123,1.0,0.0,inventory_demand_spike
inventory,dqn,11,239,62.035196897722756,22.219129952115445,3.1386839734083622,0.0,2,high_restock,1.5955204064971887e-25,3.173557851621518e-16,0.9999999999999998,-24.708942548775198,7.018962691577687,1.0,0.0,inventory_demand_spike
inventory,dqn,11,240,69.05412156792914,22.202048194467512,3.1231291258267944,0.0,2,high_restock,8.394469831264721e-26,8.586832249591691e-16,0.9999999999999991,-24.73247888502336,1.7228695395225229,1.0,0.0,inventory_demand_spike
inventory,dqn,11,241,69.1213682429239,20.547433923297312,2.647725141244618,0.0,2,high_restock,2.577232245389566e-23,8.589003169070201e-14,0.9999999999999141,-26.496998633746788,5.046636472805456,1.0,0.0,inventory_demand_spike
inventory,dqn,11,242,74.16285323927654,20.73297360216027,2.780177954611615,0.0,2,high_restock,4.8562390376187255e-24,7.060379453628833e-14,0.9999999999999294,-27.729803445607743,3.560152391355705,1.0,0.0,inventory_demand_spike
inventory,dqn,11,243,77.68515270173641,21.23375947410478,2.6486292682197097,0.0,2,high_restock,3.3187096751483795e-25,2.3662303363044027e-14,0.9999999999999762,-28.07094716524647,0.9829576344998148,1.0,0.0,inventory_demand_spike
inventory,dqn,11,244,78.65984904356135,21.32493042916772,2.5599691903522337,0.0,2,high_restock,8.449213665986128e-26,1.340483394633043e-14,0.9999999999999867,-29.594003637965425,4.4282582811975,1.0,0.0,inventory_demand_spike
inventory,dqn,11,245,83.01143896561551,20.791463479537278,1.9366317464882337,0.0,2,high_restock,9.337751599163269e-31,5.0665690676828715e-18,1.0,-28.780262530850667,2.4924553043140385,1.0,0.0,inventory_demand_spike
inventory,dqn,11,246,80.68646437385905,20.31301922618703,2.69684072310335,0.0,2,high_restock,2.907407394149252e-28,4.1994724069842905e-16,0.9999999999999996,-28.119175973100646,2.3429254989526247,1.0,0.0,inventory_demand_spike
inventory,dqn,11,247,78.79764563743042,18.926958479630777,2.719185329040124,0.0,2,high_restock,1.4112607219133502e-28,1.671123053136571e-16,0.9999999999999998,-28.18147527054733,0.766476294463903,1.0,0.0,inventory_demand_spike
inventory,dqn,11,248,78.97564363013524,18.258098185679767,2.3899004497274836,0.0,2,high_restock,3.527258461737147e-30,8.06146771629583e-18,1.0,-26.879118537178847,3.8605809196520897,1.0,0.0,inventory_demand_spike
inventory,dqn,11,249,75.25462439193957,17.318955069675642,2.8095563490325977,0.0,2,high_restock,1.0112760164823878e-27,4.3466839572491585e-16,0.9999999999999996,-27.68400199303998,2.4395506564975,1.0,0.0,inventory_demand_spike
inventory,dqn,11,250,77.55429140868567,16.908570488614032,2.1063326909163713,0.0,2,high_restock,2.520864741737699e-31,6.827726625699236e-19,1.0,-26.70178687216356,2.8087135667164587,1.0,0.0,inventory_demand_spike
inventory,dqn,11,251,74.74796249189589,16.812299623607366,2.1705341799758635,0.0,2,high_restock,4.8713852457416126e-29,2.840864263645716e-17,1.0,-25.34189676525458,3.9145301926613545,1.0,0.0,inventory_demand_spike
inventory,dqn,11,252,70.86256218644166,16.412983309802247,2.4308370365922234,0.0,2,high_restock,5.82027166989215e-26,4.446286447438263e-15,0.9999999999999956,-23.635988333692854,4.978741172108747,1.0,0.0,inventory_demand_spike
inventory,dqn,11,253,65.9885380962653,15.402578893226012,2.534931907717088,0.0,2,high_restock,3.653886396795933e-23,3.2948132680878675e-13,0.9999999999996705,-23.5040067744286,0.76979819124085,1.0,0.0,inventory_demand_spike
inventory,dqn,11,254,65.61144792693887,16.071364706999862,2.5907691240686685,0.0,2,high_restock,6.642713937016147e-22,2.231382743638027e-12,0.9999999999977687,-22.832359120470393,2.3372897726432895,1.0,0.0,inventory_demand_spike
inventory,dqn,11,255,63.69245462991542,15.227632644245952,1.5570842525710589,0.0,2,high_restock,4.242788374821913e-23,1.7921517626364073e-13,0.9999999999998208,-22.675368154209295,0.6988162398705351,1.0,0.0,inventory_demand_spike
inventory,dqn,11,256,63.24390901202656,15.699189304026138,1.8116137840530728,0.0,2,high_restock,1.1480733282570915e-21,2.5223223673329754e-12,0.9999999999974776,-22.61848614599239,0.7631376695164498,1.0,0.0,inventory_demand_spike
inventory,dqn,11,257,63.08138898854969,16.443765360421605,1.7719547264917783,0.0,2,high_restock,1.2739423291482458e-20,1.1033811743602223e-11,0.9999999999889662,-23.0462067049568,1.8918926083903789,1.0,0.0,inventory_demand_spike
inventory,dqn,11,258,64.303447728448,17.66298192643654,0.9977835289682326,0.0,2,high_restock,3.581167735792636e-21,5.2814132524132575e-12,0.9999999999947187,-23.98153305057,2.798197942999018,1.0,0.0,inventory_demand_spike
inventory,dqn,11,259,66.9758087159143,18.27287215779508,1.5603067609911863,0.0,2,high_restock,1.1601008297918033e-21,3.0163842191587124e-12,0.9999999999969835,-24.258546962482583,1.059454431440041,1.0,0.0,inventory_demand_spike
inventory,dqn,11,260,67.76727703566453,18.814964481149822,1.110687473049114,0.0,2,high_restock,2.9185951647471684e-22,1.3700034117768395e-12,0.99999999999863,-23.307123693414866,2.838551045959979,1.0,0.0,inventory_demand_spike
inventory,dqn,11,261,65.04892483832819,18.361003165260325,1.790284776923283,0.0,2,high_restock,5.554055590612362e-20,1.9557367086685766e-11,0.9999999999804425,-23.27551584733433,0.09154288032665303,1.0,0.0,inventory_demand_spike
inventory,dqn,11,262,64.95861670666952,18.375445543623965,1.7862900301201592,0.0,2,high_restock,6.411728310503525e-20,2.0708453321545503e-11,0.9999999999792915,-22.574900249031163,2.1086149888565524,1.0,0.0,inventory_demand_spike
inventory,dqn,11,263,62.95685785437476,17.73068202518535,1.9395828015764667,0.0,2,high_restock,4.480534633698139e-19,5.268597878547327e-11,0.9999999999473139,-21.5742127404186,3.1020596866013084,1.0,0.0,inventory_demand_spike
inventory,dqn,11,264,60.09775068691029,16.624388394199197,1.4658794067925947,0.0,2,high_restock,1.6581039323827727e-18,1.5690534066311924e-10,0.9999999998430946,-22.03995837183693,1.3453348194224959,1.0,0.0,inventory_demand_spike
inventory,dqn,11,265,61.42845249096267,16.73223509105963,1.6317937672879756,0.0,2,high_restock,3.5147197220354077e-19,6.710012526277852e-11,0.9999999999328999,-23.357130157355844,4.048505210939284,1.0,0.0,inventory_demand_spike
inventory,dqn,11,266,65.19180044958813,18.028575122251986,2.3714620097050223,0.0,2,high_restock,3.2005899770849787e-20,1.1088496292587819e-11,0.9999999999889115,-23.344671357024477,0.037243126991420385,1.0,0.0,inventory_demand_spike
inventory,dqn,11,267,65.1562038772128,18.03951743410866,2.3710143999882427,0.0,2,high_restock,3.1670208067912737e-20,1.0955298712891864e-11,0.9999999999890448,-23.75189476248721,1.34220548197968,1.0,0.0,inventory_demand_spike
inventory,dqn,11,268,66.31969932139204,18.672568293403454,2.154126141254404,0.0,2,high_restock,1.7644886249347697e-20,8.096193724863254e-12,0.9999999999919038,-24.5087593123147,2.547364442927755,1.0,0.0,inventory_demand_spike
inventory,dqn,11,269,68.48216946375629,19.676883755369204,1.2573881966282898,0.0,2,high_restock,1.6137154806890951e-21,3.588007532880382e-12,0.999999999996412,-26.375793773172887,5.431711341934025,1.0,0.0,inventory_demand_spike
inventory,dqn,11,270,73.81655363763683,20.477620229334835,1.8950830192579542,0.0,2,high_restock,7.195368071002508e-24,1.73029388103968e-13,0.999999999999827,-27.851426724595182,4.217628181276162,1.0,0.0,inventory_demand_spike
inventory,dqn,11,271,78.03264778455767,20.56816946699391,1.9639194584023048,0.0,2,high_restock,6.503811913391032e-27,2.4813860333273863e-15,0.9999999999999976,-29.669454915159797,5.306823993336782,1.0,0.0,inventory_demand_spike
inventory,dqn,11,272,83.22701404331372,21.614162033220186,1.6692338334542638,0.0,2,high_restock,3.0951756580017683e-30,1.2690212033559912e-17,1.0,-31.93658136623284,6.567857601296056,1.0,0.0,inventory_demand_spike
inventory,dqn,11,273,89.7045181892367,22.676963773568936,1.4475449271809213,0.0,2,high_restock,1.7850708444362053e-34,1.5457217020968756e-20,1.0,-33.21194717467516,3.6859558469311517,1.0,0.0,inventory_demand_spike
inventory,dqn,11,274,93.34842049907189,22.97325020706312,0.9780123817371057,0.0,2,high_restock,7.797403430513592e-38,5.2500278638016476e-23,1.0,-35.597592810369896,6.82735649889842,1.0,0.0,inventory_demand_spike
inventory,dqn,11,275,100.16455088677114,23.26959944982686,1.2336301183024343,0.0,2,high_restock,1.240919141444957e-42,2.8105941141611006e-26,1.0,-38.269094951060595,7.665119965822057,1.0,0.0,inventory_demand_spike
inventory,dqn,11,276,107.79741414588743,23.95295327226595,1.3963879489418327,0.0,2,high_restock,1.0089999561055877e-47,9.911478568818409e-30,1.0,-38.585159763792056,1.6575261632353615,1.0,0.0,inventory_demand_spike
inventory,dqn,11,277,108.70045646797732,23.09468848493272,2.489680728186298,0.0,2,high_restock,7.12992366478277e-48,1.2466922199996672e-29,1.0,-41.179926098584346,7.4171004077198415,1.0,0.0,inventory_demand_spike
inventory,dqn,11,278,116.11407456738385,23.281911275629433,2.6184936195963426,0.0,2,high_restock,1.6068830449997579e-53,1.4914320708339178e-33,1.0,-43.07386426592207,5.4243148755398956,1.0,0.0,inventory_demand_spike
inventory,dqn,11,279,121.52532647406306,23.635381194998235,2.4896383225946237,0.0,2,high_restock,1.0487644445680411e-57,1.696697076429587e-36,1.0,-43.17601845854844,1.4916241991924135,1.0,0.0,inventory_demand_spike
inventory,dqn,11,280,121.8171955958527,22.330528941816315,3.1507856319956558,0.0,2,high_restock,1.1415230416184428e-58,3.710918960871609e-37,1.0,-44.03445078345471,2.6977248660443935,1.0,0.0,inventory_demand_spike
inventory,dqn,11,281,124.26985938129917,21.29448904708235,2.7162961097362075,0.0,2,high_restock,6.828615654512109e-63,2.041176588015677e-40,1.0,-45.2117953612411,3.4102170390133497,1.0,0.0,inventory_demand_spike
inventory,dqn,11,282,127.63370103211744,21.78664891282802,2.4481016505347197,0.0,2,high_restock,1.6878989587536513e-65,2.7704616562716544e-42,1.0,-47.01445014455258,5.201558250612103,1.0,0.0,inventory_demand_spike
inventory,dqn,11,283,132.78414327015025,21.334013740553274,1.8786506974068493,0.0,2,high_restock,8.865316979095444e-70,2.2802291950886106e-45,1.0,-47.14959588858732,1.077259477016731,1.0,0.0,inventory_demand_spike
inventory,dqn,11,284,133.17027396739235,20.328989498665855,1.8423555367333795,0.0,2,high_restock,8.964345457961913e-70,2.631505172378813e-45,1.0,-47.64896380870347,1.4594098333369272,1.0,0.0,inventory_demand_spike
inventory,dqn,11,285,134.5970394534385,20.555968771517158,1.6357212724791093,0.0,2,high_restock,2.0881951692451735e-70,1.0177762276392052e-45,1.0,-48.850391506035905,3.4384119574073866,1.0,0.0,inventory_demand_spike
inventory,dqn,11,286,138.02969001724546,20.751966127189256,1.669954767880646,0.0,2,high_restock,3.9701686715651607e-72,8.319940741891119e-47,1.0,-49.66399824759427,2.333994139130409,1.0,0.0,inventory_demand_spike
inventory,dqn,11,287,140.35428070741222,20.544115935058958,1.6453567533971096,0.0,2,high_restock,3.297026067856602e-73,1.8078998624559954e-47,1.0,-50.74893841984497,3.171579917298706,1.0,0.0,inventory_demand_spike
inventory,dqn,11,288,143.45410977098564,20.133993300167074,1.1145287466121294,0.0,2,high_restock,2.2194445559739147e-74,3.4895654401233126e-48,1.0,-50.365652676753136,1.2425344950782171,1.0,0.0,inventory_demand_spike
inventory,dqn,11,289,142.35900764786612,19.837746736094754,1.6213633198939363,0.0,2,high_restock,4.811382099221908e-74,6.001616200177996e-48,1.0,-50.4073589262107,0.3215547124586594,1.0,0.0,inventory_demand_spike
inventory,dqn,11,290,142.478168360602,19.576225781432704,1.7656025237093198,0.0,2,high_restock,3.9840920915399455e-74,5.562882026557507e-48,1.0,-49.12387276473409,3.9883350370924338,1.0,0.0,inventory_demand_spike
inventory,dqn,11,291,138.8110650420974,18.15627500497039,2.431116920199442,0.0,2,high_restock,2.0448218188095385e-72,8.165868715782972e-47,1.0,-49.24012872755862,0.5700343310578567,1.0,0.0,inventory_demand_spike
inventory,dqn,11,292,139.1432249358818,17.75778884569391,2.1948591702507922,0.0,2,high_restock,2.0939842482671275e-72,8.687085569178234e-47,1.0,-49.606908378786514,1.2470387969224004,1.0,0.0,inventory_demand_spike
inventory,dqn,11,293,140.1911667965329,17.34741140510945,1.6577242021244543,0.0,2,high_restock,1.78593948093198e-75,1.4732622166390292e-50,1.0,-49.488509980554184,0.3708226305876601,1.0,0.0,inventory_demand_spike
inventory,dqn,11,294,139.85288565872625,17.49877560217202,1.6449111225653925,0.0,2,high_restock,1.7069603914799303e-74,2.1433805489286645e-49,1.0,-49.621523170227896,0.3842812871360296,1.0,0.0,inventory_demand_spike
inventory,dqn,11,295,140.23292334350828,17.550950996581253,1.66774079638442,0.0,2,high_restock,1.2618642822286274e-74,1.985087685029041e-49,1.0,-48.40855053010941,3.466739148417283,1.0,0.0,inventory_demand_spike
inventory,dqn,11,296,136.76728722888404,17.59124443735733,1.5901322735813583,0.0,2,high_restock,4.051858877230681e-71,4.299814449543579e-46,1.0,-49.21045693966304,2.3490691510098856,1.0,0.0,inventory_demand_spike
inventory,dqn,11,297,139.05844839903727,17.9830446926311,1.9295419501903035,0.0,2,high_restock,2.857119156845939e-72,1.0134404447642297e-46,1.0,-50.35330856137427,3.320171967483267,1.0,0.0,inventory_demand_spike
inventory,dqn,11,298,142.32373874678365,18.42651439005015,2.3354427583283766,0.0,2,high_restock,3.913834980552903e-74,6.595812167617523e-48,1.0,-51.62306448088538,3.7229633507710305,1.0,0.0,inventory_demand_spike
inventory,dqn,11,299,145.95161280252967,19.219745428760692,2.5995837548726124,0.0,2,high_restock,3.672134489692939e-76,3.210925081719407e-49,1.0,-51.81177847842513,0.5402053778776467,1.0,0.0,inventory_demand_spike
inventory,dqn,11,300,146.49079565264324,19.251574461826998,2.5900644541947355,0.0,2,high_restock,2.0032488551984004e-76,2.1877570307070322e-49,1.0,-52.875488846286956,146.73692711540969,1.0,1.0,inventory_demand_spike|inventory_sensor_noise
inventory,dqn,11,301,0.9020741859428828,1.0,1.0,-0.04105679588715483,0,low_restock,0.5289087710194624,0.15827017012915134,0.3128210588513863,-54.009006274155844,0.1292908017651056,1.0,0.0,inventory_sensor_noise
inventory,dqn,11,302,0.8936816639450953,0.9947576475989252,1.0,0.08785478131552868,2,high_restock,0.37542200917406937,0.24827419309441925,0.3763037977315114,-53.488166257976566,0.11052293426970103,1.0,0.0,inventory_sensor_noise
inventory,dqn,11,303,0.9027300320390389,0.8965708439322523,1.0,0.03792685706322882,0,low_restock,0.42950291914055216,0.2114271879567566,0.35906989290269115,-56.46835240310963,0.15430246288073768,1.0,0.0,inventory_sensor_noise
inventory,dqn,11,304,1.0,1.0,0.9918574802314001,-0.021938929750831143,0,low_restock,0.4809690635175403,0.16606825321108673,0.352962683271373,-58.55420636136613,0.09110121882713794,1.0,0.0,inventory_sensor_noise
inventory,dqn,11,305,1.0,0.9768958435467757,0.9372051697278748,-0.09106746932025406,0,low_restock,0.4726840431725976,0.20627912977671586,0.3210368270506864,-60.05068212084749,0.09584127475389494,1.0,0.0,inventory_sensor_noise
inventory,dqn,11,306,1.0,1.0,0.9724107522422484,-0.004972667730029397,0,low_restock,0.46648019556625897,0.17312471972902846,0.3603950847047126,-62.68894609473783,0.03513652376465922,1.0,0.0,inventory_sensor_noise
inventory,dqn,11,307,1.0,1.0,1.0,0.01678528967469633,0,low_restock,0.4406272292268559,0.1803288041770144,0.3790439665961299,-65.75305709199425,0.1852858669000581,1.0,0.0,inventory_sensor_noise
inventory,dqn,11,308,0.8568174983621468,1.0,0.886424230031878,-0.01371336888236883,0,low_restock,0.5376738477755828,0.17056167014010643,0.29176448208431083,-69.52408584242926,0.06496052827637162,1.0,0.0,inventory_sensor_noise
inventory,dqn,11,309,0.8820962812673296,1.0,0.9377147576322362,0.017110893432483145,0,low_restock,0.4902579355947835,0.1842866306345472,0.32545543377066927,-72.58012738889589,0.1814364351344889,1.0,0.0,inventory_sensor_noise
inventory,dqn,11,310,1.0,0.9961115527294538,1.0,-0.10586602173590146,0,low_restock,0.4522990033599986,0.2253145587365967,0.32238643790340477,-74.39460923346657,0.1376811547477469,1.0,0.0,inventory_sensor_noise
inventory,dqn,11,311,0.9769556768239974,1.0,0.9925864076042172,0.02961452361156292,0,low_restock,0.43084258500718275,0.19238946539871118,0.37676794959410603,-78.41019712587769,0.1265286687622498,1.0,0.0,inventory_sensor_noise
inventory,dqn,11,312,1.0,0.9195092028914073,1.0,-0.06496207717700227,0,low_restock,0.4783014239305073,0.17804021803936257,0.3436583580301301,-80.3255153100455,0.07648848867828205,1.0,0.0,inventory_sensor_noise
inventory,dqn,11,313,1.0,0.9595836983887712,1.0,0.00018793211631584942,0,low_restock,0.4538493238716479,0.1756010443571845,0.37054963177116756,-84.25833534783109,0.012734085117686282,1.0,0.0,inventory_sensor_noise
inventory,dqn,11,314,1.0,0.9518279667193126,1.0,-0.009911847587016074,0,low_restock,0.4630423335275719,0.17262873026471337,0.3643289362077147,-86.36538542930752,0.07125962876320698,1.0,0.0,inventory_sensor_noise
inventory,dqn,11,315,1.0,1.0,1.0,-0.062422702665508346,0,low_restock,0.479901955918914,0.17927564488377043,0.3408223991973156,-88.83048803421039,0.0322605850533788,1.0,0.0,inventory_sensor_noise
inventory,dqn,11,316,1.0,1.0,1.0,-0.030162117612129544,0,low_restock,0.4845809862790686,0.16354491666801105,0.35187409705292044,-92.44494355148616,0.04683793417233465,1.0,0.0,inventory_sensor_noise
inventory,dqn,11,317,1.0,1.0,1.0,0.016675816560205108,0,low_restock,0.44079548433803856,0.18022982986441458,0.3789746857975468,-94.10826150172056,0.10592513236133706,1.0,0.0,inventory_sensor_noise
inventory,dqn,11,318,1.0,0.9521283102219891,0.9188425809291484,-0.03171745067112398,0,low_restock,0.4880493617414668,0.17155425702650642,0.3403963812320267,-95.64027445920964,0.14942896884748907,1.0,0.0,inventory_sensor_noise
inventory,dqn,11,319,1.0,1.0,1.0,0.084260096200587,2,high_restock,0.33918703390494376,0.2462694096444258,0.4145435564506304,-94.19654853990315,0.02253855143757858,1.0,0.0,inventory_sensor_noise
inventory,dqn,11,320,1.0,1.0,1.0,0.06172154476300842,2,high_restock,0.37246389564912996,0.22319026861793134,0.4043458357329387,-92.7998931346905,0.11317657229842104,1.0,0.0,inventory_sensor_noise
inventory,dqn,11,321,1.0,0.9737896756451984,0.9444956294299193,0.15680687623981915,2,high_restock,0.16282955293189968,0.32203899964638927,0.515131447421711,-91.55439640117872,0.2551585812914036,1.0,0.0,inventory_sensor_noise
inventory,dqn,11,322,1.0,1.0,1.0,-0.09085859440854774,0,low_restock,0.46233652095009836,0.20865389538830173,0.3290095836615998,-93.55511662094077,0.1510583008674139,1.0,0.0,inventory_sensor_noise
inventory,dqn,11,323,1.0,1.0,1.0,0.06019970645886616,2,high_restock,0.3747236862128677,0.2216660861116491,0.40361022767548316,-92.62906925085227,0.24611125225498345,1.0,0.0,inventory_sensor_noise
inventory,dqn,11,324,1.0,0.9292674484598363,0.7662244715760878,0.029923363396092046,0,low_restock,0.40037671147824283,0.24443933558326714,0.3551839529384901,-93.76156838199917,0.2565347885023417,1.0,0.0,inventory_sensor_noise
inventory,dqn,11,325,1.0,1.0,1.0,0.10838358372894519,2,high_restock,0.30481187731996584,0.27189863971639033,0.4232894829636438,-92.55614403196995,0.14512172680667487,1.0,0.0,inventory_sensor_noise
inventory,dqn,11,326,0.9391426306103543,1.0,1.0,-0.023361230902687984,0,low_restock,0.5054994499042841,0.16315659798193022,0.3313439521137857,-92.29766361234664,0.1278557526053139,1.0,0.0,inventory_sensor_noise
inventory,dqn,11,327,0.8567504882038888,0.927496156694054,1.0,0.042227038245161726,0,low_restock,0.44875942541999425,0.20873232263696448,0.3425082519430413,-92.68524864964347,0.14378935292116435,1.0,0.0,inventory_sensor_noise
inventory,dqn,11,328,1.0,0.919666301151034,1.0,0.051904266455676557,2,high_restock,0.3717421997699055,0.2256718149679963,0.4025859852620981,-90.02034256131742,0.17263356125186216,1.0,0.0,inventory_sensor_noise
inventory,dqn,11,329,0.9873843625415002,0.8104237001419285,1.0,0.18498035854881528,2,high_restock,0.08186528088981065,0.32195570355365405,0.5961790155565353,-86.29376649019822,0.20667147182088133,1.0,0.0,inventory_sensor_noise
inventory,dqn,11,330,1.0,0.9266050107762404,0.9670086544444207,0.017745741516781648,0,low_restock,0.4242365956270301,0.1967126924094966,0.37905071196347323,-87.62478452212041,0.1337648034958034,1.0,0.0,inventory_sensor_noise
inventory,dqn,11,331,1.0,1.0,1.0,0.12459970414591144,2,high_restock,0.2826633253963874,0.2895762996688971,0.4277603749347155,-85.24228111288615,0.17169633155216343,1.0,0.0,inventory_sensor_noise
inventory,dqn,11,332,0.9934638578099115,1.0,0.9451995280546476,-0.0379850964607505,0,low_restock,0.4964544819830298,0.16506658174007272,0.3384789362768974,-86.06171261107286,0.08308888938944047,1.0,0.0,inventory_sensor_noise
inventory,dqn,11,333,1.0,1.0,1.0,0.02412730696890483,0,low_restock,0.42934446729775405,0.18700587125613852,0.3836496614461074,-88.21376057541995,0.17703220960091812,1.0,0.0,inventory_sensor_noise
inventory,dqn,11,334,0.8542697010241233,0.9429714015147858,0.9511492024837439,-0.04268902137546738,0,low_restock,0.5480821693437767,0.16118980745979905,0.29072802319642427,-89.6710666699153,0.16420920121250981,1.0,0.0,inventory_sensor_noise
inventory,dqn,11,335,1.0,0.9731853938015856,1.0,0.006586286592835159,0,low_restock,0.44941213828738963,0.17683487196020986,0.37375298975240057,-90.5551564429398,0.07266246397334071,1.0,0.0,inventory_sensor_noise
inventory,dqn,11,336,0.9733754951192184,1.0,1.0,0.06865033661339241,2,high_restock,0.37307633284027714,0.22951622363433927,0.39740744352538354,-87.93493543525263,0.12625339595779034,1.0,0.0,inventory_sensor_noise
inventory,dqn,11,337,0.9617998362574712,0.9813842201918304,0.8909101843655324,0.128305922938251,2,high_restock,0.24937535344379985,0.318389445872615,0.4322352006835852,-86.41024804470261,0.24104445104524108,1.0,0.0,inventory_sensor_noise
inventory,dqn,11,338,1.0,0.9856934531570747,0.9617295111685003,-0.09887072271920058,0,low_restock,0.4633915147967319,0.21590684042368175,0.3207016447795864,-89.04736029591912,0.12541912688585186,1.0,0.0,inventory_sensor_noise
inventory,dqn,11,339,1.0,1.0,1.0,0.01970688811369925,0,low_restock,0.4361320590002212,0.18297019284218893,0.38089774815759003,-90.27935011637986,0.2052834690962659,1.0,0.0,inventory_sensor_noise
inventory,dqn,11,340,0.937770348802994,0.8044290000608006,1.0,0.015150883408014355,0,low_restock,0.42999438771008974,0.20421975741736773,0.36578585487254256,-93.48512109763702,0.3585373633602934,1.0,0.0,inventory_sensor_noise
inventory,dqn,11,341,0.8712565489869998,1.0,0.8713134402394367,0.278431548628918,2,high_restock,0.013110951050124334,0.19279047297843185,0.7940985759714438,-93.35163244013502,0.4815341612050314,1.0,0.0,inventory_sensor_noise
inventory,dqn,11,342,1.0,1.0,0.9859926929556972,-0.17117821686237605,0,low_restock,0.40448068655988195,0.30930615801168115,0.2862131554284369,-95.61743807865311,0.12556075902457212,1.0,0.0,inventory_sensor_noise
inventory,dqn,11,343,0.9898882381256215,0.8756334161164081,1.0,-0.17111009113551462,0,low_restock,0.4077831668613836,0.3012039413448993,0.291012891793717,-98.53018311804313,0.1588833002653702,1.0,0.0,inventory_sensor_noise
inventory,dqn,11,344,0.9273823798542083,1.0,1.0,-0.09449499080865156,0,low_restock,0.4859200435378829,0.21174895335808605,0.30233100310403116,-100.53480934674207,0.05246311828346296,1.0,0.0,inventory_sensor_noise
inventory,dqn,11,345,0.8772830868587508,1.0,1.0,-0.07892451806759705,0,low_restock,0.5145205620746957,0.19407055659377492,0.2914088813315294,-103.5902388532741,0.13133620041909497,1.0,0.0,inventory_sensor_noise
inventory,dqn,11,346,0.9444564010888804,0.9444839319645759,0.904846037171034,-0.05441670413622284,0,low_restock,0.5214388521132894,0.16654302181447045,0.3120181260722401,-106.64331448120485,0.13220644604499335,1.0,0.0,inventory_sensor_noise
inventory,dqn,11,347,1.0,1.0,1.0,-0.006907309868580117,0,low_restock,0.4675815661379297,0.17013743504756154,0.3622809988145087,-110.04526245211981,0.12658524119378464,1.0,0.0,inventory_sensor_noise
inventory,dqn,11,348,0.9891704987660461,0.9214064544151648,0.9900954916449928,-0.1050475182327488,0,low_restock,0.45868669362840003,0.22001060999356092,0.321302696378039,-111.86549418244319,0.23046475395838692,1.0,0.0,inventory_sensor_noise
inventory,dqn,11,349,0.8578088278528233,1.0,1.0,0.0669497769164366,0,low_restock,0.42393910077788743,0.22325708289231133,0.3528038163298013,-116.3286582686281,0.16469603022482832,1.0,0.0,inventory_sensor_noise
inventory,dqn,11,350,1.0,1.0,0.9425418937560378,0.006907966799759724,0,low_restock,0.455024634720762,0.18009544056027857,0.36487992471895936,-119.49958589381495,0.17502688608710923,1.0,0.0,inventory_sensor_noise
inventory,dqn,11,351,0.9700761613902228,0.9110806241911458,0.864601146992824,-0.11862115068284762,0,low_restock,0.47625111038838547,0.23163569076228055,0.2921131988493339,-122.2961099189453,0.26931459381372735,1.0,0.0,inventory_sensor_noise
inventory,dqn,11,352,0.9995581409152032,1.0,0.9620334831467802,0.1143197169245514,2,high_restock,0.29558113206110115,0.28657012618458205,0.4178487417543168,-122.29578443631533,0.18389084688038587,1.0,0.0,inventory_sensor_noise
inventory,dqn,11,353,1.0,1.0,1.0,-0.06560857969654398,0,low_restock,0.4780293125557645,0.18239921616099578,0.3395714712832398,-125.0054369727856,0.23860430899036508,1.0,0.0,inventory_sensor_noise
inventory,dqn,11,354,0.8424153776773405,1.0,0.9449241062855569,0.10487822040173272,0,low_restock,0.368421137520138,0.27590942085605286,0.35566944162380915,-127.74892513064623,0.3185636114963419,1.0,0.0,inventory_sensor_noise
inventory,dqn,11,355,1.0,1.0,1.0,-0.16644540059093418,0,low_restock,0.4063507949776744,0.30304169659141383,0.2906075084309117,-130.9086834934978,0.1545537784652212,1.0,0.0,inventory_sensor_noise
inventory,dqn,11,356,1.0,0.9461506213311032,0.9395113358430042,-0.03480864142635814,0,low_restock,0.48722974384537043,0.1697441673720792,0.3430260887825503,-132.16007060824396,0.1271067922466556,1.0,0.0,inventory_sensor_noise
inventory,dqn,11,357,1.0,1.0,1.0,-0.13277548561718833,0,low_restock,0.43289076938177623,0.25814303830744917,0.3089661923107745,-134.56704419293948,0.26663747240451785,1.0,0.0,inventory_sensor_noise
inventory,dqn,11,358,0.9527542242842912,0.8099651383271405,0.9918395136562942,0.048010399282331105,2,high_restock,0.3755562986636017,0.23917386078768044,0.3852698405487179,-132.61038277851927,0.19348134918089052,1.0,0.0,inventory_sensor_noise
inventory,dqn,11,359,0.938880229963171,1.0,1.0,0.08060951850427538,2,high_restock,0.3691223163386851,0.24103507487358947,0.3898426087877255,-131.63989043175073,0.10816648767529427,1.0,0.0,inventory_sensor_noise
inventory,dqn,11,360,0.9342881391018465,0.9336795871715438,0.938937743223674,0.14020738253626974,2,high_restock,0.212438870773047,0.3242594573126806,0.4633016719142724,-130.40541173341742,0.168543640053655,1.0,0.0,inventory_sensor_noise
inventory,dqn,11,361,1.0,0.9901104129357102,1.0,0.009150629025456533,0,low_restock,0.44917580787205463,0.17648317086352833,0.374341021264417,-131.01769235640631,0.11309240600684428,1.0,0.0,inventory_sensor_noise
inventory,dqn,11,362,1.0,0.9833090279281428,0.9732655743142347,-0.1005257309690657,0,low_restock,0.4603835354171559,0.21790907520902622,0.32170738937381776,-132.41290429653716,0.12166975012132193,1.0,0.0,inventory_sensor_noise
inventory,dqn,11,363,0.9486532008261273,1.0,1.0,0.005180069457077774,0,low_restock,0.47669511963483086,0.1727292166887965,0.3505756636763727,-132.70810057457805,0.06632731548121379,1.0,0.0,inventory_sensor_noise
inventory,dqn,11,364,0.9828141879309147,1.0,1.0,-0.05167360007243464,0,low_restock,0.49251850204399344,0.16891811604630672,0.3385633819096998,-133.75248310660942,0.06334780076173484,1.0,0.0,inventory_sensor_noise
inventory,dqn,11,365,1.0,1.0,0.940111945143372,-0.063119674087749,0,low_restock,0.48966446510673683,0.17874519448619142,0.33159034040707186,-135.78108280480038,0.18168320041820035,1.0,0.0,inventory_sensor_noise
inventory,dqn,11,366,0.9200807274230494,0.9149329331128593,1.0,-0.18881259434055903,0,low_restock,0.4103553610497526,0.32416613738149397,0.26547850156875336,-137.988214458091,0.214146007452671,1.0,0.0,inventory_sensor_noise
inventory,dqn,11,367,0.978658159111074,0.9511100175996111,0.9504145986430468,0.0078081154920079925,0,low_restock,0.4528456906097331,0.1855974053551872,0.36155690403507973,-138.97718007308157,0.08685585581375052,1.0,0.0,inventory_sensor_noise
inventory,dqn,11,368,1.0,1.0,0.9887806699248286,-0.04899223408351564,0,low_restock,0.489449748855425,0.16635926862292127,0.3441909825216538,-139.5181224391414,0.048417605860728866,1.0,0.0,inventory_sensor_noise
inventory,dqn,11,369,0.989683316523861,1.0,0.9684762608933849,-0.0917188250219684,0,low_restock,0.4707077794985861,0.20878927473448525,0.32050294576692856,-139.73401919084156,0.23389054793920352,1.0,0.0,inventory_sensor_noise
inventory,dqn,11,370,0.8988688034035857,0.9114627115505796,0.8888060698757815,0.08792338003928915,2,high_restock,0.3526579060953793,0.28581122811765475,0.3615308657869659,-137.35931985585202,0.21721719577762813,1.0,0.0,inventory_sensor_noise
inventory,dqn,11,371,1.0,0.9810105972603228,1.0,-0.05262836386063094,0,low_restock,0.4854464582604784,0.16909838108281694,0.3454551606567048,-139.40737396759963,0.144348960645883,1.0,0.0,inventory_sensor_noise
inventory,dqn,11,372,1.0,1.0,0.876297744813559,-0.12455733636076934,0,low_restock,0.4587947016404884,0.2446177007859545,0.29658759757355707,-139.6937262965252,0.14663695797000428,1.0,0.0,inventory_sensor_noise
inventory,dqn,11,373,0.9257993499146494,1.0,1.0,-0.09820561855344603,0,low_restock,0.4838852360183441,0.21585034973770112,0.3002644142439549,-141.92766895952036,0.10180348167984628,1.0,0.0,inventory_sensor_noise
inventory,dqn,11,374,1.0,0.9693576271496129,0.9685228066122438,-0.04409052184672458,0,low_restock,0.49185008979659156,0.16411060360095028,0.3440393066024582,-142.18943733001734,0.1386335909661802,1.0,0.0,inventory_sensor_noise
inventory,dqn,11,375,0.9740801974590839,0.85453361052041,0.9199001616556063,-0.09885109144726267,0,low_restock,0.4801369913978361,0.2077583003504415,0.3121047082517224,-143.09085048337687,0.18281756524766296,1.0,0.0,inventory_sensor_noise
inventory,dqn,11,376,1.0,1.0,1.0,-0.026920768020368167,0,low_restock,0.48285708818899253,0.16432020251874732,0.35282270929226006,-144.25451857637066,0.24517744028681304,1.0,0.0,inventory_sensor_noise
inventory,dqn,11,377,0.8622904249120548,0.9674357296910755,0.9248577505758704,0.1586628002323749,2,high_restock,0.1780641314224219,0.3334146185665891,0.48852125001098895,-143.03976814941265,0.19667244605460754,1.0,0.0,inventory_sensor_noise
inventory,dqn,11,378,1.0,0.9417064893038554,1.0,0.042870863955367156,2,high_restock,0.38949066490936085,0.21328816920498503,0.39722116588565415,-140.61732193263347,0.13867897976227153,1.0,0.0,inventory_sensor_noise
inventory,dqn,11,379,0.8699770162886076,0.9574801000534402,0.980852460244829,0.0015133004398960826,0,low_restock,0.5072000863557617,0.17301897497235236,0.3197809386718859,-142.29731656554702,0.14090027405911024,1.0,0.0,inventory_sensor_noise
inventory,dqn,11,380,1.0,0.9728771078752791,1.0,-0.04689346363474264,0,low_restock,0.4885745522114597,0.16348288262593041,0.3479425651626101,-145.23742257395804,0.11223503280379887,1.0,0.0,inventory_sensor_noise
inventory,dqn,11,381,0.9282791370143039,1.0,1.0,0.03506487409759286,0,low_restock,0.44372588359271575,0.1942951588523624,0.3619789575549219,-146.88161106064584,0.1498113267128448,1.0,0.0,inventory_sensor_noise
inventory,dqn,11,382,0.872401984172097,0.9867037961199271,1.0,-0.10329837378308866,0,low_restock,0.49926117608500387,0.21972195559249932,0.2810168683224969,-150.4063435189248,0.15869028376358327,1.0,0.0,inventory_sensor_noise
inventory,dqn,11,383,1.0,0.9688462157917824,1.0,-0.010656809987065322,0,low_restock,0.4665128751396828,0.1711119096550619,0.36237521520525523,-152.3345202340355,0.14302555744497078,1.0,0.0,inventory_sensor_noise
inventory,dqn,11,384,1.0,1.0,0.9677241760434323,0.12515196366131537,2,high_restock,0.28089341685134595,0.29738736243195396,0.4217192207167001,-151.58986092495275,0.23407527389612887,1.0,0.0,inventory_sensor_noise
inventory,dqn,11,385,0.9374420548076116,0.9254632248244612,1.0,-0.08527683112972481,0,low_restock,0.4888307538081768,0.19821194341201576,0.31295730277980743,-153.65231042760738,0.09928175214960012,1.0,0.0,inventory_sensor_noise
inventory,dqn,11,386,0.9703693455510328,1.0,1.0,-0.14199480870847858,0,low_restock,0.43578622411567236,0.2696687168122933,0.2945450590720344,-155.95342973467666,0.1263103798725278,1.0,0.0,inventory_sensor_noise
inventory,dqn,11,387,1.0,1.0,1.0,-0.019209075089021883,0,low_restock,0.4787712358533308,0.1661724118400264,0.35505635230664273,-159.1834434391328,0.10668347532830023,1.0,0.0,inventory_sensor_noise
inventory,dqn,11,388,0.9519487650084291,0.9762765676251168,0.9077730348742956,-0.021165700746966616,0,low_restock,0.5016462618829814,0.17251723463551688,0.3258365034815015,-162.12003316621292,0.09875539352742133,1.0,0.0,inventory_sensor_noise
inventory,dqn,11,389,0.9850184021137893,0.9883447057192092,1.0,-0.018413647128365608,0,low_restock,0.48324947053842454,0.1666094834142449,0.3501410460473306,-164.82620896256526,0.13465756928993175,1.0,0.0,inventory_sensor_noise
inventory,dqn,11,390,0.8833795909073926,1.0,0.914181528053627,-0.035779044090167585,0,low_restock,0.5418786665900007,0.16303573682926603,0.29508559658073324,-167.5519047101287,0.1314529769698895,1.0,0.0,inventory_sensor_noise
inventory,dqn,11,391,0.9892961548280386,0.9724676624010963,0.8431051477069821,-0.01991445507408887,0,low_restock,0.48598383594790595,0.18025305132448785,0.3337631127276062,-170.49224398668633,0.30182431338903437,1.0,0.0,inventory_sensor_noise
inventory,dqn,11,392,1.0,0.951448787658391,0.5629626060872294,0.08991134849989964,2,high_restock,0.28137419285356396,0.3570170626498677,0.3616087444965684,-168.42663365637833,0.5045206247190497,1.0,0.0,inventory_sensor_noise
inventory,dqn,11,393,1.0,1.0,1.0,-0.15743892311708074,0,low_restock,0.41367436395297513,0.2906069455088656,0.2957186905381593,-169.8173326077826,0.26998465111765996,1.0,0.0,inventory_sensor_noise
inventory,dqn,11,394,0.930871597027148,1.0,1.0,0.1035457042875761,2,high_restock,0.33791750782302493,0.26574289574857446,0.39633959642840066,-168.76210373032768,0.14016413778372508,1.0,0.0,inventory_sensor_noise
inventory,dqn,11,395,1.0,0.9809388795586229,1.0,-0.016886530228758287,0,low_restock,0.47488555259754267,0.1680400036406989,0.35707444376175845,-171.036448917335,0.05853138979160545,1.0,0.0,inventory_sensor_noise
inventory,dqn,11,396,1.0,1.0,0.9728152516620758,-0.06509012694373278,0,low_restock,0.4829468101838267,0.18134321443303733,0.335709975383136,-173.1915034542287,0.1621240942555785,1.0,0.0,inventory_sensor_noise
inventory,dqn,11,397,0.9316207657086846,1.0,1.0,0.07937264235593426,2,high_restock,0.37397310370850734,0.23949758077357322,0.38652931551791936,-172.23340439850733,0.07325198949626528,1.0,0.0,inventory_sensor_noise
inventory,dqn,11,398,1.0,1.0,0.9998152733223774,0.0531028848589773,2,high_restock,0.3853242756785505,0.21464941325022208,0.40002631107122755,-170.07641809846675,0.10391118468182559,1.0,0.0,inventory_sensor_noise
inventory,dqn,11,399,0.9158324606061445,0.9837512394557556,0.9413021142568261,0.05815734935183389,0,low_restock,0.4081671763482457,0.2298054357257896,0.3620273879259649,-172.28767267836713,0.07306579494680114,1.0,0.0,inventory_sensor_noise
inventory,dqn,11,400,0.9536028180769306,0.9913461910070002,0.9777996518601757,0.10837942564865136,2,high_restock,0.3198557790444582,0.2776645137069849,0.40247970724855686,-169.1281472639961,0.2096690215135234,1.0,0.0,inventory_sensor_noise
inventory,dqn,11,401,0.9366441012584464,0.9249004149206504,1.0,-0.08851040113034216,0,low_restock,0.4870085473197008,0.20159538234986538,0.31139607033043387,-170.74664998037835,486.5196450503728,0.0,0.0,none
inventory,dqn,11,402,487.3332856582239,11.802940872085523,2.1543412696207453,0.0,2,high_restock,6.794861476504835e-138,2.4421411128277528e-16,0.9999999999999998,-168.97777709217655,6.11028096843837,0.0,0.0,none
inventory,dqn,11,403,481.25079169193305,11.339641539239556,1.8019857794119096,0.0,2,high_restock,4.196653789433263e-136,4.682134361099325e-16,0.9999999999999996,-167.0292348695727,5.568744354840636,0.0,0.0,none
inventory,dqn,11,404,475.68352819877913,11.458752440631974,1.8499803680087865,0.0,2,high_restock,1.3306403249449603e-134,6.032563439688194e-16,0.9999999999999993,-163.3869483726054,10.472730299361245,0.0,0.0,none
inventory,dqn,11,405,465.27699535030115,10.30815753956474,2.0914040005428407,0.0,2,high_restock,2.0373403945368746e-131,1.6322317822755314e-15,0.9999999999999984,-159.7199434323689,10.477969983921165,0.0,0.0,none
inventory,dqn,11,406,454.79983837819685,10.223883524784451,2.19107674642669,0.0,2,high_restock,1.6542584479914804e-128,2.979498240101596e-15,0.9999999999999971,-157.7615497134869,5.59862436142042,0.0,0.0,none
inventory,dqn,11,407,449.20442775281975,10.374228418919182,2.3067101607794953,0.0,2,high_restock,5.258007342466186e-127,3.7143878806275605e-15,0.9999999999999962,-153.86592528735557,11.177830881176977,0.0,0.0,none
inventory,dqn,11,408,438.0740722495874,9.364656111530875,2.506343164097087,0.0,2,high_restock,1.1625125170399602e-123,1.0008400920964864e-14,0.99999999999999,-152.21849193394468,4.715430159325881,0.0,0.0,none
inventory,dqn,11,409,433.3671198112706,9.536718322498293,2.730563873355764,0.0,2,high_restock,2.0904990756523475e-122,1.1360402190796153e-14,0.9999999999999887,-150.35051802165097,5.432609978185459,0.0,0.0,none
inventory,dqn,11,410,428.0300514904314,10.550611228026053,2.761774286608344,0.0,2,high_restock,3.26211686717642e-121,1.0020625667120232e-14,0.99999999999999,-146.48581318729074,11.043357286334793,0.0,0.0,none
inventory,dqn,11,411,416.9880376779736,10.437639859955356,2.8918073175309327,0.0,2,high_restock,3.8642572449812305e-118,1.892780232503772e-14,0.9999999999999811,-143.05014675163113,9.852765619306686,0.0,0.0,none
inventory,dqn,11,412,407.17184786180326,9.593484021796717,2.80929208979325,0.0,2,high_restock,3.2882387943156607e-115,4.831024173632398e-14,0.9999999999999516,-141.12938726355645,5.60607758869912,0.0,0.0,none
inventory,dqn,11,413,401.68396361016136,10.7219782721148,2.615041998173255,0.0,2,high_restock,5.177688931242998e-114,4.4029952674070794e-14,0.999999999999956,-138.0640867112655,8.800976742140133,0.0,0.0,none
inventory,dqn,11,414,392.9259620321872,9.911768444183338,2.301737017974632,0.0,2,high_restock,2.1725686258651582e-111,1.1216025969268136e-13,0.9999999999998879,-134.71520710913728,9.615162287218961,0.0,0.0,none
inventory,dqn,11,415,383.3577345975351,9.065536621420758,1.8724803692520442,0.0,2,high_restock,1.5473043101542511e-108,3.1533013729691833e-13,0.9999999999996847,-133.59946462702993,3.627357342024507,0.0,0.0,none
inventory,dqn,11,416,380.16989893437125,10.636372251279536,2.5990479816363736,0.0,2,high_restock,4.5566713374302346e-108,1.5667243966545544e-13,0.9999999999998432,-131.50742391842147,6.033184933352254,0.0,0.0,none
inventory,dqn,11,417,374.19263976691855,11.404158381023063,2.3123464920958714,0.0,2,high_restock,1.2199083302023413e-106,1.755505060975231e-13,0.9999999999998244,-130.6135439738201,2.6716603286062792,0.0,0.0,none
inventory,dqn,11,418,371.63869706805747,11.990946691579229,2.8327550632949277,0.0,2,high_restock,4.402721983962855e-106,1.350600851065805e-13,0.999999999999865,-128.01663156706118,7.4277608439250935,0.0,0.0,none
inventory,dqn,11,419,364.21894733446055,12.258597060454667,2.615250292367592,0.0,2,high_restock,4.0453198037484624e-104,1.9781090540465247e-13,0.9999999999998022,-126.33541915493393,4.967325960572939,0.0,0.0,none
inventory,dqn,11,420,359.4154832998112,13.211549740455215,1.7828191203827317,0.0,2,high_restock,4.42409332710673e-103,2.281797776654487e-13,0.9999999999997717,-125.56660610578014,2.2154865076779746,0.0,0.0,none
inventory,dqn,11,421,357.2188745879433,13.4097951307144,1.9925556167059653,0.0,2,high_restock,1.592399479680856e-102,2.228939988089294e-13,0.9999999999997771,-123.0279742749064,7.261357830180788,0.0,0.0,none
inventory,dqn,11,422,349.96564078544685,13.15460020370565,2.222321788019537,0.0,2,high_restock,1.8814531975224078e-100,3.486979526937187e-13,0.9999999999996514,-121.07602731741378,5.618621467974683,0.0,0.0,none
inventory,dqn,11,423,344.3886494783251,12.549990482053513,1.9052693551982578,0.0,2,high_restock,9.241890571548739e-99,6.812189839437169e-13,0.9999999999993188,-120.51862158810712,1.984543443665034,0.0,0.0,none
inventory,dqn,11,424,342.7960616803061,13.715422869169098,2.1146592700865954,0.0,2,high_restock,1.235763160296117e-98,4.305844975939491e-13,0.9999999999995695,-120.6202730267155,1.2356244611605316,0.0,0.0,none
inventory,dqn,11,425,343.0864943620443,14.734202212446599,2.750666594028449,0.0,2,high_restock,5.648075295228804e-99,2.2701290444942647e-13,0.9999999999997731,-120.8703310382059,1.0203820416598632,0.0,0.0,none
inventory,dqn,11,426,343.80094582344543,15.316414247100425,3.188579561349534,0.0,2,high_restock,2.1817841432345675e-99,1.346978615189984e-13,0.9999999999998652,-118.69208710663676,6.233293111956635,0.0,0.0,none
inventory,dqn,11,427,337.5773917332479,15.522350189560214,2.9076740726973966,0.0,2,high_restock,9.046802488031134e-98,1.84290030604408e-13,0.9999999999998157,-117.53893464753666,3.346299187886075,0.0,0.0,none
inventory,dqn,11,428,334.28267042153334,15.978804188641652,2.541368899783605,0.0,2,high_restock,5.626361733777128e-97,2.133109593813196e-13,0.9999999999997866,-116.99924191551538,1.542013489488849,0.0,0.0,none
inventory,dqn,11,429,332.7406911871868,15.988925901376149,2.543155947918943,0.0,2,high_restock,1.3313667375416473e-96,2.164057896837628e-13,0.9999999999997835,-115.62784053018213,4.013367335706083,0.0,0.0,none
inventory,dqn,11,430,328.8224015148061,15.14718143055236,2.3296385939065245,0.0,2,high_restock,3.577401034698127e-95,4.93547049034527e-13,0.9999999999995064,-114.63189987975042,3.0373924049013783,0.0,0.0,none
inventory,dqn,11,431,325.9768567992869,14.435182195168286,1.541168567750798,0.0,2,high_restock,3.2284516200144447e-94,1.0011389515407868e-12,0.9999999999989988,-112.09242807611629,7.267869567696607,0.0,0.0,none
inventory,dqn,11,432,318.72122307461797,14.228766268273997,1.9087277760718224,0.0,2,high_restock,3.7370528974127626e-92,1.4695075812438891e-12,0.9999999999985305,-109.0564885686781,8.775624339139119,0.0,0.0,none
inventory,dqn,11,433,310.0471101962232,13.152887954937949,2.692203474131216,0.0,2,high_restock,1.884545273756888e-89,2.939638871331608e-12,0.9999999999970604,-105.94810908190165,9.00400425177097,0.0,0.0,none
inventory,dqn,11,434,301.16602594829044,11.685066952220705,2.4825927611107237,0.0,2,high_restock,1.3013560870633313e-86,9.590584712559103e-12,0.9999999999904094,-102.47247105626063,10.002927770301628,0.0,0.0,none
inventory,dqn,11,435,291.2356315893161,10.482646014901984,2.4865604581023755,0.0,2,high_restock,1.4983397178913801e-83,2.780213768198485e-11,0.9999999999721978,-100.26412890097048,6.461770686634969,0.0,0.0,none
inventory,dqn,11,436,284.92608257420136,9.789845154982881,1.2765610361954505,0.0,2,high_restock,1.1682544322366113e-81,7.79254469408768e-11,0.9999999999220746,-97.78706289545481,7.07747803337643,0.0,0.0,none
inventory,dqn,11,437,277.8487511298709,9.825505611050577,1.3049030878176167,0.0,2,high_restock,1.0153001270678995e-79,1.1401930720502234e-10,0.9999999998859808,-95.30701529638748,7.093041771856759,0.0,0.0,none
inventory,dqn,11,438,270.76290084682137,10.14315813011963,1.337525482593889,0.0,2,high_restock,7.43212676545931e-78,1.4825607834161252e-10,0.9999999998517439,-91.5067582422813,10.874723830135002,0.0,0.0,none
inventory,dqn,11,439,259.90502354937513,9.74779952021693,1.7955762929670378,0.0,2,high_restock,9.556642538338532e-75,2.809630775510813e-10,0.999999999719037,-87.69445797555612,10.895987485645307,0.0,0.0,none
inventory,dqn,11,440,249.0127370730175,9.55542109674028,2.0044522046376305,0.0,2,high_restock,1.0879004105891283e-71,5.305124260305801e-10,0.9999999994694875,-83.84099857460981,11.050632742253837,0.0,0.0,none
inventory,dqn,11,441,238.00285307031373,8.615354099222468,1.8811140866111098,0.0,2,high_restock,2.0887231027180894e-68,1.5276113228798454e-09,0.9999999984723886,-81.699382088033,6.127284224012952,0.0,0.0,none
inventory,dqn,11,442,231.88394882295145,8.807039538616113,2.1377840415616354,0.0,2,high_restock,9.099867222715159e-67,1.8451269111607264e-09,0.9999999981548731,-79.93576485670005,5.080321809159061,0.0,0.0,none
inventory,dqn,11,443,226.8450424477144,9.216428320178606,2.63927487073343,0.0,2,high_restock,4.578059949339188e-66,7.561301352841099e-10,0.99999999924387,-77.98108165202952,5.683528561697085,0.0,0.0,none
inventory,dqn,11,444,221.2602332915129,10.271041948427554,2.6531923254520295,0.0,2,high_restock,2.239961725052873e-65,2.969735821759763e-10,0.9999999997030264,-73.71336806470256,12.200970915705048,0.0,0.0,none
inventory,dqn,11,445,209.0667658991502,10.01080576522654,2.9927823226857644,0.0,2,high_restock,1.9250060019970367e-62,2.879069468113965e-10,0.999999999712093,-69.39665581599654,12.339928731893213,0.0,0.0,none
inventory,dqn,11,446,196.73330233141868,9.746089852220994,3.291852577048707,0.0,2,high_restock,1.9338780172945719e-59,2.9784489768511286e-10,0.9999999997021551,-67.64236905200268,5.019977013573181,0.0,0.0,none
inventory,dqn,11,447,191.72105443429336,9.967421122268382,3.4608280293047198,0.0,2,high_restock,1.8112238486523446e-58,2.0580805596926282e-10,0.999999999794192,-64.61483455274418,8.686854158336878,0.0,0.0,none
inventory,dqn,11,448,183.07095586498338,9.245182683453796,3.120825754408416,0.0,2,high_restock,1.323449568526858e-55,7.774703662767925e-10,0.9999999992225297,-62.554621359705294,5.886932880284546,0.0,0.0,none
inventory,dqn,11,449,177.18463245630085,9.184879832957597,3.0613359940001246,0.0,2,high_restock,4.600847513080061e-54,9.924594487049035e-10,0.9999999990075406,-59.40764834442416,9.026676631343962,0.0,0.0,none
inventory,dqn,11,450,168.19328098406905,9.825303016983773,2.585575702458239,0.0,2,high_restock,6.758604514714612e-52,1.2426974631068436e-09,0.9999999987573025,-56.80796525506375,7.564639443111476,0.0,0.0,none
inventory,dqn,11,451,160.76561501446787,10.806462536609839,1.5411264957690711,0.0,2,high_restock,6.515133451509497e-50,2.4789526364662776e-09,0.9999999975210474,-54.50980128126072,6.583142143661793,0.0,0.0,none
inventory,dqn,11,452,154.1994322321735,10.49567555957603,1.1855767692001358,0.0,2,high_restock,8.068666815361666e-48,6.230945193515469e-09,0.9999999937690547,-52.14594171688182,6.765794699804486,0.0,0.0,none
inventory,dqn,11,453,147.4455477625195,10.87491837950723,1.0544380106287004,0.0,2,high_restock,2.70149252838523e-46,5.874906514498048e-09,0.9999999941250934,-50.43522588819917,4.8995355143147545,0.0,0.0,none
inventory,dqn,11,454,142.55778825199764,11.074631159139358,1.3289740355618993,0.0,2,high_restock,8.91480256248322e-46,1.446048527735654e-09,0.9999999985539514,-47.25080673000502,9.098427399014067,0.0,0.0,none
inventory,dqn,11,455,133.45944780001435,11.053233363189062,1.3625044585063462,0.0,2,high_restock,1.6644305837791574e-53,2.5554038983771493e-21,1.0,-46.156276310424445,3.3048385019977364,0.0,0.0,none
inventory,dqn,11,456,130.33221802978414,11.913320603063259,1.9970447868371701,0.0,2,high_restock,1.153044034762888e-77,4.85332280718658e-50,1.0,-45.614625364210234,1.9588106620143815,0.0,0.0,none
inventory,dqn,11,457,128.78464389774354,12.917042333114008,2.656208047406133,0.0,2,high_restock,3.481200667774117e-79,1.950828353995301e-54,1.0,-43.35194651130421,6.465145046167966,0.0,0.0,none
inventory,dqn,11,458,122.3198471751549,12.974859882527081,2.6221355573685154,0.0,2,high_restock,3.2721630211436814e-68,1.8632628936202506e-46,1.0,-41.96790665246851,3.9589678642422066,0.0,0.0,none
inventory,dqn,11,459,118.36544757848145,13.16153186529677,2.6582458160238427,0.0,2,high_restock,1.9464495449103138e-62,1.1193773757789795e-40,1.0,-41.4746547797202,2.2368692592417556,0.0,0.0,none
inventory,dqn,11,460,116.95615651348629,14.699341742694392,1.850394618064788,0.0,2,high_restock,6.974523687844567e-61,2.1302678093698118e-39,1.0,-40.111870938997875,3.8966998152146415,0.0,0.0,none
inventory,dqn,11,461,113.0624883971368,14.546054073470533,1.8613918941442307,0.0,2,high_restock,5.736523543411984e-59,3.430113239226628e-38,1.0,-38.19857258322938,5.5244699812874325,0.0,0.0,none
inventory,dqn,11,462,107.59592166636966,13.762255553725229,1.7128098203234512,0.0,2,high_restock,4.270401951666653e-56,2.3836526223786718e-36,1.0,-36.21028341534163,5.6860055627058825,0.0,0.0,none
inventory,dqn,11,463,101.91509547240466,13.91904965944995,1.5276379501776078,0.0,2,high_restock,2.853454354158253e-53,1.3515811371308883e-34,1.0,-35.17501162150169,2.9653836880634805,0.0,0.0,none
inventory,dqn,11,464,98.9571760614334,14.118345696590387,1.594677231293511,0.0,2,high_restock,6.730919914812853e-52,9.529574991864397e-34,1.0,-32.69926815332649,7.165354346176873,0.0,0.0,none
inventory,dqn,11,465,91.88362329521856,12.98549335634645,1.4404055713752342,0.0,2,high_restock,3.525531196620051e-48,2.3581450390465265e-31,1.0,-32.605612949257086,1.2393932476284946,0.0,0.0,none
inventory,dqn,11,466,91.6160369978774,13.710709720148117,2.4091957557890966,0.0,2,high_restock,7.259328522803941e-47,3.330737193636639e-30,1.0,-32.155064150178816,1.543778988765248,0.0,0.0,none
inventory,dqn,11,467,90.32875471479662,14.54656660968539,2.575030462748911,0.0,2,high_restock,2.378810414885455e-44,2.915314833719919e-28,1.0,-31.309765199560527,2.5138955769232267,0.0,0.0,none
inventory,dqn,11,468,87.91361485588723,15.199703876696514,2.3297099702853536,0.0,2,high_restock,7.392676139944017e-42,1.7330899252023596e-26,1.0,-30.759491561924886,1.5971335856158344,0.0,0.0,none
inventory,dqn,11,469,86.34140446264254,15.476845680241828,2.3764281723389846,0.0,2,high_restock,4.194938054395362e-40,3.367064805852476e-25,1.0,-29.404550947262145,4.09412418390037,0.0,0.0,none
inventory,dqn,11,470,82.47014556360614,16.11730445367752,1.20808749883722,0.0,2,high_restock,6.30557534457766e-38,6.402232284759225e-24,1.0,-27.252448539307778,6.287091676277571,0.0,0.0,none
inventory,dqn,11,471,76.32128154087937,14.941048908600397,1.7872384883126873,0.0,2,high_restock,1.5559875694945446e-33,8.289194891769237e-21,1.0,-25.473139055062884,5.141329002539146,0.0,0.0,none
inventory,dqn,11,472,71.23754015732253,14.181757088505185,1.6762727755981714,0.0,2,high_restock,1.4427106458919602e-30,7.556681936612534e-19,1.0,-23.252311423364844,6.394189240344512,0.0,0.0,none
inventory,dqn,11,473,64.892318352471,13.395740699316752,1.7536970902632936,0.0,2,high_restock,2.727948054293425e-26,6.514500609931124e-16,0.9999999999999993,-22.200029503353235,3.0555070193992564,0.0,0.0,none
inventory,dqn,11,474,61.885798581009254,13.108878823673342,1.2903696966093878,0.0,2,high_restock,5.862232613491828e-25,3.799572101249387e-15,0.9999999999999962,-20.487211121390086,4.899073757761142,0.0,0.0,none
inventory,dqn,11,475,56.99203177540025,12.904377242358823,1.18962626236587,0.0,2,high_restock,2.284784744422919e-21,1.1395570635973706e-12,0.9999999999988605,-17.094424351064628,9.773810193264175,0.0,0.0,none
inventory,dqn,11,476,47.298355288756085,12.195414749575345,2.2179132116475277,0.0,2,high_restock,2.025018407243011e-13,7.465865115477912e-08,0.9999999253411462,-15.397596122306684,4.848340456280366,0.0,0.0,none
inventory,dqn,11,477,42.45027463516196,12.242546895567889,2.2351676912227836,0.0,2,high_restock,4.1312974261346553e-13,5.6081661616598044e-08,0.9999999439179252,-13.121752127758697,6.502493824197077,0.0,0.0,none
inventory,dqn,11,478,35.94786322216771,12.211108973939346,2.2443004327029104,0.0,2,high_restock,9.442071510665493e-13,2.7015653160340872e-08,0.9999999729834027,-10.851901413343526,6.54037530954424,0.0,0.0,none
inventory,dqn,11,479,29.462575466695796,11.515355377137311,1.7611039395875445,0.0,2,high_restock,3.98240747694726e-13,1.3267618543432795e-08,0.9999999867319833,-8.623004292543772,6.377544102215436,0.0,0.0,none
inventory,dqn,11,480,23.094297978696495,11.22045324065925,1.584629178092065,0.0,2,high_restock,9.572217041680845e-16,4.0646637939870225e-10,0.9999999995935327,-5.215203858816418,9.736589253282588,0.0,0.0,none
inventory,dqn,11,481,13.357725310904051,11.211874004429593,1.6004205884412628,0.0,2,high_restock,3.889551483393897e-10,7.945135084909663e-06,0.9999920544759598,-3.1771791993640393,5.8296751683663715,0.0,0.0,none
inventory,dqn,11,482,7.534797712468684,11.016904615461343,1.3988922048012349,0.0,2,high_restock,6.8422810282131905e-06,0.003095507160530025,0.9968976505584418,-1.1166703151784043,5.888786038389013,0.0,0.0,none
inventory,dqn,11,483,1.6476294719382985,11.139953249954115,1.4614233743505025,0.0,2,high_restock,0.031296488729405714,0.2734033649108035,0.6953001463597908,-0.9855524600645607,1.65604928194851,0.0,0.0,none
inventory,dqn,11,484,0.0,10.99360375649944,1.4531825067722237,0.07956293929724297,0,low_restock,0.41979857359899814,0.3963973913113318,0.1838040350896702,-0.18725163108472379,0.08271300799604381,0.0,0.0,none
inventory,dqn,11,485,0.020718945956353707,10.985284193451971,1.4496201295752202,0.0,1,balanced_restock,0.17429264027809613,0.43905173694611865,0.3866556227757853,-0.3685979924801512,1.1881122604240422,0.0,0.0,none
inventory,dqn,11,486,0.0,11.706959956618812,0.5060295381699703,0.0015353558000270036,1,balanced_restock,0.15171466917647938,0.43954387530410866,0.408741455519412,-0.5800939860963461,0.750379119607904,0.0,0.0,none
inventory,dqn,11,487,0.0,11.1428054922654,0.9993572249058371,0.039302497517204674,1,balanced_restock,0.27768572812812625,0.4381193148448193,0.28419495702705444,-0.5557625390100083,0.055019072319740445,0.0,0.0,none
inventory,dqn,11,488,0.0,11.18106775808732,1.0386537790307384,0.03495759625178719,1,balanced_restock,0.2639450436500157,0.4421259495945659,0.2939290067554183,-0.9124709603041525,1.0097496416272829,0.0,0.0,none
inventory,dqn,11,489,0.0,10.53270374940102,1.8101205796242186,0.09865552862574152,0,low_restock,0.5179852142877525,0.347027311768271,0.13498747394397656,-0.39707076710140754,0.2964962073085151,0.0,0.0,none
inventory,dqn,11,490,0.0,10.25317929305521,1.7314508854369912,0.038762636982394204,1,balanced_restock,0.3326513724185067,0.4185518689694789,0.2487967586120144,-0.6005509469764749,0.04477544591114978,0.0,0.0,none
inventory,dqn,11,491,0.0,10.22011761375919,1.7015479491548429,0.04295552624579909,1,balanced_restock,0.34747352836165646,0.41302558064412664,0.23950089099421684,-0.8774486586922368,0.20361612549807562,0.0,0.0,none
inventory,dqn,11,492,0.0,10.056613318510273,1.8123674560531424,0.09240154619504228,0,low_restock,0.5263786829116002,0.3366222062675072,0.1369991108208927,-0.2346659523768636,0.17957016786762883,0.0,0.0,none
inventory,dqn,11,493,0.0,9.95274146658286,1.691426345808104,0.00976177721015422,1,balanced_restock,0.26076619505083903,0.42712562808946863,0.3121081768596924,-0.9989883918201407,2.3144486315327044,0.0,0.0,none
inventory,dqn,11,494,1.8256811194861164,11.346313624657602,1.9767722164635892,0.0,2,high_restock,0.02521782912016823,0.2640983022177229,0.7106838686621089,-0.6489603991562317,2.0683492707887385,0.0,0.0,none
inventory,dqn,11,495,0.0,12.270275919862938,2.278222460751463,0.019457214135041364,1,balanced_restock,0.16308708799172286,0.4709154788064011,0.365997433201876,-0.4651676685999615,0.06938177595822904,0.0,0.0,none
inventory,dqn,11,496,0.0,12.338458195941282,2.265394781119005,0.018779940821421703,1,balanced_restock,0.15842629254309407,0.47078824710318096,0.370785460353725,-2.020068611085331,5.110900651585329,0.0,0.0,none
inventory,dqn,11,497,4.743053174529518,14.242232281636495,2.2719976910006263,0.0,2,high_restock,0.00024017392799518264,0.04818010987392182,0.951579716198083,-1.5243563351865272,2.133481407654264,0.0,0.0,none
inventory,dqn,11,498,2.8124466719615064,15.09915421533446,1.97168743710331,0.0,2,high_restock,0.002781687496353963,0.15886518120202492,0.8383531313016211,-0.6663948025139266,2.8195932195762383,0.0,0.0,none
inventory,dqn,11,499,0.0,14.918876769817961,2.0567771333095872,0.022570500448915454,1,balanced_restock,0.07897655573283664,0.47329028323400857,0.4477331610331547,-1.3005151744425063,2.7037969213382183,0.0,0.0,none
inventory,dqn,11,500,2.6871862126928754,15.209838240429155,2.1229590438335677,0.0,2,high_restock,0.003262894041279822,0.1737744122804946,0.8229626936782256,-0.6218731659441789,2.6440595772218014,0.0,0.0,none
inventory,dqn,11,501,0.23392333126908227,15.90970383775372,1.428163801903911,0.0,2,high_restock,0.03145181739317802,0.38954603050619174,0.5790021521006302,-0.7474457794619758,0.7890472845553412,0.0,0.0,none
inventory,dqn,11,502,0.0,15.332774916439158,0.94478376262151,0.03704388918963851,1,balanced_restock,0.09176876114648475,0.4883537963377429,0.41987744251577236,-0.41842556364467226,0.4470165802475134,0.0,0.0,none
inventory,dqn,11,503,0.0,14.891446756496018,1.010701484756731,0.01043313636512005,2,high_restock,0.06634557183970721,0.4451668259348848,0.48848760222540805,-0.5578953281118766,1.1096799571195597,0.0,0.0,none
inventory,dqn,11,504,0.0,15.871248686005123,1.5315905364251665,0.0031955943056922414,2,high_restock,0.04176011303845908,0.4213762428610468,0.536863644100494,-0.770879883737053,0.18975918643031256,0.0,0.0,none
inventory,dqn,11,505,0.0,15.685363048118791,1.5286626203267153,0.04122855066733087,1,balanced_restock,0.08695681030427532,0.4969814673777459,0.4160617223179789,-0.5541307299892264,0.5565995601161786,0.0,0.0,none
inventory,dqn,11,506,0.5546592285406469,15.664147179454313,1.531173405642296,0.0,2,high_restock,0.025242861984130123,0.3610237742032582,0.6137333638126117,-0.6952338820975204,0.5595228367297446,0.0,0.0,none
inventory,dqn,11,507,0.0,15.730529743411136,1.5155566458492193,0.027720336088842907,1,balanced_restock,0.06808108118287398,0.47295870537029716,0.45896021344682897,-1.3583796854854726,2.9274692819877703,0.0,0.0,none
inventory,dqn,11,508,2.85251338710135,16.316566586531952,1.2171673449993297,0.0,2,high_restock,0.0018985094664972185,0.14826626731696677,0.8498352232165359,-1.0598260571705687,3.854010250656864,0.0,0.0,none
inventory,dqn,11,509,0.0,14.345173177353269,2.89691546105436,0.09282608163760153,1,balanced_restock,0.25777723745723363,0.5228182308893323,0.21940453165343396,-0.8084519099664317,0.4892752517140143,0.0,0.0,none
inventory,dqn,11,510,0.0,13.856069934426552,2.894497838333426,0.08008069820829138,1,balanced_restock,0.2471327527194277,0.5153125836648178,0.23755466361575445,-0.6978813356237182,0.4267000744512199,0.0,0.0,none
inventory,dqn,11,511,0.0,13.444364815232575,2.784125770333797,0.06033595278994969,1,balanced_restock,0.21182811474410246,0.508389653885262,0.2797822313706355,-0.9345015138868769,1.314170568110404,0.0,0.0,none
inventory,dqn,11,512,0.0,12.15183092052661,3.017824392784357,0.102589556051228,0,low_restock,0.44453808165052217,0.4206137627930504,0.13484815555642737,-0.45473790292456756,1.7435347202454088,0.0,0.0,none
inventory,dqn,11,513,0.0,10.74265256526831,1.9925125832448738,0.04906033980795849,1,balanced_restock,0.3414653155594475,0.42934692448838424,0.22918775995216817,-1.0727949535708277,0.7007188500987566,0.0,0.0,none
inventory,dqn,11,514,0.0,10.317577758999352,2.544055190603022,0.12728481313764783,0,low_restock,0.6271817952022741,0.2862173765035875,0.08660082829413843,-0.787009704243937,1.1250857819849012,0.0,0.0,none
inventory,dqn,11,515,0.0,9.203605514306236,2.387444161778699,0.1083945900435602,0,low_restock,0.628719281283305,0.27282296583646737,0.09845775288022761,-0.5898585822364288,1.571876756976989,0.0,0.0,none
inventory,dqn,11,516,0.0,8.220056883468223,1.1618058796488593,0.07318903254221942,0,low_restock,0.5627806126180084,0.28790440371970555,0.14931498366228618,-0.5884811915593458,0.633223088815508,0.0,0.0,none
inventory,dqn,11,517,0.0,7.615050805818828,1.348725824327688,0.07294306992131175,0,low_restock,0.5926324256156075,0.2652236670746281,0.14214390730976445,-0.5017491524361394,0.7462215569206803,0.0,0.0,none
inventory,dqn,11,518,0.0,7.082471876221071,0.8262639388026781,0.05745520579216775,0,low_restock,0.585120481062032,0.26009272577383774,0.15478679316413033,-0.9600673997056879,2.8376050239225217,0.0,0.0,none
inventory,dqn,11,519,2.228763999159108,8.227740183758891,2.156554399912382,0.0,2,high_restock,0.0327494047794357,0.21283239232700113,0.7544182028935632,-1.0483097651008757,2.2696629160558084,0.0,0.0,none
inventory,dqn,11,520,0.0,8.646749847857654,2.1434178283056333,0.09076960091087068,0,low_restock,0.6058244694454342,0.27930543355136817,0.1148700970031975,-0.43442575598930644,0.14905222253062053,0.0,0.0,none
inventory,dqn,11,521,0.0,8.788582065617806,2.1501107457122246,0.04543317071237615,0,low_restock,0.4472815018763748,0.35852988114875906,0.1941886169748662,-1.524671960966842,4.089697100904941,0.0,0.0,none
inventory,dqn,11,522,3.841919888476692,10.189586956593702,2.1699871170651535,0.0,2,high_restock,0.0022062494959773434,0.08143514134194105,0.9163586091620817,-0.8663764448326583,3.936779019208085,0.0,0.0,none
inventory,dqn,11,523,0.0,10.788431769008701,1.5569057414938328,0.05828150800583184,1,balanced_restock,0.3626830473650631,0.4164944416458875,0.22082251098904948,-0.5413277181054297,0.48806514995963995,0.0,0.0,none
inventory,dqn,11,524,0.0,11.100927904904603,1.9309149190959345,0.03237994966168386,1,balanced_restock,0.2673918923344956,0.45283028425081145,0.27977782341469287,-0.5946388193932607,0.4285437714771498,0.0,0.0,none
inventory,dqn,11,525,0.0,11.484177364269037,1.7393973255847262,0.04189978917736799,1,balanced_restock,0.2767998429593504,0.4579632400966278,0.26523691694402174,-0.5040751916033721,0.8742333837141848,0.0,0.0,none
inventory,dqn,11,526,0.0,12.275876410964836,1.3689447744981955,0.025727712786316456,1,balanced_restock,0.1831963032184699,0.4690733152678956,0.3477303815136344,-0.8457593024904444,1.3384208202292327,0.0,0.0,none
inventory,dqn,11,527,0.0,11.217217766078551,2.185577698760547,0.08674273258757935,0,low_restock,0.4396606330766275,0.4000774078780882,0.16026195904528434,-0.2904769015731361,0.5679589091454423,0.0,0.0,none
inventory,dqn,11,528,0.31564829020896035,11.679070770123436,2.1396322924200226,0.0,2,high_restock,0.1114023094663818,0.430486753012331,0.4581109375212872,-0.8203336839046554,0.3368083560832335,0.0,0.0,none
inventory,dqn,11,529,0.0,11.752485085501934,2.21651142952146,0.050059586411545606,1,balanced_restock,0.28446559503191515,0.46525170604850513,0.25028269891957966,-0.883292977731761,0.5499813932778792,0.0,0.0,none
inventory,dqn,11,530,0.0,11.278364604153749,2.4918421267857163,0.09344517459495731,0,low_restock,0.46213155685233226,0.39335368294092,0.14451476020674778,-1.57348543642424,4.110328922513588,0.0,0.0,none
inventory,dqn,11,531,3.981386961212115,11.956465371250854,3.250003762157163,0.0,2,high_restock,0.0014159481374607617,0.08831360353045603,0.9102704483320831,-0.796687234355909,4.077807483123785,0.0,0.0,none
inventory,dqn,11,532,0.0,12.572680170336339,2.621314630099736,0.04583700613498376,1,balanced_restock,0.21817567859524187,0.48918950206517864,0.2926348193395795,-0.47976753334402433,0.2681355838836808,0.0,0.0,none
inventory,dqn,11,533,0.0,12.837451508598146,2.655883834465732,0.02138705952571863,1,balanced_restock,0.1417488937293042,0.47872612576696216,0.3795249805037337,-0.5082853833786725,0.5113053854781078,0.0,0.0,none
inventory,dqn,11,534,0.0,12.330120751314956,2.59245855047047,0.026479532746191508,1,balanced_restock,0.1767429158324004,0.47856035870053837,0.3446967254670612,-0.6017828473144229,1.4220167022377899,0.0,0.0,none
inventory,dqn,11,535,0.6908081351840654,13.446394071366218,2.0464289440441976,0.0,2,high_restock,0.04611800543769972,0.38319774618631325,0.5706842483759871,-0.6697163997885528,0.7496945455935686,0.0,0.0,none
inventory,dqn,11,536,0.0,13.279431608286197,1.808914705250288,0.023163642819384427,1,balanced_restock,0.13138218312154776,0.47672705832092194,0.3918907585575303,-0.5371300042672921,0.19496355462438836,0.0,0.0,none
inventory,dqn,11,537,0.0,13.398893075221542,1.6550704324121563,0.03163035790487359,1,balanced_restock,0.14559459563061086,0.48507054788015286,0.3693348564892363,-1.881164288664102,4.566469132895782,0.0,0.0,none
inventory,dqn,11,538,4.346183681897434,14.368655569739548,2.665955178356738,0.0,2,high_restock,0.00043250327520281625,0.06580168270969958,0.9337658140150975,-0.7801005698779393,3.7168748605545563,0.0,0.0,none
inventory,dqn,11,539,0.6860016282226837,14.907913784091216,2.308986494528609,0.0,2,high_restock,0.028216799583123127,0.36355016259004724,0.6082330378268296,-0.7185684097482571,0.6951402821039399,0.0,0.0,none
inventory,dqn,11,540,0.0,15.015417348592544,2.3020606766735563,0.031887216026474464,1,balanced_restock,0.08918904157862367,0.4898151809786358,0.42099577744274036,-0.791389336398607,1.2338124427272108,0.0,0.0,none
inventory,dqn,11,541,1.2325409611388771,14.970799191699157,2.290731578172009,0.0,2,high_restock,0.01632918304581854,0.3074046812625163,0.6762661356916653,-0.8136824914541525,1.3990751539387958,0.0,0.0,none
inventory,dqn,11,542,0.0,15.358618782032849,1.756445539780333,0.0488718734739558,1,balanced_restock,0.10804229215170232,0.51050973520247,0.3814479726458277,-0.6032387747141651,1.384809014046404,0.0,0.0,none
inventory,dqn,11,543,0.0,14.122666326835098,1.131875303802678,0.043435495484672335,1,balanced_restock,0.14434098238790066,0.4968902762488283,0.3587687413632711,-0.36723027794590407,0.13800481953194643,0.0,0.0,none
inventory,dqn,11,544,0.0,14.244723979490704,1.1805693624418043,0.0012911210617685854,2,high_restock,0.06886452983179474,0.4349882565842576,0.4961472135839476,-0.8862966655537714,0.2801186407847851,0.0,0.0,none
inventory,dqn,11,545,0.0,13.980679360486215,1.1092890429141744,0.061838690277459155,1,balanced_restock,0.19675340717946155,0.5061671627698394,0.29707943005069914,-0.7801631018465787,0.8995464264589738,0.0,0.0,none
inventory,dqn,11,546,0.0,13.103084053155778,1.3063582244972811,0.07502912532974619,1,balanced_restock,0.28482830685415866,0.48246204413423094,0.23270964901161031,-0.6161009600390048,0.15419716949914858,0.0,0.0,none
inventory,dqn,11,547,0.0,13.243953828537869,1.361803425627827,0.04573231429267943,1,balanced_restock,0.1889813398893126,0.49128477566109713,0.3197338844495902,-0.761141325106101,0.6487377099278606,0.0,0.0,none
inventory,dqn,11,548,0.0,12.805243624020159,1.8390069035673737,0.07163237948323233,1,balanced_restock,0.2927560200237188,0.4806482769063449,0.22659570306993634,-1.1262208947157788,1.6208804583762662,0.0,0.0,none
inventory,dqn,11,549,0.0,11.302523458075314,2.443023016437837,0.13682515977067478,0,low_restock,0.6031682420299963,0.31142386878669104,0.08540788918331269,-0.7214972601096656,1.0117510912475867,0.0,0.0,none
inventory,dqn,11,550,0.0,10.311998513610263,2.24080963731066,0.09669593930529743,0,low_restock,0.5303234931220333,0.34205270927131637,0.12762379760665032,-0.6617041109572805,0.9327901812414825,0.0,0.0,none
inventory,dqn,11,551,0.0,9.446147477223246,2.5876316366797734,0.08601859124237153,0,low_restock,0.5521916592263743,0.3232081166971322,0.12460022407649353,-0.5610258736026936,1.9052816872733727,0.0,0.0,none
inventory,dqn,11,552,0.0,8.087687716090779,1.2518314392212309,0.06804033457190957,0,low_restock,0.5567704438142331,0.29085664461939686,0.15237291156636998,-0.5075770809323652,1.1229772449668982,0.0,0.0,none
inventory,dqn,11,553,0.9359345169496152,8.390040216155175,1.789472538163534,0.0,2,high_restock,0.1364139700203983,0.3454314433926862,0.5181545865869155,-1.2249752573569597,0.9697543509453093,0.0,0.0,none
inventory,dqn,11,554,0.0,8.603114093397048,1.7255338722238611,0.12231701024231421,0,low_restock,0.6784312929940591,0.22757566944197127,0.09399303756396961,-0.3565157871883511,0.9162362896790252,0.0,0.0,none
inventory,dqn,11,555,0.0,9.312453682303287,2.2983185716308703,0.03152067628363413,1,balanced_restock,0.3704526350741543,0.39768334656241255,0.23186401836343312,-0.6138144230698517,0.9233715046846719,0.0,0.0,none
inventory,dqn,11,556,0.0,10.16972421971857,1.9555188786846858,0.045324004119616366,1,balanced_restock,0.3615045103146029,0.4113984616524949,0.2270970280329023,-1.1417003940424444,0.7131901862980013,0.0,0.0,none
inventory,dqn,11,557,0.0,9.798313698900623,2.5570240825503636,0.1395893560790079,0,low_restock,0.679565392185496,0.2445481308906899,0.07588647692381405,-0.40596047802626356,0.34999793581188365,0.0,0.0,none
inventory,dqn,11,558,0.0,10.047911901544419,2.781414054378628,0.04035008536183279,1,balanced_restock,0.36343273679586113,0.42069932846520935,0.21586793473892937,-0.529095494562239,0.8428621130877864,0.0,0.0,none
inventory,dqn,11,559,0.0,10.889699406986802,2.8227326249606013,0.03019562402897125,1,balanced_restock,0.26766643160681824,0.45494786559525413,0.2773857027979276,-1.013848390848847,1.3664754992331136,0.0,0.0,none
inventory,dqn,11,560,0.0,9.606668490848762,3.284894720217918,0.1167586412230084,0,low_restock,0.6434011274442913,0.27510669166752627,0.08149218088818237,-0.28442979355695003,0.4454792121099704,0.0,0.0,none
inventory,dqn,11,561,0.0,9.973461573782254,3.5178945048246772,0.01864817742088393,1,balanced_restock,0.28247714538459434,0.440587498252082,0.2769353563633237,-0.6727427069030005,1.1011489687834253,0.0,0.0,none
inventory,dqn,11,562,0.0,10.77239421784861,2.7610246772799405,0.05584691194696439,1,balanced_restock,0.3713581127000962,0.4303755998581095,0.19826628744179423,-0.8188223900220746,0.5982601950047927,0.0,0.0,none
inventory,dqn,11,563,0.0,10.217845220010474,2.5380668149241616,0.08193256964679903,0,low_restock,0.4897139064213914,0.3651454109245688,0.1451406826540396,-1.1747053462980883,2.900942104442785,0.0,0.0,none
inventory,dqn,11,564,2.8420152751373955,10.591141791433078,2.9766451921953747,0.0,2,high_restock,0.00912713996021097,0.16976268599494726,0.8211101740448418,-1.0155259438140185,3.0414186011196334,0.0,0.0,none
inventory,dqn,11,565,0.0,11.24580611758707,2.117936692756357,0.08491534710964616,0,low_restock,0.4309337244549556,0.4038253097684262,0.16524096577661815,-0.18002166775648773,0.2322788534207331,0.0,0.0,none
inventory,dqn,11,566,0.0,11.061020314501155,2.0056971558243344,3.869242229954344e-06,1,balanced_restock,0.17083990621415587,0.44404891341397645,0.38511118037186765,-1.6739857375908427,3.994654371729604,0.0,0.0,none
inventory,dqn,11,567,3.754244964545265,12.332705760166556,2.5014031402876866,0.0,2,high_restock,0.0016079479544984173,0.09354289557932326,0.9048491564661783,-0.6396839317192781,3.580289665109935,0.0,0.0,none
inventory,dqn,11,568,0.28481123348365145,13.204018221751918,2.3520101479789415,0.0,2,high_restock,0.0709078426095301,0.42464122202551613,0.5044509353649538,-0.9198523193023713,0.44704770638232527,0.0,0.0,none
inventory,dqn,11,569,0.0,12.881966146716593,2.249953004706335,0.06783077130399488,1,balanced_restock,0.271849463351745,0.4887269506962969,0.23942358595195803,-0.6191383162220832,1.8359041628842063,0.0,0.0,none
inventory,dqn,11,570,0.7403951892059517,14.536893897376236,1.9689331021066103,0.0,2,high_restock,0.030672801430797737,0.36212759254695365,0.6071996060222487,-0.5941001063450435,1.2480443140956852,0.0,0.0,none
inventory,dqn,11,571,0.0,15.46480390352861,1.5838107001846675,0.009660733275900618,2,high_restock,0.05360521388762531,0.4406235276236981,0.5057712584886767,-0.8169987475263663,0.11535114226695511,0.0,0.0,none
inventory,dqn,11,572,0.0,15.356654138275033,1.578789812242347,0.049464062058279676,1,balanced_restock,0.10969378007998329,0.5101645785809797,0.38014164133903694,-0.6710442233504259,0.8621517791493777,0.0,0.0,none
inventory,dqn,11,573,0.0,14.765427194927208,2.206260473573129,0.05554361131257605,1,balanced_restock,0.14058466189824692,0.519065921452912,0.34034941664884105,-0.3636017411998517,0.6040107133187776,0.0,0.0,none
inventory,dqn,11,574,0.0,15.3406264452563,2.030303929061049,0.0006431680714020973,2,high_restock,0.04691278747294292,0.4238364825047539,0.5292507300223032,-0.8147248320813087,0.6534080247879962,0.0,0.0,none
inventory,dqn,11,575,0.0,14.765108881955538,1.7247264680396064,0.04905800572880512,1,balanced_restock,0.1289562140733725,0.5095261110176129,0.36151767490901465,-0.5844105233102236,0.798837485288467,0.0,0.0,none
inventory,dqn,11,576,0.0,13.974223957587048,1.6126477478890269,0.040073307733968506,1,balanced_restock,0.14106518351423109,0.4960420680018116,0.3628927484839572,-0.635033813672524,0.7814440978191833,0.0,0.0,none
inventory,dqn,11,577,0.0,13.204912334634605,1.7495155143565728,0.049113181012950716,1,balanced_restock,0.19830047004456244,0.4946477563343589,0.3070517736210786,-0.3914438354767249,0.7024511138054239,0.0,0.0,none
inventory,dqn,11,578,0.0,13.899000969684252,1.6505890786880315,0.005614970620843732,2,high_restock,0.0817582450971972,0.4484549758324785,0.46978677907032423,-1.082976332241306,0.8627072528623745,0.0,0.0,none
inventory,dqn,11,579,0.0,13.051563522396364,1.5172862210874982,0.09696005932880461,1,balanced_restock,0.3556432161197433,0.4590827401592904,0.1852740437209662,-0.7531409423828984,0.197467964029548,0.0,0.0,none
inventory,dqn,11,580,0.0,12.903959724246025,1.388869653036132,0.07020373971123185,1,balanced_restock,0.2821846674103662,0.4805326036096569,0.2372827289799769,-0.4869506152040983,0.6115179852076084,0.0,0.0,none
inventory,dqn,11,581,0.0,13.443649770265313,1.6724704649889806,0.022669752715017567,1,balanced_restock,0.1247362505457935,0.4755942905209136,0.399669458933293,-0.38871817860541963,0.4968441552955933,0.0,0.0,none
inventory,dqn,11,582,0.0,13.815789087667762,1.3437475746343577,0.005128246179539226,2,high_restock,0.08390258328313323,0.4463843940435527,0.469713022673314,-1.1098494998525097,0.7839361246871293,0.0,0.0,none
inventory,dqn,11,583,0.0,13.05398583906054,1.5014630985436919,0.10175883925937675,1,balanced_restock,0.37045000515918997,0.4525017990698206,0.17704819577098932,-0.8242094331729873,0.39037718518071973,0.0,0.0,none
inventory,dqn,11,584,0.0,13.396917247670796,1.315892265777709,0.08289454163803346,1,balanced_restock,0.2922950676333765,0.48617845522766395,0.22152647713895968,-0.8622667654809139,0.4950576003379072,0.0,0.0,none
inventory,dqn,11,585,0.0,12.927185442254961,1.4720584390254132,0.08969049383587749,1,balanced_restock,0.3395774713718823,0.46277896275506014,0.19764356587305762,-0.7108645787413624,0.5047276986044117,0.0,0.0,none
inventory,dqn,11,586,0.0,12.640215091156842,1.057731133181679,0.06265438906095758,1,balanced_restock,0.2703635321138502,0.47259877736641837,0.25703769051973124,-0.7568752302333801,0.36344606061318463,0.0,0.0,none
inventory,dqn,11,587,0.0,12.2796073709301,1.10231370092627,0.07087057682738931,1,balanced_restock,0.3132775181741986,0.45419841471698424,0.23252406710881712,-0.5414738683603122,0.719406647898225,0.0,0.0,none
inventory,dqn,11,588,0.0,12.970939078730492,1.2975747437535585,0.03240604792148431,1,balanced_restock,0.16765355853655212,0.4801213963073635,0.35222504515608427,-0.38939912251677755,0.12968706534011756,0.0,0.0,none
inventory,dqn,11,589,0.0,13.087025776640525,1.3486154533468766,0.005249843306567418,1,balanced_restock,0.10507221467653852,0.4502325128549816,0.44469527246847984,-0.407781726666096,0.07349478238402268,0.0,0.0,none
inventory,dqn,11,590,0.0,13.136212597037044,1.2941052320811675,0.008532451190374296,1,balanced_restock,0.10953783437399783,0.45456933457898047,0.4358928310470216,-0.769571777316219,1.7712660526460393,0.0,0.0,none
inventory,dqn,11,591,0.0,11.853232003562859,2.5136011823346665,0.07313781737789624,1,balanced_restock,0.36024982855580157,0.4499075070149864,0.18984266442921197,-1.2317305369637614,1.367264944481188,0.0,0.0,none
inventory,dqn,11,592,0.0,10.812861733174046,3.396908716750014,0.1556661673149574,0,low_restock,0.6826867791358906,0.25636571681544024,0.0609475040486692,-0.5501395711426418,0.663404638113028,0.0,0.0,none
inventory,dqn,11,593,0.0,10.328335743044175,2.9527043415563927,0.06609635198975745,0,low_restock,0.43430612020522114,0.3984748102745158,0.1672190695202631,-0.4151385188215838,0.9813749683504582,0.0,0.0,none
inventory,dqn,11,594,0.6718243394902395,9.807862674189991,2.4664040822262945,0.0,2,high_restock,0.1380147930989447,0.4042330681932601,0.45775213870779513,-1.1260787809048423,0.7888738310971924,0.0,0.0,none
inventory,dqn,11,595,0.0,9.454257364403134,2.279363468549132,0.10465692516157898,0,low_restock,0.6064259176416903,0.28927526711805895,0.10429881524025092,-0.6111022706633754,0.12088751502157213,0.0,0.0,none
inventory,dqn,11,596,0.0,9.54617376663211,2.2058835722746575,0.0769825483327456,0,low_restock,0.5104334927470255,0.3421115160627382,0.1474549911902363,-0.50081747342989,0.3980213835646995,0.0,0.0,none
inventory,dqn,11,597,0.0,9.777282658834679,1.8824305473131493,0.057288834541051784,0,low_restock,0.4238664015669628,0.38046482077397203,0.19566877765906507,-0.4938471926470767,0.9879003813569521,0.0,0.0,none
inventory,dqn,11,598,0.8967062647059336,9.504690180797791,1.5753859761561586,0.0,2,high_restock,0.10960742613374481,0.3572974549852873,0.5330951188809678,-1.0892872090500951,0.9473614627185702,0.0,0.0,none
inventory,dqn,11,599,0.0,9.292417109476713,1.3785848095252597,0.0980870016160884,0,low_restock,0.5829473532282087,0.2921999446017358,0.12485270217005542,-0.3447922164912353,0.20952968270719152,0.0,0.0,none
