env,policy,seed,t,q,mu,sigma,rho,a,action_label,p0,p1,p2,r,state_delta,intervention_active,intervention_start,intervention_name
inventory,dqn,23,0,0.0,12.753185821907296,1.3150000202463565,0.55,0,low_restock,0.9631347776901062,0.034085152405328584,0.002780069904565142,-2.828801658729625,0.46833741153144537,0.0,0.0,none
inventory,dqn,23,1,0.0,12.291289473782479,1.3070791463104219,0.47300029620171874,0,low_restock,0.9492126259379898,0.04644143378317502,0.004345940278835198,-2.2897302604076817,0.29880506668965845,0.0,0.0,none
inventory,dqn,23,2,0.0,12.080083347192797,1.118903900886049,0.37673754650137165,0,low_restock,0.9083255737777444,0.08165969226265465,0.010014733959600963,-1.9678096507782168,0.7129684659386194,0.0,0.0,none
inventory,dqn,23,3,0.0,11.370938196027593,1.0727241635683549,0.319251723353253,0,low_restock,0.8616774694999264,0.11982337597904882,0.01849915452102475,-1.5698693406880608,0.17596282722801715,0.0,0.0,none
inventory,dqn,23,4,0.0,11.498948429788438,0.9751195344053508,0.24819095369429656,0,low_restock,0.7603449485555669,0.19845075998271366,0.04120429146171948,-0.9769335006725957,0.3385941022573543,0.0,0.0,none
inventory,dqn,23,5,0.0,11.707666248318512,1.2198070237564944,0.14230955369153492,0,low_restock,0.5452812075434461,0.3448925057968141,0.10982628665973987,-0.4978259850849264,0.14739213900793166,0.0,0.0,none
inventory,dqn,23,6,0.0,11.827439184111745,1.2121100588229667,0.056754640193736855,1,balanced_restock,0.3042794218514931,0.46444883353586347,0.23127174461264327,-0.5046518550684929,0.42182602147451564,0.0,0.0,none
inventory,dqn,23,7,0.0,12.112696013347971,1.521317825499171,0.025830688405088002,1,balanced_restock,0.10594789924891503,0.5167885186853194,0.37726358206576555,-0.5881342008542677,0.29439445872646436,0.0,0.0,none
inventory,dqn,23,8,0.0,12.299188624809872,1.2940154546322704,0.040738250152547804,1,balanced_restock,0.1664589989622895,0.5136264025888894,0.3199145984488211,-0.6199736893102719,0.16620335489400578,0.0,0.0,none
inventory,dqn,23,9,0.0,12.424739128444472,1.1852574668478246,0.04642387309111997,1,balanced_restock,0.19156603116917686,0.5085125439345904,0.29992142489623275,-0.8580078058875664,1.8115271308864305,0.0,0.0,none
inventory,dqn,23,10,1.422879445393047,13.076909640760098,2.0960610003767584,0.0,2,high_restock,0.005241356523320295,0.3711241724312491,0.6236344710454306,-0.7176727830750486,1.5002671289190808,0.0,0.0,none
inventory,dqn,23,11,0.0,13.550383005024694,2.0639378800733645,0.031727282691972954,1,balanced_restock,0.061045524963117104,0.5151013781880986,0.4238530968487842,-0.6320779487906345,0.7992197844069523,0.0,0.0,none
inventory,dqn,23,12,0.7773655679732414,13.717102751265879,2.13912393771302,0.0,2,high_restock,0.007008910157245871,0.39405351448153497,0.5989375753612193,-0.58968556170254,1.399926319656778,0.0,0.0,none
inventory,dqn,23,13,0.0,14.846121597879318,1.854986297964835,0.008872421732596437,2,high_restock,0.012655517558715402,0.43823186257440727,0.5491126198668773,-0.9612894069291418,0.6702533852790549,0.0,0.0,none
inventory,dqn,23,14,0.0,15.196710705952828,1.2876032560595696,0.07523025123734674,1,balanced_restock,0.16079527081209136,0.5354115446399288,0.30379318454798,-0.8909138963364441,1.3946034853138167,0.0,0.0,none
inventory,dqn,23,15,0.0,13.98813937008028,1.9832259952977853,0.09480605291722216,1,balanced_restock,0.3930062266961409,0.4321106622091672,0.17488311109469182,-0.566095073808772,0.3865088169904517,0.0,0.0,none
inventory,dqn,23,16,0.0,14.328944273165689,2.156074755020815,0.03680269175156644,1,balanced_restock,0.052690454154671565,0.5156994251047862,0.4316101207405423,-0.39931061444209404,0.1869102178076679,0.0,0.0,none
inventory,dqn,23,17,0.0,14.146250350300118,2.1301645909314355,0.007019752578945366,2,high_restock,0.016608651493926475,0.4500172505334668,0.5333740979726067,-0.8854303678098756,0.6132866800777886,0.0,0.0,none
inventory,dqn,23,18,0.0,13.660637984731661,1.7596068989991551,0.061683994251763484,1,balanced_restock,0.17655969214445832,0.5217126540206952,0.3017276538348465,-0.5941270345871448,0.021196922134981165,0.0,0.0,none
inventory,dqn,23,19,0.0,13.667905930854994,1.7584039102788043,0.04180839903341871,1,balanced_restock,0.08672676406331194,0.5262715546459387,0.38700168129074936,-0.6274279058173938,1.4683033101948078,0.0,0.0,none
inventory,dqn,23,20,0.7640797309068397,14.68010068702248,1.0196139476347055,0.0,2,high_restock,0.003828154822743736,0.3630377927204951,0.6331340524567611,-1.0924227207915798,1.5710339626203462,0.0,0.0,none
inventory,dqn,23,21,0.0,13.53418088254298,1.7689246071742615,0.09864691442706783,1,balanced_restock,0.4080683834151933,0.42403595478429296,0.1678956618005137,-0.830347263601229,0.21282827198965068,0.0,0.0,none
inventory,dqn,23,22,0.0,13.322408377102164,1.7536448414612242,0.08399058278593376,1,balanced_restock,0.3621408031375663,0.44491774322144,0.19294145364099374,-1.0346961138107793,1.0664596609214478,0.0,0.0,none
inventory,dqn,23,23,0.0,12.37683563499774,2.2454749081025747,0.12048144889478203,0,low_restock,0.5087716963314354,0.36565298161431303,0.1255753220542515,-0.48167706413208405,0.5500764694370879,0.0,0.0,none
inventory,dqn,23,24,0.0,11.831124926137651,2.2641023022793445,0.05387090430930073,1,balanced_restock,0.2767894328203767,0.4766210389074453,0.24658952827217795,-0.7405691130857832,1.4276864334917612,0.0,0.0,none
inventory,dqn,23,25,0.0,10.895761271104174,1.185591793636217,0.06795877019388986,1,balanced_restock,0.362984278512131,0.43833059774772964,0.19868512374013936,-1.0644994280159454,0.694548042852564,0.0,0.0,none
inventory,dqn,23,26,0.0,10.419808231939086,1.6881051557734745,0.12580346928856168,0,low_restock,0.5599338247732794,0.3323882502464183,0.10767792498030228,-0.8925917887536505,1.4387407756203403,0.0,0.0,none
inventory,dqn,23,27,0.0,8.994388687118946,1.8834306596540247,0.12724853370600903,0,low_restock,0.6118837162005818,0.29698451951475563,0.09113176428466256,-0.6637965064569287,0.12479726476125724,0.0,0.0,none
inventory,dqn,23,28,0.0,8.877249018384626,1.8698874688371394,0.08639223329588011,0,low_restock,0.5037425503626799,0.36127148686881694,0.13498596276850316,-0.28408072415864,0.07170037013525882,0.0,0.0,none
inventory,dqn,23,29,0.0,8.89399084993361,1.8861031301032138,0.01858584359975714,1,balanced_restock,0.30158964048881154,0.4518390421880983,0.24657131732309004,-0.6443373517048077,0.3443041914992841,0.0,0.0,none
inventory,dqn,23,30,0.0,8.640579403452438,1.6552527375727883,0.05077452709014424,1,balanced_restock,0.38660343954186527,0.4196028393592444,0.1937937210988903,-0.9081101796890271,0.16159508925810054,0.0,0.0,none
inventory,dqn,23,31,0.0,8.790973120817295,1.6195305195671061,0.09787681780161198,0,low_restock,0.5355179017047242,0.3434689607885938,0.12101313750668204,-0.37264673536602416,1.2131574012815336,0.0,0.0,none
inventory,dqn,23,32,0.0,9.699862633469067,0.8185051889009419,0.034401202743932886,1,balanced_restock,0.2862296207707205,0.46369707912191765,0.25007330010736184,-0.9513470911124263,0.654037868518449,0.0,0.0,none
inventory,dqn,23,33,0.0,9.331123538361256,1.353975143901434,0.1055976948415047,0,low_restock,0.5376113513083848,0.34399972144447044,0.1183889272471448,-0.6664112008327885,0.6875316491685968,0.0,0.0,none
inventory,dqn,23,34,0.0,8.644173808314628,1.3327925172357373,0.0868591430058551,0,low_restock,0.49570278427202996,0.3661362879839898,0.13816092774398028,-0.43819487557036024,0.21084320474150067,0.0,0.0,none
inventory,dqn,23,35,0.0,8.46535619033612,1.2287813813569892,0.04610622778042148,1,balanced_restock,0.365668352132996,0.42916646927202867,0.20516517859497538,-0.5203955777788484,1.3880561531211026,0.0,0.0,none
inventory,dqn,23,36,0.0,9.369286504775447,2.2820168127583895,0.02864206746050864,1,balanced_restock,0.3223936561073833,0.44570119476560394,0.23190514912701268,-0.7822662715520945,0.3514990095498326,0.0,0.0,none
inventory,dqn,23,37,0.0,9.025951159534824,2.2229774070185173,0.07540469134858832,0,low_restock,0.4750197780818409,0.3765665470899053,0.14841367482825368,-0.39701473977788965,0.3722755875261166,0.0,0.0,none
inventory,dqn,23,38,0.0,9.335830878336342,2.019949577653971,0.03875263210319458,1,balanced_restock,0.3383001929289145,0.4406143910694808,0.22108541600160464,-0.8218775706894093,0.4038043783038027,0.0,0.0,none
inventory,dqn,23,39,0.0,9.661334075358447,1.7850161299868976,0.0824781376231088,0,low_restock,0.4623777621397652,0.385489022698419,0.15213321516181583,-0.40533154500214263,0.047941245805667464,0.0,0.0,none
inventory,dqn,23,40,0.0,9.682158326420543,1.776045875919592,0.04023777589323976,1,balanced_restock,0.32608129247731804,0.4469397568205963,0.22697895070208574,-0.6391739943049524,0.8438512349843346,0.0,0.0,none
inventory,dqn,23,41,0.0,9.303053958684739,1.0222074699942045,0.04985249898302721,1,balanced_restock,0.34737113644919976,0.4398894857483653,0.21273937780243504,-0.46709276098522906,1.5449956332241266,0.0,0.0,none
inventory,dqn,23,42,0.0,10.387933776417164,2.121799680371004,0.019123707318790904,1,balanced_restock,0.1877574263778536,0.4966640818825309,0.3155784917396155,-1.4791620057874195,3.67370036515471,0.0,0.0,none
inventory,dqn,23,43,3.1976057308211985,11.982057995608965,2.9760796232245146,0.0,2,high_restock,0.0014728219392459482,0.28386382655162645,0.7146633515091275,-0.6869678733837572,3.3237647010586433,0.0,0.0,none
inventory,dqn,23,44,0.0,12.78727424326413,2.5593454017006136,0.026244263104242344,1,balanced_restock,0.06845531430677898,0.5143622107782639,0.41718247491495697,-0.38219010819134025,1.2600103287858742,0.0,0.0,none
inventory,dqn,23,45,0.0,13.707853592027007,1.699308649478749,0.003962519319882191,2,high_restock,0.01954795015384298,0.45566855544731744,0.5247834943988395,-0.9524401463517096,0.5403948663427024,0.0,0.0,none
inventory,dqn,23,46,0.0,14.066834619883107,1.3014356991504752,0.07365002613423385,1,balanced_restock,0.22704416460975374,0.5083756313447036,0.26458020404554267,-0.6615743198098261,0.1564617090568133,0.0,0.0,none
inventory,dqn,23,47,0.0,13.913796102938509,1.3272724743472328,0.05385255710889751,1,balanced_restock,0.12407452359986482,0.530834282441096,0.34509119395903926,-0.867619523236327,1.4827009637605464,0.0,0.0,none
inventory,dqn,23,48,1.4503414949609343,14.05054715282795,1.5980320510530326,0.0,2,high_restock,0.0027515959844441875,0.3391503405272054,0.6580980634883504,-0.6351708804704523,1.527959692585905,0.0,0.0,none
inventory,dqn,23,49,0.0,14.529492482283263,1.5593937497867931,0.01699480008400935,2,high_restock,0.021646920851282628,0.468633972655669,0.5097191064930484,-1.0414203742413912,0.17601061280553665,0.0,0.0,none
inventory,dqn,23,50,0.0,14.401924334874874,1.6565708638388237,0.08953935254310556,1,balanced_restock,0.3316482463148585,0.4648956376832996,0.20345611600184188,-0.8999083601348868,0.4655089613656476,0.0,0.0,none
inventory,dqn,23,51,0.0,14.081329465542055,1.9940175807268627,0.09641220716694408,1,balanced_restock,0.39690499499458726,0.43048144423685003,0.1726135607685626,-0.5266336504119116,0.6871917934798117,0.0,0.0,none
inventory,dqn,23,52,0.0,14.737351673494786,2.1874713864403637,0.029756009002127066,1,balanced_restock,0.032993169892844315,0.4959689255294285,0.4710379045777272,-0.9329082271242699,1.6870791210238874,0.0,0.0,none
inventory,dqn,23,53,1.6368806489264855,14.437307830793111,1.9118884149965194,0.0,2,high_restock,0.001708259880230801,0.31397693814417954,0.6843148019755897,-0.5449531377469446,1.6523204151799806,0.0,0.0,none
inventory,dqn,23,54,0.0,14.625544356808769,2.0357864518797713,0.0008844888833829754,2,high_restock,0.010033344741078592,0.42179665344820405,0.5681700018107174,-1.0937078066419823,0.5344875738578039,0.0,0.0,none
inventory,dqn,23,55,0.0,14.269281418998522,2.421987529395566,0.09887639404321111,1,balanced_restock,0.4151746880164738,0.4206876312610317,0.1641376807224944,-0.8233400635850302,0.4394876783921141,0.0,0.0,none
inventory,dqn,23,56,0.0,14.591420741374643,2.123465720244574,0.0827392970687554,1,balanced_restock,0.25819299927880307,0.5004901196738369,0.24131688104736004,-0.5334282941873483,0.27354912342935656,0.0,0.0,none
inventory,dqn,23,57,0.0,14.38301339056141,1.9540096184965101,0.030969338247740754,1,balanced_restock,0.04025256729660451,0.5030983425604976,0.45664909014289806,-0.4921392919669145,0.6410392207013212,0.0,0.0,none
inventory,dqn,23,58,0.0,13.742275640297416,1.9357872091470008,0.02359630213694902,1,balanced_restock,0.04096398391499882,0.4985373593271775,0.4604986567578237,-0.7776830367582661,1.2707678442902648,0.0,0.0,none
inventory,dqn,23,59,1.1933801050236177,13.451058865372085,1.6112400730581167,0.0,2,high_restock,0.00537896516791779,0.37525491404112726,0.619366120790955,-1.2328315112003145,1.670403048473141,0.0,0.0,none
inventory,dqn,23,60,0.0,12.852190738604168,2.6073026309437264,0.12371991271434186,0,low_restock,0.5182914982764265,0.3604399023752586,0.12126859934831481,-0.219392437752484,0.2443928952633004,0.0,0.0,none
inventory,dqn,23,61,0.0,13.059869064581363,2.661911081468688,0.007034363884372142,2,high_restock,0.029124812245964297,0.47579470133013785,0.4950804864238979,-1.5057673103236773,1.9708725345098637,0.0,0.0,none
inventory,dqn,23,62,0.0,11.219152459659176,3.346553908023934,0.1724584482720852,0,low_restock,0.7002136177818253,0.23995402593718324,0.059832356280991456,-0.9086522930552394,0.7121778051440256,0.0,0.0,none
inventory,dqn,23,63,0.0,10.508717497279187,3.3727559722021225,0.13011648090272132,0,low_restock,0.6311361517526897,0.2855756832897199,0.08328816495759052,-0.9448270823667293,1.893924200922803,0.0,0.0,none
inventory,dqn,23,64,0.0,8.649256273078453,3.0131574381003134,0.1365762647083445,0,low_restock,0.6780089308369205,0.2521443723989784,0.06984669676410112,-0.4938415738114895,0.7308484844008043,0.0,0.0,none
inventory,dqn,23,65,0.0,9.347474843472062,3.2135189879049806,0.05604313818062313,0,low_restock,0.4463043769115359,0.39022810951775583,0.16346751357070838,-0.3949069519917572,1.2984019123952601,0.0,0.0,none
inventory,dqn,23,66,0.614019862833592,8.62128506694793,2.331286190230702,0.0,1,balanced_restock,0.21236038327972248,0.48010111005632167,0.30753850666395577,-0.8513770469065363,1.5100034399259334,0.0,0.0,none
inventory,dqn,23,67,1.4039344197329608,9.895205159755786,2.513695012734028,0.0,2,high_restock,0.046216582300067845,0.47453768640741456,0.4792457312925176,-0.9490043037470015,1.4934960539994544,0.0,0.0,none
inventory,dqn,23,68,0.0,10.399119973270595,2.5289966891065134,0.07303648281196455,0,low_restock,0.43132672550002893,0.40167893412045474,0.16699434037951624,-0.7566502888931292,2.7601878173717482,0.0,0.0,none
inventory,dqn,23,69,1.6475722539803694,11.841582156712898,0.8502736694874983,0.0,2,high_restock,0.0077222313527018915,0.375116367875827,0.6171614007714711,-1.073601222858323,1.7363427715449355,0.0,0.0,none
inventory,dqn,23,70,0.0,11.450600877382916,1.2223571526767953,0.09528593265327197,0,low_restock,0.43584693311626366,0.405563417997082,0.1585896488866544,-0.4902038455552354,1.085434010816275,0.0,0.0,none
inventory,dqn,23,71,0.886296701586387,12.05445536775056,1.359927113405967,0.0,2,high_restock,0.018135876367748906,0.43838417967528004,0.5434799439569711,-0.9503182376201842,0.9051575953752322,0.0,0.0,none
inventory,dqn,23,72,0.0,11.893417522002947,1.3100614405123114,0.07327111386074718,1,balanced_restock,0.3544648703293952,0.44489714979179407,0.20063797987881063,-0.9975645040766087,0.6216935601260274,0.0,0.0,none
inventory,dqn,23,73,0.0,11.428599499175983,1.7209146710963115,0.1138508042993944,0,low_restock,0.5012533241877375,0.36895303136033536,0.1297936444519272,-0.41034759892756956,0.86524372465393,0.0,0.0,none
inventory,dqn,23,74,0.6581359969359131,11.802112748591108,2.12468386192433,0.0,2,high_restock,0.02658668856729468,0.4598942621780838,0.5135190492546216,-1.1014937627224242,0.6877274404929136,0.0,0.0,none
inventory,dqn,23,75,0.0,11.930268650339746,2.0091473440157914,0.10026674334329001,0,low_restock,0.45852683733172744,0.3929595534284761,0.1485136092397965,-0.473690128818822,0.843450262891583,0.0,0.0,none
inventory,dqn,23,76,0.0,11.088515337635666,2.0330796533238757,0.052444665860503926,1,balanced_restock,0.3307208215532005,0.4493528306612796,0.21992634778551992,-0.9010980859540415,0.6249275829015577,0.0,0.0,none
inventory,dqn,23,77,0.0,10.473050379165356,2.132001324572734,0.09662465820607884,0,low_restock,0.49410362905202426,0.3697222264855758,0.13617414446239987,-0.19957238030091842,0.6784197275491829,0.0,0.0,none
inventory,dqn,23,78,0.0,11.144980309439225,2.141507898167313,0.0034950679108782926,1,balanced_restock,0.08325611927536819,0.5045755548586803,0.4121683258659515,-0.4728795504358879,1.1583866440713406,0.0,0.0,none
inventory,dqn,23,79,0.0,10.386173924523098,1.2664108376608227,0.020157062577837132,1,balanced_restock,0.19687566607222518,0.49318505343644975,0.30993928049132496,-1.6733018603072685,4.348475115040417,0.0,0.0,none
inventory,dqn,23,80,3.7522910294493386,11.754192612695928,2.9861975738807267,0.0,2,high_restock,0.0009458439287938264,0.25701119894489444,0.7420429571263117,-1.7432212922358195,1.7635536115570762,0.0,0.0,none
inventory,dqn,23,81,3.43777512067377,13.42178034618181,3.4661478161876778,0.0,2,high_restock,0.00037878713300018465,0.22626473017937704,0.7733564826876228,-0.7338610187735466,3.560712577259992,0.0,0.0,none
inventory,dqn,23,82,0.0,14.068092667951237,2.801724568826382,0.034618039066704756,1,balanced_restock,0.05397896545853627,0.5160682867833618,0.4299527477581019,-0.5936968214361766,0.24621968333378744,0.0,0.0,none
inventory,dqn,23,83,0.0,13.864688897161852,2.940290207036317,0.04173157525646012,1,balanced_restock,0.07823681427286407,0.5278424899503753,0.3939206957767605,-0.42059875736204505,0.9638071169888343,0.0,0.0,none
inventory,dqn,23,84,0.17313930674870015,14.716826737439458,2.526688325983367,0.0,2,high_restock,0.006954252412199223,0.4008788895480442,0.5921668580397567,-0.979807925362264,1.006320927152406,0.0,0.0,none
inventory,dqn,23,85,0.0,13.75002198070447,2.322176540202184,0.07853712952897572,1,balanced_restock,0.2968312411482214,0.47873410220929513,0.22443465664248335,-0.5319774104766133,0.854589746774532,0.0,0.0,none
inventory,dqn,23,86,0.0,13.282501449673713,1.6084113280137857,0.030710251870823792,1,balanced_restock,0.07066091317980952,0.5173236155037428,0.4120154713164477,-1.513420596581525,3.5059207750218335,0.0,0.0,none
inventory,dqn,23,87,3.295487418804358,14.34375003069474,2.1598199631862602,0.0,2,high_restock,0.0002092574801088037,0.19924072962999584,0.8005500128898954,-0.6900262870684475,3.3203617371000917,0.0,0.0,none
inventory,dqn,23,88,0.0,14.609176335919324,1.8542125545508625,0.026790408405079902,1,balanced_restock,0.030528820481246874,0.489996128285457,0.4794750512332961,-0.39075234863831537,0.2442015629412495,0.0,0.0,none
inventory,dqn,23,89,0.0878638532523297,14.382944909300727,1.850217274559972,0.0,2,high_restock,0.00947728017681186,0.4168307786770133,0.5736919411461748,-0.572260587774718,1.0397083551122714,0.0,0.0,none
inventory,dqn,23,90,0.0,15.418868343968864,1.860359140705319,0.0057608192454853425,2,high_restock,0.008513702818893857,0.41750362787617284,0.5739826693049334,-0.9315882882399573,0.403664377326251,0.0,0.0,none
inventory,dqn,23,91,0.0,15.050972805591641,2.0135928522010635,0.0699264800428495,1,balanced_restock,0.1424467290050851,0.5386804388285598,0.318872832166355,-0.7285520668245432,1.0466284221556865,0.0,0.0,none
inventory,dqn,23,92,0.0,14.019522349177768,1.8360426107691628,0.0658128690758113,1,balanced_restock,0.17930078562396384,0.5236397558184162,0.29705945855761984,-0.38963883343482164,0.6870197781587342,0.0,0.0,none
inventory,dqn,23,93,0.0,14.700968634084063,1.89900640441121,0.005292648827646726,2,high_restock,0.011743758783458822,0.4322995479859988,0.5559566932305424,-0.7992828325849743,0.23920295319775414,0.0,0.0,none
inventory,dqn,23,94,0.0,14.934220147887098,1.8653888525652296,0.04630050581874541,1,balanced_restock,0.05977862404375471,0.5254179163099405,0.4148034596463048,-0.3754953643531968,0.6415803090907614,0.0,0.0,none
inventory,dqn,23,95,0.0442724695805623,14.489505963352908,1.4074032647076489,0.0,2,high_restock,0.009267290624588172,0.41597987277509735,0.5747528366003144,-0.9263118812754545,0.12714360949862344,0.0,0.0,none
inventory,dqn,23,96,0.0,14.413191017411256,1.4675916867590235,0.068984264513474,1,balanced_restock,0.17244573150197792,0.527539509094254,0.30001475940376815,-0.8713304651589472,0.7053683978839154,0.0,0.0,none
inventory,dqn,23,97,0.0,14.043054004163988,2.067628997118679,0.09130901163552628,1,balanced_restock,0.3829216279864067,0.4367900548747163,0.18028831713887705,-0.8540643998767294,0.8396588616427195,0.0,0.0,none
inventory,dqn,23,98,0.0,13.238936083895231,1.8259435239193587,0.0882257856922731,1,balanced_restock,0.38076870237135474,0.43602421755534027,0.1832070800733049,-0.7834752059248771,0.5208807260702636,0.0,0.0,none
inventory,dqn,23,99,0.0,12.789519066650241,1.5629184604707576,0.0756205724865852,1,balanced_restock,0.34288820014696797,0.4519542236427822,0.20515757621024974,-0.8650159123588256,1.0003914461660894,0.0,0.0,none
inventory,dqn,23,100,0.0,11.928605725186824,1.053605937575031,0.09018141292121885,1,balanced_restock,0.4006243655693084,0.42491973049762377,0.17445590393306798,-1.2288517788421052,1.4067454151617,0.0,0.0,none
inventory,dqn,23,101,0.0,10.793650256083373,1.8822117278118191,0.15515210336466162,0,low_restock,0.6171050743505399,0.296741554712134,0.08615337093732617,-0.9164722494003026,0.6818931581663061,0.0,0.0,none
inventory,dqn,23,102,0.0,10.23714553939661,2.275558861528404,0.13151290167862545,0,low_restock,0.5936214191774454,0.31033005605483027,0.0960485247677244,-0.7250531431576919,0.7811960063525212,0.0,0.0,none
inventory,dqn,23,103,0.0,9.472528141797595,2.1191650392379673,0.0973309184210164,0,low_restock,0.5289970967309919,0.347918746892491,0.12308415637651694,-0.3096809189498869,0.6028015160867737,0.0,0.0,none
inventory,dqn,23,104,0.0,9.134485717437476,1.6256113314296023,0.023157306955336944,1,balanced_restock,0.2939597331435715,0.4560168268973884,0.25002343995904003,-0.6927856094755744,0.3957538041127574,0.0,0.0,none
inventory,dqn,23,105,0.0,8.830575757208127,1.3747241230565808,0.059426001692066854,1,balanced_restock,0.40025847559387145,0.41458982815606066,0.185151696250068,-0.8949758543188346,0.44359385556506536,0.0,0.0,none
inventory,dqn,23,106,0.0,9.234689811308176,1.1953816016003178,0.09553140255693476,0,low_restock,0.5029937914392284,0.36388567142766387,0.13312053713310767,-0.24815831418035145,0.842588853206284,0.0,0.0,none
inventory,dqn,23,107,0.0,10.070784838049878,1.258247700199438,0.012171127532205617,1,balanced_restock,0.18763623177826222,0.4925109765379056,0.3198527916838323,-0.882782695988803,0.7808132633101453,0.0,0.0,none
inventory,dqn,23,108,0.0,9.655676117922223,1.9145734084198525,0.0933540528551434,0,low_restock,0.5024064671055315,0.36364384083521667,0.1339496920592518,-0.3190269673520082,0.11950651694993542,0.0,0.0,none
inventory,dqn,23,109,0.0,9.576634878994696,1.8567959943281902,0.024826244170001465,1,balanced_restock,0.2900851877346858,0.4580843295237405,0.25183048274157355,-0.7576743725087409,0.14921619504804856,0.0,0.0,none
inventory,dqn,23,110,0.0,9.437778092417085,1.885968298536501,0.07101328080513232,0,low_restock,0.43402966345979743,0.39906667402545354,0.16690366251474903,-0.18809079968055667,0.32922278935351756,0.0,0.0,none
inventory,dqn,23,111,0.023116570515876234,9.742062949900262,1.9870677973138404,0.0,1,balanced_restock,0.1656989908992324,0.4944254623157987,0.3398755467849689,-0.9474646554613468,1.7569875638772234,0.0,0.0,none
inventory,dqn,23,112,1.678470444175277,10.106089874285933,2.449985987604896,0.0,2,high_restock,0.030000337155896274,0.45200574377518843,0.5179939190689153,-1.0904260768818788,1.9511566126222897,0.0,0.0,none
inventory,dqn,23,113,0.0,10.73089154776731,1.68205958044175,0.09829037087176405,0,low_restock,0.4796788734277597,0.379283559200894,0.1410375673713461,-1.1191034380605283,2.9834894379653223,0.0,0.0,none
inventory,dqn,23,114,2.683152680172938,11.684197954414609,2.5671848932480903,0.0,2,high_restock,0.003183999646096502,0.3254365708296619,0.6713794295242416,-1.039089000825415,2.686231872669523,0.0,0.0,none
inventory,dqn,23,115,0.0,11.746463429208315,2.4985302229488124,0.08912303586168126,0,low_restock,0.44146459783652386,0.40017112347920675,0.15836427868426942,-0.5975590155470097,1.2925874543440015,0.0,0.0,none
inventory,dqn,23,116,1.1930257587057422,12.233981837637973,2.541597056046977,0.0,2,high_restock,0.011625113368576535,0.416255948946552,0.5721189376848714,-0.7861660522746068,1.1939586618989233,0.0,0.0,none
inventory,dqn,23,117,0.0,12.248890780478428,2.550095490465655,0.0439582236204655,1,balanced_restock,0.16640934589543133,0.5156205373438069,0.31797011676076187,-0.6303849049871505,0.5790850374045209,0.0,0.0,none
inventory,dqn,23,118,0.0,12.70010292973682,2.1871514547597006,0.04828301874770544,1,balanced_restock,0.16398937683059653,0.518321980541534,0.31768864262786944,-0.41644084764929,0.28116939735041496,0.0,0.0,none
inventory,dqn,23,119,0.0,12.522267344842186,1.9727425777925842,0.01007872279451608,1,balanced_restock,0.04540524473708158,0.4934357692472656,0.46115898601565275,-0.9053321365280863,2.0980289804845773,0.0,0.0,none
inventory,dqn,23,120,1.5580918186516755,13.559340865793871,1.0248752774326793,0.0,2,high_restock,0.0030129399391157865,0.33592580766444174,0.6610612523964424,-0.708505025002667,1.569355911152404,0.0,0.0,none
inventory,dqn,23,121,0.0,13.740132285752185,1.0653339461454787,0.030090183036190536,1,balanced_restock,0.05807925307133172,0.5130153796494568,0.42890536727921147,-1.250648770952378,2.6608287147309886,0.0,0.0,none
inventory,dqn,23,122,2.5447107741496513,14.324357285516447,1.577420126000923,0.0,2,high_restock,0.000528854176535678,0.24186066939820616,0.7576104764252581,-0.8948083690822572,2.5596120465644865,0.0,0.0,none
inventory,dqn,23,123,0.0,14.188941339762232,1.809172385008514,0.06335863733611737,1,balanced_restock,0.1545320465616635,0.5301859154216072,0.31528203801672944,-0.5541760384490952,0.1372891955467412,0.0,0.0,none
inventory,dqn,23,124,0.0,14.055662023000489,1.7929811743274837,0.034674292580195575,1,balanced_restock,0.05438749011657805,0.514167121078809,0.43144538880461286,-1.3284710485915814,2.8575686276918555,0.0,0.0,none
inventory,dqn,23,125,2.7670601388330898,14.641793664036282,2.1983501949253434,0.0,2,high_restock,0.0003637687983474232,0.22914569067229124,0.7704905405293613,-0.8080198179153315,2.82361843812123,0.0,0.0,none
inventory,dqn,23,126,0.0,14.151213017718339,2.4689777189835986,0.047860681770594916,1,balanced_restock,0.08862569604178011,0.5316669702701884,0.37970733368803145,-1.0945958723361242,2.1127909685673427,0.0,0.0,none
inventory,dqn,23,127,2.098845349531784,14.310826915076428,2.644951110492513,0.0,2,high_restock,0.0010451830465722908,0.2845921103726046,0.714362706580823,-0.8655873169711413,2.114341674984476,0.0,0.0,none
inventory,dqn,23,128,0.0,14.473052630277792,2.456294262810057,0.058140592316275226,1,balanced_restock,0.11574007245904581,0.5368205883602293,0.347439339180725,-0.4229324711517287,0.25937487671988874,0.0,0.0,none
inventory,dqn,23,129,0.0,14.728108918243416,2.4609588065338057,0.01123794127709442,2,high_restock,0.014980639065340192,0.4490224872595087,0.535996873675151,-1.1789132348663995,1.2837969416640336,0.0,0.0,none
inventory,dqn,23,130,0.0,13.449304885067383,2.508032652235583,0.11409164908328562,0,low_restock,0.4758698078367238,0.38615988038850707,0.13797031177476907,-0.29482961249282413,0.17764734506209132,0.0,0.0,none
inventory,dqn,23,131,0.0,13.582975513556269,2.4378020656232113,0.020505287945147162,1,balanced_restock,0.037054921836231956,0.49311476957688655,0.46983030858688146,-0.4866788259135832,1.4498278371324387,0.0,0.0,none
inventory,dqn,23,132,0.0,12.463533865309685,1.5164733097867098,0.022621218913139857,1,balanced_restock,0.07939673279903428,0.514004583205997,0.4065986839949687,-0.7564513152876243,0.9235171456013564,0.0,0.0,none
inventory,dqn,23,133,0.0,11.822840004208793,2.17985449218753,0.07079487772993291,1,balanced_restock,0.370306626967499,0.4351144739472796,0.19457889908522136,-0.6706114437133206,0.7509818361353369,0.0,0.0,none
inventory,dqn,23,134,0.0,11.380802568596021,1.5729429176372414,0.05546632923452154,1,balanced_restock,0.32068380923100875,0.4556306149688204,0.22368557580017098,-0.7638305229102595,0.01819243330150531,0.0,0.0,none
inventory,dqn,23,135,0.0,11.387706779890348,1.570453261850302,0.07211259337683207,1,balanced_restock,0.371642683883992,0.4349785663339763,0.19337874978203176,-0.7597862527941008,0.11808378081474556,0.0,0.0,none
inventory,dqn,23,136,0.0,11.287608399246809,1.5078148397431603,0.07139040228466086,1,balanced_restock,0.3706556736578157,0.4352821116886895,0.19406221465349488,-0.8848133078984631,0.28382424579735605,0.0,0.0,none
inventory,dqn,23,137,0.0,11.004663795037802,1.5081174500541765,0.09371666212472556,0,low_restock,0.45159281070444784,0.39542486053181686,0.15298232876373527,-0.3681198712052105,0.5337737616645729,0.0,0.0,none
inventory,dqn,23,138,0.0,11.320828610206034,1.0822778516135143,0.033592834143787595,1,balanced_restock,0.2059715965171013,0.4968369778620465,0.29719142562085227,-0.7344916839347044,0.7377410084444795,0.0,0.0,none
inventory,dqn,23,139,0.0,10.640299399446542,0.7993747142568137,0.06687351498834009,1,balanced_restock,0.35725815023695445,0.44114819919050846,0.20159365057253698,-1.085396650528931,0.9045527320287554,0.0,0.0,none
inventory,dqn,23,140,0.0,9.996084680953322,1.4312580620633952,0.12953511616588054,0,low_restock,0.5749469896900249,0.3227892738896643,0.10226373642031086,-0.40395009139932514,0.11817668946450272,0.0,0.0,none
inventory,dqn,23,141,0.0,10.03959040348694,1.4949357584307397,0.039991087749879486,1,balanced_restock,0.30882386015644175,0.45518800692371514,0.23598813291984305,-1.0881997885165964,1.2172336440597789,0.0,0.0,none
inventory,dqn,23,142,0.0,9.091533798454666,2.2530507826314206,0.13003567652082076,0,low_restock,0.626538570640313,0.2874220260409165,0.08603940331877047,-0.42585068044454716,0.467807843746568,0.0,0.0,none
inventory,dqn,23,143,0.0,9.455672976901658,2.5338136918220435,0.04390190722224056,1,balanced_restock,0.368423514523617,0.4278713942487899,0.20370509122759325,-0.6044495856820328,0.5123977959230162,0.0,0.0,none
inventory,dqn,23,144,0.0,9.92510524563168,2.7392030385369206,0.04365171172893442,1,balanced_restock,0.35935255556754664,0.4325336365272145,0.20811380790523878,-0.8231922422733956,0.39179925163471874,0.0,0.0,none
inventory,dqn,23,145,0.0,10.255511020638838,2.5322902526521847,0.0827129004059635,0,low_restock,0.46855948938320446,0.3823104199348541,0.14913009068194144,-0.18338385167144905,0.1524684539501477,0.0,0.0,none
inventory,dqn,23,146,0.0,10.15141559931969,2.456997864231515,0.0006042592270444759,1,balanced_restock,0.13470284201718877,0.5022911269069635,0.3630060310758477,-0.4244956046472461,1.8007304127210475,0.0,0.0,none
inventory,dqn,23,147,0.0,11.259260459673374,1.0374237396440797,0.011517072258436808,1,balanced_restock,0.10032955258523914,0.5086028139864216,0.3910676334283393,-0.4991743385847826,0.20676658836702205,0.0,0.0,none
inventory,dqn,23,148,0.0,11.066690854649412,0.9633188542434744,0.024852560461568324,1,balanced_restock,0.17545396602086913,0.5025328180465525,0.3220132159325784,-0.7403851890625202,0.6270027398269626,0.0,0.0,none
inventory,dqn,23,149,0.0,10.460160991548783,1.1162850140487632,0.06792592661830718,1,balanced_restock,0.3735865538702464,0.43252238834671375,0.19389105778303972,-0.9265989944929979,0.11740949679226519,0.0,0.0,none
inventory,dqn,23,150,0.0,10.541483119450993,1.038400644596959,0.10117839187374962,0,low_restock,0.47793779901296923,0.3813273328847449,0.14073486810228597,-0.3947601048624959,0.33641387731395117,0.0,0.0,none
inventory,dqn,23,151,0.0,10.271559367022382,0.8476965275679815,0.0383500187254457,1,balanced_restock,0.28354200014784153,0.46663364558272125,0.2498243542694371,-0.6932296390110348,0.19053442958357616,0.0,0.0,none
inventory,dqn,23,152,0.0,10.12816491409053,0.7240282045867175,0.05950529268054192,1,balanced_restock,0.34691080860217804,0.4439223867029093,0.20916680469491272,-0.3984999458359985,2.159596314075721,0.0,0.0,none
inventory,dqn,23,153,0.10999984524571005,11.1699358155111,2.6116003973549136,0.0,1,balanced_restock,0.06642807754714644,0.4985285693494139,0.4350433531034396,-0.3666087436189488,0.6228943965390679,0.0,0.0,none
inventory,dqn,23,154,0.0,11.734441113608929,2.3723728090801286,0.0011801327890980063,1,balanced_restock,0.055062086031815075,0.4953334142029919,0.44960449976519307,-0.5505895131538383,0.8359861476734738,0.0,0.0,none
inventory,dqn,23,155,0.5445414661538237,12.325405779463258,2.1419236785995386,0.0,2,high_restock,0.021576897956388917,0.4518319031552941,0.526591198888317,-0.8731977253365151,0.8263309553027129,0.0,0.0,none
inventory,dqn,23,156,0.0,12.903905948814952,1.922618430766674,0.05949959381009197,1,balanced_restock,0.22066350882622146,0.503910586405248,0.2754259047685305,-0.5891293173391109,1.4239022110874135,0.0,0.0,none
inventory,dqn,23,157,0.6546551923974597,14.16400513600708,2.009416602296037,0.0,2,high_restock,0.006002733515224959,0.3873236097886902,0.6066736566960849,-0.775626772553248,0.8033157328509398,0.0,0.0,none
inventory,dqn,23,158,0.0,13.788933099567737,1.7368486184865617,0.042076209384508546,1,balanced_restock,0.08270780454327689,0.5261263143606931,0.39116588109603,-0.45850554992536846,0.785472689881724,0.0,0.0,none
inventory,dqn,23,159,0.2814444283581956,14.472810744719009,1.4755110219522292,0.0,2,high_restock,0.007302677456365395,0.4011995812311318,0.5914977413125027,-0.9189301459113312,0.3097384481935134,0.0,0.0,none
inventory,dqn,23,160,0.0,14.543766341990906,1.391169202535608,0.06766609748416627,1,balanced_restock,0.1567024681487043,0.5317216511326568,0.3115758807186389,-0.6411285245979141,0.025395653610449126,0.0,0.0,none
inventory,dqn,23,161,0.0,14.530173001846503,1.4036250821873066,0.05020152224962752,1,balanced_restock,0.08168584316664426,0.5312381534020845,0.3870760034312712,-0.6661309992091307,1.0430213490214588,0.0,0.0,none
inventory,dqn,23,162,0.0,13.503741463497681,1.2183903721441003,0.054666249858773344,1,balanced_restock,0.15565518705400896,0.5241657522202805,0.3201790607257106,-0.6175552236939162,0.3626968729622259,0.0,0.0,none
inventory,dqn,23,163,0.0,13.14517887214833,1.1644770416570538,0.045992004231056476,1,balanced_restock,0.13724123184022818,0.5239324120262245,0.3388263561335473,-0.5539486594493291,0.8021542687232843,0.0,0.0,none
inventory,dqn,23,164,0.0,12.658839465705038,0.5266710827238201,0.03463368918738021,1,balanced_restock,0.12364486357938084,0.5200641396224076,0.35629099679821163,-1.3463875677316581,3.262632365991353,0.0,0.0,none
inventory,dqn,23,165,2.818250193519024,13.510975403482131,1.93198266862438,0.0,2,high_restock,0.0006772422320711743,0.2494110821389111,0.7499116756290178,-0.625141640899017,2.8239767586712348,0.0,0.0,none
inventory,dqn,23,166,0.0,13.689967209247243,1.9384135488224472,0.015203864446253032,2,high_restock,0.030205981707190598,0.481721059061378,0.48807295923143135,-1.217463664429109,0.3538152161038099,0.0,0.0,none
inventory,dqn,23,167,0.0,13.471668336950055,2.195985165966706,0.12097565436234088,0,low_restock,0.4818712055845352,0.38369789835143014,0.13443089606403463,-0.29887836819139524,0.12720281525290458,0.0,0.0,none
inventory,dqn,23,168,0.0,13.546692138756303,2.1714403765922032,0.02122828003417772,1,balanced_restock,0.040263999580984144,0.4964077976009514,0.4633282028180645,-0.6564662060981918,0.776756848254931,0.0,0.0,none
inventory,dqn,23,169,0.0,12.943706133377841,2.660064383841025,0.05294039394610568,1,balanced_restock,0.17005750160644384,0.5198367705272595,0.3101057278662967,-0.5884187570435444,1.3648329259185832,0.0,0.0,none
inventory,dqn,23,170,0.0,12.065303068687333,1.615540895934478,0.04078906375777578,1,balanced_restock,0.17929533528144057,0.5096904859055122,0.3110141788130472,-0.6396046229111274,0.6615593114839171,0.0,0.0,none
inventory,dqn,23,171,0.0,11.513842544969725,1.2502075307714537,0.0499293969484156,1,balanced_restock,0.2936416809154021,0.4667351872921795,0.23962313179241831,-0.46400397061150256,0.7697768172300564,0.0,0.0,none
inventory,dqn,23,172,0.0,12.233649234544018,1.5212267187926458,0.01857213760919689,1,balanced_restock,0.07651564072191433,0.5110925323717773,0.4123918269063084,-0.7098320020242728,0.9099770856009529,0.0,0.0,none
inventory,dqn,23,173,0.0,11.422615915417806,1.9315390744824377,0.06247000036147727,1,balanced_restock,0.3494154523410061,0.4433636369313069,0.20722091072768703,-0.6125614851196608,0.694299762280267,0.0,0.0,none
inventory,dqn,23,174,0.0,12.109761802446329,1.8336565829804434,0.04510026519993942,1,balanced_restock,0.19799397694441387,0.5055066201848099,0.29649940287077625,-0.9333679659977977,1.1205010706173297,0.0,0.0,none
inventory,dqn,23,175,0.0,11.137626977614367,2.3879081016499675,0.10238713678532102,0,low_restock,0.4997375304890419,0.36761567780522997,0.13264679170572818,-0.3053695800482664,0.6019519107756706,0.0,0.0,none
inventory,dqn,23,176,0.35819880013790417,11.5706513173054,2.577767307174209,0.0,1,balanced_restock,0.0411077446357336,0.48162072460855043,0.477271530755716,-0.454716995901597,0.9004296076090649,0.0,0.0,none
inventory,dqn,23,177,0.0,10.823217436774764,2.2263080390372174,0.016913749268142323,1,balanced_restock,0.14176589957509775,0.5078149167262694,0.3504191836986328,-0.9732495733914673,1.0856445419306255,0.0,0.0,none
inventory,dqn,23,178,0.0,10.141456071582013,3.066100667744972,0.10950885239133346,0,low_restock,0.5751044848450851,0.32059976966698805,0.1042957454879269,-0.35284531414917053,0.44873260305547497,0.0,0.0,none
inventory,dqn,23,179,0.0,9.799290427426225,2.7866390381855304,0.03086523466949474,1,balanced_restock,0.32245472714147794,0.44726072434012215,0.23028454851840002,-0.9164148007964645,0.20741659902550075,0.0,0.0,none
inventory,dqn,23,180,0.0,9.642382913003331,2.90372949008757,0.09935978585651153,0,low_restock,0.5584784197487699,0.3299296032367558,0.11159197701447439,-0.5817052106067682,1.3326968432005168,0.0,0.0,none
inventory,dqn,23,181,0.0,8.5240972134555,2.1793299216048085,0.07173307332263718,0,low_restock,0.47953916370560745,0.3732603818300954,0.14720045446429714,-0.5555919709675534,0.8335017725336389,0.0,0.0,none
inventory,dqn,23,182,0.0,7.697812562335107,2.0699812323652633,0.06706999481563455,0,low_restock,0.4912605727412045,0.3657373602896067,0.14300206696918882,-0.6542654662926668,1.9008820253196441,0.0,0.0,none
inventory,dqn,23,183,1.3550441894076197,9.004132771360192,2.327346432468247,0.0,1,balanced_restock,0.0884466803410097,0.49038900342792063,0.42116431623106965,-0.7041076459884399,1.7165312302498668,0.0,0.0,none
inventory,dqn,23,184,0.0,7.971844170401828,2.1250122481870024,0.061447793926507115,0,low_restock,0.46449726019447785,0.3802500307054274,0.1552527091000949,-0.7265235409690156,1.8707662752159726,0.0,0.0,none
inventory,dqn,23,185,1.5614958313400447,8.90333616825917,2.560952670426567,0.0,1,balanced_restock,0.0787596848680783,0.4866278099277785,0.43461250520414313,-0.4338621654406286,1.5938101729385499,0.0,0.0,none
inventory,dqn,23,186,0.0,9.219607612915349,2.5189998170415535,0.013189672400112254,1,balanced_restock,0.30327927481296285,0.4504666128002436,0.2462541123867936,-0.41598803033733217,1.208601220239454,0.0,0.0,none
inventory,dqn,23,187,0.0,10.399009851575553,2.2549598932467947,0.00999786256023789,1,balanced_restock,0.14878772629529066,0.5032003227719091,0.34801195093280024,-0.6076306803254132,0.5130082056610836,0.0,0.0,none
inventory,dqn,23,188,0.0,9.909914461304943,2.1039897646452745,0.0442197643438238,1,balanced_restock,0.34021394677721567,0.44150066811966476,0.21828538510311962,-0.8973334518415874,0.7479507192042066,0.0,0.0,none
inventory,dqn,23,189,0.0,10.31693548536713,1.4786195554741475,0.09595240211456917,0,low_restock,0.47905841941617133,0.37906182604956484,0.14187975453426374,-1.1798151506525205,3.1535329524526725,0.0,0.0,none
inventory,dqn,23,190,2.856614716150059,11.059023776962002,2.585245305077886,0.0,2,high_restock,0.004248525662144815,0.3368873476283724,0.6588641267094828,-0.6328806723092248,2.9942570726231383,0.0,0.0,none
inventory,dqn,23,191,0.0,11.952453732828511,2.6679230196579753,0.016585834340932998,1,balanced_restock,0.07433654802875304,0.5103794903441119,0.415283961627135,-0.5669899440901784,0.3340073920577974,0.0,0.0,none
inventory,dqn,23,192,0.0,11.622495215617885,2.7156001291856287,0.03696249001610329,1,balanced_restock,0.17080182397597807,0.5108546027607331,0.3183435732632889,-1.3667540213713014,3.3304247782835428,0.0,0.0,none
inventory,dqn,23,193,2.876440061060862,13.194364713025706,3.3035472665881893,0.0,2,high_restock,0.0008421666659532252,0.2653144781769584,0.7338433551570884,-1.3161328249698367,2.0531160940602446,0.0,0.0,none
inventory,dqn,23,194,2.2175223570566764,14.986838101015303,2.549788479980601,0.0,2,high_restock,0.0005824154115924288,0.257985665050793,0.7414319195376147,-0.8551660397202051,2.3539251351001997,0.0,0.0,none
inventory,dqn,23,195,0.0,14.240761957469477,2.802298136515918,0.05627964995003661,1,balanced_restock,0.11815671262181568,0.5359390722396632,0.34590421513852104,-0.7708131975246699,0.7153287598804021,0.0,0.0,none
inventory,dqn,23,196,0.0,13.605168686961388,3.1300552232954955,0.07335949955797678,1,balanced_restock,0.26620703514519306,0.4929129977242372,0.24087996713056972,-0.47196228062698253,1.0873226855751572,0.0,0.0,none
inventory,dqn,23,197,0.0,14.63756915865799,2.79305087087283,0.019993264397675452,2,high_restock,0.022826353574959574,0.4752471176676984,0.5019265287573421,-1.1257230632863682,1.1142940110720674,0.0,0.0,none
inventory,dqn,23,198,0.0,13.560404329571906,2.520635947560048,0.10459340415828003,0,low_restock,0.4497438577537752,0.40057545617844725,0.14968068606777749,-1.4166611836771044,3.539067779442696,0.0,0.0,none
inventory,dqn,23,199,3.53331766764887,13.46315906211844,2.3782611438401107,0.0,2,high_restock,0.0002877143291721208,0.20868411204875986,0.7910281736220681,-0.6225593898377918,3.3487272525372958,0.0,0.0,none
inventory,dqn,23,200,0.23588397096511926,14.035091893493538,2.260795981958872,0.0,2,high_restock,0.010115781779207734,0.41875224107752657,0.5711319771432657,-2.7204951086023312,6.772741074097897,1.0,1.0,inventory_demand_spike
inventory,dqn,23,201,6.229986024578089,16.673030198727293,3.987655479841076,0.0,2,high_restock,9.862334165498297e-07,0.06243718446739705,0.9375618292991863,-4.355607979817146,4.909515406906021,1.0,0.0,inventory_demand_spike
inventory,dqn,23,202,10.901737085191847,18.060253118605825,4.582379053331735,0.0,2,high_restock,1.1633059571645981e-09,0.011010511963917998,0.988989486872776,-6.455076214115046,6.490875098680211,1.0,0.0,inventory_demand_spike
inventory,dqn,23,203,16.900217754614417,20.4443512091388,3.89990890750291,0.0,2,high_restock,1.1211719791717641e-12,0.0017981473854753979,0.9982018526134033,-8.57628679740963,6.235470979826776,1.0,0.0,inventory_demand_spike
inventory,dqn,23,204,22.96081942117037,21.885500350704298,3.6291785409643125,0.0,2,high_restock,2.0730500278308625e-15,0.00033764706447313023,0.9996623529355247,-9.944953496830166,4.992918237083496,1.0,0.0,inventory_demand_spike
inventory,dqn,23,205,26.871295705229045,23.327082346852784,0.879769676790747,0.0,2,high_restock,1.1961613202652391e-17,7.685108251631979e-05,0.9999231489174836,-11.125893689964172,3.420613318504129,1.0,0.0,inventory_demand_spike
inventory,dqn,23,206,30.245410542754783,22.803084903635337,1.0831688346505386,0.0,2,high_restock,1.0276492029365748e-18,3.783595691809303e-05,0.9999621640430819,-11.399527515866286,1.4022080086837216,1.0,0.0,inventory_demand_spike
inventory,dqn,23,207,31.027221473903673,22.025096877742364,1.9490173197332508,0.0,2,high_restock,9.878285866849961e-19,3.753035795453588e-05,0.9999624696420455,-10.960341434696385,2.009336077073527,1.0,0.0,inventory_demand_spike
inventory,dqn,23,208,29.77240409913253,20.574437268903626,2.5477255340459726,0.0,2,high_restock,8.365258595544314e-18,6.435795068439756e-05,0.9999356420493155,-10.229933443761677,2.6519303644995134,1.0,0.0,inventory_demand_spike
inventory,dqn,23,209,27.685524125033368,18.9449409407726,2.3980313509061215,0.0,2,high_restock,1.3614097972592214e-16,0.00012585776920236912,0.9998741422307974,-11.46842927606922,3.5404606641971217,1.0,0.0,inventory_demand_spike
inventory,dqn,23,210,31.22408364591206,18.870557588136602,2.3090069229298114,0.0,2,high_restock,7.78512621404077e-18,4.480468348824658e-05,0.9999551953165117,-10.720888250678765,2.407897800334337,1.0,0.0,inventory_demand_spike
inventory,dqn,23,211,29.088252144796478,17.768568320408338,2.161306992296713,0.0,2,high_restock,8.455491851875837e-17,8.196206632474654e-05,0.9999180379336752,-10.439491775346116,0.8661203589314392,1.0,0.0,inventory_demand_spike
inventory,dqn,23,212,28.284262215274623,17.45140814827419,2.1049678886935688,0.0,2,high_restock,1.971311675152739e-16,0.00010282720287152918,0.9998971727971284,-9.71608005070409,2.074732709177636,1.0,0.0,inventory_demand_spike
inventory,dqn,23,213,26.21737157344026,17.288993494861547,2.1830727514484716,0.0,2,high_restock,1.2899654470006017e-15,0.0001948787222359164,0.9998051212777628,-9.726601078724372,0.4372833135618903,1.0,0.0,inventory_demand_spike
inventory,dqn,23,214,26.24743165349821,17.712381505692967,2.077926756799178,0.0,2,high_restock,9.32912959221149e-16,0.00018752454561529822,0.9998124754543838,-9.404885728360334,1.7940226471906775,1.0,0.0,inventory_demand_spike
inventory,dqn,23,215,25.328244938172382,16.820832258452064,0.8214423833405426,0.0,2,high_restock,2.89171422020817e-15,0.00020417472067292547,0.9997958252793241,-9.930549056900887,1.7076003464876832,1.0,0.0,inventory_demand_spike
inventory,dqn,23,216,26.83014016257397,17.548377603555497,1.183226088146177,0.0,2,high_restock,5.472931022992142e-16,0.00013634203436730405,0.9998636579656323,-9.235097110721306,2.0070323345861416,1.0,0.0,inventory_demand_spike
inventory,dqn,23,217,24.84313460206087,17.31177447735725,1.3381669001924135,0.0,2,high_restock,3.2355340838626448e-15,0.0002482478453516076,0.9997517521546451,-8.324205083446838,2.607606769957652,1.0,0.0,inventory_demand_spike
inventory,dqn,23,218,22.240585952705253,17.204642875853,1.4601358078097149,0.0,2,high_restock,3.5107654054362034e-14,0.0005063267149142393,0.9994936732850507,-8.244605421457322,0.2345976953158928,1.0,0.0,inventory_demand_spike
inventory,dqn,23,219,22.01315834702092,17.15314533870454,1.4344304292312384,0.0,2,high_restock,4.388429717999035e-14,0.0005363405429170048,0.9994636594570392,-8.476749881182476,0.7444482233512149,1.0,0.0,inventory_demand_spike
inventory,dqn,23,220,22.676428231949934,17.469636658755512,1.5532136828043954,0.0,2,high_restock,2.0950257287255437e-14,0.00044769401861787216,0.9995523059813612,-9.29156899801023,2.3455878928822114,1.0,0.0,inventory_demand_spike
inventory,dqn,23,221,25.00448285145781,17.634868537776764,1.7869714163208847,0.0,2,high_restock,2.6436240141395675e-15,0.00025755026079078637,0.9997424497392066,-8.490014793213934,2.2916963062552997,1.0,0.0,inventory_demand_spike
inventory,dqn,23,222,22.714327980611245,17.574238675710074,1.8451663256147097,0.0,2,high_restock,2.085455419885811e-14,0.0004562589319289444,0.9995437410680503,-9.4214342641171,2.8621583755874336,1.0,0.0,inventory_demand_spike
inventory,dqn,23,223,25.375526468906003,18.62698810324015,1.8040346385828707,0.0,2,high_restock,1.0401754441635944e-15,0.00021095202974292203,0.9997890479702559,-10.761424827522024,3.926389299292948,1.0,0.0,inventory_demand_spike
inventory,dqn,23,224,29.20407093577721,19.438182517751258,2.121436303131141,0.0,2,high_restock,2.441710254531637e-17,7.293372017713936e-05,0.999927066279823,-12.261510634560182,4.35228014421541,1.0,0.0,inventory_demand_spike
inventory,dqn,23,225,33.49003038445767,20.162720430501544,2.3403857744387326,0.0,2,high_restock,5.793243635487637e-19,2.32954616702899e-05,0.9999767045383297,-11.540568541394475,2.302015695901325,1.0,0.0,inventory_demand_spike
inventory,dqn,23,226,31.43019583255564,19.285142596219565,2.8753764544917426,0.0,2,high_restock,5.07237939969661e-18,4.404350155477459e-05,0.9999559564984452,-11.695819868408215,0.8744901199468669,1.0,0.0,inventory_demand_spike
inventory,dqn,23,227,31.873771052594904,19.831888614396732,2.356683109962225,0.0,2,high_restock,2.3576358478526755e-18,3.5645778842292134e-05,0.9999643542211577,-13.128500486638739,4.106685441940143,1.0,0.0,inventory_demand_spike
inventory,dqn,23,228,35.96714424753925,20.11832355572665,2.5213531750606712,0.0,2,high_restock,8.804037343554886e-20,1.1351964441506754e-05,0.9999886480355585,-14.89155840199237,5.047159225120761,1.0,0.0,inventory_demand_spike
inventory,dqn,23,229,41.00445257712106,20.360076328268768,2.723582335706623,0.0,2,high_restock,4.00525395623839e-22,8.363698920321534e-07,0.9999991636301081,-14.600442311120233,1.3196621220869098,1.0,0.0,inventory_demand_spike
inventory,dqn,23,230,40.17269231748638,19.336532386605743,2.768757400159239,0.0,2,high_restock,1.1833418237237307e-21,8.595876895854333e-07,0.9999991404123104,-15.453802077209275,2.662686394374717,1.0,0.0,inventory_demand_spike
inventory,dqn,23,231,42.61086307774079,20.23613344903703,2.1891539951475267,0.0,2,high_restock,4.856963075496937e-23,1.9875392824131064e-07,0.9999998012460718,-17.360311994607798,5.539120234772648,1.0,0.0,inventory_demand_spike
inventory,dqn,23,232,48.058034270308,21.23685264354262,2.2826423253379002,0.0,2,high_restock,6.98521849040955e-26,7.986055683881457e-09,0.9999999920139443,-19.473169279287315,6.05495090351429,1.0,0.0,inventory_demand_spike
inventory,dqn,23,233,54.09476936939234,21.625525024370617,2.545689028098458,0.0,2,high_restock,3.9400951758054383e-29,1.3063205635315896e-10,0.999999999869368,-21.047941816659396,4.500926251791071,1.0,0.0,inventory_demand_spike
inventory,dqn,23,234,58.59411947616971,21.517933379809733,2.4946030346641503,0.0,2,high_restock,1.2692154976396728e-31,3.924573520723505e-12,0.9999999999960754,-21.77447818925053,2.3392103526549204,1.0,0.0,inventory_demand_spike
inventory,dqn,23,235,60.669937683572954,22.09944907321732,1.5864602363654292,0.0,2,high_restock,1.8362010964799116e-33,3.0350000273763186e-13,0.9999999999996965,-23.082949014716466,3.7528357460293336,1.0,0.0,inventory_demand_spike
inventory,dqn,23,236,64.40842575633276,22.359512535718395,1.3868354333469726,0.0,2,high_restock,2.21149974211909e-37,7.169532797942328e-16,0.9999999999999993,-23.41976386482141,1.3748019083946719,1.0,0.0,inventory_demand_spike
inventory,dqn,23,237,65.37075389948974,21.46254392583635,1.786150027495423,0.0,2,high_restock,1.1645151647769465e-39,5.733733441193023e-18,1.0,-24.451001504670195,3.059753016938036,1.0,0.0,inventory_demand_spike
inventory,dqn,23,238,68.31714715620056,20.844475557361648,1.2394812124332875,0.0,2,high_restock,6.786881096745668e-41,1.7900068345073653e-20,1.0,-25.74106810624064,3.6943257627924715,1.0,0.0,inventory_demand_spike
inventory,dqn,23,239,72.00305173211612,20.681786451189282,1.050582949842642,0.0,2,high_restock,1.434767186555125e-40,1.2350716614851613e-21,1.0,-28.058002244263292,6.725854104058913,1.0,0.0,inventory_demand_spike
inventory,dqn,23,240,78.62286355503798,21.590585174293004,1.8182350449190003,0.0,2,high_restock,4.897531861360374e-42,3.250230567564262e-23,1.0,-29.61550804472268,4.452417709149521,1.0,0.0,inventory_demand_spike
inventory,dqn,23,241,83.0728801277791,21.732890874289264,1.851776762618241,0.0,2,high_restock,3.8893113413062346e-42,2.2006331462651375e-24,1.0,-30.556085142884502,2.744893366377474,1.0,0.0,inventory_demand_spike
inventory,dqn,23,242,85.7602432653843,22.07789787317891,1.4119027691372223,0.0,2,high_restock,1.3288561500810684e-42,3.453440488585136e-25,1.0,-30.879873229939655,1.1159200730353147,1.0,0.0,inventory_demand_spike
inventory,dqn,23,243,86.68535208554188,21.67364098586826,1.8873264216112098,0.0,2,high_restock,6.565657889218056e-42,2.477344299176589e-25,1.0,-31.238512142763177,1.1873090963142765,1.0,0.0,inventory_demand_spike
inventory,dqn,23,244,87.71003469360909,21.141396592298594,2.1638121326865996,0.0,2,high_restock,3.2012135120589554e-42,8.523671570076426e-26,1.0,-32.42343226176715,3.538710630189206,1.0,0.0,inventory_demand_spike
inventory,dqn,23,245,91.09552074790614,20.49453143857363,1.3622370748968256,0.0,2,high_restock,4.5471107284647096e-45,1.061604711033226e-27,1.0,-32.80345590156414,1.3230871418336723,1.0,0.0,inventory_demand_spike
inventory,dqn,23,246,92.18130257589755,19.821684489623692,1.01739741624663,0.0,2,high_restock,2.5537440007650803e-46,1.450603637898813e-28,1.0,-32.24664859954759,1.890636194355435,1.0,0.0,inventory_demand_spike
inventory,dqn,23,247,90.59042457013598,18.96603626095034,1.5755000044497809,0.0,2,high_restock,1.3085865600687434e-45,3.652051622265643e-28,1.0,-33.33626814262371,3.151273909006695,1.0,0.0,inventory_demand_spike
inventory,dqn,23,248,93.70362326463918,19.403654235819463,1.7923216966334088,0.0,2,high_restock,4.451441099537482e-47,4.313306405146071e-29,1.0,-33.57639987427584,0.6896954972398013,1.0,0.0,inventory_demand_spike
inventory,dqn,23,249,94.38971392650242,19.33593584657867,1.811653079810541,0.0,2,high_restock,1.6116148285168083e-47,2.196710699695826e-29,1.0,-34.7672653734311,3.402476731461584,1.0,0.0,inventory_demand_spike
inventory,dqn,23,250,97.79218678123173,19.33933320666512,1.8155052106647918,0.0,2,high_restock,1.5218569631022228e-49,1.0464649607859977e-30,1.0,-34.62218283711172,0.529490392678453,1.0,0.0,inventory_demand_spike
inventory,dqn,23,251,97.37766524889064,19.039272534598616,1.9515036233149705,0.0,2,high_restock,2.0611745743248184e-49,1.2132909744792068e-30,1.0,-34.61243417155141,0.47242493069517844,1.0,0.0,inventory_demand_spike
inventory,dqn,23,252,97.34981191871833,19.35187746971647,1.5983922220821314,0.0,2,high_restock,2.1830218442642606e-49,1.3283574389587588e-30,1.0,-33.972501256453526,2.0823365859855505,1.0,0.0,inventory_demand_spike
inventory,dqn,23,253,95.52143216129579,18.363561779331324,1.7263969724626844,0.0,2,high_restock,7.57983611109233e-49,2.5415583059612797e-30,1.0,-33.78200863809809,0.5977887317390073,1.0,0.0,inventory_demand_spike
inventory,dqn,23,254,94.97716753742313,18.11749072218414,1.7504057589656723,0.0,2,high_restock,1.1565985227375975e-48,3.215184750080579e-30,1.0,-34.43295150904578,1.9665962276813453,1.0,0.0,inventory_demand_spike
inventory,dqn,23,255,96.83700431155938,17.80896350606553,1.1906568391676544,0.0,2,high_restock,2.916594764065921e-50,2.7686282865764398e-31,1.0,-35.259672886906976,2.4529457921061364,1.0,0.0,inventory_demand_spike
inventory,dqn,23,256,99.1990653911628,18.364280028454438,1.550148251020302,0.0,2,high_restock,3.922924028163468e-51,8.177558466683966e-32,1.0,-35.21934274561791,0.11664564063310649,1.0,0.0,inventory_demand_spike
inventory,dqn,23,257,99.08383641605117,18.34680489946657,1.5549553957328694,0.0,2,high_restock,4.50782309104059e-51,8.928275114408494e-32,1.0,-34.591055648982966,1.7951423115422944,1.0,0.0,inventory_demand_spike
inventory,dqn,23,258,97.28873042566562,18.35345965287397,1.5456755127374302,0.0,2,high_restock,5.293211020145685e-50,4.464946658091396e-31,1.0,-33.018197989720264,4.66369755743467,1.0,0.0,inventory_demand_spike
inventory,dqn,23,259,92.79485139920075,17.563536772355526,2.5106356391440765,0.0,2,high_restock,2.63650636187528e-47,2.253406976575274e-29,1.0,-33.731188498214024,2.037694921732664,1.0,0.0,inventory_demand_spike
inventory,dqn,23,260,94.83196713775436,17.598992565239,2.54384630826221,0.0,2,high_restock,1.7617731823410868e-48,3.872576227088569e-30,1.0,-33.3175894923994,1.4369629313009922,1.0,0.0,inventory_demand_spike
inventory,dqn,23,261,93.65025569256973,16.890238060281384,2.1363078708663368,0.0,2,high_restock,1.958753576640071e-48,3.696478725468084e-30,1.0,-33.026436883319526,0.845487122550988,1.0,0.0,inventory_demand_spike
inventory,dqn,23,262,92.81839109519865,16.746910935829497,2.0882755751003237,0.0,2,high_restock,4.7105787723104067e-48,6.403922543083975e-30,1.0,-31.985418113119376,2.985758294857092,1.0,0.0,inventory_demand_spike
inventory,dqn,23,263,89.84405175176965,16.511064265220813,2.1997852760285834,0.0,2,high_restock,2.283021924982117e-46,7.760968251771246e-29,1.0,-31.050143664289973,2.7288937642349356,1.0,0.0,inventory_demand_spike
inventory,dqn,23,264,87.1718390408285,16.875397528325557,1.783370005703036,0.0,2,high_restock,9.103649491406979e-45,9.16362177251013e-28,1.0,-31.287232585643363,0.8617336427588924,1.0,0.0,inventory_demand_spike
inventory,dqn,23,265,87.84923595898104,16.60345376424534,1.3253690498985347,0.0,2,high_restock,1.3892896365075488e-45,2.571343441657571e-28,1.0,-33.33396842203908,6.301077137138318,1.0,0.0,inventory_demand_spike
inventory,dqn,23,266,93.69705263439738,18.00935938836553,3.2042098081739745,0.0,2,high_restock,3.379663763150872e-47,2.8455323491635813e-29,1.0,-34.89364514203679,4.597095745452148,1.0,0.0,inventory_demand_spike
inventory,dqn,23,267,98.15327183439084,19.06697614783844,3.600248347392013,0.0,2,high_restock,5.520367637413638e-49,2.304811925286595e-30,1.0,-36.52292818901878,4.919165743154547,1.0,0.0,inventory_demand_spike
inventory,dqn,23,268,102.80836625433938,20.592862900513943,3.1530826420896036,0.0,2,high_restock,4.814394336416284e-51,1.3433230440396195e-31,1.0,-38.1833712537186,5.160162121362685,1.0,0.0,inventory_demand_spike
inventory,dqn,23,269,107.55248929633886,22.076130051102073,1.7672658284010296,0.0,2,high_restock,1.1126817720054514e-53,3.277830753948037e-33,1.0,-38.86197816320821,2.0127433026592554,1.0,0.0,inventory_demand_spike
inventory,dqn,23,270,109.49136618059488,22.328426044322768,1.2895224224788286,0.0,2,high_restock,6.234175453816181e-55,5.214530574901298e-34,1.0,-39.35265782292302,1.6685874010674102,1.0,0.0,inventory_demand_spike
inventory,dqn,23,271,110.89330806549435,21.439251086219393,1.457185060676109,0.0,2,high_restock,3.104002642868824e-56,6.3427611882612e-35,1.0,-41.136822170732145,5.100371912914286,1.0,0.0,inventory_demand_spike
inventory,dqn,23,272,115.99092048780614,21.567529730683056,1.5652860843164695,0.0,2,high_restock,3.8846663098927685e-59,8.239317260461323e-37,1.0,-41.46454155374356,1.2092133702580943,1.0,0.0,inventory_demand_spike
inventory,dqn,23,273,116.92726158212446,20.823779065557012,1.7450005189795577,0.0,2,high_restock,4.585519626845816e-60,1.8038721523701514e-37,1.0,-43.284676317714116,5.202279994855482,1.0,0.0,inventory_demand_spike
inventory,dqn,23,274,122.12764662204034,20.915031465140288,1.8517037572757382,0.0,2,high_restock,4.478930526320632e-63,1.993064905106551e-39,1.0,-44.89345432635662,4.627204931690557,1.0,0.0,inventory_demand_spike
inventory,dqn,23,275,126.72415521816177,21.44655780751337,1.8764818323977512,0.0,2,high_restock,1.7600987436105881e-65,5.861201023543731e-41,1.0,-46.54648819939512,4.777261157184849,1.0,0.0,inventory_demand_spike
inventory,dqn,23,276,131.44710914112892,22.110760215126906,1.603048902419089,0.0,2,high_restock,4.866812258001235e-68,1.402781032821779e-42,1.0,-46.958103586851074,1.437854924184717,1.0,0.0,inventory_demand_spike
inventory,dqn,23,277,132.6231531052888,21.32644652349652,1.86610671067896,0.0,2,high_restock,4.103160978609856e-69,2.462942449011982e-43,1.0,-47.13085782713349,0.5151796052222345,1.0,0.0,inventory_demand_spike
inventory,dqn,23,278,133.11673664895284,21.23789501336567,1.9841911766959903,0.0,2,high_restock,2.0960733320810203e-69,1.567645051503041e-43,1.0,-48.32719110308049,3.444922550134618,1.0,0.0,inventory_demand_spike
inventory,dqn,23,279,136.5348317230871,20.881437020209354,1.745328999447264,0.0,2,high_restock,7.506287130039937e-72,3.8479108190296785e-45,1.0,-48.47320735452383,0.9344257035735684,1.0,0.0,inventory_demand_spike
inventory,dqn,23,280,136.95202101292523,20.045573158952685,1.7244460545300713,0.0,2,high_restock,1.1064195122099934e-72,9.84372503209999e-46,1.0,-49.857811718975675,3.965409020363648,1.0,0.0,inventory_demand_spike
inventory,dqn,23,281,140.90803348278766,19.892184868331746,1.4988223204621889,0.0,2,high_restock,2.6107278308802293e-75,1.8970928072183355e-47,1.0,-50.15032215208121,0.839381079639582,1.0,0.0,inventory_demand_spike
inventory,dqn,23,282,141.74377757737489,19.824124894417224,1.537035474875831,0.0,2,high_restock,7.669401276656677e-76,8.477077141796332e-48,1.0,-51.14287770342549,2.877024099684467,1.0,0.0,inventory_demand_spike
inventory,dqn,23,283,144.5796505812157,20.292582786452577,1.4119787691704826,0.0,2,high_restock,2.594225465987683e-77,1.0062818466446169e-48,1.0,-52.32356477502908,3.3734108084056524,1.0,0.0,inventory_demand_spike
inventory,dqn,23,284,147.9530422143688,20.283642098256337,1.404947714101663,0.0,2,high_restock,2.2954275532493024e-79,4.633193396976467e-50,1.0,-52.928275780348635,1.7694723949849689,1.0,0.0,inventory_demand_spike
inventory,dqn,23,285,149.68078794385326,20.545753386185602,1.1270539869286904,0.0,2,high_restock,2.186646218527819e-80,1.0425495468162716e-50,1.0,-53.15603817170977,0.9291228227349511,1.0,0.0,inventory_demand_spike
inventory,dqn,23,286,150.3315376334565,19.884700830133767,1.0741051498725558,0.0,2,high_restock,2.855504370135272e-81,2.5145003547116072e-51,1.0,-52.291196660075805,2.7454817056019523,1.0,0.0,inventory_demand_spike
inventory,dqn,23,287,147.86056188593088,19.223356861711196,2.0713878612269254,0.0,2,high_restock,1.0838200435812426e-79,2.446742576733228e-50,1.0,-51.704343905176245,1.9059650827281929,1.0,0.0,inventory_demand_spike
inventory,dqn,23,288,146.183839729075,18.32083782957186,2.1536381008250682,0.0,2,high_restock,2.931241225604712e-79,4.095272513620665e-50,1.0,-52.760931007793715,3.021245407367344,1.0,0.0,inventory_demand_spike
inventory,dqn,23,289,149.20266002226776,18.24992356157979,2.0555615208429256,0.0,2,high_restock,3.3282503042239003e-81,2.205132276854267e-51,1.0,-51.73092789274696,3.092259452556389,1.0,0.0,inventory_demand_spike
inventory,dqn,23,290,146.25979397927705,17.315801207084753,2.2259240806063785,0.0,2,high_restock,5.650651331524123e-80,1.2132230895706578e-50,1.0,-50.66985647910276,3.12013413961154,1.0,0.0,inventory_demand_spike
inventory,dqn,23,291,143.22816136886505,16.579324747081703,2.271125723467226,0.0,2,high_restock,1.2819287364495581e-78,8.286827843437368e-50,1.0,-50.145887989081785,1.5107621222542553,1.0,0.0,inventory_demand_spike
inventory,dqn,23,292,141.7311085402337,16.774109330860554,2.213732481294096,0.0,2,high_restock,1.3413560324562807e-77,3.919786674258286e-49,1.0,-49.74997115650405,1.1364986874171126,1.0,0.0,inventory_demand_spike
inventory,dqn,23,293,140.5999175900116,16.883215572187307,2.2022377546780336,0.0,2,high_restock,7.734533925549663e-77,1.2434267606866216e-48,1.0,-50.049131372655665,1.2362187879366062,1.0,0.0,inventory_demand_spike
inventory,dqn,23,294,141.4546610647305,16.45040020849254,1.4210070941028898,0.0,2,high_restock,4.379801766057084e-78,1.793514102232572e-49,1.0,-48.99937189761214,2.9993549589935773,1.0,0.0,inventory_demand_spike
inventory,dqn,23,295,138.45534827889185,16.439110859922955,1.4322112608765887,0.0,2,high_restock,2.9490675634567974e-76,2.761863830651607e-48,1.0,-49.885086696091705,2.8089925564351157,1.0,0.0,inventory_demand_spike
inventory,dqn,23,296,140.98596198883345,17.551560123993678,1.9311000942172272,0.0,2,high_restock,9.491020165602867e-77,1.5628464094754596e-48,1.0,-48.22927350785821,4.821492999210855,1.0,0.0,inventory_demand_spike
inventory,dqn,23,297,136.25506716530919,16.904791725015095,2.59977007879352,0.0,2,high_restock,5.873479818116459e-74,9.32358054904224e-47,1.0,-48.839759381481805,1.8516769056889886,1.0,0.0,inventory_demand_spike
inventory,dqn,23,298,137.99931251851945,17.479878985701568,2.8355457210097814,0.0,2,high_restock,1.723422291383223e-74,4.58154592826505e-47,1.0,-48.96815250976385,0.3817905870774356,1.0,0.0,inventory_demand_spike
inventory,dqn,23,299,138.3661500278967,17.382297792633242,2.794653119549591,0.0,2,high_restock,8.352767424641873e-75,2.8196813509230393e-47,1.0,-50.17664837128261,3.687214634253047,1.0,0.0,inventory_demand_spike
inventory,dqn,23,300,141.81899534652175,18.67272941352598,2.8851914898637414,0.0,2,high_restock,5.948923219157096e-76,6.086090067125831e-48,1.0,-49.45473772466073,141.9472085571157,1.0,1.0,inventory_demand_spike|inventory_sensor_noise
inventory,dqn,23,301,1.0,0.9113617082425536,1.0,-0.020905450080012617,0,low_restock,0.4068190525672152,0.38261895958198733,0.2105619878507975,-51.620965861599494,0.09309030552841603,1.0,0.0,inventory_sensor_noise
inventory,dqn,23,302,0.9296581014591997,0.9540925397804905,0.9584800905812952,-0.007944144166308863,0,low_restock,0.438027822556675,0.36996120649631986,0.19201097094700526,-55.044350536065494,0.13317437189736378,1.0,0.0,inventory_sensor_noise
inventory,dqn,23,303,1.0,1.0,1.0,0.08669217474979128,0,low_restock,0.6313636112692942,0.2677382792428841,0.10089810948782166,-57.8560994970339,0.16901634683066571,1.0,0.0,inventory_sensor_noise
inventory,dqn,23,304,1.0,1.0,0.979197156470886,-0.08103906025754741,1,balanced_restock,0.2857258762414665,0.42447354332549964,0.28980058043303397,-57.360817457943725,0.16568741466064765,1.0,0.0,inventory_sensor_noise
inventory,dqn,23,305,0.8701773178573369,0.9896728072611124,0.9825760975627227,0.021334385642481885,0,low_restock,0.505180511016085,0.33807451773829217,0.15674497124562276,-61.024149048313305,0.20183779078103467,1.0,0.0,inventory_sensor_noise
inventory,dqn,23,306,1.0,0.8955985078957582,0.9390595117342805,-0.09329937005542469,1,balanced_restock,0.26407339879471703,0.42848630083837397,0.30744030036690895,-63.222874245209475,0.11039041367804393,1.0,0.0,inventory_sensor_noise
inventory,dqn,23,307,1.0,0.9861131274320454,1.0,-0.07658398875117217,1,balanced_restock,0.2944249146338104,0.42219493008635456,0.283380155279835,-62.956391125232855,0.15612463998979975,1.0,0.0,inventory_sensor_noise
inventory,dqn,23,308,0.8942486824764078,0.9485658620389946,0.9866666647759829,0.03113781538929302,0,low_restock,0.5253559129240462,0.32734772455802863,0.14729636251792527,-66.71271697308467,0.11290514665047074,1.0,0.0,inventory_sensor_noise
inventory,dqn,23,309,0.8744108073805539,1.0,0.9266058246860736,-0.04697272033891853,1,balanced_restock,0.35915718472432084,0.40326326064665297,0.2375795546290262,-66.70602585868147,0.16735984217485833,1.0,0.0,inventory_sensor_noise
inventory,dqn,23,310,0.9682613715610685,0.9604456537802831,1.0,0.06370761712402923,0,low_restock,0.588221721130403,0.29277919138168373,0.11899908748791316,-68.48857800945136,0.05159551414910891,1.0,0.0,inventory_sensor_noise
inventory,dqn,23,311,1.0,0.9516729803705555,1.0,0.02398612739400269,0,low_restock,0.5020286697706284,0.3387863153612483,0.15918501486812314,-72.46562244555773,0.16748295257828943,1.0,0.0,inventory_sensor_noise
inventory,dqn,23,312,1.0,1.0,0.866943315974319,-0.0655178245531985,1,balanced_restock,0.3129345691835141,0.41756434141398385,0.269501089402502,-74.29734635501254,0.1799387070922467,1.0,0.0,inventory_sensor_noise
inventory,dqn,23,313,0.9626336589870073,1.0,0.9836656078384787,0.06623042572477675,0,low_restock,0.5926561563334806,0.2904928054179164,0.11685103824860309,-78.4906828983652,0.1108412692884756,1.0,0.0,inventory_sensor_noise
inventory,dqn,23,314,1.0,0.9005554044369448,0.9979864859952442,0.03803063141877937,0,low_restock,0.5332639440796885,0.32245906325135615,0.14427699266895544,-81.88302427762073,0.09291959260529356,1.0,0.0,inventory_sensor_noise
inventory,dqn,23,315,1.0,0.877441509713559,1.0,-0.05194572281944601,1,balanced_restock,0.34382934936491083,0.40657445339809717,0.24959619723699203,-82.92286923442578,0.2523318290204416,1.0,0.0,inventory_sensor_noise
inventory,dqn,23,316,0.8280206990757697,0.949473589371036,0.8388511638278491,-0.10613893356576157,1,balanced_restock,0.24351804868881805,0.43229509728908067,0.32418685402210135,-82.99298004159094,0.2761239438193654,1.0,0.0,inventory_sensor_noise
inventory,dqn,23,317,1.0,1.0,1.0,0.028566993673123042,0,low_restock,0.5107554763232083,0.334600203397437,0.15464432027935465,-85.68689268363457,0.2424592085410618,1.0,0.0,inventory_sensor_noise
inventory,dqn,23,318,1.0,1.0,0.917033261760497,-0.19925527949667898,2,high_restock,0.10389126968960517,0.4132621648021666,0.48284656550822824,-85.74149679882046,0.2754988460412551,1.0,0.0,inventory_sensor_noise
inventory,dqn,23,319,1.0,0.8164557118866841,0.7685511605121964,-0.0572546665405067,1,balanced_restock,0.33097879293972904,0.41141980563899194,0.2576014014212791,-86.22216469414954,0.2600592286574734,1.0,0.0,inventory_sensor_noise
inventory,dqn,23,320,0.9995433064740509,0.926256693633448,1.0,-0.012468809976864472,0,low_restock,0.4243762601235221,0.3752099945240918,0.200413745352386,-89.27104922301216,0.09314857935598429,1.0,0.0,inventory_sensor_noise
inventory,dqn,23,321,1.0,1.0,0.9482661757942753,0.011237422668612567,0,low_restock,0.47252514755030245,0.35383343821519,0.17364141423450763,-90.42647335056078,0.09816257644306248,1.0,0.0,inventory_sensor_noise
inventory,dqn,23,322,1.0,0.9205075179773895,1.0,0.03654449971982897,0,low_restock,0.5296697581164935,0.3244309566874771,0.14589928519602932,-92.9148601108812,0.18160392944258963,1.0,0.0,inventory_sensor_noise
inventory,dqn,23,323,0.9520198754663265,0.9911687253259591,0.8590141399637852,-0.0396649215128083,1,balanced_restock,0.3673508713752233,0.4000659200956904,0.23258320852908615,-93.30969357102443,0.14908079822472067,1.0,0.0,inventory_sensor_noise
inventory,dqn,23,324,0.9983889640424942,1.0,1.0,-0.05061881951378847,1,balanced_restock,0.3440442950872445,0.4073659459946552,0.24858975891810034,-91.52135799618134,0.13982153552395202,1.0,0.0,inventory_sensor_noise
inventory,dqn,23,325,0.907025484324297,1.0,1.0,-0.1564619882591465,1,balanced_restock,0.16293741171050324,0.4332113204332427,0.4038512678562542,-91.69485984552384,0.11236531332055551,1.0,0.0,inventory_sensor_noise
inventory,dqn,23,326,0.9685353554987951,0.9237065495246792,0.9472448588419021,-0.14101194354457686,1,balanced_restock,0.18219067748548368,0.4344264239816109,0.38338289853290536,-89.94851276418203,0.224076334180102,1.0,0.0,inventory_sensor_noise
inventory,dqn,23,327,0.9622242031267167,0.9546208404467799,0.976960955332037,0.07883262227751,0,low_restock,0.6190391719530374,0.2750860082404077,0.10587481980655501,-90.14469575582686,0.18555410822381593,1.0,0.0,inventory_sensor_noise
inventory,dqn,23,328,1.0,0.8988456087542538,0.8575669926924191,-0.04621745354885088,1,balanced_restock,0.3524896203479328,0.404604901080664,0.2429054785714032,-88.09652694871495,0.19212708083390806,1.0,0.0,inventory_sensor_noise
inventory,dqn,23,329,1.0,1.0,0.9492539532677556,0.08896429663185294,0,low_restock,0.6343903039078646,0.266087478806433,0.09952221728570237,-89.43295228338606,0.12252156010039977,1.0,0.0,inventory_sensor_noise
inventory,dqn,23,330,1.0,0.9480355750071361,1.0,-0.009707228975313818,0,low_restock,0.4297284379320634,0.37298868806940605,0.1972828739985305,-89.48164247882201,0.1458187461160384,1.0,0.0,inventory_sensor_noise
inventory,dqn,23,331,0.9075428329950029,0.962028396209797,1.0,0.10218101858918292,0,low_restock,0.6511474924873988,0.2555344287838468,0.09331807872875429,-91.8822539413731,0.11575931582908439,1.0,0.0,inventory_sensor_noise
inventory,dqn,23,332,0.9140509560579071,1.0,0.9985966386478319,-0.0069704881247918595,0,low_restock,0.44100065419159673,0.36872293353654534,0.19027641227185793,-91.59800806186215,0.1328898858270792,1.0,0.0,inventory_sensor_noise
inventory,dqn,23,333,0.8993768062266294,1.0,1.0,0.12509927245187685,0,low_restock,0.6569016146733313,0.25136492014028894,0.09173346518637965,-93.65448327549973,0.11135621113373019,1.0,0.0,inventory_sensor_noise
inventory,dqn,23,334,1.0,1.0,1.0,0.07740043983611349,0,low_restock,0.612897691799096,0.2786210702540925,0.10848123794681155,-95.6695393015792,0.16935431088190758,1.0,0.0,inventory_sensor_noise
inventory,dqn,23,335,0.9707860467398751,1.0,0.9715060237352161,-0.08696354912078355,1,balanced_restock,0.27626516293372266,0.42673214418810146,0.2970026928781759,-95.35491579943705,0.12428852527171899,1.0,0.0,inventory_sensor_noise
inventory,dqn,23,336,0.9627680358972501,0.9076460230395789,0.9081914141465691,-0.033621706552519254,1,balanced_restock,0.381570158273665,0.393679491749624,0.22475034997671092,-95.00883309057559,0.1763495358715846,1.0,0.0,inventory_sensor_noise
inventory,dqn,23,337,0.9493531691512174,1.0,1.0,0.08453550505767703,0,low_restock,0.630680967933783,0.2683102385771143,0.10100879348910266,-97.37175521947773,0.2206536587086919,1.0,0.0,inventory_sensor_noise
inventory,dqn,23,338,1.0,0.9289724453912325,0.9915096239503375,-0.11796371871204647,1,balanced_restock,0.21996645850697796,0.43415721455424544,0.3458763269387766,-97.70921184445488,0.19615529756394054,1.0,0.0,inventory_sensor_noise
inventory,dqn,23,339,0.9475270963602127,0.9592589893678469,0.9685662835955473,0.06718439370966986,0,low_restock,0.596334567217016,0.28835755398134666,0.11530787880163725,-98.56837033308916,0.0442447305346305,1.0,0.0,inventory_sensor_noise
inventory,dqn,23,340,0.934722082334413,1.0,0.9570169055913365,0.06654430288191289,0,low_restock,0.5948799601396937,0.2894262899876562,0.11569374987265008,-101.62315172855853,0.10057856187954857,1.0,0.0,inventory_sensor_noise
inventory,dqn,23,341,0.8711014841069075,1.0,0.8993635595402494,0.014155770930291044,0,low_restock,0.4879225626344034,0.34720926790739287,0.1648681694582036,-103.60888945971521,0.162532311127914,1.0,0.0,inventory_sensor_noise
inventory,dqn,23,342,0.9977760259321488,1.0,1.0,0.029732017767616678,0,low_restock,0.5134282034008013,0.33324257192501894,0.15332922467417992,-106.4014093333983,0.05046927480039195,1.0,0.0,inventory_sensor_noise
inventory,dqn,23,343,0.9863647128981947,1.0,0.961310592542193,-0.0006004629136987712,0,low_restock,0.44836967539088324,0.36519700167905683,0.18643332293005999,-109.1446019703534,0.05894627709939731,1.0,0.0,inventory_sensor_noise
inventory,dqn,23,344,0.9604914010585641,1.0,0.9208994565267465,-0.03483751016180781,1,balanced_restock,0.37745015766797535,0.39582399494087117,0.22672584739115342,-111.19781784751486,0.1016330425872192,1.0,0.0,inventory_sensor_noise
inventory,dqn,23,345,1.0,0.95182014130341,1.0,-0.04862704218551477,1,balanced_restock,0.34890286409069776,0.40531534073821474,0.2457817951710875,-111.81292704184095,0.09416166137399669,1.0,0.0,inventory_sensor_noise
inventory,dqn,23,346,1.0,0.9876309761882319,1.0,0.03845913684171801,0,low_restock,0.5322096848592218,0.3234091377211546,0.14438117741962364,-115.66669047113827,0.08475214073819666,1.0,0.0,inventory_sensor_noise
inventory,dqn,23,347,0.9878257027119239,1.0,1.0,0.121415264374243,0,low_restock,0.6507293657841188,0.25497902793648525,0.09429160627939595,-117.60305760777253,0.1076923901526314,1.0,0.0,inventory_sensor_noise
inventory,dqn,23,348,1.0,1.0,0.9043120019342277,0.07352743284583825,0,low_restock,0.6034310121445773,0.28446925766409314,0.11209973019132949,-120.25884629890112,0.16391982232380942,1.0,0.0,inventory_sensor_noise
inventory,dqn,23,349,0.9913660113395175,1.0,1.0,-0.0592843490737063,1,balanced_restock,0.3274959655834299,0.41299522568153013,0.25950880873503995,-121.96528488998315,0.033680332386209474,1.0,0.0,inventory_sensor_noise
inventory,dqn,23,350,1.0,1.0,1.0,-0.026729487233173005,0,low_restock,0.3926566732450742,0.38900696415622776,0.21833636259869796,-125.22481719254873,0.12630366435973922,1.0,0.0,inventory_sensor_noise
inventory,dqn,23,351,1.0,1.0,1.0,0.0995741771265662,0,low_restock,0.6436165458064863,0.26004161578271034,0.09634183841080327,-129.230199735556,0.2357599927036206,1.0,0.0,inventory_sensor_noise
inventory,dqn,23,352,0.876684022393795,1.0,0.8756908149150863,-0.05829656218304062,1,balanced_restock,0.33568163594696737,0.4112716176662739,0.25304674638675867,-129.48903156968328,0.17129944407793266,1.0,0.0,inventory_sensor_noise
inventory,dqn,23,353,1.0,0.9020986725887534,0.940240116743617,-0.038665287822983056,1,balanced_restock,0.36909934701220987,0.3980060264689421,0.23289462651884807,-131.13439549365393,0.11476451559268258,1.0,0.0,inventory_sensor_noise
inventory,dqn,23,354,1.0,1.0,1.0,-0.04253575078268849,1,balanced_restock,0.36015080727320886,0.4015841903599395,0.23826500236685164,-132.63070730578545,0.09867127680509286,1.0,0.0,inventory_sensor_noise
inventory,dqn,23,355,0.937477376844052,1.0,0.927845945121818,-0.06745030124387195,1,balanced_restock,0.31449242788193366,0.41730919873156114,0.26819837338650526,-132.1558934754162,0.1807135698250021,1.0,0.0,inventory_sensor_noise
inventory,dqn,23,356,1.0,0.9336972516355371,0.9249205427416437,0.08857438748463667,0,low_restock,0.6322009705859312,0.26719898712346246,0.10060004229060628,-133.43428236335794,0.13397468342134372,1.0,0.0,inventory_sensor_noise
inventory,dqn,23,357,0.9940476356029169,0.8177924153181639,0.9367860698078216,0.15444595450424192,0,low_restock,0.6380719831948984,0.26054893736431817,0.10137907944078337,-135.96605751963608,0.19450006882275217,1.0,0.0,inventory_sensor_noise
inventory,dqn,23,358,1.0,0.9735376412175281,1.0,0.056761412383422666,0,low_restock,0.5711702646586326,0.3022719725746157,0.1265577627667517,-139.42257234414367,0.1281587199738921,1.0,0.0,inventory_sensor_noise
inventory,dqn,23,359,1.0,0.8508513581637597,1.0,0.019710994628731777,0,low_restock,0.4951591135921253,0.3417159895274894,0.16312489688038534,-141.6913054215067,0.06799620279869045,1.0,0.0,inventory_sensor_noise
inventory,dqn,23,360,0.9782040752121006,0.8669565157639312,0.9463206380181877,-0.012031268264453257,0,low_restock,0.42731948188621194,0.3740221711077342,0.19865834700605375,-143.26952357477327,0.16152215507390752,1.0,0.0,inventory_sensor_noise
inventory,dqn,23,361,0.97684063323913,1.0,0.96611863359973,0.07738359783166023,0,low_restock,0.6139457250249345,0.27821097648408816,0.10784329849097739,-144.9072311215524,0.11037426329308632,1.0,0.0,inventory_sensor_noise
inventory,dqn,23,362,1.0,0.9042819665444736,0.9483838843522585,0.030804004990340965,0,low_restock,0.516808317562357,0.33129334796873294,0.15189833446891002,-147.24433220690244,0.10794455662436413,1.0,0.0,inventory_sensor_noise
inventory,dqn,23,363,0.9524494808257433,1.0,0.9535399826624802,0.01657557736423785,0,low_restock,0.48780158310132643,0.34659655826164537,0.16560185863702823,-148.64642227578798,0.12105471803513079,1.0,0.0,inventory_sensor_noise
inventory,dqn,23,364,1.0,0.9057168908698826,1.0,-0.020103503957128448,0,low_restock,0.40863483973845366,0.3818220513158137,0.20954310894573255,-149.97943304990625,0.1814228970422995,1.0,0.0,inventory_sensor_noise
inventory,dqn,23,365,0.9395193675198222,0.9409702655146582,0.8606317127980629,-0.11278597675847288,1,balanced_restock,0.22620224764238642,0.43374185379489727,0.3400558985627163,-149.46522138193984,0.18484380531896732,1.0,0.0,inventory_sensor_noise
inventory,dqn,23,366,1.0,0.9861995370172908,0.9739364120057783,0.01221675759715734,0,low_restock,0.47541069087890114,0.3522334784280827,0.17235583069301633,-151.58066415551795,0.054138074025612215,1.0,0.0,inventory_sensor_noise
inventory,dqn,23,367,1.0,0.9327352041782118,0.9797131916489171,0.018471754817737062,0,low_restock,0.4902207188008162,0.34468843532325133,0.1650908458759325,-153.47645189990357,0.08047812052516672,1.0,0.0,inventory_sensor_noise
inventory,dqn,23,368,1.0,1.0,1.0,-0.020778984452279683,0,low_restock,0.4051166214696043,0.3838802012483309,0.2110031772820648,-155.4788077409078,0.13757423499417573,1.0,0.0,inventory_sensor_noise
inventory,dqn,23,369,0.9695737250595557,0.8850870150883963,0.993035993849867,0.04812254270443598,0,low_restock,0.5572386297430814,0.30970192342427943,0.13305944683263915,-155.90401354799894,0.15780198896753458,1.0,0.0,inventory_sensor_noise
inventory,dqn,23,370,0.9767987233351676,0.9826133754486819,0.9181852085576212,-0.050544757339890486,1,balanced_restock,0.3447826958793876,0.407619354860762,0.2475979492598504,-155.39962392913523,0.1213126701679195,1.0,0.0,inventory_sensor_noise
inventory,dqn,23,371,0.9607517842518839,0.989263348875479,1.0,0.03732661139868534,0,low_restock,0.5327684504728408,0.32329082204091714,0.14394072748624204,-157.34156099759238,0.08783790739349501,1.0,0.0,inventory_sensor_noise
inventory,dqn,23,372,1.0,1.0,0.9592982731970341,0.10368299235594208,0,low_restock,0.6450788149650548,0.2591334647055606,0.09578772032938467,-159.27625996740517,0.15840368983026445,1.0,0.0,inventory_sensor_noise
inventory,dqn,23,373,1.0,0.8907473292314768,0.9479989824521718,-0.010456873205790427,0,low_restock,0.42848930331209617,0.37351837144896793,0.19799232523893598,-161.99327962607106,0.18881629548289178,1.0,0.0,inventory_sensor_noise
inventory,dqn,23,374,0.8732996927757541,1.0,0.9923824967911297,0.06499233602818773,0,low_restock,0.5968147559100417,0.2884070605523776,0.11477818353758062,-164.75383838891062,0.13258466278885428,1.0,0.0,inventory_sensor_noise
inventory,dqn,23,375,0.8995592718816334,1.0,1.0,-0.06474239701150031,1,balanced_restock,0.32341430304626206,0.414711778969016,0.2618739179847219,-163.54911260157013,0.10671313601316952,1.0,0.0,inventory_sensor_noise
inventory,dqn,23,376,1.0,0.996074263850243,1.0,-0.10057453521870302,1,balanced_restock,0.2492469348386474,0.4313259477743061,0.31942711738704643,-163.39941895125983,0.10987244335742426,1.0,0.0,inventory_sensor_noise
inventory,dqn,23,377,1.0,0.9731686331312323,0.9276862316966766,-0.18006041323780764,2,high_restock,0.12651346549686632,0.42383352716022166,0.4496530073429119,-161.08270555816006,0.10926950102815187,1.0,0.0,inventory_sensor_noise
inventory,dqn,23,378,0.9805507088320748,0.9661217686128966,1.0,-0.10079749919700268,1,balanced_restock,0.2509835030658732,0.43102510036085107,0.3179913965732757,-160.25281063260397,0.12291886937956358,1.0,0.0,inventory_sensor_noise
inventory,dqn,23,379,1.0,1.0,1.0,0.015748796156806667,0,low_restock,0.4831795354666302,0.3483877731491229,0.1684326913842468,-162.5200734139913,0.13076706944894162,1.0,0.0,inventory_sensor_noise
inventory,dqn,23,380,1.0,0.8775192179560731,1.0,-0.03006042215318418,1,balanced_restock,0.38840169822728515,0.3899337591453561,0.22166454262735866,-164.55891309922163,0.2733763013943461,1.0,0.0,inventory_sensor_noise
inventory,dqn,23,381,0.936417770844258,0.9953182178169698,0.775636672787045,-0.1105364765628283,1,balanced_restock,0.22532338181863387,0.43395784128009657,0.3407187769012695,-165.96058540261822,0.34927822246036117,1.0,0.0,inventory_sensor_noise
inventory,dqn,23,382,0.9012571709156181,0.8699129954397292,1.0,0.12333023013176511,0,low_restock,0.6555469837254692,0.2517313463320883,0.09272166994244249,-167.5363863972453,0.21757128819141983,1.0,0.0,inventory_sensor_noise
inventory,dqn,23,383,0.996495814210775,0.9695304508901289,1.0,-0.04502424363759853,1,balanced_restock,0.3560224109179783,0.4029079515966731,0.2410696374853487,-167.89441393704084,0.03907831647927672,1.0,0.0,inventory_sensor_noise
inventory,dqn,23,384,1.0,1.0,0.9768802686753554,-0.03781868319260164,1,balanced_restock,0.3693568830197167,0.39830500308632244,0.2323381138939609,-168.49548938768157,0.09084327569605471,1.0,0.0,inventory_sensor_noise
inventory,dqn,23,385,1.0,0.9998900753669805,1.0,-0.12567064207366876,1,balanced_restock,0.205280423717933,0.4351277341713562,0.3595918421107109,-170.59480730209216,0.10555390766606973,1.0,0.0,inventory_sensor_noise
inventory,dqn,23,386,0.9055042055723249,0.9560402789627681,1.0,-0.10865983332249918,1,balanced_restock,0.2411603513245891,0.4325864275054815,0.3262532211699294,-171.52887837127167,0.22841973118175726,1.0,0.0,inventory_sensor_noise
inventory,dqn,23,387,1.0,1.0,0.9356715294876359,0.08414968209750669,0,low_restock,0.6252605287473492,0.27158304224131674,0.10315642901133415,-173.5405668606255,0.18696464349673797,1.0,0.0,inventory_sensor_noise
inventory,dqn,23,388,0.8273225030886262,0.9864813248706563,0.8653790030098805,0.08034624649188192,0,low_restock,0.6290253369911484,0.2701114423301311,0.10086322067872054,-176.79473213000574,0.26084943420185014,1.0,0.0,inventory_sensor_noise
inventory,dqn,23,389,1.0,1.0,0.9473190046747351,-0.09665090301555707,1,balanced_restock,0.25444185446219725,0.430491835382039,0.31506631015576386,-177.22108002915567,0.08032710938389254,1.0,0.0,inventory_sensor_noise
inventory,dqn,23,390,1.0,0.9525239018297272,1.0,-0.13437592569332193,1,balanced_restock,0.192651423363695,0.43495065486344,0.3723979217728649,-176.79659792590667,0.1963848217950452,1.0,0.0,inventory_sensor_noise
inventory,dqn,23,391,1.0,1.0,0.8111421755634787,-0.10896450142976742,1,balanced_restock,0.22586023327326904,0.4337589664391963,0.34038080028753465,-177.81423319871843,0.13988327740300796,1.0,0.0,inventory_sensor_noise
inventory,dqn,23,392,0.9361319938394447,0.9445913201663907,0.8544402950560513,-0.006283635960169715,0,low_restock,0.4394183682425036,0.36986648405088496,0.19071514770661147,-181.735795761417,0.11079312553807871,1.0,0.0,inventory_sensor_noise
inventory,dqn,23,393,0.9017257931347664,0.9861477957682719,0.8454228570512246,-0.10263235243810324,1,balanced_restock,0.24513820915440931,0.4319790940543346,0.3228826967912561,-183.1671147974206,0.30301925411135033,1.0,0.0,inventory_sensor_noise
inventory,dqn,23,394,1.0,0.8546688874907394,0.988990021984937,0.10775922167610119,0,low_restock,0.6467803723272817,0.25728323449425755,0.09593639317846084,-186.06557566357844,0.16411601393657685,1.0,0.0,inventory_sensor_noise
inventory,dqn,23,395,1.0,0.8858715971191499,1.0,-0.052986656424656414,1,balanced_restock,0.34158630300778803,0.407406995740334,0.25100670125187796,-185.41959235795528,0.1524763844338154,1.0,0.0,inventory_sensor_noise
inventory,dqn,23,396,1.0,1.0,0.966036353924869,0.042251078802291626,0,low_restock,0.5393917595590885,0.31981197363738045,0.14079626680353116,-187.4845080377701,0.244826450056027,1.0,0.0,inventory_sensor_noise
inventory,dqn,23,397,0.7706256885664039,0.9988470271425295,1.0,-0.036314545361671585,1,balanced_restock,0.390021870535679,0.3914259137727901,0.2185522156915309,-187.84627824647052,0.23045958185146617,1.0,0.0,inventory_sensor_noise
inventory,dqn,23,398,1.0,1.0,1.0,-0.05862406743423602,1,balanced_restock,0.3281714500182134,0.41271825078882757,0.259110299192959,-188.20205684777915,0.08099000793067423,1.0,0.0,inventory_sensor_noise
inventory,dqn,23,399,1.0,1.0,1.0,0.022365940496438225,0,low_restock,0.4974254193892102,0.34134087407589464,0.16123370653489516,-189.44515442643151,0.2880509316544627,1.0,0.0,inventory_sensor_noise
inventory,dqn,23,400,0.7952419832246116,0.8651900654873746,1.0,-0.12887484550361986,1,balanced_restock,0.2146783541832984,0.4349876494949205,0.35033399632178097,-187.70344627428526,0.26182922581955265,1.0,0.0,inventory_sensor_noise
inventory,dqn,23,401,1.0,1.0,0.9119652762878099,-0.10232551336331776,1,balanced_restock,0.24230444245736585,0.4321488531904528,0.3255467043521813,-188.10536954159429,535.5121463225742,0.0,0.0,none
inventory,dqn,23,402,536.4153415474123,11.051920859328114,2.5303938984736987,0.0,2,high_restock,4.2e-322,2.8451321004942605e-208,1.0,-184.63058314071876,10.491108345642733,0.0,0.0,none
inventory,dqn,23,403,525.9730946877679,10.059602796713294,2.72568779205675,0.0,2,high_restock,2.5360559e-316,1.4103163612591727e-204,1.0,-182.22212155537636,6.8994608071202,0.0,0.0,none
inventory,dqn,23,404,519.091775872504,9.680036975769866,2.400202647613287,0.0,2,high_restock,1.456492919387e-312,3.6404622298067486e-202,1.0,-178.99517897100833,9.223431975571534,0.0,0.0,none
inventory,dqn,23,405,509.87193991716674,9.42287116832965,2.413918045906912,0.0,2,high_restock,4.0878855095825674e-307,1.2159672116429798e-198,1.0,-176.6279532327553,6.8434670430667275,0.0,0.0,none
inventory,dqn,23,406,503.1084378078723,10.368289690554324,1.973163913828155,0.0,2,high_restock,1.4283617559427972e-302,1.2308517569951831e-195,1.0,-173.03145178414653,10.339457527606147,0.0,0.0,none
inventory,dqn,23,407,492.83271938327584,9.28347556717271,1.6027976879215453,0.0,2,high_restock,2.958166037031057e-297,2.931710091451645e-192,1.0,-168.78391660048598,12.148724293099328,0.0,0.0,none
inventory,dqn,23,408,480.6969045728172,8.944761977009856,2.0486383991993926,0.0,2,high_restock,7.383063693018679e-290,1.8203656543387673e-187,1.0,-165.5395361225109,9.287038278422703,0.0,0.0,none
inventory,dqn,23,409,471.42724606431693,8.467094038362593,1.7414829644988792,0.0,2,high_restock,1.0593987885033604e-284,3.750530682410375e-184,1.0,-162.5304934263672,8.598258287867662,0.0,0.0,none
inventory,dqn,23,410,462.829981218192,8.591608260205044,1.7812190819316123,0.0,2,high_restock,2.3532827254481753e-279,1.1406251674032745e-180,1.0,-160.50996707045095,5.784701300362607,0.0,0.0,none
inventory,dqn,23,411,457.05704877271705,8.789722192968949,2.092299431751551,0.0,2,high_restock,1.553696455038224e-275,3.6127272541753097e-178,1.0,-157.53464147380723,8.50855787721313,0.0,0.0,none
inventory,dqn,23,412,448.5561184965921,9.144679822663244,2.0310893715537373,0.0,2,high_restock,3.84924664351106e-270,1.21527719716855e-174,1.0,-155.44553036239762,6.122119375920433,0.0,0.0,none
inventory,dqn,23,413,442.5872296068504,10.378065006806638,1.4553532666632285,0.0,2,high_restock,5.921858653831898e-266,7.494117780221882e-172,1.0,-152.70730401531085,7.832249774029177,0.0,0.0,none
inventory,dqn,23,414,434.76372575803106,10.667295938742813,1.2245513639416223,0.0,2,high_restock,4.156446254025603e-261,1.0922085871982346e-168,1.0,-151.13823032696965,4.563947045575622,0.0,0.0,none
inventory,dqn,23,415,430.28065807705616,11.49013537177282,1.458329185960001,0.0,2,high_restock,1.106049525156076e-257,2.097705623079033e-166,1.0,-148.18024874324243,8.469159280426265,0.0,0.0,none
inventory,dqn,23,416,421.8292821235499,10.954446670166565,1.5764013024722985,0.0,2,high_restock,7.69523105221302e-253,2.7264783179915782e-163,1.0,-147.37182682674927,2.7032384302119494,0.0,0.0,none
inventory,dqn,23,417,419.5195052192837,12.192677344538316,2.239133118622809,0.0,2,high_restock,3.1672542500925376e-250,1.6884604873636786e-161,1.0,-146.9104200515373,1.728359646307478,0.0,0.0,none
inventory,dqn,23,418,418.2012001472495,13.12279410807981,2.858956972804052,0.0,2,high_restock,1.8844431373391903e-248,2.8349742317179882e-160,1.0,-144.02708586552373,8.238994386354335,0.0,0.0,none
inventory,dqn,23,419,409.963102472925,13.039875342978789,2.94783714529482,0.0,2,high_restock,1.9291584036947854e-243,5.0635637689811044e-157,1.0,-143.62160567885252,1.3895079666066308,0.0,0.0,none
inventory,dqn,23,420,408.80458765386436,13.704785915361636,3.330550790222282,0.0,2,high_restock,4.505854993841555e-242,4.4064071990452853e-156,1.0,-143.11277109605467,2.113974942330889,0.0,0.0,none
inventory,dqn,23,421,407.35077456015625,15.104298487321264,2.700723745476903,0.0,2,high_restock,1.4972430399125981e-240,5.1511232861204444e-155,1.0,-142.46482723258248,1.8537202957805674,0.0,0.0,none
inventory,dqn,23,422,405.49950637880715,15.196000231904694,2.7267207790298125,0.0,2,high_restock,2.4034837727645384e-239,3.174763772876457e-154,1.0,-140.24678784643365,6.418950005502268,0.0,0.0,none
inventory,dqn,23,423,399.1622509898105,14.1922101685122,2.9125131803947015,0.0,2,high_restock,4.432391890442938e-236,3.647199182308244e-152,1.0,-139.83071367110804,2.0641419917274777,0.0,0.0,none
inventory,dqn,23,424,397.9734676317373,15.602073031762462,1.9852791234227276,0.0,2,high_restock,7.192043670362332e-235,2.6460392144290047e-151,1.0,-139.54120478500244,0.8310530623888593,0.0,0.0,none
inventory,dqn,23,425,397.1462993857213,15.66834234637138,2.030558955908668,0.0,2,high_restock,2.696415987972472e-234,6.318142229864463e-151,1.0,-138.83338111164173,2.0258809388407726,0.0,0.0,none
inventory,dqn,23,426,395.12394603326214,15.554634294621176,1.9938033424227317,0.0,2,high_restock,3.6744333607940464e-233,3.386494105578477e-150,1.0,-139.03022755983474,0.8185345960989954,0.0,0.0,none
inventory,dqn,23,427,395.68636445667073,16.037371615572702,2.3411491081693243,0.0,2,high_restock,5.494473029394279e-233,4.7990981344622005e-150,1.0,-139.11263076533146,1.9324840996125905,0.0,0.0,none
inventory,dqn,23,428,395.92180218666135,17.35191023937017,0.9443484505602984,0.0,2,high_restock,5.863132924543929e-233,5.738161994907258e-150,1.0,-138.22419585592473,2.5669557726625034,0.0,0.0,none
inventory,dqn,23,429,393.3834167312136,17.081989819895256,1.2145413178366204,0.0,2,high_restock,1.8672213253184945e-231,5.281871145797133e-149,1.0,-138.03505746317552,0.5435165308992745,0.0,0.0,none
inventory,dqn,23,430,392.8430213233587,17.13934438752749,1.224209621817482,0.0,2,high_restock,4.418408345900279e-231,9.329002303180962e-149,1.0,-135.52181209137584,7.435552063811006,0.0,0.0,none
inventory,dqn,23,431,385.6623202610739,16.107674845562364,2.8553517688811154,0.0,2,high_restock,1.476753727061968e-226,7.464714976919771e-146,1.0,-133.28834047654962,6.532503794412837,0.0,0.0,none
inventory,dqn,23,432,379.28097279014185,14.71892166669424,3.0082402492549845,0.0,2,high_restock,1.507290439924058e-223,5.505779248497581e-144,1.0,-131.53842653958554,5.137132931823674,0.0,0.0,none
inventory,dqn,23,433,374.28121868453013,13.671883299573768,2.4639018430922404,0.0,2,high_restock,1.634241199666533e-221,9.657310305290717e-143,1.0,-129.5962565199598,5.583579070573928,0.0,0.0,none
inventory,dqn,23,434,368.73216148559953,13.069748950877198,2.3164106010895993,0.0,2,high_restock,1.2606364077316627e-218,6.594116418169568e-141,1.0,-128.68375323564678,2.7471508643221676,0.0,0.0,none
inventory,dqn,23,435,366.12500924470515,12.656397584269294,1.5556637891548868,0.0,2,high_restock,1.003500589384481e-217,2.308889180862993e-140,1.0,-126.71136399825342,5.650069712080575,0.0,0.0,none
inventory,dqn,23,436,360.4896114235812,12.965458232501465,1.2909740372639584,0.0,2,high_restock,3.236046856501295e-214,4.5518415879411346e-138,1.0,-124.53245738834734,6.225604746602236,0.0,0.0,none
inventory,dqn,23,437,354.2641639667067,12.996638235312975,1.259569737629356,0.0,2,high_restock,2.0376859815379168e-210,1.3434979412527534e-135,1.0,-122.19948863435408,6.675974855596469,0.0,0.0,none
inventory,dqn,23,438,347.5985389552974,12.66346405415346,1.424125031800332,0.0,2,high_restock,1.6896911459131526e-206,4.52807480088981e-133,1.0,-120.63649332336585,4.471077467375349,0.0,0.0,none
inventory,dqn,23,439,343.1328380667596,12.880135316232014,1.457334331303107,0.0,2,high_restock,1.3089905919085201e-203,3.531398814627252e-131,1.0,-117.42866130072014,9.259110638916429,0.0,0.0,none
inventory,dqn,23,440,333.96760371634326,11.568518894327628,1.553622894668703,0.0,2,high_restock,7.0126094109568785e-199,3.446508293863265e-128,1.0,-115.07463387358145,6.7295233266840855,0.0,0.0,none
inventory,dqn,23,441,327.2418110673756,11.350439928758881,1.502251577243674,0.0,2,high_restock,5.8456033438685116e-195,1.1751472515276217e-125,1.0,-112.2608540995297,8.047866355533701,0.0,0.0,none
inventory,dqn,23,442,319.20244028437054,10.98765526353277,1.5733682178630846,0.0,2,high_restock,2.8371596005751357e-190,1.237823973649136e-122,1.0,-108.8511972216119,9.766341651265705,0.0,0.0,none
inventory,dqn,23,443,309.4605634903197,10.372404907004459,1.887585941063326,0.0,2,high_restock,1.3499219275612243e-184,5.593556577414834e-119,1.0,-105.25047440398696,10.371636053112642,0.0,0.0,none
inventory,dqn,23,444,299.1727840113913,9.207989188926335,1.2739379583747836,0.0,2,high_restock,1.8634850974115635e-179,1.000777207121809e-115,1.0,-101.14635725201353,11.746786324833797,0.0,0.0,none
inventory,dqn,23,445,287.44673500575294,8.695826257881935,1.74770246816244,0.0,2,high_restock,2.053785802784422e-172,3.564512696819822e-111,1.0,-96.68673793905019,12.799040077081415,0.0,0.0,none
inventory,dqn,23,446,274.7049655401434,7.492630894553559,1.624988582795725,0.0,2,high_restock,1.5157649466727459e-165,8.59361093702866e-107,1.0,-93.20908072950951,9.954306766327283,0.0,0.0,none
inventory,dqn,23,447,264.7688020843129,7.11327235998846,1.1591924048168174,0.0,2,high_restock,5.340576623371804e-160,3.1994172375301123e-103,1.0,-89.72832950852889,9.945158661603203,0.0,0.0,none
inventory,dqn,23,448,254.8237985957968,7.072647021095413,1.1212978180784112,0.0,2,high_restock,5.499579880160439e-154,2.5629365696517506e-99,1.0,-85.75431727242682,11.3563991513811,0.0,0.0,none
inventory,dqn,23,449,243.4694779212195,6.859338781965644,1.0800267692062204,0.0,2,high_restock,3.0965148118838036e-147,6.032113858716e-95,1.0,-83.05156831559977,7.786047907379824,0.0,0.0,none
inventory,dqn,23,450,235.74733804457077,7.660120607763565,1.6715047560806988,0.0,2,high_restock,1.1578371932553564e-141,2.9158330861918617e-91,1.0,-80.12690007383738,8.410870752960486,0.0,0.0,none
inventory,dqn,23,451,227.39114306810677,8.537235505592673,1.2875492972964846,0.0,2,high_restock,3.6341185522031435e-136,1.2197944822188264e-87,1.0,-78.97874566330083,3.8250500947301003,0.0,0.0,none
inventory,dqn,23,452,224.1107018951452,9.868379962166468,2.735916783007963,0.0,2,high_restock,1.7611872131876865e-132,3.933915531148629e-85,1.0,-77.59610939133754,4.135587606726178,0.0,0.0,none
inventory,dqn,23,453,220.16031254667865,11.067302790176374,2.981055317118477,0.0,2,high_restock,4.0967172431844875e-129,7.327525794423608e-83,1.0,-76.06502368330793,4.678960450526216,0.0,0.0,none
inventory,dqn,23,454,215.78578195230835,12.463260806217772,2.0824707668637457,0.0,2,high_restock,5.884537585755411e-126,9.78167460192971e-81,1.0,-75.21508432532102,2.649391953203037,0.0,0.0,none
inventory,dqn,23,455,213.3573837866315,13.522009148412144,2.0476567102931806,0.0,2,high_restock,9.7881419551086e-124,2.9994718216478514e-79,1.0,-72.9267456271621,6.582273375007186,0.0,0.0,none
inventory,dqn,23,456,206.81927322046315,13.885626030471272,1.3789147787770164,0.0,2,high_restock,7.790358976556381e-120,1.0146395982233736e-76,1.0,-70.34673907037335,7.428262959416751,0.0,0.0,none
inventory,dqn,23,457,199.4478259153524,13.067424804041437,1.792921995244687,0.0,2,high_restock,1.0749886553678483e-115,4.525948439131028e-74,1.0,-69.28365295210291,3.045749190732806,0.0,0.0,none
inventory,dqn,23,458,196.41043700600832,13.250024891865928,1.9252622920917206,0.0,2,high_restock,1.2278922751738077e-113,9.945158123742721e-73,1.0,-67.26548174752807,5.772975792108994,0.0,0.0,none
inventory,dqn,23,459,190.64423356436592,12.971690322411508,1.951285998868144,0.0,2,high_restock,2.6795642141958316e-110,1.4003444307585981e-70,1.0,-67.46023235375142,1.241893999799602,0.0,0.0,none
inventory,dqn,23,460,191.20066386786118,13.568656016245933,2.8874045728080096,0.0,2,high_restock,1.0320837572076272e-109,3.692570103137236e-70,1.0,-66.15259657458014,3.783090986819136,0.0,0.0,none
inventory,dqn,23,461,187.46456164165755,14.129057684238878,2.6892441821664654,0.0,2,high_restock,3.8734439189939566e-107,1.8403688455969243e-68,1.0,-66.17409104615616,1.5196502865398762,0.0,0.0,none
inventory,dqn,23,462,187.52597441758903,15.61562970044732,2.379939954974065,0.0,2,high_restock,2.738388111289602e-106,7.958172670800045e-68,1.0,-64.41167980567123,5.0566399628188,0.0,0.0,none
inventory,dqn,23,463,182.49051373048923,15.216015344896181,2.6124302753875694,0.0,2,high_restock,2.259192060848912e-103,5.915416672941316e-66,1.0,-62.20368025757393,6.310833939707035,0.0,0.0,none
inventory,dqn,23,464,176.18194359306838,15.107542005740493,2.742050376037836,0.0,2,high_restock,1.5804256759980702e-99,1.8277451096829188e-63,1.0,-61.44036844790412,2.307701665554586,0.0,0.0,none
inventory,dqn,23,465,174.0010527082975,14.56007776808726,2.222931088766189,0.0,2,high_restock,7.318973638685031e-99,4.545577598518335e-63,1.0,-60.78590987881606,1.9082187302200426,0.0,0.0,none
inventory,dqn,23,466,172.1311710823316,14.933321888134804,2.297296766922794,0.0,2,high_restock,2.0438365991810016e-97,4.154346602236831e-62,1.0,-58.8074608122665,5.78591055314975,0.0,0.0,none
inventory,dqn,23,467,166.47845946361858,13.790497009205904,1.8308596534578245,0.0,2,high_restock,5.043096901052644e-95,1.2594399059903698e-60,1.0,-58.584125139933214,1.1591345670639894,0.0,0.0,none
inventory,dqn,23,468,165.84035754266634,14.669968762435417,2.2345282282950203,0.0,2,high_restock,8.542777112744829e-94,8.965417021644071e-60,1.0,-58.348591793940706,1.3727304957512434,0.0,0.0,none
inventory,dqn,23,469,165.1674051255449,15.797092306495298,1.833134936520301,0.0,2,high_restock,8.423405788224902e-93,4.576417481413651e-59,1.0,-57.15570379166657,3.417637759362194,0.0,0.0,none
inventory,dqn,23,470,161.75915369047593,15.551620196435682,1.8948880963704515,0.0,2,high_restock,7.344734756327115e-91,8.052206359820486e-58,1.0,-56.61872755177299,1.5358907704591562,0.0,0.0,none
inventory,dqn,23,471,160.22493586220855,15.618752955975385,1.9199740845859976,0.0,2,high_restock,7.308711997249087e-90,3.610951801109965e-57,1.0,-55.91338129106156,2.323342938583384,0.0,0.0,none
inventory,dqn,23,472,158.20966083160448,16.34624027359717,1.0214468651939055,0.0,2,high_restock,1.339727467506236e-88,2.594282874643673e-56,1.0,-52.695347693695695,9.568995678207962,0.0,0.0,none
inventory,dqn,23,473,149.01527912484485,14.634984316435695,3.046447203229909,0.0,2,high_restock,4.1302365904773666e-83,7.779369242817832e-53,1.0,-50.936566646721374,5.107881544933382,0.0,0.0,none
inventory,dqn,23,474,143.99019041920394,13.764557058731805,2.761326585670829,0.0,2,high_restock,8.22443677969478e-81,2.1363745364543113e-51,1.0,-49.05896030191485,5.378842960612934,0.0,0.0,none
inventory,dqn,23,475,138.62560086261388,13.373289434427587,2.754991727228376,0.0,2,high_restock,8.135735592752286e-78,1.780534673078029e-49,1.0,-46.992297177196605,5.987255550321857,0.0,0.0,none
inventory,dqn,23,476,132.7208490777046,12.499182643099203,2.2890811125991872,0.0,2,high_restock,4.437475296653329e-75,9.36610347862483e-48,1.0,-43.694559377915056,9.544941818570198,0.0,0.0,none
inventory,dqn,23,477,123.29874107975732,11.017816049630564,1.9211841016529454,0.0,2,high_restock,1.4262216935171882e-70,6.407563484669331e-45,1.0,-40.85558810214356,8.117015099665968,0.0,0.0,none
inventory,dqn,23,478,115.18739457755302,11.234423090541632,1.7088790399818996,0.0,2,high_restock,1.4019889184175336e-65,1.1421557936546676e-41,1.0,-38.05395949282326,8.02938172629624,0.0,0.0,none
inventory,dqn,23,479,107.18274140806648,10.638510197772503,1.5054426444167586,0.0,2,high_restock,3.18766856980382e-61,7.055685625385652e-39,1.0,-35.92393812911225,6.089962207342822,0.0,0.0,none
inventory,dqn,23,480,101.09696608317786,10.494273044112793,1.3317359221954275,0.0,2,high_restock,1.0576353384749885e-57,1.3292759462896748e-36,1.0,-31.52446481085243,12.666726429373524,0.0,0.0,none
inventory,dqn,23,481,88.52704231672124,9.161238647803325,2.147820623874418,0.0,2,high_restock,1.5607595884854785e-50,5.064407420879624e-32,1.0,-28.026696305872754,9.99436953515406,0.0,0.0,none
inventory,dqn,23,482,78.53341801677931,9.046935387404398,2.1906052179239732,0.0,2,high_restock,1.731157878316033e-44,4.171792245665672e-28,1.0,-24.38427317073584,10.41705781760408,0.0,0.0,none
inventory,dqn,23,483,68.12649477353098,8.587820039195593,2.2065827484931053,0.0,2,high_restock,1.876194450123518e-38,3.2077705637032866e-24,1.0,-22.129236047408213,6.456220058184172,0.0,0.0,none
inventory,dqn,23,484,61.68353156402347,8.9001580311914,2.4775947397192146,0.0,2,high_restock,3.4255174369928712e-34,1.9717124544805394e-21,1.0,-18.063966103233035,11.674051433562926,0.0,0.0,none
inventory,dqn,23,485,50.06847458066582,7.794301699497595,2.08899479056828,0.0,2,high_restock,3.744195224354333e-28,1.4396799386583588e-17,1.0,-13.949188180637982,11.7587960773891,0.0,0.0,none
inventory,dqn,23,486,38.31196623039423,7.956984782734603,1.9236744529076748,0.0,2,high_restock,3.967016773837954e-21,5.724197702555568e-13,0.9999999999994276,-10.11100696701363,10.968009973502621,0.0,0.0,none
inventory,dqn,23,487,27.345734191467514,7.762463234937641,1.957718758052135,0.0,2,high_restock,3.3258202156596116e-17,3.1201050991292973e-08,0.999999968798949,-6.418966084977719,10.548726845585774,0.0,0.0,none
inventory,dqn,23,488,16.7970459570792,7.734110236709644,1.9609904473747362,0.0,2,high_restock,2.6970030584274553e-09,0.0038300103197667825,0.9961699869832301,-3.7793485644469818,7.556941633236092,0.0,0.0,none
inventory,dqn,23,489,9.255281612705662,7.5143500097364395,1.5357106986049844,0.0,2,high_restock,3.2207915981377876e-05,0.08610852415618757,0.913859267927831,-2.513868007217199,4.2152663450520125,0.0,0.0,none
inventory,dqn,23,490,5.639622877763426,9.114229659419522,2.997171398964043,0.0,2,high_restock,0.0007115405970873471,0.21579199372981717,0.7834964656730955,-0.66508051095745,5.722704834253686,0.0,0.0,none
inventory,dqn,23,491,0.0,10.024905476527529,2.659273360313395,0.022335805528116075,1,balanced_restock,0.23960274828710323,0.4808198421644885,0.2795774095484084,-0.7040239445952124,0.5865129391278583,0.0,0.0,none
inventory,dqn,23,492,0.0,10.470793300218466,2.280257664362392,0.061432847249145085,1,balanced_restock,0.3825074863495231,0.42525542895290525,0.1922370846975717,-0.5200656517091024,1.3811623698517523,0.0,0.0,none
inventory,dqn,23,493,0.0,11.840426679311406,2.1052296771804166,0.028583152090911133,1,balanced_restock,0.12494038321807384,0.5165731357442086,0.3584864810377175,-0.5152136237366466,0.34084364442830056,0.0,0.0,none
inventory,dqn,23,494,0.0,12.160909618117252,1.989193798356627,0.027716718524401177,1,balanced_restock,0.10550947508367281,0.5179272019720919,0.37656332294423533,-0.5172760313327445,0.45021676004452515,0.0,0.0,none
inventory,dqn,23,495,0.449360089522127,12.16194744235174,1.990354576006718,0.0,2,high_restock,0.02637764184934568,0.4616355203894037,0.5119868377612506,-0.6503258940261722,1.2276299687160073,0.0,0.0,none
inventory,dqn,23,496,0.0,13.236886542328193,2.3767075880389177,0.019701052504673605,1,balanced_restock,0.043346092243141524,0.4981443197014158,0.4585095880554427,-0.6289032107984058,1.6413449013646022,0.0,0.0,none
inventory,dqn,23,497,0.7682948879954452,14.213718839087122,1.3047250402077852,0.0,2,high_restock,0.005158299019488154,0.37792552362419307,0.6169161773563187,-0.5899842420421635,0.9510351372801925,0.0,0.0,none
inventory,dqn,23,498,0.0,14.675203524167348,1.622754934574561,0.008925757507529193,2,high_restock,0.014290274672479808,0.44413026513846465,0.5415794601890556,-0.7610572334261204,0.9928961065271611,0.0,0.0,none
inventory,dqn,23,499,0.0,15.435390975776315,0.9847702241460896,0.039474505968950066,1,balanced_restock,0.03566970237600879,0.5040397994811162,0.46029049814287504,-1.4240313218618361,3.122545828774829,0.0,0.0,none
inventory,dqn,23,500,3.040089491033818,16.11814588030234,1.185856879668002,0.0,2,high_restock,6.956020912374311e-05,0.16088525099966336,0.8390451887912128,-1.2851570957641214,0.931516054133413,0.0,0.0,none
inventory,dqn,23,501,2.1290202736117756,16.30161878978779,1.2492030055101957,0.0,2,high_restock,0.00023437666414725911,0.218029650764959,0.7817359725708937,-1.3264467410700314,0.9135131870118552,0.0,0.0,none
inventory,dqn,23,502,2.2469906887715183,17.095739160155215,0.8133565172151822,0.0,2,high_restock,0.00010217607403000853,0.18400862036520677,0.8158892035607632,-0.8771706756634632,1.2838892540470441,0.0,0.0,none
inventory,dqn,23,503,0.9633447876098948,17.11762956262739,0.8012889007129309,0.0,2,high_restock,0.0005632642627340646,0.26849320125910264,0.7309435344781633,-0.8817095635969878,1.6103312853814675,0.0,0.0,none
inventory,dqn,23,504,0.0,16.498369174572833,1.9317431692906961,0.06101956492803353,1,balanced_restock,0.05650211048832787,0.5363061842908022,0.40719170522086984,-0.5228019062413801,0.7154911560554625,0.0,0.0,none
inventory,dqn,23,505,0.0,15.784977336189787,1.976229320569165,0.029071768971675026,2,high_restock,0.02013516876471378,0.47567266486575505,0.5041921663695312,-0.8620944886940152,0.23879421375160703,0.0,0.0,none
inventory,dqn,23,506,0.0,15.568959723542605,1.878505507681237,0.05751687298107413,1,balanced_restock,0.07210817542227506,0.5370721890844545,0.3908196354932704,-0.3870314963451399,0.6751235027861513,0.0,0.0,none
inventory,dqn,23,507,0.0,15.083023121382846,1.412800509256834,0.004827052918774985,2,high_restock,0.009890505459320839,0.4236206816381548,0.5664888129025243,-0.8234262453440173,0.4656211279054636,0.0,0.0,none
inventory,dqn,23,508,0.0,14.698765429117978,1.153854926328129,0.05061182952571736,1,balanced_restock,0.07706706384021828,0.5306871981078981,0.39224573805188345,-0.3864895562521731,0.7182613058110516,0.0,0.0,none
inventory,dqn,23,509,0.0,15.188050018362038,0.6300278772229064,0.004730277902173771,2,high_restock,0.01019926153779349,0.4251364724736413,0.5646642659885652,-0.8412501892211285,0.12365841093700394,0.0,0.0,none
inventory,dqn,23,510,0.0,15.253879292550627,0.5375584550817819,0.053794676646630075,1,balanced_restock,0.07015106072332744,0.5314081567675297,0.3984407825091428,-0.6772408361958084,1.1774916548950911,0.0,0.0,none
inventory,dqn,23,511,0.0,14.412134131245518,1.3609317161504322,0.0566501493206801,1,balanced_restock,0.10978382522769092,0.5346786851666453,0.3555374896056639,-0.6681784019985183,0.7193062663323717,0.0,0.0,none
inventory,dqn,23,512,0.0,13.697132735866555,1.4394930967565274,0.05503185749973541,1,balanced_restock,0.14127716301126472,0.528013144358937,0.3307096926297983,-1.0773784206567534,2.177646490973531,0.0,0.0,none
inventory,dqn,23,513,0.0,12.11511956171816,2.9341633354078027,0.1281032894029917,0,low_restock,0.5598124902812633,0.3335888754501996,0.10659863426853702,-0.5821574912039692,1.121943688042195,0.0,0.0,none
inventory,dqn,23,514,0.0,11.060830162620508,2.554607015849428,0.0718138377149945,1,balanced_restock,0.40590076891267224,0.4156247165453309,0.17847451454199695,-0.7963246882739946,0.8578847820395477,0.0,0.0,none
inventory,dqn,23,515,0.0,10.462313752367836,1.9400281517218745,0.07791512290607047,0,low_restock,0.42724876053108274,0.4051379749762422,0.167613264492675,-0.6395557970064063,1.3396558479804592,0.0,0.0,none
inventory,dqn,23,516,1.3130165628754469,10.655705403064612,2.104934791085783,0.0,2,high_restock,0.02877297081100088,0.45448107863656234,0.5167459505524367,-0.9136556881426052,1.3149193714247385,0.0,0.0,none
inventory,dqn,23,517,0.0,10.636306784639782,2.091818782032199,0.0667242300254652,1,balanced_restock,0.38973151825270086,0.4230334231010718,0.18723505864622741,-1.006337275196274,0.6760257412404543,0.0,0.0,none
inventory,dqn,23,518,0.0,10.9776028636512,1.510306299504976,0.11541737057076323,0,low_restock,0.5142383050293244,0.36095161373724244,0.12481008123343318,-0.758946041359968,0.971688827223929,0.0,0.0,none
inventory,dqn,23,519,0.0,10.358028624610004,2.258746089019541,0.10338322167142285,0,low_restock,0.5238702548643421,0.35243509758171204,0.12369464755394592,-0.27083382286891705,0.15197770863901516,0.0,0.0,none
inventory,dqn,23,520,0.0,10.463727163512694,2.3245311354218736,0.016220325512306618,1,balanced_restock,0.1677531092380762,0.5014988643324033,0.3307480264295204,-0.5812878431469802,0.5641260243263065,0.0,0.0,none
inventory,dqn,23,521,0.0,9.98417707955746,2.0283433327229594,0.03951568627624647,1,balanced_restock,0.3220258424951229,0.4487631315316388,0.22921102597323817,-0.9958576964076975,1.042592502949725,0.0,0.0,none
inventory,dqn,23,522,0.0,8.94449497933727,2.052421700394111,0.11354601721566028,0,low_restock,0.5907855899925772,0.31010839873315155,0.09910601127427132,-0.8289703453377317,0.6578504501117772,0.0,0.0,none
inventory,dqn,23,523,0.0,8.393417324646357,2.411692003066363,0.11588756166745208,0,low_restock,0.6251015506566542,0.28715468743806777,0.08774376190527802,-0.2788346926319532,1.2748188849692361,0.0,0.0,none
inventory,dqn,23,524,0.0,9.600278371820036,2.810438536038899,0.017649052255705934,1,balanced_restock,0.28132773003288214,0.4628270956127778,0.25584517435434,-0.5513785688940036,0.3127451558043906,0.0,0.0,none
inventory,dqn,23,525,0.0,9.348638134937284,2.6254692814089524,0.0341747444453578,1,balanced_restock,0.35076150701511666,0.434370309889773,0.21486818309511035,-0.9088524383219075,0.5716585014198379,0.0,0.0,none
inventory,dqn,23,526,0.0,8.78108851206268,2.6500865348821763,0.09800936398605492,0,low_restock,0.5739155347271704,0.3194710961243703,0.10661336914845936,-0.9423317715076045,2.8249446888859233,0.0,0.0,none
inventory,dqn,23,527,2.1780907757360133,10.425262396166447,3.3734947677083307,0.0,2,high_restock,0.016177201260133323,0.42053590504373123,0.5632868936961355,-0.8213304307439893,2.6834258997883422,0.0,0.0,none
inventory,dqn,23,528,0.0,11.719099786484355,2.4902302967885146,0.05023757691856951,1,balanced_restock,0.25442845304889256,0.4853835818506887,0.2601879651004187,-0.46730468098355404,0.3115126133979195,0.0,0.0,none
inventory,dqn,23,529,0.0,11.978825029120998,2.659396449446814,0.019161550175634645,1,balanced_restock,0.07864238392801098,0.5124920401480905,0.40886557592389855,-0.9592276116286413,1.9154482407764708,0.0,0.0,none
inventory,dqn,23,530,1.7120788903675468,12.820862200308516,2.8277237306132808,0.0,2,high_restock,0.004364641838038248,0.358982185999037,0.6366531721629247,-0.9527466659053363,2.2457190282159685,0.0,0.0,none
inventory,dqn,23,531,0.0,13.540264431041427,1.5671413789367954,0.07370476176881005,1,balanced_restock,0.27139951841743376,0.4879813332696466,0.24061914831291956,-0.6359722576765193,0.3184243600655824,0.0,0.0,none
inventory,dqn,23,532,0.0,13.274451200661497,1.3935301241449958,0.04928076029937845,1,balanced_restock,0.1415189930715925,0.5247928944050314,0.33368811252337605,-0.690772842660756,0.2692533677194317,0.0,0.0,none
inventory,dqn,23,533,0.0,13.076393970208082,1.5756700353254551,0.05906657904656359,1,balanced_restock,0.20903725437124326,0.5083688413875314,0.2825939042412253,-0.43557336016146647,0.27714068715031726,0.0,0.0,none
inventory,dqn,23,534,0.0,13.27932830205522,1.7588308137482516,0.01349524288597616,1,balanced_restock,0.035793246707359734,0.4872746668521463,0.47693208644049384,-0.749285417450774,1.141798471217849,0.0,0.0,none
inventory,dqn,23,535,1.1122440498593544,13.080033031898362,1.5953799154930488,0.0,2,high_restock,0.007446997088191462,0.39238166802359753,0.600171334888211,-0.6207256095078867,1.5182732724977974,0.0,0.0,none
inventory,dqn,23,536,0.2306445985939618,14.277995584482133,1.900046717289216,0.0,2,high_restock,0.008727836758284924,0.4110023137172448,0.5802698495244702,-1.0123193407816424,0.5032754520289459,0.0,0.0,none
inventory,dqn,23,537,0.0,13.909132292237192,2.138616253682341,0.08434273942529329,1,balanced_restock,0.3333521822684604,0.4619247172362115,0.20472310049532821,-0.780926026800229,0.38136076232805993,0.0,0.0,none
inventory,dqn,23,538,0.0,14.174617039651315,1.8649930535033687,0.07516536192861234,1,balanced_restock,0.2322731334725119,0.5078888434126291,0.25983802311485904,-0.615289998627879,0.23628553615374268,0.0,0.0,none
inventory,dqn,23,539,0.0,13.950708403833968,1.7955601544488584,0.04558749975497839,1,balanced_restock,0.08697401883271837,0.5286544934076912,0.3843714877595905,-0.7048578019480785,0.7369827589806954,0.0,0.0,none
inventory,dqn,23,540,0.0,13.315406685157933,2.1687618388368666,0.06158175034787115,1,balanced_restock,0.20030254908998954,0.513417965216393,0.2862794856936174,-0.5500946111720377,1.1451001716140567,0.0,0.0,none
inventory,dqn,23,541,0.0,12.678634552351113,1.2174407102403473,0.033945466280721016,1,balanced_restock,0.11144460741689872,0.5211185839279415,0.36743680865515965,-1.671160254699965,4.1200927600000234,0.0,0.0,none
inventory,dqn,23,542,3.746172156285615,13.930032783211228,2.389707190011116,0.0,2,high_restock,0.0001549483383179602,0.184182253519785,0.815662798141897,-1.5082633656421576,1.3241660024669983,0.0,0.0,none
inventory,dqn,23,543,2.766466758977593,14.805608418796089,2.5539029358303322,0.0,2,high_restock,0.0003313736633694636,0.22720236212622646,0.7724662642104042,-0.8667185665598671,2.8567193211622124,0.0,0.0,none
inventory,dqn,23,544,0.0,14.22142858017003,2.9574336142240427,0.05834260117140485,1,balanced_restock,0.12856359078386906,0.5357470436553841,0.33568936556074686,-0.37229326216618286,1.1248870033836296,0.0,0.0,none
inventory,dqn,23,545,0.0,15.231411349454737,2.4653431262831536,0.002195225386818375,2,high_restock,0.008014748252260966,0.41299260088312895,0.5789926508646102,-1.14355800075607,0.9211664255868086,0.0,0.0,none
inventory,dqn,23,546,0.0,14.56634152603992,3.093898570168598,0.10777821442072677,0,low_restock,0.4540166241043164,0.3995754031090121,0.14640797278667148,-0.44475405549603975,1.5927588235751104,0.0,0.0,none
inventory,dqn,23,547,0.0,12.988880430002776,2.882151491512554,0.0472775099100071,1,balanced_restock,0.13647814231491048,0.5260880906637895,0.33743376702130007,-0.5512022457594101,1.1376006128802372,0.0,0.0,none
inventory,dqn,23,548,0.0,12.168701033805956,2.0939456783450954,0.03414325817132323,1,balanced_restock,0.13040759468074892,0.5187080281829038,0.35088437713634724,-0.7370334454763554,0.3661947323981692,0.0,0.0,none
inventory,dqn,23,549,0.0,11.87421280270878,2.3090597793417853,0.0673274009779206,1,balanced_restock,0.3612151340102248,0.4388412460588754,0.19994361993089974,-1.0203169947611141,1.7177548940332634,0.0,0.0,none
inventory,dqn,23,550,0.0,10.37994066851267,1.4633212344430095,0.1179137490644847,0,low_restock,0.5379402318220544,0.34589498487634074,0.1161647833016048,-0.75309618499633,0.8554301937125267,0.0,0.0,none
inventory,dqn,23,551,0.0,9.676154539399349,1.949328760777119,0.10233860446363037,0,low_restock,0.5324770561988823,0.3465581667544473,0.12096477704667048,-0.6394998329660977,0.5849715050034004,0.0,0.0,none
inventory,dqn,23,552,0.0,9.113135556324854,2.106776538114141,0.08205354160108887,0,low_restock,0.48997884065238506,0.3689591968814304,0.1410619624661845,-0.5433922005474132,1.6042100788908986,0.0,0.0,none
inventory,dqn,23,553,0.0,7.9695251130299924,0.9818985028109134,0.06489146438346664,0,low_restock,0.43508174950964196,0.3968936671139227,0.1680245833764353,-0.9271781962810077,2.48895017304955,0.0,0.0,none
inventory,dqn,23,554,2.134794846517165,8.569542582994321,2.110300940239561,0.0,2,high_restock,0.05527569854374096,0.4653315835594597,0.4793927178967995,-1.3683284748853866,2.244619185671891,0.0,0.0,none
inventory,dqn,23,555,0.0,7.9799712996893195,2.4442064212558803,0.14791579908667615,0,low_restock,0.699593952757688,0.2370444311589533,0.06336161608335862,-0.738881150045553,0.4581175265394126,0.0,0.0,none
inventory,dqn,23,556,0.0,8.435537587376942,2.448195817945264,0.0998002053652773,0,low_restock,0.5841758391170784,0.31293260864783135,0.10289155223509032,-0.683056743852102,0.16340827432404964,0.0,0.0,none
inventory,dqn,23,557,0.0,8.29110772278499,2.523977771397592,0.08983156140216109,0,low_restock,0.5605943562538522,0.3268546101178712,0.11255103362827652,-0.2991513953972537,0.7293213772917867,0.0,0.0,none
inventory,dqn,23,558,0.0,9.010602012875399,2.621640019974533,0.02127703489236674,1,balanced_restock,0.3356257462348852,0.4386310982965491,0.22574315546856566,-1.0248088954635541,1.5588752898295075,0.0,0.0,none
inventory,dqn,23,559,0.0,7.511018792037682,2.2070944789065408,0.11871587418992036,0,low_restock,0.6530149347990291,0.26801519177203975,0.07896987342893126,-0.6588969985388229,0.6107837061901389,0.0,0.0,none
inventory,dqn,23,560,0.0,8.073578690866409,1.9715505296011058,0.08551732116764695,0,low_restock,0.5337523929320738,0.3428070544947221,0.1234405525732042,-0.21690829021002514,0.6113408989557881,0.0,0.0,none
inventory,dqn,23,561,0.0,8.50493214958882,2.3975111936193323,0.006590766108933061,1,balanced_restock,0.3110372517734217,0.4457953054235542,0.24316744280302408,-0.8635332725128458,0.1609673762712568,0.0,0.0,none
inventory,dqn,23,562,0.0,8.398808678348141,2.4852898993610775,0.08991665580586533,0,low_restock,0.5554087856976875,0.33010984501931534,0.11448136928299726,-0.39203106624768935,0.3018488536265037,0.0,0.0,none
inventory,dqn,23,563,0.0,8.167800822873911,2.2981042005737513,0.0378626904013731,1,balanced_restock,0.39439782752910657,0.4137923445635639,0.19180982790732953,-0.7800468025650797,1.0034850410032634,0.0,0.0,none
inventory,dqn,23,564,0.0,9.011905232246184,1.7567261690616576,0.07500835760090711,0,low_restock,0.45666498127450533,0.3868132598561621,0.1565217588693326,-0.18903346031684265,0.5833473690998429,0.0,0.0,none
inventory,dqn,23,565,0.0,9.57465884555495,1.8916915814268132,0.0016131179137219018,1,balanced_restock,0.19271466300825327,0.48755857302054983,0.31972676397119687,-0.5956476682157719,0.7802566170927896,0.0,0.0,none
inventory,dqn,23,566,0.6732790520450624,9.826926535934076,2.194766022506499,0.0,1,balanced_restock,0.09435406047008477,0.49933054755354433,0.40631539197637084,-0.5544763378816837,1.1635989476319506,0.0,0.0,none
inventory,dqn,23,567,0.0,10.372642336577906,1.4191075501858972,0.0347279174788721,1,balanced_restock,0.2834149722932091,0.4649217570556679,0.2516632706511229,-0.7957834244296381,2.0251797492834736,0.0,0.0,none
inventory,dqn,23,568,1.2450954983703948,11.579096765293304,2.4652203070272583,0.0,2,high_restock,0.01646716320109454,0.4317241082920533,0.5518087285068521,-0.969948795620412,1.3296018913283256,0.0,0.0,none
inventory,dqn,23,569,0.0,11.975245017361669,2.2312324655812095,0.07677657064650216,1,balanced_restock,0.38616578629811193,0.42834758836163417,0.18548662534025387,-0.48318853659566113,1.0232782061544217,0.0,0.0,none
inventory,dqn,23,570,0.0,12.914612309302953,2.6333352895780693,0.02199795296351092,1,balanced_restock,0.054063115794808415,0.5064619680735598,0.4394749161316317,-0.5541378997227477,0.34931608068434306,0.0,0.0,none
inventory,dqn,23,571,0.0,12.579999440284118,2.732811091375704,0.0346674820933478,1,balanced_restock,0.10121680404490904,0.522582272149872,0.3762009238052191,-0.6233093606423711,0.6739335532247626,0.0,0.0,none
inventory,dqn,23,572,0.0,13.027917443098284,2.229419271952611,0.04701952868613769,1,balanced_restock,0.1348356267232052,0.5248972740247873,0.3402670992520075,-0.6070584580541054,0.8193446438390788,0.0,0.0,none
inventory,dqn,23,573,0.0,12.33333475519066,1.7948250776160446,0.044117581795375976,1,balanced_restock,0.17476126447678597,0.5128648351739197,0.3123739003492943,-0.6454579340354221,0.031950729453864346,0.0,0.0,none
inventory,dqn,23,574,0.0,12.361227153962474,1.7808306473480016,0.05097463107775394,1,balanced_restock,0.21513758624557058,0.5019722856808916,0.28289012807353786,-0.5696009880547467,1.2226906199056835,0.0,0.0,none
inventory,dqn,23,575,0.0,11.783968871352286,0.703072911949494,0.037428747866919056,1,balanced_restock,0.19775401209349772,0.5017681156386684,0.300477872267834,-0.5603127995246032,0.2165915640701663,0.0,0.0,none
inventory,dqn,23,576,0.0,11.984562750495362,0.6213951897369233,0.03577014277225058,1,balanced_restock,0.17312423299358076,0.5090462131538485,0.3178295538525707,-0.5888936564442203,0.15454242831855977,0.0,0.0,none
inventory,dqn,23,577,0.0,12.086039260495378,0.5049484977892638,0.04087386722218219,1,balanced_restock,0.19751168447301007,0.50362163973647,0.29886667579052,-1.330839254219665,3.4715377271820453,0.0,0.0,none
inventory,dqn,23,578,2.773826440627614,13.172411433260786,2.28696586519697,0.0,2,high_restock,0.0009566071772542515,0.26791307463701075,0.731130318185735,-0.5709884053283878,2.8537697733169547,0.0,0.0,none
inventory,dqn,23,579,0.0,13.836173821767584,2.1906452196291863,0.005533643808640676,2,high_restock,0.018361386344094125,0.45375427157874704,0.5278843420771588,-0.8668013073038765,0.27929640175358017,0.0,0.0,none
inventory,dqn,23,580,0.0,14.106999201877176,2.1474046506433013,0.05835737630426365,1,balanced_restock,0.13379354169660207,0.5328869454231548,0.33331951288024314,-0.5227650571774891,0.45194319095239643,0.0,0.0,none
inventory,dqn,23,581,0.0,14.493869355867787,1.9156157390240045,0.029065188781694496,1,balanced_restock,0.035392067146437306,0.49724791084249925,0.46736002201106347,-1.071598120254435,2.29485862431615,0.0,0.0,none
inventory,dqn,23,582,2.033137486441243,15.3788616383988,1.3251312417785384,0.0,2,high_restock,0.0005082923284524378,0.24987194022543932,0.7496197674461083,-1.056861969290276,2.759013404642315,0.0,0.0,none
inventory,dqn,23,583,0.0,13.753079788648787,2.2344285581750465,0.09229678023040645,1,balanced_restock,0.3984232197310694,0.42799067816500747,0.17358610210392308,-1.1148277887275981,1.296396519994601,0.0,0.0,none
inventory,dqn,23,584,0.0,12.590401541501974,2.8062829972070293,0.13479067655849966,0,low_restock,0.5593327726619195,0.33498556134680557,0.10568166599127483,-0.33502063240041646,0.20957128754864351,0.0,0.0,none
inventory,dqn,23,585,0.0,12.42945168725865,2.7253938435248144,0.027682255785788663,1,balanced_restock,0.08445223253658918,0.518122633270062,0.3974251341933488,-0.8570244716579243,1.3263267156351182,0.0,0.0,none
inventory,dqn,23,586,0.0,11.164351463798912,3.1190106344299124,0.08875436993891506,0,low_restock,0.48330638039131046,0.37551880744806915,0.14117481216062056,-0.259084999326444,1.4853323768591216,0.0,0.0,none
inventory,dqn,23,587,0.0,10.195660004395643,1.995498648048668,0.014122321308293578,1,balanced_restock,0.18363018517871268,0.4955386880749299,0.32083112674635744,-0.46222842419969423,0.4429429694012761,0.0,0.0,none
inventory,dqn,23,588,0.0,10.636583862726457,2.0375408368286654,0.0182550757499454,1,balanced_restock,0.16216220181961274,0.5035045181424525,0.3343332800379348,-0.37615896299358,0.8102419113454403,0.0,0.0,none
inventory,dqn,23,589,0.0,11.446672064335045,2.041123789694042,0.002885529105996427,1,balanced_restock,0.06885970744197348,0.5010957303918218,0.4300445621662047,-0.8640573512070214,1.6493233252260229,0.0,0.0,none
inventory,dqn,23,590,0.0,9.92740820298349,2.6771379681941507,0.0900102412869681,0,low_restock,0.5095706603464294,0.35905057035538984,0.1313787692981807,-0.46118012089344773,0.2599945257887458,0.0,0.0,none
inventory,dqn,23,591,0.0,10.139610876911192,2.5322822538197514,0.05021073587382995,1,balanced_restock,0.36595821155970243,0.430875295807096,0.20316649263320158,-0.9759237618211946,0.6883096566288768,0.0,0.0,none
inventory,dqn,23,592,0.0,9.457903093763123,2.606252203469457,0.10998638603949902,0,low_restock,0.5840026165008312,0.3145702252698586,0.1014271582293102,-0.49435641682492404,0.4544773799087827,0.0,0.0,none
inventory,dqn,23,593,0.0,9.069680018436927,2.376181412469634,0.056135074433022146,0,low_restock,0.4155623672357396,0.40618991250857783,0.17824772025568264,-0.5512974536578469,1.7003217763102458,0.0,0.0,none
inventory,dqn,23,594,0.0,7.512153773339333,1.6941969920149027,0.06630311672461552,0,low_restock,0.4808504457826986,0.3714023716342108,0.1477471825830906,-0.3176782704358283,1.1293918689042846,0.0,0.0,none
inventory,dqn,23,595,0.3933664869595095,8.538816675409453,1.9439087913152282,0.0,1,balanced_restock,0.25501386716546254,0.46367681853338527,0.2813093143011522,-0.7495590372102782,1.240283350749807,0.0,0.0,none
inventory,dqn,23,596,1.1130258206007948,9.32555546635378,2.5774980182387996,0.0,1,balanced_restock,0.09088252262148208,0.49618447263979915,0.41293300473871886,-0.46328553604240924,1.1741481204559125,0.0,0.0,none
inventory,dqn,23,597,0.0,9.681595564446962,2.4648365583207545,0.018443845721858792,1,balanced_restock,0.26403155939510553,0.46899163644696823,0.26697680415792635,-0.5627775733604831,0.2018266309582047,0.0,0.0,none
inventory,dqn,23,598,0.0,9.878947108661103,2.5031864049861645,0.03621028095722913,1,balanced_restock,0.32975588679282286,0.44442282188275045,0.2258212913244268,-0.5308496720434859,1.9702760771851449,0.0,0.0,none
inventory,dqn,23,599,0.0,11.301119454035902,1.1395951413399015,0.030508870007765334,1,balanced_restock,0.18728268169469064,0.5017606898811462,0.31095662842416305,-0.465010829624742,0.3818226577448871,0.0,0.0,none
