env,policy,seed,t,q,mu,sigma,rho,a,action_label,p0,p1,p2,r,state_delta,intervention_active,intervention_start,intervention_name
cartpole,random,23,0,0.008080545036743086,0.004715274088084698,-0.17725813218119038,-0.011036913309778486,2,stabilize,0.3333333333333333,0.3333333333333333,0.3333333333333333,1.0,0.10321741376368601,0.0,0.0,none
cartpole,random,23,1,0.00819842719162504,-0.060141488909721375,-0.18094588506762338,0.06917419178145272,1,push_right,0.3333333333333333,0.3333333333333333,0.3333333333333333,1.0,0.11114468149344571,0.0,0.0,none
cartpole,random,23,2,0.006694889937837919,0.005072630010545254,-0.15783277929255957,-0.017795818192618235,0,push_left,0.3333333333333333,0.3333333333333333,0.3333333333333333,1.0,0.1036312470734993,0.0,0.0,none
cartpole,random,23,3,0.006821705028414726,-0.05980491638183594,-0.1637788760633628,0.06279554111616951,2,stabilize,0.3333333333333333,0.3333333333333333,0.3333333333333333,1.0,0.11046740239076498,0.0,0.0,none
cartpole,random,23,4,0.005326582274089257,0.005393477777640025,-0.14279708088440088,-0.023863245333944048,1,push_right,0.3333333333333333,0.3333333333333333,0.3333333333333333,1.0,0.10842342458156476,0.0,0.0,none
cartpole,random,23,5,0.005461419544493159,0.07057271897792816,-0.1507704824138086,-0.1101401959146772,2,stabilize,0.3333333333333333,0.3333333333333333,0.3333333333333333,1.0,0.1099327279445943,0.0,0.0,none
cartpole,random,23,6,0.0072257375965515775,0.005686177561680476,-0.1875714961270444,-0.02940907435757773,0,push_left,0.3333333333333333,0.3333333333333333,0.3333333333333333,1.0,0.1034551123623388,0.0,0.0,none
cartpole,random,23,7,0.007367891569932302,-0.059159621596336365,-0.19739792284362356,0.05059969850948879,0,push_left,0.3333333333333333,0.3333333333333333,0.3333333333333333,1.0,0.10422204915979161,0.0,0.0,none
cartpole,random,23,8,0.005888901262854537,-0.12399511535962422,-0.1804910973603515,0.13041552475520543,2,stabilize,0.3333333333333333,0.3333333333333333,0.3333333333333333,1.0,0.11714507233813772,0.0,0.0,none
cartpole,random,23,9,0.0027890233711029095,-0.058783253033955894,-0.1369155054302944,0.04345611163548061,2,stabilize,0.3333333333333333,0.3333333333333333,0.3333333333333333,1.0,0.10902162423606743,0.0,0.0,none
cartpole,random,23,10,0.0013194420413735013,0.006390305856863658,-0.12239555968305092,-0.04271310142108372,0,push_left,0.3333333333333333,0.3333333333333333,0.3333333333333333,1.0,0.10499682048176451,0.0,0.0,none
cartpole,random,23,11,0.0014791996606315176,-0.05852488180001577,-0.13666724461644247,0.03856816462108067,1,push_right,0.3333333333333333,0.3333333333333333,0.3333333333333333,1.0,0.10881240101414678,0.0,0.0,none
cartpole,random,23,12,1.6077666865991585e-05,0.006648490205407143,-0.1237805052560383,-0.04759656957217625,1,push_right,0.3333333333333333,0.3333333333333333,0.3333333333333333,1.0,0.10900742186192007,0.0,0.0,none
cartpole,random,23,13,0.0001822899139369838,0.07180961469809215,-0.1396838940128791,-0.13352503095354354,0,push_left,0.3333333333333333,0.3333333333333333,0.3333333333333333,1.0,0.11295174615332966,0.0,0.0,none
cartpole,random,23,14,0.001977530191652477,0.0069107649226983385,-0.18429846851808646,-0.05257718903677804,0,push_left,0.3333333333333333,0.3333333333333333,0.3333333333333333,1.0,0.1045269248609828,0.0,0.0,none
cartpole,random,23,15,0.0021502994544183216,-0.057938843965530396,-0.20186601291123893,0.02749626338481903,0,push_left,0.3333333333333333,0.3333333333333333,0.3333333333333333,1.0,0.10317918476824793,0.0,0.0,none
cartpole,random,23,16,0.0007018282000596325,-0.12276921669642131,-0.1926787179808059,0.10722368955612183,0,push_left,0.3333333333333333,0.3333333333333333,0.3333333333333333,1.0,0.10900981580701823,0.0,0.0,none
cartpole,random,23,17,-0.002367402194067836,-0.18761122226715088,-0.15685220108965417,0.1871342318398612,0,push_left,0.3333333333333333,0.3333333333333333,0.3333333333333333,1.0,0.12099767463456156,0.0,0.0,none
cartpole,random,23,18,-0.007057682766268651,-0.25249435504277545,-0.09432523944781902,0.26775058678218294,2,stabilize,0.3333333333333333,0.3333333333333333,0.3333333333333333,1.0,0.1399095370322631,0.0,0.0,none
cartpole,random,23,19,-0.013370042045911154,-0.18736676375071207,-0.004862041183722902,0.1823716333934239,1,push_right,0.3333333333333333,0.3333333333333333,0.3333333333333333,1.0,0.12236929146141393,0.0,0.0,none
cartpole,random,23,20,-0.018054211201767128,-0.12232138713200887,0.05607358524509148,0.09865633930478777,0,push_left,0.3333333333333333,0.3333333333333333,0.3333333333333333,1.0,0.11181839216202887,0.0,0.0,none
cartpole,random,23,21,-0.021112246128420036,-0.18741708993911743,0.08903751438728096,0.1833317790712629,1,push_right,0.3333333333333333,0.3333333333333333,0.3333333333333333,1.0,0.1212660207552563,0.0,0.0,none
cartpole,random,23,22,-0.02579767256975174,-0.12246473630269368,0.1502939653282803,0.10140294688088554,0,push_left,0.3333333333333333,0.3333333333333333,0.3333333333333333,1.0,0.11346148674458632,0.0,0.0,none
cartpole,random,23,23,-0.028859289983908337,-0.18764978647232056,0.18417561395640591,0.18781520639147078,2,stabilize,0.3333333333333333,0.3333333333333333,0.3333333333333333,1.0,0.12074535882218293,0.0,0.0,none
cartpole,random,23,24,-0.0335505356391271,-0.12279505530993144,0.24693009392458387,0.10773291758128575,1,push_right,0.3333333333333333,0.3333333333333333,0.3333333333333333,1.0,0.10824756819946693,0.0,0.0,none
cartpole,random,23,25,-0.03662041388452053,-0.05801155169804891,0.28292678278784195,0.02889480548245566,1,push_right,0.3333333333333333,0.3333333333333333,0.3333333333333333,1.0,0.10192659420661529,0.0,0.0,none
cartpole,random,23,26,-0.03807070044179758,0.0067299821724494295,0.29258136604167967,-0.04922209467206683,2,stabilize,0.3333333333333333,0.3333333333333333,0.3333333333333333,1.0,0.1026292970186172,0.0,0.0,none
cartpole,random,23,27,-0.03790245080987613,0.07146116097768147,0.2761348406284123,-0.12714597157069615,0,push_left,0.3333333333333333,0.3333333333333333,0.3333333333333333,1.0,0.11804218423924318,0.0,0.0,none
cartpole,random,23,28,-0.036115922654668495,0.006164269521832466,0.2336517011920137,-0.03847656079701015,1,push_right,0.3333333333333333,0.3333333333333333,0.3333333333333333,1.0,0.10305577482230723,0.0,0.0,none
cartpole,random,23,29,-0.03596181670824687,0.07096022367477417,0.22079557322659185,-0.11757569653647286,1,push_right,0.3333333333333333,0.3333333333333333,0.3333333333333333,1.0,0.10974793222086145,0.0,0.0,none
cartpole,random,23,30,-0.03418781173725923,0.1357724666595459,0.18151013762967969,-0.19693241800580705,2,stabilize,0.3333333333333333,0.3333333333333333,0.3333333333333333,1.0,0.12711394301785547,0.0,0.0,none
cartpole,random,23,31,-0.030793497959772747,0.07056297858556111,0.11570932152447667,-0.10995881046567645,1,push_right,0.3333333333333333,0.3333333333333333,0.3333333333333333,1.0,0.11043512941104654,0.0,0.0,none
cartpole,random,23,32,-0.029029423991839092,0.13548616568247476,0.07896890823767123,-0.19137089593069895,1,push_right,0.3333333333333333,0.3333333333333333,0.3333333333333333,1.0,0.12273695260556464,0.0,0.0,none
cartpole,random,23,33,-0.025642270532747112,0.20044885079065958,0.01502636628923382,-0.27349328994750977,0,push_left,0.3333333333333333,0.3333333333333333,0.3333333333333333,1.0,0.14017160253737757,0.0,0.0,none
cartpole,random,23,34,-0.02063104882836342,0.13539414604504904,-0.07635563932056928,-0.18958750792912074,1,push_right,0.3333333333333333,0.3333333333333333,0.3333333333333333,1.0,0.12448939414025176,0.0,0.0,none
cartpole,random,23,35,-0.017246194183826447,0.20050774017969766,-0.13970229819168056,-0.2746379205158779,2,stabilize,0.3333333333333333,0.3333333333333333,0.3333333333333333,1.0,0.13860904164504673,0.0,0.0,none
cartpole,random,23,36,-0.012233501765877008,0.13560219605763754,-0.23146676064106617,-0.19368180206843785,2,stabilize,0.3333333333333333,0.3333333333333333,0.3333333333333333,1.0,0.12109563874649146,0.0,0.0,none
cartpole,random,23,37,-0.008843446460862955,0.07079689701398213,-0.29618145457884576,-0.11453041008540563,1,push_right,0.3333333333333333,0.3333333333333333,0.3333333333333333,1.0,0.11687085274505253,0.0,0.0,none
cartpole,random,23,38,-0.007073523787160715,0.1361117959022522,-0.33444937914254275,-0.20355396611349924,1,push_right,0.3333333333333333,0.3333333333333333,0.3333333333333333,1.0,0.13019065773300958,0.0,0.0,none
cartpole,random,23,39,-0.0036707291534791393,0.20145132144292197,-0.4024626175941886,-0.2932365962437221,2,stabilize,0.3333333333333333,0.3333333333333333,0.3333333333333333,1.0,0.13977941243897374,0.0,0.0,none
cartpole,random,23,40,0.001365554053336382,0.13681653141975403,-0.5004414510613125,-0.21750409262520926,1,push_right,0.3333333333333333,0.3333333333333333,0.3333333333333333,1.0,0.1346667622715402,0.0,0.0,none
cartpole,random,23,41,0.004785967369874319,0.2022825280825297,-0.573115836748929,-0.3100031444004604,1,push_right,0.3333333333333333,0.3333333333333333,0.3333333333333333,1.0,0.15432690324536777,0.0,0.0,none
cartpole,random,23,42,0.009843030323584875,0.2677770455678304,-0.67669686667959,-0.4036656107221331,2,stabilize,0.3333333333333333,0.3333333333333333,0.3333333333333333,1.0,0.16519258412087376,0.0,0.0,none
cartpole,random,23,43,0.01653745615233978,0.20340738693873087,-0.8115732157714043,-0.3336035524095808,2,stabilize,0.3333333333333333,0.3333333333333333,0.3333333333333333,1.0,0.1451729495929542,0.0,0.0,none
cartpole,random,23,44,0.021622641943395138,0.13922340671221414,-0.9230397339367924,-0.26648456709725515,2,stabilize,0.3333333333333333,0.3333333333333333,0.3333333333333333,0.0,1.197941762380842,0.0,0.0,none
cartpole,random,23,45,0.017874023566643398,0.004538640379905701,0.2346649979350106,0.010337002575397491,2,stabilize,0.3333333333333333,0.3333333333333333,0.3333333333333333,1.0,0.10229232229970205,0.0,0.0,none
cartpole,random,23,46,0.017987489700317383,0.069333220521609,0.23811890216886572,-0.06874168770653862,0,push_left,0.3333333333333333,0.3333333333333333,0.3333333333333333,1.0,0.11195436840579079,0.0,0.0,none
cartpole,random,23,47,0.019720819157858692,0.004067300197978814,0.2151503092064778,0.019255923373358592,1,push_right,0.3333333333333333,0.3333333333333333,0.3333333333333333,1.0,0.1027483298540016,0.0,0.0,none
cartpole,random,23,48,0.0198225025087595,0.0688832054535548,0.22158426786094976,-0.06020923597472055,0,push_left,0.3333333333333333,0.3333333333333333,0.3333333333333333,1.0,0.11116245157434135,0.0,0.0,none
cartpole,random,23,49,0.02154458314180374,0.003631904721260071,0.2014666333403394,0.02749295106955937,2,stabilize,0.3333333333333333,0.3333333333333333,0.3333333333333333,1.0,0.10317530759805592,0.0,0.0,none
cartpole,random,23,50,0.021635379331807297,0.06846270461877187,0.21065282579822586,-0.05224234291485378,0,push_left,0.3333333333333333,0.3333333333333333,0.3333333333333333,1.0,0.11055058565462085,0.0,0.0,none
cartpole,random,23,51,0.023346946885188423,0.003221128135919571,0.19319714680491884,0.03526387682982853,1,push_right,0.3333333333333333,0.3333333333333333,0.3333333333333333,1.0,0.10357010119772918,0.0,0.0,none
cartpole,random,23,52,0.02342747524380684,0.06806093454360962,0.2049798221462951,-0.0446343549660274,2,stabilize,0.3333333333333333,0.3333333333333333,0.3333333333333333,1.0,0.10380076596230818,0.0,0.0,none
cartpole,random,23,53,0.025128998483220737,0.13288814822832742,0.19006619589994517,-0.12430065870285034,1,push_right,0.3333333333333333,0.3333333333333333,0.3333333333333333,1.0,0.11106279863832687,0.0,0.0,none
cartpole,random,23,54,0.028451203058163326,0.1977335810661316,0.14853375232589558,-0.20426336356571742,1,push_right,0.3333333333333333,0.3333333333333333,0.3333333333333333,1.0,0.12417285658683347,0.0,0.0,none
cartpole,random,23,55,0.03339454221228759,0.2626261313756307,0.08028346449492371,-0.2850427968161447,1,push_right,0.3333333333333333,0.3333333333333333,0.3333333333333333,1.0,0.14168596086290744,0.0,0.0,none
cartpole,random,23,56,0.0399601956208547,0.32759050528208417,-0.014957562889148058,-0.3671438353402274,1,push_right,0.3333333333333333,0.3333333333333333,0.3333333333333333,1.0,0.16244271337928068,0.0,0.0,none
cartpole,random,23,57,0.048149957632025085,0.39264440536499023,-0.1376309212039365,-0.45104735238211496,1,push_right,0.3333333333333333,0.3333333333333333,0.3333333333333333,1.0,0.18567759898547775,0.0,0.0,none
cartpole,random,23,58,0.05796606962879499,0.45779550075531006,-0.28833887386435825,-0.5371999059404645,2,stabilize,0.3333333333333333,0.3333333333333333,0.3333333333333333,1.0,0.20651370734528918,0.0,0.0,none
cartpole,random,23,59,0.069410956154267,0.39299078782399494,-0.4678328737154212,-0.4591026646750314,1,push_right,0.3333333333333333,0.3333333333333333,0.3333333333333333,1.0,0.19063859232669364,0.0,0.0,none
cartpole,random,23,60,0.07923572634657225,0.45836901664733887,-0.6212323263892127,-0.5509767191750663,1,push_right,0.3333333333333333,0.3333333333333333,0.3333333333333333,1.0,0.21724420480207404,0.0,0.0,none
cartpole,random,23,61,0.09069494903087616,0.523787260055542,-0.8053295936675516,-0.6452761377607074,0,push_left,0.3333333333333333,0.3333333333333333,0.3333333333333333,0.0,1.1837890461840581,0.0,0.0,none
cartpole,random,23,62,0.008323408352832,-0.006706401705741882,0.027320000980947355,0.0026764550379344393,0,push_left,0.3333333333333333,0.3333333333333333,0.3333333333333333,1.0,0.10636667616410846,0.0,0.0,none
cartpole,random,23,63,0.00815574855854114,-0.07177425920963287,0.02821428181163451,0.08681453125817436,0,push_left,0.3333333333333333,0.3333333333333333,0.3333333333333333,1.0,0.11027492523125731,0.0,0.0,none
cartpole,random,23,64,0.006361391860991716,-0.13684281706809998,0.05722152589329103,0.17096916266850062,2,stabilize,0.3333333333333333,0.3333333333333333,0.3333333333333333,1.0,0.11962649558530464,0.0,0.0,none
cartpole,random,23,65,0.002940321379962067,-0.07185875872770946,0.11434726114773808,0.08843118803841728,1,push_right,0.3333333333333333,0.3333333333333333,0.3333333333333333,1.0,0.10827540195055978,0.0,0.0,none
cartpole,random,23,66,0.0011438524234108627,-0.006934564560651779,0.14389467232267159,0.006993267685174942,0,push_left,0.3333333333333333,0.3333333333333333,0.3333333333333333,1.0,0.10817186928505115,0.0,0.0,none
cartpole,random,23,67,0.0009704882783504825,-0.07211489975452423,0.14623132732147817,0.09329035452433995,1,push_right,0.3333333333333333,0.3333333333333333,0.3333333333333333,1.0,0.10824705435519243,0.0,0.0,none
cartpole,random,23,68,-0.0008323842970033487,-0.007224004715681076,0.17740232492119146,0.012471327824251992,2,stabilize,0.3333333333333333,0.3333333333333333,0.3333333333333333,1.0,0.10323345532027169,0.0,0.0,none
cartpole,random,23,69,-0.0010129843334046504,0.05763261020183563,0.1815693510745192,-0.0677369577544076,2,stabilize,0.3333333333333333,0.3333333333333333,0.3333333333333333,1.0,0.11105420123261228,0.0,0.0,none
cartpole,random,23,70,0.00042783086731409037,-0.007582113146781921,0.15893647878437453,0.01924437710217067,1,push_right,0.3333333333333333,0.3333333333333333,0.3333333333333333,1.0,0.10364275171877643,0.0,0.0,none
cartpole,random,23,71,0.00023827803185364854,0.05729426443576813,0.1653665965667488,-0.06132542661258152,1,push_right,0.3333333333333333,0.3333333333333333,0.3333333333333333,1.0,0.10536309099732385,0.0,0.0,none
cartpole,random,23,72,0.0016706347620735567,0.12216425935427348,0.14487598847091057,-0.14177011592047556,0,push_left,0.3333333333333333,0.3333333333333333,0.3333333333333333,1.0,0.11811528302420107,0.0,0.0,none
cartpole,random,23,73,0.004724741059665879,0.05698542296886444,0.097506503999091,-0.05545821785926819,2,stabilize,0.3333333333333333,0.3333333333333333,0.3333333333333333,1.0,0.10903619552389196,0.0,0.0,none
cartpole,random,23,74,0.006149376664931576,-0.008150616039832434,0.07897631436372998,0.029986447521618435,1,push_right,0.3333333333333333,0.3333333333333333,0.3333333333333333,1.0,0.10518479290586126,0.0,0.0,none
cartpole,random,23,75,0.005945611434678237,0.05680971344312032,0.08899564710323453,-0.05213278106280735,0,push_left,0.3333333333333333,0.3333333333333333,0.3333333333333333,1.0,0.10872451986109655,0.0,0.0,none
cartpole,random,23,76,0.007365854301800331,-0.008318190773328146,0.0715765808675625,0.03315459404672895,0,push_left,0.3333333333333333,0.3333333333333333,0.3333333333333333,1.0,0.1076159865149968,0.0,0.0,none
cartpole,random,23,77,0.007157899284114441,-0.07342937588691711,0.08265449174264167,0.11811912059783936,2,stabilize,0.3333333333333333,0.3333333333333333,0.3333333333333333,1.0,0.11185987657604497,0.0,0.0,none
cartpole,random,23,78,0.005322164700676998,-0.008471953372160593,0.12212149745524642,0.036069435732705254,2,stabilize,0.3333333333333333,0.3333333333333333,0.3333333333333333,1.0,0.10472249272837855,0.0,0.0,none
cartpole,random,23,79,0.005110366037115455,0.0564434677362442,0.1341733361343211,-0.045217075518199375,0,push_left,0.3333333333333333,0.3333333333333333,0.3333333333333333,1.0,0.1090595692364032,0.0,0.0,none
cartpole,random,23,80,0.00652145283917586,-0.008727491522828737,0.11906500790170384,0.04090192914009094,2,stabilize,0.3333333333333333,0.3333333333333333,0.3333333333333333,1.0,0.10496853817798697,0.0,0.0,none
cartpole,random,23,81,0.006303265302752456,0.05619117617607117,0.13273152431610946,-0.040443871702466695,0,push_left,0.3333333333333333,0.3333333333333333,0.3333333333333333,1.0,0.10882838017154493,0.0,0.0,none
cartpole,random,23,82,0.007708044722676277,-0.008978472401698431,0.11921805598570795,0.045648787702832906,0,push_left,0.3333333333333333,0.3333333333333333,0.3333333333333333,1.0,0.10884583406547152,0.0,0.0,none
cartpole,random,23,83,0.007483582788457474,-0.07413528859615326,0.13447063919467972,0.13149349178586686,0,push_left,0.3333333333333333,0.3333333333333333,0.3333333333333333,1.0,0.1166100175158392,0.0,0.0,none
cartpole,random,23,84,0.005630200806384286,-0.13930481672286987,0.17840641068388,0.21761574063982284,0,push_left,0.3333333333333333,0.3333333333333333,0.3333333333333333,1.0,0.13078702798427774,0.0,0.0,none
cartpole,random,23,85,0.002147580186525981,-0.20451027154922485,0.2511181204017421,0.3045316423688616,2,stabilize,0.3333333333333333,0.3333333333333333,0.3333333333333333,1.0,0.14416676255821734,0.0,0.0,none
cartpole,random,23,86,-0.002965176633248727,-0.1397143304347992,0.35287094855934453,0.225754976272583,1,push_right,0.3333333333333333,0.3333333333333333,0.3333333333333333,1.0,0.12558709949384106,0.0,0.0,none
cartpole,random,23,87,-0.006458034816508492,-0.07503662506739299,0.42830219132234487,0.14902922085353307,2,stabilize,0.3333333333333333,0.3333333333333333,0.3333333333333333,1.0,0.11093006608216668,0.0,0.0,none
cartpole,random,23,88,-0.008333950148274502,-0.010452641795078913,0.4780971420693227,0.07385387590953282,0,push_left,0.3333333333333333,0.3333333333333333,0.3333333333333333,1.0,0.11569862767955848,0.0,0.0,none
cartpole,random,23,89,-0.008595266845077276,-0.07591884831587474,0.5027738562062702,0.16600234167916433,0,push_left,0.3333333333333333,0.3333333333333333,0.3333333333333333,1.0,0.12622355626845103,0.0,0.0,none
cartpole,random,23,90,-0.010493237835665544,-0.1413948138554891,0.5582400324236522,0.25855062689099995,2,stabilize,0.3333333333333333,0.3333333333333333,0.3333333333333333,1.0,0.12994719723712478,0.0,0.0,none
cartpole,random,23,91,-0.014028108368317287,-0.07694130639235179,0.6446292832813855,0.18604944433484757,1,push_right,0.3333333333333333,0.3333333333333333,0.3333333333333333,1.0,0.11401482639737578,0.0,0.0,none
cartpole,random,23,92,-0.015951640283068023,-0.012605207661787668,0.7067937981826309,0.11539450713566371,1,push_right,0.3333333333333333,0.3333333333333333,0.3333333333333333,1.0,0.10206997052325494,0.0,0.0,none
cartpole,random,23,93,-0.01626677035043637,0.05164338151613871,0.7453503927353743,0.046085868562970846,2,stabilize,0.3333333333333333,0.3333333333333333,0.3333333333333333,1.0,0.09511805010733859,0.0,0.0,none
cartpole,random,23,94,-0.014975687178472679,0.11583734552065532,0.760749017993135,-0.022381597331592014,0,push_left,0.3333333333333333,0.3333333333333333,0.3333333333333333,1.0,0.11715778923168488,0.0,0.0,none
cartpole,random,23,95,-0.012079752826442322,0.05016897122065226,0.7532706977643944,0.07431018352508545,0,push_left,0.3333333333333333,0.3333333333333333,0.3333333333333333,1.0,0.11939700126700507,0.0,0.0,none
cartpole,random,23,96,-0.010825528297573328,-0.01549150918920835,0.7780998731854423,0.17088287217276438,0,push_left,0.3333333333333333,0.3333333333333333,0.3333333333333333,1.0,0.1302604964484379,0.0,0.0,none
cartpole,random,23,97,-0.011212816461920738,-0.08115228513876598,0.8351967841173413,0.2678171396255493,1,push_right,0.3333333333333333,0.3333333333333333,0.3333333333333333,1.0,0.12866905101913403,0.0,0.0,none
cartpole,random,23,98,-0.013241623528301716,-0.01702358325322469,0.9246822046493859,0.20124779428754533,0,push_left,0.3333333333333333,0.3333333333333333,0.3333333333333333,1.0,0.13661892472850853,0.0,0.0,none
cartpole,random,23,99,-0.013667213109632334,-0.08275799949963887,0.9919249214818768,0.30035356112888884,1,push_right,0.3333333333333333,0.3333333333333333,0.3333333333333333,0.0,1.0714904429066918,0.0,0.0,none
cartpole,random,23,100,0.014394357179601988,0.008004674687981606,-0.03422127463154691,0.006941838988236019,1,push_right,0.3333333333333333,0.3333333333333333,0.3333333333333333,1.0,0.10649482520565032,0.0,0.0,none
cartpole,random,23,101,0.014594473565618198,0.07307935257752736,-0.03190180575719597,-0.07732567616871425,1,push_right,0.3333333333333333,0.3333333333333333,0.3333333333333333,1.0,0.1095395900200167,0.0,0.0,none
cartpole,random,23,102,0.01642145837346713,0.13815157612164816,-0.05773854550854403,-0.1615495000566755,0,push_left,0.3333333333333333,0.3333333333333333,0.3333333333333333,1.0,0.11814942265043982,0.0,0.0,none
cartpole,random,23,103,0.019875246410568558,0.07316818833351135,-0.11171689501525679,-0.07902159861155919,1,push_right,0.3333333333333333,0.3333333333333333,0.3333333333333333,1.0,0.11086243441096179,0.0,0.0,none
cartpole,random,23,104,0.021704452422757946,0.13831748565038046,-0.13812029454190294,-0.16472785813467844,2,stabilize,0.3333333333333333,0.3333333333333333,0.3333333333333333,1.0,0.11752150660930875,0.0,0.0,none
cartpole,random,23,105,0.025162389501929283,0.07341594000657399,-0.19316062295636016,-0.08374823842729841,2,stabilize,0.3333333333333333,0.3333333333333333,0.3333333333333333,1.0,0.10665251932305692,0.0,0.0,none
cartpole,random,23,106,0.026997787257035576,0.008575163781642914,-0.22114333218777096,-0.0038480950253350393,2,stabilize,0.3333333333333333,0.3333333333333333,0.3333333333333333,1.0,0.10245889843681343,0.0,0.0,none
cartpole,random,23,107,0.02721216529607773,-0.05623415609200796,-0.22242909968610597,0.07549847875322614,0,push_left,0.3333333333333333,0.3333333333333333,0.3333333333333333,1.0,0.10550164764839119,0.0,0.0,none
cartpole,random,23,108,0.02580631213883559,-0.12104313572247823,-0.19720287411195853,0.15482095309666224,1,push_right,0.3333333333333333,0.3333333333333333,0.3333333333333333,1.0,0.12063920673592873,0.0,0.0,none
cartpole,random,23,109,0.02278023399412632,-0.055817291140556335,-0.14547271951855226,0.06756133266857692,2,stabilize,0.3333333333333333,0.3333333333333333,0.3333333333333333,1.0,0.11050873635027429,0.0,0.0,none
cartpole,random,23,110,0.02138480233649413,0.009363979722062746,-0.12289852721878908,-0.01876387425831386,2,stabilize,0.3333333333333333,0.3333333333333333,0.3333333333333333,1.0,0.10420308367317142,0.0,0.0,none
cartpole,random,23,111,0.021618901131053768,-0.055550530552864075,-0.12916808410020889,0.06250744206564766,1,push_right,0.3333333333333333,0.3333333333333333,0.3333333333333333,1.0,0.10993362095856771,0.0,0.0,none
cartpole,random,23,112,0.02023013774305582,0.009615510081251463,-0.10828254188728788,-0.023519609655652727,0,push_left,0.3333333333333333,0.3333333333333333,0.3333333333333333,1.0,0.1045409653228349,0.0,0.0,none
cartpole,random,23,113,0.020470526069402695,-0.05531433721383413,-0.11614112623551581,0.058034747838974,1,push_right,0.3333333333333333,0.3333333333333333,0.3333333333333333,1.0,0.10946469754634214,0.0,0.0,none
cartpole,random,23,114,0.019087667266527813,0.009839436039328575,-0.09675003890490476,-0.027753242424556186,2,stabilize,0.3333333333333333,0.3333333333333333,0.3333333333333333,1.0,0.10483792597302997,0.0,0.0,none
cartpole,random,23,115,0.01933365439375242,-0.055102452635765076,-0.10602319333035508,0.05402383208274841,0,push_left,0.3333333333333333,0.3333333333333333,0.3333333333333333,1.0,0.10584061420214493,0.0,0.0,none
cartpole,random,23,116,0.017956091711918514,-0.12003487348556519,-0.08797227696188879,0.13562213523047312,1,push_right,0.3333333333333333,0.3333333333333333,0.3333333333333333,1.0,0.11650879674524821,0.0,0.0,none
cartpole,random,23,117,0.014955219812691212,-0.05490910510222117,-0.04265700113517288,0.05035517471177237,1,push_right,0.3333333333333333,0.3333333333333333,0.3333333333333333,1.0,0.10792771013911726,0.0,0.0,none
cartpole,random,23,118,0.013582492247223854,0.01017379512389501,-0.02583188531578014,-0.03407016396522522,0,push_left,0.3333333333333333,0.3333333333333333,0.3333333333333333,1.0,0.10615038240603669,0.0,0.0,none
cartpole,random,23,119,0.013836837994555633,-0.05484087268511454,-0.03721571009526105,0.049064308404922485,0,push_left,0.3333333333333333,0.3333333333333333,0.3333333333333333,1.0,0.10663700148258935,0.0,0.0,none
cartpole,random,23,120,0.012465816301604113,-0.1198440392812093,-0.020821907764260697,0.13198235205241612,1,push_right,0.3333333333333333,0.3333333333333333,0.3333333333333333,1.0,0.11508814941390173,0.0,0.0,none
cartpole,random,23,121,0.00946971510226528,-0.0547829270362854,0.023277207479983356,0.04796672718865531,1,push_right,0.3333333333333333,0.3333333333333333,0.3333333333333333,1.0,0.10679607339620079,0.0,0.0,none
cartpole,random,23,122,0.008100141615917286,0.01023434412976106,0.03930427543018769,-0.03521628252097538,2,stabilize,0.3333333333333333,0.3333333333333333,0.3333333333333333,1.0,0.10719581380507333,0.0,0.0,none
cartpole,random,23,123,0.008356000762432814,-0.05484530329704285,0.02753749925438715,0.0491463840007782,2,stabilize,0.3333333333333333,0.3333333333333333,0.3333333333333333,1.0,0.10679036970520472,0.0,0.0,none
cartpole,random,23,124,0.006984868086874485,0.010167663916945457,0.043958723367256314,-0.03395572517599378,0,push_left,0.3333333333333333,0.3333333333333333,0.3333333333333333,1.0,0.10722174509532907,0.0,0.0,none
cartpole,random,23,125,0.007239059389879307,-0.054916560649871826,0.03261313615878044,0.05049401947430202,0,push_left,0.3333333333333333,0.3333333333333333,0.3333333333333333,1.0,0.107781959004085,0.0,0.0,none
cartpole,random,23,126,0.005866145559897026,-0.11998958388964336,0.0494846447342051,0.13473130123955862,0,push_left,0.3333333333333333,0.3333333333333333,0.3333333333333333,1.0,0.11584996191309657,0.0,0.0,none
cartpole,random,23,127,0.0028664059937000275,-0.18507852156956991,0.09450226630971086,0.21928341048104422,1,push_right,0.3333333333333333,0.3333333333333333,0.3333333333333333,1.0,0.1276845503935287,0.0,0.0,none
cartpole,random,23,128,-0.0017605572550867996,-0.12013056874275208,0.16777117809987582,0.13745819670813425,2,stabilize,0.3333333333333333,0.3333333333333333,0.3333333333333333,1.0,0.11309618579468292,0.0,0.0,none
cartpole,random,23,129,-0.004763821683203181,-0.05526102085908254,0.21369993544421503,0.057057831968579976,1,push_right,0.3333333333333333,0.3333333333333333,0.3333333333333333,1.0,0.10433654651594913,0.0,0.0,none
cartpole,random,23,130,-0.0061453471425920725,0.009556973353028297,0.23276460199196755,-0.02243664860725403,1,push_right,0.3333333333333333,0.3333333333333333,0.3333333333333333,1.0,0.10253922765846993,0.0,0.0,none
cartpole,random,23,131,-0.005906422544891636,0.07435370981693268,0.22526787758442554,-0.101553133555821,2,stabilize,0.3333333333333333,0.3333333333333333,0.3333333333333333,1.0,0.11452421076114155,0.0,0.0,none
cartpole,random,23,132,-0.00404757990812262,0.009100349619984627,0.19133603089180085,-0.0137865777526583,2,stabilize,0.3333333333333333,0.3333333333333333,0.3333333333333333,1.0,0.10303035532899592,0.0,0.0,none
cartpole,random,23,133,-0.0038200713849316044,0.07394199073314667,0.18672954495596147,-0.09372120244162423,2,stabilize,0.3333333333333333,0.3333333333333333,0.3333333333333333,1.0,0.11322273158324515,0.0,0.0,none
cartpole,random,23,134,-0.0019715214148163795,0.008723186949888865,0.15541457688893795,-0.00664738193154335,1,push_right,0.3333333333333333,0.3333333333333333,0.3333333333333333,1.0,0.10352284701461242,0.0,0.0,none
cartpole,random,23,135,-0.0017534417565912008,0.07360327243804932,0.15319350368936763,-0.08728591884885516,2,stabilize,0.3333333333333333,0.3333333333333333,0.3333333333333333,1.0,0.11215944837975143,0.0,0.0,none
cartpole,random,23,136,8.664002355847819e-05,0.00841518739859263,0.12402875717898258,-0.0008203934079834393,0,push_left,0.3333333333333333,0.3333333333333333,0.3333333333333333,1.0,0.10784566878357556,0.0,0.0,none
cartpole,random,23,137,0.00029701972380280495,-0.05674640337626139,0.12375463271482463,0.08511292934417725,1,push_right,0.3333333333333333,0.3333333333333333,0.3333333333333333,1.0,0.10782911683134404,0.0,0.0,none
cartpole,random,23,138,-0.0011216403800062835,0.008167915667096773,0.15219332992603785,0.003857298621109554,0,push_left,0.3333333333333333,0.3333333333333333,0.3333333333333333,1.0,0.10827993497286463,0.0,0.0,none
cartpole,random,23,139,-0.0009174425698195895,-0.057020207246144615,0.1534821558965988,0.09030583926609584,1,push_right,0.3333333333333333,0.3333333333333333,0.3333333333333333,1.0,0.10784799773320186,0.0,0.0,none
cartpole,random,23,140,-0.0023429476035137973,0.00786297395825386,0.1836559404052243,0.009628245873110635,2,stabilize,0.3333333333333333,0.3333333333333333,0.3333333333333333,1.0,0.1030999058519478,0.0,0.0,none
cartpole,random,23,141,-0.0021463733476897082,0.07271286348501842,0.18687302642335188,-0.07045729671205793,0,push_left,0.3333333333333333,0.3333333333333333,0.3333333333333333,1.0,0.1113262952716169,0.0,0.0,none
cartpole,random,23,142,-0.00032855168683454394,0.007493335132797559,0.16333120108219776,0.01661988241331918,0,push_left,0.3333333333333333,0.3333333333333333,0.3333333333333333,1.0,0.10858250423560509,0.0,0.0,none
cartpole,random,23,143,-0.0001412183216113287,-0.05770514408747355,0.16888439086285867,0.10327116932187762,2,stabilize,0.3333333333333333,0.3333333333333333,0.3333333333333333,1.0,0.10890808316652609,0.0,0.0,none
cartpole,random,23,144,-0.0015838469456260404,0.007162070522705714,0.20339027011593658,0.02289406955242157,0,push_left,0.3333333333333333,0.3333333333333333,0.3333333333333333,1.0,0.10931046367972409,0.0,0.0,none
cartpole,random,23,145,-0.0014047951359922688,-0.05807328224182129,0.21103984700751477,0.11027014255523682,0,push_left,0.3333333333333333,0.3333333333333333,0.3333333333333333,1.0,0.11521326089670839,0.0,0.0,none
cartpole,random,23,146,-0.002856627106666565,-0.1233135461807251,0.24788428391363285,0.1977811881474086,2,stabilize,0.3333333333333333,0.3333333333333333,0.3333333333333333,1.0,0.12160495525143865,0.0,0.0,none
cartpole,random,23,147,-0.005939465869838993,-0.05852539340655009,0.31396867551780827,0.11895473514284406,0,push_left,0.3333333333333333,0.3333333333333333,0.3333333333333333,1.0,0.1176037808105945,0.0,0.0,none
cartpole,random,23,148,-0.00740260041008393,-0.12385522325833638,0.35371490907555264,0.20828982761928014,2,stabilize,0.3333333333333333,0.3333333333333333,0.3333333333333333,1.0,0.12214630194271892,0.0,0.0,none
cartpole,random,23,149,-0.010498981767644485,-0.05918067197004954,0.42331055126781963,0.13158402272633143,1,push_right,0.3333333333333333,0.3333333333333333,0.3333333333333333,1.0,0.10850450901739772,0.0,0.0,none
cartpole,random,23,150,-0.011978497883925836,0.005407284324367841,0.46727655184297406,0.056308354650224955,1,push_right,0.3333333333333333,0.3333333333333333,0.3333333333333333,1.0,0.10024010634859498,0.0,0.0,none
cartpole,random,23,151,-0.0118433164122204,0.06993906199932098,0.48609081486813494,-0.018053825412477766,2,stabilize,0.3333333333333333,0.3333333333333333,0.3333333333333333,1.0,0.09834844433002976,0.0,0.0,none
cartpole,random,23,152,-0.010094839769105118,0.13444759448369345,0.4800585118569167,-0.09202422414507185,1,push_right,0.3333333333333333,0.3333333333333333,0.3333333333333333,1.0,0.10300589332530109,0.0,0.0,none
cartpole,random,23,153,-0.006733650031189124,0.19896650314331055,0.44931055253331587,-0.1661240884235927,0,push_left,0.3333333333333333,0.3333333333333333,0.3333333333333333,1.0,0.125650300448323,0.0,0.0,none
cartpole,random,23,154,-0.0017594872042536736,0.13353114326794943,0.39380369152260286,-0.07447007724217006,1,push_right,0.3333333333333333,0.3333333333333333,0.3333333333333333,1.0,0.10277532613040098,0.0,0.0,none
cartpole,random,23,155,0.0015787913192374012,0.19814888636271158,0.3689210995284925,-0.15034515517098562,1,push_right,0.3333333333333333,0.3333333333333333,0.3333333333333333,1.0,0.11208560074210443,0.0,0.0,none
cartpole,random,23,156,0.0065325138469537105,0.26280027627944946,0.3186864400535893,-0.22673441682543075,2,stabilize,0.3333333333333333,0.3333333333333333,0.3333333333333333,1.0,0.13432410934463782,0.0,0.0,none
cartpole,random,23,157,0.013102521188557148,0.19747634728749594,0.2429279229805976,-0.13732953582491195,1,push_right,0.3333333333333333,0.3333333333333333,0.3333333333333333,1.0,0.11205276529423587,0.0,0.0,none
cartpole,random,23,158,0.018039429560303688,0.262265682220459,0.19704216206557426,-0.21624904019492014,2,stabilize,0.3333333333333333,0.3333333333333333,0.3333333333333333,1.0,0.13088385343271214,0.0,0.0,none
cartpole,random,23,159,0.024596070870757103,0.19704371690750122,0.12478710714558713,-0.12899713005338395,2,stabilize,0.3333333333333333,0.3333333333333333,0.3333333333333333,1.0,0.11625173288698999,0.0,0.0,none
cartpole,random,23,160,0.02952216503520807,0.1318831443786621,0.08168544504693699,-0.043052115610667636,1,push_right,0.3333333333333333,0.3333333333333333,0.3333333333333333,1.0,0.10569919796461805,0.0,0.0,none
cartpole,random,23,161,0.03281924252708753,0.19684074322382608,0.06730048550484004,-0.12511936255863734,2,stabilize,0.3333333333333333,0.3333333333333333,0.3333333333333333,1.0,0.11496116343542426,0.0,0.0,none
cartpole,random,23,162,0.03774026098350684,0.13173452019691467,0.02549449315290178,-0.04023537465504238,2,stabilize,0.3333333333333333,0.3333333333333333,0.3333333333333333,1.0,0.10723157135304898,0.0,0.0,none
cartpole,random,23,163,0.04103362560272217,0.06666851043701172,0.012050692863353397,0.043868384190968106,0,push_left,0.3333333333333333,0.3333333333333333,0.3333333333333333,1.0,0.10714689735820734,0.0,0.0,none
cartpole,random,23,164,0.04270033600429694,0.0016158403207858403,0.026708386553927082,0.1277193341936384,0,push_left,0.3333333333333333,0.3333333333333333,0.3333333333333333,1.0,0.11459510935025592,0.0,0.0,none
cartpole,random,23,165,0.04274073367317518,-0.0634510467449824,0.06938310504528675,0.21184546606881277,0,push_left,0.3333333333333333,0.3333333333333333,0.3333333333333333,1.0,0.12830900006418516,0.0,0.0,none
cartpole,random,23,166,0.041154458497961365,-0.12855757276217142,0.14016679477008828,0.29676597458975656,1,push_right,0.3333333333333333,0.3333333333333333,0.3333333333333333,1.0,0.1435557643423787,0.0,0.0,none
cartpole,random,23,167,0.03794051706790924,-0.06365101039409637,0.23932486488028187,0.21581695760999406,2,stabilize,0.3333333333333333,0.3333333333333333,0.3333333333333333,1.0,0.1250682419513414,0.0,0.0,none
cartpole,random,23,168,0.036349243794878326,0.0011477455652008455,0.31143554924211525,0.13681883471352713,0,push_left,0.3333333333333333,0.3333333333333333,0.3333333333333333,1.0,0.1197079584458086,0.0,0.0,none
cartpole,random,23,169,0.03637793784340223,-0.06417874495188396,0.3571506758578353,0.22610809121813094,0,push_left,0.3333333333333333,0.3333333333333333,0.3333333333333333,1.0,0.13451591177425007,0.0,0.0,none
cartpole,random,23,170,0.03477346772948901,-0.12953380743662515,0.43269991874694824,0.3161801951272147,0,push_left,0.3333333333333333,0.3333333333333333,0.3333333333333333,1.0,0.15424339308230348,0.0,0.0,none
cartpole,random,23,171,0.03153512254357338,-0.1949301759401957,0.5383448484120334,0.4075202260698591,1,push_right,0.3333333333333333,0.3333333333333333,0.3333333333333333,1.0,0.16748926429163208,0.0,0.0,none
cartpole,random,23,172,0.02666186851759752,-0.13040945927302042,0.6745091343836455,0.33454578263419016,2,stabilize,0.3333333333333333,0.3333333333333333,0.3333333333333333,1.0,0.14681929667035187,0.0,0.0,none
cartpole,random,23,173,0.02340163259456555,-0.06606597701708476,0.7862905329337837,0.26447359153202604,2,stabilize,0.3333333333333333,0.3333333333333333,0.3333333333333333,1.0,0.1284755595559668,0.0,0.0,none
cartpole,random,23,174,0.021749983231226604,-0.00187923697133859,0.8746587575762255,0.1968395709991455,0,push_left,0.3333333333333333,0.3333333333333333,0.3333333333333333,1.0,0.13535547376459375,0.0,0.0,none
cartpole,random,23,175,0.021703001111745834,-0.0675886223713557,0.9404285710865103,0.29521492549351286,0,push_left,0.3333333333333333,0.3333333333333333,0.3333333333333333,0.0,1.1552241269619332,0.0,0.0,none
cartpole,random,23,176,-0.019603014613191288,-0.00687689334154129,-0.173744498829853,-0.0010434968530067376,1,push_right,0.3333333333333333,0.3333333333333333,0.3333333333333333,1.0,0.10859797932499383,0.0,0.0,none
cartpole,random,23,177,-0.019774936760465305,0.05833129088083903,-0.17409316466361072,-0.0878839407648359,1,push_right,0.3333333333333333,0.3333333333333333,0.3333333333333333,1.0,0.11251007066227964,0.0,0.0,none
cartpole,random,23,178,-0.01831665479888519,0.12353867292404175,-0.20345771654124478,-0.17472926207951137,2,stabilize,0.3333333333333333,0.3333333333333333,0.3333333333333333,1.0,0.11821129425994677,0.0,0.0,none
cartpole,random,23,179,-0.015228187354902428,0.05870497723420461,-0.261839808171575,-0.09502672297613961,1,push_right,0.3333333333333333,0.3333333333333333,0.3333333333333333,1.0,0.11441319775349841,0.0,0.0,none
cartpole,random,23,180,-0.013760562675694626,0.12399100263913472,-0.2935909819489163,-0.18344518116542272,2,stabilize,0.3333333333333333,0.3333333333333333,0.3333333333333333,1.0,0.11844017447317555,0.0,0.0,none
cartpole,random,23,181,-0.010660787423451742,0.059253305196762085,-0.3548853081564346,-0.10553175210952759,2,stabilize,0.3333333333333333,0.3333333333333333,0.3333333333333333,1.0,0.10632599023828727,0.0,0.0,none
cartpole,random,23,182,-0.009179455228149891,-0.00541042039791743,-0.39014654114024455,-0.028861876044954573,2,stabilize,0.3333333333333333,0.3333333333333333,0.3333333333333333,1.0,0.10018427398190817,0.0,0.0,none
cartpole,random,23,183,-0.00931471586227417,-0.0700308233499527,-0.3997901174504319,0.047085970640182495,0,push_left,0.3333333333333333,0.3333333333333333,0.3333333333333333,1.0,0.10081298812160559,0.0,0.0,none
cartpole,random,23,184,-0.011065485887229443,-0.13464060425758362,-0.3840573363201715,0.12283720288957868,1,push_right,0.3333333333333333,0.3333333333333333,0.3333333333333333,1.0,0.1190406964842365,0.0,0.0,none
cartpole,random,23,185,-0.014431501428286236,-0.06925270954767863,-0.3430138837750601,0.03228768280574253,1,push_right,0.3333333333333333,0.3333333333333333,0.3333333333333333,1.0,0.11163947966007788,0.0,0.0,none
cartpole,random,23,186,-0.016162819229066372,-0.0038946609323223433,-0.3322256208888671,-0.057558379002979825,2,stabilize,0.3333333333333333,0.3333333333333333,0.3333333333333333,1.0,0.10248261682107707,0.0,0.0,none
cartpole,random,23,187,-0.01626018589983384,-0.06858168045679729,-0.3514575431910221,0.019567491752760752,2,stabilize,0.3333333333333333,0.3333333333333333,0.3333333333333333,1.0,0.10057580486607001,0.0,0.0,none
cartpole,random,23,188,-0.01797472747663657,-0.13324612379074097,-0.34491948978997644,0.09630285842078072,0,push_left,0.3333333333333333,0.3333333333333333,0.3333333333333333,1.0,0.1055388784247055,0.0,0.0,none
cartpole,random,23,189,-0.02130588050931692,-0.19792054096857706,-0.3127419080825296,0.17317405768803187,0,push_left,0.3333333333333333,0.3333333333333333,0.3333333333333333,1.0,0.11649574632544828,0.0,0.0,none
cartpole,random,23,190,-0.026253893350561462,-0.26263638337453205,-0.25487945443975046,0.25070193835667204,1,push_right,0.3333333333333333,0.3333333333333333,0.3333333333333333,1.0,0.1382510451748562,0.0,0.0,none
cartpole,random,23,191,-0.032819804425040885,-0.1973679264386495,-0.1711127012612427,0.16242170333862305,1,push_right,0.3333333333333333,0.3333333333333333,0.3333333333333333,1.0,0.12146186181408311,0.0,0.0,none
cartpole,random,23,192,-0.037754001095891,-0.1321659485499064,-0.11684293002957091,0.07563384941646031,0,push_left,0.3333333333333333,0.3333333333333333,0.3333333333333333,1.0,0.10718477971665999,0.0,0.0,none
cartpole,random,23,193,-0.04105815043052038,-0.19708732763926187,-0.09157147640829155,0.1570232084819249,0,push_left,0.3333333333333333,0.3333333333333333,0.3333333333333333,1.0,0.1170450880641654,0.0,0.0,none
cartpole,random,23,194,-0.045985334242383644,-0.2620364228884379,-0.03910548362640891,0.23890244960784912,0,push_left,0.3333333333333333,0.3333333333333333,0.3333333333333333,1.0,0.13232547187744043,0.0,0.0,none
cartpole,random,23,195,-0.052536241710186005,-0.3270394603411357,0.04071872103470322,0.32178681237357004,0,push_left,0.3333333333333333,0.3333333333333333,0.3333333333333333,1.0,0.15160105880168717,0.0,0.0,none
cartpole,random,23,196,-0.06071222946047783,-0.3921170234680176,0.14823698271999497,0.4061714581080845,0,push_left,0.3333333333333333,0.3333333333333333,0.3333333333333333,1.0,0.17383031947767774,0.0,0.0,none
cartpole,random,23,197,-0.07051515703399977,-0.45728103319803876,0.28395058858366173,0.49252162660871235,1,push_right,0.3333333333333333,0.3333333333333333,0.3333333333333333,1.0,0.19370552020112952,0.0,0.0,none
cartpole,random,23,198,-0.08194718509912491,-0.392483393351237,0.4485163099725947,0.4143517698560442,1,push_right,0.3333333333333333,0.3333333333333333,0.3333333333333333,1.0,0.17040760252037038,0.0,0.0,none
cartpole,random,23,199,-0.0917592706779639,-0.32786675294240314,0.586963176442786,0.33952110154288156,1,push_right,0.3333333333333333,0.3333333333333333,0.3333333333333333,1.0,0.14920897243398198,0.0,0.0,none
cartpole,random,23,200,-0.09995593378941219,-0.2634226679801941,0.7004069969022474,0.26759341784885954,1,push_right,0.3333333333333333,0.3333333333333333,0.3333333333333333,1.0,0.11926556524399123,1.0,1.0,cartpole_gravity_shift
cartpole,random,23,201,-0.10654150197903316,-0.20716663201649985,0.7898176626829089,0.2126216377530779,1,push_right,0.3333333333333333,0.3333333333333333,0.3333333333333333,1.0,0.10476207448926553,1.0,0.0,cartpole_gravity_shift
cartpole,random,23,202,-0.11172067373991013,-0.15106104811032614,0.860860709074289,0.16014957427978516,0,push_left,0.3333333333333333,0.3333333333333333,0.3333333333333333,1.0,0.12287968744016306,1.0,0.0,cartpole_gravity_shift
cartpole,random,23,203,-0.11549719919761023,-0.20928027232487997,0.9143713123758539,0.2541298525674002,1,push_right,0.3333333333333333,0.3333333333333333,0.3333333333333333,1.0,0.11299140188138504,1.0,0.0,cartpole_gravity_shift
cartpole,random,23,204,-0.12072920799255371,-0.15335010488828024,0.9992833922757169,0.20512538296835764,2,stabilize,0.3333333333333333,0.3333333333333333,0.3333333333333333,0.0,0.9143239247655918,1.0,0.0,cartpole_gravity_shift
cartpole,random,23,205,0.0072000424067179365,0.016049418598413467,0.13459894388273963,-0.002833633284483637,2,stabilize,0.3333333333333333,0.3333333333333333,0.3333333333333333,1.0,0.09040597130199045,1.0,0.0,cartpole_gravity_shift
cartpole,random,23,206,0.007601277902722359,0.07309998571872711,0.13365214223793412,-0.07295791591916766,1,push_right,0.3333333333333333,0.3333333333333333,0.3333333333333333,1.0,0.09366725622577753,1.0,0.0,cartpole_gravity_shift
cartpole,random,23,207,0.009428777266293764,0.13015247384707132,0.10927479385191616,-0.14310756751469203,2,stabilize,0.3333333333333333,0.3333333333333333,0.3333333333333333,1.0,0.1068583897224244,1.0,0.0,cartpole_gravity_shift
cartpole,random,23,208,0.012682589391867321,0.07277307411034901,0.061458425689710924,-0.06675753423145839,2,stabilize,0.3333333333333333,0.3333333333333333,0.3333333333333333,1.0,0.09712611075593396,1.0,0.0,cartpole_gravity_shift
cartpole,random,23,209,0.01450191562374433,0.01545514166355133,0.039152805482288534,0.008390888039554869,0,push_left,0.3333333333333333,0.3333333333333333,0.3333333333333333,1.0,0.09408920648951988,1.0,0.0,cartpole_gravity_shift
cartpole,random,23,210,0.014888294972479343,-0.04183328151702881,0.041956446513640284,0.08297510657991682,1,push_right,0.3333333333333333,0.3333333333333333,0.3333333333333333,1.0,0.09642494801022661,1.0,0.0,cartpole_gravity_shift
cartpole,random,23,211,0.013842463182906311,0.015345685184001923,0.06968082597830415,0.010458891945225852,1,push_right,0.3333333333333333,0.3333333333333333,0.3333333333333333,1.0,0.09183216747570289,1.0,0.0,cartpole_gravity_shift
cartpole,random,23,212,0.014226104443271955,0.07248637576897939,0.07317544167821334,-0.06134451287133353,2,stabilize,0.3333333333333333,0.3333333333333333,0.3333333333333333,1.0,0.09696578755461151,1.0,0.0,cartpole_gravity_shift
cartpole,random,23,213,0.016038264147937298,0.01515289768576622,0.05267846769250947,0.014099680951663427,2,stabilize,0.3333333333333333,0.3333333333333333,0.3333333333333333,1.0,0.09224307226786471,1.0,0.0,cartpole_gravity_shift
cartpole,random,23,214,0.0164170873661836,0.07231694956620534,0.057389581829380594,-0.05814101014818464,0,push_left,0.3333333333333333,0.3333333333333333,0.3333333333333333,1.0,0.09642223552431359,1.0,0.0,cartpole_gravity_shift
cartpole,random,23,215,0.018225011105338734,0.015004361669222513,0.037962988659134916,0.016904667019844055,2,stabilize,0.3333333333333333,0.3333333333333333,0.3333333333333333,1.0,0.09260397294820423,1.0,0.0,cartpole_gravity_shift
cartpole,random,23,216,0.01860011989871661,0.0721885512272517,0.04361132448783638,-0.055713649306978495,1,push_right,0.3333333333333333,0.3333333333333333,0.3333333333333333,1.0,0.09418799520768056,1.0,0.0,cartpole_gravity_shift
cartpole,random,23,217,0.020404833679397903,0.1293651262919108,0.024995786584647003,-0.1281872476850237,0,push_left,0.3333333333333333,0.3333333333333333,0.3333333333333333,1.0,0.10312124451942446,1.0,0.0,cartpole_gravity_shift
cartpole,random,23,218,0.023638961526254814,0.07209601998329163,-0.017835275183358455,-0.0539627160344805,1,push_right,0.3333333333333333,0.3333333333333333,0.3333333333333333,1.0,0.09533826981864695,1.0,0.0,cartpole_gravity_shift
cartpole,random,23,219,0.025441362522542477,0.12935580809911093,-0.035865776916534635,-0.12800564084734237,1,push_right,0.3333333333333333,0.3333333333333333,0.3333333333333333,1.0,0.10330273665064997,1.0,0.0,cartpole_gravity_shift
cartpole,random,23,220,0.028675257538755737,0.1866393486658732,-0.07863615712857759,-0.20250589506966726,2,stabilize,0.3333333333333333,0.3333333333333333,0.3333333333333333,1.0,0.11396121770867704,1.0,0.0,cartpole_gravity_shift
cartpole,random,23,221,0.03334123951693376,0.12950830658276877,-0.1462992271830757,-0.13092977660042898,2,stabilize,0.3333333333333333,0.3333333333333333,0.3333333333333333,1.0,0.10026302167625255,1.0,0.0,cartpole_gravity_shift
cartpole,random,23,222,0.03657894829909007,0.0724720408519109,-0.19004663590315135,-0.061107005391802104,1,push_right,0.3333333333333333,0.3333333333333333,0.3333333333333333,1.0,0.09932646432346656,1.0,0.0,cartpole_gravity_shift
cartpole,random,23,223,0.038390749444564186,0.12995723883310953,-0.21046426742913332,-0.13947176933288574,2,stabilize,0.3333333333333333,0.3333333333333333,0.3333333333333333,1.0,0.10034608703878697,1.0,0.0,cartpole_gravity_shift
cartpole,random,23,224,0.04163968066374461,0.0730103353659312,-0.2570657997541041,-0.07132392270224434,0,push_left,0.3333333333333333,0.3333333333333333,0.3333333333333333,1.0,0.09101893434943932,1.0,0.0,cartpole_gravity_shift
cartpole,random,23,225,0.04346493942042192,0.016132421791553497,-0.280897184175068,-0.004405443157468524,0,push_left,0.3333333333333333,0.3333333333333333,0.3333333333333333,1.0,0.08733490912932712,1.0,0.0,cartpole_gravity_shift
cartpole,random,23,226,0.043868248661359154,-0.0407100593050321,-0.28236918062469557,0.061881729534694126,1,push_right,0.3333333333333333,0.3333333333333333,0.3333333333333333,1.0,0.10123321902045257,1.0,0.0,cartpole_gravity_shift
cartpole,random,23,227,0.042850496247410774,0.016890962918599445,-0.2616926992138701,-0.01875160208770207,0,push_left,0.3333333333333333,0.3333333333333333,0.3333333333333333,1.0,0.0879501814955133,1.0,0.0,cartpole_gravity_shift
cartpole,random,23,228,0.04327277032037576,-0.03997927904129028,-0.26795815738687084,0.04804342559405735,1,push_right,0.3333333333333333,0.3333333333333333,0.3333333333333333,1.0,0.10009865741673822,1.0,0.0,cartpole_gravity_shift
cartpole,random,23,229,0.04227329045534134,0.017604241768519085,-0.25190546361813965,-0.03223852387496403,1,push_right,0.3333333333333333,0.3333333333333333,0.3333333333333333,1.0,0.0990561706378365,1.0,0.0,cartpole_gravity_shift
cartpole,random,23,230,0.04271339625120163,0.07516802847385406,-0.2626772783252106,-0.11212788309369769,1,push_right,0.3333333333333333,0.3333333333333333,0.3333333333333333,1.0,0.10557475086374524,1.0,0.0,cartpole_gravity_shift
cartpole,random,23,231,0.04459259721140067,0.1327427327632904,-0.30014246062048866,-0.19227780614580428,2,stabilize,0.3333333333333333,0.3333333333333333,0.3333333333333333,1.0,0.10814643024021253,1.0,0.0,cartpole_gravity_shift
cartpole,random,23,232,0.047911166523893677,0.07591886321703593,-0.3643880169260758,-0.12648879630225046,2,stabilize,0.3333333333333333,0.3333333333333333,0.3333333333333333,1.0,0.09546134325859713,1.0,0.0,cartpole_gravity_shift
cartpole,random,23,233,0.0498091367383798,0.019193127751350403,-0.406651586507556,-0.06241659181458609,1,push_right,0.3333333333333333,0.3333333333333333,0.3333333333333333,1.0,0.10375228469185817,1.0,0.0,cartpole_gravity_shift
cartpole,random,23,234,0.05028896344204744,0.07694413761297862,-0.42750673959818547,-0.14604786464146205,0,push_left,0.3333333333333333,0.3333333333333333,0.3333333333333333,1.0,0.09738640797773662,1.0,0.0,cartpole_gravity_shift
cartpole,random,23,235,0.05221256986260414,0.020308838536341984,-0.47630555305389916,-0.08366572856903076,0,push_left,0.3333333333333333,0.3333333333333333,0.3333333333333333,1.0,0.08779897166058862,1.0,0.0,cartpole_gravity_shift
cartpole,random,23,236,0.052720289677381516,-0.03624892234802246,-0.504260700471646,-0.022607305220195224,1,push_right,0.3333333333333333,0.3333333333333333,0.3333333333333333,1.0,0.10388506948317275,1.0,0.0,cartpole_gravity_shift
cartpole,random,23,237,0.051814066246151924,0.021616277595361073,-0.5118144511607495,-0.10854824951716832,2,stabilize,0.3333333333333333,0.3333333333333333,0.3333333333333333,1.0,0.09011408983172263,1.0,0.0,cartpole_gravity_shift
cartpole,random,23,238,0.052354472378889724,-0.03489046295483907,-0.5480835574338999,-0.04845001867839268,0,push_left,0.3333333333333333,0.3333333333333333,0.3333333333333333,1.0,0.08332295301930581,1.0,0.0,cartpole_gravity_shift
cartpole,random,23,239,0.051482211177547775,-0.0913385550181071,-0.5642721220530872,0.010655792696135384,1,push_right,0.3333333333333333,0.3333333333333333,0.3333333333333333,1.0,0.10489150162696627,1.0,0.0,cartpole_gravity_shift
cartpole,random,23,240,0.049198747922976814,-0.03340596457322439,-0.560711704745782,-0.07668349572590419,0,push_left,0.3333333333333333,0.3333333333333333,0.3333333333333333,1.0,0.08540923803351537,1.0,0.0,cartpole_gravity_shift
cartpole,random,23,241,0.04836359992623329,-0.08983661731084187,-0.5863338780004824,-0.017920189670154026,2,stabilize,0.3333333333333333,0.3333333333333333,0.3333333333333333,1.0,0.08118823112904576,1.0,0.0,cartpole_gravity_shift
cartpole,random,23,242,0.04611768449346225,-0.1462258001168569,-0.5923215130917497,0.040139202560697286,2,stabilize,0.3333333333333333,0.3333333333333333,0.3333333333333333,1.0,0.08199996119984694,1.0,0.0,cartpole_gravity_shift
cartpole,random,23,243,0.04246203849713008,-0.2026065190633138,-0.5789098634355677,0.09803542069026402,1,push_right,0.3333333333333333,0.3333333333333333,0.3333333333333333,1.0,0.11019322706867496,1.0,0.0,cartpole_gravity_shift
cartpole,random,23,244,0.03739687614142895,-0.14466238021850586,-0.5461533769502844,0.010363413819244929,0,push_left,0.3333333333333333,0.3333333333333333,0.3333333333333333,1.0,0.08192215098801747,1.0,0.0,cartpole_gravity_shift
cartpole,random,23,245,0.03378031464914481,-0.20111236969629923,-0.5426906884996874,0.06952055862971715,0,push_left,0.3333333333333333,0.3333333333333333,0.3333333333333333,1.0,0.08522535724312247,1.0,0.0,cartpole_gravity_shift
cartpole,random,23,246,0.028752504537502926,-0.25756973028182983,-0.5194618408890499,0.12877483878816878,2,stabilize,0.3333333333333333,0.3333333333333333,0.3333333333333333,1.0,0.11264084905143854,1.0,0.0,cartpole_gravity_shift
cartpole,random,23,247,0.022313262646396957,-0.19969427585601807,-0.47643447121458576,0.04248709763799395,1,push_right,0.3333333333333333,0.3333333333333333,0.3333333333333333,1.0,0.10413883148636156,1.0,0.0,cartpole_gravity_shift
cartpole,random,23,248,0.017320906432966392,-0.141861359278361,-0.46223828786881843,-0.04279944726399013,1,push_right,0.3333333333333333,0.3333333333333333,0.3333333333333333,1.0,0.10381056328208658,1.0,0.0,cartpole_gravity_shift
cartpole,random,23,249,0.01377437108506759,-0.08404477437337239,-0.47653881490657324,-0.12775115455899919,2,stabilize,0.3333333333333333,0.3333333333333333,0.3333333333333333,1.0,0.09356041781240103,1.0,0.0,cartpole_gravity_shift
cartpole,random,23,250,0.01167325225348274,-0.14060588677724203,-0.5192241691461895,-0.0666943107332502,1,push_right,0.3333333333333333,0.3333333333333333,0.3333333333333333,1.0,0.10632436866440469,1.0,0.0,cartpole_gravity_shift
cartpole,random,23,251,0.008158105580757063,-0.08272546529769897,-0.5415086601116208,-0.1529832056590489,2,stabilize,0.3333333333333333,0.3333333333333333,0.3333333333333333,1.0,0.09654981920621165,1.0,0.0,cartpole_gravity_shift
cartpole,random,23,252,0.006089968762050073,-0.13919296860694885,-0.5926247641693152,-0.0936860271862575,2,stabilize,0.3333333333333333,0.3333333333333333,0.3333333333333333,1.0,0.08673328513944056,1.0,0.0,cartpole_gravity_shift
cartpole,random,23,253,0.0026101444382220507,-0.19557674725850424,-0.6239279784564471,-0.035793610981532505,1,push_right,0.3333333333333333,0.3333333333333333,0.3333333333333333,1.0,0.10677282990372948,1.0,0.0,cartpole_gravity_shift
cartpole,random,23,254,-0.002279274437266092,-0.13757973909378052,-0.6358876717688076,-0.1245057497705732,2,stabilize,0.3333333333333333,0.3333333333333333,0.3333333333333333,1.0,0.09016973789836395,1.0,0.0,cartpole_gravity_shift
cartpole,random,23,255,-0.0057187680310259266,-0.19390139977137247,-0.6774886553498043,-0.06779613665172032,0,push_left,0.3333333333333333,0.3333333333333333,0.3333333333333333,1.0,0.08238566231634373,1.0,0.0,cartpole_gravity_shift
cartpole,random,23,256,-0.010566303196052711,-0.25015366077423096,-0.7001412654548955,-0.012240388563701085,2,stabilize,0.3333333333333333,0.3333333333333333,0.3333333333333333,1.0,0.07894839548708675,1.0,0.0,cartpole_gravity_shift
cartpole,random,23,257,-0.016820145150025688,-0.30636854966481525,-0.7042311540935945,0.042685904673167636,2,stabilize,0.3333333333333333,0.3333333333333333,0.3333333333333333,1.0,0.08016364636375023,1.0,0.0,cartpole_gravity_shift
cartpole,random,23,258,-0.024479359077910583,-0.3625781138737996,-0.6899685734496197,0.09750023058482579,0,push_left,0.3333333333333333,0.3333333333333333,0.3333333333333333,1.0,0.08575891476355658,1.0,0.0,cartpole_gravity_shift
cartpole,random,23,259,-0.033543811490138374,-0.4188140630722046,-0.6573909364622931,0.15271474633898055,0,push_left,0.3333333333333333,0.3333333333333333,0.3333333333333333,1.0,0.09503719817823147,1.0,0.0,cartpole_gravity_shift
cartpole,random,23,260,-0.044014162073532745,-0.4751073122024536,-0.6063645238808061,0.20883796896253312,1,push_right,0.3333333333333333,0.3333333333333333,0.3333333333333333,1.0,0.12713339227195003,1.0,0.0,cartpole_gravity_shift
cartpole,random,23,261,-0.05589184661706289,-0.4171505769093831,-0.5365856934276572,0.12055574144635882,0,push_left,0.3333333333333333,0.3333333333333333,0.3333333333333333,1.0,0.09193342657735072,1.0,0.0,cartpole_gravity_shift
cartpole,random,23,262,-0.0663206105430921,-0.4736214478810628,-0.4963045473030473,0.1799818788255964,1,push_right,0.3333333333333333,0.3333333333333333,0.3333333333333333,1.0,0.12022232077358425,1.0,0.0,cartpole_gravity_shift
cartpole,random,23,263,-0.07816114773352942,-0.4157784779866536,-0.4361674082876674,0.09424435240881783,1,push_right,0.3333333333333333,0.3333333333333333,0.3333333333333333,1.0,0.10747263577752324,1.0,0.0,cartpole_gravity_shift
cartpole,random,23,264,-0.08855560794472694,-0.3579947153727214,-0.4046776627583834,0.009913128401551927,0,push_left,0.3333333333333333,0.3333333333333333,0.3333333333333333,1.0,0.08525774678535086,1.0,0.0,cartpole_gravity_shift
cartpole,random,23,265,-0.09750547508398692,-0.4146562417348226,-0.40136537290131563,0.07289950336728777,0,push_left,0.3333333333333333,0.3333333333333333,0.3333333333333333,1.0,0.08883033953409217,1.0,0.0,cartpole_gravity_shift
cartpole,random,23,266,-0.10787187765041988,-0.47132444381713867,-0.37700755783936857,0.13597706386021205,2,stabilize,0.3333333333333333,0.3333333333333333,0.3333333333333333,1.0,0.11139469209546293,1.0,0.0,cartpole_gravity_shift
cartpole,random,23,267,-0.11965499569972357,-0.41361316045125324,-0.3315737039775439,0.053060791322163174,1,push_right,0.3333333333333333,0.3333333333333333,0.3333333333333333,1.0,0.10218604247435284,1.0,0.0,cartpole_gravity_shift
cartpole,random,23,268,-0.1299953212340673,-0.35595162709554035,-0.3138445584472438,-0.028767626200403486,1,push_right,0.3333333333333333,0.3333333333333333,0.3333333333333333,1.0,0.1005978195328906,1.0,0.0,cartpole_gravity_shift
cartpole,random,23,269,-0.1388941084345182,-0.29831117391586304,-0.3234566253807778,-0.11016737563269478,2,stabilize,0.3333333333333333,0.3333333333333333,0.3333333333333333,1.0,0.09423957630180851,1.0,0.0,cartpole_gravity_shift
cartpole,random,23,270,-0.14635189125935238,-0.3550951878229777,-0.36026676116524564,-0.045005508831569126,0,push_left,0.3333333333333333,0.3333333333333333,0.3333333333333333,1.0,0.08741639708184873,1.0,0.0,cartpole_gravity_shift
cartpole,random,23,271,-0.15522927045822144,-0.41182271639506024,-0.37530438000945315,0.019171403987067088,1,push_right,0.3333333333333333,0.3333333333333333,0.3333333333333333,1.0,0.10172310123991964,1.0,0.0,cartpole_gravity_shift
cartpole,random,23,272,-0.16552484283844632,-0.3541077772776286,-0.3688986588776254,-0.063711302621024,1,push_right,0.3333333333333333,0.3333333333333333,0.3333333333333333,1.0,0.10346675368140731,1.0,0.0,cartpole_gravity_shift
cartpole,random,23,273,-0.1743775357802709,-0.29640163977940875,-0.39018644353370396,-0.14643875190189906,2,stabilize,0.3333333333333333,0.3333333333333333,0.3333333333333333,1.0,0.09838847716666207,1.0,0.0,cartpole_gravity_shift
cartpole,random,23,274,-0.18178757280111313,-0.3530915180842082,-0.4391158822043699,-0.08305459363119942,1,push_right,0.3333333333333333,0.3333333333333333,0.3333333333333333,1.0,0.10635408166342111,1.0,0.0,cartpole_gravity_shift
cartpole,random,23,275,-0.19061485926310223,-0.2953036030133565,-0.46686682325558904,-0.16745667798178537,2,stabilize,0.3333333333333333,0.3333333333333333,0.3333333333333333,1.0,0.10073278250568543,1.0,0.0,cartpole_gravity_shift
cartpole,random,23,276,-0.19799745331207913,-0.35188361008961994,-0.5228189053569603,-0.10613247326442174,2,stabilize,0.3333333333333333,0.3333333333333333,0.3333333333333333,1.0,0.09001096438503342,1.0,0.0,cartpole_gravity_shift
cartpole,random,23,277,-0.20679454008738202,-0.4083736737569173,-0.5582808594715055,-0.04633358120918274,2,stabilize,0.3333333333333333,0.3333333333333333,0.3333333333333333,1.0,0.08360148218464321,1.0,0.0,cartpole_gravity_shift
cartpole,random,23,278,-0.21700389683246613,-0.4648062388102214,-0.5737622412975193,0.012493872216769628,0,push_left,0.3333333333333333,0.3333333333333333,0.3333333333333333,1.0,0.0821296682213935,1.0,0.0,cartpole_gravity_shift
cartpole,random,23,279,-0.22862404584884644,-0.5212144454320272,-0.5695876756545183,0.07089714067322868,1,push_right,0.3333333333333333,0.3333333333333333,0.3333333333333333,1.0,0.10833597818755637,1.0,0.0,cartpole_gravity_shift
cartpole,random,23,280,-0.24165441592534384,-0.463278333346049,-0.5458988836101815,-0.01656223088502884,0,push_left,0.3333333333333333,0.3333333333333333,0.3333333333333333,1.0,0.08277571632531637,1.0,0.0,cartpole_gravity_shift
cartpole,random,23,281,-0.2532363682985306,-0.5197287797927856,-0.5514327979030929,0.0426019515310015,1,push_right,0.3333333333333333,0.3333333333333333,0.3333333333333333,1.0,0.10631061593752403,1.0,0.0,cartpole_gravity_shift
cartpole,random,23,282,-0.266229584813118,-0.4618111848831177,-0.5371982769636096,-0.044438579252788,0,push_left,0.3333333333333333,0.3333333333333333,0.3333333333333333,1.0,0.08408697080544965,1.0,0.0,cartpole_gravity_shift
cartpole,random,23,283,-0.2777748554944992,-0.5182755390803019,-0.5520464839115917,0.014963717332908086,1,push_right,0.3333333333333333,0.3333333333333333,0.3333333333333333,1.0,0.10548073399790792,1.0,0.0,cartpole_gravity_shift
cartpole,random,23,284,-0.2907317380110423,-0.4603565533955892,-0.5470466642220436,-0.07209199666976929,1,push_right,0.3333333333333333,0.3333333333333333,0.3333333333333333,1.0,0.10781639714997375,1.0,0.0,cartpole_gravity_shift
cartpole,random,23,285,-0.3022406746943792,-0.40244539578755695,-0.5711346935827578,-0.15902866636003768,2,stabilize,0.3333333333333333,0.3333333333333333,0.3333333333333333,1.0,0.09761897936304469,1.0,0.0,cartpole_gravity_shift
cartpole,random,23,286,-0.3123017897208532,-0.4588694969813029,-0.6242707407275362,-0.10053832190377372,0,push_left,0.3333333333333333,0.3333333333333333,0.3333333333333333,1.0,0.08766844284740025,1.0,0.0,cartpole_gravity_shift
cartpole,random,23,287,-0.3237735480070114,-0.515205979347229,-0.6578635059848321,-0.043513051101139615,0,push_left,0.3333333333333333,0.3333333333333333,0.3333333333333333,1.0,0.08180156388937809,1.0,0.0,cartpole_gravity_shift
cartpole,random,23,288,-0.3366536895434062,-0.5714868307113647,-0.672402487165319,0.012582239295755113,1,push_right,0.3333333333333333,0.3333333333333333,0.3333333333333333,1.0,0.10797488147071012,1.0,0.0,cartpole_gravity_shift
cartpole,random,23,289,-0.35094084839026135,-0.5134377479553223,-0.6681983681453441,-0.07723469393593925,0,push_left,0.3333333333333333,0.3333333333333333,0.3333333333333333,1.0,0.08433174148177429,1.0,0.0,cartpole_gravity_shift
cartpole,random,23,290,-0.36377680798371637,-0.5697050094604492,-0.6940047610062119,-0.02142155809061868,0,push_left,0.3333333333333333,0.3333333333333333,0.3333333333333333,1.0,0.08031736830970576,1.0,0.0,cartpole_gravity_shift
cartpole,random,23,291,-0.3780194123586019,-0.6259295145670573,-0.7011622972875335,0.03367474462304797,0,push_left,0.3333333333333333,0.3333333333333333,0.3333333333333333,1.0,0.08090333185545008,1.0,0.0,cartpole_gravity_shift
cartpole,random,23,292,-0.39366766810417175,-0.6821434497833252,-0.6899106047318488,0.08857350690024239,2,stabilize,0.3333333333333333,0.3333333333333333,0.3333333333333333,1.0,0.08589381667171911,1.0,0.0,cartpole_gravity_shift
cartpole,random,23,293,-0.4107212523619334,-0.7383784453074137,-0.6603156183101682,0.14378840582711355,1,push_right,0.3333333333333333,0.3333333333333333,0.3333333333333333,1.0,0.11845335911743674,1.0,0.0,cartpole_gravity_shift
cartpole,random,23,294,-0.42918071150779724,-0.6803533236185709,-0.6122717851670659,0.054260075092315674,1,push_right,0.3333333333333333,0.3333333333333333,0.3333333333333333,1.0,0.10863894596450052,1.0,0.0,cartpole_gravity_shift
cartpole,random,23,295,-0.44618954261144006,-0.6223697662353516,-0.594141908647906,-0.034183889627456665,0,push_left,0.3333333333333333,0.3333333333333333,0.3333333333333333,1.0,0.08304916193892221,1.0,0.0,cartpole_gravity_shift
cartpole,random,23,296,-0.4617487887541453,-0.6787474950154623,-0.605563702048436,0.02366217757974352,0,push_left,0.3333333333333333,0.3333333333333333,0.3333333333333333,1.0,0.0826854900456228,1.0,0.0,cartpole_gravity_shift
cartpole,random,23,297,-0.47871748606363934,-0.7351075013478597,-0.5976574802171075,0.0811947328703744,1,push_right,0.3333333333333333,0.3333333333333333,0.3333333333333333,1.0,0.11043755900766287,1.0,0.0,cartpole_gravity_shift
cartpole,random,23,298,-0.49709513783454895,-0.6771415074666342,-0.5705280136094742,-0.006911180381264005,1,push_right,0.3333333333333333,0.3333333333333333,0.3333333333333333,1.0,0.1063125902177209,1.0,0.0,cartpole_gravity_shift
cartpole,random,23,299,-0.5140237013498943,-0.6192020177841187,-0.5728372312673237,-0.09439531394413539,1,push_right,0.3333333333333333,0.3333333333333333,0.3333333333333333,1.0,0.11069368841001333,1.0,0.0,cartpole_gravity_shift
cartpole,random,23,300,-0.5295037726561229,-0.561264157295227,-0.6043774415883358,-0.1819274766104562,0,push_left,0.3333333333333333,0.3333333333333333,0.3333333333333333,1.0,0.1739026743032602,1.0,1.0,cartpole_gravity_shift|cartpole_sensor_noise
cartpole,random,23,301,-0.4233820302374376,-0.657849578929198,-0.5956394306898577,-0.08407442653446659,1,push_right,0.3333333333333333,0.3333333333333333,0.3333333333333333,1.0,0.22597987668471659,1.0,0.0,cartpole_sensor_noise
cartpole,random,23,302,-0.5901163637517015,-0.5580034136946983,-0.6835189204992826,-0.15873703600395994,1,push_right,0.3333333333333333,0.3333333333333333,0.3333333333333333,1.0,0.13277992109217887,1.0,0.0,cartpole_sensor_noise
cartpole,random,23,303,-0.5856823034730002,-0.48269366059241114,-0.6990359818486597,-0.2668966793532347,1,push_right,0.3333333333333333,0.3333333333333333,0.3333333333333333,1.0,0.26226694753850727,1.0,0.0,cartpole_sensor_noise
cartpole,random,23,304,-0.6823055377605618,-0.42856884941103823,-0.8984974855477842,-0.39625477041692486,1,push_right,0.3333333333333333,0.3333333333333333,0.3333333333333333,0.0,1.2523908207420027,1.0,0.0,cartpole_sensor_noise
cartpole,random,23,305,-0.05653437316083724,-0.0375323990176049,0.07583993112988878,-0.12303268060734462,0,push_left,0.3333333333333333,0.3333333333333333,0.3333333333333333,1.0,0.19497782858269894,1.0,0.0,cartpole_sensor_noise
cartpole,random,23,306,0.02169071654687041,-0.11351429965486065,0.10768594920539168,0.03542794821675908,2,stabilize,0.3333333333333333,0.3333333333333333,0.3333333333333333,1.0,0.22294765372418932,1.0,0.0,cartpole_sensor_noise
cartpole,random,23,307,0.07513842976901469,0.04366571242033849,0.19566922488686994,-0.08458198994188551,1,push_right,0.3333333333333333,0.3333333333333333,0.3333333333333333,1.0,0.10141358407336606,1.0,0.0,cartpole_sensor_noise
cartpole,random,23,308,-0.006832275161014353,0.04392462823588272,0.23273718554864922,-0.03776940805563356,0,push_left,0.3333333333333333,0.3333333333333333,0.3333333333333333,1.0,0.07216803537194622,1.0,0.0,cartpole_sensor_noise
cartpole,random,23,309,0.028718992822148594,0.0362030201765711,0.19489727955614686,0.011756857275933388,1,push_right,0.3333333333333333,0.3333333333333333,0.3333333333333333,1.0,0.12407743507293789,1.0,0.0,cartpole_sensor_noise
cartpole,random,23,310,-0.08077229523799517,0.02406468863580609,0.15375367389868552,-0.02782511278771454,0,push_left,0.3333333333333333,0.3333333333333333,0.3333333333333333,1.0,0.115860466856457,1.0,0.0,cartpole_sensor_noise
cartpole,random,23,311,-0.014259138700366183,0.1059187605024385,0.11143560225534987,-0.005269857993349603,2,stabilize,0.3333333333333333,0.3333333333333333,0.3333333333333333,1.0,0.18556518953114792,1.0,0.0,cartpole_sensor_noise
cartpole,random,23,312,0.04087531483581611,-0.019050654657312663,0.17954985084499464,-0.11080528338546725,0,push_left,0.3333333333333333,0.3333333333333333,0.3333333333333333,1.0,0.12584777708378997,1.0,0.0,cartpole_sensor_noise
cartpole,random,23,313,0.09303412449614995,-0.03162199425942393,0.1687728988071632,0.0025214138095495386,2,stabilize,0.3333333333333333,0.3333333333333333,0.3333333333333333,1.0,0.15786752245459382,1.0,0.0,cartpole_sensor_noise
cartpole,random,23,314,0.0815123897190866,0.09400223001798773,0.24759728531474143,-0.05034326854153609,2,stabilize,0.3333333333333333,0.3333333333333333,0.3333333333333333,1.0,0.13839547754476667,1.0,0.0,cartpole_sensor_noise
cartpole,random,23,315,0.13188875126362376,-0.01042010086125077,0.18813928522178436,-0.0036929369128022686,0,push_left,0.3333333333333333,0.3333333333333333,0.3333333333333333,1.0,0.179084702162687,1.0,0.0,cartpole_sensor_noise
cartpole,random,23,316,0.024720514313003178,-0.11306139039592128,0.18159936406772167,0.09634852774836972,2,stabilize,0.3333333333333333,0.3333333333333333,0.3333333333333333,1.0,0.17441655661009617,1.0,0.0,cartpole_sensor_noise
cartpole,random,23,317,0.0833296211925164,0.03800021534958278,0.20527105557999517,0.15639975672035938,1,push_right,0.3333333333333333,0.3333333333333333,0.3333333333333333,1.0,0.245176779178911,1.0,0.0,cartpole_sensor_noise
cartpole,random,23,318,0.02975295129886856,0.09944497390937601,0.13148434507635293,-0.06273777199216397,2,stabilize,0.3333333333333333,0.3333333333333333,0.3333333333333333,1.0,0.22690702116324157,1.0,0.0,cartpole_sensor_noise
cartpole,random,23,319,0.04323024216126874,-0.03547268988411925,0.034997552624307815,0.09151099384733108,0,push_left,0.3333333333333333,0.3333333333333333,0.3333333333333333,1.0,0.23035228718199618,1.0,0.0,cartpole_sensor_noise
cartpole,random,23,320,-0.04396090240716885,0.04740460966165105,0.20864325780214643,-0.000349785662285898,0,push_left,0.3333333333333333,0.3333333333333333,0.3333333333333333,1.0,0.18086000901937777,1.0,0.0,cartpole_sensor_noise
cartpole,random,23,321,-0.05434948459376421,-0.07542238873339749,0.2392460094454184,0.12841131203327086,0,push_left,0.3333333333333333,0.3333333333333333,0.3333333333333333,1.0,0.12334714192880704,1.0,0.0,cartpole_sensor_noise
cartpole,random,23,322,0.003943380231894198,-0.12964193331119528,0.27644934535607796,0.21497118793034925,2,stabilize,0.3333333333333333,0.3333333333333333,0.3333333333333333,1.0,0.07322063197677198,1.0,0.0,cartpole_sensor_noise
cartpole,random,23,323,0.02980250972127786,-0.14947526688754606,0.3266117987897946,0.1727463905490879,2,stabilize,0.3333333333333333,0.3333333333333333,0.3333333333333333,1.0,0.1473378523745706,1.0,0.0,cartpole_sensor_noise
cartpole,random,23,324,0.036568228211724965,-0.09829633654052859,0.4573458349015448,0.1285649839833671,0,push_left,0.3333333333333333,0.3333333333333333,0.3333333333333333,1.0,0.11388172891565525,1.0,0.0,cartpole_sensor_noise
cartpole,random,23,325,-0.03049787858669383,-0.1361583325472127,0.416783181117648,0.20199744190300528,0,push_left,0.3333333333333333,0.3333333333333333,0.3333333333333333,1.0,0.21305847461133218,1.0,0.0,cartpole_sensor_noise
cartpole,random,23,326,0.007749469174532132,-0.19542672467259375,0.48004248830477153,0.3928287070091632,2,stabilize,0.3333333333333333,0.3333333333333333,0.3333333333333333,1.0,0.24933485742136338,1.0,0.0,cartpole_sensor_noise
cartpole,random,23,327,0.03127326114116946,-0.15568849892131328,0.6467131876340195,0.21322844605144176,1,push_right,0.3333333333333333,0.3333333333333333,0.3333333333333333,1.0,0.17379403237533067,1.0,0.0,cartpole_sensor_noise
cartpole,random,23,328,-0.021006594946607563,-0.04980438388724776,0.7233288115889654,0.11129816259178538,0,push_left,0.3333333333333333,0.3333333333333333,0.3333333333333333,1.0,0.19116023358969983,1.0,0.0,cartpole_sensor_noise
cartpole,random,23,329,-0.07477660706079751,-0.14564329480656577,0.7539061468377616,0.26469617570209336,1,push_right,0.3333333333333333,0.3333333333333333,0.3333333333333333,1.0,0.3161589618905172,1.0,0.0,cartpole_sensor_noise
cartpole,random,23,330,0.10129257744890915,0.0005346827318055414,0.9409359578950037,0.15241091349702898,2,stabilize,0.3333333333333333,0.3333333333333333,0.3333333333333333,1.0,0.16629236640876316,1.0,0.0,cartpole_sensor_noise
cartpole,random,23,331,-0.0432552657147097,-0.07132136918276713,0.9499851171008187,0.1913196873596199,1,push_right,0.3333333333333333,0.3333333333333333,0.3333333333333333,0.0,0.9656983930483533,1.0,0.0,cartpole_sensor_noise
cartpole,random,23,332,-0.05944862289901535,0.13403461573733724,0.015127833793304325,0.06411142967301772,0,push_left,0.3333333333333333,0.3333333333333333,0.3333333333333333,1.0,0.28285497392436726,1.0,0.0,cartpole_sensor_noise
cartpole,random,23,333,0.01701080653008337,-0.13752536836850743,0.008626213133026958,0.08344523132593559,1,push_right,0.3333333333333333,0.3333333333333333,0.3333333333333333,1.0,0.17121846374241922,1.0,0.0,cartpole_sensor_noise
cartpole,random,23,334,0.02297288537514584,0.012270251824598935,0.07486848276171613,0.13297754227103542,2,stabilize,0.3333333333333333,0.3333333333333333,0.3333333333333333,1.0,0.18402008899911035,1.0,0.0,cartpole_sensor_noise
cartpole,random,23,335,0.038562980239226774,0.09768199261920657,0.14667205882849854,-0.012519616106116412,1,push_right,0.3333333333333333,0.3333333333333333,0.3333333333333333,1.0,0.18104376403413383,1.0,0.0,cartpole_sensor_noise
cartpole,random,23,336,0.017751625712821434,0.08373898731758436,0.09524316708104541,-0.18428804660255857,1,push_right,0.3333333333333333,0.3333333333333333,0.3333333333333333,1.0,0.14475223365635817,1.0,0.0,cartpole_sensor_noise
cartpole,random,23,337,-0.020282250394233325,0.17161392531311856,0.03599321681354431,-0.2752499731562425,0,push_left,0.3333333333333333,0.3333333333333333,0.3333333333333333,1.0,0.20514734411716665,1.0,0.0,cartpole_sensor_noise
cartpole,random,23,338,0.065320947492353,0.21084890288578478,0.02497893580014717,-0.09332463831101698,2,stabilize,0.3333333333333333,0.3333333333333333,0.3333333333333333,1.0,0.238613623684028,1.0,0.0,cartpole_sensor_noise
cartpole,random,23,339,-0.022313576473014105,0.0096642029124819,0.010801402812553484,-0.0006943750488182937,2,stabilize,0.3333333333333333,0.3333333333333333,0.3333333333333333,1.0,0.19252911859492594,1.0,0.0,cartpole_sensor_noise
cartpole,random,23,340,0.07980848777204594,0.13347065140538256,-0.09554025256176833,-0.0020947839500305987,1,push_left,0.3333333333333333,0.3333333333333333,0.3333333333333333,1.0,0.24269148263025653,1.0,0.0,cartpole_sensor_noise
cartpole,random,23,341,0.045880338619291465,-0.09574443449700931,-0.0819812202167314,0.06878986511424777,1,push_right,0.3333333333333333,0.3333333333333333,0.3333333333333333,1.0,0.12732028172175688,1.0,0.0,cartpole_sensor_noise
cartpole,random,23,342,0.015380113013092108,-0.004644509645730475,-0.08709868815991147,-0.014605611919104318,1,stabilize,0.3333333333333333,0.3333333333333333,0.3333333333333333,1.0,0.19029193002270267,1.0,0.0,cartpole_sensor_noise
cartpole,random,23,343,0.09701569440692819,-0.009872404736011517,-0.06716383726725739,0.15604584958963344,0,push_left,0.3333333333333333,0.3333333333333333,0.3333333333333333,1.0,0.24583270156549564,1.0,0.0,cartpole_sensor_noise
cartpole,random,23,344,-0.057870934519067545,-0.19037112821689037,-0.011969965697164797,0.12745045307536407,0,push_left,0.3333333333333333,0.3333333333333333,0.3333333333333333,1.0,0.1586231021459063,1.0,0.0,cartpole_sensor_noise
cartpole,random,23,345,-0.06492045645279487,-0.285439913036956,0.05288286692886913,0.23638910107556743,1,push_right,0.3333333333333333,0.3333333333333333,0.3333333333333333,1.0,0.2682082618508883,1.0,0.0,cartpole_sensor_noise
cartpole,random,23,346,0.15698913539159823,-0.15958453408115733,0.13378708965030958,0.21887524638102926,2,stabilize,0.3333333333333333,0.3333333333333333,0.3333333333333333,1.0,0.198900595630067,1.0,0.0,cartpole_sensor_noise
cartpole,random,23,347,-0.0075586909082745336,-0.08966717798148274,0.07619825580035446,0.15344933917435852,0,push_left,0.3333333333333333,0.3333333333333333,0.3333333333333333,1.0,0.12545231012880673,1.0,0.0,cartpole_sensor_noise
cartpole,random,23,348,-0.05799199954370405,-0.14900057851195384,0.16650363798987486,0.19242688432324082,0,push_left,0.3333333333333333,0.3333333333333333,0.3333333333333333,1.0,0.08073315909643984,1.0,0.0,cartpole_sensor_noise
cartpole,random,23,349,-0.12145368109223832,-0.15598890056239603,0.19177572771859544,0.23488795812485697,0,push_left,0.3333333333333333,0.3333333333333333,0.3333333333333333,1.0,0.18417124149842232,1.0,0.0,cartpole_sensor_noise
cartpole,random,23,350,-0.06202453675313696,-0.18842961025367705,0.2989969037662475,0.3684485913963299,1,push_right,0.3333333333333333,0.3333333333333333,0.3333333333333333,1.0,0.192912832136936,1.0,0.0,cartpole_sensor_noise
cartpole,random,23,351,-0.17280833239908253,-0.2775827093948085,0.3711630675396873,0.2598848721107064,1,push_right,0.3333333333333333,0.3333333333333333,0.3333333333333333,1.0,0.27718971550779903,1.0,0.0,cartpole_sensor_noise
cartpole,random,23,352,-0.14279224523123304,-0.22574052336131986,0.6336178739492047,0.19383159638392236,0,push_left,0.3333333333333333,0.3333333333333333,0.3333333333333333,1.0,0.26634222116690237,1.0,0.0,cartpole_sensor_noise
cartpole,random,23,353,0.06431509368337297,-0.1625590124163463,0.5684780612648184,0.3345782852330136,1,push_left,0.3333333333333333,0.3333333333333333,0.3333333333333333,1.0,0.29278373931494295,1.0,0.0,cartpole_sensor_noise
cartpole,random,23,354,-0.0960117550363424,-0.24574886289763279,0.797456703701761,0.36038234831389165,1,push_right,0.3333333333333333,0.3333333333333333,0.3333333333333333,1.0,0.21465914496772046,1.0,0.0,cartpole_sensor_noise
cartpole,random,23,355,0.013384441173542073,-0.27594242278829473,0.9514024983249583,0.4578506099791264,1,push_right,0.3333333333333333,0.3333333333333333,0.3333333333333333,1.0,0.3496882906726138,1.0,0.0,cartpole_sensor_noise
cartpole,random,23,356,-0.033664525298041724,-0.20578305120686075,0.9530438759620142,0.118522945551009,2,stabilize,0.3333333333333333,0.3333333333333333,0.3333333333333333,0.0,0.7305082037385038,1.0,0.0,cartpole_sensor_noise
cartpole,random,23,357,-0.0677167154151475,-0.14863294084013431,0.23891678355944906,-0.020181938498591526,0,push_right,0.3333333333333333,0.3333333333333333,0.3333333333333333,1.0,0.2500959785907831,1.0,0.0,cartpole_sensor_noise
cartpole,random,23,358,-0.041787461912022685,0.06200851507920312,0.13768106500152225,0.06500713742252745,2,stabilize,0.3333333333333333,0.3333333333333333,0.3333333333333333,1.0,0.0883304307233831,1.0,0.0,cartpole_sensor_noise
cartpole,random,23,359,-0.016013688670962783,0.07293043385507642,0.1073317247067785,-0.013080037187800691,1,push_right,0.3333333333333333,0.3333333333333333,0.3333333333333333,1.0,0.18028195107252254,1.0,0.0,cartpole_sensor_noise
cartpole,random,23,360,0.011450476385536902,0.0664683415984545,0.23433917241357213,-0.1378784791289473,1,push_right,0.3333333333333333,0.3333333333333333,0.3333333333333333,1.0,0.15874556280975477,1.0,0.0,cartpole_sensor_noise
cartpole,random,23,361,0.0532880621755825,0.20946546566611984,0.2780587588069048,-0.17089651058176142,0,push_left,0.3333333333333333,0.3333333333333333,0.3333333333333333,1.0,0.3038781270411324,1.0,0.0,cartpole_sensor_noise
cartpole,random,23,362,0.14361295958954062,-0.006592073771315127,0.2327784316532587,0.017390930917358556,2,push_left,0.3333333333333333,0.3333333333333333,0.3333333333333333,1.0,0.275201776931596,1.0,0.0,cartpole_sensor_noise
cartpole,random,23,363,0.02117864548973635,0.00010047435116901544,-0.011150879231310001,0.05202556456961577,2,push_right,0.3333333333333333,0.3333333333333333,0.3333333333333333,1.0,0.29846031649364424,1.0,0.0,cartpole_sensor_noise
cartpole,random,23,364,-0.00483064381355898,0.1462410133159709,0.22523690779918504,-0.053642947321705624,2,stabilize,0.3333333333333333,0.3333333333333333,0.3333333333333333,1.0,0.14206829030558815,1.0,0.0,cartpole_sensor_noise
cartpole,random,23,365,0.03940713028489483,0.09605502339578163,0.11960470784053041,0.013807947415076814,1,push_right,0.3333333333333333,0.3333333333333333,0.3333333333333333,1.0,0.10141113326225482,1.0,0.0,cartpole_sensor_noise
cartpole,random,23,366,0.026610979144037337,0.10602696801746325,0.21647451451588967,-0.011436405233699383,1,push_right,0.3333333333333333,0.3333333333333333,0.3333333333333333,1.0,0.2192649177468969,1.0,0.0,cartpole_sensor_noise
cartpole,random,23,367,0.010040917753213767,0.13329270450370015,0.15654045048168694,-0.21992387440694483,2,stabilize,0.3333333333333333,0.3333333333333333,0.3333333333333333,1.0,0.23563467474298722,1.0,0.0,cartpole_sensor_noise
cartpole,random,23,368,-0.0836817183040047,0.021323998005962352,0.0560537988054613,-0.06466535118891373,1,push_right,0.3333333333333333,0.3333333333333333,0.3333333333333333,1.0,0.2288469504762103,1.0,0.0,cartpole_sensor_noise
cartpole,random,23,369,-0.033701293742259705,0.19629343616928074,-0.06523209279202917,-0.13210652637961795,2,stabilize,0.3333333333333333,0.3333333333333333,0.3333333333333333,1.0,0.2428550217107721,1.0,0.0,cartpole_sensor_noise
cartpole,random,23,370,0.032872727269495194,0.048340766030830595,-0.017653999609188866,0.04222876478213718,2,stabilize,0.3333333333333333,0.3333333333333333,0.3333333333333333,1.0,0.14137829410643665,1.0,0.0,cartpole_sensor_noise
cartpole,random,23,371,0.03983285132643362,-0.03259331625977572,0.04682065752244524,-0.0538549051576279,1,push_right,0.3333333333333333,0.3333333333333333,0.3333333333333333,1.0,0.17587034262151088,1.0,0.0,cartpole_sensor_noise
cartpole,random,23,372,0.07032173152894972,0.12915912637377022,0.10858200981106622,-0.04911272597854435,1,push_right,0.3333333333333333,0.3333333333333333,0.3333333333333333,1.0,0.24427100784790434,1.0,0.0,cartpole_sensor_noise
cartpole,random,23,373,-0.08781681829029346,0.12834424148041898,-0.05910346739470782,-0.12999190149968892,0,push_left,0.3333333333333333,0.3333333333333333,0.3333333333333333,1.0,0.24849319172826376,1.0,0.0,cartpole_sensor_noise
cartpole,random,23,374,0.1227371271401562,0.023426514500821498,-0.0002790266534280113,-0.07569772008140814,2,stabilize,0.3333333333333333,0.3333333333333333,0.3333333333333333,1.0,0.17104871036812092,1.0,0.0,cartpole_sensor_noise
cartpole,random,23,375,0.06870414849748609,-0.08260953390003943,0.08993938543292307,0.007699480697429144,2,stabilize,0.3333333333333333,0.3333333333333333,0.3333333333333333,1.0,0.20129392615844333,1.0,0.0,cartpole_sensor_noise
cartpole,random,23,376,-0.029934457863727417,0.0651560166184516,-0.001765564080790618,0.03104930635101589,1,push_right,0.3333333333333333,0.3333333333333333,0.3333333333333333,1.0,0.1236027271635884,1.0,0.0,cartpole_sensor_noise
cartpole,random,23,377,0.03129648071958735,0.10589049884045591,-0.0329417536415334,-0.06327541726406108,1,push_right,0.3333333333333333,0.3333333333333333,0.3333333333333333,1.0,0.20689811074756267,1.0,0.0,cartpole_sensor_noise
cartpole,random,23,378,-0.0027497914989258604,0.20710527997842573,-0.11715271792853743,-0.21919770929435226,1,push_left,0.3333333333333333,0.3333333333333333,0.3333333333333333,1.0,0.24051669905210996,1.0,0.0,cartpole_sensor_noise
cartpole,random,23,379,0.05231865076136901,0.0365762408582979,-0.09845859703225576,-0.059867467812614344,0,push_left,0.3333333333333333,0.3333333333333333,0.3333333333333333,1.0,0.0845465402184061,1.0,0.0,cartpole_sensor_noise
cartpole,random,23,380,0.043511289252184365,0.0031644638824974564,-0.05391347432293664,0.003139936897309771,0,push_left,0.3333333333333333,0.3333333333333333,0.3333333333333333,1.0,0.15093373612012242,1.0,0.0,cartpole_sensor_noise
cartpole,random,23,381,0.036605679396077465,-0.063364790286959,-0.18792161110008138,-0.015541146285094724,0,push_left,0.3333333333333333,0.3333333333333333,0.3333333333333333,1.0,0.10077322657729265,1.0,0.0,cartpole_sensor_noise
cartpole,random,23,382,-0.02015354586311901,-0.03135956674681595,-0.16902991372509524,0.05897330183881994,1,push_right,0.3333333333333333,0.3333333333333333,0.3333333333333333,1.0,0.15446049505582246,1.0,0.0,cartpole_sensor_noise
cartpole,random,23,383,-0.02944801477075097,0.07221417630544079,-0.08915323159015903,0.1406057266580931,2,stabilize,0.3333333333333333,0.3333333333333333,0.3333333333333333,1.0,0.2521079740238983,1.0,0.0,cartpole_sensor_noise
cartpole,random,23,384,0.15744848456336508,-0.04341364769385356,-0.11932913683240369,0.020823632156925648,0,push_left,0.3333333333333333,0.3333333333333333,0.3333333333333333,1.0,0.2500759959788112,1.0,0.0,cartpole_sensor_noise
cartpole,random,23,385,0.027517742726676068,-0.22844909588693668,-0.2065729655035179,0.08251968844379194,1,push_right,0.3333333333333333,0.3333333333333333,0.3333333333333333,1.0,0.23882477712029787,1.0,0.0,cartpole_sensor_noise
cartpole,random,23,386,-0.0557576835689889,-0.16243854284387566,-0.002594436653239475,0.14684576555767004,2,stabilize,0.3333333333333333,0.3333333333333333,0.3333333333333333,1.0,0.24894725973118736,1.0,0.0,cartpole_sensor_noise
cartpole,random,23,387,-0.11285426679431632,-0.016773805138193886,-0.05296374010498366,-0.040128659887580534,2,stabilize,0.3333333333333333,0.3333333333333333,0.3333333333333333,1.0,0.24405033123530745,1.0,0.0,cartpole_sensor_noise
cartpole,random,23,388,0.09121574004642818,0.04897235307554467,0.004223837606202009,-0.14173092423116163,0,push_left,0.3333333333333333,0.3333333333333333,0.3333333333333333,1.0,0.18881413473552125,1.0,0.0,cartpole_sensor_noise
cartpole,random,23,389,0.017383611472544074,0.03365031284882881,0.04351684206721509,0.026854036989852174,2,stabilize,0.3333333333333333,0.3333333333333333,0.3333333333333333,1.0,0.16681743309451086,1.0,0.0,cartpole_sensor_noise
cartpole,random,23,390,0.09623888330868074,0.10311045397277496,-0.08402348366715565,0.049628061546409814,0,push_left,0.3333333333333333,0.3333333333333333,0.3333333333333333,1.0,0.23791671613682747,1.0,0.0,cartpole_sensor_noise
cartpole,random,23,391,-0.021513244818200418,-0.09581431470736211,-0.02780694645630269,0.052355237466118476,0,push_left,0.3333333333333333,0.3333333333333333,0.3333333333333333,1.0,0.26840067002875406,1.0,0.0,cartpole_sensor_noise
cartpole,random,23,392,0.062259600289295614,0.11148784862149458,-0.1269955192497469,0.16284718378283075,0,push_left,0.3333333333333333,0.3333333333333333,0.3333333333333333,1.0,0.2357068120611814,1.0,0.0,cartpole_sensor_noise
cartpole,random,23,393,0.10627309229511969,-0.07895104836856909,0.0036795087291128306,0.14618653105160487,1,push_right,0.3333333333333333,0.3333333333333333,0.3333333333333333,1.0,0.25749439814901104,1.0,0.0,cartpole_sensor_noise
cartpole,random,23,394,0.12324344912495887,-0.07610220702440224,0.2534700356539342,0.08608703996552987,2,stabilize,0.3333333333333333,0.3333333333333333,0.3333333333333333,1.0,0.21106724878702543,1.0,0.0,cartpole_sensor_noise
cartpole,random,23,395,0.01931473875123201,-0.09435185867763127,0.11242226117205284,-0.030191428371571193,0,push_left,0.3333333333333333,0.3333333333333333,0.3333333333333333,1.0,0.19583756593170853,1.0,0.0,cartpole_sensor_noise
cartpole,random,23,396,-0.06777721474495152,-0.12235101962593983,0.18186211962328308,0.12843233060147394,0,push_left,0.3333333333333333,0.3333333333333333,0.3333333333333333,1.0,0.13600481742587336,1.0,0.0,cartpole_sensor_noise
cartpole,random,23,397,0.037837415169903105,-0.15496521631918558,0.19093209395908298,0.20715278569794587,2,stabilize,0.3333333333333333,0.3333333333333333,0.3333333333333333,1.0,0.2000124875318549,1.0,0.0,cartpole_sensor_noise
cartpole,random,23,398,-0.08342661727344328,-0.013602632526400538,0.2118804875329514,0.13731143466317863,0,push_left,0.3333333333333333,0.3333333333333333,0.3333333333333333,1.0,0.0996419347674502,1.0,0.0,cartpole_sensor_noise
cartpole,random,23,399,-0.013315407009715511,-0.058696691085978345,0.26646439059843147,0.13707317363027355,1,push_right,0.3333333333333333,0.3333333333333333,0.3333333333333333,1.0,0.18841207063238571,1.0,0.0,cartpole_sensor_noise
cartpole,random,23,400,-0.06340683426438581,-0.1417308311647985,0.34537436020831636,-0.0038825128570444817,0,push_left,0.3333333333333333,0.3333333333333333,0.3333333333333333,1.0,0.16493683880560653,1.0,0.0,cartpole_sensor_noise
cartpole,random,23,401,0.006437901545368144,-0.05739556195473296,0.39174195092488995,0.11041308011686851,2,stabilize,0.3333333333333333,0.3333333333333333,0.3333333333333333,1.0,0.06463003109752309,0.0,0.0,none
cartpole,random,23,402,0.017559564051528774,-0.062407483657201133,0.44875590215150385,0.13829926933561051,1,push_right,0.3333333333333333,0.3333333333333333,0.3333333333333333,1.0,0.10905810543126407,0.0,0.0,none
cartpole,random,23,403,0.01599937677383423,0.002151898884524902,0.49496568330432467,0.06354648726327079,1,push_right,0.3333333333333333,0.3333333333333333,0.3333333333333333,1.0,0.10027793297145267,0.0,0.0,none
cartpole,random,23,404,0.01605317462235689,0.06665147840976715,0.5161984154603362,-0.01024129135268075,1,push_right,0.3333333333333333,0.3333333333333333,0.3333333333333333,1.0,0.0977262305382952,0.0,0.0,none
cartpole,random,23,405,0.017719461272160213,0.13112425804138184,0.5127764829303314,-0.08358425753457206,1,push_right,0.3333333333333333,0.3333333333333333,0.3333333333333333,1.0,0.10167883417518336,0.0,0.0,none
cartpole,random,23,406,0.02099756772319476,0.19560404618581137,0.48484857725357383,-0.157002432005746,1,push_right,0.3333333333333333,0.3333333333333333,0.3333333333333333,1.0,0.11142696200144221,0.0,0.0,none
cartpole,random,23,407,0.025887669374545418,0.260123868783315,0.4323895549432759,-0.23101120335715158,1,push_right,0.3333333333333333,0.3333333333333333,0.3333333333333333,1.0,0.12574976690608003,0.0,0.0,none
cartpole,random,23,408,0.032390765845775604,0.32471440235773724,0.35520203784997256,-0.3061168875013079,1,push_right,0.3333333333333333,0.3333333333333333,0.3333333333333333,1.0,0.14350684190068438,0.0,0.0,none
cartpole,random,23,409,0.0405086266497771,0.38940219084421795,0.25291952497919307,-0.38281168256487164,1,push_right,0.3333333333333333,0.3333333333333333,0.3333333333333333,1.0,0.16388264913366257,0.0,0.0,none
cartpole,random,23,410,0.05024367943406105,0.4542076587677002,0.12501109578159944,-0.46156723158700125,0,push_left,0.3333333333333333,0.3333333333333333,0.3333333333333333,1.0,0.1885196142640632,0.0,0.0,none
cartpole,random,23,411,0.061598873386780426,0.3890673319498698,-0.02921185053902765,-0.3756444454193115,2,stabilize,0.3333333333333333,0.3333333333333333,0.3333333333333333,1.0,0.16424550816327782,0.0,0.0,none
cartpole,random,23,412,0.07132555668552717,0.32405269145965576,-0.15472551376552174,-0.29256980759756906,1,push_right,0.3333333333333333,0.3333333333333333,0.3333333333333333,1.0,0.14611331254347892,0.0,0.0,none
cartpole,random,23,413,0.07942687099178633,0.3892321189244588,-0.25248152330553336,-0.3790502888815744,0,push_left,0.3333333333333333,0.3333333333333333,0.3333333333333333,1.0,0.1629071237481714,0.0,0.0,none
cartpole,random,23,414,0.08915767694513003,0.32442686955134076,-0.3791331960364003,-0.3002868720463344,0,push_left,0.3333333333333333,0.3333333333333333,0.3333333333333333,1.0,0.14185082512969108,0.0,0.0,none
cartpole,random,23,415,0.0972683479388555,0.2597656051317851,-0.4794676932628513,-0.22407805919647217,0,push_left,0.3333333333333333,0.3333333333333333,0.3333333333333333,1.0,0.12372764431995446,0.0,0.0,none
cartpole,random,23,416,0.10376248508691788,0.19522935152053833,-0.5543386665904152,-0.14994462898799352,0,push_left,0.3333333333333333,0.3333333333333333,0.3333333333333333,1.0,0.10931881046103484,0.0,0.0,none
cartpole,random,23,417,0.10864322384198508,0.13079183300336203,-0.6044394645599875,-0.07738777569362096,1,push_right,0.3333333333333333,0.3333333333333333,0.3333333333333333,1.0,0.11771061046300917,0.0,0.0,none
cartpole,random,23,418,0.11191302289565405,0.19635186592737833,-0.6302969979215636,-0.17161285877227783,2,stabilize,0.3333333333333333,0.3333333333333333,0.3333333333333333,1.0,0.11174911209865682,0.0,0.0,none
cartpole,random,23,419,0.11682181308666865,0.13200133045514426,-0.6876378042316664,-0.10065647533961705,0,push_left,0.3333333333333333,0.3333333333333333,0.3333333333333333,1.0,0.10066431005554219,0.0,0.0,none
cartpole,random,23,420,0.12012184907992682,0.06773099303245544,-0.7212700451188554,-0.030938406075750078,0,push_left,0.3333333333333333,0.3333333333333333,0.3333333333333333,1.0,0.09483464577725166,0.0,0.0,none
cartpole,random,23,421,0.12181511769692104,0.003507668152451515,-0.7316074678607659,0.03804887618337359,1,push_right,0.3333333333333333,0.3333333333333333,0.3333333333333333,1.0,0.11719112917212962,0.0,0.0,none
cartpole,random,23,422,0.12190281103054683,0.06915676593780518,-0.7188941812173848,-0.05819207855633327,2,stabilize,0.3333333333333333,0.3333333333333333,0.3333333333333333,1.0,0.09629551177081612,0.0,0.0,none
cartpole,random,23,423,0.12363173067569733,0.004929029072324435,-0.7383378849393712,0.010848319956234522,2,stabilize,0.3333333333333333,0.3333333333333333,0.3333333333333333,1.0,0.0940392497397277,0.0,0.0,none
cartpole,random,23,424,0.12375496327877045,-0.05927247305711111,-0.7347130974607992,0.07946605341775077,2,stabilize,0.3333333333333333,0.3333333333333333,0.3333333333333333,1.0,0.09772369314415345,0.0,0.0,none
cartpole,random,23,425,0.12227314213911693,-0.12348228693008423,-0.7081612197766726,0.14816701412200928,2,stabilize,0.3333333333333333,0.3333333333333333,0.3333333333333333,1.0,0.10672056166643266,0.0,0.0,none
cartpole,random,23,426,0.11918609340985617,-0.18773426612218222,-0.6586543700006526,0.21745267936161586,1,push_right,0.3333333333333333,0.3333333333333333,0.3333333333333333,1.0,0.13652239463947657,0.0,0.0,none
cartpole,random,23,427,0.1144927367568016,-0.12215900421142578,-0.5859971259829537,0.12238877160208565,1,push_right,0.3333333333333333,0.3333333333333333,0.3333333333333333,1.0,0.12164948744984047,0.0,0.0,none
cartpole,random,23,428,0.11143875618775687,-0.05661657452583313,-0.5451035030132831,0.028467674340520586,2,stabilize,0.3333333333333333,0.3333333333333333,0.3333333333333333,1.0,0.09765060901827914,0.0,0.0,none
cartpole,random,23,429,0.11002334455649058,-0.12105517586072286,-0.535591618826964,0.10120575768607003,0,push_left,0.3333333333333333,0.3333333333333333,0.3333333333333333,1.0,0.1030906440895586,0.0,0.0,none
cartpole,random,23,430,0.10699696838855743,-0.18550936381022134,-0.5017758696062183,0.17414871283939906,1,push_right,0.3333333333333333,0.3333333333333333,0.3333333333333333,1.0,0.12749927323553123,0.0,0.0,none
cartpole,random,23,431,0.10235923031965892,-0.12003529071807861,-0.4435877597986372,0.08161847080503191,0,push_left,0.3333333333333333,0.3333333333333333,0.3333333333333333,1.0,0.10258578616805895,0.0,0.0,none
cartpole,random,23,432,0.09935834755500159,-0.18459602197011313,-0.4163166788142166,0.15647191660744802,0,push_left,0.3333333333333333,0.3333333333333333,0.3333333333333333,1.0,0.112321770949131,0.0,0.0,none
cartpole,random,23,433,0.09474344551563263,-0.24919446309407553,-0.3640348700748708,0.23189430577414377,2,stabilize,0.3333333333333333,0.3333333333333333,0.3333333333333333,1.0,0.13582506341551062,0.0,0.0,none
cartpole,random,23,434,0.0885135866701603,-0.1838347315788269,-0.28655229932084003,0.14170454229627336,0,push_left,0.3333333333333333,0.3333333333333333,0.3333333333333333,1.0,0.11201019190168962,0.0,0.0,none
cartpole,random,23,435,0.08391771465539932,-0.248576819896698,-0.23920471315452194,0.2197547129222325,0,push_left,0.3333333333333333,0.3333333333333333,0.3333333333333333,1.0,0.1259767525584412,0.0,0.0,none
cartpole,random,23,436,0.07770329713821411,-0.3133760492006938,-0.16577831671744372,0.2987556457519531,1,push_right,0.3333333333333333,0.3333333333333333,0.3333333333333333,1.0,0.14761075688257666,0.0,0.0,none
cartpole,random,23,437,0.0698688936730226,-0.2481876015663147,-0.06595542454349682,0.21207569326673234,0,push_left,0.3333333333333333,0.3333333333333333,0.3333333333333333,1.0,0.12675489383497793,0.0,0.0,none
cartpole,random,23,438,0.06366420537233353,-0.31316377719243366,0.0049051915368772065,0.29444786480494906,0,push_left,0.3333333333333333,0.3333333333333333,0.3333333333333333,1.0,0.14484416409705156,0.0,0.0,none
cartpole,random,23,439,0.055835110445817314,-0.3782089948654175,0.10328872356039244,0.3781636783054897,0,push_left,0.3333333333333333,0.3333333333333333,0.3333333333333333,1.0,0.1661725809417481,0.0,0.0,none
cartpole,random,23,440,0.04637988594671091,-0.44333847363789874,0.2296441423580015,0.46369954517909456,0,push_left,0.3333333333333333,0.3333333333333333,0.3333333333333333,1.0,0.18997129885691633,0.0,0.0,none
cartpole,random,23,441,0.0352964239815871,-0.5085565249125162,0.38457955267093635,0.5514940534319196,2,stabilize,0.3333333333333333,0.3333333333333333,0.3333333333333333,1.0,0.21002528036390816,0.0,0.0,none
cartpole,random,23,442,0.022582511107126873,-0.4438325564066569,0.5688496236300412,0.4753079414367676,2,stabilize,0.3333333333333333,0.3333333333333333,0.3333333333333333,1.0,0.18640150831783792,0.0,0.0,none
cartpole,random,23,443,0.011486697476357222,-0.37931593259175617,0.7276637457435626,0.4029333250863211,2,stabilize,0.3333333333333333,0.3333333333333333,0.3333333333333333,1.0,0.1646482133646818,0.0,0.0,none
cartpole,random,23,444,0.0020037987269461155,-0.31500311692555744,0.8622954170573014,0.3339602606637137,0,push_left,0.3333333333333333,0.3333333333333333,0.3333333333333333,1.0,0.16264150398823918,0.0,0.0,none
cartpole,random,23,445,-0.005871279475589594,-0.3806538184483846,0.9738811445122403,0.43208697863987516,1,push_right,0.3333333333333333,0.3333333333333333,0.3333333333333333,0.0,1.133201022305347,0.0,0.0,none
cartpole,random,23,446,0.0047037063632160425,-0.005066259453694026,-0.009306899865373508,0.012196538703782218,0,push_left,0.3333333333333333,0.3333333333333333,0.3333333333333333,1.0,0.10587361096672994,0.0,0.0,none
cartpole,random,23,447,0.004577049985527992,-0.07009757061799367,-0.005231684558360275,0.09564428670065743,0,push_left,0.3333333333333333,0.3333333333333333,0.3333333333333333,1.0,0.11059099423954602,0.0,0.0,none
cartpole,random,23,448,0.002824610758883258,-0.13513301809628805,0.026725832737431038,0.17916916097913468,0,push_left,0.3333333333333333,0.3333333333333333,0.3333333333333333,1.0,0.12209072148226632,0.0,0.0,none
cartpole,random,23,449,-0.0005537147323290508,-0.200199564297994,0.08659143009732048,0.26329517364501953,0,push_left,0.3333333333333333,0.3333333333333333,0.3333333333333333,1.0,0.13881849209444275,0.0,0.0,none
cartpole,random,23,450,-0.005558703948433201,-0.26532034079233807,0.17456594756793295,0.348531859261649,0,push_left,0.3333333333333333,0.3333333333333333,0.3333333333333333,1.0,0.15935951984654487,0.0,0.0,none
cartpole,random,23,451,-0.012191712545851868,-0.33051158984502155,0.29102049607934705,0.43536445072719027,0,push_left,0.3333333333333333,0.3333333333333333,0.3333333333333333,1.0,0.18272467087367344,0.0,0.0,none
cartpole,random,23,452,-0.020454502664506435,-0.39577925205230713,0.43648833448960844,0.5242422989436558,1,push_right,0.3333333333333333,0.3333333333333333,0.3333333333333333,1.0,0.2015091974303026,0.0,0.0,none
cartpole,random,23,453,-0.030348983903725944,-0.3311127821604411,0.611652835741248,0.44911772864205496,1,push_right,0.3333333333333333,0.3333333333333333,0.3333333333333333,1.0,0.17846486613853538,0.0,0.0,none
cartpole,random,23,454,-0.038626802464326225,-0.26665236552556354,0.7617160642346221,0.37765397344316753,2,stabilize,0.3333333333333333,0.3333333333333333,0.3333333333333333,1.0,0.15732587081129992,0.0,0.0,none
cartpole,random,23,455,-0.045293113216757774,-0.20239015420277914,0.887901159914695,0.3094287599836077,1,push_right,0.3333333333333333,0.3333333333333333,0.3333333333333333,1.0,0.13821383046482905,0.0,0.0,none
cartpole,random,23,456,-0.05035286769270897,-0.1383082071940104,0.9912902529313627,0.2439943552017212,0,push_left,0.3333333333333333,0.3333333333333333,0.3333333333333333,0.0,0.8558216732808431,0.0,0.0,none
cartpole,random,23,457,-0.017523507898052536,-0.003573106291393439,0.18507796995395123,-0.007443861769778388,1,push_right,0.3333333333333333,0.3333333333333333,0.3333333333333333,1.0,0.10305689398859541,0.0,0.0,none
cartpole,random,23,458,-0.01761283570279678,0.06127524872620901,0.1825907563252779,-0.08750146627426147,2,stabilize,0.3333333333333333,0.3333333333333333,0.3333333333333333,1.0,0.1126011542146453,0.0,0.0,none
cartpole,random,23,459,-0.016080954422553383,-0.003939942767222722,0.1533539845721534,-0.00050225221951093,2,stabilize,0.3333333333333333,0.3333333333333333,0.3333333333333333,1.0,0.10353167739959207,0.0,0.0,none
cartpole,random,23,460,-0.016179452650249004,0.06094232698281606,0.15318617758147757,-0.08118100677217756,0,push_left,0.3333333333333333,0.3333333333333333,0.3333333333333333,1.0,0.11164174189045185,0.0,0.0,none
cartpole,random,23,461,-0.014655894289414089,-0.004245880680779616,0.12606125422764508,0.00528455525636673,2,stabilize,0.3333333333333333,0.3333333333333333,0.3333333333333333,1.0,0.10397902675367185,0.0,0.0,none
cartpole,random,23,462,-0.014762041779855888,0.06066526969273885,0.1278269795927626,-0.07592536721910749,0,push_left,0.3333333333333333,0.3333333333333333,0.3333333333333333,1.0,0.11085433269669179,0.0,0.0,none
cartpole,random,23,463,-0.013245409354567528,-0.004499308454493682,0.10245811718744993,0.010076850652694702,2,stabilize,0.3333333333333333,0.3333333333333333,0.3333333333333333,1.0,0.1043910584680223,0.0,0.0,none
cartpole,random,23,464,-0.013357892942925295,0.06043658157189687,0.10582508612646409,-0.07158999783652169,0,push_left,0.3333333333333333,0.3333333333333333,0.3333333333333333,1.0,0.11020516530169444,0.0,0.0,none
cartpole,random,23,465,-0.011846978062142929,-0.004707225287954013,0.08190480152007219,0.014007899378027235,0,push_left,0.3333333333333333,0.3333333333333333,0.3333333333333333,1.0,0.10730465498868029,0.0,0.0,none
cartpole,random,23,466,-0.01196465843046705,-0.06982847054799397,0.08658524202560752,0.09916417939322335,2,stabilize,0.3333333333333333,0.3333333333333333,0.3333333333333333,1.0,0.10972458290892478,0.0,0.0,none
cartpole,random,23,467,-0.013710370597740015,-0.004875372163951397,0.11971886303089115,0.017190435103007724,1,push_right,0.3333333333333333,0.3333333333333333,0.3333333333333333,1.0,0.10422275366009481,0.0,0.0,none
cartpole,random,23,468,-0.013832254335284233,0.06004247069358826,0.12546268276212325,-0.06414252093860082,1,push_right,0.3333333333333333,0.3333333333333333,0.3333333333333333,1.0,0.10617062071421815,0.0,0.0,none
cartpole,random,23,469,-0.012331192847341299,0.12495468060175578,0.1040308120569352,-0.1453646080834525,2,stabilize,0.3333333333333333,0.3333333333333333,0.3333333333333333,1.0,0.11803897128690974,0.0,0.0,none
cartpole,random,23,470,-0.009207325832297405,0.05981397132078806,0.0554602993274361,-0.05980157000677926,2,stabilize,0.3333333333333333,0.3333333333333333,0.3333333333333333,1.0,0.10865983749326923,0.0,0.0,none
cartpole,random,23,471,-0.007711977232247591,-0.005281411732236545,0.035478869066318065,0.024862813098090037,0,push_left,0.3333333333333333,0.3333333333333333,0.3333333333333333,1.0,0.10681238077053079,0.0,0.0,none
cartpole,random,23,472,-0.00784401238585512,-0.07035731275876363,0.04378625309552669,0.1091538667678833,2,stabilize,0.3333333333333333,0.3333333333333333,0.3333333333333333,1.0,0.1114117652343356,0.0,0.0,none
cartpole,random,23,473,-0.00960294467707475,-0.005360476051767667,0.08025771642641691,0.02636056286948068,2,stabilize,0.3333333333333333,0.3333333333333333,0.3333333333333333,1.0,0.10505611698806173,0.0,0.0,none
cartpole,random,23,474,-0.009736956562846899,0.05959851543108622,0.08906553852814195,-0.055734025580542426,1,push_right,0.3333333333333333,0.3333333333333333,0.3333333333333333,1.0,0.10620399468575457,0.0,0.0,none
cartpole,random,23,475,-0.008246994111686945,0.12454856435457866,0.07044319018970527,-0.13765940495899745,1,push_right,0.3333333333333333,0.3333333333333333,0.3333333333333333,1.0,0.11453022092347484,0.0,0.0,none
cartpole,random,23,476,-0.00513328006491065,0.1895187497138977,0.02444720869274868,-0.21994379588535853,1,push_right,0.3333333333333333,0.3333333333333333,0.3333333333333333,1.0,0.12871013152007743,0.0,0.0,none
cartpole,random,23,477,-0.00039531136280857027,0.25453577438990277,-0.049042366533973626,-0.3031057970864432,0,push_left,0.3333333333333333,0.3333333333333333,0.3333333333333333,1.0,0.14615254890312146,0.0,0.0,none
cartpole,random,23,478,0.00596808308425049,0.18954098224639893,-0.1503187709605779,-0.2204085077558245,2,stabilize,0.3333333333333333,0.3333333333333333,0.3333333333333333,1.0,0.12718813015323355,0.0,0.0,none
cartpole,random,23,479,0.010706607718020678,0.12464939554532369,-0.22396361699821274,-0.13966270003999984,1,push_right,0.3333333333333333,0.3333333333333333,0.3333333333333333,1.0,0.11892633115210731,0.0,0.0,none
cartpole,random,23,480,0.013822841768463453,0.18989986181259155,-0.27062895047636193,-0.22740370886666433,2,stabilize,0.3333333333333333,0.3333333333333333,0.3333333333333333,1.0,0.12701809764110936,0.0,0.0,none
cartpole,random,23,481,0.018570339307188988,0.125133216381073,-0.3466111094399682,-0.14902608735220774,2,stabilize,0.3333333333333333,0.3333333333333333,0.3333333333333333,1.0,0.11214672628714381,0.0,0.0,none
cartpole,random,23,482,0.021698670461773872,0.06045697629451752,-0.39640502884166057,-0.07218435832432338,1,push_right,0.3333333333333333,0.3333333333333333,0.3333333333333333,1.0,0.11445378342525156,0.0,0.0,none
cartpole,random,23,483,0.02321009368946155,0.1258581578731537,-0.420523891870048,-0.16294971534184047,1,push_right,0.3333333333333333,0.3333333333333333,0.3333333333333333,1.0,0.12475849965307592,0.0,0.0,none
cartpole,random,23,484,0.02635654682914416,0.19127142429351807,-0.4749701031637078,-0.25411713123321533,2,stabilize,0.3333333333333333,0.3333333333333333,0.3333333333333333,1.0,0.13003534601105549,0.0,0.0,none
cartpole,random,23,485,0.031138332560658455,0.12672439217567444,-0.5598779865551677,-0.17988332680293492,0,push_left,0.3333333333333333,0.3333333333333333,0.3333333333333333,1.0,0.11411821119333056,0.0,0.0,none
cartpole,random,23,486,0.03430644360681375,0.06228882074356079,-0.6199821936486729,-0.10743699754987444,1,push_right,0.3333333333333333,0.3333333333333333,0.3333333333333333,1.0,0.12047883092728269,0.0,0.0,none
cartpole,random,23,487,0.035863664622108146,0.12785698970158896,-0.6558799800554153,-0.20190862246922084,1,push_right,0.3333333333333333,0.3333333333333333,0.3333333333333333,1.0,0.1337592507029005,0.0,0.0,none
cartpole,random,23,488,0.039060087874531746,0.1934340000152588,-0.7233434759062628,-0.29693310601370676,1,push_right,0.3333333333333333,0.3333333333333333,0.3333333333333333,1.0,0.15295084161328473,0.0,0.0,none
cartpole,random,23,489,0.043895939985911056,0.25902565320332843,-0.8225573986982104,-0.392979485648019,1,push_right,0.3333333333333333,0.3333333333333333,0.3333333333333333,1.0,0.17633173299450083,0.0,0.0,none
cartpole,random,23,490,0.05037158106764158,0.3246272603670756,-0.9538632304116479,-0.4904789924621582,0,push_left,0.3333333333333333,0.3333333333333333,0.3333333333333333,0.0,1.261058231481728,0.0,0.0,none
cartpole,random,23,491,0.02067022646466891,0.004703334532678127,0.16591361854981124,-0.007639285176992416,2,stabilize,0.3333333333333333,0.3333333333333333,0.3333333333333333,1.0,0.10336354872617035,0.0,0.0,none
cartpole,random,23,492,0.020787810596326988,0.06957223018010457,0.16336112787729232,-0.08807261501039777,0,push_left,0.3333333333333333,0.3333333333333333,0.3333333333333333,1.0,0.11237453251453793,0.0,0.0,none
cartpole,random,23,493,0.022527116040388744,0.004374742197493712,0.13393351279181342,-0.0014220904558897018,0,push_left,0.3333333333333333,0.3333333333333333,0.3333333333333333,1.0,0.1079966193198076,0.0,0.0,none
cartpole,random,23,494,0.02263648435473442,-0.060796221097310386,0.13345835601515305,0.08469281877790179,2,stabilize,0.3333333333333333,0.3333333333333333,0.3333333333333333,1.0,0.1076455179815008,0.0,0.0,none
cartpole,random,23,495,0.02111657988280058,0.004107926661769549,0.16175667468573995,0.0036255368696791784,1,push_right,0.3333333333333333,0.3333333333333333,0.3333333333333333,1.0,0.10340517930821296,0.0,0.0,none
cartpole,random,23,496,0.021219276823103428,0.06898125012715657,0.1629680608508126,-0.07688908917563302,1,push_right,0.3333333333333333,0.3333333333333333,0.3333333333333333,1.0,0.10653842768763468,0.0,0.0,none
cartpole,random,23,497,0.0229438083867232,0.13385409116744995,0.1372772053346429,-0.1573810577392578,0,push_left,0.3333333333333333,0.3333333333333333,0.3333333333333333,1.0,0.12020577669687475,0.0,0.0,none
cartpole,random,23,498,0.02629016215602557,0.06868280967076619,0.08469164762690415,-0.0712085919720786,0,push_left,0.3333333333333333,0.3333333333333333,0.3333333333333333,1.0,0.10986557928062995,0.0,0.0,none
cartpole,random,23,499,0.02800723227361838,0.003559215304752191,0.0608988008450779,0.013998890561716897,2,stabilize,0.3333333333333333,0.3333333333333333,0.3333333333333333,1.0,0.10509404446731124,0.0,0.0,none
cartpole,random,23,500,0.028096210832397144,0.06853811939557393,0.06557623177837928,-0.06846694435392107,1,push_right,0.3333333333333333,0.3333333333333333,0.3333333333333333,1.0,0.10739576489762631,0.0,0.0,none
cartpole,random,23,501,0.029809664313991867,0.13351245721181235,0.042699450773669316,-0.15084353515080043,0,push_left,0.3333333333333333,0.3333333333333333,0.3333333333333333,1.0,0.1179607213628594,0.0,0.0,none
cartpole,random,23,502,0.03314747475087643,0.06843023995558421,-0.0077017281773480144,-0.06641831994056702,0,push_left,0.3333333333333333,0.3333333333333333,0.3333333333333333,1.0,0.10813561359416532,0.0,0.0,none
cartpole,random,23,503,0.034858230501413345,0.003397286869585514,-0.0298940076499395,0.01705983281135559,1,push_right,0.3333333333333333,0.3333333333333333,0.3333333333333333,1.0,0.10655514956431049,0.0,0.0,none
cartpole,random,23,504,0.0349431640158097,0.06846768160661061,-0.024193824493372925,-0.06712653381483895,1,push_right,0.3333333333333333,0.3333333333333333,0.3333333333333333,1.0,0.10866792840687084,0.0,0.0,none
cartpole,random,23,505,0.036654857297738395,0.1335323452949524,-0.04662273713967681,-0.15120579515184676,1,push_right,0.3333333333333333,0.3333333333333333,0.3333333333333333,1.0,0.11806699918969854,0.0,0.0,none
cartpole,random,23,506,0.039993164439996086,0.1986183524131775,-0.09714495524017225,-0.23570425169808523,2,stabilize,0.3333333333333333,0.3333333333333333,0.3333333333333333,1.0,0.1308902338745537,0.0,0.0,none
cartpole,random,23,507,0.04495862250526746,0.133672426144282,-0.1759005617128067,-0.15392908028193883,1,push_right,0.3333333333333333,0.3333333333333333,0.3333333333333333,1.0,0.1202315382507131,0.0,0.0,none
cartpole,random,23,508,0.04830043452481429,0.19887912273406982,-0.22733270197324368,-0.2408041443143572,2,stabilize,0.3333333333333333,0.3333333333333333,0.3333333333333333,1.0,0.1302994827658039,0.0,0.0,none
cartpole,random,23,509,0.053272414952516556,0.13406555851300558,-0.30779233980292636,-0.16156600202832902,1,push_right,0.3333333333333333,0.3333333333333333,0.3333333333333333,1.0,0.12309808400844581,0.0,0.0,none
cartpole,random,23,510,0.05662405242522558,0.1993870735168457,-0.3617761883360105,-0.25078902925763813,1,push_right,0.3333333333333333,0.3333333333333333,0.3333333333333333,1.0,0.1394433183022819,0.0,0.0,none
cartpole,random,23,511,0.06160872677961986,0.26474227507909137,-0.44557206812792577,-0.34093635422842844,0,push_left,0.3333333333333333,0.3333333333333333,0.3333333333333333,1.0,0.15099192652617302,0.0,0.0,none
cartpole,random,23,512,0.06822728241483371,0.20014317830403647,-0.5594887426189705,-0.26607177938733784,2,stabilize,0.3333333333333333,0.3333333333333333,0.3333333333333333,1.0,0.13166594353517883,0.0,0.0,none
cartpole,random,23,513,0.07323086261749268,0.13568925857543945,-0.6483909907375145,-0.19359442165919713,2,stabilize,0.3333333333333333,0.3333333333333333,0.3333333333333333,1.0,0.11539301320398047,0.0,0.0,none
cartpole,random,23,514,0.0766230933368206,0.07135613262653351,-0.7130764691528102,-0.12301766872406006,1,push_right,0.3333333333333333,0.3333333333333333,0.3333333333333333,1.0,0.12330764524233215,0.0,0.0,none
cartpole,random,23,515,0.07840699826677641,0.13698501388231912,-0.7541802731789382,-0.21895994458879744,0,push_left,0.3333333333333333,0.3333333333333333,0.3333333333333333,1.0,0.11897037191558311,0.0,0.0,none
cartpole,random,23,516,0.08183162659406662,0.07277344167232513,-0.8273410626413714,-0.1506474699292864,2,stabilize,0.3333333333333333,0.3333333333333333,0.3333333333333333,1.0,0.10533323265346078,0.0,0.0,none
cartpole,random,23,517,0.0836509590347608,0.008668805782993635,-0.8776767583906224,-0.08394894429615565,0,push_left,0.3333333333333333,0.3333333333333333,0.3333333333333333,1.0,0.09584941180774031,0.0,0.0,none
cartpole,random,23,518,0.08386767779787382,-0.05536102751890818,-0.9057265050655903,-0.018371090292930603,0,push_left,0.3333333333333333,0.3333333333333333,0.3333333333333333,1.0,0.09139383175222292,0.0,0.0,none
cartpole,random,23,519,0.08248365173737209,-0.11934988697369893,-0.9118648588230616,0.046580148594720025,1,push_right,0.3333333333333333,0.3333333333333333,0.3333333333333333,1.0,0.11986389763388207,0.0,0.0,none
cartpole,random,23,520,0.07949990530808768,-0.05359315872192383,-0.8963010760650999,-0.05237576365470886,0,push_left,0.3333333333333333,0.3333333333333333,0.3333333333333333,1.0,0.09300821777453878,0.0,0.0,none
cartpole,random,23,521,0.07816007981697719,-0.11759595076243083,-0.9138012985056511,0.012786482061658586,0,push_left,0.3333333333333333,0.3333333333333333,0.3333333333333333,1.0,0.0911895607747104,0.0,0.0,none
cartpole,random,23,522,0.07522018005450568,-0.18157426516215006,-0.9095289684423115,0.07755850894110543,2,stabilize,0.3333333333333333,0.3333333333333333,0.3333333333333333,1.0,0.09484239016917556,0.0,0.0,none
cartpole,random,23,523,0.07068082069357237,-0.245562473932902,-0.8836144621446196,0.14243085043770926,1,push_right,0.3333333333333333,0.3333333333333333,0.3333333333333333,1.0,0.12778776602189346,0.0,0.0,none
cartpole,random,23,524,0.06454175959030788,-0.17983476320902506,-0.836024207545351,0.04390643324170794,1,push_right,0.3333333333333333,0.3333333333333333,0.3333333333333333,1.0,0.11884910408203705,0.0,0.0,none
cartpole,random,23,525,0.060045892993609115,-0.11412118872006734,-0.8213537831864095,-0.053927106516701837,0,push_left,0.3333333333333333,0.3333333333333333,0.3333333333333333,1.0,0.09436823610300427,0.0,0.0,none
cartpole,random,23,526,0.057192860792080566,-0.17821985483169556,-0.8393723811056278,0.012885432158197676,1,push_right,0.3333333333333333,0.3333333333333333,0.3333333333333333,1.0,0.11806188564604482,0.0,0.0,none
cartpole,random,23,527,0.0527373639245828,-0.11250307162602742,-0.8350669768658914,-0.08499983378819057,0,push_left,0.3333333333333333,0.3333333333333333,0.3333333333333333,1.0,0.09667288418980284,0.0,0.0,none
cartpole,random,23,528,0.04992478837569555,-0.17658730347951254,-0.8634678788287543,-0.018484151789120266,1,push_right,0.3333333333333333,0.3333333333333333,0.3333333333333333,1.0,0.11844897463952542,0.0,0.0,none
cartpole,random,23,529,0.04551010516782602,-0.11085655291875203,-0.869644001161853,-0.11672871453421456,2,stabilize,0.3333333333333333,0.3333333333333333,0.3333333333333333,1.0,0.09977536934190685,0.0,0.0,none
cartpole,random,23,530,0.042738690972328186,-0.17490138610204062,-0.9086464213869737,-0.05096767629895892,2,stabilize,0.3333333333333333,0.3333333333333333,0.3333333333333333,1.0,0.0928115241331451,0.0,0.0,none
cartpole,random,23,531,0.038366156319777175,-0.23888816436131796,-0.9256762081228179,0.013920986226626806,1,push_right,0.3333333333333333,0.3333333333333333,0.3333333333333333,1.0,0.1192265487731845,0.0,0.0,none
cartpole,random,23,532,0.032393954073389374,-0.17312238613764444,-0.9210247697579833,-0.08523812464305333,1,push_right,0.3333333333333333,0.3333333333333333,0.3333333333333333,1.0,0.12235903592080777,0.0,0.0,none
cartpole,random,23,533,0.02806589317818483,-0.10736452539761861,-0.9495053342532429,-0.18432274886540004,1,push_right,0.3333333333333333,0.3333333333333333,0.3333333333333333,0.0,0.9041058974694697,0.0,0.0,none
cartpole,random,23,534,0.0006554324742561828,-0.004587194571892421,-0.06802990001255117,-0.01375305759055274,0,push_left,0.3333333333333333,0.3333333333333333,0.3333333333333333,1.0,0.10497875622644272,0.0,0.0,none
cartpole,random,23,535,0.000540752613839383,-0.06955876449743907,-0.0726251922956799,0.06857618689537048,1,push_right,0.3333333333333333,0.3333333333333333,0.3333333333333333,1.0,0.10949816165516171,0.0,0.0,none
cartpole,random,23,536,-0.0011982165354614458,-0.00444677999864022,-0.04971190966968036,-0.016407542995044162,2,stabilize,0.3333333333333333,0.3333333333333333,0.3333333333333333,1.0,0.10530786098678495,0.0,0.0,none
cartpole,random,23,537,-0.0013093860858740907,-0.06943714121977489,-0.055194141116517825,0.06627214806420463,0,push_left,0.3333333333333333,0.3333333333333333,0.3333333333333333,1.0,0.10740135270651166,0.0,0.0,none
cartpole,random,23,538,-0.003045314612487952,-0.13442208369572958,-0.033050704400693035,0.14884734153747559,0,push_left,0.3333333333333333,0.3333333333333333,0.3333333333333333,1.0,0.1166168312339271,0.0,0.0,none
cartpole,random,23,539,-0.006405866782491406,-0.19943002859751383,0.01668349477442466,0.2318453448159354,1,push_right,0.3333333333333333,0.3333333333333333,0.3333333333333333,1.0,0.1311276703058284,0.0,0.0,none
cartpole,random,23,540,-0.011391617202510437,-0.134405384461085,0.0941497240402249,0.1485363585608346,1,push_right,0.3333333333333333,0.3333333333333333,0.3333333333333333,1.0,0.11570875888634155,0.0,0.0,none
cartpole,random,23,541,-0.014751752217610678,-0.06945912043253581,0.14378000628692153,0.06670699800763812,0,push_left,0.3333333333333333,0.3333333333333333,0.3333333333333333,1.0,0.11043054540615978,0.0,0.0,none
cartpole,random,23,542,-0.016488229545454185,-0.1346388260523478,0.16606874710620162,0.1530013084411621,1,push_right,0.3333333333333333,0.3333333333333333,0.3333333333333333,1.0,0.11533809466743165,0.0,0.0,none
cartpole,random,23,543,-0.019854200072586536,-0.06976685424645741,0.21719089698108682,0.07256686687469482,2,stabilize,0.3333333333333333,0.3333333333333333,0.3333333333333333,1.0,0.10535823376476038,0.0,0.0,none
cartpole,random,23,544,-0.02159837167710066,-0.00495228295524915,0.24143759347942964,-0.0068591008228915075,1,push_right,0.3333333333333333,0.3333333333333333,0.3333333333333333,1.0,0.10215103525195542,0.0,0.0,none
cartpole,random,23,545,-0.02172217859576146,0.05983486771583557,0.23914576643691143,-0.0858033299446106,2,stabilize,0.3333333333333333,0.3333333333333333,0.3333333333333333,1.0,0.11327201186252922,0.0,0.0,none
cartpole,random,23,546,-0.02022630690286557,-0.005431442831953366,0.21047639462714549,0.0022119350199188504,1,push_right,0.3333333333333333,0.3333333333333333,0.3333333333333333,1.0,0.10262404952249857,0.0,0.0,none
cartpole,random,23,547,-0.020362093734244507,0.059389472007751465,0.21121546021509285,-0.07734546491077968,0,push_left,0.3333333333333333,0.3333333333333333,0.3333333333333333,1.0,0.11218519097138685,0.0,0.0,none
cartpole,random,23,548,-0.018877356002728145,-0.00585204300781091,0.18537211674209997,0.010170127664293562,0,push_left,0.3333333333333333,0.3333333333333333,0.3333333333333333,1.0,0.10882533676715364,0.0,0.0,none
cartpole,random,23,549,-0.01902365746597449,-0.07107094923655193,0.18877023942146212,0.09722114460808891,1,push_right,0.3333333333333333,0.3333333333333333,0.3333333333333333,1.0,0.10798745897969463,0.0,0.0,none
cartpole,random,23,550,-0.02080043156941732,-0.006225086127718289,0.22125462856952788,0.017234190234116147,1,push_right,0.3333333333333333,0.3333333333333333,0.3333333333333333,1.0,0.10261073140290668,0.0,0.0,none
cartpole,random,23,551,-0.020956058676044147,0.05858416358629862,0.22701307384381716,-0.06211024522781372,0,push_left,0.3333333333333333,0.3333333333333333,0.3333333333333333,1.0,0.11135490626845307,0.0,0.0,none
cartpole,random,23,552,-0.01949145458638668,-0.006671976298093796,0.20626025510004994,0.025689110159873962,2,stabilize,0.3333333333333333,0.3333333333333333,0.3333333333333333,1.0,0.10304713290296003,0.0,0.0,none
cartpole,random,23,553,-0.019658254459500313,0.058153619368871055,0.21484371514764208,-0.053951646600450785,1,push_right,0.3333333333333333,0.3333333333333333,0.3333333333333333,1.0,0.10413476802348888,0.0,0.0,none
cartpole,random,23,554,-0.01820441335439682,0.12297031283378601,0.19681691981158564,-0.13342344760894775,0,push_left,0.3333333333333333,0.3333333333333333,0.3333333333333333,1.0,0.11774819186030551,0.0,0.0,none
cartpole,random,23,555,-0.01513015478849411,0.05774380763371786,0.1522362907917232,-0.046169472592217584,0,push_left,0.3333333333333333,0.3333333333333333,0.3333333333333333,1.0,0.10937527281996985,0.0,0.0,none
cartpole,random,23,556,-0.01368655978391568,-0.007444087415933609,0.13680973919308556,0.040279507637023926,0,push_left,0.3333333333333333,0.3333333333333333,0.3333333333333333,1.0,0.1088740442315034,0.0,0.0,none
cartpole,random,23,557,-0.013872662869592508,-0.07261757552623749,0.15026828838703457,0.1264468261173793,0,push_left,0.3333333333333333,0.3333333333333333,0.3333333333333333,1.0,0.11620736748615454,0.0,0.0,none
cartpole,random,23,558,-0.01568810238192479,-0.13780189553896585,0.192517828116269,0.21285768917628697,0,push_left,0.3333333333333333,0.3333333333333333,0.3333333333333333,1.0,0.13008596102034284,0.0,0.0,none
cartpole,random,23,559,-0.019133149956663452,-0.20302011569341025,0.26363971907654354,0.30002849442618235,0,push_left,0.3333333333333333,0.3333333333333333,0.3333333333333333,1.0,0.1488456664671758,0.0,0.0,none
cartpole,random,23,560,-0.024208651545147102,-0.2682899037996928,0.36388792115350327,0.388456004006522,1,push_right,0.3333333333333333,0.3333333333333333,0.3333333333333333,1.0,0.16412104024009663,0.0,0.0,none
cartpole,random,23,561,-0.03091589858134588,-0.20359396934509277,0.49368229856923546,0.31191461426871164,1,push_right,0.3333333333333333,0.3333333333333333,0.3333333333333333,1.0,0.1432089237651874,0.0,0.0,none
cartpole,random,23,562,-0.03600575029850006,-0.13905454675356546,0.5979019446133998,0.23805110795157297,0,push_left,0.3333333333333333,0.3333333333333333,0.3333333333333333,1.0,0.1395897369040783,0.0,0.0,none
cartpole,random,23,563,-0.03948211359481017,-0.20458471775054932,0.6774417113574991,0.3321384702410017,2,stabilize,0.3333333333333333,0.3333333333333333,0.3333333333333333,1.0,0.14622854902436436,0.0,0.0,none
cartpole,random,23,564,-0.04459672917922338,-0.14024547735850015,0.7884187317122139,0.2621299539293562,1,push_right,0.3333333333333333,0.3333333333333333,0.3333333333333333,1.0,0.12794893260994702,0.0,0.0,none
cartpole,random,23,565,-0.04810286685824394,-0.07606211801369984,0.8760039163375527,0.1945432083947318,0,push_left,0.3333333333333333,0.3333333333333333,0.3333333333333333,1.0,0.13501344144716,0.0,0.0,none
cartpole,random,23,566,-0.05000441956023376,-0.1417728861172994,0.9410064800826917,0.29293922015598844,1,push_right,0.3333333333333333,0.3333333333333333,0.3333333333333333,0.0,0.875126965430836,0.0,0.0,none
cartpole,random,23,567,-0.01883856486529112,-0.010434029002984365,0.13257570226892368,-0.013762063213757105,1,push_right,0.3333333333333333,0.3333333333333333,0.3333333333333333,1.0,0.10396299445350649,0.0,0.0,none
cartpole,random,23,568,-0.019099415900806587,0.05447027087211609,0.12797739596810717,-0.09484549931117467,2,stabilize,0.3333333333333333,0.3333333333333333,0.3333333333333333,1.0,0.11246921449637869,0.0,0.0,none
cartpole,random,23,569,-0.017737657763063908,-0.01069410021106402,0.09628677816265807,-0.008840968566281455,0,push_left,0.3333333333333333,0.3333333333333333,0.3333333333333333,1.0,0.10746336594773667,0.0,0.0,none
cartpole,random,23,570,-0.018005010982354484,-0.07582921286424,0.09333275631959229,0.07658147811889648,0,push_left,0.3333333333333333,0.3333333333333333,0.3333333333333333,1.0,0.11039958605176084,0.0,0.0,none
cartpole,random,23,571,-0.019900741366048656,-0.14096103111902872,0.11892084183442565,0.16194874899727957,1,push_right,0.3333333333333333,0.3333333333333333,0.3333333333333333,1.0,0.11736001249221555,0.0,0.0,none
cartpole,random,23,572,-0.023424766647319,-0.07603978117307027,0.17303258607381852,0.08059701749256679,0,push_left,0.3333333333333333,0.3333333333333333,0.3333333333333333,1.0,0.11189074469656099,0.0,0.0,none
cartpole,random,23,573,-0.02532576210796833,-0.141246368487676,0.19996238067781727,0.16742335047040666,0,push_left,0.3333333333333333,0.3333333333333333,0.3333333333333333,1.0,0.12255312571747075,0.0,0.0,none
cartpole,random,23,574,-0.028856921320160232,-0.20647400617599487,0.2559033669264618,0.25473177433013916,0,push_left,0.3333333333333333,0.3333333333333333,0.3333333333333333,1.0,0.13902313616276182,0.0,0.0,none
cartpole,random,23,575,-0.03401877048114936,-0.27174288034439087,0.3410165947206265,0.3430295671735491,0,push_left,0.3333333333333333,0.3333333333333333,0.3333333333333333,1.0,0.1597140355646322,0.0,0.0,none
cartpole,random,23,576,-0.04081234335899353,-0.3370660940806071,0.4556326991333882,0.4327984196799142,1,push_right,0.3333333333333333,0.3333333333333333,0.3333333333333333,1.0,0.17532057066274567,0.0,0.0,none
cartpole,random,23,577,-0.04923899658024311,-0.2724508245786031,0.6002431695387301,0.3581058979034424,1,push_right,0.3333333333333333,0.3333333333333333,0.3333333333333333,1.0,0.15378544951378295,0.0,0.0,none
cartpole,random,23,578,-0.05605026458700498,-0.20801510413487753,0.719896648834884,0.28644939831324984,2,stabilize,0.3333333333333333,0.3333333333333333,0.3333333333333333,1.0,0.1345012103224632,0.0,0.0,none
cartpole,random,23,579,-0.06125064566731453,-0.14374159773190817,0.8156076962737309,0.217370867729187,1,push_right,0.3333333333333333,0.3333333333333333,0.3333333333333333,1.0,0.11784418173504772,0.0,0.0,none
cartpole,random,23,580,-0.06484418486555418,-0.07960566381613414,0.8882375207322879,0.15039454187665666,0,push_left,0.3333333333333333,0.3333333333333333,0.3333333333333333,1.0,0.12872232196151204,0.0,0.0,none
cartpole,random,23,581,-0.06683432186643283,-0.14533420403798422,0.9384887172953895,0.24898486477988108,0,push_left,0.3333333333333333,0.3333333333333333,0.3333333333333333,0.0,0.9506940300357248,0.0,0.0,none
cartpole,random,23,582,0.002960600540973246,0.015223192671934763,0.03698788725533178,0.00308776567024844,1,push_right,0.3333333333333333,0.3333333333333333,0.3333333333333333,1.0,0.10536957283819252,0.0,0.0,none
cartpole,random,23,583,0.003341180272400379,0.08022651573022206,0.03801960151349161,-0.07983452081680298,0,push_left,0.3333333333333333,0.3333333333333333,0.3333333333333333,1.0,0.10983497385858462,0.0,0.0,none
cartpole,random,23,584,0.005346843196700017,0.015148293226957321,0.011344581424549827,0.0045038871467113495,0,push_left,0.3333333333333333,0.3333333333333333,0.3333333333333333,1.0,0.1061269242102641,0.0,0.0,none
cartpole,random,23,585,0.005725550775726637,-0.049903690814971924,0.012849459784696666,0.0883415596825736,1,push_right,0.3333333333333333,0.3333333333333333,0.3333333333333333,1.0,0.10978985040720161,0.0,0.0,none
cartpole,random,23,586,0.004477958427742124,0.015124139686425528,0.04236692638272033,0.004960775375366211,1,push_right,0.3333333333333333,0.3333333333333333,0.3333333333333333,1.0,0.10529354436047374,0.0,0.0,none
cartpole,random,23,587,0.004856061811248462,0.08012198905150096,0.04402446273829886,-0.0778590270451137,1,push_right,0.3333333333333333,0.3333333333333333,0.3333333333333333,1.0,0.10844008445328095,0.0,0.0,none
cartpole,random,23,588,0.006859111599624157,0.14511836568514505,0.018009513634343707,-0.16064751148223877,0,push_left,0.3333333333333333,0.3333333333333333,0.3333333333333333,1.0,0.11906584736197004,0.0,0.0,none
cartpole,random,23,589,0.0104870709280173,0.0800601343313853,-0.03566746077631425,-0.07668488366263253,2,stabilize,0.3333333333333333,0.3333333333333333,0.3333333333333333,1.0,0.10847334384825584,0.0,0.0,none
cartpole,random,23,590,0.012488573944816988,0.015055296321709951,-0.061290098580938535,0.00626276114157268,1,push_right,0.3333333333333333,0.3333333333333333,0.3333333333333333,1.0,0.10690741645717373,0.0,0.0,none
cartpole,random,23,591,0.01286495632181565,0.08015653491020203,-0.05919752566939607,-0.07851048878261022,0,push_left,0.3333333333333333,0.3333333333333333,0.3333333333333333,1.0,0.10826235022097147,0.0,0.0,none
cartpole,random,23,592,0.014868869135777157,0.01517559215426445,-0.08543014419676297,0.00398828461766243,1,push_right,0.3333333333333333,0.3333333333333333,0.3333333333333333,1.0,0.10726540407692214,0.0,0.0,none
cartpole,random,23,593,0.015248258908589682,0.08030025660991669,-0.08409754828792199,-0.08123333965029035,0,push_left,0.3333333333333333,0.3333333333333333,0.3333333333333333,1.0,0.10810847005503492,0.0,0.0,none
cartpole,random,23,594,0.017255766627689205,0.015344824641942978,-0.11123995116616206,0.0007879565736012799,0,push_left,0.3333333333333333,0.3333333333333333,0.3333333333333333,1.0,0.10419918389708423,0.0,0.0,none
cartpole,random,23,595,0.017639386157194775,-0.04958187540372213,-0.11097667360931707,0.08228505509240287,1,push_right,0.3333333333333333,0.3333333333333333,0.3333333333333333,1.0,0.11110804555820528,0.0,0.0,none
cartpole,random,23,596,0.016399839272101722,0.015566674371560415,-0.08348285760686051,-0.0034075225038187845,2,stabilize,0.3333333333333333,0.3333333333333333,0.3333333333333333,1.0,0.10464230840111509,0.0,0.0,none
cartpole,random,23,597,0.01678900637974342,-0.04938893020153046,-0.08462140945659902,0.07862499782017299,0,push_left,0.3333333333333333,0.3333333333333333,0.3333333333333333,1.0,0.1078733186986384,0.0,0.0,none
cartpole,random,23,598,0.015554283745586872,-0.1143437922000885,-0.05835052890823109,0.16063618659973145,0,push_left,0.3333333333333333,0.3333333333333333,0.3333333333333333,1.0,0.11798586439701908,0.0,0.0,none
cartpole,random,23,599,0.012695688443879288,-0.17932655413945517,-0.004677340912861585,0.24315237998962402,2,stabilize,0.3333333333333333,0.3333333333333333,0.3333333333333333,1.0,0.13363845117443013,0.0,0.0,none
