env,policy,seed,t,q,mu,sigma,rho,a,action_label,p0,p1,p2,r,state_delta,intervention_active,intervention_start,intervention_name
cartpole,random,11,0,-0.015476242018242678,-2.407125187649702e-05,0.04844790266777849,-0.013466028230530875,1,push_right,0.3333333333333333,0.3333333333333333,0.3333333333333333,1.0,0.10528095954462965,0.0,0.0,none
cartpole,random,11,1,-0.015476842721303305,0.06496757765611012,0.04394851660529298,-0.09616984639848981,1,push_right,0.3333333333333333,0.3333333333333333,0.3333333333333333,1.0,0.11006329418953838,0.0,0.0,none
cartpole,random,11,2,-0.013852653404076895,0.12996415297190347,0.011815391658740852,-0.17895993164607457,1,push_right,0.3333333333333333,0.3333333333333333,0.3333333333333333,1.0,0.1215340875003723,0.0,0.0,none
cartpole,random,11,3,-0.010603549890220165,0.194993257522583,-0.047980289826245186,-0.2623605898448399,2,stabilize,0.3333333333333333,0.3333333333333333,0.3333333333333333,1.0,0.1370209890974182,0.0,0.0,none
cartpole,random,11,4,-0.005728718436633548,0.12999837597211203,-0.13564254083895172,-0.1796443121773856,2,stabilize,0.3333333333333333,0.3333333333333333,0.3333333333333333,1.0,0.11996549026185199,0.0,0.0,none
cartpole,random,11,5,-0.002478759076135854,0.06509368618329366,-0.19566689869099985,-0.09861583369118827,2,stabilize,0.3333333333333333,0.3333333333333333,0.3333333333333333,1.0,0.10802156732676449,0.0,0.0,none
cartpole,random,11,6,-0.0008514170379688343,0.0002551581516551475,-0.22861729587177104,-0.018764425601278032,0,push_left,0.3333333333333333,0.3333333333333333,0.3333333333333333,1.0,0.10252286491168999,0.0,0.0,none
cartpole,random,11,7,-0.0008450380604093274,-0.06454607844352722,-0.23488703946225115,0.060434234993798394,0,push_left,0.3333333333333333,0.3333333333333333,0.3333333333333333,1.0,0.10421916272874797,0.0,0.0,none
cartpole,random,11,8,-0.0024586900447805724,-0.12934110562006632,-0.21469420564487612,0.13950941392353602,1,push_right,0.3333333333333333,0.3333333333333333,0.3333333333333333,1.0,0.11878238423738914,0.0,0.0,none
cartpole,random,11,9,-0.005692217576627931,-0.06409886976083119,-0.16808008379469624,0.0519344551222665,1,push_right,0.3333333333333333,0.3333333333333333,0.3333333333333333,1.0,0.10990174763427246,0.0,0.0,none
cartpole,random,11,10,-0.007294689615567526,0.0011036861687898636,-0.15072729038452476,-0.03480269653456552,2,stabilize,0.3333333333333333,0.3333333333333333,0.3333333333333333,1.0,0.10422418948517927,0.0,0.0,none
cartpole,random,11,11,-0.007267097632090251,-0.06378152966499329,-0.16235586851479616,0.045927507536751885,2,stabilize,0.3333333333333333,0.3333333333333333,0.3333333333333333,1.0,0.10951731265060655,0.0,0.0,none
cartpole,random,11,12,-0.008861635190745195,0.001415794404844443,-0.14701016193927047,-0.04070572767938886,1,push_right,0.3333333333333333,0.3333333333333333,0.3333333333333333,1.0,0.10904487376233474,0.0,0.0,none
cartpole,random,11,13,-0.008826240276296934,0.06659885744253795,-0.1606111168007862,-0.12705945117133005,1,push_right,0.3333333333333333,0.3333333333333333,0.3333333333333333,1.0,0.11642495624707745,0.0,0.0,none
cartpole,random,11,14,-0.007161269119630258,0.13179267446200052,-0.20306536078737575,-0.21365853718348912,0,push_left,0.3333333333333333,0.3333333333333333,0.3333333333333333,1.0,0.125161331136781,0.0,0.0,none
cartpole,random,11,15,-0.0038664524133006735,0.06695600350697835,-0.27445485028560523,-0.13394498825073242,1,push_right,0.3333333333333333,0.3333333333333333,0.3333333333333333,1.0,0.11885348489307396,0.0,0.0,none
cartpole,random,11,16,-0.002192552201449871,0.13225103418032327,-0.3192097233132702,-0.2225841964994158,2,stabilize,0.3333333333333333,0.3333333333333333,0.3333333333333333,1.0,0.12538513883837066,0.0,0.0,none
cartpole,random,11,17,0.001113723653058211,0.06753707925478618,-0.3935815255226554,-0.14517979962485178,0,push_left,0.3333333333333333,0.3333333333333333,0.3333333333333333,1.0,0.11086391354605403,0.0,0.0,none
cartpole,random,11,18,0.002802150556817651,0.0029139798134565353,-0.44209031757136236,-0.06929364374705724,1,push_right,0.3333333333333333,0.3333333333333333,0.3333333333333333,1.0,0.11488400131686363,0.0,0.0,none
cartpole,random,11,19,0.0028749999667828283,0.06835213800271352,-0.46524330795807034,-0.16083661147526332,1,push_right,0.3333333333333333,0.3333333333333333,0.3333333333333333,1.0,0.12499679354119085,0.0,0.0,none
cartpole,random,11,20,0.004583803626398246,0.13380040725072226,-0.5189834744947338,-0.25275938851492746,1,push_right,0.3333333333333333,0.3333333333333333,0.3333333333333333,1.0,0.14156816367486666,0.0,0.0,none
cartpole,random,11,21,0.007928813962886732,0.19927271207173666,-0.6034376370878379,-0.34555608885628836,0,push_left,0.3333333333333333,0.3333333333333333,0.3333333333333333,1.0,0.15043619576030046,0.0,0.0,none
cartpole,random,11,22,0.012910631485283375,0.13484495878219604,-0.7188979509622214,-0.2739724942616054,0,push_left,0.3333333333333333,0.3333333333333333,0.3333333333333333,1.0,0.13151464182251002,0.0,0.0,none
cartpole,random,11,23,0.016281755330661934,0.07057445744673412,-0.8104400873753222,-0.20487780230385916,2,stabilize,0.3333333333333333,0.3333333333333333,0.3333333333333333,1.0,0.11534040255569687,0.0,0.0,none
cartpole,random,11,24,0.018046116456389427,0.006435704107085864,-0.8788956662635531,-0.13779315778187343,0,push_left,0.3333333333333333,0.3333333333333333,0.3333333333333333,1.0,0.10256153937855504,0.0,0.0,none
cartpole,random,11,25,0.01820701019217571,-0.05760125815868378,-0.9249363423531836,-0.07223122460501534,1,push_right,0.3333333333333333,0.3333333333333333,0.3333333333333333,1.0,0.12140249121031949,0.0,0.0,none
cartpole,random,11,26,0.01676697749644518,0.008160282547275225,-0.9490708889426366,-0.1713747297014509,2,stabilize,0.3333333333333333,0.3333333333333333,0.3333333333333333,0.0,0.9092737228366253,0.0,0.0,none
cartpole,random,11,27,0.014150867549081644,-0.01066533476114273,-0.056322219477064006,0.00013990031688341072,1,push_right,0.3333333333333333,0.3333333333333333,0.3333333333333333,1.0,0.10681024688212058,0.0,0.0,none
cartpole,random,11,28,0.013884234552582106,0.054431055982907615,-0.05627547553018056,-0.08454076732907977,2,stabilize,0.3333333333333333,0.3333333333333333,0.3333333333333333,1.0,0.10880242839311256,0.0,0.0,none
cartpole,random,11,29,0.015245010145008564,-0.01055291419227918,-0.0845229871090955,-0.0019860677421092987,2,stabilize,0.3333333333333333,0.3333333333333333,0.3333333333333333,1.0,0.1046214766220064,0.0,0.0,none
cartpole,random,11,30,0.014981188190480074,-0.0755074421564738,-0.08518658667304921,0.08002644777297974,0,push_left,0.3333333333333333,0.3333333333333333,0.3333333333333333,1.0,0.10798916369308638,0.0,0.0,none
cartpole,random,11,31,0.013093501329421997,-0.14046173294385275,-0.058447444246890724,0.16202677999223983,0,push_left,0.3333333333333333,0.3333333333333333,0.3333333333333333,1.0,0.11821423595643998,0.0,0.0,none
cartpole,random,11,32,0.009581958098957937,-0.2054444154103597,-0.004309618529954788,0.2445411511829921,1,push_right,0.3333333333333333,0.3333333333333333,0.3333333333333333,1.0,0.1339400036565884,0.0,0.0,none
cartpole,random,11,33,0.0044458475895226,-0.1403996745745341,0.07739864058596992,0.16083639008658274,1,push_right,0.3333333333333333,0.3333333333333333,0.3333333333333333,1.0,0.11776871339370103,0.0,0.0,none
cartpole,random,11,34,0.0009358556902346512,-0.07543611029783885,0.1311387271044647,0.07868477276393346,0,push_left,0.3333333333333333,0.3333333333333333,0.3333333333333333,1.0,0.11112335138589667,0.0,0.0,none
cartpole,random,11,35,-0.0009500470090036591,-0.14060375094413757,0.1574295766313776,0.16474761281694686,2,stabilize,0.3333333333333333,0.3333333333333333,0.3333333333333333,1.0,0.11725653370633786,0.0,0.0,none
cartpole,random,11,36,-0.004465140712757906,-0.07572225232919057,0.21247651099020656,0.08414385999952044,1,push_right,0.3333333333333333,0.3333333333333333,0.3333333333333333,1.0,0.10639086758008129,0.0,0.0,none
cartpole,random,11,37,-0.006358197036509713,-0.010902255773544312,0.24059141023631314,0.004624343344143459,1,push_right,0.3333333333333333,0.3333333333333333,0.3333333333333333,1.0,0.10215086732965799,0.0,0.0,none
cartpole,random,11,38,-0.006630753632634878,0.053885817527770996,0.24213654329213438,-0.07433668204716273,1,push_right,0.3333333333333333,0.3333333333333333,0.3333333333333333,1.0,0.10510178055457364,0.0,0.0,none
cartpole,random,11,39,-0.0052836083341389894,0.11867330471674602,0.2172984947452682,-0.1532684394291469,0,push_left,0.3333333333333333,0.3333333333333333,0.3333333333333333,1.0,0.12068784322712725,0.0,0.0,none
cartpole,random,11,40,-0.0023167754989117384,0.05342947940031687,0.16608709793955728,-0.065647725548063,1,push_right,0.3333333333333333,0.3333333333333333,0.3333333333333333,1.0,0.10564110083193712,0.0,0.0,none
cartpole,random,11,41,-0.0009810385139038167,0.11829877893129985,0.144152286371354,-0.14607841627938406,0,push_left,0.3333333333333333,0.3333333333333333,0.3333333333333333,1.0,0.11868728885837458,0.0,0.0,none
cartpole,random,11,42,0.001976430842963358,0.053120757142702736,0.09534327504458462,-0.05977991223335266,1,push_right,0.3333333333333333,0.3333333333333333,0.3333333333333333,1.0,0.10635024867050212,0.0,0.0,none
cartpole,random,11,43,0.003304450074210763,0.1180643339951833,0.07536907753682649,-0.14158440487725393,2,stabilize,0.3333333333333333,0.3333333333333333,0.3333333333333333,1.0,0.1171203675902045,0.0,0.0,none
cartpole,random,11,44,0.0062560581136494875,0.0529506653547287,0.028061638263927723,-0.05655097109930856,0,push_left,0.3333333333333333,0.3333333333333333,0.3333333333333333,1.0,0.10804739347103347,0.0,0.0,none
cartpole,random,11,45,0.007579824887216091,-0.012117850283781687,0.00916632572477928,0.027600929141044617,0,push_left,0.3333333333333333,0.3333333333333333,0.3333333333333333,1.0,0.10648235986814437,0.0,0.0,none
cartpole,random,11,46,0.00727687884743015,-0.07716765999794006,0.018388593040388923,0.11139754738126482,1,push_right,0.3333333333333333,0.3333333333333333,0.3333333333333333,1.0,0.11203537453437808,0.0,0.0,none
cartpole,random,11,47,0.005347687207783262,-0.012145303189754486,0.05560973325748717,0.028121601258005415,2,stabilize,0.3333333333333333,0.3333333333333333,0.3333333333333333,1.0,0.10549248409638463,0.0,0.0,none
cartpole,random,11,48,0.005044054705649614,0.052839050690333046,0.0650059689627627,-0.05444544128009251,0,push_left,0.3333333333333333,0.3333333333333333,0.3333333333333333,1.0,0.10848738101940522,0.0,0.0,none
cartpole,random,11,49,0.006365031003952026,-0.01226565365990003,0.046814176162842634,0.03039678292615073,1,push_right,0.3333333333333333,0.3333333333333333,0.3333333333333333,1.0,0.10569989833543919,0.0,0.0,none
cartpole,random,11,50,0.006058389553800225,0.05272769431273142,0.05697062003441813,-0.05233825104577201,1,push_right,0.3333333333333333,0.3333333333333333,0.3333333333333333,1.0,0.1065053784351893,0.0,0.0,none
cartpole,random,11,51,0.00737658158565561,0.11771074930826823,0.03948289820999974,-0.1348793932369777,0,push_left,0.3333333333333333,0.3333333333333333,0.3333333333333333,1.0,0.11572604172758984,0.0,0.0,none
cartpole,random,11,52,0.010319350597759088,0.05263148248195648,-0.005584201822168503,-0.0505141019821167,0,push_left,0.3333333333333333,0.3333333333333333,0.3333333333333333,1.0,0.10719819007788355,0.0,0.0,none
cartpole,random,11,53,0.011635137877116602,-0.012403582533200582,-0.022462422477174775,0.03300407954624721,2,stabilize,0.3333333333333333,0.3333333333333333,0.3333333333333333,1.0,0.106858639633279,0.0,0.0,none
cartpole,random,11,54,0.011325047817081213,0.05265943706035614,-0.011434805243851747,-0.05104273983410427,1,push_right,0.3333333333333333,0.3333333333333333,0.3333333333333333,1.0,0.10748676985008612,0.0,0.0,none
cartpole,random,11,55,0.012641533588369688,0.11771148443222046,-0.028489659893768785,-0.13488208396094187,1,push_right,0.3333333333333333,0.3333333333333333,0.3333333333333333,1.0,0.11557041524820202,0.0,0.0,none
cartpole,random,11,56,0.015584320450822513,0.1827800671259562,-0.07355765735192629,-0.2190415518624442,1,push_right,0.3333333333333333,0.3333333333333333,0.3333333333333333,1.0,0.12977409717913027,0.0,0.0,none
cartpole,random,11,57,0.020153822066883247,0.24789029359817505,-0.14674576412806364,-0.30403917176382883,0,push_left,0.3333333333333333,0.3333333333333333,0.3333333333333333,1.0,0.14526835738969923,0.0,0.0,none
cartpole,random,11,58,0.026351079965631168,0.18298969666163126,-0.24833403936718415,-0.22321699346814836,1,push_right,0.3333333333333333,0.3333333333333333,0.3333333333333333,1.0,0.13272804953908152,0.0,0.0,none
cartpole,random,11,59,0.030925823375582695,0.24825537204742432,-0.3229172673600955,-0.3113846778869629,1,push_right,0.3333333333333333,0.3333333333333333,0.3333333333333333,1.0,0.1520955548690983,0.0,0.0,none
cartpole,random,11,60,0.03713220668335756,0.3135704795519511,-0.42695991321509097,-0.40084753717694965,1,push_right,0.3333333333333333,0.3333333333333333,0.3333333333333333,1.0,0.17491016381779487,0.0,0.0,none
cartpole,random,11,61,0.044971468547979995,0.3789410988489787,-0.5608946440612502,-0.492063113621303,0,push_left,0.3333333333333333,0.3333333333333333,0.3333333333333333,1.0,0.1911782569232159,0.0,0.0,none
cartpole,random,11,62,0.05444499974449476,0.31440887848536175,-0.7253071573298416,-0.4195131574358259,0,push_left,0.3333333333333333,0.3333333333333333,0.3333333333333333,1.0,0.16915389650514187,0.0,0.0,none
cartpole,random,11,63,0.06230521947145462,0.2500852147738139,-0.8654785753718993,-0.3504791259765625,1,push_right,0.3333333333333333,0.3333333333333333,0.3333333333333333,1.0,0.1664269269589556,0.0,0.0,none
cartpole,random,11,64,0.0685573493440946,0.3157293399175008,-0.9825837782857526,-0.44864252635410856,2,stabilize,0.3333333333333333,0.3333333333333333,0.3333333333333333,0.0,0.9567113513679173,0.0,0.0,none
cartpole,random,11,65,0.0022511917632073164,-0.010633212824662527,-0.20241435074863115,-0.006236319563218525,2,stabilize,0.3333333333333333,0.3333333333333333,0.3333333333333333,1.0,0.10277164159295754,0.0,0.0,none
cartpole,random,11,66,0.0019853614503517747,-0.07546286781628926,-0.20449807720707824,0.07348013775689262,2,stabilize,0.3333333333333333,0.3333333333333333,0.3333333333333333,1.0,0.11180296291193086,0.0,0.0,none
cartpole,random,11,67,9.878971468424425e-05,-0.01022733747959137,-0.17994624475875162,-0.013914807566574641,1,push_right,0.3333333333333333,0.3333333333333333,0.3333333333333333,1.0,0.10879027182311188,0.0,0.0,none
cartpole,random,11,68,-0.0001568937174549016,0.05498655140399933,-0.18459558486938477,-0.10086761202130999,1,push_right,0.3333333333333333,0.3333333333333333,0.3333333333333333,1.0,0.11386862987359707,0.0,0.0,none
cartpole,random,11,69,0.0012177701379793386,0.12020319700241089,-0.2182983662177384,-0.1879025868007115,0,push_left,0.3333333333333333,0.3333333333333333,0.3333333333333333,1.0,0.12024320240719592,0.0,0.0,none
cartpole,random,11,70,0.0042228497720013065,0.05538434783617655,-0.281082043926585,-0.10849148035049438,1,push_right,0.3333333333333333,0.3333333333333333,0.3333333333333333,1.0,0.11601017942429137,0.0,0.0,none
cartpole,random,11,71,0.005607458685214321,0.12068655093510945,-0.3173321770028454,-0.19724954877580916,2,stabilize,0.3333333333333333,0.3333333333333333,0.3333333333333333,1.0,0.12057085431506696,0.0,0.0,none
cartpole,random,11,72,0.008624622132629156,0.055973375837008156,-0.3832389460543175,-0.11981098992483956,2,stabilize,0.3333333333333333,0.3333333333333333,0.3333333333333333,1.0,0.10757455170019974,0.0,0.0,none
cartpole,random,11,73,0.010023956807951134,-0.008659272144238154,-0.4232712534560793,-0.043716566903250556,0,push_left,0.3333333333333333,0.3333333333333333,0.3333333333333333,1.0,0.10024878605239554,0.0,0.0,none
cartpole,random,11,74,0.009807474755992493,-0.07324184477329254,-0.4378782322981477,0.031552946993282864,1,push_right,0.3333333333333333,0.3333333333333333,0.3333333333333333,1.0,0.11297696182866175,0.0,0.0,none
cartpole,random,11,75,0.007976428605616093,-0.0078056516746679945,-0.42733546515353255,-0.05992052384785244,2,stabilize,0.3333333333333333,0.3333333333333333,0.3333333333333333,1.0,0.10111531106853763,0.0,0.0,none
cartpole,random,11,76,0.007781287810454766,-0.07238410909970601,-0.44735665110813405,0.015266197068350655,2,stabilize,0.3333333333333333,0.3333333333333333,0.3333333333333333,1.0,0.09893155672005724,0.0,0.0,none
cartpole,random,11,77,0.0059716845862567425,-0.13693806529045105,-0.4422557951442382,0.0900388274874006,1,push_right,0.3333333333333333,0.3333333333333333,0.3333333333333333,1.0,0.11652962117815452,0.0,0.0,none
cartpole,random,11,78,0.002548233217870196,-0.07150099674860637,-0.41217120422099257,-0.0015053697196500643,0,push_left,0.3333333333333333,0.3333333333333333,0.3333333333333333,1.0,0.09937637282737415,0.0,0.0,none
cartpole,random,11,79,0.0007607082564694186,-0.13609574238459268,-0.4126741806476384,0.07399121352604457,0,push_left,0.3333333333333333,0.3333333333333333,0.3333333333333333,1.0,0.10244009273240895,0.0,0.0,none
cartpole,random,11,80,-0.0026416854234412313,-0.20069179932276407,-0.3879515894273016,0.14947988305773055,1,push_right,0.3333333333333333,0.3333333333333333,0.3333333333333333,1.0,0.12249975543756293,0.0,0.0,none
cartpole,random,11,81,-0.007658980321139097,-0.1353030800819397,-0.3380060622686418,0.05886654768671308,2,stabilize,0.3333333333333333,0.3333333333333333,0.3333333333333333,1.0,0.1025294036626206,0.0,0.0,none
cartpole,random,11,82,-0.01104155710587899,-0.19998363653818765,-0.3183370273835904,0.13587558269500732,0,push_left,0.3333333333333333,0.3333333333333333,0.3333333333333333,1.0,0.11075026926637137,0.0,0.0,none
cartpole,random,11,83,-0.016041148143510025,-0.2646902799606323,-0.27293708344348006,0.21328696182795934,0,push_left,0.3333333333333333,0.3333333333333333,0.3333333333333333,1.0,0.12430733415919572,0.0,0.0,none
cartpole,random,11,84,-0.022658404583732288,-0.3294530510902405,-0.20167174657944564,0.2916167804173061,1,push_right,0.3333333333333333,0.3333333333333333,0.3333333333333333,1.0,0.1464291375997706,0.0,0.0,none
cartpole,random,11,85,-0.03089473272363345,-0.26423348983128864,-0.10423416489633,0.20428991317749023,0,push_left,0.3333333333333333,0.3333333333333333,0.3333333333333333,1.0,0.12483782716111283,0.0,0.0,none
cartpole,random,11,86,-0.037500569596886635,-0.3291711409886678,-0.03597500393953983,0.2859271253858294,2,stabilize,0.3333333333333333,0.3333333333333333,0.3333333333333333,1.0,0.14330243092183464,0.0,0.0,none
cartpole,random,11,87,-0.04572984762489796,-0.2640971938769023,0.059561501646098775,0.20162989412035262,1,push_right,0.3333333333333333,0.3333333333333333,0.3333333333333333,1.0,0.12494125276066619,0.0,0.0,none
cartpole,random,11,88,-0.05233227585752805,-0.19911491870880127,0.1269318696849386,0.11913588217326573,1,push_right,0.3333333333333333,0.3333333333333333,0.3333333333333333,1.0,0.1114249095544205,0.0,0.0,none
cartpole,random,11,89,-0.05731015155712764,-0.13420317570368448,0.16673860586912934,0.03794092791421073,2,stabilize,0.3333333333333333,0.3333333333333333,0.3333333333333333,1.0,0.10414803822088217,0.0,0.0,none
cartpole,random,11,90,-0.06066522871454557,-0.0693349689245224,0.1794157598638876,-0.04247650078364781,2,stabilize,0.3333333333333333,0.3333333333333333,0.3333333333333333,1.0,0.10410404677605482,0.0,0.0,none
cartpole,random,11,91,-0.0623986062904199,-0.004480269427100818,0.16522315066298893,-0.12264560801642281,0,push_left,0.3333333333333333,0.3333333333333333,0.3333333333333333,1.0,0.11594864435375547,0.0,0.0,none
cartpole,random,11,92,-0.06251061335206032,-0.0696784754594167,0.12424370376193154,-0.035962539059775214,2,stabilize,0.3333333333333333,0.3333333333333333,0.3333333333333333,1.0,0.10852947696008147,0.0,0.0,none
cartpole,random,11,93,-0.06425257151325545,-0.13484013080596924,0.11222757985882088,0.049974556480135233,2,stabilize,0.3333333333333333,0.3333333333333333,0.3333333333333333,1.0,0.10556642115529234,0.0,0.0,none
cartpole,random,11,94,-0.0676235742866993,-0.06991423169771831,0.12892552235815008,-0.031503734844071526,1,push_right,0.3333333333333333,0.3333333333333333,0.3333333333333333,1.0,0.1044652191893453,0.0,0.0,none
cartpole,random,11,95,-0.06937143082420032,-0.005005996984740098,0.11839921228356465,-0.11265818561826434,1,push_right,0.3333333333333333,0.3333333333333333,0.3333333333333333,1.0,0.11068465163653297,0.0,0.0,none
cartpole,random,11,96,-0.06949658195177714,0.05991445481777191,0.08075686087187264,-0.19401827880314418,2,stabilize,0.3333333333333333,0.3333333333333333,0.3333333333333333,1.0,0.12526977181925342,0.0,0.0,none
cartpole,random,11,97,-0.06799871722857158,-0.005203157663345337,0.01592975029797429,-0.10888653142111641,2,stabilize,0.3333333333333333,0.3333333333333333,0.3333333333333333,1.0,0.11224622602812846,0.0,0.0,none
cartpole,random,11,98,-0.0681287981569767,-0.07025955120722453,-0.020452386083921557,-0.024962731770106723,2,stabilize,0.3333333333333333,0.3333333333333333,0.3333333333333333,1.0,0.10596505591300569,0.0,0.0,none
cartpole,random,11,99,-0.06988528495033583,-0.13527964552243552,-0.028793155471294195,0.058273839099066596,0,push_left,0.3333333333333333,0.3333333333333333,0.3333333333333333,1.0,0.10732698078838587,0.0,0.0,none
cartpole,random,11,100,-0.07326727733016014,-0.2002913554509481,-0.009322181668550417,0.14135212557656424,2,stabilize,0.3333333333333333,0.3333333333333333,0.3333333333333333,1.0,0.1162305518668915,0.0,0.0,none
cartpole,random,11,101,-0.07827456419666609,-0.13524154822031656,0.037907642759116,0.0575527548789978,1,push_right,0.3333333333333333,0.3333333333333333,0.3333333333333333,1.0,0.10714369898591894,0.0,0.0,none
cartpole,random,11,102,-0.08165560041864714,-0.07023906211058299,0.057137680188852735,-0.025352150201797485,2,stabilize,0.3333333333333333,0.3333333333333333,0.3333333333333333,1.0,0.10717212073040384,0.0,0.0,none
cartpole,random,11,103,-0.0834115780889988,-0.13533622026443481,0.04866679681371675,0.05934368286814008,2,stabilize,0.3333333333333333,0.3333333333333333,0.3333333333333333,1.0,0.10708770948208181,0.0,0.0,none
cartpole,random,11,104,-0.08679498607913654,-0.0703446517388026,0.06849523233627647,-0.02335613114493234,2,stabilize,0.3333333333333333,0.3333333333333333,0.3333333333333333,1.0,0.10729550104376624,0.0,0.0,none
cartpole,random,11,105,-0.08855360249678294,-0.1354528764883677,0.06069127817000296,0.06155116643224444,2,stabilize,0.3333333333333333,0.3333333333333333,0.3333333333333333,1.0,0.10704225264674706,0.0,0.0,none
cartpole,random,11,106,-0.09193992242217064,-0.07047358651955922,0.08125729449893523,-0.020918873803956167,1,push_right,0.3333333333333333,0.3333333333333333,0.3333333333333333,1.0,0.10491833285346344,0.0,0.0,none
cartpole,random,11,107,-0.09370176121592522,-0.005515645568569501,0.07426769857190389,-0.10299422911235265,1,push_right,0.3333333333333333,0.3333333333333333,0.3333333333333333,1.0,0.11028782061735595,0.0,0.0,none
cartpole,random,11,108,-0.09383965283632278,0.05945014456907908,0.03985435144002227,-0.18520464215959823,2,stabilize,0.3333333333333333,0.3333333333333333,0.3333333333333333,1.0,0.12322931118646417,0.0,0.0,none
cartpole,random,11,109,-0.0923533986012141,-0.005628946547706922,-0.022027868252949955,-0.10083310093198504,1,push_right,0.3333333333333333,0.3333333333333333,0.3333333333333333,1.0,0.11149303847744972,0.0,0.0,none
cartpole,random,11,110,-0.0924941214422385,0.0594334751367569,-0.05571911809410287,-0.1848715373447963,0,push_left,0.3333333333333333,0.3333333333333333,0.3333333333333333,1.0,0.12189465675976568,0.0,0.0,none
cartpole,random,11,111,-0.09100828319787979,-0.00555231732626756,-0.11749003695986436,-0.10230459485735212,2,stabilize,0.3333333333333333,0.3333333333333333,0.3333333333333333,1.0,0.10956977817981708,0.0,0.0,none
cartpole,random,11,112,-0.09114709372321765,-0.07047349711259206,-0.15167296288406082,-0.02092717162200383,1,push_right,0.3333333333333333,0.3333333333333333,0.3333333333333333,1.0,0.10850399519894592,0.0,0.0,none
cartpole,random,11,113,-0.09290893251697223,-0.005285915608207385,-0.15866532388336618,-0.10736616168703352,1,push_right,0.3333333333333333,0.3333333333333333,0.3333333333333333,1.0,0.11415104504810056,0.0,0.0,none
cartpole,random,11,114,-0.093041080981493,0.05990672608216604,-0.19453946047580328,-0.19393064294542586,1,push_right,0.3333333333333333,0.3333333333333333,0.3333333333333333,1.0,0.12672881167379252,0.0,0.0,none
cartpole,random,11,115,-0.09154340873161952,0.12512797117233276,-0.259337302181772,-0.2811394589287894,0,push_left,0.3333333333333333,0.3333333333333333,0.3333333333333333,1.0,0.13860183447528118,0.0,0.0,none
cartpole,random,11,116,-0.08841521417101225,0.06034341951211294,-0.35327409787508074,-0.20252951553889684,2,stabilize,0.3333333333333333,0.3333333333333333,0.3333333333333333,1.0,0.12103479756999547,0.0,0.0,none
cartpole,random,11,117,-0.08690662682056427,-0.004330923470358054,-0.420945071946465,-0.12581566401890346,0,push_left,0.3333333333333333,0.3333333333333333,0.3333333333333333,1.0,0.10776263004963149,0.0,0.0,none
cartpole,random,11,118,-0.08701489617427191,-0.06892106930414836,-0.46298370156481616,-0.05049209935324533,0,push_left,0.3333333333333333,0.3333333333333333,0.3333333333333333,1.0,0.09997738921276159,0.0,0.0,none
cartpole,random,11,119,-0.08873792365193367,-0.13345763087272644,-0.47985458999943337,0.023958655340330943,1,push_right,0.3333333333333333,0.3333333333333333,0.3333333333333333,1.0,0.11339618950049672,0.0,0.0,none
cartpole,random,11,120,-0.09207436814904213,-0.06798811256885529,-0.47184928789343644,-0.06822171807289124,1,push_right,0.3333333333333333,0.3333333333333333,0.3333333333333333,1.0,0.11523825586205337,0.0,0.0,none
cartpole,random,11,121,-0.09377406910061836,-0.002526457111040751,-0.49464415252066457,-0.1602659055164882,0,push_left,0.3333333333333333,0.3333333333333333,0.3333333333333333,1.0,0.11169714149069858,0.0,0.0,none
cartpole,random,11,122,-0.09383723139762878,-0.06703533232212067,-0.5481936268704034,-0.08646003689084734,0,push_left,0.3333333333333333,0.3333333333333333,0.3333333333333333,1.0,0.1013487920581687,0.0,0.0,none
cartpole,random,11,123,-0.09551311532656352,-0.13147327303886414,-0.5770824262805657,-0.013782955706119537,1,push_right,0.3333333333333333,0.3333333333333333,0.3333333333333333,1.0,0.11455836456759393,0.0,0.0,none
cartpole,random,11,124,-0.09879994516571364,-0.06593012809753418,-0.5816877030529669,-0.1075683661869594,1,push_right,0.3333333333333333,0.3333333333333333,0.3333333333333333,1.0,0.11999409109826703,0.0,0.0,none
cartpole,random,11,125,-0.10044819985826811,-0.00038913315317283076,-0.6176293749797885,-0.2014216525214059,1,push_right,0.3333333333333333,0.3333333333333333,0.3333333333333333,1.0,0.13319375474531597,0.0,0.0,none
cartpole,random,11,126,-0.10045792907476425,0.06516248484452565,-0.6849302027845724,-0.29583648272923063,1,push_right,0.3333333333333333,0.3333333333333333,0.3333333333333333,1.0,0.1522606966756922,0.0,0.0,none
cartpole,random,11,127,-0.09882886583606403,0.1307317614555359,-0.7837776779274952,-0.39128548758370535,0,push_left,0.3333333333333333,0.3333333333333333,0.3333333333333333,1.0,0.16069186081902775,0.0,0.0,none
cartpole,random,11,128,-0.09556056931614876,0.0664879431327184,-0.9145174788973497,-0.3235283579145159,0,push_left,0.3333333333333333,0.3333333333333333,0.3333333333333333,0.0,1.1263036965114106,0.0,0.0,none
cartpole,random,11,129,0.01853864174336195,-0.011442065238952637,0.15543765768515466,-9.72428305041311e-06,0,push_left,0.3333333333333333,0.3333333333333333,0.3333333333333333,1.0,0.10832149096973592,0.0,0.0,none
cartpole,random,11,130,0.01825259067118168,-0.07663321991761525,0.1554344036129608,0.08649794544492449,1,push_right,0.3333333333333333,0.3333333333333333,0.3333333333333333,1.0,0.10747661826688466,0.0,0.0,none
cartpole,random,11,131,0.016336759241918724,-0.011752191931009293,0.1843358636755932,0.0058585575648716515,2,stabilize,0.3333333333333333,0.3333333333333333,0.3333333333333333,1.0,0.10305767771554263,0.0,0.0,none
cartpole,random,11,132,0.01604295490930478,0.05309695998827616,0.18629337480927424,-0.07421362400054932,2,stabilize,0.3333333333333333,0.3333333333333333,0.3333333333333333,1.0,0.11158291831991647,0.0,0.0,none
cartpole,random,11,133,0.017370378288129967,-0.012121955553690592,0.16149647338293618,0.012852973171642848,2,stabilize,0.3333333333333333,0.3333333333333333,0.3333333333333333,1.0,0.10349178921559873,0.0,0.0,none
cartpole,random,11,134,0.017067330578962963,0.052751670281092324,0.16579101293354445,-0.06766676477023534,0,push_left,0.3333333333333333,0.3333333333333333,0.3333333333333333,1.0,0.11081539552020675,0.0,0.0,none
cartpole,random,11,135,0.018386122149725757,-0.012448504567146301,0.1431815948577371,0.0190284720488957,0,push_left,0.3333333333333333,0.3333333333333333,0.3333333333333333,1.0,0.10832282985752929,0.0,0.0,none
cartpole,random,11,136,0.018074909845987957,-0.07762813568115234,0.1495395540337574,0.10531248365129743,2,stabilize,0.3333333333333333,0.3333333333333333,0.3333333333333333,1.0,0.10942456404260599,0.0,0.0,none
cartpole,random,11,137,0.016134205895165604,-0.01274042452375094,0.18472750815685154,0.02455753513744899,1,push_right,0.3333333333333333,0.3333333333333333,0.3333333333333333,1.0,0.10335926906920292,0.0,0.0,none
cartpole,random,11,138,0.015815695126851402,0.052108392119407654,0.19293287346641888,-0.05550706386566162,1,push_right,0.3333333333333333,0.3333333333333333,0.3333333333333333,1.0,0.10456846225290474,0.0,0.0,none
cartpole,random,11,139,0.017118404308954876,0.1169487734635671,0.17438636901555027,-0.13541087082454137,2,stabilize,0.3333333333333333,0.3333333333333333,0.3333333333333333,1.0,0.11768667598576421,0.0,0.0,none
cartpole,random,11,140,0.02004212389389674,0.05174266795317332,0.12914168699544484,-0.04856222016470773,0,push_left,0.3333333333333333,0.3333333333333333,0.3333333333333333,1.0,0.10914300885821039,0.0,0.0,none
cartpole,random,11,141,0.021335690592726074,-0.013423513621091843,0.11291564720058214,0.03746456333569118,2,stabilize,0.3333333333333333,0.3333333333333333,0.3333333333333333,1.0,0.10492187381046085,0.0,0.0,none
cartpole,random,11,142,0.021000104025006294,0.05150156716505686,0.1254336361668844,-0.04400028075490679,0,push_left,0.3333333333333333,0.3333333333333333,0.3333333333333333,1.0,0.10887104003085477,0.0,0.0,none
cartpole,random,11,143,0.022287641962369285,-0.01366115485628446,0.1107318713585346,0.04195856622287205,1,push_right,0.3333333333333333,0.3333333333333333,0.3333333333333333,1.0,0.10514583028571146,0.0,0.0,none
cartpole,random,11,144,0.02194611355662346,0.05126624306042989,0.12475144571506892,-0.03954857162066868,1,push_right,0.3333333333333333,0.3333333333333333,0.3333333333333333,1.0,0.10482905612879878,0.0,0.0,none
cartpole,random,11,145,0.023227770191927753,0.11617892980575562,0.1115371208629062,-0.1207841123853411,1,push_right,0.3333333333333333,0.3333333333333333,0.3333333333333333,1.0,0.11177610347562089,0.0,0.0,none
cartpole,random,11,146,0.02613224399586519,0.18110668659210205,0.07117966407807744,-0.20227720056261336,2,stabilize,0.3333333333333333,0.3333333333333333,0.3333333333333333,1.0,0.1266679378882561,0.0,0.0,none
cartpole,random,11,147,0.030659909049669903,0.11599823832511902,0.003593007484917709,-0.11732309205191475,0,push_left,0.3333333333333333,0.3333333333333333,0.3333333333333333,1.0,0.11304928679874021,0.0,0.0,none
cartpole,random,11,148,0.03355986438691616,0.0509540339310964,-0.035608025058783896,-0.03363162279129028,0,push_left,0.3333333333333333,0.3333333333333333,0.3333333333333333,1.0,0.10599050567375286,0.0,0.0,none
cartpole,random,11,149,0.034833718091249466,-0.014050722122192383,-0.046845321012282996,0.049316972494125366,1,push_right,0.3333333333333333,0.3333333333333333,0.3333333333333333,1.0,0.1079297873425682,0.0,0.0,none
cartpole,random,11,150,0.03448244805137317,0.051036288340886436,-0.030367097290575077,-0.035186665398733954,2,stabilize,0.3333333333333333,0.3333333333333333,0.3333333333333333,1.0,0.10612813983411104,0.0,0.0,none
cartpole,random,11,151,0.03575835687418779,-0.013973789910475412,-0.04212397788617947,0.04786163142749241,0,push_left,0.3333333333333333,0.3333333333333333,0.3333333333333333,1.0,0.10649193509882851,0.0,0.0,none
cartpole,random,11,152,0.03540901156763236,-0.0789719671010971,-0.02613202457567388,0.13068617241723196,0,push_left,0.3333333333333333,0.3333333333333333,0.3333333333333333,1.0,0.11422782943327484,0.0,0.0,none
cartpole,random,11,153,0.03343471325933933,-0.14398667216300964,0.017534000110014526,0.21381538254874094,2,stabilize,0.3333333333333333,0.3333333333333333,0.3333333333333333,1.0,0.1276035515635953,0.0,0.0,none
cartpole,random,11,154,0.02983504595855872,-0.07896298170089722,0.08897590039738039,0.13052262578691756,0,push_left,0.3333333333333333,0.3333333333333333,0.3333333333333333,1.0,0.1158490093959,0.0,0.0,none
cartpole,random,11,155,0.0278609711676836,-0.14408979813257852,0.13258727823066258,0.21580827236175537,0,push_left,0.3333333333333333,0.3333333333333333,0.3333333333333333,1.0,0.12988193270802784,0.0,0.0,none
cartpole,random,11,156,0.024258725655575596,-0.20925434430440268,0.20469504637479213,0.30189190592084614,1,push_right,0.3333333333333333,0.3333333333333333,0.3333333333333333,1.0,0.1440749761660296,0.0,0.0,none
cartpole,random,11,157,0.01902736723423004,-0.1444115936756134,0.3055658431496996,0.22220042773655482,0,push_left,0.3333333333333333,0.3333333333333333,0.3333333333333333,1.0,0.13320457642715108,0.0,0.0,none
cartpole,random,11,158,0.015417076647281647,-0.20972530047098795,0.3798094384710089,0.3113768441336496,2,stabilize,0.3333333333333333,0.3333333333333333,0.3333333333333333,1.0,0.14435782652797147,0.0,0.0,none
cartpole,random,11,159,0.010173944756388664,-0.14506261547406515,0.4838494170537143,0.235178998538426,1,push_right,0.3333333333333333,0.3333333333333333,0.3333333333333333,1.0,0.12583816268594802,0.0,0.0,none
cartpole,random,11,160,0.006547379307448864,-0.08052929242451985,0.5624295347914776,0.16113369805472239,2,stabilize,0.3333333333333333,0.3333333333333333,0.3333333333333333,1.0,0.11087856177243999,0.0,0.0,none
cartpole,random,11,161,0.00453414705892404,-0.01609971622625987,0.6162689238573316,0.08874480213437762,0,push_left,0.3333333333333333,0.3333333333333333,0.3333333333333333,1.0,0.11871218491135607,0.0,0.0,none
cartpole,random,11,162,0.004131654277443886,-0.081667164961497,0.6459211677241724,0.18315918104989187,0,push_left,0.3333333333333333,0.3333333333333333,0.3333333333333333,1.0,0.13057572406118037,0.0,0.0,none
cartpole,random,11,163,0.002089974974902968,-0.14724148313204447,0.7071199166746299,0.27803053174700054,0,push_left,0.3333333333333333,0.3333333333333333,0.3333333333333333,1.0,0.14874018448605625,0.0,0.0,none
cartpole,random,11,164,-0.0015910621732473373,-0.21283000707626343,0.8000179520654792,0.37383341789245605,2,stabilize,0.3333333333333333,0.3333333333333333,0.3333333333333333,1.0,0.15587230145315237,0.0,0.0,none
cartpole,random,11,165,-0.006911812039713065,-0.14861355225245157,0.924926455663895,0.3064392294202532,2,stabilize,0.3333333333333333,0.3333333333333333,0.3333333333333333,0.0,1.071700523739518,0.0,0.0,none
cartpole,random,11,166,0.00035191570835498476,0.00825612743695577,-0.09335060037121284,0.011493485953126634,1,push_right,0.3333333333333333,0.3333333333333333,0.3333333333333333,1.0,0.10744640505186778,0.0,0.0,none
cartpole,random,11,167,0.0005583188612945378,0.07338841259479523,-0.08951029729160319,-0.07387468644550868,0,push_left,0.3333333333333333,0.3333333333333333,0.3333333333333333,1.0,0.1074314807241866,0.0,0.0,none
cartpole,random,11,168,0.002393029280938208,0.008438650518655777,-0.11419396411832022,0.008042356265442712,0,push_left,0.3333333333333333,0.3333333333333333,0.3333333333333333,1.0,0.10418639677456348,0.0,0.0,none
cartpole,random,11,169,0.002603995380923152,-0.056484962503115334,-0.11150677619515285,0.08948229891913277,0,push_left,0.3333333333333333,0.3333333333333333,0.3333333333333333,1.0,0.1084091841054181,0.0,0.0,none
cartpole,random,11,170,0.0011918713183452687,-0.12141213814417522,-0.08160815638687845,0.17097519125257218,2,stabilize,0.3333333333333333,0.3333333333333333,0.3333333333333333,1.0,0.12150513604502942,0.0,0.0,none
cartpole,random,11,171,-0.0018434319645166397,-0.0562931497891744,-0.0244804095645793,0.08582695041384016,2,stabilize,0.3333333333333333,0.3333333333333333,0.3333333333333333,1.0,0.11012729063211532,0.0,0.0,none
cartpole,random,11,172,-0.0032507606859629354,0.008771740520993868,0.004196852370029702,0.0017423842634473527,2,stabilize,0.3333333333333333,0.3333333333333333,0.3333333333333333,1.0,0.10587630430209405,0.0,0.0,none
cartpole,random,11,173,-0.0030314672039821744,0.07380818327267964,0.004779033447329071,-0.08180201053619385,0,push_left,0.3333333333333333,0.3333333333333333,0.3333333333333333,1.0,0.10949603384536111,0.0,0.0,none
cartpole,random,11,174,-0.0011862626221651833,0.008762779335180918,-0.022553380907719914,0.0019118545044745719,0,push_left,0.3333333333333333,0.3333333333333333,0.3333333333333333,1.0,0.10559109731767041,0.0,0.0,none
cartpole,random,11,175,-0.0009671931426661711,-0.05625517666339874,-0.021914575862429307,0.08510854414531163,2,stabilize,0.3333333333333333,0.3333333333333333,0.3333333333333333,1.0,0.11002671557836394,0.0,0.0,none
cartpole,random,11,176,-0.0023735725941757364,0.00880718727906545,0.006522647125161918,0.0010721628288073199,2,stabilize,0.3333333333333333,0.3333333333333333,0.3333333333333333,1.0,0.10583918148746316,0.0,0.0,none
cartpole,random,11,177,-0.002153392997570336,0.07384129365285237,0.00688088791075925,-0.08242825950895037,2,stabilize,0.3333333333333333,0.3333333333333333,0.3333333333333333,1.0,0.1095799940447631,0.0,0.0,none
cartpole,random,11,178,-0.00030736053304281086,0.008793803552786509,-0.020660773399763858,0.0013252370325582369,2,stabilize,0.3333333333333333,0.3333333333333333,0.3333333333333333,1.0,0.10561957130957628,0.0,0.0,none
cartpole,random,11,179,-8.751544252542469e-05,-0.0562260647614797,-0.020217972858708914,0.08455783980233329,2,stabilize,0.3333333333333333,0.3333333333333333,0.3333333333333333,1.0,0.10995394678751033,0.0,0.0,none
cartpole,random,11,180,-0.001493167073931545,0.008834626525640488,0.008035243904498142,0.000553335462297712,0,push_left,0.3333333333333333,0.3333333333333333,0.3333333333333333,1.0,0.1060646814091305,0.0,0.0,none
cartpole,random,11,181,-0.0012723014030295114,-0.05621405939261118,0.008220129217374582,0.0843286429132734,2,stabilize,0.3333333333333333,0.3333333333333333,0.3333333333333333,1.0,0.10950838676422932,0.0,0.0,none
cartpole,random,11,182,-0.002677652907247345,0.008818394814928373,0.036396764147679964,0.0008602722414902278,1,push_right,0.3333333333333333,0.3333333333333333,0.3333333333333333,1.0,0.1053736878527036,0.0,0.0,none
cartpole,random,11,183,-0.002457192943741878,0.07382231950759888,0.03668420719147298,-0.08207327127456665,2,stabilize,0.3333333333333333,0.3333333333333333,0.3333333333333333,1.0,0.1099962814496638,0.0,0.0,none
cartpole,random,11,184,-0.0006116350899295261,0.00874541699886322,0.009261157256962292,0.002240125888160297,0,push_left,0.3333333333333333,0.3333333333333333,0.3333333333333333,1.0,0.10608615518898451,0.0,0.0,none
cartpole,random,11,185,-0.0003929996455553919,-0.05630448957284292,0.010009648318364683,0.08603853838784355,1,push_right,0.3333333333333333,0.3333333333333333,0.3333333333333333,1.0,0.10962998332937024,0.0,0.0,none
cartpole,random,11,186,-0.0018006118868167202,0.008726175874471664,0.03875760908343058,0.0026040180985416684,0,push_left,0.3333333333333333,0.3333333333333333,0.3333333333333333,1.0,0.1065431443843246,0.0,0.0,none
cartpole,random,11,187,-0.001582457528760036,-0.056352972984313965,0.039627686640812274,0.08695650100708008,2,stabilize,0.3333333333333333,0.3333333333333333,0.3333333333333333,1.0,0.10926617376507795,0.0,0.0,none
cartpole,random,11,188,-0.0029912817990407348,0.008647911871472994,0.06868236371469384,0.0040841735899448395,1,push_right,0.3333333333333333,0.3333333333333333,0.3333333333333333,1.0,0.10487692422845286,0.0,0.0,none
cartpole,random,11,189,-0.0027750839944928885,0.07361880441506703,0.07004700690009998,-0.07823255232402257,2,stabilize,0.3333333333333333,0.3333333333333333,0.3333333333333333,1.0,0.1101816118973817,0.0,0.0,none
cartpole,random,11,190,-0.0009346140238145988,0.008509393160541853,0.043907253902965626,0.0067031772008964,1,push_right,0.3333333333333333,0.3333333333333333,0.3333333333333333,1.0,0.1052797910620196,0.0,0.0,none
cartpole,random,11,191,-0.000721879187040031,0.07350566983222961,0.046146975781297346,-0.07608726194926671,2,stabilize,0.3333333333333333,0.3333333333333333,0.3333333333333333,1.0,0.10965649854644656,0.0,0.0,none
cartpole,random,11,192,0.0011157625704072416,0.00841947520772616,0.020724025539395917,0.008403161274535316,1,push_right,0.3333333333333333,0.3333333333333333,0.3333333333333333,1.0,0.1056549532746056,0.0,0.0,none
cartpole,random,11,193,0.0013262494273173313,0.0734392801920573,0.02353176305643983,-0.07482824155262538,0,push_left,0.3333333333333333,0.3333333333333333,0.3333333333333333,1.0,0.10922011353327843,0.0,0.0,none
cartpole,random,11,194,0.0031622314903264246,0.008375290160377821,-0.0014705134740183774,0.009238551769937788,0,push_left,0.3333333333333333,0.3333333333333333,0.3333333333333333,1.0,0.1059619977916694,0.0,0.0,none
cartpole,random,11,195,0.0033716139538834495,-0.056663885712623596,0.0016163535324994448,0.09283447265625,0,push_left,0.3333333333333333,0.3333333333333333,0.3333333333333333,1.0,0.11042049622276436,0.0,0.0,none
cartpole,random,11,196,0.001955016632564366,-0.12170614798863728,0.03263503001882808,0.17648867198399135,0,push_left,0.3333333333333333,0.3333333333333333,0.3333333333333333,1.0,0.1217248260078012,0.0,0.0,none
cartpole,random,11,197,-0.001087637016704927,-0.1867784063021342,0.09160499513007007,0.26072536196027485,2,stabilize,0.3333333333333333,0.3333333333333333,0.3333333333333333,1.0,0.13614180366983228,0.0,0.0,none
cartpole,random,11,198,-0.0057570969996353,-0.12182603279749553,0.17872086430506376,0.17884251049586705,2,stabilize,0.3333333333333333,0.3333333333333333,0.3333333333333333,1.0,0.11923556810486574,0.0,0.0,none
cartpole,random,11,199,-0.008802747664352259,-0.05696608622868856,0.23847731243738982,0.09865398917879377,2,stabilize,0.3333333333333333,0.3333333333333333,0.3333333333333333,1.0,0.10737090044025653,0.0,0.0,none
cartpole,random,11,200,-0.0102268997579813,0.007826237007975578,0.27144045917970755,0.01964849659374782,2,stabilize,0.3333333333333333,0.3333333333333333,0.3333333333333333,1.0,0.08776674546011645,1.0,1.0,cartpole_gravity_shift
cartpole,random,11,201,-0.0100312444070975,0.06468244890371959,0.2780055765035898,-0.04688896451677595,0,push_left,0.3333333333333333,0.3333333333333333,0.3333333333333333,1.0,0.10024982107396228,1.0,0.0,cartpole_gravity_shift
cartpole,random,11,202,-0.008414182811975479,0.00708644154171149,0.2623386236534483,0.033638411334582737,0,push_left,0.3333333333333333,0.3333333333333333,0.3333333333333333,1.0,0.09932090629967118,1.0,0.0,cartpole_gravity_shift
cartpole,random,11,203,-0.00823702197521925,-0.050490349531173706,0.27357818901112085,0.11378325734819685,1,push_right,0.3333333333333333,0.3333333333333333,0.3333333333333333,1.0,0.09539282406920406,1.0,0.0,cartpole_gravity_shift
cartpole,random,11,204,-0.009499280713498592,0.006365646918614705,0.31159647467028273,0.04729864852769034,1,push_right,0.3333333333333333,0.3333333333333333,0.3333333333333333,1.0,0.08810605984657557,1.0,0.0,cartpole_gravity_shift
cartpole,random,11,205,-0.009340139416356882,0.06316421926021576,0.3274003119343505,-0.018175112349646434,0,push_left,0.3333333333333333,0.3333333333333333,0.3333333333333333,1.0,0.10021596935587423,1.0,0.0,cartpole_gravity_shift
cartpole,random,11,206,-0.007761033872763316,0.005507082988818486,0.32132746638432325,0.06355323110307966,2,stabilize,0.3333333333333333,0.3333333333333333,0.3333333333333333,1.0,0.0890424483420798,1.0,0.0,cartpole_gravity_shift
cartpole,random,11,207,-0.007623357232660055,0.062291999657948814,0.3425624390490584,-0.001662471198609897,2,stabilize,0.3333333333333333,0.3333333333333333,0.3333333333333333,1.0,0.08604115504813711,1.0,0.0,cartpole_gravity_shift
cartpole,random,11,208,-0.00606605705494682,0.11904485026995341,0.3420069707037441,-0.0663112189088549,1,push_right,0.3333333333333333,0.3333333333333333,0.3333333333333333,1.0,0.08889585081216787,1.0,0.0,cartpole_gravity_shift
cartpole,random,11,209,-0.003089935635216534,0.1757997671763102,0.31985047324460564,-0.13097638743264334,1,push_right,0.3333333333333333,0.3333333333333333,0.3333333333333333,1.0,0.09704886745238989,1.0,0.0,cartpole_gravity_shift
cartpole,random,11,210,0.001305058637323479,0.2325903375943502,0.276087487654356,-0.19623586109706334,1,push_right,0.3333333333333333,0.3333333333333333,0.3333333333333333,1.0,0.1094451357261446,1.0,0.0,cartpole_gravity_shift
cartpole,random,11,211,0.007119816727936268,0.289448618888855,0.21051940883827666,-0.2626616784504482,1,push_right,0.3333333333333333,0.3333333333333333,0.3333333333333333,1.0,0.12507625371497963,1.0,0.0,cartpole_gravity_shift
cartpole,random,11,212,0.01435603170345227,0.3464041550954183,0.12275656609660401,-0.3308192661830357,1,push_right,0.3333333333333333,0.3333333333333333,0.3333333333333333,1.0,0.1432265689973355,1.0,0.0,cartpole_gravity_shift
cartpole,random,11,213,0.023016136450072132,0.40348247687021893,0.012220294706007747,-0.4012653487069266,1,push_right,0.3333333333333333,0.3333333333333333,0.3333333333333333,1.0,0.16346784948803073,1.0,0.0,cartpole_gravity_shift
cartpole,random,11,214,0.03310319657127063,0.4607033332188924,-0.12185405006272128,-0.47454449108668734,2,stabilize,0.3333333333333333,0.3333333333333333,0.3333333333333333,1.0,0.1830330640299803,1.0,0.0,cartpole_gravity_shift
cartpole,random,11,215,0.044620782136917114,0.40361205736796063,-0.28041307425442064,-0.40405995505196707,0,push_left,0.3333333333333333,0.3333333333333333,0.3333333333333333,1.0,0.16114177605024646,1.0,0.0,cartpole_gravity_shift
cartpole,random,11,216,0.05471108481287956,0.34673070907592773,-0.41542115103373384,-0.3377109595707485,0,push_left,0.3333333333333333,0.3333333333333333,0.3333333333333333,1.0,0.14127387386398021,1.0,0.0,cartpole_gravity_shift
cartpole,random,11,217,0.06337935104966164,0.2900456190109253,-0.5282601408286994,-0.27496279988970074,0,push_left,0.3333333333333333,0.3333333333333333,0.3333333333333333,1.0,0.12348757530207213,1.0,0.0,cartpole_gravity_shift
cartpole,random,11,218,0.07063049202164015,0.23353542884190878,-0.6201331968239213,-0.21527576446533203,1,push_right,0.3333333333333333,0.3333333333333333,0.3333333333333333,1.0,0.12813139374501087,1.0,0.0,cartpole_gravity_shift
cartpole,random,11,219,0.07646887873609862,0.2915051380793254,-0.6920629867790423,-0.30387139320373535,1,push_right,0.3333333333333333,0.3333333333333333,0.3333333333333333,1.0,0.14786087058536956,1.0,0.0,cartpole_gravity_shift
cartpole,random,11,220,0.08375650271773338,0.34952179590861004,-0.7935952315182561,-0.39406561851501465,2,stabilize,0.3333333333333333,0.3333333333333333,0.3333333333333333,1.0,0.15270968237403013,1.0,0.0,cartpole_gravity_shift
cartpole,random,11,221,0.09249454985062282,0.2933495044708252,-0.925263954517665,-0.3416069235120501,1,push_right,0.3333333333333333,0.3333333333333333,0.3333333333333333,0.0,1.0549845713784434,1.0,0.0,cartpole_gravity_shift
cartpole,random,11,222,0.0005779978528153151,-0.0031634854773680368,0.019739922091613807,0.009948923119476863,2,stabilize,0.3333333333333333,0.3333333333333333,0.3333333333333333,1.0,0.09287262128818356,1.0,0.0,cartpole_gravity_shift
cartpole,random,11,223,0.0004989107158811142,0.054045528173446655,0.023064145769452708,-0.0631359304700579,2,stabilize,0.3333333333333333,0.3333333333333333,0.3333333333333333,1.0,0.09606446210295419,1.0,0.0,cartpole_gravity_shift
cartpole,random,11,224,0.0018500490114092827,-0.0032212529331445694,0.0019686085145324823,0.011039870125906808,1,push_right,0.3333333333333333,0.3333333333333333,0.3333333333333333,1.0,0.09325864844828838,1.0,0.0,cartpole_gravity_shift
cartpole,random,11,225,0.0017695175483822823,0.05401185651620229,0.005657347874951533,-0.062498782362256734,0,push_left,0.3333333333333333,0.3333333333333333,0.3333333333333333,1.0,0.09566227446026869,1.0,0.0,cartpole_gravity_shift
cartpole,random,11,226,0.00311981401561449,-0.0032315397014220557,-0.01522530034753474,0.011234222778252192,2,stabilize,0.3333333333333333,0.3333333333333333,0.3333333333333333,1.0,0.09362114684894414,1.0,0.0,cartpole_gravity_shift
cartpole,random,11,227,0.003039025468751788,0.05402477582295736,-0.011471621380998867,-0.06274237377302987,1,push_right,0.3333333333333333,0.3333333333333333,0.3333333333333333,1.0,0.09579887240005756,1.0,0.0,cartpole_gravity_shift
cartpole,random,11,228,0.004389644988502066,0.11127599080403645,-0.03243566030605312,-0.13662340811320714,0,push_left,0.3333333333333333,0.3333333333333333,0.3333333333333333,1.0,0.10323129756252471,1.0,0.0,cartpole_gravity_shift
cartpole,random,11,229,0.007171544712036848,0.05408376455307007,-0.07808548987338537,-0.06386281337056841,0,push_left,0.3333333333333333,0.3333333333333333,0.3333333333333333,1.0,0.09405129596749624,1.0,0.0,cartpole_gravity_shift
cartpole,random,11,230,0.0085236388258636,-0.003045600838959217,-0.09942389935752942,0.007724378257989883,2,stabilize,0.3333333333333333,0.3333333333333333,0.3333333333333333,1.0,0.09117639382396209,1.0,0.0,cartpole_gravity_shift
cartpole,random,11,231,0.008447498548775911,-0.060145179430643715,-0.09684295778058309,0.07876032590866089,2,stabilize,0.3333333333333333,0.3333333333333333,0.3333333333333333,1.0,0.09883071080208744,1.0,0.0,cartpole_gravity_shift
cartpole,random,11,232,0.006943868938833475,-0.002780736113588015,-0.0705268625214447,0.0027206502854824066,2,stabilize,0.3333333333333333,0.3333333333333333,0.3333333333333333,1.0,0.0917515994906974,1.0,0.0,cartpole_gravity_shift
cartpole,random,11,233,0.006874351141353449,-0.05992025633653005,-0.0696178116704513,0.07450226375034877,0,push_left,0.3333333333333333,0.3333333333333333,0.3333333333333333,1.0,0.0950949343857989,1.0,0.0,cartpole_gravity_shift
cartpole,random,11,234,0.0053763443914552535,-0.11706134676933289,-0.04472445723265054,0.14630768980298722,0,push_left,0.3333333333333333,0.3333333333333333,0.3333333333333333,1.0,0.10447892769872602,1.0,0.0,cartpole_gravity_shift
cartpole,random,11,235,0.0024498108541592956,-0.1742370923360189,0.00416116899008327,0.21875361033848353,1,push_right,0.3333333333333333,0.3333333333333333,0.3333333333333333,1.0,0.11847552998937123,1.0,0.0,cartpole_gravity_shift
cartpole,random,11,236,-0.001906116376630962,-0.11700677871704102,0.07725306975528562,0.14527067116328649,1,push_right,0.3333333333333333,0.3333333333333333,0.3333333333333333,1.0,0.10371414933757879,1.0,0.0,cartpole_gravity_shift
cartpole,random,11,237,-0.004831285526355108,-0.059875170389811196,0.12579219758083826,0.07366061210632324,2,stabilize,0.3333333333333333,0.3333333333333333,0.3333333333333333,1.0,0.0938822359968166,1.0,0.0,cartpole_gravity_shift
cartpole,random,11,238,-0.006328164987886946,-0.0028117243200540543,0.15040433705564332,0.0033069391335759845,1,push_right,0.3333333333333333,0.3333333333333333,0.3333333333333333,1.0,0.09007442202482172,1.0,0.0,cartpole_gravity_shift
cartpole,random,11,239,-0.00639845811141034,0.05421668787797292,0.15150928127452695,-0.06640630108969552,2,stabilize,0.3333333333333333,0.3333333333333333,0.3333333333333333,1.0,0.0989188646613612,1.0,0.0,cartpole_gravity_shift
cartpole,random,11,240,-0.005043040728196502,-0.003219001926481724,0.12932101660241377,0.011001237801143102,0,push_left,0.3333333333333333,0.3333333333333333,0.3333333333333333,1.0,0.09599861307100428,1.0,0.0,cartpole_gravity_shift
cartpole,random,11,241,-0.005123515923817953,-0.06062644223372141,0.13299684678171017,0.08785565410341535,0,push_left,0.3333333333333333,0.3333333333333333,0.3333333333333333,1.0,0.1004024607491909,1.0,0.0,cartpole_gravity_shift
cartpole,random,11,242,-0.00663917666922013,-0.11803781986236572,0.16235195651543738,0.16480088233947754,2,stabilize,0.3333333333333333,0.3333333333333333,0.3333333333333333,1.0,0.10539859331597425,1.0,0.0,cartpole_gravity_shift
cartpole,random,11,243,-0.009590122693528732,-0.06102252999941508,0.21741669047134873,0.09539420264107841,1,push_right,0.3333333333333333,0.3333333333333333,0.3333333333333333,1.0,0.0942277962864404,1.0,0.0,cartpole_gravity_shift
cartpole,random,11,244,-0.011115685726205509,-0.004087294451892376,0.2492906476831095,0.02743112402302878,2,stabilize,0.3333333333333333,0.3333333333333333,0.3333333333333333,1.0,0.08846295563336344,1.0,0.0,cartpole_gravity_shift
cartpole,random,11,245,-0.011217868110785883,0.05280085404713949,0.2584561776716556,-0.039691269397735596,1,push_right,0.3333333333333333,0.3333333333333333,0.3333333333333333,1.0,0.08880005648966324,1.0,0.0,cartpole_gravity_shift
cartpole,random,11,246,-0.009897846418122452,0.10967601339022319,0.24519417977276167,-0.106572083064488,1,push_right,0.3333333333333333,0.3333333333333333,0.3333333333333333,1.0,0.09504199772066063,1.0,0.0,cartpole_gravity_shift
cartpole,random,11,247,-0.00715594661111633,0.16657220323880514,0.2095853656459253,-0.17380525384630477,1,push_right,0.3333333333333333,0.3333333333333333,0.3333333333333333,1.0,0.10621091007515387,1.0,0.0,cartpole_gravity_shift
cartpole,random,11,248,-0.002991641328359644,0.22352222601572672,0.1515120196740781,-0.241978543145316,2,stabilize,0.3333333333333333,0.3333333333333333,0.3333333333333333,1.0,0.12592428430895247,1.0,0.0,cartpole_gravity_shift
cartpole,random,11,249,0.002596414415165782,0.1660933792591095,0.07065999052689582,-0.16457973207746232,1,push_right,0.3333333333333333,0.3333333333333333,0.3333333333333333,1.0,0.10704543005603451,1.0,0.0,cartpole_gravity_shift
cartpole,random,11,250,0.0067487490984300775,0.22323431571324667,0.015669146681600084,-0.23635997091020858,2,stabilize,0.3333333333333333,0.3333333333333333,0.3333333333333333,1.0,0.12255809612409904,1.0,0.0,cartpole_gravity_shift
cartpole,random,11,251,0.012329606494555872,0.16597812374432883,-0.06330554731421369,-0.16237303188868932,0,push_left,0.3333333333333333,0.3333333333333333,0.3333333333333333,1.0,0.10680102056811693,1.0,0.0,cartpole_gravity_shift
cartpole,random,11,252,0.016479059122502804,0.10882728298505147,-0.11755906596673132,-0.0904037526675633,1,push_right,0.3333333333333333,0.3333333333333333,0.3333333333333333,1.0,0.10037371452473262,1.0,0.0,cartpole_gravity_shift
cartpole,random,11,253,0.019199741072952747,0.1662185788154602,-0.14776556901544832,-0.1669627938951765,1,push_right,0.3333333333333333,0.3333333333333333,0.3333333333333333,1.0,0.11137484161318376,1.0,0.0,cartpole_gravity_shift
cartpole,random,11,254,0.02335520616422097,0.22364654143651327,-0.20355265365295594,-0.24427332196916854,2,stabilize,0.3333333333333333,0.3333333333333333,0.3333333333333333,1.0,0.12086260011624014,1.0,0.0,cartpole_gravity_shift
cartpole,random,11,255,0.028946368644634884,0.16668309768040976,-0.2851714346744565,-0.17593557494027273,1,push_right,0.3333333333333333,0.3333333333333333,0.3333333333333333,1.0,0.11533435453117125,1.0,0.0,cartpole_gravity_shift
cartpole,random,11,256,0.03311344732840856,0.22428113222122192,-0.3439566044932618,-0.2566289390836443,0,push_left,0.3333333333333333,0.3333333333333333,0.3333333333333333,1.0,0.1215918859853632,1.0,0.0,cartpole_gravity_shift
cartpole,random,11,257,0.03872047488888105,0.16751144329706827,-0.42970371843806887,-0.19199316842215403,0,push_left,0.3333333333333333,0.3333333333333333,0.3333333333333333,1.0,0.10595134507218562,1.0,0.0,cartpole_gravity_shift
cartpole,random,11,258,0.04290825997789701,0.11087379852930705,-0.49385417759560746,-0.12966303314481462,1,push_right,0.3333333333333333,0.3333333333333333,0.3333333333333333,1.0,0.1121311209015919,1.0,0.0,cartpole_gravity_shift
cartpole,random,11,259,0.045680105686187744,0.1687204639116923,-0.5371783613305103,-0.2153513261250087,0,push_left,0.3333333333333333,0.3333333333333333,0.3333333333333333,1.0,0.10916731492719027,1.0,0.0,cartpole_gravity_shift
cartpole,random,11,260,0.049898118401567146,0.11223624149958293,-0.6091334370269411,-0.15592312812805176,2,stabilize,0.3333333333333333,0.3333333333333333,0.3333333333333333,1.0,0.09591567043317042,1.0,0.0,cartpole_gravity_shift
cartpole,random,11,261,0.05270402257641157,0.0558696041504542,-0.6612318796872524,-0.098473174231393,2,stabilize,0.3333333333333333,0.3333333333333333,0.3333333333333333,1.0,0.0859584525616002,1.0,0.0,cartpole_gravity_shift
cartpole,random,11,262,0.054100764294465385,-0.0004103635437786579,-0.694134568257662,-0.04246529085295541,0,push_left,0.3333333333333333,0.3333333333333333,0.3333333333333333,1.0,0.07998688691673794,1.0,0.0,cartpole_gravity_shift
cartpole,random,11,263,0.054090507328510284,-0.056635464231173195,-0.7083234610591698,0.012628405221870967,2,stabilize,0.3333333333333333,0.3333333333333333,0.3333333333333333,1.0,0.0785529811836437,1.0,0.0,cartpole_gravity_shift
cartpole,random,11,264,0.05267461761832237,-0.11283775170644124,-0.704103978550804,0.0673281763281141,2,stabilize,0.3333333333333333,0.3333333333333333,0.3333333333333333,1.0,0.08172498538867674,1.0,0.0,cartpole_gravity_shift
cartpole,random,11,265,0.049853675688306495,-0.1690491040547689,-0.6816077061655413,0.12214803695678711,1,push_right,0.3333333333333333,0.3333333333333333,0.3333333333333333,1.0,0.11469994437060814,1.0,0.0,cartpole_gravity_shift
cartpole,random,11,266,0.04562744560341041,-0.11099872986475627,-0.6407944570008781,0.032133321676935465,0,push_left,0.3333333333333333,0.3333333333333333,0.3333333333333333,1.0,0.08057903532157192,1.0,0.0,cartpole_gravity_shift
cartpole,random,11,267,0.042852479964494705,-0.16730523109436035,-0.6300577969425902,0.08869817427226476,2,stabilize,0.3333333333333333,0.3333333333333333,0.3333333333333333,1.0,0.08545232104139382,1.0,0.0,cartpole_gravity_shift
cartpole,random,11,268,0.03866984819372495,-0.22363173961639404,-0.6004212010731845,0.145562938281468,0,push_left,0.3333333333333333,0.3333333333333333,0.3333333333333333,1.0,0.09435597072961081,1.0,0.0,cartpole_gravity_shift
cartpole,random,11,269,0.03307905358572801,-0.2800099054972331,-0.5517844155181849,0.2032496588570731,0,push_left,0.3333333333333333,0.3333333333333333,0.3333333333333333,1.0,0.10645669697849419,1.0,0.0,cartpole_gravity_shift
cartpole,random,11,270,0.026078807810942333,-0.3364702860514323,-0.4838728534862364,0.26227736473083496,2,stabilize,0.3333333333333333,0.3333333333333333,0.3333333333333333,1.0,0.13561289120991,1.0,0.0,cartpole_gravity_shift
cartpole,random,11,271,0.017667049542069435,-0.2786558270454407,-0.3962384132326076,0.17685025078909739,2,stabilize,0.3333333333333333,0.3333333333333333,0.3333333333333333,1.0,0.11757419805619079,1.0,0.0,cartpole_gravity_shift
cartpole,random,11,272,0.010700653462360304,-0.2209261655807495,-0.33714762735480625,0.0934792331286839,2,stabilize,0.3333333333333333,0.3333333333333333,0.3333333333333333,1.0,0.10511479121911246,1.0,0.0,cartpole_gravity_shift
cartpole,random,11,273,0.005177499260753393,-0.16325953602790833,-0.3059135132018023,0.011518242103712899,1,push_right,0.3333333333333333,0.3333333333333333,0.3333333333333333,1.0,0.09973688955816672,1.0,0.0,cartpole_gravity_shift
cartpole,random,11,274,0.0010960108678167066,-0.10562861959139506,-0.3020649237962782,-0.06968923551695687,0,push_left,0.3333333333333333,0.3333333333333333,0.3333333333333333,1.0,0.08998347307338894,1.0,0.0,cartpole_gravity_shift
cartpole,random,11,275,-0.0015447047189809382,-0.16244168082873026,-0.32535010419768196,-0.0039615511362041745,2,stabilize,0.3333333333333333,0.3333333333333333,0.3333333333333333,1.0,0.08649244468301577,1.0,0.0,cartpole_gravity_shift
cartpole,random,11,276,-0.00560574660388132,-0.21921966473261514,-0.32667378252616647,0.061145739895956855,1,push_right,0.3333333333333333,0.3333333333333333,0.3333333333333333,1.0,0.10221562975458605,1.0,0.0,cartpole_gravity_shift
cartpole,random,11,277,-0.011086238082498312,-0.1615643302599589,-0.3062432236204853,-0.0205638302224023,2,stabilize,0.3333333333333333,0.3333333333333333,0.3333333333333333,1.0,0.08715392437591199,1.0,0.0,cartpole_gravity_shift
cartpole,random,11,278,-0.015125346059600513,-0.21837021907170615,-0.31311418816696207,0.045051510844911845,2,stabilize,0.3333333333333333,0.3333333333333333,0.3333333333333333,1.0,0.08811210023734471,1.0,0.0,cartpole_gravity_shift
cartpole,random,11,279,-0.020584602219363056,-0.27516653140385944,-0.29806118805254844,0.11048487254551478,1,push_right,0.3333333333333333,0.3333333333333333,0.3333333333333333,1.0,0.10626881306554332,1.0,0.0,cartpole_gravity_shift
cartpole,random,11,280,-0.027463765194018684,-0.2175482710202535,-0.2611450015218275,0.02947210201195308,2,stabilize,0.3333333333333333,0.3333333333333333,0.3333333333333333,1.0,0.08845566845714141,1.0,0.0,cartpole_gravity_shift
cartpole,random,11,281,-0.03290247172117233,-0.2744194070498149,-0.25129752113597204,0.09628173283168248,1,push_right,0.3333333333333333,0.3333333333333333,0.3333333333333333,1.0,0.10380214700011783,1.0,0.0,cartpole_gravity_shift
cartpole,random,11,282,-0.03976295702159405,-0.21685810883839926,-0.21912701659100153,0.01640949078968593,2,stabilize,0.3333333333333333,0.3333333333333333,0.3333333333333333,1.0,0.08895623296116723,1.0,0.0,cartpole_gravity_shift
cartpole,random,11,283,-0.045184409245848656,-0.27378930648167926,-0.2136441361079068,0.08432558604649135,0,push_left,0.3333333333333333,0.3333333333333333,0.3333333333333333,1.0,0.09335572608035214,1.0,0.0,cartpole_gravity_shift
cartpole,random,11,284,-0.052029142777125045,-0.33072952429453534,-0.18546851196266304,0.15238722733088902,0,push_left,0.3333333333333333,0.3333333333333333,0.3333333333333333,1.0,0.10315884612704798,1.0,0.0,cartpole_gravity_shift
cartpole,random,11,285,-0.06029738113284111,-0.3877120812733968,-0.13455154645414513,0.22119009494781494,1,push_right,0.3333333333333333,0.3333333333333333,0.3333333333333333,1.0,0.12156249771698255,1.0,0.0,cartpole_gravity_shift
cartpole,random,11,286,-0.06999018291632335,-0.33030333121617633,-0.06064554334113592,0.1442119904926845,0,push_left,0.3333333333333333,0.3333333333333333,0.3333333333333333,1.0,0.1041440635862565,1.0,0.0,cartpole_gravity_shift
cartpole,random,11,287,-0.07824776694178581,-0.3874574899673462,-0.012460151389419038,0.21624926158360072,2,stabilize,0.3333333333333333,0.3333333333333333,0.3333333333333333,1.0,0.11855156766869174,1.0,0.0,cartpole_gravity_shift
cartpole,random,11,288,-0.08793420468767485,-0.33020538091659546,0.059794967989648444,0.1423436403274536,0,push_left,0.3333333333333333,0.3333333333333333,0.3333333333333333,1.0,0.10609442437949401,1.0,0.0,cartpole_gravity_shift
cartpole,random,11,289,-0.0961893362303575,-0.38752031326293945,0.1073560915300556,0.2174490179334368,0,push_left,0.3333333333333333,0.3333333333333333,0.3333333333333333,1.0,0.12035822139679986,1.0,0.0,cartpole_gravity_shift
cartpole,random,11,290,-0.10587734480698904,-0.44489483038584393,0.18001209082068578,0.29374786785670687,2,stabilize,0.3333333333333333,0.3333333333333333,0.3333333333333333,1.0,0.13327102318921208,1.0,0.0,cartpole_gravity_shift
cartpole,random,11,291,-0.11699972053368887,-0.3878951867421468,0.27816173640526565,0.22479030064174108,2,stabilize,0.3333333333333333,0.3333333333333333,0.3333333333333333,1.0,0.11564527699258768,1.0,0.0,cartpole_gravity_shift
cartpole,random,11,292,-0.12669709821542105,-0.3310370445251465,0.3532706837665494,0.15841569219316756,2,stabilize,0.3333333333333333,0.3333333333333333,0.3333333333333333,1.0,0.10116308424627782,1.0,0.0,cartpole_gravity_shift
cartpole,random,11,293,-0.13497301687796912,-0.2742924690246582,0.406201919963081,0.09404321227754865,2,stabilize,0.3333333333333333,0.3333333333333333,0.3333333333333333,1.0,0.09059590388880154,1.0,0.0,cartpole_gravity_shift
cartpole,random,11,294,-0.14183033257722855,-0.21763020753860474,0.4376244857942859,0.0310939827135631,0,push_left,0.3333333333333333,0.3333333333333333,0.3333333333333333,1.0,0.10293320006207714,1.0,0.0,cartpole_gravity_shift
cartpole,random,11,295,-0.14727109422286352,-0.27541855971018475,0.44801386700040685,0.11546346119471959,0,push_left,0.3333333333333333,0.3333333333333333,0.3333333333333333,1.0,0.10970407431639684,1.0,0.0,cartpole_gravity_shift
cartpole,random,11,296,-0.15415654828151068,-0.3332144021987915,0.486593542349367,0.20007329327719553,2,stabilize,0.3333333333333333,0.3333333333333333,0.3333333333333333,1.0,0.10692606584178292,1.0,0.0,cartpole_gravity_shift
cartpole,random,11,297,-0.16248691827058792,-0.2766585946083069,0.5534438145189127,0.13927633421761648,1,push_right,0.3333333333333333,0.3333333333333333,0.3333333333333333,1.0,0.09421908120214675,1.0,0.0,cartpole_gravity_shift
cartpole,random,11,298,-0.16940337916215262,-0.22021075089772543,0.5999800698000378,0.08030671732766288,2,stabilize,0.3333333333333333,0.3333333333333333,0.3333333333333333,1.0,0.08518285136696514,1.0,0.0,cartpole_gravity_shift
cartpole,random,11,299,-0.17490865041812262,-0.1638392706712087,0.6268128290381239,0.022617295384407043,2,stabilize,0.3333333333333333,0.3333333333333333,0.3333333333333333,1.0,0.08055980830854824,1.0,0.0,cartpole_gravity_shift
cartpole,random,11,300,-0.17900463193655014,-0.10751165946324666,0.6343699582721283,-0.0343317666224071,1,push_right,0.3333333333333333,0.3333333333333333,0.3333333333333333,1.0,0.15850808655182744,1.0,1.0,cartpole_gravity_shift|cartpole_sensor_noise
cartpole,random,11,301,-0.30848181461996615,-0.10118509520653121,0.5531106943780647,-0.07577304173294781,0,push_left,0.3333333333333333,0.3333333333333333,0.3333333333333333,1.0,0.16564103684170484,1.0,0.0,cartpole_sensor_noise
cartpole,random,11,302,-0.1542915759045151,-0.050876052256075055,0.5195159504787658,-0.07412478489103613,2,stabilize,0.3333333333333333,0.3333333333333333,0.3333333333333333,1.0,0.14211678889820223,1.0,0.0,cartpole_sensor_noise
cartpole,random,11,303,-0.19450516300005868,-0.027684789530540942,0.6273935086227139,-0.15415382263196886,2,push_right,0.3333333333333333,0.3333333333333333,0.3333333333333333,1.0,0.12625270910921774,1.0,0.0,cartpole_sensor_noise
cartpole,random,11,304,-0.10192893937624542,-0.007200813723415819,0.5445349862293523,-0.16333322233414785,1,push_left,0.3333333333333333,0.3333333333333333,0.3333333333333333,1.0,0.14547796139184033,1.0,0.0,cartpole_sensor_noise
cartpole,random,11,305,-0.1506229597558643,-0.03928788395847268,0.5247706549591815,-0.03152836368634028,1,push_right,0.3333333333333333,0.3333333333333333,0.3333333333333333,1.0,0.22246972102750937,1.0,0.0,cartpole_sensor_noise
cartpole,random,11,306,-0.2956264283090211,0.053034601778319895,0.42335518618551393,-0.12980466908295407,2,stabilize,0.3333333333333333,0.3333333333333333,0.3333333333333333,1.0,0.16377619162790452,1.0,0.0,cartpole_sensor_noise
cartpole,random,11,307,-0.22264688793794993,0.018865656983269204,0.4318444612743672,0.012522570233439084,1,push_right,0.3333333333333333,0.3333333333333333,0.3333333333333333,1.0,0.26273122603237065,1.0,0.0,cartpole_sensor_noise
cartpole,random,11,308,-0.13554137127988053,0.06056301780782529,0.3868218459247802,-0.22763283842427431,0,push_left,0.3333333333333333,0.3333333333333333,0.3333333333333333,1.0,0.21731707020357444,1.0,0.0,cartpole_sensor_noise
cartpole,random,11,309,-0.09007433432607022,0.11826685084345245,0.22060456398431777,-0.10846262238927909,1,push_right,0.3333333333333333,0.3333333333333333,0.3333333333333333,1.0,0.1659063873811316,1.0,0.0,cartpole_sensor_noise
cartpole,random,11,310,-0.06841216134227796,0.10897910993062161,0.29695238097898924,-0.253860106357753,2,stabilize,0.3333333333333333,0.3333333333333333,0.3333333333333333,1.0,0.3263518804772194,1.0,0.0,cartpole_sensor_noise
cartpole,random,11,311,-0.34246991067521815,0.10555639912965399,0.1522372274051001,-0.1516656383154991,2,stabilize,0.3333333333333333,0.3333333333333333,0.3333333333333333,1.0,0.24836505297553355,1.0,0.0,cartpole_sensor_noise
cartpole,random,11,312,-0.1669068218661264,-0.037996211987272314,0.16161899070586702,-0.05083195472597898,2,stabilize,0.3333333333333333,0.3333333333333333,0.3333333333333333,1.0,0.12177822975136993,1.0,0.0,cartpole_sensor_noise
cartpole,random,11,313,-0.17364563527938903,-0.0863601418661855,0.08980945900044714,0.034542790240401675,2,push_right,0.3333333333333333,0.3333333333333333,0.3333333333333333,1.0,0.19617210854102654,1.0,0.0,cartpole_sensor_noise
cartpole,random,11,314,-0.14285842332308318,0.07763144442007015,0.05455269300879453,-0.062407526048495525,1,push_right,0.3333333333333333,0.3333333333333333,0.3333333333333333,1.0,0.10157181911596841,1.0,0.0,cartpole_sensor_noise
cartpole,random,11,315,-0.11773121256928815,0.13676039629798256,0.11302731829890811,-0.11503777367532797,1,push_right,0.3333333333333333,0.3333333333333333,0.3333333333333333,1.0,0.26084710169574243,1.0,0.0,cartpole_sensor_noise
cartpole,random,11,316,-0.1943174660635553,0.2969119197785355,0.030776733042105868,-0.28755469165890507,2,stabilize,0.3333333333333333,0.3333333333333333,0.3333333333333333,1.0,0.18649934192861886,1.0,0.0,cartpole_sensor_noise
cartpole,random,11,317,-0.15637280257527197,0.13174426949368953,-0.013578971346765063,-0.22356699096479704,0,push_left,0.3333333333333333,0.3333333333333333,0.3333333333333333,1.0,0.3050927468998702,1.0,0.0,cartpole_sensor_noise
cartpole,random,11,318,-0.12775583321077666,0.0057198551838122235,-0.12331116138247825,0.030085028035876968,2,stabilize,0.3333333333333333,0.3333333333333333,0.3333333333333333,1.0,0.08126185364576355,1.0,0.0,cartpole_sensor_noise
cartpole,random,11,319,-0.17572747580555342,-0.033966622847892,-0.07540328894417088,0.0508703494088657,0,push_left,0.3333333333333333,0.3333333333333333,0.3333333333333333,1.0,0.2590956588208184,1.0,0.0,cartpole_sensor_noise
cartpole,random,11,320,-0.21693705419952747,-0.1556805055312783,-0.28479219898716235,0.13317676581443977,2,stabilize,0.3333333333333333,0.3333333333333333,0.3333333333333333,1.0,0.22726590319700785,1.0,0.0,cartpole_sensor_noise
cartpole,random,11,321,-0.28088419145187316,-0.11050562937938219,-0.09554507376172144,0.034661231243751145,0,push_left,0.3333333333333333,0.3333333333333333,0.3333333333333333,1.0,0.19692368737983695,1.0,0.0,cartpole_sensor_noise
cartpole,random,11,322,-0.15606474838112208,-0.16245168692596407,-0.07242809917268268,0.17596324069158675,0,push_left,0.3333333333333333,0.3333333333333333,0.3333333333333333,1.0,0.14462459153180543,1.0,0.0,cartpole_sensor_noise
cartpole,random,11,323,-0.12948877174356027,-0.047250673770019014,-0.02026889379289778,0.11101607906388719,0,push_left,0.3333333333333333,0.3333333333333333,0.3333333333333333,1.0,0.23781611594946273,1.0,0.0,cartpole_sensor_noise
cartpole,random,11,324,-0.16913191948837333,-0.24071222724374852,0.01802866588642186,0.23786579365683166,1,push_right,0.3333333333333333,0.3333333333333333,0.3333333333333333,1.0,0.19696581276119884,1.0,0.0,cartpole_sensor_noise
cartpole,random,11,325,-0.19370206656042954,-0.07420048905824252,0.01677376455458003,0.13557158297692073,1,push_right,0.3333333333333333,0.3333333333333333,0.3333333333333333,1.0,0.1286863352030631,1.0,0.0,cartpole_sensor_noise
cartpole,random,11,326,-0.19764186647242118,-0.1431573971042147,0.1230864359772149,0.15764445257674398,2,stabilize,0.3333333333333333,0.3333333333333333,0.3333333333333333,1.0,0.19642475054231684,1.0,0.0,cartpole_sensor_noise
cartpole,random,11,327,-0.23310757396281973,-0.08798979914190123,0.1751210384604731,-0.020045734257798847,1,stabilize,0.3333333333333333,0.3333333333333333,0.3333333333333333,1.0,0.130180022084594,1.0,0.0,cartpole_sensor_noise
cartpole,random,11,328,-0.23642874974977166,0.03291225785055316,0.18671338000532542,-0.06678028436623945,2,stabilize,0.3333333333333333,0.3333333333333333,0.3333333333333333,1.0,0.1700098143082017,1.0,0.0,cartpole_sensor_noise
cartpole,random,11,329,-0.1716333028730255,-0.06069718255223562,0.15527965184647796,0.05550659320721242,2,stabilize,0.3333333333333333,0.3333333333333333,0.3333333333333333,1.0,0.16555996313431734,1.0,0.0,cartpole_sensor_noise
cartpole,random,11,330,-0.20686669837099325,-0.0638026599882032,0.1904043117689902,-0.1023709653942014,2,stabilize,0.3333333333333333,0.3333333333333333,0.3333333333333333,1.0,0.1732226800162973,1.0,0.0,cartpole_sensor_noise
cartpole,random,11,331,-0.25456365477456555,-0.04757879885072195,0.08335420882317827,0.024152388224595166,0,push_left,0.3333333333333333,0.3333333333333333,0.3333333333333333,1.0,0.14070206415205816,1.0,0.0,cartpole_sensor_noise
cartpole,random,11,332,-0.18028502964030302,-0.1114630781608474,0.0803386423103336,0.1250952528582387,2,push_right,0.3333333333333333,0.3333333333333333,0.3333333333333333,1.0,0.24157917513289817,1.0,0.0,cartpole_sensor_noise
cartpole,random,11,333,-0.29726679685512797,-0.0846674568298601,0.20364919029046286,-0.0444696828788251,0,push_left,0.3333333333333333,0.3333333333333333,0.3333333333333333,1.0,0.32797943705868554,1.0,0.0,cartpole_sensor_noise
cartpole,random,11,334,-0.16893076652293906,-0.25015545203706585,0.07414091871966841,0.17219066302912583,1,push_right,0.3333333333333333,0.3333333333333333,0.3333333333333333,1.0,0.32987636836350015,1.0,0.0,cartpole_sensor_noise
cartpole,random,11,335,-0.16475861850674373,-0.10206383616864799,0.19185330226130212,-0.0980197728464171,2,stabilize,0.3333333333333333,0.3333333333333333,0.3333333333333333,1.0,0.14576471720312156,1.0,0.0,cartpole_sensor_noise
cartpole,random,11,336,-0.25083004239769263,-0.03367697427227625,0.09628889723366157,-0.10347361391214724,1,push_right,0.3333333333333333,0.3333333333333333,0.3333333333333333,1.0,0.1837558510924097,1.0,0.0,cartpole_sensor_noise
cartpole,random,11,337,-0.33057123258195026,-0.07304386461127788,0.21722990391454602,-0.20945038611599004,0,push_left,0.3333333333333333,0.3333333333333333,0.3333333333333333,1.0,0.3192395189066564,1.0,0.0,cartpole_sensor_noise
cartpole,random,11,338,-0.21458103351002858,-0.07113847202506106,-0.0077267238151629836,-0.014896976301155607,1,push_right,0.3333333333333333,0.3333333333333333,0.3333333333333333,1.0,0.21158310608265266,1.0,0.0,cartpole_sensor_noise
cartpole,random,11,339,-0.2069419835243889,0.05783078228505513,0.024703998928878215,-0.17928747286312735,0,push_left,0.3333333333333333,0.3333333333333333,0.3333333333333333,1.0,0.15511469522561236,1.0,0.0,cartpole_sensor_noise
cartpole,random,11,340,-0.2275896734751679,-0.05922063400731932,-0.06784333549843295,-0.14229830676033736,2,stabilize,0.3333333333333333,0.3333333333333333,0.3333333333333333,1.0,0.1688481289903447,1.0,0.0,cartpole_sensor_noise
cartpole,random,11,341,-0.15430738036347197,-0.054000491429635936,-0.001729771873444974,-0.005400012409732372,2,stabilize,0.3333333333333333,0.3333333333333333,0.3333333333333333,1.0,0.09347621391960813,1.0,0.0,cartpole_sensor_noise
cartpole,random,11,342,-0.13328423837746411,-0.04178692495921847,-0.09196953354420265,-0.007255888875998991,2,stabilize,0.3333333333333333,0.3333333333333333,0.3333333333333333,1.0,0.1355305911775674,1.0,0.0,cartpole_sensor_noise
cartpole,random,11,343,-0.2263386393733954,-0.09211784232239707,-0.08986520920119886,0.07743053374693191,1,push_right,0.3333333333333333,0.3333333333333333,0.3333333333333333,1.0,0.1884163423118835,1.0,0.0,cartpole_sensor_noise
cartpole,random,11,344,-0.16450217895569152,-0.033002310949290146,-0.026056809269247968,-0.0778460332610942,2,stabilize,0.3333333333333333,0.3333333333333333,0.3333333333333333,1.0,0.1822382455952076,1.0,0.0,cartpole_sensor_noise
cartpole,random,11,345,-0.3217456150603405,-0.055138038023331934,0.0569903861719005,-0.04470311733799533,0,push_left,0.3333333333333333,0.3333333333333333,0.3333333333333333,1.0,0.22631963281194528,1.0,0.0,cartpole_sensor_noise
cartpole,random,11,346,-0.21503352710843399,-0.08671001816266166,-0.03304283854568801,0.1305975814572813,1,push_right,0.3333333333333333,0.3333333333333333,0.3333333333333333,1.0,0.14239080000902057,1.0,0.0,cartpole_sensor_noise
cartpole,random,11,347,-0.28411158347195925,-0.014408656250021593,-0.0006651042286350412,0.03453740530546334,0,push_left,0.3333333333333333,0.3333333333333333,0.3333333333333333,1.0,0.21402001501004983,1.0,0.0,cartpole_sensor_noise
cartpole,random,11,348,-0.14798699907182739,-0.13019871535378472,0.0759310788313224,0.12398208821163652,1,push_right,0.3333333333333333,0.3333333333333333,0.3333333333333333,1.0,0.1507139511884982,1.0,0.0,cartpole_sensor_noise
cartpole,random,11,349,-0.1254490415093514,-0.0335175932705056,0.054927664295523156,0.012544425088630809,1,push_right,0.3333333333333333,0.3333333333333333,0.3333333333333333,1.0,0.10384275703845437,1.0,0.0,cartpole_sensor_noise
cartpole,random,11,350,-0.18574434060404305,0.011018551501569992,0.10022580011606527,-0.04324451464366366,2,stabilize,0.3333333333333333,0.3333333333333333,0.3333333333333333,1.0,0.140030092857185,1.0,0.0,cartpole_sensor_noise
cartpole,random,11,351,-0.21514659171229195,-0.025056593592449328,0.178274600710235,0.06329610281097812,1,push_right,0.3333333333333333,0.3333333333333333,0.3333333333333333,1.0,0.2584473107945007,1.0,0.0,cartpole_sensor_noise
cartpole,random,11,352,-0.27914951785046554,-0.05687654639714987,0.16374286434104393,-0.1846453361302841,1,push_right,0.3333333333333333,0.3333333333333333,0.3333333333333333,1.0,0.22971307272361863,1.0,0.0,cartpole_sensor_noise
cartpole,random,11,353,-0.1977165784594206,0.13655675379709953,0.099795333194819,-0.11659356320315986,1,push_right,0.3333333333333333,0.3333333333333333,0.3333333333333333,1.0,0.07853648897379467,1.0,0.0,cartpole_sensor_noise
cartpole,random,11,354,-0.22565519867548361,0.10005126574697426,0.04661717123792182,-0.15161992518755302,2,stabilize,0.3333333333333333,0.3333333333333333,0.3333333333333333,1.0,0.10406879237092927,1.0,0.0,cartpole_sensor_noise
cartpole,random,11,355,-0.2959779055864953,0.06110216477444811,-0.01225130443050804,-0.1816615720158975,2,stabilize,0.3333333333333333,0.3333333333333333,0.3333333333333333,1.0,0.16900633908977672,1.0,0.0,cartpole_sensor_noise
cartpole,random,11,356,-0.19071726075466047,-0.007565317940071215,0.03231629620040729,-0.07782590813412066,0,push_left,0.3333333333333333,0.3333333333333333,0.3333333333333333,1.0,0.14797530290531366,1.0,0.0,cartpole_sensor_noise
cartpole,random,11,357,-0.2924010421014323,-0.03410358526395697,-0.018810091047855748,0.012942543297683795,1,push_right,0.3333333333333333,0.3333333333333333,0.3333333333333333,1.0,0.17986181591198552,1.0,0.0,cartpole_sensor_noise
cartpole,random,11,358,-0.13555294786748717,-0.06685449244560274,0.009616883688332509,-0.06366185177507802,1,push_right,0.3333333333333333,0.3333333333333333,0.3333333333333333,1.0,0.2776641084480884,1.0,0.0,cartpole_sensor_noise
cartpole,random,11,359,-0.18630570814957376,0.16405997044838247,-0.031100547440079555,-0.20345497060682238,0,push_left,0.3333333333333333,0.3333333333333333,0.3333333333333333,1.0,0.16780125071174706,1.0,0.0,cartpole_sensor_noise
cartpole,random,11,360,-0.18192178632745656,0.13226427876120037,0.055151940404887786,-0.06314252176292409,0,push_left,0.3333333333333333,0.3333333333333333,0.3333333333333333,1.0,0.25714536594945464,1.0,0.0,cartpole_sensor_noise
cartpole,random,11,361,-0.19781166483264417,-0.10902248223071981,-0.023414965025908147,-0.0246822652449847,0,push_left,0.3333333333333333,0.3333333333333333,0.3333333333333333,1.0,0.22068927295435417,1.0,0.0,cartpole_sensor_noise
cartpole,random,11,362,-0.15648215501087448,-0.09077125935667613,-0.20772932000909802,0.08797091147785048,2,stabilize,0.3333333333333333,0.3333333333333333,0.3333333333333333,1.0,0.24734963462259937,1.0,0.0,cartpole_sensor_noise
cartpole,random,11,363,-0.10823675103873501,-0.03838752507122937,0.02886079804480872,0.07633978233882538,2,stabilize,0.3333333333333333,0.3333333333333333,0.3333333333333333,1.0,0.2442618250637249,1.0,0.0,cartpole_sensor_noise
cartpole,random,11,364,-0.2709371481843633,0.09828190067960356,-0.037124224183133714,-0.024456372640578813,0,push_left,0.3333333333333333,0.3333333333333333,0.3333333333333333,1.0,0.2972662856242047,1.0,0.0,cartpole_sensor_noise
cartpole,random,11,365,-0.23595290199012076,-0.17093117092008958,-0.1295544931106681,-0.10271437256949367,1,push_right,0.3333333333333333,0.3333333333333333,0.3333333333333333,1.0,0.22713178099491912,1.0,0.0,cartpole_sensor_noise
cartpole,random,11,366,-0.19424325453448715,-0.0005261217664458799,-0.051981114592745875,0.01891474160680085,2,stabilize,0.3333333333333333,0.3333333333333333,0.3333333333333333,1.0,0.20622594212673015,1.0,0.0,cartpole_sensor_noise
cartpole,random,11,367,-0.2295678829176605,-0.14238770794757305,-0.1972973987201989,0.012607779643055528,0,push_left,0.3333333333333333,0.3333333333333333,0.3333333333333333,1.0,0.21084231713851515,1.0,0.0,cartpole_sensor_noise
cartpole,random,11,368,-0.24187844996256208,-0.06803895459248711,-0.0005442948235189066,0.004644638495365741,1,push_right,0.3333333333333333,0.3333333333333333,0.3333333333333333,1.0,0.1976198911857338,1.0,0.0,cartpole_sensor_noise
cartpole,random,11,369,-0.12938174793077506,-0.1845170551372099,-0.11340769894082706,0.014278823919117596,1,push_right,0.3333333333333333,0.3333333333333333,0.3333333333333333,1.0,0.26490760418393294,1.0,0.0,cartpole_sensor_noise
cartpole,random,11,370,-0.2933210901143436,-0.00815029963358731,-0.03853839757579609,-0.06689559388062834,1,push_right,0.3333333333333333,0.3333333333333333,0.3333333333333333,1.0,0.1674459349845031,1.0,0.0,cartpole_sensor_noise
cartpole,random,11,371,-0.28435442992472865,0.06669265065874229,-0.02238815577341987,-0.21554095246656962,2,stabilize,0.3333333333333333,0.3333333333333333,0.3333333333333333,1.0,0.215875461928452,1.0,0.0,cartpole_sensor_noise
cartpole,random,11,372,-0.23016585162443415,-0.012851700305618628,-0.15446068873614344,-0.07449005629400267,2,stabilize,0.3333333333333333,0.3333333333333333,0.3333333333333333,1.0,0.1320011157269014,1.0,0.0,cartpole_sensor_noise
cartpole,random,11,373,-0.17981867823491476,-0.0791404394065057,-0.1449993854733404,0.027518489886286995,0,push_left,0.3333333333333333,0.3333333333333333,0.3333333333333333,1.0,0.18224564948110256,1.0,0.0,cartpole_sensor_noise
cartpole,random,11,374,-0.17164142591797493,-0.2401499916090762,-0.1585807237161408,0.1114117592849483,0,push_left,0.3333333333333333,0.3333333333333333,0.3333333333333333,1.0,0.2704873292389774,1.0,0.0,cartpole_sensor_noise
cartpole,random,11,375,-0.32727296975618503,-0.27922756795728476,-0.00042641559446823796,0.2610859911709855,1,push_left,0.3333333333333333,0.3333333333333333,0.3333333333333333,1.0,0.150005877846066,1.0,0.0,cartpole_sensor_noise
cartpole,random,11,376,-0.22592047794775208,-0.244298572888074,-0.030616100641714605,0.361574716970418,1,push_right,0.3333333333333333,0.3333333333333333,0.3333333333333333,1.0,0.25640019048283563,1.0,0.0,cartpole_sensor_noise
cartpole,random,11,377,-0.3080075671774777,-0.18640010666194076,-0.022731414661394847,0.1258028636946749,2,stabilize,0.3333333333333333,0.3333333333333333,0.3333333333333333,1.0,0.18410604323430096,1.0,0.0,cartpole_sensor_noise
cartpole,random,11,378,-0.260874688308899,-0.21332713670734943,0.15003525940087678,0.09263453133767155,2,stabilize,0.3333333333333333,0.3333333333333333,0.3333333333333333,1.0,0.1678288179690298,1.0,0.0,cartpole_sensor_noise
cartpole,random,11,379,-0.20735974502516982,-0.13096531640267078,0.05818760966463732,-0.0077806208070614995,2,stabilize,0.3333333333333333,0.3333333333333333,0.3333333333333333,1.0,0.20194167662988305,1.0,0.0,cartpole_sensor_noise
cartpole,random,11,380,-0.23827196900250588,0.04884766318978399,0.10461706222755277,-0.08083179104857574,0,push_left,0.3333333333333333,0.3333333333333333,0.3333333333333333,1.0,0.2169667829916806,1.0,0.0,cartpole_sensor_noise
cartpole,random,11,381,-0.17378224537029818,-0.10044440605566647,0.13975160827485683,0.0584273278703015,0,push_left,0.3333333333333333,0.3333333333333333,0.3333333333333333,1.0,0.07643568242728922,1.0,0.0,cartpole_sensor_noise
cartpole,random,11,382,-0.21726301876444848,-0.14765988011001138,0.17772308717479082,0.07518148237440322,2,stabilize,0.3333333333333333,0.3333333333333333,0.3333333333333333,1.0,0.10802014442387581,1.0,0.0,cartpole_sensor_noise
cartpole,random,11,383,-0.22633141941066012,-0.07830358896337897,0.2594003313598388,0.06495170369672013,1,push_right,0.3333333333333333,0.3333333333333333,0.3333333333333333,1.0,0.17382040115518518,1.0,0.0,cartpole_sensor_noise
cartpole,random,11,384,-0.1822498309199697,-0.020055731796572777,0.2088510335216274,-0.08445479227124668,2,stabilize,0.3333333333333333,0.3333333333333333,0.3333333333333333,1.0,0.12427259388260094,1.0,0.0,cartpole_sensor_noise
cartpole,random,11,385,-0.24397091900049572,0.04617970016678234,0.15366556656911262,-0.14927467090678925,2,stabilize,0.3333333333333333,0.3333333333333333,0.3333333333333333,1.0,0.1056018027022933,1.0,0.0,cartpole_sensor_noise
cartpole,random,11,386,-0.3106570505275151,0.07835999811347816,0.1264076832750947,-0.07908822764082273,1,push_right,0.3333333333333333,0.3333333333333333,0.3333333333333333,1.0,0.15727358908152073,1.0,0.0,cartpole_sensor_noise
cartpole,random,11,387,-0.1963196306480652,-0.02224691770340581,0.13701633017996515,-0.11687236900404055,2,stabilize,0.3333333333333333,0.3333333333333333,0.3333333333333333,1.0,0.19519723207686968,1.0,0.0,cartpole_sensor_noise
cartpole,random,11,388,-0.34692291840110634,-0.07876495663102989,0.07205836601613518,-0.027391738161873617,1,push_right,0.3333333333333333,0.3333333333333333,0.3333333333333333,1.0,0.21486555482979727,1.0,0.0,cartpole_sensor_noise
cartpole,random,11,389,-0.23174061416151787,0.10236569278918692,0.08149496371324762,-0.025694120157474826,0,push_left,0.3333333333333333,0.3333333333333333,0.3333333333333333,1.0,0.054848896645213065,1.0,0.0,cartpole_sensor_noise
cartpole,random,11,390,-0.18621516790101855,0.07395190600504628,0.0860097106651535,-0.015296573017629496,0,push_left,0.3333333333333333,0.3333333333333333,0.3333333333333333,1.0,0.20155098040253608,1.0,0.0,cartpole_sensor_noise
cartpole,random,11,391,-0.2965307366465991,-0.03393898987815728,0.06714552058786823,0.11298814903379152,2,stabilize,0.3333333333333333,0.3333333333333333,0.3333333333333333,1.0,0.15377876976761395,1.0,0.0,cartpole_sensor_noise
cartpole,random,11,392,-0.20895159982653586,0.016202978948724394,0.02430554440508391,0.005153441133616998,0,push_left,0.3333333333333333,0.3333333333333333,0.3333333333333333,1.0,0.20761434558817884,1.0,0.0,cartpole_sensor_noise
cartpole,random,11,393,-0.17549132258675154,-0.09764770299679487,0.15117636923523575,0.11884575559902699,0,push_left,0.3333333333333333,0.3333333333333333,0.3333333333333333,1.0,0.08270125234359246,1.0,0.0,cartpole_sensor_noise
cartpole,random,11,394,-0.14981747178742544,-0.06564679065569552,0.17608147175759775,0.05149571475256266,1,push_right,0.3333333333333333,0.3333333333333333,0.3333333333333333,1.0,0.16703559400304754,1.0,0.0,cartpole_sensor_noise
cartpole,random,11,395,-0.28755594864250694,-0.07580380941330044,0.08375235206337472,0.03414145636908206,2,stabilize,0.3333333333333333,0.3333333333333333,0.3333333333333333,1.0,0.15924086019941558,1.0,0.0,cartpole_sensor_noise
cartpole,random,11,396,-0.25916311615837556,0.03498393726106716,0.1501089806950865,-0.05459619992195999,2,stabilize,0.3333333333333333,0.3333333333333333,0.3333333333333333,1.0,0.12095038705769925,1.0,0.0,cartpole_sensor_noise
cartpole,random,11,397,-0.21756627305386808,0.1104188517782893,0.08930578382427,-0.11385194812594754,1,push_right,0.3333333333333333,0.3333333333333333,0.3333333333333333,1.0,0.09697473472115076,1.0,0.0,cartpole_sensor_noise
cartpole,random,11,398,-0.2347264760042531,0.17256483450224286,0.15456495698601191,-0.08240765200631701,2,stabilize,0.3333333333333333,0.3333333333333333,0.3333333333333333,1.0,0.09767792679975118,1.0,0.0,cartpole_sensor_noise
cartpole,random,11,399,-0.14719122678555768,0.14464532382731515,0.1807797696827094,-0.10270154387229732,2,push_right,0.3333333333333333,0.3333333333333333,0.3333333333333333,1.0,0.21158671722593583,1.0,0.0,cartpole_sensor_noise
cartpole,random,11,400,-0.16306041628038986,0.10500757555417667,-0.026454287690771763,-0.10265563542788077,1,push_right,0.3333333333333333,0.3333333333333333,0.3333333333333333,1.0,0.2375917842054872,1.0,0.0,cartpole_sensor_noise
cartpole,random,11,401,-0.301565258690498,0.18800036021967664,0.04639013202193494,-0.2609975211090955,2,stabilize,0.3333333333333333,0.3333333333333333,0.3333333333333333,1.0,0.20897865910067098,0.0,0.0,none
cartpole,random,11,402,-0.23822414378325146,0.13529953360557556,-0.1268272770475374,-0.17806179182870047,0,push_left,0.3333333333333333,0.3333333333333333,0.3333333333333333,1.0,0.11982607942884121,0.0,0.0,none
cartpole,random,11,403,-0.23484165469805401,0.07038584351539612,-0.18632285705898713,-0.09686242682593209,1,push_right,0.3333333333333333,0.3333333333333333,0.3333333333333333,1.0,0.11351009344756124,0.0,0.0,none
cartpole,random,11,404,-0.2330820014079412,0.13560418287913004,-0.2186873967721525,-0.18392877919333323,2,stabilize,0.3333333333333333,0.3333333333333333,0.3333333333333333,1.0,0.1195598732787735,0.0,0.0,none
cartpole,random,11,405,-0.22969188789526623,0.07078601916631062,-0.2801433063350031,-0.10452571085521153,0,push_left,0.3333333333333333,0.3333333333333333,0.3333333333333333,1.0,0.1073615248619769,0.0,0.0,none
cartpole,random,11,406,-0.22792225082715353,0.0060390376796325045,-0.31506837410118815,-0.02635005329336439,1,push_right,0.3333333333333333,0.3333333333333333,0.3333333333333333,1.0,0.11104555535740568,0.0,0.0,none
cartpole,random,11,407,-0.2277712772289912,0.07137333850065868,-0.3238726842943979,-0.11570891312190465,1,push_right,0.3333333333333333,0.3333333333333333,0.3333333333333333,1.0,0.11738301873510448,0.0,0.0,none
cartpole,random,11,408,-0.22598693768183392,0.13671176632245383,-0.36253436937537004,-0.20521731036049978,1,push_right,0.3333333333333333,0.3333333333333333,0.3333333333333333,1.0,0.13082789221424795,0.0,0.0,none
cartpole,random,11,409,-0.22256913284460705,0.20207383235295615,-0.43110339624500504,-0.2953857353755406,0,push_left,0.3333333333333333,0.3333333333333333,0.3333333333333333,1.0,0.13995523126582674,0.0,0.0,none
cartpole,random,11,410,-0.2175172915061315,0.1374696989854177,-0.5298002949762458,-0.2202380555016654,2,stabilize,0.3333333333333333,0.3333333333333333,0.3333333333333333,1.0,0.12217168241188214,0.0,0.0,none
cartpole,random,11,411,-0.21408056219418845,0.07299178342024486,-0.6033882036413953,-0.14715230464935303,2,stabilize,0.3333333333333333,0.3333333333333333,0.3333333333333333,1.0,0.10807795048490526,0.0,0.0,none
cartpole,random,11,412,-0.21225576599438986,0.008613015214602152,-0.6525560608911628,-0.07563021353312901,2,stabilize,0.3333333333333333,0.3333333333333333,0.3333333333333333,1.0,0.09869138621919546,0.0,0.0,none
cartpole,random,11,413,-0.21204041937987012,-0.05569790800412496,-0.6778262964580964,-0.005164167178528649,2,stabilize,0.3333333333333333,0.3333333333333333,0.3333333333333333,1.0,0.09500208306040606,0.0,0.0,none
cartpole,random,11,414,-0.21343288322289786,-0.1199746032555898,-0.6795517726843567,0.06475711720330375,1,push_right,0.3333333333333333,0.3333333333333333,0.3333333333333333,1.0,0.11784771640464586,0.0,0.0,none
cartpole,random,11,415,-0.21643223861853284,-0.05436155696709951,-0.6579145753582794,-0.030667449746813093,1,push_right,0.3333333333333333,0.3333333333333333,0.3333333333333333,1.0,0.11597963506462816,0.0,0.0,none
cartpole,random,11,416,-0.21779127418994904,0.011238558838764826,-0.6681614530968496,-0.12575191259384155,2,stabilize,0.3333333333333333,0.3333333333333333,0.3333333333333333,1.0,0.10401558529049028,0.0,0.0,none
cartpole,random,11,417,-0.21751031279563904,-0.05305883288383484,-0.7101787445368801,-0.05561236824308123,0,push_left,0.3333333333333333,0.3333333333333333,0.3333333333333333,1.0,0.0962607865600992,0.0,0.0,none
cartpole,random,11,418,-0.2188367893298467,-0.11729722221692403,-0.7287604569819777,0.013615724231515611,0,push_left,0.3333333333333333,0.3333333333333333,0.3333333333333333,1.0,0.0942843596631549,0.0,0.0,none
cartpole,random,11,419,-0.22176921367645264,-0.18151074647903442,-0.7242110862367762,0.08244063173021589,1,push_right,0.3333333333333333,0.3333333333333333,0.3333333333333333,1.0,0.11969772651754107,0.0,0.0,none
cartpole,random,11,420,-0.2263069897890091,-0.1158696711063385,-0.6966652762064786,-0.01368133191551481,2,stabilize,0.3333333333333333,0.3333333333333333,0.3333333333333333,1.0,0.09481764402898278,0.0,0.0,none
cartpole,random,11,421,-0.22920372585455578,-0.1801231304804484,-0.7012366252753501,0.05583550248827253,1,push_right,0.3333333333333333,0.3333333333333333,0.3333333333333333,1.0,0.11767137667816056,0.0,0.0,none
cartpole,random,11,422,-0.23370680709679922,-0.11449495951334636,-0.6825803714606529,-0.039930684225899835,0,push_left,0.3333333333333333,0.3333333333333333,0.3333333333333333,1.0,0.09587464235681574,0.0,0.0,none
cartpole,random,11,423,-0.23656917115052542,-0.178766667842865,-0.6959223519646183,0.02988974962915693,1,push_right,0.3333333333333333,0.3333333333333333,0.3333333333333333,1.0,0.11654184002935138,0.0,0.0,none
cartpole,random,11,424,-0.24103835225105286,-0.11314075191815694,-0.6859353021107312,-0.06579475743430001,1,push_right,0.3333333333333333,0.3333333333333333,0.3333333333333333,1.0,0.11799133032182761,0.0,0.0,none
cartpole,random,11,425,-0.24386686583360037,-0.047523483633995056,-0.7079192448345175,-0.16131980078560965,2,stabilize,0.3333333333333333,0.3333333333333333,0.3333333333333333,1.0,0.10879844681708942,0.0,0.0,none
cartpole,random,11,426,-0.2450549602508545,-0.11177815993626912,-0.7618208346901759,-0.09202589307512556,0,push_left,0.3333333333333333,0.3333333333333333,0.3333333333333333,1.0,0.09854799521312313,0.0,0.0,none
cartpole,random,11,427,-0.24784939984480542,-0.17595547437667847,-0.7925693630318653,-0.02391055864947183,1,push_right,0.3333333333333333,0.3333333333333333,0.3333333333333333,1.0,0.11765098086541545,0.0,0.0,none
cartpole,random,11,428,-0.2522482971350352,-0.11026725172996521,-0.8005585903768608,-0.12108891350882393,1,push_right,0.3333333333333333,0.3333333333333333,0.3333333333333333,1.0,0.12419277039113372,0.0,0.0,none
cartpole,random,11,429,-0.25500498712062836,-0.044583464662233986,-0.8410178391631862,-0.21837680680411203,1,push_right,0.3333333333333333,0.3333333333333333,0.3333333333333333,1.0,0.13862865576319103,0.0,0.0,none
cartpole,random,11,430,-0.25611956914265954,0.02110118418931961,-0.9139838821848139,-0.3162448065621512,2,stabilize,0.3333333333333333,0.3333333333333333,0.3333333333333333,0.0,1.067554093102676,0.0,0.0,none
cartpole,random,11,431,0.010450214613229036,2.6432086694209527e-05,0.06645787640659223,0.010714066880089896,0,push_left,0.3333333333333333,0.3333333333333333,0.3333333333333333,1.0,0.10702552878749955,0.0,0.0,none
cartpole,random,11,432,0.010450875852257013,-0.06507983803749084,0.07003775591070727,0.09558350699288505,0,push_left,0.3333333333333333,0.3333333333333333,0.3333333333333333,1.0,0.11169535751492317,0.0,0.0,none
cartpole,random,11,433,0.008823879373570284,-0.13018906116485596,0.10197496748482698,0.18051883152553014,0,push_left,0.3333333333333333,0.3333333333333333,0.3333333333333333,1.0,0.12331241721607004,0.0,0.0,none
cartpole,random,11,434,0.005569152999669313,-0.19532686471939087,0.16229151612534443,0.266042743410383,2,stabilize,0.3333333333333333,0.3333333333333333,0.3333333333333333,1.0,0.13644909560117988,0.0,0.0,none
cartpole,random,11,435,0.0006859815524270138,-0.13044452667236328,0.2511840909363831,0.18552626882280623,2,stabilize,0.3333333333333333,0.3333333333333333,0.3333333333333333,1.0,0.11938743757584393,0.0,0.0,none
cartpole,random,11,436,-0.0025751315600549183,-0.06566087901592255,0.3131737572481069,0.10676659856523786,0,push_left,0.3333333333333333,0.3333333333333333,0.3333333333333333,1.0,0.11628304440401109,0.0,0.0,none
cartpole,random,11,437,-0.004216653372471532,-0.13099075357119241,0.3488475639097446,0.19608870574406215,1,push_right,0.3333333333333333,0.3333333333333333,0.3333333333333333,1.0,0.1199390675069589,0.0,0.0,none
cartpole,random,11,438,-0.0074914221962292995,-0.06631227831045787,0.4143664760066103,0.11928621360233851,2,stabilize,0.3333333333333333,0.3333333333333333,0.3333333333333333,1.0,0.10704203336070589,0.0,0.0,none
cartpole,random,11,439,-0.009149229153990746,-0.001715156404922406,0.4542234191462078,0.043828380959374566,2,stabilize,0.3333333333333333,0.3333333333333333,0.3333333333333333,1.0,0.09975267898418616,0.0,0.0,none
cartpole,random,11,440,-0.009192108021428188,0.06283141175905864,0.4688677753639677,-0.030803237642560686,0,push_left,0.3333333333333333,0.3333333333333333,0.3333333333333333,1.0,0.11338773036949897,0.0,0.0,none
cartpole,random,11,441,-0.007621323068936666,-0.002629361736277739,0.4585755184328357,0.06119277647563389,1,push_right,0.3333333333333333,0.3333333333333333,0.3333333333333333,1.0,0.10069923887306235,0.0,0.0,none
cartpole,random,11,442,-0.007687056592355172,0.0619128147761027,0.479021796463213,-0.013349758727209908,1,push_right,0.3333333333333333,0.3333333333333333,0.3333333333333333,1.0,0.09837714550601072,0.0,0.0,none
cartpole,random,11,443,-0.006139236502349377,0.1264296273390452,0.47456122810345563,-0.08746690409524101,0,push_left,0.3333333333333333,0.3333333333333333,0.3333333333333333,1.0,0.11674621380991707,0.0,0.0,none
cartpole,random,11,444,-0.0029784959042444825,0.06096703310807546,0.44533603231207003,0.0046212321945599145,1,push_right,0.3333333333333333,0.3333333333333333,0.3333333333333333,1.0,0.09884019943008705,0.0,0.0,none
cartpole,random,11,445,-0.0014543200571400425,0.12552326917648315,0.4468800984589752,-0.07019300545964922,0,push_left,0.3333333333333333,0.3333333333333333,0.3333333333333333,1.0,0.11505427883322647,0.0,0.0,none
cartpole,random,11,446,0.0016837617537627618,0.060081357757250466,0.42342659539425287,0.02143083938530513,2,stabilize,0.3333333333333333,0.3333333333333333,0.3333333333333333,1.0,0.09944481031387073,0.0,0.0,none
cartpole,random,11,447,0.0031857956976940236,0.12466323375701904,0.4305872612750616,-0.05383482575416565,1,push_right,0.3333333333333333,0.3333333333333333,0.3333333333333333,1.0,0.10072771013591986,0.0,0.0,none
cartpole,random,11,448,0.006302376665795843,0.1892376740773519,0.41259949702351645,-0.12895433391843522,1,push_right,0.3333333333333333,0.3333333333333333,0.3333333333333333,1.0,0.10840466582348306,0.0,0.0,none
cartpole,random,11,449,0.01103331878160437,0.2538376450538635,0.3695121315043411,-0.2044494492667062,1,push_right,0.3333333333333333,0.3333333333333333,0.3333333333333333,1.0,0.12133418872347985,0.0,0.0,none
cartpole,random,11,450,0.017379260001083217,0.3184942801793416,0.30119966066538006,-0.2808342661176409,2,stabilize,0.3333333333333333,0.3333333333333333,0.3333333333333333,1.0,0.14515486188083143,0.0,0.0,none
cartpole,random,11,451,0.02534161632259687,0.25319159030914307,0.207364825900813,-0.19174376555851527,1,push_right,0.3333333333333333,0.3333333333333333,0.3333333333333333,1.0,0.12119461752744469,0.0,0.0,none
cartpole,random,11,452,0.03167140608032545,0.3180222511291504,0.14329769232961614,-0.2713707515171596,2,stabilize,0.3333333333333333,0.3333333333333333,0.3333333333333333,1.0,0.1413342775648807,0.0,0.0,none
cartpole,random,11,453,0.03962196409702301,0.2528512676556905,0.05262488663765582,-0.18509588922773088,2,stabilize,0.3333333333333333,0.3333333333333333,0.3333333333333333,1.0,0.12353362768744275,0.0,0.0,none
cartpole,random,11,454,0.045943244670828186,0.18775999546051025,-0.009220992026045954,-0.10048612526484899,1,push_right,0.3333333333333333,0.3333333333333333,0.3333333333333333,1.0,0.11136804250208537,0.0,0.0,none
cartpole,random,11,455,0.05063724393645923,0.2528097828229268,-0.042796308321429326,-0.1842836822782244,2,stabilize,0.3333333333333333,0.3333333333333333,0.3333333333333333,1.0,0.12212373230420359,0.0,0.0,none
cartpole,random,11,456,0.056957490742206573,0.18781117598215738,-0.1043708092557502,-0.10147050448826381,1,push_right,0.3333333333333333,0.3333333333333333,0.3333333333333333,1.0,0.112859770505475,0.0,0.0,none
cartpole,random,11,457,0.06165276591976484,0.25295313199361164,-0.13827503189835744,-0.18704101017543248,1,push_right,0.3333333333333333,0.3333333333333333,0.3333333333333333,1.0,0.12498621350247646,0.0,0.0,none
cartpole,random,11,458,0.06797659521301588,0.3181241552035014,-0.20077083090893694,-0.2732301950454712,1,push_right,0.3333333333333333,0.3333333333333333,0.3333333333333333,1.0,0.14239079139352603,0.0,0.0,none
cartpole,random,11,459,0.07592969884475073,0.38334469000498456,-0.29206494656269194,-0.3605431488582066,1,push_right,0.3333333333333333,0.3333333333333333,0.3333333333333333,1.0,0.16362158247097955,0.0,0.0,none
cartpole,random,11,460,0.0855133185784022,0.4486275911331177,-0.4125328152162648,-0.4494577816554478,2,stabilize,0.3333333333333333,0.3333333333333333,0.3333333333333333,1.0,0.18047803801421583,0.0,0.0,none
cartpole,random,11,461,0.09672900661826134,0.38396382331848145,-0.5627096339455653,-0.37387967109680176,0,push_left,0.3333333333333333,0.3333333333333333,0.3333333333333333,1.0,0.15844647433450226,0.0,0.0,none
cartpole,random,11,462,0.10632810493310293,0.3194813132286072,-0.6876336077232634,-0.3014286586216518,2,stabilize,0.3333333333333333,0.3333333333333333,0.3333333333333333,1.0,0.13861069936120957,0.0,0.0,none
cartpole,random,11,463,0.1143151397506396,0.25516488154729206,-0.7883496671417164,-0.23165183407919748,2,stabilize,0.3333333333333333,0.3333333333333333,0.3333333333333333,1.0,0.12131129650019037,0.0,0.0,none
cartpole,random,11,464,0.12069426476955414,0.1909912625948588,-0.8657512061635748,-0.16407605579921178,2,stabilize,0.3333333333333333,0.3333333333333333,0.3333333333333333,1.0,0.10709479518602158,0.0,0.0,none
cartpole,random,11,465,0.12546904385089874,0.12693195541699728,-0.920573751795548,-0.0982171893119812,1,push_right,0.3333333333333333,0.3333333333333333,0.3333333333333333,1.0,0.12339721671802131,0.0,0.0,none
cartpole,random,11,466,0.12864234546820325,0.19268776973088583,-0.9533909453981532,-0.19729295798710414,2,stabilize,0.3333333333333333,0.3333333333333333,0.3333333333333333,0.0,1.0031619913654595,0.0,0.0,none
cartpole,random,11,467,0.00861059796685974,0.015807776401440304,0.0076538184102011185,-0.004853901586362294,1,push_right,0.3333333333333333,0.3333333333333333,0.3333333333333333,1.0,0.10583393500531688,0.0,0.0,none
cartpole,random,11,468,0.009005792283763489,0.08084075152873993,0.00603198960672415,-0.08833292552403041,0,push_left,0.3333333333333333,0.3333333333333333,0.3333333333333333,1.0,0.11008282213639188,0.0,0.0,none
cartpole,random,11,469,0.011026811165114244,0.01579410458604495,-0.023482591891772424,-0.004595440413270678,1,push_right,0.3333333333333333,0.3333333333333333,0.3333333333333333,1.0,0.10631528418478121,0.0,0.0,none
cartpole,random,11,470,0.011421663997073969,0.08085815608501434,-0.02501806053099598,-0.08866145781108312,2,stabilize,0.3333333333333333,0.3333333333333333,0.3333333333333333,1.0,0.10964789604366024,0.0,0.0,none
cartpole,random,11,471,0.013443118271728357,0.015842529634634655,-0.054642411397863404,-0.005511346672262464,1,push_right,0.3333333333333333,0.3333333333333333,0.3333333333333333,1.0,0.10680067651930884,0.0,0.0,none
cartpole,random,11,472,0.013839180270830791,0.08093727628389995,-0.05648391396874176,-0.09016068492616926,1,push_right,0.3333333333333333,0.3333333333333333,0.3333333333333333,1.0,0.110997205941643,0.0,0.0,none
cartpole,random,11,473,0.015862612053751945,0.14603343605995178,-0.08660920302167997,-0.1748438732964652,1,push_right,0.3333333333333333,0.3333333333333333,0.3333333333333333,1.0,0.12220194302915625,0.0,0.0,none
cartpole,random,11,474,0.019513449321190517,0.21115702390670776,-0.14502958779118796,-0.26008449281964985,1,push_right,0.3333333333333333,0.3333333333333333,0.3333333333333333,1.0,0.13883903312378054,0.0,0.0,none
cartpole,random,11,475,0.024792375043034554,0.27633025248845416,-0.23193132834673497,-0.34639178003583637,1,push_right,0.3333333333333333,0.3333333333333333,0.3333333333333333,1.0,0.1594317344655563,0.0,0.0,none
cartpole,random,11,476,0.03170063098271688,0.34156835079193115,-0.3476708345026276,-0.43425025258745464,1,push_right,0.3333333333333333,0.3333333333333333,0.3333333333333333,1.0,0.18293454341754178,0.0,0.0,none
cartpole,random,11,477,0.0402398407459259,0.40687596797943115,-0.4927663928284566,-0.5241074902670724,1,push_right,0.3333333333333333,0.3333333333333333,0.3333333333333333,1.0,0.20869506316174508,0.0,0.0,none
cartpole,random,11,478,0.050411739697059,0.472243070602417,-0.6678858349602091,-0.6163597788129535,2,stabilize,0.3333333333333333,0.3333333333333333,0.3333333333333333,1.0,0.22730788884119993,0.0,0.0,none
cartpole,random,11,479,0.06221781795223554,0.4077433745066325,-0.8738294137121669,-0.54595719064985,0,push_left,0.3333333333333333,0.3333333333333333,0.3333333333333333,0.0,1.108098871834615,0.0,0.0,none
cartpole,random,11,480,-0.00744617311283946,-0.015261878569920858,-0.008058995408559472,-0.0032434753541435513,0,push_left,0.3333333333333333,0.3333333333333333,0.3333333333333333,1.0,0.10582071129687982,0.0,0.0,none
cartpole,random,11,481,-0.007827720449616512,-0.08029444515705109,-0.009142734257055354,0.08022788592747279,1,push_right,0.3333333333333333,0.3333333333333333,0.3333333333333333,1.0,0.10943433978233234,0.0,0.0,none
cartpole,random,11,482,-0.009835081485410532,-0.015244703739881516,0.017663718452388177,-0.0035682384456907,0,push_left,0.3333333333333333,0.3333333333333333,0.3333333333333333,1.0,0.10622080927904433,0.0,0.0,none
cartpole,random,11,483,-0.010216198861598969,-0.08030297855536143,0.016471466631906413,0.08038838420595441,0,push_left,0.3333333333333333,0.3333333333333333,0.3333333333333333,1.0,0.10955747547534565,0.0,0.0,none
cartpole,random,11,484,-0.012223773325483005,-0.14535998304684958,0.04333154985187731,0.16432247843061173,1,push_right,0.3333333333333333,0.3333333333333333,0.3333333333333333,1.0,0.11878027977236556,0.0,0.0,none
cartpole,random,11,485,-0.01585777228077253,-0.08036214113235474,0.09823642973399106,0.08151979957308088,1,push_right,0.3333333333333333,0.3333333333333333,0.3333333333333333,1.0,0.10791739985245385,0.0,0.0,none
cartpole,random,11,486,-0.017866825995345913,-0.015421314785877863,0.12547455212381403,-0.00022922278315361057,2,stabilize,0.3333333333333333,0.3333333333333333,0.3333333333333333,1.0,0.10397399068337723,0.0,0.0,none
cartpole,random,11,487,-0.018252359392742317,0.04949044684569041,0.12539795695455092,-0.08145052194595337,0,push_left,0.3333333333333333,0.3333333333333333,0.3333333333333333,1.0,0.11125195944219747,0.0,0.0,none
cartpole,random,11,488,-0.017015098904569946,-0.0156717486679554,0.09818298648820573,0.0045070334204605645,2,stabilize,0.3333333333333333,0.3333333333333333,0.3333333333333333,1.0,0.1044156408168973,0.0,0.0,none
cartpole,random,11,489,-0.01740689234187206,0.04926858842372894,0.09968891953227059,-0.0772423233304705,2,stabilize,0.3333333333333333,0.3333333333333333,0.3333333333333333,1.0,0.11053589737363043,0.0,0.0,none
cartpole,random,11,490,-0.01617517787963152,-0.015869295845429104,0.07388002832635775,0.00824232239808355,0,push_left,0.3333333333333333,0.3333333333333333,0.3333333333333333,1.0,0.1071156640140114,0.0,0.0,none
cartpole,random,11,491,-0.016571908878783386,-0.08098277946313222,0.0766340225294837,0.09324972118650164,2,stabilize,0.3333333333333333,0.3333333333333333,0.3333333333333333,1.0,0.10929854209446714,0.0,0.0,none
cartpole,random,11,492,-0.018596478427449863,-0.016019536803166073,0.10779145260414816,0.011084862053394318,1,push_right,0.3333333333333333,0.3333333333333333,0.3333333333333333,1.0,0.1043191225594358,0.0,0.0,none
cartpole,random,11,493,-0.018996967313190304,0.04891078670819601,0.11149522690613686,-0.07047894171306066,0,push_left,0.3333333333333333,0.3333333333333333,0.3333333333333333,1.0,0.11020600386809341,0.0,0.0,none
cartpole,random,11,494,-0.017774198204278946,-0.016238426168759663,0.08794617325707665,0.015223393482821328,1,push_right,0.3333333333333333,0.3333333333333333,0.3333333333333333,1.0,0.10468966106996969,0.0,0.0,none
cartpole,random,11,495,-0.018180158610145252,0.048712571461995445,0.09303275042331305,-0.06672326581818717,2,stabilize,0.3333333333333333,0.3333333333333333,0.3333333333333333,1.0,0.10966901653984638,0.0,0.0,none
cartpole,random,11,496,-0.016962344137330852,-0.016419075429439545,0.07073857725946886,0.018638602324894497,2,stabilize,0.3333333333333333,0.3333333333333333,0.3333333333333333,1.0,0.10502120705790381,0.0,0.0,none
cartpole,random,11,497,-0.01737282145768404,0.048549716671307884,0.07696627574774986,-0.06363871693611145,1,push_right,0.3333333333333333,0.3333333333333333,0.3333333333333333,1.0,0.10688172342229786,0.0,0.0,none
cartpole,random,11,498,-0.016159078416725002,0.11351231733957927,0.05570274104224185,-0.1457968098776681,1,push_right,0.3333333333333333,0.3333333333333333,0.3333333333333333,1.0,0.11585120738647434,0.0,0.0,none
cartpole,random,11,499,-0.013321270234882832,0.17849753300348917,0.006987815522777722,-0.2283633095877511,1,push_right,0.3333333333333333,0.3333333333333333,0.3333333333333333,1.0,0.1305463792625789,0.0,0.0,none
cartpole,random,11,500,-0.008858831909795603,0.24353148539861044,-0.06931496068372932,-0.3118553161621094,0,push_left,0.3333333333333333,0.3333333333333333,0.3333333333333333,1.0,0.14795871911392058,0.0,0.0,none
cartpole,random,11,501,-0.0027705449610948563,0.17855560779571533,-0.17351482890386286,-0.22954348155430385,0,push_left,0.3333333333333333,0.3333333333333333,0.3333333333333333,1.0,0.12867575421343108,0.0,0.0,none
cartpole,random,11,502,0.0016933452570810914,0.11368722716967265,-0.25021194131391433,-0.1492492130824498,0,push_left,0.3333333333333333,0.3333333333333333,0.3333333333333333,1.0,0.11356620183992419,0.0,0.0,none
cartpole,random,11,503,0.004535525804385543,0.04890507459640503,-0.3000804020852064,-0.07047349640301295,2,stabilize,0.3333333333333333,0.3333333333333333,0.3333333333333333,1.0,0.10389375269383316,0.0,0.0,none
cartpole,random,11,504,0.00575815288660427,-0.015818386028210323,-0.323627650880017,0.00730064937046596,2,stabilize,0.3333333333333333,0.3333333333333333,0.3333333333333333,1.0,0.10083003240417868,0.0,0.0,none
cartpole,random,11,505,0.005362693142766754,-0.08051419754823048,-0.3211882703344122,0.08459903512682233,0,push_left,0.3333333333333333,0.3333333333333333,0.3333333333333333,1.0,0.10474851256310337,0.0,0.0,none
cartpole,random,11,506,0.0033498380798846483,-0.1452146569887797,-0.2929213010041412,0.1619490725653512,0,push_left,0.3333333333333333,0.3333333333333333,0.3333333333333333,1.0,0.11491011678059398,0.0,0.0,none
cartpole,random,11,507,-0.0002805282808064173,-0.2099512815475464,-0.2388094411829491,0.2398735966001238,2,stabilize,0.3333333333333333,0.3333333333333333,0.3333333333333333,1.0,0.1358421363117443,0.0,0.0,none
cartpole,random,11,508,-0.005529310243825118,-0.1446952521800995,-0.15866073617502727,0.15187716484069824,2,stabilize,0.3333333333333333,0.3333333333333333,0.3333333333333333,1.0,0.11971313072883431,0.0,0.0,none
cartpole,random,11,509,-0.009146691299974918,-0.07950414220492046,-0.10791419158402947,0.06531472717012678,1,push_right,0.3333333333333333,0.3333333333333333,0.3333333333333333,1.0,0.10980805239596064,0.0,0.0,none
cartpole,random,11,510,-0.011134295103450617,-0.014358273396889368,-0.08609065861576781,-0.020321754472596303,0,push_left,0.3333333333333333,0.3333333333333333,0.3333333333333333,1.0,0.10481521734337461,0.0,0.0,none
cartpole,random,11,511,-0.011493251658976078,-0.07931120693683624,-0.09288074257550205,0.06166063461984907,2,stabilize,0.3333333333333333,0.3333333333333333,0.3333333333333333,1.0,0.10934668417285728,0.0,0.0,none
cartpole,random,11,512,-0.013476032763719559,-0.014179655661185583,-0.07227814016165768,-0.0236984874520983,1,push_right,0.3333333333333333,0.3333333333333333,0.3333333333333333,1.0,0.10734793352586312,0.0,0.0,none
cartpole,random,11,513,-0.01383052362749974,0.05093224346637726,-0.08019649363645222,-0.10867609296526227,0,push_left,0.3333333333333333,0.3333333333333333,0.3333333333333333,1.0,0.1108143287559584,0.0,0.0,none
cartpole,random,11,514,-0.012557217075179022,-0.014027552058299383,-0.11650831182987423,-0.026579375777925764,0,push_left,0.3333333333333333,0.3333333333333333,0.3333333333333333,1.0,0.10449374763095982,0.0,0.0,none
cartpole,random,11,515,-0.012907905814548334,-0.07894880572954814,-0.12538925275597768,0.054815833057676046,0,push_left,0.3333333333333333,0.3333333333333333,0.3333333333333333,1.0,0.10559439941077645,0.0,0.0,none
cartpole,random,11,516,-0.014881626702845097,-0.14386096596717834,-0.10707369852179845,0.13603918892996653,0,push_left,0.3333333333333333,0.3333333333333333,0.3333333333333333,1.0,0.11380060098906304,0.0,0.0,none
cartpole,random,11,517,-0.018478150789936386,-0.2087936798731486,-0.06161907549974173,0.2176189763205392,1,push_right,0.3333333333333333,0.3333333333333333,0.3333333333333333,1.0,0.12938045643942922,0.0,0.0,none
cartpole,random,11,518,-0.023697991855442524,-0.1436945597330729,0.011093712240670918,0.13284273658479964,1,push_right,0.3333333333333333,0.3333333333333333,0.3333333333333333,1.0,0.11475997546615814,0.0,0.0,none
cartpole,random,11,519,-0.027290356035033863,-0.07866487900416057,0.055480308315065424,0.04942860347884042,1,push_right,0.3333333333333333,0.3333333333333333,0.3333333333333333,1.0,0.10638310404535005,0.0,0.0,none
cartpole,random,11,520,-0.029256977140903473,-0.013680317749579748,0.07199583161702304,-0.03314101270266941,2,stabilize,0.3333333333333333,0.3333333333333333,0.3333333333333333,1.0,0.10762226382820474,0.0,0.0,none
cartpole,random,11,521,-0.029598986729979515,-0.07879191140333812,0.060922459550290804,0.051831309284482686,2,stabilize,0.3333333333333333,0.3333333333333333,0.3333333333333333,1.0,0.10642669818895042,0.0,0.0,none
cartpole,random,11,522,-0.03156878364582857,-0.013812908281882605,0.07824079624792842,-0.03063423718724932,0,push_left,0.3333333333333333,0.3333333333333333,0.3333333333333333,1.0,0.10763462719049018,0.0,0.0,none
cartpole,random,11,523,-0.031914105638861656,-0.07893056174119313,0.06800501436208484,0.054454032863889425,1,push_right,0.3333333333333333,0.3333333333333333,0.3333333333333333,1.0,0.10646353845374971,0.0,0.0,none
cartpole,random,11,524,-0.03388737017909686,-0.013958806792894999,0.08619967892517054,-0.027875891753605435,0,push_left,0.3333333333333333,0.3333333333333333,0.3333333333333333,1.0,0.10767232101327293,0.0,0.0,none
cartpole,random,11,525,-0.03423633985221386,-0.07908415794372559,0.07688553741552949,0.05735991256577628,1,push_right,0.3333333333333333,0.3333333333333333,0.3333333333333333,1.0,0.10649681513380273,0.0,0.0,none
cartpole,random,11,526,-0.03621344454586506,-0.014121518780787786,0.09605114243764581,-0.02479967474937439,1,push_right,0.3333333333333333,0.3333333333333333,0.3333333333333333,1.0,0.10476650712352231,0.0,0.0,none
cartpole,random,11,527,-0.03656648409863313,0.05082108577092489,0.08776485208679782,-0.10659021139144897,0,push_left,0.3333333333333333,0.3333333333333333,0.3333333333333333,1.0,0.11305464242382718,0.0,0.0,none
cartpole,random,11,528,-0.035295955215891205,-0.014304998020331064,0.05214998769731681,-0.021326429077557156,0,push_left,0.3333333333333333,0.3333333333333333,0.3333333333333333,1.0,0.10698385482321889,0.0,0.0,none
cartpole,random,11,529,-0.035653579980134964,-0.07939728597799937,0.04502420973806222,0.06327637604304723,1,push_right,0.3333333333333333,0.3333333333333333,0.3333333333333333,1.0,0.10735964372874388,0.0,0.0,none
cartpole,random,11,530,-0.0376385139922301,-0.014401997129122416,0.06616667695432404,-0.019492951886994497,0,push_left,0.3333333333333333,0.3333333333333333,0.3333333333333333,1.0,0.10715986893382966,0.0,0.0,none
cartpole,random,11,531,-0.037998563299576446,-0.07950797180334727,0.05965351809465231,0.0653710493019649,0,push_left,0.3333333333333333,0.3333333333333333,0.3333333333333333,1.0,0.10908833073377129,0.0,0.0,none
cartpole,random,11,532,-0.039986263339718185,-0.14460740486780801,0.0814958731143742,0.15011353152138845,1,push_right,0.3333333333333333,0.3333333333333333,0.3333333333333333,1.0,0.11612254278779081,0.0,0.0,none
cartpole,random,11,533,-0.043601446474591896,-0.07964820663134257,0.13165313723832725,0.06804083926337105,1,push_right,0.3333333333333333,0.3333333333333333,0.3333333333333333,1.0,0.10635369701893593,0.0,0.0,none
cartpole,random,11,534,-0.04559265139202277,-0.014742445200681686,0.15438755258455483,-0.01306114877973284,0,push_left,0.3333333333333333,0.3333333333333333,0.3333333333333333,1.0,0.10839372772578887,0.0,0.0,none
cartpole,random,11,535,-0.0459612129877011,-0.07993260025978088,0.1500234327908063,0.07342736210141863,0,push_left,0.3333333333333333,0.3333333333333333,0.3333333333333333,1.0,0.11100189810323441,0.0,0.0,none
cartpole,random,11,536,-0.047959527000784874,-0.14511801799138388,0.1745576434602032,0.15983547483171737,0,push_left,0.3333333333333333,0.3333333333333333,0.3333333333333333,1.0,0.12107864828989791,0.0,0.0,none
cartpole,random,11,537,-0.05158747856815656,-0.21032323439915976,0.2279632984880616,0.24668587957109725,1,push_right,0.3333333333333333,0.3333333333333333,0.3333333333333333,1.0,0.13152608508564384,0.0,0.0,none
cartpole,random,11,538,-0.056845558186372123,-0.1455097794532776,0.3103881647592513,0.16745948791503906,1,push_right,0.3333333333333333,0.3333333333333333,0.3333333333333333,1.0,0.11554305708661242,0.0,0.0,none
cartpole,random,11,539,-0.06048330416282018,-0.08079184591770172,0.3663412070786469,0.0898849368095398,1,push_right,0.3333333333333333,0.3333333333333333,0.3333333333333333,1.0,0.10453773322768567,0.0,0.0,none
cartpole,random,11,540,-0.06250310068329176,-0.016141993304093678,0.39637437299214,0.013448927019323622,2,stabilize,0.3333333333333333,0.3333333333333333,0.3333333333333333,1.0,0.09971915913365702,0.0,0.0,none
cartpole,random,11,541,-0.0629066489636898,0.04847103854020437,0.4008680510919248,-0.062371326344353814,2,stabilize,0.3333333333333333,0.3333333333333333,0.3333333333333333,1.0,0.10171100149888058,0.0,0.0,none
cartpole,random,11,542,-0.06169487411777179,0.11308013399442036,0.38002797698064184,-0.13810121161597116,0,push_left,0.3333333333333333,0.3333333333333333,0.3333333333333333,1.0,0.12082465058724186,0.0,0.0,none
cartpole,random,11,543,-0.05886786927779516,0.047696794072786965,0.33388437974424523,-0.04762253165245056,0,push_left,0.3333333333333333,0.3333333333333333,0.3333333333333333,1.0,0.11211136292129588,0.0,0.0,none
cartpole,random,11,544,-0.057675453523794815,-0.017653167247772217,0.3179723223524617,0.042064283575330465,0,push_left,0.3333333333333333,0.3333333333333333,0.3333333333333333,1.0,0.11162714178051888,0.0,0.0,none
cartpole,random,11,545,-0.05811678245663643,-0.08298967778682709,0.33202721139411656,0.13147359234946115,0,push_left,0.3333333333333333,0.3333333333333333,0.3333333333333333,1.0,0.11933526785699587,0.0,0.0,none
cartpole,random,11,546,-0.06019152080019315,-0.14833389719327292,0.3759563324844069,0.22112272466932023,2,stabilize,0.3333333333333333,0.3333333333333333,0.3333333333333333,1.0,0.12436820010501666,0.0,0.0,none
cartpole,random,11,547,-0.06389986723661423,-0.08368217945098877,0.4498398104829265,0.1448660237448556,1,push_right,0.3333333333333333,0.3333333333333333,0.3333333333333333,1.0,0.10999967104472179,0.0,0.0,none
cartpole,random,11,548,-0.06599192197124164,-0.019123350580533344,0.49824372538518796,0.07013470785958427,1,push_right,0.3333333333333333,0.3333333333333333,0.3333333333333333,1.0,0.10071627057944163,0.0,0.0,none
cartpole,random,11,549,-0.06647000710169475,0.04537272950013479,0.521677775144008,-0.0035853000091654913,1,push_right,0.3333333333333333,0.3333333333333333,0.3333333333333333,1.0,0.09757568324371864,0.0,0.0,none
cartpole,random,11,550,-0.06533568724989891,0.10983895262082417,0.5204798142494621,-0.0768136978149414,1,push_right,0.3333333333333333,0.3333333333333333,0.3333333333333333,1.0,0.1009416535705954,0.0,0.0,none
cartpole,random,11,551,-0.062589713682731,0.17430915435155234,0.49481414667461826,-0.1500703947884696,2,stabilize,0.3333333333333333,0.3333333333333333,0.3333333333333333,1.0,0.12393990831718095,0.0,0.0,none
cartpole,random,11,552,-0.058231987059116364,0.10883705814679463,0.4446712769301239,-0.05765173690659659,1,push_right,0.3333333333333333,0.3333333333333333,0.3333333333333333,1.0,0.10072583197066232,0.0,0.0,none
cartpole,random,11,553,-0.05551105986038844,0.17339529593785605,0.42540816532399034,-0.1324812514441354,1,push_right,0.3333333333333333,0.3333333333333333,0.3333333333333333,1.0,0.10867158615699751,0.0,0.0,none
cartpole,random,11,554,-0.05117617857952913,0.23798092206319174,0.3811423633434323,-0.2077139445713588,1,push_right,0.3333333333333333,0.3333333333333333,0.3333333333333333,1.0,0.12177735580551256,0.0,0.0,none
cartpole,random,11,555,-0.045226654037833214,0.3026250998179118,0.3117391559559861,-0.283862829208374,2,stabilize,0.3333333333333333,0.3333333333333333,0.3333333333333333,1.0,0.1459056867467555,0.0,0.0,none
cartpole,random,11,556,-0.037661027163267136,0.23731442292531332,0.2168923758663824,-0.19458889961242676,2,stabilize,0.3333333333333333,0.3333333333333333,0.3333333333333333,1.0,0.12725725249697636,0.0,0.0,none
cartpole,random,11,557,-0.031728167086839676,0.17207356293996176,0.15187460866918998,-0.10697879961558751,1,push_right,0.3333333333333333,0.3333333333333333,0.3333333333333333,1.0,0.10963717539748077,0.0,0.0,none
cartpole,random,11,558,-0.027426329130927723,0.23695884148279825,0.11612989701917462,-0.1876882825578962,1,push_right,0.3333333333333333,0.3333333333333333,0.3333333333333333,1.0,0.12169726789582465,0.0,0.0,none
cartpole,random,11,559,-0.021502356976270676,0.3018838365872701,0.05341782223495493,-0.2690951142992292,2,stabilize,0.3333333333333333,0.3333333333333333,0.3333333333333333,1.0,0.13978160143969073,0.0,0.0,none
cartpole,random,11,560,-0.013955261868735155,0.23679351806640625,-0.03649462859072947,-0.18447278227124894,2,stabilize,0.3333333333333333,0.3333333333333333,0.3333333333333333,1.0,0.12222014766305471,0.0,0.0,none
cartpole,random,11,561,-0.00803542323410511,0.1717886527379354,-0.09813230831469442,-0.10153977360044207,2,stabilize,0.3333333333333333,0.3333333333333333,0.3333333333333333,1.0,0.10986432022270477,0.0,0.0,none
cartpole,random,11,562,-0.0037407067914803824,0.1068474253018697,-0.13205968288077943,-0.019788354635238647,2,stabilize,0.3333333333333333,0.3333333333333333,0.3333333333333333,1.0,0.10411362710279881,0.0,0.0,none
cartpole,random,11,563,-0.0010695209493860602,0.041942561666170754,-0.13867153970609133,0.06130513548851013,2,stabilize,0.3333333333333333,0.3333333333333333,0.3333333333333333,1.0,0.10999585757141372,0.0,0.0,none
cartpole,random,11,564,-2.095693920030802e-05,0.10711755355199178,-0.11818772426368514,-0.024895925607000078,1,push_right,0.3333333333333333,0.3333333333333333,0.3333333333333333,1.0,0.10810996979134728,0.0,0.0,none
cartpole,random,11,565,0.002656982008678218,0.1722735365231832,-0.1265061730274437,-0.1107218861579895,0,push_left,0.3333333333333333,0.3333333333333333,0.3333333333333333,1.0,0.11042956689191749,0.0,0.0,none
cartpole,random,11,566,0.006963820196688175,0.10736156503359477,-0.16350155087245677,-0.02951894061905997,0,push_left,0.3333333333333333,0.3333333333333333,0.3333333333333333,1.0,0.10387465162171354,0.0,0.0,none
cartpole,random,11,567,0.009647860036542019,0.042489985624949135,-0.17336467925574728,0.05096171583448138,1,push_right,0.3333333333333333,0.3333333333333333,0.3333333333333333,1.0,0.10992301444365685,0.0,0.0,none
cartpole,random,11,568,0.010710109490901232,0.10769744714101155,-0.15633690186502827,-0.03587135672569275,2,stabilize,0.3333333333333333,0.3333333333333333,0.3333333333333333,1.0,0.10421097994071632,0.0,0.0,none
cartpole,random,11,569,0.013402545203765234,0.0428181787331899,-0.1683225566276787,0.04474938341549465,0,push_left,0.3333333333333333,0.3333333333333333,0.3333333333333333,1.0,0.1043761440988512,0.0,0.0,none
cartpole,random,11,570,0.01447299961000681,-0.02204841623703639,-0.15337050387853654,0.1251359156199864,2,stabilize,0.3333333333333333,0.3333333333333333,0.3333333333333333,1.0,0.11607970837712576,0.0,0.0,none
cartpole,random,11,571,0.013921790135403475,0.04313880701859792,-0.11155897471386948,0.03866848349571228,1,push_right,0.3333333333333333,0.3333333333333333,0.3333333333333333,1.0,0.10843305906046975,0.0,0.0,none
cartpole,random,11,572,0.015000260124603908,0.10828839739163716,-0.09863871663168677,-0.04703544293131147,2,stabilize,0.3333333333333333,0.3333333333333333,0.3333333333333333,1.0,0.10560816897390111,0.0,0.0,none
cartpole,random,11,573,0.01770747049401204,0.04334835708141327,-0.11435462281925866,0.03470535363469805,2,stabilize,0.3333333333333333,0.3333333333333333,0.3333333333333333,1.0,0.10832567692948258,0.0,0.0,none
cartpole,random,11,574,0.018791179172694683,0.10850063959757487,-0.1027585587382032,-0.051050049918038506,0,push_left,0.3333333333333333,0.3333333333333333,0.3333333333333333,1.0,0.10575224465255893,0.0,0.0,none
cartpole,random,11,575,0.02150369497636954,0.04356485108534495,-0.11981585394226567,0.030611272369112288,0,push_left,0.3333333333333333,0.3333333333333333,0.3333333333333333,1.0,0.10456997006011025,0.0,0.0,none
cartpole,random,11,576,0.022592816191414993,-0.02135295420885086,-0.10958774490970985,0.11194242749895368,0,push_left,0.3333333333333333,0.3333333333333333,0.3333333333333333,1.0,0.11073555317613566,0.0,0.0,none
cartpole,random,11,577,0.022058991404871147,-0.08628253142038982,-0.07218454557699919,0.19347296442304338,1,push_right,0.3333333333333333,0.3333333333333333,0.3333333333333333,1.0,0.12507313353312755,0.0,0.0,none
cartpole,random,11,578,0.01990192880233129,-0.021172945698102314,-0.007539642485734387,0.10849994421005249,2,stabilize,0.3333333333333333,0.3333333333333333,0.3333333333333333,1.0,0.11208271885250062,0.0,0.0,none
cartpole,random,11,579,0.01937260540823142,0.04387517273426056,0.028713324011652455,0.024734077709061757,1,push_right,0.3333333333333333,0.3333333333333333,0.3333333333333333,1.0,0.10582186410735267,0.0,0.0,none
cartpole,random,11,580,0.020469484540323418,0.1088869074980418,0.03697769382972991,-0.058345632893698554,0,push_left,0.3333333333333333,0.3333333333333333,0.3333333333333333,1.0,0.10831534691763237,0.0,0.0,none
cartpole,random,11,581,0.023191656606892746,0.04380961755911509,0.017482731802509054,0.025973385998180935,0,push_left,0.3333333333333333,0.3333333333333333,0.3333333333333333,1.0,0.10657021991161628,0.0,0.0,none
cartpole,random,11,582,0.024286898163457714,-0.021248469750086468,0.026161188975438867,0.10992659841264997,0,push_left,0.3333333333333333,0.3333333333333333,0.3333333333333333,1.0,0.11250995681252215,0.0,0.0,none
cartpole,random,11,583,0.023755685736735664,-0.08631491661071777,0.06289083981855388,0.19404258046831405,2,stabilize,0.3333333333333333,0.3333333333333333,0.3333333333333333,1.0,0.12339065851863479,0.0,0.0,none
cartpole,random,11,584,0.02159781288355589,-0.021336091061433155,0.12772606779112167,0.11161234549113683,1,push_right,0.3333333333333333,0.3333333333333333,0.3333333333333333,1.0,0.11042883245703482,0.0,0.0,none
cartpole,random,11,585,0.021064410296579204,0.043574631214141846,0.16501897986009184,0.030433041708809987,1,push_right,0.3333333333333333,0.3333333333333333,0.3333333333333333,1.0,0.10385114486601862,0.0,0.0,none
cartpole,random,11,586,0.022153776759902637,0.10844460129737854,0.17518752870241042,-0.050017944404057095,2,stabilize,0.3333333333333333,0.3333333333333333,0.3333333333333333,1.0,0.1099300499746366,0.0,0.0,none
cartpole,random,11,587,0.0248648909231027,0.04323544601599375,0.15847509402363852,0.03684819596154349,1,push_right,0.3333333333333333,0.3333333333333333,0.3333333333333333,1.0,0.1041861446379086,0.0,0.0,none
cartpole,random,11,588,0.025945777694384258,0.10811244448026021,0.17078713400551698,-0.04373079112597874,1,push_right,0.3333333333333333,0.3333333333333333,0.3333333333333333,1.0,0.10431862441793932,0.0,0.0,none
cartpole,random,11,589,0.02864858756462733,0.1729763944943746,0.15617542520058753,-0.12406905208315168,2,stabilize,0.3333333333333333,0.3333333333333333,0.3333333333333333,1.0,0.11607064289889642,0.0,0.0,none
cartpole,random,11,590,0.032972997675339386,0.10778655608495076,0.11472036808658045,-0.03755051749093192,0,push_left,0.3333333333333333,0.3333333333333333,0.3333333333333333,1.0,0.10846512130736569,0.0,0.0,none
cartpole,random,11,591,0.03566766157746315,0.0426339457432429,0.10217365259771416,0.04821158732686724,2,stabilize,0.3333333333333333,0.3333333333333333,0.3333333333333333,1.0,0.10558302635114536,0.0,0.0,none
cartpole,random,11,592,0.03673351059357326,0.10757032036781311,0.11828253690268943,-0.033460993851934163,2,stabilize,0.3333333333333333,0.3333333333333333,0.3333333333333333,1.0,0.1083693784212558,0.0,0.0,none
cartpole,random,11,593,0.039422769720355674,0.04241429269313812,0.10710225611711743,0.05236664414405823,0,push_left,0.3333333333333333,0.3333333333333333,0.3333333333333333,1.0,0.10900575228125348,0.0,0.0,none
cartpole,random,11,594,0.04048312703768413,-0.02273094157377879,0.12459946453998083,0.13798834596361434,0,push_left,0.3333333333333333,0.3333333333333333,0.3333333333333333,1.0,0.11729373029057559,0.0,0.0,none
cartpole,random,11,595,0.039914852629105255,-0.08789109190305074,0.1707053554371035,0.22392959254128592,2,stabilize,0.3333333333333333,0.3333333333333333,0.3333333333333333,1.0,0.12754295739726554,0.0,0.0,none
cartpole,random,11,596,0.03771757396558921,-0.023020188013712566,0.24552669971825686,0.14358091354370117,2,stabilize,0.3333333333333333,0.3333333333333333,0.3333333333333333,1.0,0.11278051777569599,0.0,0.0,none
cartpole,random,11,597,0.03714206938942274,0.0417666882276535,0.2935012193454479,0.064712541443961,1,push_right,0.3333333333333333,0.3333333333333333,0.3333333333333333,1.0,0.10357609277947863,0.0,0.0,none
cartpole,random,11,598,0.03818623721599579,0.10649727781613667,0.3151235688557773,-0.013193437031337194,0,push_left,0.3333333333333333,0.3333333333333333,0.3333333333333333,1.0,0.11081664089273763,0.0,0.0,none
cartpole,random,11,599,0.0408486711482207,0.0411627913514773,0.3107152434692747,0.07616657018661499,2,stabilize,0.3333333333333333,0.3333333333333333,0.3333333333333333,1.0,0.10417291646485466,0.0,0.0,none
