env,policy,seed,t,q,mu,sigma,rho,a,action_label,p0,p1,p2,r,state_delta,intervention_active,intervention_start,intervention_name
cartpole,dqn,23,0,0.008080545036743086,0.004715274088084698,-0.17725813218119038,-0.011036913309778486,0,push_left,0.3404994473895578,0.3232477893873294,0.3362527632231128,1.0,0.10321741376368601,0.0,0.0,none
cartpole,dqn,23,1,0.00819842719162504,-0.060141488909721375,-0.18094588506762338,0.06917419178145272,0,push_left,0.33930555325293077,0.3246580973674602,0.3360363493796089,1.0,0.10566371555790739,0.0,0.0,none
cartpole,dqn,23,2,0.006694889937837919,-0.12499500314394633,-0.15783277929255957,0.14931385857718332,0,push_left,0.33788198312365963,0.32637399971939857,0.33574401715694185,1.0,0.11490787610615753,0.0,0.0,none
cartpole,dqn,23,3,0.003570014766107003,-0.18987544377644858,-0.10794271361571793,0.229908926146371,0,push_left,0.33621882833517713,0.32840777681879546,0.3353733948460274,1.0,0.12958951249740594,0.0,0.0,none
cartpole,dqn,23,4,-0.0011768714951661727,-0.25481035312016803,-0.031123502371134794,0.31147592408316477,2,stabilize,0.33129811092904327,0.33135372288395987,0.33734816618699687,1.0,0.14898477319165307,0.0,0.0,none
cartpole,dqn,23,5,-0.0075471300321320696,-0.18974125385284424,0.07294959484250563,0.22726971762520926,2,stabilize,0.3331991006011643,0.33073731152680624,0.3360635878720295,1.0,0.12951168876264646,0.0,0.0,none
cartpole,dqn,23,6,-0.012290661688894033,-0.12477162480354309,0.14888697030436168,0.1450308050428118,0,push_left,0.3352606944992656,0.32982885147612745,0.33491045402460695,1.0,0.11861322281925471,0.0,0.0,none
cartpole,dqn,23,7,-0.015409952029585838,-0.18995404243469238,0.19734594659759777,0.23141568047659739,2,stabilize,0.3259329566127282,0.33338233091487834,0.3406847124723934,1.0,0.12875765696240685,0.0,0.0,none
cartpole,dqn,23,8,-0.020158803090453148,-0.12511008977890015,0.2746686054869313,0.1515880482537406,2,stabilize,0.3288438751594423,0.3323599174834609,0.33879620735709676,1.0,0.11356770950271251,0.0,0.0,none
cartpole,dqn,23,9,-0.023286555272837482,-0.060354327162106834,0.3253185592573981,0.07329938241413661,2,stabilize,0.33308316598913823,0.33082661486906123,0.3360902191418006,1.0,0.10371906875948765,0.0,0.0,none
cartpole,dqn,23,10,-0.024795414259036384,0.004341024595002334,0.3498099868792623,-0.003966716251202992,0,push_left,0.3358267921280135,0.32932628882369275,0.3348469190482939,1.0,0.11121074200351279,0.0,0.0,none
cartpole,dqn,23,11,-0.02468688879162073,-0.061023066441218056,0.3484846014965121,0.08599770069122314,2,stabilize,0.3305104535055047,0.33166230314722717,0.33782724334726827,1.0,0.10444209837619922,0.0,0.0,none
cartpole,dqn,23,12,-0.02621246501803398,0.0036467835307121277,0.3772189124956336,0.009199429835591997,0,push_left,0.3354335346732119,0.32978998905517737,0.3347764762716107,1.0,0.11164209639476802,0.0,0.0,none
cartpole,dqn,23,13,-0.02612129474679629,-0.06174023946126302,0.38029271264633874,0.09963746581758771,2,stabilize,0.32735527166753575,0.3327006854936302,0.3399440428388341,1.0,0.10529759847606379,0.0,0.0,none
cartpole,dqn,23,14,-0.02766480048497518,0.002894342876970768,0.41358446733479287,0.023484779255730764,2,stabilize,0.332313232250688,0.3308863676373501,0.33680040011196194,1.0,0.09964571169014098,0.0,0.0,none
cartpole,dqn,23,15,-0.02759244292974472,0.06748764713605244,0.42143140459402084,-0.05198304993765695,0,push_left,0.33604966481804077,0.3290524270749174,0.33489790810704173,1.0,0.11358203593642359,0.0,0.0,none
cartpole,dqn,23,16,-0.025905251192549866,0.0020652877477308116,0.40406237638651044,0.039210502590451925,2,stabilize,0.3311943226469207,0.3311564226333085,0.3376492547197708,1.0,0.10035122001973579,0.0,0.0,none
cartpole,dqn,23,17,-0.025853618669013183,0.06666992108027141,0.41716373336628115,-0.03645296607698713,0,push_left,0.33590023718206485,0.3291872786392095,0.3349124841787256,1.0,0.11284485436470394,0.0,0.0,none
cartpole,dqn,23,18,-0.024186871014535427,0.0012505297393848498,0.4049837589263916,0.054668571267809184,2,stabilize,0.32950501124828724,0.33163866913022344,0.33885631962148927,1.0,0.10114120938081425,0.0,0.0,none
cartpole,dqn,23,19,-0.024155608067909878,0.06585458914438884,0.42325009309591144,-0.020976651992116655,0,push_left,0.33523859446533644,0.329527926365299,0.33523347916936463,1.0,0.1124913747285069,0.0,0.0,none
cartpole,dqn,23,20,-0.022509243960181873,0.00042996365421762067,0.4162411772265924,0.07024885075432914,2,stabilize,0.32722103001912417,0.33233597643274426,0.3404429935481315,1.0,0.10203184927825963,0.0,0.0,none
cartpole,dqn,23,21,-0.02249849339326223,0.06502171854178111,0.43971335119734517,-0.005166402352707726,2,stabilize,0.33260969519634825,0.33035887214531306,0.3370314326583387,1.0,0.09893691213285168,0.0,0.0,none
cartpole,dqn,23,22,-0.020872950553894043,0.1295845111211141,0.4379871281348436,-0.08009661095482963,0,push_left,0.33650170618550135,0.3284158726504213,0.3350824211640774,1.0,0.11565314248593234,0.0,0.0,none
cartpole,dqn,23,23,-0.01763333876927694,0.06415020922819774,0.41122453593980157,0.011376172304153442,2,stabilize,0.3323858196779882,0.3302927105534867,0.33732146976852506,1.0,0.09946016592964975,0.0,0.0,none
cartpole,dqn,23,24,-0.016029582669337593,0.12874610225359598,0.41502561233493196,-0.06413988556180682,0,push_left,0.3365081227402636,0.32835448911358966,0.3351373881461468,1.0,0.11421586058284933,0.0,0.0,none
cartpole,dqn,23,25,-0.012810931075364351,0.06332940359910329,0.39359464850232256,0.026943990162440708,2,stabilize,0.3316396247282264,0.3304273452542287,0.33793303001754493,1.0,0.10008099475891336,0.0,0.0,none
cartpole,dqn,23,26,-0.011227695892254513,0.12794581055641174,0.4025974037539134,-0.04893333997045245,0,push_left,0.3364290313013951,0.32841008243994274,0.33516088625866214,1.0,0.11319658252623986,0.0,0.0,none
cartpole,dqn,23,27,-0.008029050659388304,0.06253863374392192,0.3862473802521007,0.04193916916847229,2,stabilize,0.3303601178650413,0.33076363573094714,0.33887624640401154,1.0,0.10077430197045784,0.0,0.0,none
cartpole,dqn,23,28,-0.006465584350128969,0.12716380755106607,0.40026044646424724,-0.034088696752275736,0,push_left,0.33626361114977765,0.32858435806226766,0.3351520307879547,1.0,0.11255392868034385,0.0,0.0,none
cartpole,dqn,23,29,-0.003286489130308231,0.061758135755856834,0.38887044694941486,0.0567443711417062,2,stabilize,0.32853263552211354,0.3313039206812038,0.3401634437966826,1.0,0.10153883178804238,0.0,0.0,none
cartpole,dqn,23,30,-0.0017425357752169173,0.1263807713985443,0.407830378605244,-0.0192305360521589,2,stabilize,0.33419775926530626,0.3292299391712468,0.33657230156344686,1.0,0.09968762945834231,0.0,0.0,none
cartpole,dqn,23,31,0.0014169836261620126,0.1909806728363037,0.40140488409483915,-0.09481629303523473,0,push_left,0.33722637957201096,0.3274150713967308,0.33535854903125834,1.0,0.11643775013228447,0.0,0.0,none
cartpole,dqn,23,32,0.006191500384981434,0.1255766749382019,0.3697240196150641,-0.0039670028324638095,2,stabilize,0.3345477157033474,0.32896424692567194,0.3364880373709807,1.0,0.10010923773317672,0.0,0.0,none
cartpole,dqn,23,33,0.009330916994561752,0.19022019704182944,0.3683985275414223,-0.08033101047788348,0,push_left,0.3373328198198878,0.32724116910975176,0.3354260110703604,1.0,0.11475366231739549,0.0,0.0,none
cartpole,dqn,23,34,0.014086421579122543,0.12484247485796611,0.34155762423194397,0.009952473853315626,2,stabilize,0.334460921099746,0.3288738826341143,0.3366651962661397,1.0,0.10061245195827455,0.0,0.0,none
cartpole,dqn,23,35,0.017207483761012554,0.18951805432637533,0.34488303706867884,-0.06698344435010638,0,push_left,0.33736646347154814,0.32716895323640005,0.33546458329205187,1.0,0.1134594034399078,0.0,0.0,none
cartpole,dqn,23,36,0.021945435243348282,0.12415941556294759,0.3225019197190861,0.022893816232681274,2,stabilize,0.3339485320408231,0.3289517889306312,0.33709967902854576,1.0,0.10115560267044438,0.0,0.0,none
cartpole,dqn,23,37,0.025049421625832718,0.18885662158330283,0.3301514077015879,-0.0544274491923196,0,push_left,0.3373289849906927,0.3271925128640516,0.33547850214525565,1.0,0.11249537914246642,0.0,0.0,none
cartpole,dqn,23,38,0.029770837475856148,0.12351003289222717,0.31196562515522813,0.03519408404827118,2,stabilize,0.33301649948559386,0.32918696586237106,0.33779653465203513,1.0,0.10171826873816837,0.0,0.0,none
cartpole,dqn,23,39,0.03285858780145645,0.18821926911671957,0.3237249885367892,-0.04233980604580471,0,push_left,0.3372263518445162,0.32730764901555653,0.33546599913992736,1.0,0.11182034600674207,0.0,0.0,none
cartpole,dqn,23,40,0.0375640702744325,0.12287782629330952,0.3095780608193118,0.047170017446790426,2,stabilize,0.3316487555941509,0.3295854323436235,0.33876581206222567,1.0,0.10229621099973166,0.0,0.0,none
cartpole,dqn,23,41,0.04063601605594158,0.1875899831453959,0.32533890165406365,-0.030412265232631137,0,push_left,0.33705347586978296,0.32751945144535294,0.3354270726848641,1.0,0.11140948087829956,0.0,0.0,none
cartpole,dqn,23,42,0.04532576538622379,0.1222469409306844,0.3151773055015145,0.059126036507742744,2,stabilize,0.3298285170336939,0.330150772520561,0.340020710445745,1.0,0.10289858145663437,0.0,0.0,none
cartpole,dqn,23,43,0.04838193766772747,0.18695316712061563,0.3349330089541779,-0.018343921218599592,2,stabilize,0.33555594303160197,0.3280730173651865,0.3363710396032115,1.0,0.1009114294030792,0.0,0.0,none
cartpole,dqn,23,44,0.05305576448639234,0.2516363064448039,0.32880375948612334,-0.09541399138314384,0,push_left,0.33803794597293335,0.32636276369596146,0.33559929033110514,1.0,0.11555594118029766,0.0,0.0,none
cartpole,dqn,23,45,0.059346674631039306,0.18629252910614014,0.2969232052208985,-0.005818115281207221,2,stabilize,0.3360728701767586,0.32777220058934525,0.3361549292338962,1.0,0.10135745334577385,0.0,0.0,none
cartpole,dqn,23,46,0.06400398910045624,0.2510182857513428,0.29497920826682045,-0.0836540971483503,0,push_left,0.33817251214733773,0.3261739973360112,0.335653490516651,1.0,0.11405492037557019,0.0,0.0,none
cartpole,dqn,23,47,0.07027944549918175,0.18570291996002197,0.2670279550666172,0.005350250750780106,0,push_left,0.336257820570868,0.3276074776048852,0.3361347018242468,1.0,0.11010186425261613,0.0,0.0,none
cartpole,dqn,23,48,0.07492202023665111,0.12041033307711284,0.26881563208268194,0.09386324031012398,2,stabilize,0.3278881606225761,0.33056068306252095,0.34155115631490296,1.0,0.10645734919509851,0.0,0.0,none
cartpole,dqn,23,49,0.07793227831522624,0.18516929944356283,0.30017805981465345,0.015461837606770652,2,stabilize,0.3330283668334652,0.3287143172065859,0.33825731595994885,1.0,0.10141673714563516,0.0,0.0,none
cartpole,dqn,23,50,0.08256151030460994,0.249891459941864,0.30534428173147127,-0.06230883087430682,0,push_left,0.3377836374454,0.32667504426711064,0.3355413182874893,1.0,0.11266867221092901,0.0,0.0,none
cartpole,dqn,23,51,0.08880879729986191,0.1845663587252299,0.28452511903494243,0.026878582579748973,2,stabilize,0.3323694176201862,0.32885829273506434,0.3387722896447495,1.0,0.10193342767330654,0.0,0.0,none
cartpole,dqn,23,52,0.09342295428117117,0.2493060827255249,0.29350602043556995,-0.051206273691994805,0,push_left,0.33773023460193313,0.32674053979072476,0.3355292256073421,1.0,0.11187071735508426,0.0,0.0,none
cartpole,dqn,23,53,0.09965560709436735,0.18399091561635336,0.27639653560369853,0.03777353252683367,2,stabilize,0.3313327624801261,0.3291483332272943,0.33951890429257964,1.0,0.10244798511851724,0.0,0.0,none
cartpole,dqn,23,54,0.10425537824630737,0.2487398386001587,0.28901776578944166,-0.04047423601150513,0,push_left,0.3375115183876063,0.3269078253726331,0.3355806562397607,1.0,0.11131286078658922,0.0,0.0,none
cartpole,dqn,23,55,0.11047386874755225,0.18342832724253336,0.27549414404252265,0.04842684098652431,2,stabilize,0.3299099144218867,0.3295778359623634,0.34051224961574994,1.0,0.10296119316914103,0.0,0.0,none
cartpole,dqn,23,56,0.11505957692861557,0.24817846218744913,0.29167495579025343,-0.02983924320765904,2,stabilize,0.33587144564350047,0.32742583308159173,0.3367027212749079,1.0,0.10199507890659296,0.0,0.0,none
cartpole,dqn,23,57,0.12126404792070389,0.312910258769989,0.2817047986608701,-0.10778083120073591,0,push_left,0.33871193130851596,0.3256143304653964,0.33567373822608765,1.0,0.1162003190539801,0.0,0.0,none
cartpole,dqn,23,58,0.1290867974360784,0.24760748942693075,0.2456921061638716,-0.01901173165866307,0,push_left,0.33690984320485573,0.32695055721474,0.3361395995804043,1.0,0.1100312376269042,0.0,0.0,none
cartpole,dqn,23,59,0.13527698814868927,0.1823339263598124,0.23933974825966045,0.06912205474717277,2,stabilize,0.32898225772113593,0.3297436478750592,0.34127409440380496,1.0,0.10483772598106375,0.0,0.0,none
cartpole,dqn,23,60,0.13983534028132757,0.24712433417638144,0.2624354278557625,-0.009865050869328635,2,stabilize,0.33461268054486193,0.32772286471067175,0.3376644547444663,1.0,0.10202836008580657,0.0,0.0,none
cartpole,dqn,23,61,0.14601344863573712,0.3118883768717448,0.2591392305415115,-0.08839129550116402,0,push_left,0.33862142680955976,0.3257484390320448,0.3356301341583955,1.0,0.11403711231514092,0.0,0.0,none
cartpole,dqn,23,62,0.1538106550772985,0.24660446246465048,0.22960514683712072,-2.0401105367844658e-05,2,stabilize,0.3349921200827548,0.3275042766329581,0.3375036032842871,1.0,0.10250061344331773,0.0,0.0,none
cartpole,dqn,23,63,0.1599757621685664,0.31140456597010296,0.22959831862005814,-0.07919939926692418,0,push_left,0.33874276973813006,0.3256067115451655,0.33565051871670437,1.0,0.1128549592041641,0.0,0.0,none
cartpole,dqn,23,64,0.16776088625192642,0.246146559715271,0.20313551004860453,0.0086456122142928,2,stabilize,0.33512670071222206,0.327383480343745,0.33748981894403307,1.0,0.1029633136105263,0.0,0.0,none
cartpole,dqn,23,65,0.17391454428434372,0.31097543239593506,0.20602427262964,-0.07105663844517299,0,push_left,0.3388200490341409,0.3255220089332441,0.33565794203261495,1.0,0.11190478076858812,0.0,0.0,none
cartpole,dqn,23,66,0.18168892711400986,0.24573846658070883,0.18228218848494757,0.01636584528854915,2,stabilize,0.33503415454739705,0.32735550464386937,0.33761034080873364,1.0,0.10339906924983108,0.0,0.0,none
cartpole,dqn,23,67,0.1878323902686437,0.31058984994888306,0.18775048787952323,-0.06374670778002058,0,push_left,0.33886180629754825,0.3254901038562596,0.3356480898461921,1.0,0.11114361820770441,0.0,0.0,none
cartpole,dqn,23,68,0.19559713701407117,0.24536937475204468,0.16645087831629204,0.02334651138101305,2,stabilize,0.3347239239972788,0.32741688814501146,0.3378591878577098,1.0,0.10379899622179668,0.0,0.0,none
cartpole,dqn,23,69,0.20173137386639914,0.3102377653121948,0.17425161841945602,-0.05707639030047825,0,push_left,0.3388671698865126,0.3255101561259774,0.33562267398750995,1.0,0.11053829037413158,0.0,0.0,none
cartpole,dqn,23,70,0.20948732892672223,0.2450295885403951,0.1551807460181753,0.029772641403334483,2,stabilize,0.334214084368075,0.3275548152997949,0.33823110033213005,1.0,0.1041599276946293,0.0,0.0,none
cartpole,dqn,23,71,0.21561304728190106,0.3099100391070048,0.16512864031484417,-0.05087060161999294,0,push_left,0.33884036839074694,0.3255763042378095,0.3355833273714436,1.0,0.11006358873202064,0.0,0.0,none
cartpole,dqn,23,72,0.2233608067035675,0.24471020698547363,0.1481313142827701,0.03581295268876212,2,stabilize,0.3334982931862133,0.3277722547282999,0.33872945208548677,1.0,0.10448256262440977,0.0,0.0,none
cartpole,dqn,23,73,0.22947855293750763,0.309598167737325,0.16009745350316487,-0.04496788127081735,0,push_left,0.3387796611846522,0.32568689560126873,0.335533443214079,1.0,0.10970086657837001,0.0,0.0,none
cartpole,dqn,23,74,0.23721851408481598,0.2444029450416565,0.14507238862053592,0.041624286345073154,2,stabilize,0.33257633699203104,0.3280678451182326,0.3393558178897364,1.0,0.104770362042527,0.0,0.0,none
cartpole,dqn,23,75,0.24332858622074127,0.3092942237854004,0.1589802576135622,-0.039216228893824985,0,push_left,0.3386875941717199,0.3258394353706747,0.33547297045760527,1.0,0.10943708213101767,0.0,0.0,none
cartpole,dqn,23,76,0.25106094777584076,0.24409995476404825,0.14587698908865027,0.04735569017274039,2,stabilize,0.3314439594657986,0.32844088791690845,0.340115152617293,1.0,0.10502879215903564,0.0,0.0,none
cartpole,dqn,23,77,0.25716344515482586,0.30899043877919513,0.16169989734959206,-0.03346922780786242,0,push_left,0.3376489668121337,0.326221088980726,0.33612994420714026,1.0,0.10926409065850512,0.0,0.0,none
cartpole,dqn,23,78,0.2648882071177165,0.24379358688990274,0.15051686038265366,0.05315224613462176,2,stabilize,0.33008784715310285,0.32889378612848935,0.34101836671840785,1.0,0.10526524788481059,0.0,0.0,none
cartpole,dqn,23,79,0.2709830552339554,0.3086792429288228,0.16827655507158265,-0.027582319719450816,2,stabilize,0.33615867649148157,0.32672722822820516,0.3371140952803132,1.0,0.10399156839269483,0.0,0.0,none
cartpole,dqn,23,80,0.2787000189224879,0.37354568640391034,0.15906050694586268,-0.10796953099114555,0,push_left,0.3396871662694266,0.3247803137966709,0.3355325199339026,1.0,0.11460124582647914,0.0,0.0,none
cartpole,dqn,23,81,0.2880386759837469,0.3083527088165283,0.12298476902283462,-0.021397873759269714,0,push_left,0.3375284820689108,0.3261768415361447,0.3362946763949445,1.0,0.10834054347514094,0.0,0.0,none
cartpole,dqn,23,82,0.2957474937041601,0.24319215615590414,0.11583511897658391,0.06451622503144401,2,stabilize,0.3298055747003511,0.32891352629221493,0.341280899007434,1.0,0.10650790163708643,0.0,0.0,none
cartpole,dqn,23,83,0.3018272916475932,0.3081144491831462,0.13739185358857767,-0.016892449132033756,2,stabilize,0.3357249927686303,0.3268114752704267,0.33746353196094303,1.0,0.10422307072114569,0.0,0.0,none
cartpole,dqn,23,84,0.30953014890352887,0.3730136553446452,0.1317475942410262,-0.09788226229803902,0,push_left,0.3397312907349345,0.32480267691428344,0.335466032350782,1.0,0.11319051841046256,0.0,0.0,none
cartpole,dqn,23,85,0.31885549426078796,0.3078458309173584,0.09904231049280462,-0.011808744498661585,2,stabilize,0.3368022215005899,0.32638013906377344,0.3368176394356367,1.0,0.10474817508426747,0.0,0.0,none
cartpole,dqn,23,86,0.3265516459941864,0.3727852900822957,0.09509666793955254,-0.09354152849742345,0,push_left,0.3401335616309721,0.3246815443873847,0.33518489398164325,1.0,0.11224597033583489,0.0,0.0,none
cartpole,dqn,23,87,0.33587127923965454,0.30765199661254883,0.06384174017177846,-0.008141962545258659,0,push_left,0.337847912259907,0.3259703221082199,0.3361817656318731,1.0,0.10723625032002781,0.0,0.0,none
cartpole,dqn,23,88,0.34356256326039636,0.2425482670466105,0.06112127358133867,0.07667879547391619,2,stabilize,0.3299794322207434,0.3287707131033612,0.3412498546758954,1.0,0.10823781478989647,0.0,0.0,none
cartpole,dqn,23,89,0.3496262679497401,0.30752724409103394,0.08674187314538796,-0.005783156092677798,2,stabilize,0.3357745152835108,0.32672504865566604,0.33750043606082314,1.0,0.10488415946044481,0.0,0.0,none
cartpole,dqn,23,90,0.35731444756189984,0.37247947851816815,0.08480954995303279,-0.08775298084531512,0,push_left,0.34040053747702,0.32511493364181004,0.3344845288811701,1.0,0.11157125444874166,0.0,0.0,none
cartpole,dqn,23,91,0.36662645637989044,0.30735594034194946,0.05548875023186349,-0.0025435518473386765,0,push_left,0.3368487123073301,0.32656717643383926,0.33658411125883064,1.0,0.10707651138817756,0.0,0.0,none
cartpole,dqn,23,92,0.37431033949057263,0.24226037661234537,0.05463887726207906,0.08212156806673322,2,stabilize,0.3286887788930857,0.32921330551397787,0.3420979155929365,1.0,0.10878032363405606,0.0,0.0,none
cartpole,dqn,23,93,0.38036684195200604,0.3072459896405538,0.08207806752803502,-0.0004643782241536038,2,stabilize,0.3346463458548282,0.32742842468597033,0.3379252294592015,1.0,0.10493906780241499,0.0,0.0,none
cartpole,dqn,23,94,0.388047993183136,0.3722030321756999,0.08192290340801413,-0.08252390793391637,0,push_left,0.3405831410090299,0.325607157935472,0.3338097010554981,1.0,0.11108175899207241,0.0,0.0,none
cartpole,dqn,23,95,0.3973530729611715,0.30708223581314087,0.05434927817318491,0.0026321238172905786,2,stabilize,0.33555545222133504,0.3273649541181146,0.33707959366055035,1.0,0.10537612997262451,0.0,0.0,none
cartpole,dqn,23,96,0.40503012637297314,0.3720678488413493,0.05522874897448146,-0.07995896680014473,0,push_left,0.3409852232644658,0.3256360960291151,0.33337868070641913,1.0,0.11047605607579274,0.0,0.0,none
cartpole,dqn,23,97,0.41433182855447137,0.30697282155354816,0.028512149444627877,0.004700929458652224,0,push_left,0.3364509457924692,0.3273008337588584,0.3362482204486724,1.0,0.10666922597904935,0.0,0.0,none
cartpole,dqn,23,98,0.4220061500867208,0.24190378189086914,0.030082866087164685,0.08886138030460902,2,stabilize,0.32804320124998354,0.3298476382290467,0.3421091605209698,1.0,0.10973814108017119,0.0,0.0,none
cartpole,dqn,23,99,0.42805373668670654,0.3069143096605937,0.05977401656580996,0.005807463079690933,2,stabilize,0.3340622111007793,0.32822130008375394,0.3377164888154667,1.0,0.10530530650696483,0.0,0.0,none
cartpole,dqn,23,100,0.4357265929381053,0.37189435958862305,0.06171445715683457,-0.07667988538742065,0,push_left,0.34107109609928254,0.32619309047054545,0.33273581343017195,1.0,0.11031245488788781,0.0,0.0,none
cartpole,dqn,23,101,0.4450239737828573,0.30679301420847577,0.03609349528829921,0.008100876318556922,2,stabilize,0.3348016123637903,0.3282082524650356,0.336990135171174,1.0,0.10569121590240022,0.0,0.0,none
cartpole,dqn,23,102,0.4526938001314799,0.37179724375406903,0.038800232094625874,-0.07483844246183123,0,push_left,0.34143279018817246,0.32624765549985146,0.33231955431197596,1.0,0.10982893490128919,0.0,0.0,none
cartpole,dqn,23,103,0.46198869744936627,0.30671823024749756,0.013794547707055805,0.00951461068221501,2,stabilize,0.335546659041882,0.3281891107436875,0.3362642302144305,1.0,0.10605065485189849,0.0,0.0,none
cartpole,dqn,23,104,0.46965668598810834,0.3717450300852458,0.01697365399049973,-0.07384816237858363,0,push_left,0.3417867953482059,0.32629950196537416,0.33191370268641995,1.0,0.1094267602201488,0.0,0.0,none
cartpole,dqn,23,105,0.47895029187202454,0.3066875139872233,-0.00770115082403356,0.010095380246639252,0,push_left,0.3363272559348514,0.3281604786050263,0.33551226546012225,1.0,0.10615103813744971,0.0,0.0,none
cartpole,dqn,23,106,0.4866174856821696,0.24165459473927817,-0.004327992701942995,0.09357351064682007,2,stabilize,0.3278823145783396,0.330726325298681,0.34139136012297944,1.0,0.1106863558023282,0.0,0.0,none
cartpole,dqn,23,107,0.49265886346499127,0.30669955412546795,0.02693761860271627,0.009868158825806208,2,stabilize,0.3338637305731656,0.3291041930806566,0.33703207634617777,1.0,0.10585019822613212,0.0,0.0,none
cartpole,dqn,23,108,0.5003263552983602,0.3717130819956462,0.030234856153160405,-0.07324527842657906,0,push_left,0.34150459937194455,0.32694175818370086,0.33155364244435465,1.0,0.10958046816298717,0.0,0.0,none
cartpole,dqn,23,109,0.5096191664536794,0.30664247274398804,0.005761492077198974,0.01094731582062585,2,stabilize,0.3345725686978348,0.3290966321717639,0.33633079913040137,1.0,0.10619040993520011,0.0,0.0,none
cartpole,dqn,23,110,0.5172852178414663,0.37167731920878094,0.00941930649922116,-0.07256749698093959,0,push_left,0.34215743001200977,0.32693757281043595,0.3309049971775543,1.0,0.10921730947332933,0.0,0.0,none
cartpole,dqn,23,111,0.5265771845976512,0.3066273132960002,-0.014827591155906851,0.011233843863010406,2,stabilize,0.33532533664788006,0.32907547370616774,0.3355991896459523,1.0,0.10651206207932398,0.0,0.0,none
cartpole,dqn,23,112,0.5342428386211395,0.3716827630996704,-0.011074038884804755,-0.07266941240855626,0,push_left,0.3425061271820737,0.32698623890879464,0.3305076339091317,1.0,0.10891606133811647,0.0,0.0,none
cartpole,dqn,23,113,0.543534904718399,0.3066531817118327,-0.03535498982753276,0.010744944214820862,0,push_left,0.3361502704135239,0.3290304212522765,0.33481930833419954,1.0,0.1057287730925114,0.0,0.0,none
cartpole,dqn,23,114,0.5512012541294098,0.24164819717407227,-0.03176479242510898,0.09369832277297974,2,stabilize,0.3277487963116001,0.3315919560249751,0.3406592476634248,1.0,0.11110452984445202,0.0,0.0,none
cartpole,dqn,23,115,0.5572424332300823,0.30672021706899005,-0.0004574781792740691,0.009477155549185616,2,stabilize,0.3337761329369613,0.32994793294334857,0.3362759341196902,1.0,0.106271061709735,0.0,0.0,none
cartpole,dqn,23,116,0.5649104714393616,0.3717613220214844,0.002709113179232596,-0.07415517738887242,0,push_left,0.341471737761695,0.3277594021037261,0.3307688601345789,1.0,0.10923557666403942,0.0,0.0,none
cartpole,dqn,23,117,0.5742044746875763,0.30671797196070355,-0.022068272982690672,0.009519648339067186,2,stabilize,0.334611858130004,0.329902056725151,0.335486085144845,1.0,0.10660531050122764,0.0,0.0,none
cartpole,dqn,23,118,0.5818724632263184,0.3717806339263916,-0.018887484094977095,-0.07451978751591273,0,push_left,0.3423551165437262,0.3276859978421552,0.3299588856141187,1.0,0.10893792837692516,0.0,0.0,none
cartpole,dqn,23,119,0.5911669631799062,0.3067588806152344,-0.04378669764090836,0.008746563856090819,0,push_left,0.3355368445071603,0.3298210958256272,0.33464205966721255,1.0,0.10557710256806825,0.0,0.0,none
cartpole,dqn,23,120,0.5988359451293945,0.24176247914632162,-0.040864216292672624,0.09153930630002703,2,stabilize,0.3272010367371498,0.3323663818424026,0.3404325814204477,1.0,0.1110382453246875,0.0,0.0,none
cartpole,dqn,23,121,0.6048800051212311,0.3068434198697408,-0.010278293760693443,0.007147756006036486,2,stabilize,0.3332796555573733,0.33070371371335106,0.33601663072927557,1.0,0.10640280217881466,0.0,0.0,none
cartpole,dqn,23,122,0.6125510732332866,0.3718943198521932,-0.00789002204193847,-0.07666982923235212,0,push_left,0.34103401354609447,0.3284950901789654,0.3304708962749401,1.0,0.10927018263715242,0.0,0.0,none
cartpole,dqn,23,123,0.6218484540780386,0.30686155954996747,-0.03350762592579699,0.006804777575390679,2,stabilize,0.3342502948935487,0.3306133436460883,0.335136361460363,1.0,0.10572137273934555,0.0,0.0,none
cartpole,dqn,23,124,0.6295199692249298,0.24185470740000406,-0.03123395189393961,0.08979330744062151,2,stabilize,0.32590381624730846,0.33319233652159475,0.34090384723109685,1.0,0.11073637506342353,0.0,0.0,none
cartpole,dqn,23,125,0.6355663637320201,0.3069262107213338,-0.001231416268607597,0.00558206598673548,2,stabilize,0.33203646481772403,0.3314821490880483,0.3364813860942277,1.0,0.10625260955652066,0.0,0.0,none
cartpole,dqn,23,126,0.6432395180066427,0.3719681104024251,0.0006337132641649972,-0.0780648844582694,0,push_left,0.3397923556323781,0.32927272148228903,0.330934922885333,1.0,0.10950857475452709,0.0,0.0,none
cartpole,dqn,23,127,0.6525386869907379,0.3069268266359965,-0.0254500186101918,0.005570776228393827,2,stabilize,0.3330137023788063,0.33140426411768653,0.3355820335035072,1.0,0.10583874171843406,0.0,0.0,none
cartpole,dqn,23,128,0.6602118909358978,0.24191178878148398,-0.023588660419840802,0.08871247087206159,2,stabilize,0.324653636253807,0.33401248551386026,0.3413338782323327,1.0,0.11052560988000841,0.0,0.0,none
cartpole,dqn,23,129,0.6662596762180328,0.30697580178578693,0.006052737651050518,0.004644662141799927,2,stabilize,0.3308058097852892,0.33228049040229957,0.3369136998124113,1.0,0.10613485020742984,0.0,0.0,none
cartpole,dqn,23,130,0.6739340722560883,0.3720103899637858,0.007604653913714437,-0.07886464255196708,0,push_left,0.3385895930892408,0.3300428957172981,0.33136751119346103,1.0,0.10967713703868534,0.0,0.0,none
cartpole,dqn,23,131,0.6832343339920044,0.30696215232213336,-0.01874630092720997,0.004902495869568416,2,stabilize,0.33176337503872766,0.33222943436820673,0.3360071905930655,1.0,0.10651962184940085,0.0,0.0,none
cartpole,dqn,23,132,0.6909083823362987,0.37202151616414386,-0.017108235659348936,-0.07907449347632271,0,push_left,0.3396167384962355,0.3299447529001375,0.3304385086036269,1.0,0.10932309451995545,0.0,0.0,none
cartpole,dqn,23,133,0.7002088924249014,0.3069979747136434,-0.04352930586491678,0.004225600244743484,2,stabilize,0.33281095014492107,0.33214635832969275,0.33504269152538624,1.0,0.10555054075839253,0.0,0.0,none
cartpole,dqn,23,134,0.7078838845094045,0.24200129508972168,-0.04211741195089208,0.08702324117933001,2,stabilize,0.3246072101508653,0.3349113490998311,0.3404814407493036,1.0,0.1106510737553689,0.0,0.0,none
cartpole,dqn,23,135,0.7139339049657186,0.30708348751068115,-0.013040433146575187,0.002608225281749453,2,stabilize,0.3307349618371098,0.3329832663272728,0.33628177183561736,1.0,0.10601893291993984,0.0,0.0,none
cartpole,dqn,23,136,0.7216109832127889,0.24205593268076578,-0.012168949714423933,0.08598528589521136,2,stabilize,0.3225506898086093,0.33576833211301527,0.3416809780783755,1.0,0.11011469146650919,0.0,0.0,none
cartpole,dqn,23,137,0.7276623944441478,0.30710868040720624,0.01656121701037685,0.0021321808121034075,2,stabilize,0.3286056685268473,0.33383393651728355,0.33756039495586915,1.0,0.1059631667795275,0.0,0.0,none
cartpole,dqn,23,138,0.7353401184082031,0.3721326986948649,0.01727363988223679,-0.0811781712940761,0,push_left,0.33641413799381803,0.33157776380352316,0.3320080982026588,1.0,0.11001019688878476,0.0,0.0,none
cartpole,dqn,23,139,0.7446434100468954,0.3070748845736186,-0.009850329921752,0.0027709994465112686,2,stabilize,0.3296288197722242,0.33378166087760036,0.33658951935017545,1.0,0.10637384432701048,0.0,0.0,none
cartpole,dqn,23,140,0.7523202896118164,0.37212538719177246,-0.008924459140561078,-0.08103851761136736,0,push_left,0.33747262996329247,0.33148609102346205,0.33104127901324554,1.0,0.10960657539972,0.0,0.0,none
cartpole,dqn,23,141,0.7616234322388967,0.3070936401685079,-0.036001767794243765,0.002416525036096573,2,stabilize,0.3307707333640906,0.33377728155229364,0.33545198508361573,1.0,0.10566160515121181,0.0,0.0,none
cartpole,dqn,23,142,0.7693007588386536,0.24208931128184,-0.035194337794775044,0.08535758086613246,2,stabilize,0.3226878074693969,0.3366705140834924,0.3406416784471108,1.0,0.11040332940125876,0.0,0.0,none
cartpole,dqn,23,143,0.7753530144691467,0.30716472864151,-0.006673903691277868,0.0010721121382500445,2,stabilize,0.32875961655299357,0.3346305308643535,0.3366098525826529,1.0,0.10611481409529827,0.0,0.0,none
cartpole,dqn,23,144,0.7830321292082469,0.24213077624638876,-0.006315680131814076,0.08456966706684657,2,stabilize,0.3215341255134006,0.3366590794990156,0.3418067949875839,1.0,0.10990484115854857,0.0,0.0,none
cartpole,dqn,23,145,0.7890853782494863,0.30717770258585614,0.021941488639836096,0.0008268341022942748,2,stabilize,0.3266900912681284,0.3355081353986311,0.3378017733332404,1.0,0.10587769988705222,0.0,0.0,none
cartpole,dqn,23,146,0.7967648406823477,0.3721962769826253,0.022217758035460635,-0.08238146986280169,0,push_left,0.3343988253358325,0.33308496276474153,0.332516211899426,1.0,0.11018387207314226,0.0,0.0,none
cartpole,dqn,23,147,0.8060697217782339,0.30713361501693726,-0.005308269725352313,0.0016606187980089868,2,stabilize,0.32777859307644586,0.33552603882634485,0.3366953680972094,1.0,0.1063011416322819,0.0,0.0,none
cartpole,dqn,23,148,0.8137480914592743,0.3721795876820882,-0.004753408740165695,-0.08206326620919364,0,push_left,0.3354911201164945,0.33300223424018427,0.3315066456433212,1.0,0.10975426485250749,0.0,0.0,none
cartpole,dqn,23,149,0.8230525751908621,0.3071436683336894,-0.03217311624908789,0.001470643494810377,2,stabilize,0.32894411782399574,0.3355138617752969,0.3355420204007074,1.0,0.10571934487498141,0.0,0.0,none
cartpole,dqn,23,150,0.8307311435540518,0.24213544527689615,-0.03168173134326935,0.08448455163410731,2,stabilize,0.32185336287589944,0.3374435689154589,0.34070306820864166,1.0,0.1102761008696804,0.0,0.0,none
cartpole,dqn,23,151,0.8367845416069031,0.3072074254353841,-0.003453001528889439,0.00026489237123834234,2,stabilize,0.32696326880254734,0.3363604685805565,0.33667626261689604,1.0,0.10616423361805388,0.0,0.0,none
cartpole,dqn,23,152,0.8444646994272869,0.24217023452123007,-0.0033644933769199333,0.08382334879466466,2,stabilize,0.32100529186025073,0.3371429370515047,0.3418517710882446,1.0,0.10979689647825613,0.0,0.0,none
cartpole,dqn,23,153,0.8505189418792725,0.30721424023310345,0.0246433087742414,0.00013616360956802964,2,stabilize,0.3250997747945491,0.33705105908197536,0.3378491661234756,1.0,0.10583543708587577,0.0,0.0,none
cartpole,dqn,23,154,0.8581992983818054,0.3722300926844279,0.02468880354860233,-0.0830208488873073,1,push_right,0.3325731739185825,0.3347369144094512,0.3326899116719663,1.0,0.10953598418861207,0.0,0.0,none
cartpole,dqn,23,155,0.8675050735473633,0.43724600474039715,-0.003050859108442765,-0.16617718764713832,0,push_left,0.34686287600996996,0.318892356089273,0.33424476790075697,1.0,0.12006527253593194,0.0,0.0,none
cartpole,dqn,23,156,0.878436267375946,0.3722083568572998,-0.05857545553499873,-0.08261103289467948,0,push_left,0.3381980067590927,0.3307368993073956,0.3310650939335117,1.0,0.10899138554412793,0.0,0.0,none
cartpole,dqn,23,157,0.8877414464950562,0.3072267572085063,-0.08617818960142022,-0.0001003272648501609,1,push_right,0.33056635133491136,0.3362898837638377,0.33314376490125086,1.0,0.1075425154507419,0.0,0.0,none
cartpole,dqn,23,158,0.895422101020813,0.37235212326049805,-0.08621170832319874,-0.08533579962594169,0,push_left,0.3404924006866633,0.32840155299998347,0.3311060463133532,1.0,0.10880909129028216,0.0,0.0,none
cartpole,dqn,23,159,0.9047309557596843,0.30739883581797284,-0.11472486688584303,-0.0033551079354115893,1,push_right,0.3321300792340933,0.3361374337347324,0.33173248703117436,1.0,0.10798323857942806,0.0,0.0,none
cartpole,dqn,23,160,0.91241588195165,0.3725516001383464,-0.11584590364754342,-0.08911746740341187,0,push_left,0.3430716219896208,0.32578159397088935,0.33114678403948977,1.0,0.1087003566138843,0.0,0.0,none
cartpole,dqn,23,161,0.9217297037442526,0.30762892961502075,-0.14562262022125408,-0.007708535130534854,1,push_right,0.333946735845872,0.33589638511510816,0.33015687903901986,1.0,0.10847627816958048,0.0,0.0,none
cartpole,dqn,23,162,0.9294203917185466,0.3728108803431193,-0.14819827170815844,-0.09403718369347709,0,push_left,0.34604984961749014,0.3227656333951831,0.3311845169873267,1.0,0.10867476883317732,0.0,0.0,none
cartpole,dqn,23,163,0.9387406706809998,0.3079220453898112,-0.17961881041242286,-0.01325645191328866,0,push_left,0.3360622969703638,0.33555757784487694,0.3283801251847591,1.0,0.10349563178343607,0.0,0.0,none
cartpole,dqn,23,164,0.9464387098948162,0.24306782086690268,-0.18404817168638643,0.06690835527011327,1,push_right,0.32851072296492384,0.33834453778200757,0.3331447392530686,1.0,0.11119144330525907,0.0,0.0,none
cartpole,dqn,23,165,0.9525154034296672,0.30828483899434406,-0.16169216225995084,-0.020117849111557007,1,push_right,0.33522548758476367,0.33606798421357903,0.3287065282016573,1.0,0.10889673864680025,0.0,0.0,none
cartpole,dqn,23,166,0.9602225820223491,0.37348175048828125,-0.16841411519448912,-0.10673930815287999,0,push_left,0.3488451643834347,0.3195619547959281,0.3315928808206372,1.0,0.1096766092986975,0.0,0.0,none
cartpole,dqn,23,167,0.9695595502853394,0.30861395597457886,-0.2040787997848948,-0.02635287174156734,0,push_left,0.3390845929297051,0.33235109815497904,0.3285643089153158,1.0,0.10338874682617545,0.0,0.0,none
cartpole,dqn,23,168,0.9772749741872152,0.24378597736358643,-0.2128840524143137,0.053330915314810615,1,push_right,0.3307014541639036,0.33821336533401214,0.33108518050208424,1.0,0.11079598945268164,0.0,0.0,none
cartpole,dqn,23,169,0.9833695491154989,0.30902955929438275,-0.1950646463897177,-0.0342153651373727,0,push_left,0.3391706757653871,0.3318906180645412,0.32893870617007165,1.0,0.10378910076349675,0.0,0.0,none
cartpole,dqn,23,170,0.9910953044891357,0.24419178565343222,-0.2064970021885164,0.045646105493818014,1,push_right,0.33067453026535215,0.33844652575122924,0.3308789439834185,1.0,0.1103184540338948,0.0,0.0,none
cartpole,dqn,23,171,0.997200111548106,0.30942970514297485,-0.19124530807030798,-0.04178553819656372,0,push_left,0.3396416221767858,0.3310860508585968,0.32927232696461733,0.0,1.1118248495116045,0.0,0.0,none
cartpole,dqn,23,172,0.017874023566643398,0.004538640379905701,0.2346649979350106,0.010337002575397491,0,push_left,0.3365752961389169,0.32843005762945365,0.3349946462316294,1.0,0.10956383083387672,0.0,0.0,none
cartpole,dqn,23,173,0.017987489700317383,-0.06072509785493215,0.23811890216886572,0.0982741117477417,2,stabilize,0.3340476915295886,0.3302541693593681,0.33569813911104335,1.0,0.10733873303446399,0.0,0.0,none
cartpole,dqn,23,174,0.016469362502296768,0.004067598842084408,0.27095512231380675,0.019261530467442105,0,push_left,0.3361515064624044,0.3289513109379983,0.3348971825995973,1.0,0.11023540139352024,0.0,0.0,none
cartpole,dqn,23,175,0.01657105206201474,-0.06122836967309316,0.27739094805888176,0.10784397806440081,2,stabilize,0.33086250374218273,0.331347520763247,0.33778997549457024,1.0,0.10776565505745431,0.0,0.0,none
cartpole,dqn,23,176,0.015040342696011066,0.003521802524725596,0.31342472978878705,0.029613069125584195,0,push_left,0.3356583110429349,0.32956060791082803,0.33478108104623705,1.0,0.11111320243496219,0.0,0.0,none
cartpole,dqn,23,177,0.015128386827806633,-0.06181103487809499,0.3233193142032851,0.11894309520721436,2,stabilize,0.32715656382680003,0.33261290691340106,0.34023052925979896,1.0,0.10837287431718708,0.0,0.0,none
cartpole,dqn,23,178,0.013583111576735973,0.002888924442231655,0.3630616357616707,0.04163361872945513,2,stabilize,0.33185929424750815,0.33090362023611797,0.3372370855163739,1.0,0.10112190901514578,0.0,0.0,none
cartpole,dqn,23,179,0.013655334090193113,0.06754057606061299,0.376972634354184,-0.03486659909997668,0,push_left,0.33614080982013633,0.3290186508168329,0.3348405393630308,1.0,0.1122147571614011,0.0,0.0,none
cartpole,dqn,23,180,0.015343849857648214,0.002154110154757897,0.3653227002637768,0.05556674514498029,2,stabilize,0.33024695124685,0.3313725998792299,0.3383804488739201,1.0,0.10183125604180432,0.0,0.0,none
cartpole,dqn,23,181,0.015397702033321064,0.06680359939734141,0.38388915591137507,-0.02088802627154759,0,push_left,0.33591094000459437,0.32926809930818096,0.3348209606872246,1.0,0.11192609809614949,0.0,0.0,none
cartpole,dqn,23,182,0.017067791583637398,0.0014111553318798542,0.37690986454629105,0.06966461028371539,2,stabilize,0.3280893049690678,0.33203777188970546,0.33987292314122663,1.0,0.10261171446023166,0.0,0.0,none
cartpole,dqn,23,183,0.017103070082763832,0.06604799131552379,0.40018682974904135,-0.006554973976952689,2,stabilize,0.3335801056440031,0.33002849288838776,0.3363914014676091,1.0,0.09959253249508512,0.0,0.0,none
cartpole,dqn,23,184,0.01875427085906267,0.13065659006436667,0.39799660799895953,-0.08229715483529228,0,push_left,0.33678320161764824,0.32820697206800503,0.33500982631434667,1.0,0.11527096406687076,0.0,0.0,none
cartpole,dqn,23,185,0.02202068455517292,0.06525462369124095,0.37049873774262204,0.008494781064135688,2,stabilize,0.3335749806640404,0.32989503562946104,0.33652998370649856,1.0,0.10009220052256218,0.0,0.0,none
cartpole,dqn,23,186,0.023652051265041035,0.12989728649457297,0.37333710665919045,-0.06785348057746887,0,push_left,0.3368210058199377,0.32811111242990276,0.3350678817501594,1.0,0.113868505692674,0.0,0.0,none
cartpole,dqn,23,187,0.026899483054876328,0.06451489528020223,0.3506652921936108,0.02251588659627097,2,stabilize,0.33310662921855255,0.32994245947496864,0.3369509113064788,1.0,0.10065585324018055,0.0,0.0,none
cartpole,dqn,23,188,0.02851235680282116,0.1291802724202474,0.35818849372408557,-0.054235594613211494,0,push_left,0.33678514699292866,0.32811873502456795,0.3350961179825034,1.0,0.11283452878505341,0.0,0.0,none
cartpole,dqn,23,189,0.03174186063309511,0.06380999584992726,0.34006683240357904,0.035872859614236016,2,stabilize,0.33217764939277244,0.3301664483680482,0.3376559022391793,1.0,0.10125835197020934,0.0,0.0,none
cartpole,dqn,23,190,0.03333711065351963,0.1284876068433126,0.35205298505705696,-0.041093677282333374,0,push_left,0.336673058639202,0.32822732201456306,0.33509961934623494,1.0,0.11212482661315809,0.0,0.0,none
cartpole,dqn,23,191,0.03654930119713148,0.06312211354573567,0.3383224007622439,0.04890899998801095,2,stabilize,0.3307746739799383,0.33056780263703583,0.3386575233830259,1.0,0.1018939744557567,0.0,0.0,none
cartpole,dqn,23,192,0.03812735589842002,0.12780200441678366,0.3546643157562948,-0.028093242219516208,0,push_left,0.3364847748318131,0.32843943839986134,0.33507578676832556,1.0,0.11171382853632554,0.0,0.0,none
cartpole,dqn,23,193,0.041322403897841774,0.06243404746055603,0.3452775444221952,0.06195502196039472,2,stabilize,0.3288787144365851,0.331147242595079,0.33997404296833583,1.0,0.10257313709902284,0.0,0.0,none
cartpole,dqn,23,194,0.04288325707117717,0.12710648775100708,0.3659784936108282,-0.014906921557017736,2,stabilize,0.3345341389627706,0.3290864482896855,0.33637941274754396,1.0,0.1002864654396482,0.0,0.0,none
cartpole,dqn,23,195,0.04606091727813085,0.19175436099370322,0.3609976648999854,-0.09134723458971296,0,push_left,0.3374360905366179,0.32730389127792703,0.3352600181854551,1.0,0.11556748073170378,0.0,0.0,none
cartpole,dqn,23,196,0.05085477605462074,0.1263833542664846,0.3304759258302129,-0.001192276632147176,2,stabilize,0.33489034632642095,0.32883419005402414,0.3362754636195549,1.0,0.10073909083720489,0.0,0.0,none
cartpole,dqn,23,197,0.05401436239480972,0.1910714308420817,0.3300775420409683,-0.0783523406301226,0,push_left,0.337538349163687,0.32713841036897123,0.3353232404673417,1.0,0.1140606833945494,0.0,0.0,none
cartpole,dqn,23,198,0.058791146924098335,0.125725785891215,0.30389776662312146,0.011266786072935377,2,stabilize,0.33486144857605826,0.32873558189246777,0.33640296953147397,1.0,0.10123790804020982,0.0,0.0,none
cartpole,dqn,23,199,0.06193429231643677,0.190443754196167,0.30766231916969317,-0.06642907857894897,0,push_left,0.337578827015921,0.3270628375031437,0.33535833548093535,1.0,0.11289177414844895,0.0,0.0,none
cartpole,dqn,23,200,0.0666953871647517,0.12511679530143738,0.2854664527715533,0.022798812815121243,2,stabilize,0.3344576393899882,0.32878284952856196,0.33675951108144986,1.0,0.08761352179253812,1.0,1.0,cartpole_gravity_shift
cartpole,dqn,23,201,0.06982330853740375,0.18195279439290366,0.2930842002138033,-0.0433675263609205,0,push_left,0.337381918906585,0.3272763145091212,0.3353417665842939,1.0,0.10046946107909323,1.0,0.0,cartpole_gravity_shift
cartpole,dqn,23,202,0.07437212392687798,0.12433809041976929,0.278593852298072,0.03752744623592922,2,stabilize,0.3330691001797362,0.329168636154891,0.3377622636653729,1.0,0.08832044466275636,1.0,0.0,cartpole_gravity_shift
cartpole,dqn,23,203,0.07748058065772057,0.1811842123667399,0.29113285937002,-0.02882110433919089,0,push_left,0.3372131240124216,0.3274696512182576,0.3353172247693207,1.0,0.09984400222706563,1.0,0.0,cartpole_gravity_shift
cartpole,dqn,23,204,0.08201018596688907,0.12357166409492493,0.28150290393032723,0.05202668905258179,2,stabilize,0.33114588947417406,0.32974667825037124,0.3391074322754547,1.0,0.08907718640308025,1.0,0.0,cartpole_gravity_shift
cartpole,dqn,23,205,0.08509947607914607,0.18041390180587769,0.29888653100817186,-0.014245257845946721,2,stabilize,0.33598480081026505,0.32797143591252687,0.3360437632772082,1.0,0.08719023463266219,1.0,0.0,cartpole_gravity_shift
cartpole,dqn,23,206,0.08960982163747153,0.23723040024439493,0.2941267658247299,-0.08005577325820923,0,push_left,0.3380060502975677,0.3265287164341339,0.33546523326829847,1.0,0.10304381007706298,1.0,0.0,cartpole_gravity_shift
cartpole,dqn,23,207,0.09554058313369751,0.17961551745732626,0.2673778122819978,0.0008631468351398196,2,stabilize,0.3358763759474641,0.32788060586329615,0.33624301818923974,1.0,0.08772144846689248,1.0,0.0,cartpole_gravity_shift
cartpole,dqn,23,208,0.10003096734484038,0.23647749423980713,0.26766621554381526,-0.0657815933227539,0,push_left,0.33804819654056456,0.3264498601570751,0.3355019433023604,1.0,0.1013793468496823,1.0,0.0,cartpole_gravity_shift
cartpole,dqn,23,209,0.10594290991624197,0.17889477809270224,0.2456867004920304,0.014492640537875039,2,stabilize,0.33535677722354734,0.3279533469459293,0.3366898758305233,1.0,0.08830881806404826,1.0,0.0,cartpole_gravity_shift
cartpole,dqn,23,210,0.11041528234879176,0.2357879877090454,0.25052909777101867,-0.05272461261068072,0,push_left,0.3380209511872381,0.32647087088055043,0.33550817793221155,1.0,0.10017631358684202,1.0,0.0,cartpole_gravity_shift
cartpole,dqn,23,211,0.11630997061729431,0.1782262921333313,0.23291227996776098,0.0271305399281638,2,stabilize,0.33442009174205406,0.32818960482045023,0.33739030343749576,1.0,0.08890710106521493,1.0,0.0,cartpole_gravity_shift
cartpole,dqn,23,212,0.12076562891403834,0.23513787984848022,0.24197737826367838,-0.04042325275284903,0,push_left,0.33792425056813713,0.3265842151346227,0.3354915342972402,1.0,0.09936074031034975,1.0,0.0,cartpole_gravity_shift
cartpole,dqn,23,213,0.1266440749168396,0.17758665482203165,0.2284708092776005,0.03922239797455924,2,stabilize,0.3330637604693851,0.32858876944104004,0.33834747008957494,1.0,0.08950124040423717,1.0,0.0,cartpole_gravity_shift
cartpole,dqn,23,214,0.13108375171820325,0.23450475931167603,0.24157614938399105,-0.028448428426470076,0,push_left,0.33776408454441376,0.3267882470971985,0.33544766835838785,1.0,0.09888743626672239,1.0,0.0,cartpole_gravity_shift
cartpole,dqn,23,215,0.13694636523723602,0.17695385217666626,0.23207070221479867,0.05118758337838309,2,stabilize,0.33126223722384796,0.32914606795166884,0.33959169482448326,1.0,0.09009867786142862,1.0,0.0,cartpole_gravity_shift
cartpole,dqn,23,216,0.1413702095548312,0.2338670293490092,0.24917394562951137,-0.016388822879110063,2,stabilize,0.3362033442996272,0.3273495454156836,0.33644711028468915,1.0,0.08835297896823527,1.0,0.0,cartpole_gravity_shift
cartpole,dqn,23,217,0.1472168912490209,0.2907552321751912,0.2436979644907403,-0.0835141624723162,0,push_left,0.33860158257372064,0.32582379735566147,0.33557462007061795,1.0,0.10243876679173633,1.0,0.0,cartpole_gravity_shift
cartpole,dqn,23,218,0.1544857646028201,0.23320293426513672,0.21579347746468958,-0.0038276703229972293,2,stabilize,0.3363677209337398,0.32718242708154666,0.3364498519847135,1.0,0.08889212594897472,1.0,0.0,cartpole_gravity_shift
cartpole,dqn,23,219,0.160315843919913,0.290138840675354,0.21451453818341715,-0.07183125189372472,0,push_left,0.33868969976064306,0.32570724618781055,0.3356030540515464,1.0,0.10086057754572596,1.0,0.0,cartpole_gravity_shift
cartpole,dqn,23,220,0.1675693194071452,0.23262284199396768,0.19051363971751176,0.007137792451041085,2,stabilize,0.3362279127556869,0.3271437626514844,0.3366283245928287,1.0,0.08944470523732846,1.0,0.0,cartpole_gravity_shift
cartpole,dqn,23,221,0.1733848825097084,0.2895946701367696,0.19289859012658386,-0.06152848260743277,0,push_left,0.3387270385347883,0.3256636362840893,0.33560932518112246,1.0,0.09966009096670246,1.0,0.0,cartpole_gravity_shift
cartpole,dqn,23,222,0.18062474826971692,0.23210585117340088,0.17234014440550155,0.016906867069857463,2,stabilize,0.3358002209833906,0.32722156048928824,0.3369782185273211,1.0,0.08997131556935922,1.0,0.0,cartpole_gravity_shift
cartpole,dqn,23,223,0.1864273970325788,0.2891034285227458,0.1779892137340828,-0.05223451767648969,0,push_left,0.33871783195996286,0.3256870855081747,0.3355950825318625,1.0,0.09876215481998782,1.0,0.0,cartpole_gravity_shift
cartpole,dqn,23,224,0.1936549817522367,0.2316334843635559,0.16053614866762003,0.02583161635058267,2,stabilize,0.33509534259166324,0.3274077964634471,0.33749686094488973,1.0,0.09045371158755562,1.0,0.0,cartpole_gravity_shift
cartpole,dqn,23,225,0.19944582134485245,0.28864773114522296,0.16916724619831278,-0.04361778923443386,0,push_left,0.3386595262627961,0.32578011905341736,0.3355603546837864,1.0,0.09811309863939906,1.0,0.0,cartpole_gravity_shift
cartpole,dqn,23,226,0.2066620190938314,0.23118897279103598,0.15459328818719542,0.0342294807944979,2,stabilize,0.33410393549754985,0.3277067792807698,0.33818928522168046,1.0,0.09088764331863403,1.0,0.0,cartpole_gravity_shift
cartpole,dqn,23,227,0.21244173248608908,0.2882116635640462,0.16603033838522463,-0.03537486706461225,0,push_left,0.3385597175708556,0.3259301915456633,0.33551009088348116,1.0,0.09767683572189863,1.0,0.0,cartpole_gravity_shift
cartpole,dqn,23,228,0.21964703996976218,0.2307568391164144,0.15421057017720116,0.04239456142698016,2,stabilize,0.3328186914721596,0.3281141025289093,0.33906720599893114,1.0,0.09127847208383262,1.0,0.0,cartpole_gravity_shift
cartpole,dqn,23,229,0.22541595002015433,0.28778014580408734,0.168375830946219,-0.02721985535962241,0,push_left,0.3381042135603476,0.32620765750205133,0.3356881289376012,1.0,0.09743232700632468,1.0,0.0,cartpole_gravity_shift
cartpole,dqn,23,230,0.23261045416196188,0.2303222417831421,0.15928087698246812,0.050607958010264804,2,stabilize,0.3312183973553705,0.32863331343211394,0.34014828921251555,1.0,0.09163926645863361,1.0,0.0,cartpole_gravity_shift
cartpole,dqn,23,231,0.23836851119995117,0.2873385151227315,0.1761904586471066,-0.018874489835330417,2,stabilize,0.3363177425388292,0.32679954274741085,0.3368827147137599,1.0,0.09003398140923341,1.0,0.0,cartpole_gravity_shift
cartpole,dqn,23,232,0.24555196364720663,0.34433066844940186,0.16988396004446937,-0.08791533538273402,0,push_left,0.33930928474899597,0.3251425561319143,0.33554815911908975,1.0,0.10149542719097739,1.0,0.0,cartpole_gravity_shift
cartpole,dqn,23,233,0.25416024029254913,0.2868718107541402,0.14050889911401243,-0.010051320706095015,0,push_left,0.33690383217829317,0.32651347901782707,0.33658268880387976,1.0,0.09648646777342759,1.0,0.0,cartpole_gravity_shift
cartpole,dqn,23,234,0.26133204499880475,0.22944982846577963,0.1371504654463265,0.06708259241921562,2,stabilize,0.3297747385564754,0.3290283379903153,0.3411969234532093,1.0,0.09326271597765508,1.0,0.0,cartpole_gravity_shift
cartpole,dqn,23,235,0.2670682718356451,0.2864973346392314,0.15956469253594666,-0.002976056986621448,2,stabilize,0.3346066178687738,0.3273071370861646,0.3380862450450616,1.0,0.09016529711979177,1.0,0.0,cartpole_gravity_shift
cartpole,dqn,23,236,0.2742307136456172,0.3435128529866536,0.15857031564439397,-0.07245067187717982,0,push_left,0.33915382989335413,0.325398002390524,0.3354481677161219,1.0,0.09989400741217447,1.0,0.0,cartpole_gravity_shift
cartpole,dqn,23,237,0.2828185260295868,0.2860682010650635,0.13436244573968692,0.0051325298845767975,2,stabilize,0.3346578061202741,0.3272248659421821,0.33811732793754373,1.0,0.09070375517445187,1.0,0.0,cartpole_gravity_shift
cartpole,dqn,23,238,0.2899702390034994,0.3431191047032674,0.1360773773494939,-0.06499790293829781,0,push_left,0.3392253390836178,0.3253325507267138,0.3354421101896684,1.0,0.098865058420952,1.0,0.0,cartpole_gravity_shift
cartpole,dqn,23,239,0.29854821662108105,0.2857033411661784,0.11435969952751743,0.012024760246276855,2,stabilize,0.3345330514180577,0.32721769971864584,0.3382492488632965,1.0,0.09119478427295984,1.0,0.0,cartpole_gravity_shift
cartpole,dqn,23,240,0.30569079021612805,0.3427821795145671,0.11837751846893875,-0.05862462520599365,0,push_left,0.3392680939018893,0.3253115003824636,0.3354204057156472,1.0,0.09805912368522346,1.0,0.0,cartpole_gravity_shift
cartpole,dqn,23,241,0.3142603486776352,0.2853893240292867,0.09878933749790693,0.0179555139371327,2,stabilize,0.3342553805689092,0.327275527551905,0.3384690918791859,1.0,0.09162861697355658,1.0,0.0,cartpole_gravity_shift
cartpole,dqn,23,242,0.3213950991630554,0.3424897988637288,0.10478878860541915,-0.05309686916215079,0,push_left,0.33928290516690357,0.3253306664652874,0.33538642836780896,1.0,0.09742914277889102,1.0,0.0,cartpole_gravity_shift
cartpole,dqn,23,243,0.32995733122030896,0.2851146658261617,0.08704759589527558,0.023142689040728977,2,stabilize,0.33383259913503605,0.32739317638854937,0.33877422447641464,1.0,0.09200306173181381,1.0,0.0,cartpole_gravity_shift
cartpole,dqn,23,244,0.33708520233631134,0.34223143259684247,0.0947802316459665,-0.048213026353291104,0,push_left,0.33935632961389006,0.325450727550162,0.33519294283594786,1.0,0.09693983195697976,1.0,0.0,cartpole_gravity_shift
cartpole,dqn,23,245,0.34564097722371423,0.28486937284469604,0.07867086723197901,0.027775210993630544,2,stabilize,0.33327178689748094,0.327569630119552,0.3391585829829671,1.0,0.0923202006967718,1.0,0.0,cartpole_gravity_shift
cartpole,dqn,23,246,0.35276271402835846,0.3419977029164632,0.0879513744380423,-0.043796615941183906,0,push_left,0.3392524578753529,0.3257236600342359,0.3350238820904112,1.0,0.09656485665054161,1.0,0.0,cartpole_gravity_shift
cartpole,dqn,23,247,0.3613126526276271,0.28464462359746295,0.07331765619126596,0.032019930226462226,2,stabilize,0.3325783088942688,0.3277970795470714,0.33962461155865975,1.0,0.09258450314958055,1.0,0.0,cartpole_gravity_shift
cartpole,dqn,23,248,0.368428776661555,0.3417803446451823,0.08401643653758102,-0.03968987720353263,0,push_left,0.33864734613391256,0.32611654623061326,0.3352361076354741,1.0,0.09628502233352962,1.0,0.0,cartpole_gravity_shift
cartpole,dqn,23,249,0.37697327633698785,0.28443243106206256,0.0707549054113379,0.03602766139166696,2,stabilize,0.33189351376914067,0.32819455736874253,0.33991192886211685,1.0,0.09280164137492464,1.0,0.0,cartpole_gravity_shift
cartpole,dqn,23,250,0.38408411045869195,0.34157172838846844,0.0827927898108817,-0.03574817521231515,0,push_left,0.33789568285143873,0.3265541146714347,0.3355502024771265,1.0,0.09608683457601605,1.0,0.0,cartpole_gravity_shift
cartpole,dqn,23,251,0.3926233947277069,0.28422536452611286,0.070848291059667,0.03993857332638332,2,stabilize,0.33107245896845977,0.3286514554105375,0.3402760856210028,1.0,0.0929778638295605,1.0,0.0,cartpole_gravity_shift
cartpole,dqn,23,252,0.39972903827826184,0.3413645426432292,0.0841929210541072,-0.03183487696307046,0,push_left,0.3369885750069885,0.3270394369773243,0.33597198801568723,1.0,0.09596154666419161,1.0,0.0,cartpole_gravity_shift
cartpole,dqn,23,253,0.4082631319761276,0.28401633103688556,0.07355596807947591,0.0438871511391231,2,stabilize,0.3300917820774553,0.3291562653041994,0.3407519526183453,1.0,0.09312000243160572,1.0,0.0,cartpole_gravity_shift
cartpole,dqn,23,254,0.4153635601202647,0.34115179379781085,0.08821993319402162,-0.02781658513205392,2,stabilize,0.33591047343159147,0.32757882382226433,0.3365107027461442,1.0,0.09590484739545932,1.0,0.0,cartpole_gravity_shift
cartpole,dqn,23,255,0.42389233907063806,0.2837982773780823,0.07892560951749579,0.04800682408469064,2,stabilize,0.3289345201902644,0.32971592351015083,0.3413495562995847,1.0,0.09323549940980444,1.0,0.0,cartpole_gravity_shift
cartpole,dqn,23,256,0.43098727862040204,0.3409263690312703,0.09496607828823081,-0.02355856341975076,2,stabilize,0.3346477538888734,0.3281775841938568,0.3371746619172698,1.0,0.09591665758096725,1.0,0.0,cartpole_gravity_shift
cartpole,dqn,23,257,0.439510444800059,0.28356393178304035,0.08709447765122735,0.052434525319508145,2,stabilize,0.32758480204186524,0.33033549036206,0.3420797075960747,1.0,0.09333291689302507,1.0,0.0,cartpole_gravity_shift
cartpole,dqn,23,258,0.4465995728969574,0.3406807978947957,0.10461436677946397,-0.01892018531050001,2,stabilize,0.33317509219670727,0.32883656169939074,0.3379883461039021,1.0,0.09164660828580391,1.0,0.0,cartpole_gravity_shift
cartpole,dqn,23,259,0.4551165799299876,0.39777318636576336,0.09829258470660462,-0.0898219176701137,0,push_left,0.34018336117893594,0.3268791941611893,0.3329374446598748,1.0,0.10038943980843981,1.0,0.0,cartpole_gravity_shift
cartpole,dqn,23,260,0.46506091952323914,0.3404069741566976,0.0682804946896569,-0.013746022113731928,2,stabilize,0.3343581341553919,0.3287076023982682,0.33693426344633987,1.0,0.09230227015957443,1.0,0.0,cartpole_gravity_shift
cartpole,dqn,23,261,0.4735710720221202,0.3975496292114258,0.06368754960614344,-0.0855854834829058,0,push_left,0.3413625661809002,0.32674345442729325,0.33189397939180665,1.0,0.09928711880403723,1.0,0.0,cartpole_gravity_shift
cartpole,dqn,23,262,0.4835097988446554,0.3402288754781087,0.03509096765717345,-0.010380959936550685,2,stabilize,0.3355309029771586,0.32857705426671097,0.3358920427561304,1.0,0.09440959223495755,1.0,0.0,cartpole_gravity_shift
cartpole,dqn,23,263,0.4920155306657156,0.2829458912213643,0.03162238898026915,0.06410026124545506,2,stabilize,0.3283427097276315,0.3307866749752208,0.34087061529714774,1.0,0.09527250768742881,1.0,0.0,cartpole_gravity_shift
cartpole,dqn,23,264,0.49908921122550964,0.34013883272806805,0.05304013647868127,-0.008680651762655802,2,stabilize,0.3338405963539171,0.3293049161074475,0.33685448753863545,1.0,0.09255143221994702,1.0,0.0,cartpole_gravity_shift
cartpole,dqn,23,265,0.5075926582018535,0.39730238914489746,0.05013968235410768,-0.08091204507010323,0,push_left,0.34077692910634005,0.3273596239975177,0.33186344689614233,1.0,0.09857741326243888,1.0,0.0,cartpole_gravity_shift
cartpole,dqn,23,266,0.5175252258777618,0.33999955654144287,0.023104630517362126,-0.006049892732075283,2,stabilize,0.33488879542660693,0.32921422510939186,0.3358969794640012,1.0,0.09411721916545181,1.0,0.0,cartpole_gravity_shift
cartpole,dqn,23,267,0.5260251959164938,0.28273264567057294,0.02108318708961505,0.0681270318371909,2,stabilize,0.32764947595761623,0.3314383646382433,0.34091215940414055,1.0,0.09579763549933935,1.0,0.0,cartpole_gravity_shift
cartpole,dqn,23,268,0.5330935120582581,0.3399399121602376,0.043846395640213906,-0.004923573029892785,2,stabilize,0.3330873074160155,0.32997618486320285,0.33693650772078165,1.0,0.09271230225962906,1.0,0.0,cartpole_gravity_shift
cartpole,dqn,23,269,0.541592041651408,0.3971160650253296,0.042201288773507095,-0.07739099434443883,0,push_left,0.3399602470468995,0.32805093969867927,0.33198881325442126,1.0,0.0981016447346971,1.0,0.0,cartpole_gravity_shift
cartpole,dqn,23,270,0.551519940296809,0.33982376257578534,0.016342720732555185,-0.002729785761662892,2,stabilize,0.33402955357345776,0.3299164155270138,0.3360540308995284,1.0,0.09327648115754761,1.0,0.0,cartpole_gravity_shift
cartpole,dqn,23,271,0.5600155393282573,0.3970373868942261,0.015430620300243465,-0.07590147427150182,0,push_left,0.34093392582700077,0.3279730263899446,0.33109304778305465,1.0,0.09743356843691386,1.0,0.0,cartpole_gravity_shift
cartpole,dqn,23,272,0.5699414511521658,0.33978088696797687,-0.009930253624560442,-0.0019197479954787663,2,stabilize,0.3350314796677404,0.3298347815682621,0.3351337387639975,1.0,0.09340801402294682,1.0,0.0,cartpole_gravity_shift
cartpole,dqn,23,273,0.5784359574317932,0.2825585603713989,-0.010571697046691308,0.07141574365752083,2,stabilize,0.32779495956921045,0.33206400708978534,0.3401410333410042,1.0,0.09670512060308022,1.0,0.0,cartpole_gravity_shift
cartpole,dqn,23,274,0.5854999522368114,0.33980854352315265,0.013290364339698756,-0.0024423756237540927,2,stabilize,0.3332450591360289,0.330593709135029,0.33616123172894197,1.0,0.09333930220278512,1.0,0.0,cartpole_gravity_shift
cartpole,dqn,23,275,0.5939951539039612,0.3970263401667277,0.012474295712100578,-0.07569204909460885,0,push_left,0.3401431920535665,0.3286509547217463,0.3312058532246872,1.0,0.09735593767375071,1.0,0.0,cartpole_gravity_shift
cartpole,dqn,23,276,0.6039208173751831,0.3397737741470337,-0.012816604546900296,-0.0017855280478085791,2,stabilize,0.3342523637561666,0.3305094663688443,0.33523816987498906,1.0,0.09334744584107733,1.0,0.0,cartpole_gravity_shift
cartpole,dqn,23,277,0.6124151746431987,0.28255536158879596,-0.01341320111956403,0.07147625514439174,2,stabilize,0.32702769533438986,0.332735649482321,0.34023665518328916,1.0,0.09676760083744158,1.0,0.0,cartpole_gravity_shift
cartpole,dqn,23,278,0.6194790204366049,0.3398091793060303,0.01046907819078475,-0.002454169892839023,2,stabilize,0.33247655992184705,0.33126374843706363,0.3362596916410893,1.0,0.09339824009144951,1.0,0.0,cartpole_gravity_shift
cartpole,dqn,23,279,0.627974271774292,0.3970307906468709,0.009649069779741452,-0.07577590431485857,0,push_left,0.33937457001273647,0.3293223241551389,0.33130310583212463,1.0,0.09730642557102696,1.0,0.0,cartpole_gravity_shift
cartpole,dqn,23,280,0.6379000345865886,0.33978203932444256,-0.01566984795193968,-0.0019412744524223463,2,stabilize,0.33349774685542455,0.33117774105102227,0.33532451209355313,1.0,0.09328824313171204,1.0,0.0,cartpole_gravity_shift
cartpole,dqn,23,281,0.6463945905367534,0.2825674811999003,-0.016318483006982645,0.07124760746955872,2,stabilize,0.326266357738361,0.3334255904877267,0.3403080517739124,1.0,0.09680757816062986,1.0,0.0,cartpole_gravity_shift
cartpole,dqn,23,282,0.6534587840239208,0.33982519308725995,0.007487400623843039,-0.0027567079024655478,2,stabilize,0.3317485701802078,0.3319232579666328,0.33632817185315944,1.0,0.09377393049719818,1.0,0.0,cartpole_gravity_shift
cartpole,dqn,23,283,0.6619544327259064,0.28257932265599567,0.006566304815733063,0.07102293627602714,2,stabilize,0.3244728023225662,0.3341933928663257,0.34133380481110814,1.0,0.09632590087874406,1.0,0.0,cartpole_gravity_shift
cartpole,dqn,23,284,0.6690188745657604,0.3398062388102214,0.03029711917931823,-0.002398459506886346,2,stabilize,0.3299077799611943,0.3326982797061753,0.3373939403326305,1.0,0.09298396980833211,1.0,0.0,cartpole_gravity_shift
cartpole,dqn,23,285,0.6775140265623729,0.39700086911519367,0.02949572388340579,-0.07521317686353411,0,push_left,0.3367252135636877,0.33079231074757715,0.33248247568873524,1.0,0.09765669460456221,1.0,0.0,cartpole_gravity_shift
cartpole,dqn,23,286,0.6874390939871471,0.3397255341211955,0.004364830232836609,-0.0008741075705204691,2,stabilize,0.33077367969586713,0.33268957434635227,0.33653674595778055,1.0,0.09352229394535859,1.0,0.0,cartpole_gravity_shift
cartpole,dqn,23,287,0.6959322094917297,0.39695537090301514,0.004072765584119322,-0.07435163429805211,0,push_left,0.33767379915673723,0.3307234768130485,0.3316027240302142,1.0,0.0970712249825466,1.0,0.0,cartpole_gravity_shift
cartpole,dqn,23,288,0.7058560848236084,0.33971412976582843,-0.02077026492727116,-0.0006590053173048156,2,stabilize,0.33171147367359743,0.33266694276814124,0.33562158355826127,1.0,0.0931795687185073,1.0,0.0,cartpole_gravity_shift
cartpole,dqn,23,289,0.7143489519755046,0.28250652551651,-0.020990457145723923,0.07239949703216553,2,stabilize,0.3244838946155946,0.3350575301066097,0.3404585752777957,1.0,0.09699726527334947,1.0,0.0,cartpole_gravity_shift
cartpole,dqn,23,290,0.7214116056760153,0.33977051575978595,0.003200306374855286,-0.0017235815258962767,2,stabilize,0.3299191237894186,0.3334415748609135,0.33663930134966785,1.0,0.09368161754455154,1.0,0.0,cartpole_gravity_shift
cartpole,dqn,23,291,0.7299058636029562,0.28253040711085003,0.002624408113003346,0.0719468423298427,2,stabilize,0.3230161202503224,0.3355608886258005,0.34142299112387703,1.0,0.09648208602781824,1.0,0.0,cartpole_gravity_shift
cartpole,dqn,23,292,0.7369691133499146,0.3397626479466756,0.026663925347578554,-0.001575097574719361,2,stabilize,0.32804416698533634,0.3342412907501064,0.3377145422645573,1.0,0.09305781291979306,1.0,0.0,cartpole_gravity_shift
cartpole,dqn,23,293,0.7454631725947063,0.3969622453053792,0.026137641406571384,-0.07448282412120275,0,push_left,0.3348804271162748,0.33229718321048807,0.33282238967323713,1.0,0.09752654771551786,1.0,0.0,cartpole_gravity_shift
cartpole,dqn,23,294,0.7553872466087341,0.33969136079152423,0.0012507784427065838,-0.0002290019765496254,2,stabilize,0.32888434795843946,0.33425218005804386,0.3368634719835167,1.0,0.09358681312913711,1.0,0.0,cartpole_gravity_shift
cartpole,dqn,23,295,0.7638795177141826,0.3969254493713379,0.0011742623191691385,-0.07378596067428589,0,push_left,0.3357664037917269,0.3322827652707702,0.3319508309375029,1.0,0.09696457544381082,1.0,0.0,cartpole_gravity_shift
cartpole,dqn,23,296,0.7738026976585388,0.33968810240427655,-0.023479757914964226,-0.000167180534585246,2,stabilize,0.32985869492107,0.33432802356315366,0.3358132815157763,1.0,0.09312267477354443,1.0,0.0,cartpole_gravity_shift
cartpole,dqn,23,297,0.7822948694229126,0.28248417377471924,-0.02353561726489898,0.07282201732907977,2,stabilize,0.3232792184874943,0.3363778330301861,0.34034294848231955,1.0,0.09708393784438131,1.0,0.0,cartpole_gravity_shift
cartpole,dqn,23,298,0.7893569767475128,0.3397515614827474,0.0007963226858064142,-0.0013657217579228537,2,stabilize,0.3280918822901902,0.33514539414497274,0.336762723564837,1.0,0.09363074707095359,1.0,0.0,cartpole_gravity_shift
cartpole,dqn,23,299,0.7978507876396179,0.28251471122105914,0.0003399955664999196,0.07224342652729579,2,stabilize,0.32253269886894526,0.3361597047771977,0.34130759635385705,1.0,0.09655298637622647,1.0,0.0,cartpole_gravity_shift
cartpole,dqn,23,300,0.8049136400222778,0.3397500117619832,0.024478611378510415,-0.0013367535014237677,2,stabilize,0.32624520236578386,0.33599069201329623,0.33776410562091985,1.0,0.15059823176336284,1.0,1.0,cartpole_gravity_shift|cartpole_sensor_noise
cartpole,dqn,23,301,0.933560722759643,0.35674537333622347,0.09355718081357045,-0.034033304438541113,2,stabilize,0.3250017087379465,0.3364125356201877,0.33858575564186594,1.0,0.19219864362374736,1.0,0.0,cartpole_sensor_noise
cartpole,dqn,23,302,0.7921912451706211,0.3259299913867328,0.022397855354661683,0.07056952560231099,2,stabilize,0.3228596241264979,0.3350147014000482,0.34212567447345393,1.0,0.13869538845687462,1.0,0.0,cartpole_sensor_noise
cartpole,dqn,23,303,0.8187236281587239,0.4006758249448,0.08349879247972448,-0.02541057275315446,2,stabilize,0.32662938601972336,0.3346329370850979,0.3387376768951788,1.0,0.16776255408137647,1.0,0.0,cartpole_sensor_noise
cartpole,dqn,23,304,0.7441846101479669,0.32414103602724503,-0.03527522471058773,0.025808254563756426,2,stabilize,0.328911061600502,0.33415183657687947,0.3369371018226185,1.0,0.2357226362482668,1.0,0.0,cartpole_sensor_noise
cartpole,dqn,23,305,0.7753887841263035,0.35026868875424794,-0.1344857426083257,-0.18411096720405157,0,push_left,0.35317212038480605,0.30799049884033686,0.33883738077485703,1.0,0.1936337033295417,1.0,0.0,cartpole_sensor_noise
cartpole,dqn,23,306,0.8633089464923711,0.27448952648649677,-0.12304774721037978,-0.029544648292356958,0,push_left,0.33639467760820285,0.3338328614933112,0.3297724608984859,1.0,0.10468724327993298,1.0,0.0,cartpole_sensor_noise
cartpole,dqn,23,307,0.9264567258140797,0.3018259428135495,-0.05677368520681083,0.013260093503731626,1,push_right,0.32646496359579996,0.3383425073954684,0.3351925290087316,1.0,0.11103978125579293,1.0,0.0,cartpole_sensor_noise
cartpole,dqn,23,308,0.8509399869850612,0.3023460790892305,0.01298614838038823,0.05521662165019742,2,stabilize,0.3228929150806541,0.33635289277373565,0.3407541921456103,1.0,0.17794148722798403,1.0,0.0,cartpole_sensor_noise
cartpole,dqn,23,309,0.8929518396683317,0.4249150947841818,0.006215560233811379,-0.06655846873673761,1,push_right,0.3310231831567655,0.3360667740915523,0.3329100427516823,1.0,0.12843487673289375,1.0,0.0,cartpole_sensor_noise
cartpole,dqn,23,310,0.7931783469851643,0.4129723099400002,-0.06109547137079378,-0.10977146022870662,0,push_left,0.34489976532976807,0.3237093164338238,0.33139091823640815,1.0,0.13322371434127833,1.0,0.0,cartpole_sensor_noise
cartpole,dqn,23,311,0.8694141992087164,0.495033061533273,-0.13079417109423003,-0.09120328305794742,0,push_left,0.34639342748233615,0.32125246275287883,0.3323541097647851,1.0,0.2719207526199263,1.0,0.0,cartpole_sensor_noise
cartpole,dqn,23,312,0.9342764939880466,0.24023099552827237,-0.09139276196177167,-0.034131271184294286,1,push_right,0.333031322408405,0.33614560293684415,0.33082307465475086,1.0,0.14493187133644791,1.0,0.0,cartpole_sensor_noise
cartpole,dqn,23,313,0.9929173196331342,0.35800356995814353,-0.07655071479892786,-0.09308748582637848,0,push_left,0.33827116197515605,0.3298004322579267,0.33192840576691723,1.0,0.1193724090911911,1.0,0.0,cartpole_sensor_noise
cartpole,dqn,23,314,0.9911362333368239,0.3537977715826113,-0.029672026236805593,0.01659979512524186,1,push_right,0.32561859211780975,0.337895584604382,0.3364858232778082,1.0,0.1339395735778628,1.0,0.0,cartpole_sensor_noise
cartpole,dqn,23,315,1.0,0.37972569580032484,-0.06676241426886526,-0.10915110495961733,0,push_left,0.3398097614340358,0.3274382373372692,0.3327520012286951,1.0,0.15406425959947398,1.0,0.0,cartpole_sensor_noise
cartpole,dqn,23,316,0.950592962834359,0.27733976436062474,-0.10853894948350054,-0.013932499040750553,1,push_right,0.3315794590296438,0.33708384907497413,0.3313366918953822,1.0,0.1688258421452562,1.0,0.0,cartpole_sensor_noise
cartpole,dqn,23,317,1.0,0.4286880442331115,-0.12171533125856729,0.040667782987138607,1,push_right,0.32841093803543586,0.3375173996387201,0.3340716623258441,1.0,0.26046325916703,1.0,0.0,cartpole_sensor_noise
cartpole,dqn,23,318,0.9751525985670249,0.49045814419142203,-0.23417144415100757,-0.1846359973677482,0,push_left,0.362902934005281,0.297259009286457,0.33983805670826195,1.0,0.24326953097875806,1.0,0.0,cartpole_sensor_noise
cartpole,dqn,23,319,0.9984051908709752,0.355902962319838,-0.3713879379086833,-0.03730671132411777,0,push_left,0.3542923872958223,0.31701917046926076,0.32868844223491694,1.0,0.1997775077248101,1.0,0.0,cartpole_sensor_noise
cartpole,dqn,23,320,0.9209984452134375,0.43919364367063085,-0.24078396122113704,-0.1369285562827682,0,push_left,0.357475049107656,0.3077187176827936,0.33480623320955044,1.0,0.17215650109694225,1.0,0.0,cartpole_sensor_noise
cartpole,dqn,23,321,0.9204046229013848,0.31682625172439166,-0.25581612242491514,-0.0167713102972585,0,push_left,0.3432326051817747,0.32903509243887774,0.32773230237934753,0.0,1.0114169662129033,1.0,0.0,cartpole_sensor_noise
cartpole,dqn,23,322,-0.008955875148140249,0.05241806500239062,0.0377118338386113,-0.07318933839637523,0,push_left,0.3395744804843509,0.324556172400103,0.3358693471155462,1.0,0.19987511301837563,1.0,0.0,cartpole_sensor_noise
cartpole,dqn,23,323,0.02145475349193683,-0.09726193085690388,-0.008408465531899015,0.047201987268557274,0,push_left,0.3378140919734483,0.32692142173341476,0.335264486293137,1.0,0.16639720473171032,1.0,0.0,cartpole_sensor_noise
cartpole,dqn,23,324,0.029525805165841388,-0.17581613581274794,0.08037757487391656,0.16368874093701527,0,push_left,0.3353033693025673,0.3300143188056715,0.33468231189176134,1.0,0.1070204542227697,1.0,0.0,cartpole_sensor_noise
cartpole,dqn,23,325,-0.039478296016784244,-0.21334708265529578,0.051550759129982415,0.2304139562996728,2,stabilize,0.33479910425519316,0.3302050514934598,0.33499584425134704,1.0,0.10938871618845103,1.0,0.0,cartpole_sensor_noise
cartpole,dqn,23,326,-0.0031606668685619666,-0.14223687084543513,0.12430486217895327,0.24765052522466963,2,stabilize,0.32727466403029143,0.3321901700928144,0.3405351658768942,1.0,0.22601124397055847,1.0,0.0,cartpole_sensor_noise
cartpole,dqn,23,327,0.02169287076854546,-0.1021339789103651,0.24246730291395235,0.06085443392179437,0,push_left,0.3354094284287381,0.3300985567311895,0.3344920148400724,1.0,0.08387823514550598,1.0,0.0,cartpole_sensor_noise
cartpole,dqn,23,328,-0.02924812190374321,-0.1258619620138372,0.26817037125056664,0.11757223265033553,2,stabilize,0.33304649303871153,0.3311386483581652,0.33581485860312316,1.0,0.07616930156383138,1.0,0.0,cartpole_sensor_noise
cartpole,dqn,23,329,-0.08491957384556718,-0.09131965136059714,0.30084412917391057,0.09655542372717009,2,stabilize,0.33481383103497236,0.3302573689889409,0.33492879997608666,1.0,0.2914569037293143,1.0,0.0,cartpole_sensor_noise
cartpole,dqn,23,330,0.09250770225281484,0.05535805648662477,0.4316931839854463,-0.025226608212685655,2,stabilize,0.33111895708058686,0.331300896122607,0.3375801467968061,1.0,0.16999555016041237,1.0,0.0,cartpole_sensor_noise
cartpole,dqn,23,331,-0.05066955693946257,-0.01590635157483484,0.38138852870202866,0.0028729527268553795,0,push_left,0.3354402608196804,0.32977144151260007,0.33478829766771945,1.0,0.1793653921508562,1.0,0.0,cartpole_sensor_noise
cartpole,dqn,23,332,-0.06033678876162529,0.13514509186857776,0.34673093111148473,0.09265491579984932,2,stabilize,0.32820029382212745,0.3301919604827512,0.3416077456951213,1.0,0.21438120614897696,1.0,0.0,cartpole_sensor_noise
cartpole,dqn,23,333,0.016150401841218423,-0.006693754231811559,0.3497665292788283,-0.04870115270890241,0,push_left,0.3361789310953624,0.3292694258957694,0.33455164300886814,1.0,0.2250003898457518,1.0,0.0,cartpole_sensor_noise
cartpole,dqn,23,334,0.025383271598491835,0.012713601106545753,0.37185488455407395,0.17417861009335556,2,stabilize,0.3173116970907543,0.33479526840596546,0.34789303450328024,1.0,0.18519270988739317,1.0,0.0,cartpole_sensor_noise
cartpole,dqn,23,335,0.04098444997731284,0.09780181782342004,0.45742490194615554,0.03456947526296753,2,stabilize,0.3247394063935778,0.33253423653286335,0.3427263570735589,1.0,0.171264609908707,1.0,0.0,cartpole_sensor_noise
cartpole,dqn,23,336,0.02017609120518918,0.08351763553510347,0.4217298404560636,-0.13102159796854718,0,push_left,0.33689754216020906,0.32843113944256636,0.33467131839722447,1.0,0.10821980751152176,1.0,0.0,cartpole_sensor_noise
cartpole,dqn,23,337,-0.01786331851016309,0.04102144501126158,0.38027776243487,-0.048922090874870955,0,push_left,0.3362247495505123,0.32892008119871424,0.3348551692507735,1.0,0.21878300609756823,1.0,0.0,cartpole_sensor_noise
cartpole,dqn,23,338,0.06447506716709024,0.0799397642162145,0.44488616765309286,0.1392201755263069,2,stabilize,0.3153137374233619,0.3344814766073575,0.3502047859692806,1.0,0.14774833866817355,1.0,0.0,cartpole_sensor_noise
cartpole,dqn,23,339,-0.026432185346506834,0.008392642124327297,0.5084085569929937,0.07280211779685322,2,stabilize,0.32173896318750284,0.33422393157866803,0.3440371052338292,1.0,0.32642916549752726,1.0,0.0,cartpole_sensor_noise
cartpole,dqn,23,340,0.075658089754673,0.26175019395582716,0.42662420197519313,-0.08611561570526,2,push_left,0.3351060282083102,0.328080877341591,0.33681309445009877,1.0,0.2457430152671545,1.0,0.0,cartpole_sensor_noise
cartpole,dqn,23,341,0.04493692915112773,0.03204463074480435,0.4121094644128364,-0.005676095149958156,2,stabilize,0.3323141310610796,0.33089483608357534,0.3367910328553451,1.0,0.12369135565979719,1.0,0.0,cartpole_sensor_noise
cartpole,dqn,23,342,0.01763143016530231,0.1226268811847466,0.3821107647844139,-0.07949272685266319,0,stabilize,0.33685611202106847,0.32811777292082805,0.3350261150581036,1.0,0.15106007367838203,1.0,0.0,cartpole_sensor_noise
cartpole,dqn,23,343,0.10244879631243801,0.2469812552117017,0.38036495070357,-0.06691886296202845,2,stabilize,0.3350507053359416,0.32809929899680784,0.3368499956672505,1.0,0.23571487633985622,1.0,0.0,cartpole_sensor_noise
cartpole,dqn,23,344,-0.046016491518438,0.06606746485282194,0.361059866748756,-0.08734128761459478,0,push_left,0.33702596117571637,0.3278326970678603,0.33514134175642335,1.0,0.15018136196708737,1.0,0.0,cartpole_sensor_noise
cartpole,dqn,23,345,-0.04665504845468005,-0.02935125386966625,0.354144566680671,0.028423475891644522,0,push_left,0.3353120767613067,0.3298768844800377,0.3348110387586556,1.0,0.27635017588847227,1.0,0.0,cartpole_sensor_noise
cartpole,dqn,23,346,0.18165675977576304,-0.03385785536203414,0.3655614934773122,0.18364100796081528,2,stabilize,0.312508056058561,0.33669486066031695,0.35079708328112197,1.0,0.19854379427062527,1.0,0.0,cartpole_sensor_noise
cartpole,dqn,23,347,0.020252100599088788,0.03581121386453827,0.2961998887570846,0.1227857466995573,2,stabilize,0.3266324503091919,0.3316572154706449,0.3417103342201631,1.0,0.1701139544645968,1.0,0.0,cartpole_sensor_noise
cartpole,dqn,23,348,-0.02704424817810203,0.1063067382681365,0.3762596557169188,-0.0009988551268732757,2,stabilize,0.3353705371646388,0.32882366886416503,0.3358057939711962,1.0,0.185474535572675,1.0,0.0,cartpole_sensor_noise
cartpole,dqn,23,349,-0.08412324705548674,0.22914712756845318,0.33690261760292506,-0.12143163114941327,0,push_left,0.3385081996671018,0.3253564141625032,0.33613538617039496,1.0,0.1565171272664181,1.0,0.0,cartpole_sensor_noise
cartpole,dqn,23,350,-0.015065701888937796,0.1965695556786604,0.3250671432020488,0.014683356779079587,2,stabilize,0.3348767753764969,0.3278439240662492,0.33727930055725386,1.0,0.17881329638658694,1.0,0.0,cartpole_sensor_noise
cartpole,dqn,23,351,-0.1162245193178975,0.10735161661812077,0.2790301480961517,-0.09330665689080203,0,push_left,0.3382012425711819,0.32587336251240345,0.33592539491641465,1.0,0.1956939403660046,1.0,0.0,cartpole_sensor_noise
cartpole,dqn,23,352,-0.0765850728821377,0.029245395240034097,0.4234734124676506,0.00548805016368791,2,stabilize,0.33496621430098705,0.32974285425458566,0.33529093144442734,1.0,0.3166075702089671,1.0,0.0,cartpole_sensor_noise
cartpole,dqn,23,353,0.13689691449420754,0.22261031484271743,0.2954026175167449,-0.024069925530917663,2,push_left,0.33466004423262546,0.328122038893448,0.3372179168739265,1.0,0.2048603423522187,1.0,0.0,cartpole_sensor_noise
cartpole,dqn,23,354,-0.013800701416560271,0.13958963227741097,0.4045465128327005,-0.002782257525020263,2,stabilize,0.3329262645197631,0.3293816131819234,0.3376921222983135,1.0,0.1552689962157357,1.0,0.0,cartpole_sensor_noise
cartpole,dqn,23,355,0.10522895580676053,0.1097721677611743,0.43714855992771223,0.0865957443668239,2,stabilize,0.3181510415510902,0.3343160457474196,0.3475329127014903,1.0,0.3794091323221584,1.0,0.0,cartpole_sensor_noise
cartpole,dqn,23,356,0.06782285670661667,0.18048055772563437,0.31474292735241394,-0.26350318185552,0,push_left,0.33970119100271146,0.32520780937611504,0.33509099962117356,1.0,0.2686468658805209,1.0,0.0,cartpole_sensor_noise
cartpole,dqn,23,357,-0.016214503697258784,0.023535958176941374,0.28088273889880344,-0.06518338729591966,0,push_right,0.3372041168822702,0.327743337182242,0.3350525459354877,1.0,0.2572622525229385,1.0,0.0,cartpole_sensor_noise
cartpole,dqn,23,358,0.01401897155951793,0.2341315598084359,0.16461073513281413,0.02084054693627345,0,push_left,0.33818449608658363,0.3255118426544076,0.33630366125900885,1.0,0.0952959797834554,1.0,0.0,cartpole_sensor_noise
cartpole,dqn,23,359,0.04409582160953956,0.24503130472513018,0.11950405296610321,-0.05676930835685009,0,push_left,0.33944386540368787,0.3242853292116971,0.336270805384615,1.0,0.1846402037037477,1.0,0.0,cartpole_sensor_noise
cartpole,dqn,23,360,0.07586250846495417,0.10849519416644511,0.23191366168387573,-0.014285749049568912,0,push_left,0.3372269549823566,0.3275955342509072,0.33517751076673624,1.0,0.16488847561004114,1.0,0.0,cartpole_sensor_noise
cartpole,dqn,23,361,0.11875076756378203,0.12143244516975144,0.31692914905366704,0.11970604571499584,2,stabilize,0.3209400779536767,0.33285016073246065,0.34620976131386255,1.0,0.1354073423618644,1.0,0.0,cartpole_sensor_noise
cartpole,dqn,23,362,0.2068748402065085,0.0353993239671416,0.36874753552959116,0.14167085997625095,2,push_left,0.31447313315493175,0.3357063367668096,0.3498205300782587,1.0,0.23899629378282827,1.0,0.0,cartpole_sensor_noise
cartpole,dqn,23,363,0.08549030631594257,0.0419692628517959,0.16634373331111782,0.17874592065934397,2,push_right,0.325898429555614,0.3313439010382731,0.34275766940611285,1.0,0.33174332087422453,1.0,0.0,cartpole_sensor_noise
cartpole,dqn,23,364,0.0605277370511258,0.18792312255268812,0.4450724586013203,0.0765780704476992,2,stabilize,0.319114103733339,0.33313506167302603,0.347750834593635,1.0,0.1460947701211595,1.0,0.0,cartpole_sensor_noise
cartpole,dqn,23,365,0.1058075675902658,0.2675705213956683,0.38295085803792145,-0.018766658846006246,2,stabilize,0.32950819169335954,0.32943278188378533,0.3410590264228552,1.0,0.08921715705403294,1.0,0.0,cartpole_sensor_noise
cartpole,dqn,23,366,0.09729930164094823,0.27725254064325927,0.4689365400609826,-0.03876744667193835,2,stabilize,0.32678871358255007,0.33050964691392476,0.3427016395035251,1.0,0.21689594776394544,1.0,0.0,cartpole_sensor_noise
cartpole,dqn,23,367,0.08500988208034051,0.3042412695099563,0.3998703936327513,-0.24222333440929905,0,push_left,0.33924845334019804,0.3254068499773184,0.3353446966824835,1.0,0.24022031484016623,1.0,0.0,cartpole_sensor_noise
cartpole,dqn,23,368,-0.004439040410515099,0.19205985390323002,0.2919328501778346,-0.08263164718053884,0,push_left,0.33808085761355333,0.32618761196355506,0.33573153042289167,1.0,0.17878626913618254,1.0,0.0,cartpole_sensor_noise
cartpole,dqn,23,369,0.04980977598518097,0.23673526712224296,0.16464389331887885,0.02140308195723945,0,push_left,0.33809710657490033,0.3257630807581711,0.3361398126669286,1.0,0.2610708567168126,1.0,0.0,cartpole_sensor_noise
cartpole,dqn,23,370,0.1173948454405513,0.0885698084019447,0.2635139949442167,0.19990224290866307,2,stabilize,0.31641079486160284,0.3340511007697626,0.3495381043686346,1.0,0.28749733196526783,1.0,0.0,cartpole_sensor_noise
cartpole,dqn,23,371,0.12536070164140842,0.13742054112474703,0.3806718841834884,-0.05793277395983476,2,stabilize,0.33496774223509973,0.3292918341925793,0.33574042357232103,1.0,0.1761552017675112,1.0,0.0,cartpole_sensor_noise
cartpole,dqn,23,372,0.16009992076586882,0.29881570109987493,0.44107072821589877,-0.04664456150051483,2,stabilize,0.3265956461730702,0.33045805803608086,0.34294629579084895,1.0,0.23886111341182392,1.0,0.0,cartpole_sensor_noise
cartpole,dqn,23,373,0.006202784693896526,0.29764288038054,0.27420992825903906,-0.12098432837194233,0,push_left,0.3391533304498807,0.32465855291587176,0.33618811663424764,1.0,0.2542971493559862,1.0,0.0,cartpole_sensor_noise
cartpole,dqn,23,374,0.22098919230947073,0.19242127402071643,0.33604406904107637,-0.06066192902491138,2,stabilize,0.3335000841085208,0.3293105448272133,0.3371893710642659,1.0,0.13449318245451944,1.0,0.0,cartpole_sensor_noise
cartpole,dqn,23,375,0.17118109178175922,0.21611050863164954,0.43128635072212435,-0.13796197554690331,0,push_left,0.3371365321559431,0.32836586543162133,0.33449760241243554,1.0,0.2589667010613416,1.0,0.0,cartpole_sensor_noise
cartpole,dqn,23,376,0.08001048485402346,0.23347588764671595,0.29091171040425917,0.058875715605771185,2,stabilize,0.3282806670344431,0.3294800432209837,0.3422392897445733,1.0,0.1193886720305052,1.0,0.0,cartpole_sensor_noise
cartpole,dqn,23,377,0.14544941512181478,0.2739026906923897,0.26903313860132044,-0.029771918914190128,2,stabilize,0.33566951706207376,0.3272314786380627,0.3370990042998636,1.0,0.0857700049760979,1.0,0.0,cartpole_sensor_noise
cartpole,dqn,23,378,0.11560344807212893,0.24475173256428184,0.1960166472111985,-0.012904031383189884,0,push_right,0.33807838271422475,0.32619766734413147,0.3357239499416438,1.0,0.11171688216750056,1.0,0.0,cartpole_sensor_noise
cartpole,dqn,23,379,0.17161305077783578,0.20398035605834058,0.28363945886361563,-0.014781237262120828,2,stabilize,0.33340653728172825,0.32872624094206804,0.33786722177620376,1.0,0.09816025934478924,1.0,0.0,cartpole_sensor_noise
cartpole,dqn,23,380,0.16699078904424364,0.1701971477715686,0.3432491843218102,0.05535753004778922,2,stabilize,0.3235048668629957,0.33203928218835677,0.34445585094864756,1.0,0.22216790921840102,1.0,0.0,cartpole_sensor_noise
cartpole,dqn,23,381,0.16426099988647747,0.23333569352195582,0.22668845799387322,-0.12290701846385362,0,push_left,0.3388811763835612,0.32587895170931586,0.3352398719071229,1.0,0.10246095233371344,1.0,0.0,cartpole_sensor_noise
cartpole,dqn,23,382,0.11491929637721457,0.26492900798850766,0.20970610768549863,-0.04058384246245831,0,push_left,0.3383728746774711,0.3258721199542238,0.33575500536830505,1.0,0.26147797087145425,1.0,0.0,cartpole_sensor_noise
cartpole,dqn,23,383,0.11303203637420658,0.23805975670447718,0.2563178767821264,0.21529220920680678,2,stabilize,0.3161676668529934,0.3303135981393677,0.3535187350076388,1.0,0.339612857826791,1.0,0.0,cartpole_sensor_noise
cartpole,dqn,23,384,0.30407467515621034,0.2521568102812161,0.25109688217668347,-0.06508899141882989,2,stabilize,0.33491688186919183,0.32821606330424336,0.3368670548265648,1.0,0.20299465090221094,1.0,0.0,cartpole_sensor_noise
cartpole,dqn,23,385,0.1815331925337239,0.19681836207509945,0.1351471756290599,-0.16349496193511648,0,push_left,0.33993824106984416,0.3248443587778374,0.33521740015231843,1.0,0.28431997882393906,1.0,0.0,cartpole_sensor_noise
cartpole,dqn,23,386,0.1088894591442797,0.13242388645706832,0.25692509357138993,0.0743794346888128,2,stabilize,0.32915291690494036,0.33017657904954745,0.34067050404551225,1.0,0.24957677605000125,1.0,0.0,cartpole_sensor_noise
cartpole,dqn,23,387,0.059164430691011405,0.2778192481108275,0.18234270639221378,-0.10759211534322433,0,push_left,0.3395843321208636,0.32430073888387095,0.33611492899526546,1.0,0.2344531065847429,1.0,0.0,cartpole_sensor_noise
cartpole,dqn,23,388,0.2705992712592349,0.2132610229001449,0.2169887963127642,-0.03762461294396288,2,stabilize,0.33587314539390917,0.328005053867028,0.3361218007390628,1.0,0.1532889322318365,1.0,0.0,cartpole_sensor_noise
cartpole,dqn,23,389,0.20087434353639386,0.32779752645933885,0.29106671227202685,-0.032167240097223194,2,stabilize,0.33179300931109523,0.3281126956743807,0.34009429501452404,1.0,0.18618908656721292,1.0,0.0,cartpole_sensor_noise
cartpole,dqn,23,390,0.2870833011687913,0.3969987297947786,0.14380567408550718,-0.004603284107124114,2,stabilize,0.33365037413268583,0.32692750075037524,0.33942212511693887,1.0,0.2309653254196091,1.0,0.0,cartpole_sensor_noise
cartpole,dqn,23,391,0.17667838304186886,0.19785920899436527,0.18190196057391786,0.0023147944373959825,0,push_left,0.33743302596617797,0.32714114283663404,0.33542583119718794,1.0,0.27876420038273886,1.0,0.0,cartpole_sensor_noise
cartpole,dqn,23,392,0.26779307683570236,0.4049588472265869,0.06599343806202448,0.11669375335500701,2,stabilize,0.32696529561733245,0.3289319004268623,0.34410280395580517,1.0,0.22816425299239035,1.0,0.0,cartpole_sensor_noise
cartpole,dqn,23,393,0.3191433418198323,0.3444021964923979,0.18124726232318814,-0.06350481676881334,0,push_left,0.33681686464713334,0.3264690433728781,0.3367140919799886,1.0,0.24796029917553647,1.0,0.0,cartpole_sensor_noise
cartpole,dqn,23,394,0.3466975184711484,0.21699983882953047,0.36097384961432144,0.046912891950916316,2,stabilize,0.31807555890797623,0.3325148124955359,0.3494096285964879,1.0,0.21555969119751583,1.0,0.0,cartpole_sensor_noise
cartpole,dqn,23,395,0.2500963640866472,0.19863652950061791,0.20683686313249677,-0.06727456668418345,0,push_left,0.3380349520513008,0.32721004413849286,0.33475500381020645,1.0,0.19003960445527068,1.0,0.0,cartpole_sensor_noise
cartpole,dqn,23,396,0.17032912294142824,0.17054956252865205,0.26388617488744426,0.09306487580018696,2,stabilize,0.3240573498439561,0.3314587984387942,0.34448385171724966,1.0,0.1725898798415321,1.0,0.0,cartpole_sensor_noise
cartpole,dqn,23,397,0.2832662672859713,0.2679219996924975,0.2611388615784504,0.006211385361578145,2,stabilize,0.32752377321284776,0.33003465573634755,0.3424415710508047,1.0,0.19756641605775696,1.0,0.0,cartpole_sensor_noise
cartpole,dqn,23,398,0.17257442244514493,0.4092034963331194,0.21494694379395118,-0.062240420151623274,0,push_left,0.33907493112731335,0.3247915864544103,0.33613348241827645,1.0,0.09321781970842746,1.0,0.0,cartpole_sensor_noise
cartpole,dqn,23,399,0.25325577916275,0.3641055187681476,0.20285480091587293,-0.06242232552507755,0,push_left,0.33754891057808695,0.3259204561887316,0.3365306332331815,1.0,0.21843873378162434,1.0,0.0,cartpole_sensor_noise
cartpole,dqn,23,400,0.21373439591647378,0.15106781214606624,0.21510755552456734,-0.03755575672028649,0,push_left,0.337487778321497,0.32779638545179557,0.33471583622670725,1.0,0.16389411538309562,1.0,0.0,cartpole_sensor_noise
cartpole,dqn,23,401,0.2908991005408789,0.23551499404375137,0.2502239337944684,0.07443711298212033,2,stabilize,0.321424390560439,0.3319439114503474,0.3466316979892136,1.0,0.054915738443980414,0.0,0.0,none
cartpole,dqn,23,402,0.3093435366948446,0.23065334558486938,0.2952173067732472,0.09948710032871791,2,stabilize,0.31774299078513174,0.3318252017269415,0.35043180748792674,1.0,0.10673560547018641,0.0,0.0,none
cartpole,dqn,23,403,0.31510986387729645,0.29538341363271076,0.3284588278335717,0.02161375113895961,2,stabilize,0.32109090838554055,0.33159192550579003,0.34731716610866936,1.0,0.10124988589522126,0.0,0.0,none
cartpole,dqn,23,404,0.3224944571654002,0.36007392406463623,0.33568059203163825,-0.05558722785540989,2,stabilize,0.3267508051621787,0.32990953587232125,0.3433396589655,1.0,0.1027010913464613,0.0,0.0,none
cartpole,dqn,23,405,0.33149629831314087,0.4247569640477498,0.31710730816697735,-0.13264317171914236,2,stabilize,0.3344489244738086,0.32717784452663207,0.33837323099955935,1.0,0.11973133507090221,0.0,0.0,none
cartpole,dqn,23,406,0.34211521347363794,0.3594253857930501,0.2727873783407462,-0.04325435842786517,2,stabilize,0.32838980821469904,0.32921010186652205,0.3424000899187789,1.0,0.103036897844758,0.0,0.0,none
cartpole,dqn,23,407,0.3511008620262146,0.42417840162913006,0.258334852346088,-0.12157441888536726,2,stabilize,0.33638739633742104,0.32683231393727685,0.3367802897253021,1.0,0.11760448671277228,0.0,0.0,none
cartpole,dqn,23,408,0.36170532306035363,0.3588966925938924,0.21771332671363486,-0.03321973127978189,2,stabilize,0.33003311664226964,0.3287890805399492,0.3411778028177811,1.0,0.10349470491885629,0.0,0.0,none
cartpole,dqn,23,409,0.37067773441473645,0.4237099488576253,0.20661365089666872,-0.1126343948500497,0,push_left,0.3381125638881022,0.3265493875528257,0.33533804855907207,1.0,0.1158816909334226,0.0,0.0,none
cartpole,dqn,23,410,0.38127047320206964,0.3584737380345662,0.1689792390654935,-0.025203004479408264,2,stabilize,0.3316525932885789,0.32854484479493007,0.339802561916491,1.0,0.10401286678919647,0.0,0.0,none
cartpole,dqn,23,411,0.3902323295672735,0.4233394463857015,0.16055819811855127,-0.10557643004826137,0,push_left,0.3396819863454604,0.32631028162122444,0.3340077320333152,1.0,0.11448193806382455,0.0,0.0,none
cartpole,dqn,23,412,0.4008158047993978,0.35814499855041504,0.12528206397354746,-0.018977454730442593,2,stabilize,0.333148980837395,0.3283395065022558,0.33851151266034923,1.0,0.10455360519661011,0.0,0.0,none
cartpole,dqn,23,413,0.4097694406906764,0.42305699984232586,0.1189411486674607,-0.10020253487995692,0,push_left,0.34114956162755383,0.3260939337596532,0.33275650461279305,1.0,0.11334171791811996,0.0,0.0,none
cartpole,dqn,23,414,0.4203458627065023,0.35790125528971356,0.08546058666450028,-0.01436393495116915,2,stabilize,0.33456559393609847,0.3281495837676406,0.33728482229626094,1.0,0.10509593433655154,0.0,0.0,none
cartpole,dqn,23,415,0.4292934139569601,0.42285482088724774,0.08066117692392026,-0.0963584269796099,0,push_left,0.3418428858986905,0.32603947724479065,0.3321176368565189,1.0,0.1124118116798911,0.0,0.0,none
cartpole,dqn,23,416,0.4398647447427114,0.35773539543151855,0.048465044337695995,-0.011225989886692591,2,stabilize,0.3359650712695184,0.32796218538770494,0.33607274334277665,1.0,0.10563064336194754,0.0,0.0,none
cartpole,dqn,23,417,0.4488081236680349,0.4227270285288493,0.04471411710707271,-0.09392947810036796,0,push_left,0.34236977949906117,0.3260167673541027,0.3316134531468361,1.0,0.11165472650033935,0.0,0.0,none
cartpole,dqn,23,418,0.45937632520993554,0.35764233271280926,0.013329564351455124,-0.009465975420815604,0,push_left,0.337389112852795,0.3277630631695695,0.3348478239776355,1.0,0.10656916942552266,0.0,0.0,none
cartpole,dqn,23,419,0.4683173696200053,0.29258837302525836,0.010166709535801895,0.07440907614571708,2,stabilize,0.32925364675495344,0.3302574642372479,0.34048888900779867,1.0,0.10891013722096161,0.0,0.0,none
cartpole,dqn,23,420,0.47563210129737854,0.35761884848276776,0.03502893134916028,-0.009022451937198639,2,stabilize,0.33557159615022397,0.328539191679266,0.33588921217051004,1.0,0.10689901652886598,0.0,0.0,none
cartpole,dqn,23,421,0.4845725496610006,0.2925433913866679,0.03201426907057978,0.07526019641331264,2,stabilize,0.3274074423925718,0.33103438169916,0.3415581759082682,1.0,0.1086452699217869,0.0,0.0,none
cartpole,dqn,23,422,0.4918861389160156,0.3575519323348999,0.05716087212141488,-0.007756934634276799,2,stabilize,0.33365445518988,0.329347371195257,0.336998173614863,1.0,0.105459888139066,0.0,0.0,none
cartpole,dqn,23,423,0.5008249481519064,0.42253466447194415,0.05456905696443271,-0.09029427596500941,0,push_left,0.3415569914784919,0.3271166774360092,0.33132633108549897,1.0,0.11146424095670589,0.0,0.0,none
cartpole,dqn,23,424,0.5113883316516876,0.35744035243988037,0.024399133332447108,-0.005646782261984689,2,stabilize,0.33489215997679794,0.32920748588001825,0.3359003541431838,1.0,0.10595452517905082,0.0,0.0,none
cartpole,dqn,23,425,0.5203243096669515,0.42245642344156903,0.02251238048716775,-0.08880843435014997,0,push_left,0.3428305203256748,0.32695401307325966,0.33021546660106554,1.0,0.11085684722808835,0.0,0.0,none
cartpole,dqn,23,426,0.5308857560157776,0.3573935031890869,-0.007161082086422278,-0.004760837980679103,0,push_left,0.3361828257290288,0.3290497345374992,0.33476743973347206,1.0,0.10621684797478348,0.0,0.0,none
cartpole,dqn,23,427,0.5398205916086833,0.29236002763112384,-0.008751815496132596,0.07872750929423741,2,stabilize,0.32800601660020967,0.33155862995182817,0.34043535344796216,1.0,0.10953245234306633,0.0,0.0,none
cartpole,dqn,23,428,0.5471295615037283,0.35740939776102704,0.017553317829575345,-0.0050612517765590125,2,stabilize,0.3342607519558378,0.3298577481050956,0.33588149993906663,1.0,0.10660034016831155,0.0,0.0,none
cartpole,dqn,23,429,0.5560647944609325,0.2923512061436971,0.015862207184045584,0.07889329535620553,2,stabilize,0.32606617611964417,0.3323653702118368,0.341568453668519,1.0,0.10917582601428849,0.0,0.0,none
cartpole,dqn,23,430,0.5633735656738281,0.3573760191599528,0.04222273808817306,-0.004430404465113368,2,stabilize,0.3322526330047178,0.3306948065006619,0.33705256049462023,1.0,0.10567085533651953,0.0,0.0,none
cartpole,dqn,23,431,0.5723080039024353,0.42237401008605957,0.040742410858092847,-0.08725295748029437,0,push_left,0.340099842129565,0.32848123281066843,0.3314189250597665,1.0,0.11098877959787867,0.0,0.0,none
cartpole,dqn,23,432,0.582867314418157,0.357293168703715,0.011588676848175418,-0.002863656995551927,2,stabilize,0.33341583263339986,0.33057895808867793,0.33600520927792227,1.0,0.10649892853945038,0.0,0.0,none
cartpole,dqn,23,433,0.591799666484197,0.2922409375508626,0.010631846259559255,0.0809786149433681,2,stabilize,0.32520172036307166,0.33308895820182594,0.34170932143510246,1.0,0.10942455237932726,0.0,0.0,none
cartpole,dqn,23,434,0.5991057058175405,0.3572709560394287,0.037689139813113615,-0.002444127840655191,2,stabilize,0.331346886891117,0.33143284922823596,0.337220263880647,1.0,0.10573396890002537,0.0,0.0,none
cartpole,dqn,23,435,0.6080374618371328,0.42227355639139813,0.036872485496975076,-0.08535305942807879,0,push_left,0.33914923203810554,0.329236763249304,0.3316140047125904,1.0,0.11076614558748243,0.0,0.0,none
cartpole,dqn,23,436,0.6185942888259888,0.35719648996988934,0.00835356395913906,-0.0010361634194850922,2,stabilize,0.3324429840975035,0.33133897764128784,0.33621803826120866,1.0,0.1061866203251758,0.0,0.0,none
cartpole,dqn,23,437,0.6275242070357006,0.42222877343495685,0.008007352015888208,-0.08450194767543248,0,push_left,0.3402855960933131,0.3291173196387774,0.33059708426790946,1.0,0.11026395169364117,0.0,0.0,none
cartpole,dqn,23,438,0.6380799412727356,0.3571801582972209,-0.0202271882844711,-0.0007272264254944665,2,stabilize,0.33360413182856385,0.3312202046822321,0.3351756634892041,1.0,0.10600221829203742,0.0,0.0,none
cartpole,dqn,23,439,0.6470094124476116,0.2921598553657532,-0.02047017679009631,0.08251360484531947,2,stabilize,0.32538662700238796,0.3337541759468624,0.3408591970507497,1.0,0.11001793311734195,0.0,0.0,none
cartpole,dqn,23,440,0.6543134152889252,0.3572208086649577,0.007100001550979717,-0.0014956492398466384,2,stabilize,0.3315754640683757,0.3320640596682714,0.33636047626335286,1.0,0.10620667550568391,0.0,0.0,none
cartpole,dqn,23,441,0.6632439295450847,0.4222543239593506,0.006600261970394267,-0.08498514550072807,0,push_left,0.33941899154267297,0.32984321931150273,0.33073778914582425,1.0,0.11028447964615949,0.0,0.0,none
cartpole,dqn,23,442,0.6738003094991049,0.3572071393330892,-0.021795731100091503,-0.0012369476524846895,2,stabilize,0.33275771272801064,0.3319412417970996,0.3353010454748898,1.0,0.10597847276259999,0.0,0.0,none
cartpole,dqn,23,443,0.6827304760615032,0.2921884059906006,-0.022209029386891385,0.08197412320545741,2,stabilize,0.3244910151423249,0.3345412421157256,0.3409677427419496,1.0,0.10999890905164857,0.0,0.0,none
cartpole,dqn,23,444,0.6900352239608765,0.35725104808807373,0.005180891358731471,-0.0020678038043635233,2,stabilize,0.33073854646228196,0.3327963932045341,0.33646506033318396,1.0,0.1063977890138315,0.0,0.0,none
cartpole,dqn,23,445,0.6989664832750957,0.29220523436864215,0.004489978093004881,0.08165368012019567,2,stabilize,0.3229594271947143,0.3349240052388737,0.34211656756641196,1.0,0.10957265634504368,0.0,0.0,none
cartpole,dqn,23,446,0.7062716285387676,0.3572413921356201,0.03177282980560972,-0.001885209365614823,2,stabilize,0.3286505940185947,0.3336733093152096,0.33767609666619575,1.0,0.10582464815282262,0.0,0.0,none
cartpole,dqn,23,447,0.7152026395003002,0.42225003242492676,0.031142926781587216,-0.0849067313330514,0,push_left,0.33646432341146226,0.331442580775025,0.3320930958135127,1.0,0.11064277669794073,0.0,0.0,none
cartpole,dqn,23,448,0.7257588704427084,0.35717856884002686,0.0027731349380566853,-0.0006971739099494048,2,stabilize,0.3296917092852057,0.33363400548705624,0.3366742852277381,1.0,0.1063584347429603,0.0,0.0,none
cartpole,dqn,23,449,0.7346883416175842,0.29213515917460126,0.002540188990444443,0.08297887870243617,2,stabilize,0.3226744933558671,0.3352290117476019,0.342096494896531,1.0,0.10971285624317334,0.0,0.0,none
cartpole,dqn,23,450,0.7419917484124502,0.35717328389485675,0.030265827629901914,-0.000596849646951471,2,stabilize,0.3275592970871402,0.33452223149112775,0.33791847142173204,1.0,0.10584623099999946,0.0,0.0,none
cartpole,dqn,23,451,0.7509210705757141,0.42218343416849774,0.03006640234895424,-0.0836470297404698,0,push_left,0.33534627474880707,0.3322977049190658,0.33235602033212713,1.0,0.11051946807423865,0.0,0.0,none
cartpole,dqn,23,452,0.7614756623903911,0.3571130037307739,0.0021175141301815153,0.0005423528740980796,2,stabilize,0.3285545923869253,0.3345035013491646,0.3369419062639101,1.0,0.10628258555833392,0.0,0.0,none
cartpole,dqn,23,453,0.7704034944375356,0.4221515655517578,0.0022987298598526346,-0.08304134437016078,0,push_left,0.33637822232070025,0.3322513723963416,0.33137040528295814,1.0,0.11005462458254199,0.0,0.0,none
cartpole,dqn,23,454,0.7809572915236156,0.35710859298706055,-0.025447780324195052,0.0006257378762321812,2,stabilize,0.32966748469085627,0.3345576648074947,0.33577485050164907,1.0,0.10592095182949797,0.0,0.0,none
cartpole,dqn,23,455,0.7898849745591482,0.29209357500076294,-0.025238703963011148,0.08376747369766235,2,stabilize,0.32296533348711015,0.33609481862255186,0.34093984789033793,1.0,0.11019466230934563,0.0,0.0,none
cartpole,dqn,23,456,0.7971873382727306,0.35715921719868976,0.0027504292270057527,-0.00033133553474077156,2,stabilize,0.3276237885590409,0.3354724964382979,0.3369037150026612,1.0,0.10627278464378152,0.0,0.0,none
cartpole,dqn,23,457,0.8061163127422333,0.4221971432367961,0.002639720478675246,-0.08390306574957711,0,push_left,0.3353737507442479,0.33307372768039833,0.33155252157535375,1.0,0.11013274729069232,0.0,0.0,none
cartpole,dqn,23,458,0.8166712522506714,0.35715385278066,-0.025394717164711055,-0.0002295576934037464,2,stabilize,0.3287681430813775,0.33551862770152824,0.3357132292170943,1.0,0.10592170935144005,0.0,0.0,none
cartpole,dqn,23,459,0.8256000777085623,0.2921387553215027,-0.02547141902486578,0.08291318586894444,2,stabilize,0.32273022114841815,0.33641433495429796,0.34085544389728384,1.0,0.11012605876282562,0.0,0.0,none
cartpole,dqn,23,460,0.8329035341739655,0.3572046359380086,0.002232270186371337,-0.0011899955570697784,2,stabilize,0.32685159862896174,0.3363328221344907,0.33681557923654754,1.0,0.1063506119142479,0.0,0.0,none
cartpole,dqn,23,461,0.8418336510658264,0.292161762714386,0.0018346582390456894,0.08247584104537964,2,stabilize,0.3218744598331754,0.3361474691404037,0.34197807102642097,1.0,0.10968110721257132,0.0,0.0,none
cartpole,dqn,23,462,0.8491377035776775,0.3572005828221639,0.029392220382189693,-0.0011132057490093367,2,stabilize,0.32597348468108817,0.3360696271179392,0.3379568882009727,1.0,0.10586033080123437,0.0,0.0,none
cartpole,dqn,23,463,0.8580677707990011,0.42221160729726154,0.02902026481588587,-0.08417999744415283,1,push_right,0.3323191475318576,0.33488978691079346,0.33279106555734894,1.0,0.10968294328815192,0.0,0.0,none
cartpole,dqn,23,464,0.8686230580012004,0.48722318808237713,0.0008932982464732162,-0.16725407327924455,0,push_left,0.3469699418460427,0.31817411009689467,0.3348559480570626,1.0,0.12040584872003943,0.0,0.0,none
cartpole,dqn,23,465,0.8808035651842754,0.4221816857655843,-0.05499111724070547,-0.08361354044505528,0,push_left,0.33830981987492753,0.32989348899598536,0.3317966911290871,1.0,0.10924436180532648,0.0,0.0,none
cartpole,dqn,23,466,0.8913581569989523,0.3571964104970296,-0.08292882069767518,-0.001034306362271309,1,push_right,0.3302512648655945,0.3365388638269124,0.3332098713074932,1.0,0.10758995019836211,0.0,0.0,none
cartpole,dqn,23,467,0.9002880255381267,0.42231865723927814,-0.08327441027739167,-0.0862095866884504,0,push_left,0.34052739689913925,0.3276294412415314,0.3318431618593294,1.0,0.10904418055100189,0.0,0.0,none
cartpole,dqn,23,468,0.9108459949493408,0.3573623100916545,-0.1120795195739992,-0.00417239245559488,1,push_right,0.33177335583927064,0.3364456945450752,0.33178094961565413,1.0,0.10804234280114619,0.0,0.0,none
cartpole,dqn,23,469,0.9197800358136495,0.4225125312805176,-0.11347364056366441,-0.08988607781273979,0,push_left,0.3430685742050457,0.3250363840159554,0.3318950417789988,1.0,0.1089208480013817,0.0,0.0,none
cartpole,dqn,23,470,0.9303428729375204,0.35758741696675617,-0.14350717100437047,-0.008431218032326018,1,push_right,0.3335419841843192,0.33626828580217916,0.3301897300135017,1.0,0.10854607205508995,0.0,0.0,none
cartpole,dqn,23,471,0.9392825762430828,0.42276740074157715,-0.14632428176078707,-0.09472122362681798,0,push_left,0.3460090403589825,0.3220487134024188,0.33194224623859864,1.0,0.10888354880126205,0.0,0.0,none
cartpole,dqn,23,472,0.9498517711957296,0.3578765392303467,-0.17797338791849507,-0.013903963778700148,0,push_left,0.3358402598002059,0.33528726788289076,0.3288724723169033,1.0,0.1036315669474843,0.0,0.0,none
cartpole,dqn,23,473,0.958798627058665,0.2930205464363098,-0.1826191005388137,0.06629312464169093,1,push_right,0.3280376037803138,0.33881233252445936,0.3331500636952268,1.0,0.11120458740244893,0.0,0.0,none
cartpole,dqn,23,474,0.9661241372426351,0.35823627312978107,-0.16046864889686605,-0.020707241126469204,1,push_right,0.3350085986593949,0.3357096512623659,0.3292817500782392,1.0,0.10898620969059641,0.0,0.0,none
cartpole,dqn,23,475,0.975080132484436,0.42343207200368244,-0.16738753543548768,-0.10730643783296857,0,push_left,0.34872604348647146,0.3188927615473717,0.33238119496615687,1.0,0.10986705989949624,0.0,0.0,none
cartpole,dqn,23,476,0.9856659173965454,0.3585631450017293,-0.20324172083119504,-0.026899897626468112,0,push_left,0.3389578224130163,0.33167727242607664,0.32936490516090705,1.0,0.10351841141444011,0.0,0.0,none
cartpole,dqn,23,477,0.9946299592653911,0.29373425245285034,-0.21222975273974473,0.05280039991651263,1,push_right,0.3301236404210383,0.3388094013015801,0.33106695827738164,0.0,1.0374455422310074,0.0,0.0,none
cartpole,dqn,23,478,0.014394357179601988,0.008004674687981606,-0.03422127463154691,0.006941838988236019,0,push_left,0.33902308342150717,0.3251460202513411,0.33583089632715174,1.0,0.10543272943407202,0.0,0.0,none
cartpole,dqn,23,479,0.014594473565618198,-0.057001461585362755,-0.03190180575719597,0.08991679123469762,0,push_left,0.33774579541769834,0.32666087599152444,0.33559332859077723,1.0,0.10964945293704524,0.0,0.0,none
cartpole,dqn,23,480,0.01316943671554327,-0.12201016147931416,-0.0018580104857861001,0.17293613297598703,0,push_left,0.33622715142712184,0.3284986022371964,0.3352742463356818,1.0,0.12068672777181276,0.0,0.0,none
cartpole,dqn,23,481,0.010119182989001274,-0.18704899152119955,0.05592494705127361,0.25652478422437397,2,stabilize,0.33049039913312644,0.3314372936471138,0.3380723072197597,1.0,0.13567886733554516,0.0,0.0,none
cartpole,dqn,23,482,0.005442958402757844,-0.12206193804740906,0.1416372886563258,0.17395986829485213,2,stabilize,0.33321563552163874,0.33050147545362973,0.3362828890247315,1.0,0.11893832575050158,0.0,0.0,none
cartpole,dqn,23,483,0.0023914099438115954,-0.05716365575790405,0.19976229969243162,0.09304812976292201,0,push_left,0.33568789577798724,0.3293558831774183,0.3349562210445945,1.0,0.11334254710080088,0.0,0.0,none
cartpole,dqn,23,484,0.0009623185421029727,-0.12239434321721394,0.2308523633599566,0.18035709857940674,2,stabilize,0.32760436350099187,0.3325172106869279,0.3398784258120803,1.0,0.11877412355673303,0.0,0.0,none
cartpole,dqn,23,485,-0.0020975400305663547,-0.05758934716383616,0.2911148819547849,0.10119479043143136,2,stabilize,0.33137327436101527,0.33116855525056216,0.33745817038842263,1.0,0.10683169451296158,0.0,0.0,none
cartpole,dqn,23,486,-0.003537273732945323,0.007145358870426814,0.3249270036852161,0.023239056978906904,0,push_left,0.3356944208393797,0.32945527317020257,0.3348503059904177,1.0,0.1111118777458306,0.0,0.0,none
cartpole,dqn,23,487,-0.0033586398543169103,-0.05819743871688843,0.33269182452154045,0.11277030195508685,2,stabilize,0.3278613253939194,0.33235937196874166,0.33977930263733896,1.0,0.1074896647004737,0.0,0.0,none
cartpole,dqn,23,488,-0.004813575651496649,0.0064916666597127914,0.37037163332709266,0.03565050661563873,2,stabilize,0.33266482179173257,0.33061031096828475,0.33672486723998263,1.0,0.10074812259671845,0.0,0.0,none
cartpole,dqn,23,489,-0.004651284155746302,0.07113484541575114,0.3822834935563846,-0.040700818811144145,0,push_left,0.33622430257408964,0.32884687770900367,0.3349288197169066,1.0,0.11251107926400353,0.0,0.0,none
cartpole,dqn,23,490,-0.002872912834088008,0.005744119485219319,0.36868417462187336,0.049823718411581855,2,stabilize,0.3312458936301122,0.3310058960819385,0.3377482102879493,1.0,0.10144477479876575,0.0,0.0,none
cartpole,dqn,23,491,-0.0027293098780016107,0.07038959364096324,0.38533172345673555,-0.026562428900173733,0,push_left,0.3360257733679075,0.329054136974067,0.3349200896580255,1.0,0.11208226019831026,0.0,0.0,none
cartpole,dqn,23,492,-0.0009695700524995725,0.004996045492589474,0.37645646382061,0.06401488610676356,2,stabilize,0.32928992403603563,0.33159923497130234,0.339110840992662,1.0,0.10220693827222861,0.0,0.0,none
cartpole,dqn,23,493,-0.0008446689268263678,0.06963316102822621,0.3978456759509722,-0.012213635657514845,2,stabilize,0.33489346230436723,0.32954298689431444,0.3355635508013184,1.0,0.09969179106793384,0.0,0.0,none
cartpole,dqn,23,494,0.0008961601027597984,0.1342444916566213,0.3937647493471678,-0.0880037716456822,0,push_left,0.3369513683845643,0.3279252209024577,0.3351234107129781,1.0,0.11568390534846437,0.0,0.0,none
cartpole,dqn,23,495,0.004252272192388773,0.06884630024433136,0.36436013503973697,0.0027152874640056063,2,stabilize,0.3351154587775869,0.3293264764621299,0.3355580647602832,1.0,0.10015739356934233,0.0,0.0,none
cartpole,dqn,23,496,0.005973429651930928,0.13349594672520956,0.365267398818296,-0.07375785282679967,0,push_left,0.33702219236096986,0.3277865144853566,0.3351912931536734,1.0,0.11416596477296632,0.0,0.0,none
cartpole,dqn,23,497,0.009310828366627296,0.06812051435311635,0.3406227630760903,0.016471987324101583,2,stabilize,0.33489268386156895,0.32928587146967236,0.33582144466875863,1.0,0.10068924535413797,0.0,0.0,none
cartpole,dqn,23,498,0.011013840946058433,0.13279720147450766,0.3461265549739392,-0.060482923473630636,0,push_left,0.33702186680663015,0.3277436868354949,0.33523444635787497,1.0,0.11301861475128538,0.0,0.0,none
cartpole,dqn,23,499,0.014333771541714668,0.06743727624416351,0.32591745079559475,0.029416229043688093,2,stabilize,0.33423570642816997,0.3294130568925095,0.3363512366793205,1.0,0.10125527862112216,0.0,0.0,none
cartpole,dqn,23,500,0.01601970288902521,0.13213073213895163,0.33574627805723495,-0.04783621430397034,0,push_left,0.33695810685818045,0.3277967029649499,0.33524519017686977,1.0,0.11219066751543989,0.0,0.0,none
cartpole,dqn,23,501,0.01932297212382158,0.06677919626235962,0.3197628088953387,0.04188301307814462,2,stabilize,0.3331330245460199,0.32971192297369967,0.3371550524802804,1.0,0.10184295865398676,0.0,0.0,none
cartpole,dqn,23,502,0.02099245165785154,0.1314798096815745,0.3337571330741937,-0.03549392521381378,0,push_left,0.33681811215374075,0.3279481235708161,0.33523376427544305,1.0,0.11164893900017453,0.0,0.0,none
cartpole,dqn,23,503,0.024279446030656498,0.06612967451413472,0.3218975869454177,0.054191035883767266,2,stabilize,0.3315748700490169,0.3301763652631846,0.3382487646877985,1.0,0.10245526783379132,0.0,0.0,none
cartpole,dqn,23,504,0.025932687955598038,0.13082821170488992,0.3400043826683609,-0.023143251027379717,0,push_left,0.33660616720229275,0.32819716197432613,0.3351966708233811,1.0,0.11137686580864135,0.0,0.0,none
cartpole,dqn,23,505,0.029203395048777264,0.06547256807486217,0.3322715335358868,0.06665068864822388,2,stabilize,0.32953488718052787,0.3308170783733985,0.33964803444607367,1.0,0.10310864452734862,0.0,0.0,none
cartpole,dqn,23,506,0.030840206891298294,0.13015984495480856,0.3545414789764295,-0.010474658438137599,2,stabilize,0.33512877040470923,0.32877971102322634,0.3360915185720643,1.0,0.10041197119371965,0.0,0.0,none
cartpole,dqn,23,507,0.03409420450528463,0.19482070207595825,0.3510415909682936,-0.08714733804975237,0,push_left,0.33752267789275775,0.32710824777765746,0.33536907432958474,1.0,0.115068873543048,0.0,0.0,none
cartpole,dqn,23,508,0.03896472044289112,0.12945779164632162,0.32192312163214126,0.002835595980286598,2,stabilize,0.33535424073104114,0.3285794868580742,0.33606627241088466,1.0,0.10088371816771005,0.0,0.0,none
cartpole,dqn,23,509,0.04220116573075454,0.1941555142402649,0.3228706078768346,-0.07449717181069511,0,push_left,0.33760377185939666,0.3269747281478484,0.335421499992755,1.0,0.11367294135098889,0.0,0.0,none
cartpole,dqn,23,510,0.04705505445599556,0.12881581981976828,0.2979789293751227,0.014996437089783805,2,stabilize,0.33519769633179347,0.32853136087567236,0.3362709427925342,1.0,0.1013898602418881,0.0,0.0,none
cartpole,dqn,23,511,0.05027544995148977,0.1935404340426127,0.3029896848810601,-0.06281840375491551,0,push_left,0.33762393999486223,0.3269294037730915,0.33544665623204634,1.0,0.11259702509699915,0.0,0.0,none
cartpole,dqn,23,512,0.055113962541023895,0.12821738918622336,0.28200024352153336,0.0263276674917766,2,stabilize,0.33466698840329273,0.3286274072366903,0.336705604360017,1.0,0.10190386326092378,0.0,0.0,none
cartpole,dqn,23,513,0.05831939478715261,0.19295992453893027,0.29079706757051565,-0.05180774416242327,0,push_left,0.3375831458484075,0.3269672240935623,0.33544963005803013,1.0,0.11179268386467449,0.0,0.0,none
cartpole,dqn,23,514,0.06314339116215706,0.12764711181322733,0.2734866126624952,0.03712435279573713,2,stabilize,0.3337629827506549,0.32886936359529073,0.33736765365405436,1.0,0.10241439889895725,0.0,0.0,none
cartpole,dqn,23,515,0.06633457417289416,0.19239924351374307,0.2858909224837947,-0.04118158561842782,0,push_left,0.3374822152056103,0.32708400596171366,0.335433778832676,1.0,0.11122638511368933,0.0,0.0,none
cartpole,dqn,23,516,0.07114455103874207,0.1270904839038849,0.2721309626301604,0.047664361340659,2,stabilize,0.332472654243026,0.32925170084088073,0.3382756449160933,1.0,0.10292179782452957,0.0,0.0,none
cartpole,dqn,23,517,0.07432181388139725,0.19184430440266928,0.28805701431055913,-0.030668933476720537,0,push_left,0.33731866926855975,0.3272898615204052,0.33539146921103513,1.0,0.11087806607973252,0.0,0.0,none
cartpole,dqn,23,518,0.07911792024970055,0.12653347849845886,0.2778096386811614,0.05821543080466134,2,stabilize,0.33077964581377645,0.32978430522543994,0.3394360489607836,1.0,0.10343609352686824,0.0,0.0,none
cartpole,dqn,23,519,0.08228125671545665,0.19128127892812094,0.2972610952746043,-0.020004655633653914,0,push_left,0.3366072788335844,0.32767283652639184,0.33571988464002384,1.0,0.11074026172131989,0.0,0.0,none
cartpole,dqn,23,520,0.08706329390406609,0.12596229712168375,0.29057694647932397,0.069041907787323,2,stabilize,0.3286591706088254,0.3304695170664333,0.3408713123247413,1.0,0.10397639937282699,0.0,0.0,none
cartpole,dqn,23,521,0.09021235009034476,0.1906962792078654,0.313645864443449,-0.008922902601105826,2,stabilize,0.3342357444282835,0.32845444100637206,0.33730981456534437,1.0,0.10111782898873904,0.0,0.0,none
cartpole,dqn,23,522,0.0949797530968984,0.2554033199946086,0.3106644586048718,-0.08642256259918213,0,push_left,0.33800345501317014,0.32652620927521653,0.3354703357116134,1.0,0.11451324129953735,0.0,0.0,none
cartpole,dqn,23,523,0.10136483858029048,0.19007456302642822,0.2817881775926576,0.00285692566207477,2,stabilize,0.3344651744557089,0.3282689086404477,0.3372659169038434,1.0,0.10159168802154855,0.0,0.0,none
cartpole,dqn,23,524,0.10611670712629954,0.2548171679178874,0.2827427587816425,-0.0752825311252049,0,push_left,0.3380940594809024,0.32640199731132563,0.33550394320777194,1.0,0.11323244146467616,0.0,0.0,none
cartpole,dqn,23,525,0.11248712738355002,0.1895120938618978,0.257588691813849,0.013506678598267692,2,stabilize,0.3343648915576955,0.3282155540249469,0.3374195544173576,1.0,0.1020757219247119,0.0,0.0,none
cartpole,dqn,23,526,0.11722493916749954,0.25428152084350586,0.2621016631831986,-0.0651162224156516,0,push_left,0.3381296321822218,0.3263541632892347,0.3355162045285434,1.0,0.11222791646961253,0.0,0.0,none
cartpole,dqn,23,527,0.12358197321494421,0.18899420897165933,0.24034445638588334,0.02330823242664337,2,stabilize,0.33395369126805063,0.32828494734043234,0.337761361391517,1.0,0.10254833400960058,0.0,0.0,none
cartpole,dqn,23,528,0.12830683340628943,0.2537826697031657,0.24813241136387026,-0.05565783381462097,0,push_left,0.3381161143482811,0.3263759750714509,0.3355079105802681,1.0,0.11145423964780116,0.0,0.0,none
cartpole,dqn,23,529,0.13465138773123425,0.1885074774424235,0.22953551324853466,0.0325186869927815,2,stabilize,0.3332320968965957,0.32847404566835486,0.33829385743504947,1.0,0.1029996609867151,0.0,0.0,none
cartpole,dqn,23,530,0.1393640786409378,0.25330785910288495,0.240400949212987,-0.04666195171219962,0,push_left,0.33805093213951454,0.32646744605005,0.3354816218104355,1.0,0.11087841125461842,0.0,0.0,none
cartpole,dqn,23,531,0.14569677412509918,0.18803938229878744,0.22480983580495975,0.04137702924864633,2,stabilize,0.33220105982644904,0.3287794953363345,0.3390194448372165,1.0,0.10342843105189425,0.0,0.0,none
cartpole,dqn,23,532,0.1503977676232656,0.25284502903620404,0.23863510826607023,-0.03789737394877842,0,push_left,0.3379349262385116,0.3266269264991415,0.33543814726234694,1.0,0.11047819568037685,0.0,0.0,none
cartpole,dqn,23,533,0.1567188898722331,0.18757800261179605,0.2259724997962005,0.05011028902871268,2,stabilize,0.3308425272859692,0.32920590542162276,0.33995156729240805,1.0,0.10384009827466441,0.0,0.0,none
cartpole,dqn,23,534,0.16140833497047424,0.2523825168609619,0.24271578592446086,-0.02914128771850041,0,push_left,0.3368789335082994,0.3270328197667516,0.33608824672494897,1.0,0.1102410532735516,0.0,0.0,none
cartpole,dqn,23,535,0.16771789640188217,0.18711171547571817,0.2329788373023058,0.05893932070050921,2,stabilize,0.32914499604474345,0.32975577806626066,0.3410992258889958,1.0,0.10424603110002488,0.0,0.0,none
cartpole,dqn,23,536,0.1723956937591235,0.251908799012502,0.2526721799288274,-0.020173658217702593,2,stabilize,0.33498084588936045,0.32765820193516915,0.33736095217547035,1.0,0.10236143225275407,0.0,0.0,none
cartpole,dqn,23,537,0.17869340876738232,0.31668368975321454,0.24593157387007394,-0.09889455352510725,0,push_left,0.33879851181444215,0.32568265409273595,0.3355188340928218,1.0,0.11481658766952793,0.0,0.0,none
cartpole,dqn,23,538,0.18661050746838254,0.25141183535257977,0.21288805332274882,-0.010758981108665466,2,stabilize,0.3357999292859477,0.32727870078694127,0.3369213699271111,1.0,0.10283798746115407,0.0,0.0,none
cartpole,dqn,23,539,0.19289580484231314,0.3162301580111186,0.2092931570756407,-0.09026878220694405,0,push_left,0.33898769627656755,0.32545207518730906,0.3355602285361234,1.0,0.1134955587031842,0.0,0.0,none
cartpole,dqn,23,540,0.20080155382553738,0.25099074840545654,0.17913174871044113,-0.0027882137468882968,2,stabilize,0.3364180314154846,0.3269867905992972,0.3365951779852181,1.0,0.10331651266183563,0.0,0.0,none
cartpole,dqn,23,541,0.20707632104555768,0.3158454895019531,0.1782001238449661,-0.08296254702976771,0,push_left,0.3391404636740194,0.32527100370380896,0.33558853262217164,1.0,0.11242035705516722,0.0,0.0,none
cartpole,dqn,23,542,0.2149724711974462,0.25063421328862506,0.15047994533415912,0.003957350871392659,0,push_left,0.33686871162616683,0.32676850699651794,0.33636278137731523,1.0,0.10843542286017499,0.0,0.0,none
cartpole,dqn,23,543,0.22123831013838452,0.18544769287109375,0.1518022188992375,0.0903746485710144,2,stabilize,0.32867409559716415,0.32967363094352226,0.3416522734593136,1.0,0.10797018409553373,0.0,0.0,none
cartpole,dqn,23,544,0.22587450842062634,0.25033265352249146,0.18199899529500338,0.009664284331457955,2,stabilize,0.33406268403802564,0.3277588268654903,0.3381784890964842,1.0,0.10331620406947294,0.0,0.0,none
cartpole,dqn,23,545,0.23213282227516174,0.3151843150456746,0.1852281196020668,-0.07045379281044006,0,push_left,0.3388689428170617,0.32568326291492,0.33544779426801824,1.0,0.11156566332230201,0.0,0.0,none
cartpole,dqn,23,546,0.24001243213812512,0.24996630350748697,0.16168746786072033,0.016593652112143382,2,stabilize,0.3340111536406006,0.3277257708382837,0.33826307552111584,1.0,0.10373613328149488,0.0,0.0,none
cartpole,dqn,23,547,0.2462615817785263,0.3148397405942281,0.16723189120645454,-0.06392237118312291,0,push_left,0.33891496810810096,0.325647983714457,0.3354370481774421,1.0,0.11086024679236865,0.0,0.0,none
cartpole,dqn,23,548,0.2541325738032659,0.24963816006978354,0.14587357498011896,0.022799125739506314,2,stabilize,0.333777039866717,0.3277660222349176,0.3384569378983655,1.0,0.10411707295032296,0.0,0.0,none
cartpole,dqn,23,549,0.2603735278050105,0.3145284454027812,0.153491420222353,-0.058025590011051724,0,push_left,0.3389322389667526,0.32565712471193636,0.3354106363213111,1.0,0.11029355652174,0.0,0.0,none
cartpole,dqn,23,550,0.26823674639066064,0.2493395209312439,0.1341034002548755,0.028446065528052195,2,stabilize,0.3333647242144941,0.32787353389119067,0.3387617418943153,1.0,0.10445710655431922,0.0,0.0,none
cartpole,dqn,23,551,0.2744702498118083,0.31424228350321454,0.14360804724238085,-0.05260776621954782,0,push_left,0.33891899060266273,0.3257065129156118,0.33537449648172546,1.0,0.10984218611735541,0.0,0.0,none
cartpole,dqn,23,552,0.2823262910048167,0.24906253814697266,0.12603027830544974,0.03368366616112845,2,stabilize,0.3327839135737436,0.3280497810073007,0.33916630541895576,1.0,0.10475728316695723,0.0,0.0,none
cartpole,dqn,23,553,0.2885528653860092,0.3139738440513611,0.13728495820609937,-0.047527002436774116,0,push_left,0.33888205526598747,0.32579278919409094,0.33532515553992154,1.0,0.10948841228804777,0.0,0.0,none
cartpole,dqn,23,554,0.2964022010564804,0.24879997968673706,0.12140481917272036,0.03864891614232745,2,stabilize,0.3320324320813101,0.3282893456416732,0.3396782222770167,1.0,0.10502058966697139,0.0,0.0,none
cartpole,dqn,23,555,0.302622194091479,0.31371617317199707,0.13431853354688478,-0.042651512793132236,0,push_left,0.33845731376910876,0.32599074409658724,0.33555194213430395,1.0,0.10921916811971001,0.0,0.0,none
cartpole,dqn,23,556,0.31046509742736816,0.24854505062103271,0.1200674310646649,0.043470182589122226,2,stabilize,0.3311091604578719,0.32859261012436775,0.3402982294177602,1.0,0.10525140916028647,0.0,0.0,none
cartpole,dqn,23,557,0.3166787326335907,0.31346269448598224,0.1345920801020465,-0.037856221199035645,0,push_left,0.33743408885016485,0.32633450143167325,0.33623140971816184,1.0,0.10902541255736438,0.0,0.0,none
cartpole,dqn,23,558,0.32451530297597253,0.2482912540435791,0.12194321697537826,0.0482705363205501,2,stabilize,0.33000386371045654,0.32896567784508995,0.34103045844445357,1.0,0.10545516739869944,0.0,0.0,none
cartpole,dqn,23,559,0.330722580353419,0.3132069706916809,0.13807179464076186,-0.03301956611020224,2,stabilize,0.3362230947257077,0.32674995020676795,0.33702695506752434,1.0,0.1046522213729179,0.0,0.0,none
cartpole,dqn,23,560,0.3385527680317561,0.37810556093851727,0.127039005121923,-0.11399626731872559,0,push_left,0.3400615720900278,0.3248704938178649,0.33506793409210717,1.0,0.11480465221612488,0.0,0.0,none
cartpole,dqn,23,561,0.34800539414087933,0.3129425048828125,0.08894956552896978,-0.028009484921182905,0,push_left,0.3379271423635186,0.32608408197574884,0.33598877566073254,1.0,0.10800125802133992,0.0,0.0,none
cartpole,dqn,23,562,0.35582895080248517,0.2478145162264506,0.07959078277210063,0.05727721963609968,2,stabilize,0.3303875722525053,0.3287632338781228,0.34084919386937196,1.0,0.1066118556162725,0.0,0.0,none
cartpole,dqn,23,563,0.36202433208624524,0.3127743601799011,0.09872875485329184,-0.02483040307249342,2,stabilize,0.33653392264527326,0.32659820761994135,0.33686786973478544,1.0,0.10806270685916805,0.0,0.0,none
cartpole,dqn,23,564,0.3698436915874481,0.2476369539896647,0.09043220439503472,0.060637086629867554,2,stabilize,0.32891494701960405,0.3292815267438527,0.34180352623654336,1.0,0.10665184558252104,0.0,0.0,none
cartpole,dqn,23,565,0.37603460252285004,0.31258563200632733,0.11069280471039274,-0.0212620347738266,2,stabilize,0.3350636913611765,0.3272395273713105,0.337696781267513,1.0,0.10474064932483355,0.0,0.0,none
cartpole,dqn,23,566,0.38384924332300824,0.37751293182373047,0.103588551638519,-0.10276976653507777,0,push_left,0.340532017423818,0.32546639424034124,0.33400158833584076,1.0,0.1132758166416058,0.0,0.0,none
cartpole,dqn,23,567,0.39328706761201226,0.31237173080444336,0.06925019931252646,-0.017213705394949232,0,push_left,0.3367103160655164,0.32694395355182737,0.33634573038265614,1.0,0.10744710842023768,0.0,0.0,none
cartpole,dqn,23,568,0.4010963688294093,0.2472627560297648,0.06349860448256882,0.06770764929907662,2,stabilize,0.32866128202491096,0.3293842321280123,0.3419544858470767,1.0,0.10753796980241533,0.0,0.0,none
cartpole,dqn,23,569,0.4072779417037964,0.31223922967910767,0.08612168788340895,-0.014708714825766427,2,stabilize,0.3350464689144713,0.32764488958772153,0.3373086414978072,1.0,0.10499986906222256,0.0,0.0,none
cartpole,dqn,23,570,0.4150839149951935,0.37719209988911945,0.08120707865262089,-0.0966904844556536,0,push_left,0.34094087049296545,0.32579501267157046,0.33326411683546414,1.0,0.11235002853383964,0.0,0.0,none
cartpole,dqn,23,571,0.4245137174924215,0.31207215785980225,0.0488999919845836,-0.011547939053603582,0,push_left,0.3365203238764883,0.32740579151357035,0.3360738846099414,1.0,0.10705009246909297,0.0,0.0,none
cartpole,dqn,23,572,0.4323155184586843,0.24698305130004883,0.04504149366250186,0.07299420663288661,2,stabilize,0.3283987930583503,0.3298702936162877,0.341730913325362,1.0,0.10820388416886292,0.0,0.0,none
cartpole,dqn,23,573,0.438490112622579,0.3119783600171407,0.0694309648010782,-0.009774860526834215,2,stabilize,0.33470723575033134,0.3281507828549389,0.3371419813947297,1.0,0.10519646457331909,0.0,0.0,none
cartpole,dqn,23,574,0.44628957907358807,0.3769484758377075,0.06616490321825114,-0.09207723821912493,0,push_left,0.3412757062382464,0.3261722041678095,0.3325520895939441,1.0,0.11169537210094742,0.0,0.0,none
cartpole,dqn,23,575,0.45571327209472656,0.31184295813242596,0.035399237652098084,-0.007213844784668514,0,push_left,0.3360470236695149,0.32795209852815566,0.33600087780232935,1.0,0.10679975013954339,0.0,0.0,none
cartpole,dqn,23,576,0.4635093609491984,0.24676712354024252,0.032988883697189976,0.07707573686327253,2,stabilize,0.32787155354058667,0.3304329978375366,0.34169544862187673,1.0,0.10870159527931755,0.0,0.0,none
cartpole,dqn,23,577,0.469678541024526,0.31177467107772827,0.05874211559858982,-0.005922864590372358,2,stabilize,0.3341145762506671,0.32873390537364117,0.3371515183756917,1.0,0.10533107692751756,0.0,0.0,none
cartpole,dqn,23,578,0.4774728914101919,0.3767557938893636,0.056763115141158456,-0.08842996188572474,0,push_left,0.34155008907407314,0.32658889126295165,0.33186101966297527,1.0,0.11122687229720254,0.0,0.0,none
cartpole,dqn,23,579,0.48689176638921106,0.3116593360900879,0.0272161107252492,-0.0037415469331400736,2,stabilize,0.3353371204893638,0.3285727395670655,0.3360901399435708,1.0,0.10581094776146435,0.0,0.0,none
cartpole,dqn,23,580,0.4946832855542501,0.37667258580525714,0.0259659513119866,-0.08684968948364258,0,push_left,0.34201029136052946,0.32656518795950784,0.33142452067996264,1.0,0.1106314220671356,0.0,0.0,none
cartpole,dqn,23,581,0.5041000743707021,0.311606228351593,-0.003053037936494715,-0.002737246719854219,0,push_left,0.336598977527515,0.3283930298551428,0.3350079926173422,1.0,0.10618235629979143,0.0,0.0,none
cartpole,dqn,23,582,0.5118902524312338,0.24656862020492554,-0.003967631157034195,0.08082876886640276,2,stabilize,0.32840038588597253,0.33089274267460694,0.3407068714394205,1.0,0.10956111332789238,0.0,0.0,none
cartpole,dqn,23,583,0.5180544654528301,0.31161322196324664,0.02303959352802263,-0.002869795209595135,2,stabilize,0.33463968734986277,0.32918525487700606,0.33617505777313106,1.0,0.10587272976111872,0.0,0.0,none
cartpole,dqn,23,584,0.5258447925249736,0.376630703608195,0.02208071358519693,-0.08605725424630302,0,push_left,0.342236812846595,0.3269934658289956,0.3307697213244093,1.0,0.11050444592619109,0.0,0.0,none
cartpole,dqn,23,585,0.5352605382601421,0.31156816085179645,-0.00667350137770745,-0.0020177578553557396,0,push_left,0.33588381463637745,0.3290104954142655,0.335105689949357,1.0,0.1061243829112769,0.0,0.0,none
cartpole,dqn,23,586,0.5430497725804647,0.2465342084566752,-0.0073476927910613565,0.08147980485643659,2,stabilize,0.3276855931198058,0.3315103066837086,0.3408041001964856,1.0,0.10966554659033693,0.0,0.0,none
cartpole,dqn,23,587,0.5492130915323894,0.31158216794331867,0.01987706434186148,-0.0022824848336832865,2,stabilize,0.33390970061306263,0.32980810319039683,0.3362821961965406,1.0,0.10592020488386165,0.0,0.0,none
cartpole,dqn,23,588,0.5570026735464733,0.37660284837086994,0.019114420066869912,-0.08552995749882289,0,push_left,0.3418062500005853,0.32755775975348933,0.3306359902459253,1.0,0.11041455340781427,0.0,0.0,none
cartpole,dqn,23,589,0.5664177238941193,0.31154322624206543,-0.00946360878059574,-0.0015461955751691545,2,stabilize,0.3351420485253854,0.32963918624266736,0.3352187652319472,1.0,0.10608021195710016,0.0,0.0,none
cartpole,dqn,23,590,0.5742063124974569,0.24651207526524863,-0.009980237195912865,0.08189858709062849,2,stabilize,0.3269487634886385,0.33213546505148506,0.34091577145987645,1.0,0.1097397659461618,0.0,0.0,none
cartpole,dqn,23,591,0.5803691347440084,0.3115626374880473,0.017384443929983496,-0.001913312024303845,2,stabilize,0.33315916140689605,0.33043789813083946,0.3364029404622645,1.0,0.10595803125538895,0.0,0.0,none
cartpole,dqn,23,592,0.5881581703821819,0.3765858014424642,0.01674515210749995,-0.08520805835723877,0,push_left,0.34104703240012646,0.32819198649896575,0.3307609811009078,1.0,0.11035143980586602,0.0,0.0,none
cartpole,dqn,23,593,0.5975728233655294,0.3115285634994507,-0.011725320096232157,-0.0012688387983611652,2,stabilize,0.33438564942494337,0.3302706462782409,0.3353437042968158,1.0,0.10604470593174907,0.0,0.0,none
cartpole,dqn,23,594,0.6053610642751058,0.24649967749913534,-0.012149275247194318,0.0821331228528704,2,stabilize,0.3262034203822407,0.3327641215842413,0.34103245803351806,1.0,0.1097917861264767,0.0,0.0,none
cartpole,dqn,23,595,0.6115235388278961,0.31155240535736084,0.015293773672674607,-0.0017196163535118103,2,stabilize,0.3324084946352829,0.3310696143129729,0.33652189105174424,1.0,0.10599010003251128,0.0,0.0,none
cartpole,dqn,23,596,0.619312326113383,0.3765776952107747,0.014719199878219204,-0.08505398886544364,0,push_left,0.34027992436281856,0.328828221912797,0.3308918537243844,1.0,0.110308001981785,0.0,0.0,none
cartpole,dqn,23,597,0.6287267804145813,0.3115224242210388,-0.013699792858951131,-0.0011528808889644487,2,stabilize,0.3336308227134529,0.33090318228003796,0.33546599500650914,1.0,0.10601390828454145,0.0,0.0,none
cartpole,dqn,23,598,0.6365148226420085,0.2464955449104309,-0.014085003657173144,0.08221169028963361,2,stabilize,0.3254087694210744,0.3334434608845893,0.3411477696943363,1.0,0.10982730945062193,0.0,0.0,none
cartpole,dqn,23,599,0.6426772475242615,0.31155018011728924,0.01338429566748387,-0.0016774893073099,2,stabilize,0.3316593831188473,0.3316998713545437,0.336640745526609,1.0,0.1060196358007853,0.0,0.0,none
