env,policy,seed,t,q,mu,sigma,rho,a,action_label,p0,p1,p2,r,state_delta,intervention_active,intervention_start,intervention_name
inventory,heuristic,11,0,0.0,12.32788309342087,0.7007206107647959,0.55,0,low_restock,1.0,0.0,0.0,-2.724073709536066,0.20645312478827527,0.0,0.0,none
inventory,heuristic,11,1,0.0,12.50579517677285,0.6581591454250263,0.45429887670286895,0,low_restock,1.0,0.0,0.0,-2.4060760176225253,0.7259075052076187,0.0,0.0,none
inventory,heuristic,11,2,0.0,12.052971497692305,1.2226658781067599,0.3975135745754509,0,low_restock,1.0,0.0,0.0,-1.839927761404693,0.21990630457705462,0.0,0.0,none
inventory,heuristic,11,3,0.0,11.928973671017902,1.0717932967581807,0.29641567167940946,0,low_restock,1.0,0.0,0.0,-1.161740691200931,0.670864199345942,0.0,0.0,none
inventory,heuristic,11,4,0.0,12.45192129044749,1.4741838787644173,0.17531083771445197,0,low_restock,1.0,0.0,0.0,-0.3458267400514242,1.0301885709112313,0.0,0.0,none
inventory,heuristic,11,5,0.0,13.285433149871437,2.0618217745734344,0.029611917866325756,0,low_restock,1.0,0.0,0.0,-1.1952393855726693,2.928379837708551,0.0,0.0,none
inventory,heuristic,11,6,2.900683958779055,12.940321065595976,2.2654435533377777,0.0,0,low_restock,1.0,0.0,0.0,-3.6283074549696317,6.9970080791270535,0.0,0.0,none
inventory,heuristic,11,7,9.852307014198947,13.5356514468961,1.7375792792815568,0.0,0,low_restock,1.0,0.0,0.0,-5.547602188163225,5.496252345769946,0.0,0.0,none
inventory,heuristic,11,8,15.33600625189493,13.217020653890717,1.9281230711586705,0.0,0,low_restock,1.0,0.0,0.0,-9.535141680822798,11.425305368250307,0.0,0.0,none
inventory,heuristic,11,9,26.728976230922285,13.800146974186784,2.558838148930429,0.0,0,low_restock,1.0,0.0,0.0,-13.224139167872526,10.540424683626984,0.0,0.0,none
inventory,heuristic,11,10,37.26896905106436,13.868360660341432,2.625552132379987,0.0,0,low_restock,1.0,0.0,0.0,-15.086582465347448,5.3222361165405605,0.0,0.0,none
inventory,heuristic,11,11,42.590235615278424,13.937910331299872,2.551509738741132,0.0,0,low_restock,1.0,0.0,0.0,-19.5507454300294,12.819180786713908,0.0,0.0,none
inventory,heuristic,11,12,55.34498694294115,15.098535985748441,3.099836924075603,0.0,0,low_restock,1.0,0.0,0.0,-23.906829515347955,12.52994155581596,0.0,0.0,none
inventory,heuristic,11,13,67.79094147242273,16.49098704410556,2.7014259649885344,0.0,0,low_restock,1.0,0.0,0.0,-27.306855978974966,9.720203428858548,0.0,0.0,none
inventory,heuristic,11,14,77.50530279707134,16.155265313229812,2.672621937794121,0.0,0,low_restock,1.0,0.0,0.0,-30.489671727620202,9.09838215716155,0.0,0.0,none
inventory,heuristic,11,15,86.59906207891487,15.866018605570105,2.6935107804694827,0.0,0,low_restock,1.0,0.0,0.0,-32.25905094532181,5.056455536265181,0.0,0.0,none
inventory,heuristic,11,16,91.65443127234803,15.81283913141392,2.7838260717671464,0.0,0,low_restock,1.0,0.0,0.0,-33.4811892667483,3.9805035212665247,0.0,0.0,none
inventory,heuristic,11,17,95.1462550478523,13.960253620982233,3.2523364026851036,0.0,0,low_restock,1.0,0.0,0.0,-35.97922730276189,7.270966900085317,0.0,0.0,none
inventory,heuristic,11,18,102.2835065793197,12.898513021379397,2.3582966172965767,0.0,0,low_restock,1.0,0.0,0.0,-36.99414640569755,3.204523948495332,0.0,0.0,none
inventory,heuristic,11,19,105.18327544485015,11.535594529555764,2.305690081337927,0.0,0,low_restock,1.0,0.0,0.0,-38.20040458644683,3.706100078452274,0.0,0.0,none
inventory,heuristic,11,20,108.62972738984809,10.406133062186642,1.5431524914105093,0.0,0,low_restock,1.0,0.0,0.0,-39.37774866369017,3.3808146532975365,0.0,0.0,none
inventory,heuristic,11,21,111.99356761054335,10.06782726763906,1.549142396225613,0.0,0,low_restock,1.0,0.0,0.0,-39.79365752444548,1.3342897074169855,0.0,0.0,none
inventory,heuristic,11,22,113.1818786412728,9.607124718684096,1.9441095834095763,0.0,0,low_restock,1.0,0.0,0.0,-41.26633311485291,4.350162623512264,0.0,0.0,none
inventory,heuristic,11,23,117.38952318529405,9.021203321194864,1.0079801275459221,0.0,0,low_restock,1.0,0.0,0.0,-42.53004759649886,3.613482116010554,0.0,0.0,none
inventory,heuristic,11,24,121.00013598999675,9.163372109029314,1.0307004490823062,0.0,0,low_restock,1.0,0.0,0.0,-44.79420093627743,6.530864497353255,0.0,0.0,none
inventory,heuristic,11,25,127.46914553222123,9.767883628474625,1.6930239714304702,0.0,0,low_restock,1.0,0.0,0.0,-46.05025822001607,3.5890267029321268,0.0,0.0,none
inventory,heuristic,11,26,131.05788062861734,9.812862603614793,1.6846589221170938,0.0,0,low_restock,1.0,0.0,0.0,-47.56760977585546,4.425367199904736,0.0,0.0,none
inventory,heuristic,11,27,135.39317078815847,10.442258429377128,1.0577658043597948,0.0,0,low_restock,1.0,0.0,0.0,-48.640567978486125,3.07728013934873,0.0,0.0,none
inventory,heuristic,11,28,138.4587656528175,10.213848493504688,1.197801810447695,0.0,0,low_restock,1.0,0.0,0.0,-50.14652400482633,4.305128208896438,0.0,0.0,none
inventory,heuristic,11,29,142.76149715664667,10.352272233329979,1.1594694579938456,0.0,0,low_restock,1.0,0.0,0.0,-51.08471777357494,2.8303430446489224,0.0,0.0,none
inventory,heuristic,11,30,145.44205078164268,9.594581049884285,0.6580932674522991,0.0,0,low_restock,1.0,0.0,0.0,-51.55670340423752,1.4923958246635853,0.0,0.0,none
inventory,heuristic,11,31,146.79058115496434,9.146540105269402,1.1141310308566423,0.0,0,low_restock,1.0,0.0,0.0,-54.10663363087939,7.363963701295746,0.0,0.0,none
inventory,heuristic,11,32,154.07609608822682,9.736585060013672,2.0091620373539776,0.0,0,low_restock,1.0,0.0,0.0,-56.74057436637078,7.59127027178762,0.0,0.0,none
inventory,heuristic,11,33,161.60164104677366,10.628575078791236,2.4540341792305367,0.0,0,low_restock,1.0,0.0,0.0,-59.05236056310188,6.622035937838879,0.0,0.0,none
inventory,heuristic,11,34,168.20674446600538,11.089049461871745,2.563268449539062,0.0,0,low_restock,1.0,0.0,0.0,-61.127119349464614,5.970821244144129,0.0,0.0,none
inventory,heuristic,11,35,174.13462671275605,11.73851518622268,2.264750994313435,0.0,0,low_restock,1.0,0.0,0.0,-62.253321705501826,3.317049721884377,0.0,0.0,none
inventory,heuristic,11,36,177.35234773000522,12.11235331500818,1.551073639991254,0.0,0,low_restock,1.0,0.0,0.0,-63.302999956895086,3.131291578809176,0.0,0.0,none
inventory,heuristic,11,37,180.3514284482717,11.255066472008973,1.8259573711649846,0.0,0,low_restock,1.0,0.0,0.0,-64.69024388606162,4.043735955656545,0.0,0.0,none
inventory,heuristic,11,38,184.3149825316046,10.54266829696619,1.4591763087310339,0.0,0,low_restock,1.0,0.0,0.0,-65.6395030452057,2.837673067642827,0.0,0.0,none
inventory,heuristic,11,39,187.02715155773055,9.764081418345032,1.1586266705886539,0.0,0,low_restock,1.0,0.0,0.0,-68.71098511464704,8.862748869085195,0.0,0.0,none
inventory,heuristic,11,40,195.80281461327726,10.333637580104238,2.259381516403789,0.0,0,low_restock,1.0,0.0,0.0,-70.9249633605186,6.356213603205371,0.0,0.0,none
inventory,heuristic,11,41,202.12846674433885,10.955223802866723,2.2941241996747386,0.0,0,low_restock,1.0,0.0,0.0,-74.54435159187206,10.459816955987614,0.0,0.0,none
inventory,heuristic,11,42,212.46957597677732,12.423629505701122,2.8536018912990366,0.0,0,low_restock,1.0,0.0,0.0,-77.01642540930341,7.095694508318487,0.0,0.0,none
inventory,heuristic,11,43,219.53264402658115,13.043532298995306,2.574907065212323,0.0,0,low_restock,1.0,0.0,0.0,-81.21054405637629,12.1359602078383,0.0,0.0,none
inventory,heuristic,11,44,231.51584016107512,14.897737720668914,2.078456843417934,0.0,0,low_restock,1.0,0.0,0.0,-85.19388313472389,11.394997232236578,0.0,0.0,none
inventory,heuristic,11,45,242.89680895635396,15.418798868615344,2.2975606628031255,0.0,0,low_restock,1.0,0.0,0.0,-86.88030893409297,4.848005116365836,0.0,0.0,none
inventory,heuristic,11,46,247.71516838312274,15.117340327756782,2.7399279207700666,0.0,0,low_restock,1.0,0.0,0.0,-89.19915087167156,6.667184605816635,0.0,0.0,none
inventory,heuristic,11,47,254.34043106191876,14.374171017028289,2.8102442103638476,0.0,0,low_restock,1.0,0.0,0.0,-93.49768844334821,12.328867333698831,0.0,0.0,none
inventory,heuristic,11,48,266.6219669809949,15.417864590882743,3.085105856076342,0.0,0,low_restock,1.0,0.0,0.0,-96.55247897514103,8.756673562097273,0.0,0.0,none
inventory,heuristic,11,49,275.3499399289744,14.76681995357985,2.8058909339986635,0.0,0,low_restock,1.0,0.0,0.0,-100.9965706082912,12.703235025511834,0.0,0.0,none
inventory,heuristic,11,50,288.0473445951177,15.030107127752746,3.086559281891126,0.0,0,low_restock,1.0,0.0,0.0,-103.7410177084126,7.892057444899127,0.0,0.0,none
inventory,heuristic,11,51,295.888622024036,15.634690728182656,2.4282146408291148,0.0,0,low_restock,1.0,0.0,0.0,-105.48393653940161,5.011287165316491,0.0,0.0,none
inventory,heuristic,11,52,300.86839011257604,15.305591810131466,2.882750381735961,0.0,0,low_restock,1.0,0.0,0.0,-108.6683390695256,9.129500891421594,0.0,0.0,none
inventory,heuristic,11,53,309.9666830557874,14.668943214958517,2.4783611976053725,0.0,0,low_restock,1.0,0.0,0.0,-112.13360835755243,9.903671140161272,0.0,0.0,none
inventory,heuristic,11,54,319.8674524501498,14.903502504235101,2.527852529517267,0.0,0,low_restock,1.0,0.0,0.0,-114.02170441023667,5.617587981799727,0.0,0.0,none
inventory,heuristic,11,55,325.2620126006762,13.442933601111715,1.9597381089624002,0.0,0,low_restock,1.0,0.0,0.0,-115.23372577701909,3.611360242349646,0.0,0.0,none
inventory,heuristic,11,56,328.72493079148313,12.567261753489433,2.4920154981909146,0.0,0,low_restock,1.0,0.0,0.0,-116.96084862564895,4.934648384368024,0.0,0.0,none
inventory,heuristic,11,57,333.65956750185416,12.558235477855629,2.4978241428500296,0.0,0,low_restock,1.0,0.0,0.0,-120.28135335562659,9.487834408979472,0.0,0.0,none
inventory,heuristic,11,58,343.14672387321883,12.636008163486286,2.5803902791242956,0.0,0,low_restock,1.0,0.0,0.0,-122.85235319142228,7.379807083387068,0.0,0.0,none
inventory,heuristic,11,59,350.49243768977794,12.124997047925632,2.0895657147472027,0.0,0,low_restock,1.0,0.0,0.0,-123.46558167846285,2.0085998209353026,0.0,0.0,none
inventory,heuristic,11,60,352.24451908132244,11.396501296129255,2.7483357639141888,0.0,0,low_restock,1.0,0.0,0.0,-124.28424576892978,2.3573598563317715,0.0,0.0,none
inventory,heuristic,11,61,354.58355933979936,11.171725709663258,2.93678230062316,0.0,0,low_restock,1.0,0.0,0.0,-124.55770990304782,1.2432629825773986,0.0,0.0,none
inventory,heuristic,11,62,355.3648854372795,10.341063587085081,3.4319921665968027,0.0,0,low_restock,1.0,0.0,0.0,-124.59736433494845,2.071686073621884,0.0,0.0,none
inventory,heuristic,11,63,355.47818381413845,8.466291988183933,2.557762152588123,0.0,0,low_restock,1.0,0.0,0.0,-126.60534402014133,5.7777743358913245,0.0,0.0,none
inventory,heuristic,11,64,361.21526862897525,8.144566187839466,1.9535878290306865,0.0,0,low_restock,1.0,0.0,0.0,-126.80912723441674,0.6354802893353113,0.0,0.0,none
inventory,heuristic,11,65,361.79750638404784,7.910597460545082,2.054051898975995,0.0,0,low_restock,1.0,0.0,0.0,-128.03894246192598,3.52303177143316,0.0,0.0,none
inventory,heuristic,11,66,365.3112641769314,8.145540967426404,2.154354361816545,0.0,0,low_restock,1.0,0.0,0.0,-128.9417424020506,2.6067196695444372,0.0,0.0,none
inventory,heuristic,11,67,367.89069257728744,8.505161428001585,2.0438569077183537,0.0,0,low_restock,1.0,0.0,0.0,-129.1409894288432,0.5853301851245526,0.0,0.0,none
inventory,heuristic,11,68,368.45996979669485,8.596357196511283,1.9427717708898606,0.0,0,low_restock,1.0,0.0,0.0,-130.8996186244771,5.031581021222462,0.0,0.0,none
inventory,heuristic,11,69,373.4846246413632,8.453871202477595,1.7206254079192456,0.0,0,low_restock,1.0,0.0,0.0,-131.04710167546082,0.4241222374953488,0.0,0.0,none
inventory,heuristic,11,70,373.9060047870309,8.421699680596607,1.756450515804695,0.0,0,low_restock,1.0,0.0,0.0,-132.72720403330365,4.812279820320637,0.0,0.0,none
inventory,heuristic,11,71,378.70629723801045,8.679006612215815,1.97786098772198,0.0,0,low_restock,1.0,0.0,0.0,-133.0508400460751,0.9898572886530618,0.0,0.0,none
inventory,heuristic,11,72,379.63097156021456,8.348055796585424,2.1014182917939617,0.0,0,low_restock,1.0,0.0,0.0,-134.36555421046464,3.813334059915463,0.0,0.0,none
inventory,heuristic,11,73,383.38729774418465,8.985465589497952,1.9425503968898412,0.0,0,low_restock,1.0,0.0,0.0,-135.252975169725,2.6000025122708035,0.0,0.0,none
inventory,heuristic,11,74,385.92278619921433,8.487632311570216,1.6536327864652975,0.0,0,low_restock,1.0,0.0,0.0,-136.46592065166246,3.5359309036893856,0.0,0.0,none
inventory,heuristic,11,75,389.3883447190356,9.096467986400938,1.3043039694273237,0.0,0,low_restock,1.0,0.0,0.0,-139.81488401685604,9.752429575770455,0.0,0.0,none
inventory,heuristic,11,76,398.95681147673156,10.05010284774421,2.930621001392728,0.0,0,low_restock,1.0,0.0,0.0,-142.86957061030975,8.866104358898069,0.0,0.0,none
inventory,heuristic,11,77,407.68448745802783,11.610703179562645,2.9283687350513063,0.0,0,low_restock,1.0,0.0,0.0,-144.6981701461645,5.234429037849588,0.0,0.0,none
inventory,heuristic,11,78,412.90905756047005,11.904351963257078,2.7984264833212023,0.0,0,low_restock,1.0,0.0,0.0,-148.3169678505296,10.45752002398168,0.0,0.0,none
inventory,heuristic,11,79,423.24847957294173,13.46513867474548,2.656926160936642,0.0,0,low_restock,1.0,0.0,0.0,-150.20008760126416,5.418601170076566,0.0,0.0,none
inventory,heuristic,11,80,428.6288217178976,13.848095399772399,2.1406886280863113,0.0,0,low_restock,1.0,0.0,0.0,-152.73270569637182,7.253283305291325,0.0,0.0,none
inventory,heuristic,11,81,435.8648734182052,13.381612388294732,1.9616129533113715,0.0,0,low_restock,1.0,0.0,0.0,-156.66893466901448,11.270216730241852,0.0,0.0,none
inventory,heuristic,11,82,447.1112419114699,13.885350890688418,2.4938050065521997,0.0,0,low_restock,1.0,0.0,0.0,-160.10198319710892,9.856834635736405,0.0,0.0,none
inventory,heuristic,11,83,456.9199519917398,14.802178886253955,2.168502033907649,0.0,0,low_restock,1.0,0.0,0.0,-162.08482129464576,5.743541945946131,0.0,0.0,none
inventory,heuristic,11,84,462.5852036989879,13.867344825209239,2.3073633196418495,0.0,0,low_restock,1.0,0.0,0.0,-166.59500377115387,12.977178498787676,0.0,0.0,none
inventory,heuristic,11,85,475.47143934615394,15.368523525651261,2.621298256283459,0.0,0,low_restock,1.0,0.0,0.0,-168.94162836355437,6.7061347050287425,0.0,0.0,none
inventory,heuristic,11,86,482.17608103872675,15.262241524104306,2.714714488023749,0.0,0,low_restock,1.0,0.0,0.0,-171.39466756977782,7.06033914813751,0.0,0.0,none
inventory,heuristic,11,87,489.18476448507954,14.414704514721919,2.622919862524037,0.0,0,low_restock,1.0,0.0,0.0,-175.23983850944265,10.989926719879316,0.0,0.0,none
inventory,heuristic,11,88,500.17096716983616,14.650203035619262,2.785340071915975,0.0,0,low_restock,1.0,0.0,0.0,-177.76712656234272,7.232857439029482,0.0,0.0,none
inventory,heuristic,11,89,507.39179017812205,14.961317295826822,2.507581663530688,0.0,0,low_restock,1.0,0.0,0.0,-180.10250744850237,6.841689269500261,0.0,0.0,none
inventory,heuristic,11,90,514.064306995721,13.718573529913433,1.6462923326220313,0.0,0,low_restock,1.0,0.0,0.0,-181.69082563015493,4.57958907876749,0.0,0.0,none
inventory,heuristic,11,91,518.6023589432998,13.285255580914617,2.0832776945261804,0.0,0,low_restock,1.0,0.0,0.0,-183.1841637630568,4.314776219417522,0.0,0.0,none
inventory,heuristic,11,92,522.8690393230195,12.736854967587993,2.417925461990903,0.0,0,low_restock,1.0,0.0,0.0,-185.90004576104653,7.849629096691691,0.0,0.0,none
inventory,heuristic,11,93,530.6287021744187,12.091547000916512,1.4240004062675848,0.0,0,low_restock,1.0,0.0,0.0,-187.49727279346638,4.594416473451662,0.0,0.0,none
inventory,heuristic,11,94,535.1922079813326,11.56008356064211,1.3990185440699872,0.0,0,low_restock,1.0,0.0,0.0,-189.9242166630619,6.9344674527818135,0.0,0.0,none
inventory,heuristic,11,95,542.126333323034,11.612405265462602,1.443818526975949,0.0,0,low_restock,1.0,0.0,0.0,-191.53369399552946,4.598531020693441,0.0,0.0,none
inventory,heuristic,11,96,546.724839987227,11.624496208785455,1.4349971471505567,0.0,0,low_restock,1.0,0.0,0.0,-193.2003782062579,4.763698050498803,0.0,0.0,none
inventory,heuristic,11,97,551.4867948750226,11.723551110400644,1.3525781603097469,0.0,0,low_restock,1.0,0.0,0.0,-196.12103008236096,8.347565676221613,0.0,0.0,none
inventory,heuristic,11,98,559.8315145210313,11.840562469322538,1.5364669588624498,0.0,0,low_restock,1.0,0.0,0.0,-197.5607915661356,4.11542692706841,0.0,0.0,none
inventory,heuristic,11,99,563.9451187603875,11.750582155810985,1.619548227335531,0.0,0,low_restock,1.0,0.0,0.0,-199.1222164438519,4.488953152128082,0.0,0.0,none
inventory,heuristic,11,100,568.4063326967197,11.255999874737128,1.559058694988818,0.0,0,low_restock,1.0,0.0,0.0,-201.38911869788225,6.487788141490527,0.0,0.0,none
inventory,heuristic,11,101,574.8831962796636,11.631671258487314,1.5815110496839515,0.0,0,low_restock,1.0,0.0,0.0,-201.6534878514549,1.4614553785149214,0.0,0.0,none
inventory,heuristic,11,102,575.6385367184427,10.830348368683996,2.542341040479676,0.0,0,low_restock,1.0,0.0,0.0,-201.77559937797437,1.6498497324716463,0.0,0.0,none
inventory,heuristic,11,103,575.9874267942125,9.231182454636222,2.3351014831702575,0.0,0,low_restock,1.0,0.0,0.0,-203.97577545335795,6.308637210858197,0.0,0.0,none
inventory,heuristic,11,104,582.2736441524513,9.665705078412746,2.640985239895634,0.0,0,low_restock,1.0,0.0,0.0,-205.9171841276064,5.5520172378669885,0.0,0.0,none
inventory,heuristic,11,105,587.8205260788754,9.882838676431124,2.740228902126848,0.0,0,low_restock,1.0,0.0,0.0,-206.2913728078667,1.5308903871693076,0.0,0.0,none
inventory,heuristic,11,106,588.8896365939049,8.80128806284824,2.5645122141336967,0.0,0,low_restock,1.0,0.0,0.0,-206.55082679496113,0.7413058289385078,0.0,0.0,none
inventory,heuristic,11,107,589.6309336998889,8.798479396289236,2.5667581148637018,0.0,0,low_restock,1.0,0.0,0.0,-208.428583858871,5.460962902506083,0.0,0.0,none
inventory,heuristic,11,108,594.9959538824886,9.801705417655215,2.3872816180734353,0.0,0,low_restock,1.0,0.0,0.0,-210.97318095882642,7.276467906954374,0.0,0.0,none
inventory,heuristic,11,109,602.2662313109327,9.998517431696268,2.613812731881436,0.0,0,low_restock,1.0,0.0,0.0,-211.5610435337042,1.8491386000488776,0.0,0.0,none
inventory,heuristic,11,110,603.9458386677263,9.225062517770175,2.613382245072334,0.0,0,low_restock,1.0,0.0,0.0,-214.40314550536675,8.24872011528636,0.0,0.0,none
inventory,heuristic,11,111,612.0661300153336,10.635298684285711,2.9502589657825133,0.0,0,low_restock,1.0,0.0,0.0,-217.21367216791958,8.178599172742878,0.0,0.0,none
inventory,heuristic,11,112,620.096206194056,12.093054498833405,2.418931404425535,0.0,0,low_restock,1.0,0.0,0.0,-219.4126030020398,6.285399900967603,0.0,0.0,none
inventory,heuristic,11,113,626.3788657201137,12.276582367525016,2.3913866021362122,0.0,0,low_restock,1.0,0.0,0.0,-221.27565025860085,5.337336798394137,0.0,0.0,none
inventory,heuristic,11,114,631.7018578817167,11.887125314156805,2.356148120514805,0.0,0,low_restock,1.0,0.0,0.0,-222.42377243656878,3.341273625317765,0.0,0.0,none
inventory,heuristic,11,115,634.9822069616251,12.207273658779766,1.8075823627216365,0.0,0,low_restock,1.0,0.0,0.0,-223.5595363591397,3.3884217634652494,0.0,0.0,none
inventory,heuristic,11,116,638.2272467403992,11.232223345013145,1.8274762543090126,0.0,0,low_restock,1.0,0.0,0.0,-227.44342733025596,11.163206182296197,0.0,0.0,none
inventory,heuristic,11,117,649.3240780864456,11.84557437847793,2.876907936509011,0.0,0,low_restock,1.0,0.0,0.0,-229.44678433295428,5.724974076319494,0.0,0.0,none
inventory,heuristic,11,118,655.0479552370123,11.73381790337971,2.8685995055482105,0.0,0,low_restock,1.0,0.0,0.0,-232.88523707580472,9.873710796326048,0.0,0.0,none
inventory,heuristic,11,119,664.8721059308707,12.634049609830805,3.275798361817071,0.0,0,low_restock,1.0,0.0,0.0,-235.1790103122136,6.600790370299989,0.0,0.0,none
inventory,heuristic,11,120,671.4257437491817,13.288707357511319,2.8379763746458604,0.0,0,low_restock,1.0,0.0,0.0,-239.1440127963982,11.454576173530494,0.0,0.0,none
inventory,heuristic,11,121,682.7543222754234,14.905415107004837,2.3311431252279133,0.0,0,low_restock,1.0,0.0,0.0,-242.53051217113443,9.6821008319364,0.0,0.0,none
inventory,heuristic,11,122,692.4300347746698,14.62119133764484,2.124065843419169,0.0,0,low_restock,1.0,0.0,0.0,-245.09815819619294,7.352785820843167,0.0,0.0,none
inventory,heuristic,11,123,699.766166274837,14.943642207564949,1.7490200116403665,0.0,0,low_restock,1.0,0.0,0.0,-247.3360429911301,6.433264987784998,0.0,0.0,none
inventory,heuristic,11,124,706.1601228318003,14.257603380185913,1.9322375819077517,0.0,0,low_restock,1.0,0.0,0.0,-251.07134085805055,10.704049158175923,0.0,0.0,none
inventory,heuristic,11,125,716.832402451573,15.081331740478243,1.9079953361003381,0.0,0,low_restock,1.0,0.0,0.0,-252.9256388899012,5.434499309471872,0.0,0.0,none
inventory,heuristic,11,126,722.1303968282891,13.875214910573124,2.009585303883153,0.0,0,low_restock,1.0,0.0,0.0,-255.14363705487438,6.374250442554338,0.0,0.0,none
inventory,heuristic,11,127,728.4675344424983,13.20749993356568,1.848612410327677,0.0,0,low_restock,1.0,0.0,0.0,-258.1807687502915,8.682175588003929,0.0,0.0,none
inventory,heuristic,11,128,737.1450535722615,13.475777459484888,1.9427498768901685,0.0,0,low_restock,1.0,0.0,0.0,-261.9094473217355,10.690435334917076,0.0,0.0,none
inventory,heuristic,11,129,747.7984209192443,14.327659617488791,2.198618220298973,0.0,0,low_restock,1.0,0.0,0.0,-264.8247167190141,8.348793455826586,0.0,0.0,none
inventory,heuristic,11,130,756.1277620543259,13.859071920550567,1.8748065562577718,0.0,0,low_restock,1.0,0.0,0.0,-266.64408968007484,5.198319436027465,0.0,0.0,none
inventory,heuristic,11,131,761.3259705144995,13.83911473724208,1.902292450720625,0.0,0,low_restock,1.0,0.0,0.0,-270.07771720381044,9.835014579657905,0.0,0.0,none
inventory,heuristic,11,132,771.1363348680298,14.533760085106314,1.8606886797849176,0.0,0,low_restock,1.0,0.0,0.0,-271.33956419129066,3.838048005138754,0.0,0.0,none
inventory,heuristic,11,133,774.7416119751161,13.519311680570919,2.6994281538796088,0.0,0,low_restock,1.0,0.0,0.0,-271.90262440458673,2.440157787260923,0.0,0.0,none
inventory,heuristic,11,134,776.3503554416765,11.710386904486418,3.0061945796781693,0.0,0,low_restock,1.0,0.0,0.0,-273.0040441181894,3.3189173907728136,0.0,0.0,none
inventory,heuristic,11,135,779.4972689091127,10.673901370957356,2.811654059405844,0.0,0,low_restock,1.0,0.0,0.0,-274.4404863360559,4.1099553306270025,0.0,0.0,none
inventory,heuristic,11,136,783.6013895315884,10.455083803417773,2.804900685838445,0.0,0,low_restock,1.0,0.0,0.0,-274.65319515263405,2.450477378802456,0.0,0.0,none
inventory,heuristic,11,137,784.2091290075259,8.614558827899204,1.3055808640852067,0.0,0,low_restock,1.0,0.0,0.0,-275.06330115780764,1.2688113159066718,0.0,0.0,none
inventory,heuristic,11,138,785.380860450879,8.127849695152584,1.2991155619661503,0.0,0,low_restock,1.0,0.0,0.0,-275.90736877046606,2.4170879668655965,0.0,0.0,none
inventory,heuristic,11,139,787.7924822013316,8.288425351931044,1.2744127127245581,0.0,0,low_restock,1.0,0.0,0.0,-277.2404092200894,3.8126241120653312,0.0,0.0,none
inventory,heuristic,11,140,791.6011692002555,8.420780058228573,1.386163309370725,0.0,0,low_restock,1.0,0.0,0.0,-277.28614799089775,0.8072341259301485,0.0,0.0,none
inventory,heuristic,11,141,791.731851402565,7.626092374195307,1.331203497584253,0.0,0,low_restock,1.0,0.0,0.0,-277.9521683002779,1.9231291558407138,0.0,0.0,none
inventory,heuristic,11,142,793.6347665722226,7.885127512939339,1.2300086161551516,0.0,0,low_restock,1.0,0.0,0.0,-280.1025531746248,6.272898564653869,0.0,0.0,none
inventory,heuristic,11,143,799.7787233560708,8.879572581038365,2.012396274017474,0.0,0,low_restock,1.0,0.0,0.0,-282.53636514368077,7.033381005714457,0.0,0.0,none
inventory,heuristic,11,144,806.7324718390879,9.78799792755126,2.549605540779974,0.0,0,low_restock,1.0,0.0,0.0,-284.1249175938006,4.5411042001277435,0.0,0.0,none
inventory,heuristic,11,145,811.2711931251446,9.934004784977828,2.5674504699850877,0.0,0,low_restock,1.0,0.0,0.0,-285.8965447180683,5.22510443913263,0.0,0.0,none
inventory,heuristic,11,146,816.3329849087667,10.920226701240349,1.7264114275007587,0.0,0,low_restock,1.0,0.0,0.0,-287.4801868549594,4.619486352134967,0.0,0.0,none
inventory,heuristic,11,147,820.8576767284554,11.444582031246567,0.9570808208713146,0.0,0,low_restock,1.0,0.0,0.0,-287.95223357260875,1.858949097755798,0.0,0.0,none
inventory,heuristic,11,148,822.206381636025,10.485531655990822,1.8037857270025983,0.0,0,low_restock,1.0,0.0,0.0,-288.2786069156165,1.5236116906386616,0.0,0.0,none
inventory,heuristic,11,149,823.1388769017614,9.28128101253468,1.7634676049548432,0.0,0,low_restock,1.0,0.0,0.0,-288.7190084468709,1.4192085907117826,0.0,0.0,none
inventory,heuristic,11,150,824.3971669910596,8.625194773182994,1.7837141270570467,0.0,0,low_restock,1.0,0.0,0.0,-291.8286339759681,9.005635315302982,0.0,0.0,none
inventory,heuristic,11,151,833.2818113599088,9.38976529022843,3.0406921681434427,0.0,0,low_restock,1.0,0.0,0.0,-294.52696490564,7.7499600460575895,0.0,0.0,none
inventory,heuristic,11,152,840.9913283018286,10.026730314674642,3.509205556824023,0.0,0,low_restock,1.0,0.0,0.0,-298.13193582157453,10.463329800787523,0.0,0.0,none
inventory,heuristic,11,153,851.2912452044988,11.816972713694748,3.9428119115849922,0.0,0,low_restock,1.0,0.0,0.0,-299.2684727922833,3.317372704283279,0.0,0.0,none
inventory,heuristic,11,154,854.538493692238,12.27992335809534,3.4468122958111875,0.0,0,low_restock,1.0,0.0,0.0,-302.2841516025913,8.803368936369218,0.0,0.0,none
inventory,heuristic,11,155,863.1547188645466,13.751510374697395,2.40067651950127,0.0,0,low_restock,1.0,0.0,0.0,-305.0113155891935,7.79522604167853,0.0,0.0,none
inventory,heuristic,11,156,870.9466159691243,13.532960921843102,2.336452776281047,0.0,0,low_restock,1.0,0.0,0.0,-308.55739630884386,10.145762346150935,0.0,0.0,none
inventory,heuristic,11,157,881.0782751681254,14.017389373259354,2.56295782110154,0.0,0,low_restock,1.0,0.0,0.0,-311.0526078134424,7.162213937077992,0.0,0.0,none
inventory,heuristic,11,158,888.2074508955498,13.383241138210195,2.2983487812678733,0.0,0,low_restock,1.0,0.0,0.0,-315.52967531739756,12.936330924996357,0.0,0.0,none
inventory,heuristic,11,159,900.9990723354216,15.292115728636697,2.01678788545302,0.0,0,low_restock,1.0,0.0,0.0,-317.46873696291533,5.5980245912811775,0.0,0.0,none
inventory,heuristic,11,160,906.5392484654724,14.676905920185149,2.5323891501812485,0.0,0,low_restock,1.0,0.0,0.0,-320.74709033142335,9.372072304940852,0.0,0.0,none
inventory,heuristic,11,161,915.9059723754953,14.991871281274175,2.5004626132677825,0.0,0,low_restock,1.0,0.0,0.0,-324.5518734816135,10.872134545936865,0.0,0.0,none
inventory,heuristic,11,162,926.7767813760386,15.139701241582625,2.5839345336684474,0.0,0,low_restock,1.0,0.0,0.0,-328.7766166739365,12.111093567272658,0.0,0.0,none
inventory,heuristic,11,163,938.8474762112471,16.128005063139476,2.570928888775305,0.0,0,low_restock,1.0,0.0,0.0,-332.47985534785244,10.594958803366527,0.0,0.0,none
inventory,heuristic,11,164,949.4281581367212,15.685817160259926,2.244138595886109,0.0,0,low_restock,1.0,0.0,0.0,-335.99874428001175,10.18343912634604,0.0,0.0,none
inventory,heuristic,11,165,959.4821265143194,16.588575609769396,0.9005689162300803,0.0,0,low_restock,1.0,0.0,0.0,-339.65409300631137,10.448284149142383,0.0,0.0,none
inventory,heuristic,11,166,969.9259800180325,16.804001528507463,0.6857263512344072,0.0,0,low_restock,1.0,0.0,0.0,-343.5156017621292,11.032931515505542,0.0,0.0,none
inventory,heuristic,11,167,980.9588621775121,16.836416160294693,0.69192090690065,0.0,0,low_restock,1.0,0.0,0.0,-345.648923957805,6.309408497351964,0.0,0.0,none
inventory,heuristic,11,168,987.0540684508715,15.641318447924855,1.8004503515009418,0.0,0,low_restock,1.0,0.0,0.0,-348.5517837104626,8.306488154091182,0.0,0.0,none
inventory,heuristic,11,169,995.3479534584646,15.183959064348674,1.794179057148089,0.0,0,low_restock,1.0,0.0,0.0,-351.88695662553937,9.529723722742757,0.0,0.0,none
inventory,heuristic,11,170,1004.8770189301125,15.078978483158608,1.7551336166017153,0.0,0,low_restock,1.0,0.0,0.0,-354.9641266615715,8.79920157704351,0.0,0.0,none
inventory,heuristic,11,171,1013.6689333187758,14.748590660148631,1.6171710772379864,0.0,0,low_restock,1.0,0.0,0.0,-356.5972120369115,4.8405240348758385,0.0,0.0,none
inventory,heuristic,11,172,1018.334891534033,13.475205871304151,1.8121019501749158,0.0,0,low_restock,1.0,0.0,0.0,-359.10923939687063,7.181433972225316,0.0,0.0,none
inventory,heuristic,11,173,1025.5121125624876,13.691608822323198,1.6952175246457415,0.0,0,low_restock,1.0,0.0,0.0,-361.67010776164454,7.319417253600761,0.0,0.0,none
inventory,heuristic,11,174,1032.8288793189845,13.496185172103953,1.670666348196109,0.0,0,low_restock,1.0,0.0,0.0,-363.2771531786976,4.696675627691646,0.0,0.0,none
inventory,heuristic,11,175,1037.4204376534217,12.508683744661814,1.636098385965449,0.0,0,low_restock,1.0,0.0,0.0,-364.9095778992659,4.750093888157828,0.0,0.0,none
inventory,heuristic,11,176,1042.084508283617,11.683114992968218,1.277945710293186,0.0,0,low_restock,1.0,0.0,0.0,-365.76465257527155,2.5425912239367143,0.0,0.0,none
inventory,heuristic,11,177,1044.5275787864903,11.238537450491469,1.8243223741028225,0.0,0,low_restock,1.0,0.0,0.0,-367.10807049358266,3.903136068597122,0.0,0.0,none
inventory,heuristic,11,178,1048.3659156959504,10.570760626692584,1.588282010909063,0.0,0,low_restock,1.0,0.0,0.0,-368.479574332787,4.054733321555555,0.0,0.0,none
inventory,heuristic,11,179,1052.2844980936773,9.891123754938537,0.798555460949636,0.0,0,low_restock,1.0,0.0,0.0,-368.3542130749616,1.4397521526982922,0.0,0.0,none
inventory,heuristic,11,180,1051.9263230713188,8.901177083579437,1.780697254390358,0.0,0,low_restock,1.0,0.0,0.0,-369.8071119450486,4.153428810711923,0.0,0.0,none
inventory,heuristic,11,181,1056.0774627001388,8.79859088330435,1.688573754642448,0.0,0,low_restock,1.0,0.0,0.0,-372.29222554304175,7.194360531465798,0.0,0.0,none
inventory,heuristic,11,182,1063.1777872658336,9.730041695868632,2.3789460471609583,0.0,0,low_restock,1.0,0.0,0.0,-374.5283067200643,6.413287837176243,0.0,0.0,none
inventory,heuristic,11,183,1069.5665906287552,10.24013498656094,2.609721494695212,0.0,0,low_restock,1.0,0.0,0.0,-376.4345029330177,5.4549425565579766,0.0,0.0,none
inventory,heuristic,11,184,1075.0128655229078,10.545673485846098,2.6434008374040805,0.0,0,low_restock,1.0,0.0,0.0,-377.50697278288646,3.3533042646218885,0.0,0.0,none
inventory,heuristic,11,185,1078.0770650939614,11.230148404528515,1.4657656793094773,0.0,0,low_restock,1.0,0.0,0.0,-379.6873788379795,6.24400184567794,0.0,0.0,none
inventory,heuristic,11,186,1084.3067966799415,11.645866795960561,1.3937821082879525,0.0,0,low_restock,1.0,0.0,0.0,-381.58980737082504,5.449487851964349,0.0,0.0,none
inventory,heuristic,11,187,1089.742306773786,11.312903901590468,1.1905984982324194,0.0,0,low_restock,1.0,0.0,0.0,-383.26424924974106,4.796459759908516,0.0,0.0,none
inventory,heuristic,11,188,1094.5264264278317,10.991967159815285,1.0672089850089113,0.0,0,low_restock,1.0,0.0,0.0,-386.2250610338068,8.510116761014238,0.0,0.0,none
inventory,heuristic,11,189,1102.9858886680195,11.594604629022351,1.7717754997113275,0.0,0,low_restock,1.0,0.0,0.0,-387.24782443461464,2.922606807876463,0.0,0.0,none
inventory,heuristic,11,190,1105.9080698131847,11.56620094384466,1.8127771942467645,0.0,0,low_restock,1.0,0.0,0.0,-390.3089399949347,8.770379731990094,0.0,0.0,none
inventory,heuristic,11,191,1114.654114271242,12.069463518260088,2.2287023824502263,0.0,0,low_restock,1.0,0.0,0.0,-391.51801234225013,3.4854519816003604,0.0,0.0,none
inventory,heuristic,11,192,1118.1086066921432,11.673259983671468,2.469285817368569,0.0,0,low_restock,1.0,0.0,0.0,-394.4806090982929,8.49816981401475,0.0,0.0,none
inventory,heuristic,11,193,1126.5731688522656,12.40934848488676,2.6373671775341694,0.0,0,low_restock,1.0,0.0,0.0,-397.24357730592703,7.895403439600504,0.0,0.0,none
inventory,heuristic,11,194,1134.46736373122,12.296295012640112,2.557984562582003,0.0,0,low_restock,1.0,0.0,0.0,-399.4219272373012,6.287539701140407,0.0,0.0,none
inventory,heuristic,11,195,1140.6912206780034,12.956630172963736,1.9573867974899783,0.0,0,low_restock,1.0,0.0,0.0,-403.00532828560034,10.248119641584266,0.0,0.0,none
inventory,heuristic,11,196,1150.9295093874296,13.255079023237537,2.2925416489142356,0.0,0,low_restock,1.0,0.0,0.0,-406.09430852919536,8.945335912836953,0.0,0.0,none
inventory,heuristic,11,197,1159.7551672262725,14.329312106825878,1.3062244650000616,0.0,0,low_restock,1.0,0.0,0.0,-409.5525894802258,9.885913626836063,0.0,0.0,none
inventory,heuristic,11,198,1169.6359699435022,14.612560218247378,1.4504340618558917,0.0,0,low_restock,1.0,0.0,0.0,-413.8797968989706,12.408067083199457,0.0,0.0,none
inventory,heuristic,11,199,1181.9994197113447,15.506411196024931,2.0038498266663245,0.0,0,low_restock,1.0,0.0,0.0,-416.32916795485295,7.004192068846887,0.0,0.0,none
inventory,heuristic,11,200,1188.9976227281513,15.661280410029594,1.7591528724363192,0.0,0,low_restock,1.0,0.0,0.0,-420.673384184372,12.423964137471524,1.0,1.0,inventory_demand_spike
inventory,heuristic,11,201,1201.4096690982058,16.096031942155243,2.0862322238349034,0.0,0,low_restock,1.0,0.0,0.0,-425.7559725796492,14.574615525812806,1.0,0.0,inventory_demand_spike
inventory,heuristic,11,202,1215.9313502275693,17.235236600259356,2.5785813370718245,0.0,0,low_restock,1.0,0.0,0.0,-431.79624457706825,17.338965187770004,1.0,0.0,inventory_demand_spike
inventory,heuristic,11,203,1233.189270220195,18.71066005533856,3.3704379775238062,0.0,0,low_restock,1.0,0.0,0.0,-436.384105063205,13.109019180120184,1.0,0.0,inventory_demand_spike
inventory,heuristic,11,204,1246.2974430377287,18.859604665276827,3.36825770183608,0.0,0,low_restock,1.0,0.0,0.0,-440.7395419125644,12.586932750499352,1.0,0.0,inventory_demand_spike
inventory,heuristic,11,205,1258.7415483216125,19.94878511869223,1.8226815344776715,0.0,0,low_restock,1.0,0.0,0.0,-447.00058801445226,17.9257776389232,1.0,0.0,inventory_demand_spike
inventory,heuristic,11,206,1276.6302514698637,21.04411647433155,2.1805262706729227,0.0,0,low_restock,1.0,0.0,0.0,-452.406988326483,15.447971691896687,1.0,0.0,inventory_demand_spike
inventory,heuristic,11,207,1292.0771095042371,21.229151855333562,2.1675583359565755,0.0,0,low_restock,1.0,0.0,0.0,-457.02976112464825,13.233686152547477,1.0,0.0,inventory_demand_spike
inventory,heuristic,11,208,1305.2850317847094,20.419152312902867,2.0090056368555245,0.0,0,low_restock,1.0,0.0,0.0,-462.7372190662084,16.31957093124835,1.0,0.0,inventory_demand_spike
inventory,heuristic,11,209,1321.5920544748813,21.058922287430494,1.998968607414451,0.0,0,low_restock,1.0,0.0,0.0,-466.6917618795331,11.305706562041658,1.0,0.0,inventory_demand_spike
inventory,heuristic,11,210,1332.8907482272375,20.829839981125012,2.3246089832821313,0.0,0,low_restock,1.0,0.0,0.0,-471.43168745165644,13.582124439169098,1.0,0.0,inventory_demand_spike
inventory,heuristic,11,211,1346.4333927190185,19.96062824983099,1.7630438343541892,0.0,0,low_restock,1.0,0.0,0.0,-474.711726724945,9.466630983952342,1.0,0.0,inventory_demand_spike
inventory,heuristic,11,212,1355.804933499843,18.74556479912116,2.3242446811275657,0.0,0,low_restock,1.0,0.0,0.0,-478.50792115642366,10.856974090844195,1.0,0.0,inventory_demand_spike
inventory,heuristic,11,213,1366.6512033040676,18.273234303871618,2.4202740853925375,0.0,0,low_restock,1.0,0.0,0.0,-483.24021897007106,13.556340827370178,1.0,0.0,inventory_demand_spike
inventory,heuristic,11,214,1380.172054200203,17.715999945064333,1.6137646051873755,0.0,0,low_restock,1.0,0.0,0.0,-488.1849530869287,14.141066900460523,1.0,0.0,inventory_demand_spike
inventory,heuristic,11,215,1394.2998659626535,18.28182354708313,1.8473273151112313,0.0,0,low_restock,1.0,0.0,0.0,-492.97005836915196,13.67176593655319,1.0,0.0,inventory_demand_spike
inventory,heuristic,11,216,1407.9715953404343,18.30764052428311,1.8655791180135166,0.0,0,low_restock,1.0,0.0,0.0,-496.3300628851564,9.600384409808836,1.0,0.0,inventory_demand_spike
inventory,heuristic,11,217,1417.5716082433041,18.3533349486922,1.7945502477463111,0.0,0,low_restock,1.0,0.0,0.0,-500.2385350918647,11.167359639143607,1.0,0.0,inventory_demand_spike
inventory,heuristic,11,218,1428.738671691042,18.417493677394873,1.7445610319157692,0.0,0,low_restock,1.0,0.0,0.0,-503.4216880311807,9.142986825364673,1.0,0.0,inventory_demand_spike
inventory,heuristic,11,219,1437.833394374802,17.532268034919788,2.0553711929436087,0.0,0,low_restock,1.0,0.0,0.0,-506.1496790128065,7.896615543652495,1.0,0.0,inventory_demand_spike
inventory,heuristic,11,220,1445.6276543223044,16.265557671930186,2.0167218551630626,0.0,0,low_restock,1.0,0.0,0.0,-509.9633037189099,10.938379022872807,1.0,0.0,inventory_demand_spike
inventory,heuristic,11,221,1456.5237249111713,15.710425914147402,1.2321136077207588,0.0,0,low_restock,1.0,0.0,0.0,-514.8324914419583,13.964085635970216,1.0,0.0,inventory_demand_spike
inventory,heuristic,11,222,1470.4356898341669,16.572816318172546,2.074255176042417,0.0,0,low_restock,1.0,0.0,0.0,-519.8581932558501,14.382469281376428,1.0,0.0,inventory_demand_spike
inventory,heuristic,11,223,1484.7948378738577,17.211233236563142,2.586811555666031,0.0,0,low_restock,1.0,0.0,0.0,-524.6415793675968,13.69776734055531,1.0,0.0,inventory_demand_spike
inventory,heuristic,11,224,1498.4616553359913,18.12565219223788,2.4830399496944957,0.0,0,low_restock,1.0,0.0,0.0,-530.2510195615457,16.132481947857183,1.0,0.0,inventory_demand_spike
inventory,heuristic,11,225,1514.4886273187024,19.772194599279644,1.6571822348638632,0.0,0,low_restock,1.0,0.0,0.0,-534.143359613215,11.121332107279706,1.0,0.0,inventory_demand_spike
inventory,heuristic,11,226,1525.6095988949003,19.81717479674584,1.5797495308920024,0.0,0,low_restock,1.0,0.0,0.0,-537.9078591042744,10.782121992377022,1.0,0.0,inventory_demand_spike
inventory,heuristic,11,227,1536.3653117264985,19.185924378466346,1.9924468196109504,0.0,0,low_restock,1.0,0.0,0.0,-542.6351873539323,13.507922991685108,1.0,0.0,inventory_demand_spike
inventory,heuristic,11,228,1549.8719638683783,19.015425198904115,1.9199106402486017,0.0,0,low_restock,1.0,0.0,0.0,-547.0418302658229,12.592273389074197,1.0,0.0,inventory_demand_spike
inventory,heuristic,11,229,1562.4623721880657,18.800143370414855,1.8949870960686948,0.0,0,low_restock,1.0,0.0,0.0,-551.4394954583755,12.614217237055524,1.0,0.0,inventory_demand_spike
inventory,heuristic,11,230,1575.027129881073,18.107700512474107,1.0198508163220268,0.0,0,low_restock,1.0,0.0,0.0,-556.54583100789,14.608042743580723,1.0,0.0,inventory_demand_spike
inventory,heuristic,11,231,1589.616660022543,18.80141222552853,1.2633402587819504,0.0,0,low_restock,1.0,0.0,0.0,-562.3767582933648,16.70372198730876,1.0,0.0,inventory_demand_spike
inventory,heuristic,11,232,1606.276452266757,19.98222810805168,1.530406655988191,0.0,0,low_restock,1.0,0.0,0.0,-567.9492853622014,15.929513677755011,1.0,0.0,inventory_demand_spike
inventory,heuristic,11,233,1622.1979581777186,20.4651988618681,1.6780372353147892,0.0,0,low_restock,1.0,0.0,0.0,-573.108841498001,14.75060236447703,1.0,0.0,inventory_demand_spike
inventory,heuristic,11,234,1636.9395471371458,20.89543498981606,1.3939211667475926,0.0,0,low_restock,1.0,0.0,0.0,-579.7953582084571,19.150630614947403,1.0,0.0,inventory_demand_spike
inventory,heuristic,11,235,1656.0438805955919,22.20335014290381,1.6397951405299709,0.0,0,low_restock,1.0,0.0,0.0,-586.9144695192531,20.37726660720797,1.0,0.0,inventory_demand_spike
inventory,heuristic,11,236,1676.3841986264376,23.353507720778953,2.065934004446674,0.0,0,low_restock,1.0,0.0,0.0,-592.5542948299664,16.114227108200932,1.0,0.0,inventory_demand_spike
inventory,heuristic,11,237,1692.4979852284755,23.244306592343747,2.1135969062815407,0.0,0,low_restock,1.0,0.0,0.0,-597.1107243659244,13.045018413805314,1.0,0.0,inventory_demand_spike
inventory,heuristic,11,238,1705.516355331213,22.663679430698846,2.711440852334342,0.0,0,low_restock,1.0,0.0,0.0,-601.492318914203,12.53401592031851,1.0,0.0,inventory_demand_spike
inventory,heuristic,11,239,1718.0351968977232,22.219129952115445,3.1386839734083622,0.0,0,low_restock,1.0,0.0,0.0,-608.1489425487753,19.018938702007343,1.0,0.0,inventory_demand_spike
inventory,heuristic,11,240,1737.0541215679295,22.202048194467512,3.1231291258267944,0.0,0,low_restock,1.0,0.0,0.0,-612.3724788850234,12.189429832854714,1.0,0.0,inventory_demand_spike
inventory,heuristic,11,241,1749.1213682429243,20.547433923297312,2.647725141244618,0.0,0,low_restock,1.0,0.0,0.0,-618.3369986337468,17.04300969902659,1.0,0.0,inventory_demand_spike
inventory,heuristic,11,242,1766.162853239277,20.73297360216027,2.780177954611615,0.0,0,low_restock,1.0,0.0,0.0,-623.7698034456077,15.530932752050399,1.0,0.0,inventory_demand_spike
inventory,heuristic,11,243,1781.6851527017368,21.23375947410478,2.6486292682197097,0.0,0,low_restock,1.0,0.0,0.0,-628.3109471652465,12.975319568897714,1.0,0.0,inventory_demand_spike
inventory,heuristic,11,244,1794.6598490435617,21.32493042916772,2.5599691903522337,0.0,0,low_restock,1.0,0.0,0.0,-634.0340036379655,16.37216019755172,1.0,0.0,inventory_demand_spike
inventory,heuristic,11,245,1811.011438965616,20.791463479537278,1.9366317464882337,0.0,0,low_restock,1.0,0.0,0.0,-637.4202625308508,9.716632299405383,1.0,0.0,inventory_demand_spike
inventory,heuristic,11,246,1820.6864643738595,20.31301922618703,2.69684072310335,0.0,0,low_restock,1.0,0.0,0.0,-640.9591759731007,10.20576553813355,1.0,0.0,inventory_demand_spike
inventory,heuristic,11,247,1830.7976456374308,18.926958479630777,2.719185329040124,0.0,0,low_restock,1.0,0.0,0.0,-645.2214752705474,12.20079660247195,1.0,0.0,inventory_demand_spike
inventory,heuristic,11,248,1842.9756436301357,18.258098185679767,2.3899004497274836,0.0,0,low_restock,1.0,0.0,0.0,-648.1191185371789,8.342638870314774,1.0,0.0,inventory_demand_spike
inventory,heuristic,11,249,1851.25462439194,17.318955069675642,2.8095563490325977,0.0,0,low_restock,1.0,0.0,0.0,-653.1240019930401,14.322828484888134,1.0,0.0,inventory_demand_spike
inventory,heuristic,11,250,1865.5542914086861,16.908570488614032,2.1063326909163713,0.0,0,low_restock,1.0,0.0,0.0,-656.3417868721637,9.194399267864133,1.0,0.0,inventory_demand_spike
inventory,heuristic,11,251,1874.7479624918963,16.812299623607366,2.1705341799758635,0.0,0,low_restock,1.0,0.0,0.0,-659.1818967652547,8.12858778007332,1.0,0.0,inventory_demand_spike
inventory,heuristic,11,252,1882.8625621864421,16.412983309802247,2.4308370365922234,0.0,0,low_restock,1.0,0.0,0.0,-661.6759883336929,7.19800566091873,1.0,0.0,inventory_demand_spike
inventory,heuristic,11,253,1889.9885380962658,15.402578893226012,2.534931907717088,0.0,0,low_restock,1.0,0.0,0.0,-665.7440067744286,11.642268902211539,1.0,0.0,inventory_demand_spike
inventory,heuristic,11,254,1901.6114479269393,16.071364706999862,2.5907691240686685,0.0,0,low_restock,1.0,0.0,0.0,-669.2723591204705,10.168927394407921,1.0,0.0,inventory_demand_spike
inventory,heuristic,11,255,1911.6924546299158,15.227632644245952,1.5570842525710589,0.0,0,low_restock,1.0,0.0,0.0,-673.3153681542093,11.563876915108299,1.0,0.0,inventory_demand_spike
inventory,heuristic,11,256,1923.243909012027,15.699189304026138,1.8116137840530728,0.0,0,low_restock,1.0,0.0,0.0,-677.4584861459924,11.860940036067548,1.0,0.0,inventory_demand_spike
inventory,heuristic,11,257,1935.08138898855,16.443765360421605,1.7719547264917783,0.0,0,low_restock,1.0,0.0,0.0,-682.0862067049569,13.300701763412414,1.0,0.0,inventory_demand_spike
inventory,heuristic,11,258,1948.3034477284484,17.66298192643654,0.9977835289682326,0.0,0,low_restock,1.0,0.0,0.0,-687.2215330505701,14.695801285652914,1.0,0.0,inventory_demand_spike
inventory,heuristic,11,259,1962.9758087159148,18.27287215779508,1.5603067609911863,0.0,0,low_restock,1.0,0.0,0.0,-691.6985469624827,12.810842414388851,1.0,0.0,inventory_demand_spike
inventory,heuristic,11,260,1975.767277035665,18.814964481149822,1.110687473049114,0.0,0,low_restock,1.0,0.0,0.0,-694.9471236934149,9.31755972905182,1.0,0.0,inventory_demand_spike
inventory,heuristic,11,261,1985.0489248383287,18.361003165260325,1.790284776923283,0.0,0,low_restock,1.0,0.0,0.0,-699.1155158473344,11.909701295126128,1.0,0.0,inventory_demand_spike
inventory,heuristic,11,262,1996.95861670667,18.375445543623965,1.7862900301201592,0.0,0,low_restock,1.0,0.0,0.0,-702.6149002490313,10.020181870413262,1.0,0.0,inventory_demand_spike
inventory,heuristic,11,263,2006.9568578543754,17.73068202518535,1.9395828015764667,0.0,0,low_restock,1.0,0.0,0.0,-705.8142127404187,9.21977235511202,1.0,0.0,inventory_demand_spike
inventory,heuristic,11,264,2016.0977506869108,16.624388394199197,1.4658794067925947,0.0,0,low_restock,1.0,0.0,0.0,-710.479958371837,13.33217045621625,1.0,0.0,inventory_demand_spike
inventory,heuristic,11,265,2029.428452490963,16.73223509105963,1.6317937672879756,0.0,0,low_restock,1.0,0.0,0.0,-715.997130157356,15.833848093562736,1.0,0.0,inventory_demand_spike
inventory,heuristic,11,266,2045.1918004495888,18.028575122251986,2.3714620097050223,0.0,0,low_restock,1.0,0.0,0.0,-720.1846713570246,11.964408439764304,1.0,0.0,inventory_demand_spike
inventory,heuristic,11,267,2057.1562038772136,18.03951743410866,2.3710143999882427,0.0,0,low_restock,1.0,0.0,0.0,-724.7918947624873,13.180493398054516,1.0,0.0,inventory_demand_spike
inventory,heuristic,11,268,2070.319699321393,18.672568293403454,2.154126141254404,0.0,0,low_restock,1.0,0.0,0.0,-729.7487593123149,14.226325914368642,1.0,0.0,inventory_demand_spike
inventory,heuristic,11,269,2084.482169463757,19.676883755369204,1.2573881966282898,0.0,0,low_restock,1.0,0.0,0.0,-735.8157937731731,17.36458200692519,1.0,0.0,inventory_demand_spike
inventory,heuristic,11,270,2101.8165536376378,20.477620229334835,1.8950830192579542,0.0,0,low_restock,1.0,0.0,0.0,-741.4914267245955,16.21649305496108,1.0,0.0,inventory_demand_spike
inventory,heuristic,11,271,2118.032647784559,20.56816946699391,1.9639194584023048,0.0,0,low_restock,1.0,0.0,0.0,-747.5094549151601,17.228672935150783,1.0,0.0,inventory_demand_spike
inventory,heuristic,11,272,2135.2270140433147,21.614162033220186,1.6692338334542638,0.0,0,low_restock,1.0,0.0,0.0,-753.9765813662331,18.50937203075922,1.0,0.0,inventory_demand_spike
inventory,heuristic,11,273,2153.7045181892377,22.676963773568936,1.4475449271809213,0.0,0,low_restock,1.0,0.0,0.0,-759.4519471746754,15.653751177962652,1.0,0.0,inventory_demand_spike
inventory,heuristic,11,274,2169.3484204990727,22.97325020706312,0.9780123817371057,0.0,0,low_restock,1.0,0.0,0.0,-766.03759281037,18.82019994760489,1.0,0.0,inventory_demand_spike
inventory,heuristic,11,275,2188.164550886772,23.26959944982686,1.2336301183024343,0.0,0,low_restock,1.0,0.0,0.0,-772.9090949510608,19.645426498532224,1.0,0.0,inventory_demand_spike
inventory,heuristic,11,276,2207.797414145888,23.95295327226595,1.3963879489418327,0.0,0,low_restock,1.0,0.0,0.0,-777.4251597637922,12.977688881767934,1.0,0.0,inventory_demand_spike
inventory,heuristic,11,277,2220.700456467978,23.09468848493272,2.489680728186298,0.0,0,low_restock,1.0,0.0,0.0,-784.2199260985844,19.41494818030559,1.0,0.0,inventory_demand_spike
inventory,heuristic,11,278,2240.1140745673843,23.281911275629433,2.6184936195963426,0.0,0,low_restock,1.0,0.0,0.0,-790.3138642659221,17.41531617942406,1.0,0.0,inventory_demand_spike
inventory,heuristic,11,279,2257.5253264740636,23.635381194998235,2.4896383225946237,0.0,0,low_restock,1.0,0.0,0.0,-794.6160184585485,12.378602573577046,1.0,0.0,inventory_demand_spike
inventory,heuristic,11,280,2269.8171955958533,22.330528941816315,3.1507856319956558,0.0,0,low_restock,1.0,0.0,0.0,-799.6744507834549,14.496263322097514,1.0,0.0,inventory_demand_spike
inventory,heuristic,11,281,2284.2698593812997,21.29448904708235,2.7162961097362075,0.0,0,low_restock,1.0,0.0,0.0,-805.0517953612413,15.374061918465731,1.0,0.0,inventory_demand_spike
inventory,heuristic,11,282,2299.633701032118,21.78664891282802,2.4481016505347197,0.0,0,low_restock,1.0,0.0,0.0,-811.0544501445527,17.165862109060864,1.0,0.0,inventory_demand_spike
inventory,heuristic,11,283,2316.7841432701507,21.334013740553274,1.8786506974068493,0.0,0,low_restock,1.0,0.0,0.0,-815.3895958885875,12.426891192677035,1.0,0.0,inventory_demand_spike
inventory,heuristic,11,284,2329.170273967393,20.328989498665855,1.8423555367333795,0.0,0,low_restock,1.0,0.0,0.0,-820.0889638087035,13.430273590911794,1.0,0.0,inventory_demand_spike
inventory,heuristic,11,285,2342.597039453439,20.555968771517158,1.6357212724791093,0.0,0,low_restock,1.0,0.0,0.0,-825.4903915060358,15.433933080074128,1.0,0.0,inventory_demand_spike
inventory,heuristic,11,286,2358.0296900172457,20.751966127189256,1.669954767880646,0.0,0,low_restock,1.0,0.0,0.0,-830.5039982475942,14.326119684181492,1.0,0.0,inventory_demand_spike
inventory,heuristic,11,287,2372.3542807074123,20.544115935058958,1.6453567533971096,0.0,0,low_restock,1.0,0.0,0.0,-835.788938419845,15.114721853132975,1.0,0.0,inventory_demand_spike
inventory,heuristic,11,288,2387.4541097709857,20.133993300167074,1.1145287466121294,0.0,0,low_restock,1.0,0.0,0.0,-839.6056526767532,10.920688669520468,1.0,0.0,inventory_demand_spike
inventory,heuristic,11,289,2398.3590076478663,19.837746736094754,1.6213633198939363,0.0,0,low_restock,1.0,0.0,0.0,-843.8473589262106,12.122840200990922,1.0,0.0,inventory_demand_spike
inventory,heuristic,11,290,2410.478168360602,19.576225781432704,1.7656025237093198,0.0,0,low_restock,1.0,0.0,0.0,-846.763872764734,8.479170756859718,1.0,0.0,inventory_demand_spike
inventory,heuristic,11,291,2418.811065042097,18.15627500497039,2.431116920199442,0.0,0,low_restock,1.0,0.0,0.0,-851.0801287275585,12.3408580167432,1.0,0.0,inventory_demand_spike
inventory,heuristic,11,292,2431.143224935882,17.75778884569391,2.1948591702507922,0.0,0,low_restock,1.0,0.0,0.0,-855.6469083787864,13.065439541655444,1.0,0.0,inventory_demand_spike
inventory,heuristic,11,293,2444.191166796533,17.34741140510945,1.6577242021244543,0.0,0,low_restock,1.0,0.0,0.0,-859.7285099805541,11.662708181035859,1.0,0.0,inventory_demand_spike
inventory,heuristic,11,294,2455.8528856587263,17.49877560217202,1.6449111225653925,0.0,0,low_restock,1.0,0.0,0.0,-864.0615231702278,12.380168679885328,1.0,0.0,inventory_demand_spike
inventory,heuristic,11,295,2468.2329233435084,17.550950996581253,1.66774079638442,0.0,0,low_restock,1.0,0.0,0.0,-867.0485505301093,8.5348118650726,1.0,0.0,inventory_demand_spike
inventory,heuristic,11,296,2476.767287228884,17.59124443735733,1.5901322735813583,0.0,0,low_restock,1.0,0.0,0.0,-872.050456939663,14.300559218432959,1.0,0.0,inventory_demand_spike
inventory,heuristic,11,297,2491.0584483990374,17.9830446926311,1.9295419501903035,0.0,0,low_restock,1.0,0.0,0.0,-877.3933085613743,15.277123755457968,1.0,0.0,inventory_demand_spike
inventory,heuristic,11,298,2506.323738746784,18.42651439005015,2.3354427583283766,0.0,0,low_restock,1.0,0.0,0.0,-882.8630644808853,15.650221514377526,1.0,0.0,inventory_demand_spike
inventory,heuristic,11,299,2521.95161280253,19.219745428760692,2.5995837548726124,0.0,0,low_restock,1.0,0.0,0.0,-887.2517784784252,12.539226860258122,1.0,0.0,inventory_demand_spike
inventory,heuristic,11,300,2534.4907956526436,19.251574461826998,2.5900644541947355,0.0,0,low_restock,1.0,0.0,0.0,-892.5154888462869,2533.6549606259005,1.0,1.0,inventory_demand_spike|inventory_sensor_noise
inventory,heuristic,11,301,0.9020741859428828,1.0,1.0,-0.04105679588715483,0,low_restock,1.0,0.0,0.0,-894.0090062741557,0.1292908017651056,1.0,0.0,inventory_sensor_noise
inventory,heuristic,11,302,0.8936816639450953,0.9947576475989252,1.0,0.08785478131552868,0,low_restock,1.0,0.0,0.0,-897.3281662579765,0.11052293426970103,1.0,0.0,inventory_sensor_noise
inventory,heuristic,11,303,0.9027300320390389,0.8965708439322523,1.0,0.03792685706322882,0,low_restock,1.0,0.0,0.0,-900.6683524031096,0.15430246288073768,1.0,0.0,inventory_sensor_noise
inventory,heuristic,11,304,1.0,1.0,0.9918574802314001,-0.021938929750831143,0,low_restock,1.0,0.0,0.0,-902.7542063613661,0.09110121882713794,1.0,0.0,inventory_sensor_noise
inventory,heuristic,11,305,1.0,0.9768958435467757,0.9372051697278748,-0.09106746932025406,0,low_restock,1.0,0.0,0.0,-904.2506821208474,0.09584127475389494,1.0,0.0,inventory_sensor_noise
inventory,heuristic,11,306,1.0,1.0,0.9724107522422484,-0.004972667730029397,0,low_restock,1.0,0.0,0.0,-906.8889460947378,0.03513652376465922,1.0,0.0,inventory_sensor_noise
inventory,heuristic,11,307,1.0,1.0,1.0,0.01678528967469633,0,low_restock,1.0,0.0,0.0,-909.9530570919941,0.1852858669000581,1.0,0.0,inventory_sensor_noise
inventory,heuristic,11,308,0.8568174983621468,1.0,0.886424230031878,-0.01371336888236883,0,low_restock,1.0,0.0,0.0,-913.7240858424291,0.06496052827637162,1.0,0.0,inventory_sensor_noise
inventory,heuristic,11,309,0.8820962812673296,1.0,0.9377147576322362,0.017110893432483145,0,low_restock,1.0,0.0,0.0,-916.7801273888957,0.1814364351344889,1.0,0.0,inventory_sensor_noise
inventory,heuristic,11,310,1.0,0.9961115527294538,1.0,-0.10586602173590146,0,low_restock,1.0,0.0,0.0,-918.5946092334664,0.1376811547477469,1.0,0.0,inventory_sensor_noise
inventory,heuristic,11,311,0.9769556768239974,1.0,0.9925864076042172,0.02961452361156292,0,low_restock,1.0,0.0,0.0,-922.6101971258776,0.1265286687622498,1.0,0.0,inventory_sensor_noise
inventory,heuristic,11,312,1.0,0.9195092028914073,1.0,-0.06496207717700227,0,low_restock,1.0,0.0,0.0,-924.5255153100453,0.07648848867828205,1.0,0.0,inventory_sensor_noise
inventory,heuristic,11,313,1.0,0.9595836983887712,1.0,0.00018793211631584942,0,low_restock,1.0,0.0,0.0,-928.4583353478308,0.012734085117686282,1.0,0.0,inventory_sensor_noise
inventory,heuristic,11,314,1.0,0.9518279667193126,1.0,-0.009911847587016074,0,low_restock,1.0,0.0,0.0,-930.5653854293074,0.07125962876320698,1.0,0.0,inventory_sensor_noise
inventory,heuristic,11,315,1.0,1.0,1.0,-0.062422702665508346,0,low_restock,1.0,0.0,0.0,-933.0304880342103,0.0322605850533788,1.0,0.0,inventory_sensor_noise
inventory,heuristic,11,316,1.0,1.0,1.0,-0.030162117612129544,0,low_restock,1.0,0.0,0.0,-936.6449435514861,0.04683793417233465,1.0,0.0,inventory_sensor_noise
inventory,heuristic,11,317,1.0,1.0,1.0,0.016675816560205108,0,low_restock,1.0,0.0,0.0,-938.3082615017205,0.10592513236133706,1.0,0.0,inventory_sensor_noise
inventory,heuristic,11,318,1.0,0.9521283102219891,0.9188425809291484,-0.03171745067112398,0,low_restock,1.0,0.0,0.0,-939.8402744592096,0.14942896884748907,1.0,0.0,inventory_sensor_noise
inventory,heuristic,11,319,1.0,1.0,1.0,0.084260096200587,0,low_restock,1.0,0.0,0.0,-942.236548539903,0.02253855143757858,1.0,0.0,inventory_sensor_noise
inventory,heuristic,11,320,1.0,1.0,1.0,0.06172154476300842,0,low_restock,1.0,0.0,0.0,-945.0398931346903,0.11317657229842104,1.0,0.0,inventory_sensor_noise
inventory,heuristic,11,321,1.0,0.9737896756451984,0.9444956294299193,0.15680687623981915,0,low_restock,1.0,0.0,0.0,-947.9943964011785,0.2551585812914036,1.0,0.0,inventory_sensor_noise
inventory,heuristic,11,322,1.0,1.0,1.0,-0.09085859440854774,0,low_restock,1.0,0.0,0.0,-950.3551166209405,0.1510583008674139,1.0,0.0,inventory_sensor_noise
inventory,heuristic,11,323,1.0,1.0,1.0,0.06019970645886616,0,low_restock,1.0,0.0,0.0,-953.2690692508521,0.24611125225498345,1.0,0.0,inventory_sensor_noise
inventory,heuristic,11,324,1.0,0.9292674484598363,0.7662244715760878,0.029923363396092046,0,low_restock,1.0,0.0,0.0,-954.761568381999,0.2565347885023417,1.0,0.0,inventory_sensor_noise
inventory,heuristic,11,325,1.0,1.0,1.0,0.10838358372894519,0,low_restock,1.0,0.0,0.0,-957.3961440319698,0.14512172680667487,1.0,0.0,inventory_sensor_noise
inventory,heuristic,11,326,0.9391426306103543,1.0,1.0,-0.023361230902687984,0,low_restock,1.0,0.0,0.0,-957.4976636123465,0.1278557526053139,1.0,0.0,inventory_sensor_noise
inventory,heuristic,11,327,0.8567504882038888,0.927496156694054,1.0,0.042227038245161726,0,low_restock,1.0,0.0,0.0,-957.8852486496435,0.14378935292116435,1.0,0.0,inventory_sensor_noise
inventory,heuristic,11,328,1.0,0.919666301151034,1.0,0.051904266455676557,0,low_restock,1.0,0.0,0.0,-959.0603425613174,0.17263356125186216,1.0,0.0,inventory_sensor_noise
inventory,heuristic,11,329,0.9873843625415002,0.8104237001419285,1.0,0.18498035854881528,0,low_restock,1.0,0.0,0.0,-959.5337664901981,0.20667147182088133,1.0,0.0,inventory_sensor_noise
inventory,heuristic,11,330,1.0,0.9266050107762404,0.9670086544444207,0.017745741516781648,0,low_restock,1.0,0.0,0.0,-961.2247845221203,0.1337648034958034,1.0,0.0,inventory_sensor_noise
inventory,heuristic,11,331,1.0,1.0,1.0,0.12459970414591144,0,low_restock,1.0,0.0,0.0,-962.6822811128861,0.17169633155216343,1.0,0.0,inventory_sensor_noise
inventory,heuristic,11,332,0.9934638578099115,1.0,0.9451995280546476,-0.0379850964607505,0,low_restock,1.0,0.0,0.0,-963.8617126110728,0.08308888938944047,1.0,0.0,inventory_sensor_noise
inventory,heuristic,11,333,1.0,1.0,1.0,0.02412730696890483,0,low_restock,1.0,0.0,0.0,-966.01376057542,0.17703220960091812,1.0,0.0,inventory_sensor_noise
inventory,heuristic,11,334,0.8542697010241233,0.9429714015147858,0.9511492024837439,-0.04268902137546738,0,low_restock,1.0,0.0,0.0,-967.4710666699152,0.16420920121250981,1.0,0.0,inventory_sensor_noise
inventory,heuristic,11,335,1.0,0.9731853938015856,1.0,0.006586286592835159,0,low_restock,1.0,0.0,0.0,-968.3551564429398,0.07266246397334071,1.0,0.0,inventory_sensor_noise
inventory,heuristic,11,336,0.9733754951192184,1.0,1.0,0.06865033661339241,0,low_restock,1.0,0.0,0.0,-969.5749354352527,0.12625339595779034,1.0,0.0,inventory_sensor_noise
inventory,heuristic,11,337,0.9617998362574712,0.9813842201918304,0.8909101843655324,0.128305922938251,0,low_restock,1.0,0.0,0.0,-972.2502480447025,0.24104445104524108,1.0,0.0,inventory_sensor_noise
inventory,heuristic,11,338,1.0,0.9856934531570747,0.9617295111685003,-0.09887072271920058,0,low_restock,1.0,0.0,0.0,-975.247360295919,0.12541912688585186,1.0,0.0,inventory_sensor_noise
inventory,heuristic,11,339,1.0,1.0,1.0,0.01970688811369925,0,low_restock,1.0,0.0,0.0,-976.4793501163798,0.2052834690962659,1.0,0.0,inventory_sensor_noise
inventory,heuristic,11,340,0.937770348802994,0.8044290000608006,1.0,0.015150883408014355,0,low_restock,1.0,0.0,0.0,-979.685121097637,0.3585373633602934,1.0,0.0,inventory_sensor_noise
inventory,heuristic,11,341,0.8712565489869998,1.0,0.8713134402394367,0.278431548628918,0,low_restock,1.0,0.0,0.0,-983.3916324401349,0.4815341612050314,1.0,0.0,inventory_sensor_noise
inventory,heuristic,11,342,1.0,1.0,0.9859926929556972,-0.17117821686237605,0,low_restock,1.0,0.0,0.0,-986.0174380786531,0.12556075902457212,1.0,0.0,inventory_sensor_noise
inventory,heuristic,11,343,0.9898882381256215,0.8756334161164081,1.0,-0.17111009113551462,0,low_restock,1.0,0.0,0.0,-988.9301831180431,0.1588833002653702,1.0,0.0,inventory_sensor_noise
inventory,heuristic,11,344,0.9273823798542083,1.0,1.0,-0.09449499080865156,0,low_restock,1.0,0.0,0.0,-990.9348093467421,0.05246311828346296,1.0,0.0,inventory_sensor_noise
inventory,heuristic,11,345,0.8772830868587508,1.0,1.0,-0.07892451806759705,0,low_restock,1.0,0.0,0.0,-993.990238853274,0.13133620041909497,1.0,0.0,inventory_sensor_noise
inventory,heuristic,11,346,0.9444564010888804,0.9444839319645759,0.904846037171034,-0.05441670413622284,0,low_restock,1.0,0.0,0.0,-997.0433144812049,0.13220644604499335,1.0,0.0,inventory_sensor_noise
inventory,heuristic,11,347,1.0,1.0,1.0,-0.006907309868580117,0,low_restock,1.0,0.0,0.0,-1000.4452624521199,0.12658524119378464,1.0,0.0,inventory_sensor_noise
inventory,heuristic,11,348,0.9891704987660461,0.9214064544151648,0.9900954916449928,-0.1050475182327488,0,low_restock,1.0,0.0,0.0,-1002.2654941824433,0.23046475395838692,1.0,0.0,inventory_sensor_noise
inventory,heuristic,11,349,0.8578088278528233,1.0,1.0,0.0669497769164366,0,low_restock,1.0,0.0,0.0,-1006.7286582686281,0.16469603022482832,1.0,0.0,inventory_sensor_noise
inventory,heuristic,11,350,1.0,1.0,0.9425418937560378,0.006907966799759724,0,low_restock,1.0,0.0,0.0,-1009.8995858938149,0.17502688608710923,1.0,0.0,inventory_sensor_noise
inventory,heuristic,11,351,0.9700761613902228,0.9110806241911458,0.864601146992824,-0.11862115068284762,0,low_restock,1.0,0.0,0.0,-1012.6961099189454,0.26931459381372735,1.0,0.0,inventory_sensor_noise
inventory,heuristic,11,352,0.9995581409152032,1.0,0.9620334831467802,0.1143197169245514,0,low_restock,1.0,0.0,0.0,-1016.5357844363153,0.18389084688038587,1.0,0.0,inventory_sensor_noise
inventory,heuristic,11,353,1.0,1.0,1.0,-0.06560857969654398,0,low_restock,1.0,0.0,0.0,-1019.6054369727856,0.23860430899036508,1.0,0.0,inventory_sensor_noise
inventory,heuristic,11,354,0.8424153776773405,1.0,0.9449241062855569,0.10487822040173272,0,low_restock,1.0,0.0,0.0,-1022.3489251306462,0.3185636114963419,1.0,0.0,inventory_sensor_noise
inventory,heuristic,11,355,1.0,1.0,1.0,-0.16644540059093418,0,low_restock,1.0,0.0,0.0,-1025.5086834934978,0.1545537784652212,1.0,0.0,inventory_sensor_noise
inventory,heuristic,11,356,1.0,0.9461506213311032,0.9395113358430042,-0.03480864142635814,0,low_restock,1.0,0.0,0.0,-1026.760070608244,0.1271067922466556,1.0,0.0,inventory_sensor_noise
inventory,heuristic,11,357,1.0,1.0,1.0,-0.13277548561718833,0,low_restock,1.0,0.0,0.0,-1029.1670441929396,0.26663747240451785,1.0,0.0,inventory_sensor_noise
inventory,heuristic,11,358,0.9527542242842912,0.8099651383271405,0.9918395136562942,0.048010399282331105,0,low_restock,1.0,0.0,0.0,-1031.0503827785192,0.19348134918089052,1.0,0.0,inventory_sensor_noise
inventory,heuristic,11,359,0.938880229963171,1.0,1.0,0.08060951850427538,0,low_restock,1.0,0.0,0.0,-1034.2798904317506,0.10816648767529427,1.0,0.0,inventory_sensor_noise
inventory,heuristic,11,360,0.9342881391018465,0.9336795871715438,0.938937743223674,0.14020738253626974,0,low_restock,1.0,0.0,0.0,-1037.2454117334173,0.168543640053655,1.0,0.0,inventory_sensor_noise
inventory,heuristic,11,361,1.0,0.9901104129357102,1.0,0.009150629025456533,0,low_restock,1.0,0.0,0.0,-1038.2176923564061,0.11309240600684428,1.0,0.0,inventory_sensor_noise
inventory,heuristic,11,362,1.0,0.9833090279281428,0.9732655743142347,-0.1005257309690657,0,low_restock,1.0,0.0,0.0,-1039.6129042965372,0.12166975012132193,1.0,0.0,inventory_sensor_noise
inventory,heuristic,11,363,0.9486532008261273,1.0,1.0,0.005180069457077774,0,low_restock,1.0,0.0,0.0,-1039.908100574578,0.06632731548121379,1.0,0.0,inventory_sensor_noise
inventory,heuristic,11,364,0.9828141879309147,1.0,1.0,-0.05167360007243464,0,low_restock,1.0,0.0,0.0,-1040.9524831066094,0.06334780076173484,1.0,0.0,inventory_sensor_noise
inventory,heuristic,11,365,1.0,1.0,0.940111945143372,-0.063119674087749,0,low_restock,1.0,0.0,0.0,-1042.9810828048003,0.18168320041820035,1.0,0.0,inventory_sensor_noise
inventory,heuristic,11,366,0.9200807274230494,0.9149329331128593,1.0,-0.18881259434055903,0,low_restock,1.0,0.0,0.0,-1045.188214458091,0.214146007452671,1.0,0.0,inventory_sensor_noise
inventory,heuristic,11,367,0.978658159111074,0.9511100175996111,0.9504145986430468,0.0078081154920079925,0,low_restock,1.0,0.0,0.0,-1046.1771800730814,0.08685585581375052,1.0,0.0,inventory_sensor_noise
inventory,heuristic,11,368,1.0,1.0,0.9887806699248286,-0.04899223408351564,0,low_restock,1.0,0.0,0.0,-1046.7181224391413,0.048417605860728866,1.0,0.0,inventory_sensor_noise
inventory,heuristic,11,369,0.989683316523861,1.0,0.9684762608933849,-0.0917188250219684,0,low_restock,1.0,0.0,0.0,-1046.9340191908416,0.23389054793920352,1.0,0.0,inventory_sensor_noise
inventory,heuristic,11,370,0.8988688034035857,0.9114627115505796,0.8888060698757815,0.08792338003928915,0,low_restock,1.0,0.0,0.0,-1048.399319855852,0.21721719577762813,1.0,0.0,inventory_sensor_noise
inventory,heuristic,11,371,1.0,0.9810105972603228,1.0,-0.05262836386063094,0,low_restock,1.0,0.0,0.0,-1050.8073739675997,0.144348960645883,1.0,0.0,inventory_sensor_noise
inventory,heuristic,11,372,1.0,1.0,0.876297744813559,-0.12455733636076934,0,low_restock,1.0,0.0,0.0,-1051.0937262965251,0.14663695797000428,1.0,0.0,inventory_sensor_noise
inventory,heuristic,11,373,0.9257993499146494,1.0,1.0,-0.09820561855344603,0,low_restock,1.0,0.0,0.0,-1053.3276689595202,0.10180348167984628,1.0,0.0,inventory_sensor_noise
inventory,heuristic,11,374,1.0,0.9693576271496129,0.9685228066122438,-0.04409052184672458,0,low_restock,1.0,0.0,0.0,-1053.5894373300173,0.1386335909661802,1.0,0.0,inventory_sensor_noise
inventory,heuristic,11,375,0.9740801974590839,0.85453361052041,0.9199001616556063,-0.09885109144726267,0,low_restock,1.0,0.0,0.0,-1054.4908504833768,0.18281756524766296,1.0,0.0,inventory_sensor_noise
inventory,heuristic,11,376,1.0,1.0,1.0,-0.026920768020368167,0,low_restock,1.0,0.0,0.0,-1055.6545185763705,0.24517744028681304,1.0,0.0,inventory_sensor_noise
inventory,heuristic,11,377,0.8622904249120548,0.9674357296910755,0.9248577505758704,0.1586628002323749,0,low_restock,1.0,0.0,0.0,-1058.2797681494123,0.19667244605460754,1.0,0.0,inventory_sensor_noise
inventory,heuristic,11,378,1.0,0.9417064893038554,1.0,0.042870863955367156,0,low_restock,1.0,0.0,0.0,-1060.0573219326332,0.13867897976227153,1.0,0.0,inventory_sensor_noise
inventory,heuristic,11,379,0.8699770162886076,0.9574801000534402,0.980852460244829,0.0015133004398960826,0,low_restock,1.0,0.0,0.0,-1062.0973165655466,0.14090027405911024,1.0,0.0,inventory_sensor_noise
inventory,heuristic,11,380,1.0,0.9728771078752791,1.0,-0.04689346363474264,0,low_restock,1.0,0.0,0.0,-1065.0374225739577,0.11223503280379887,1.0,0.0,inventory_sensor_noise
inventory,heuristic,11,381,0.9282791370143039,1.0,1.0,0.03506487409759286,0,low_restock,1.0,0.0,0.0,-1066.6816110606455,0.1498113267128448,1.0,0.0,inventory_sensor_noise
inventory,heuristic,11,382,0.872401984172097,0.9867037961199271,1.0,-0.10329837378308866,0,low_restock,1.0,0.0,0.0,-1070.2063435189245,0.15869028376358327,1.0,0.0,inventory_sensor_noise
inventory,heuristic,11,383,1.0,0.9688462157917824,1.0,-0.010656809987065322,0,low_restock,1.0,0.0,0.0,-1072.1345202340353,0.14302555744497078,1.0,0.0,inventory_sensor_noise
inventory,heuristic,11,384,1.0,1.0,0.9677241760434323,0.12515196366131537,0,low_restock,1.0,0.0,0.0,-1075.2298609249526,0.23407527389612887,1.0,0.0,inventory_sensor_noise
inventory,heuristic,11,385,0.9374420548076116,0.9254632248244612,1.0,-0.08527683112972481,0,low_restock,1.0,0.0,0.0,-1077.652310427607,0.09928175214960012,1.0,0.0,inventory_sensor_noise
inventory,heuristic,11,386,0.9703693455510328,1.0,1.0,-0.14199480870847858,0,low_restock,1.0,0.0,0.0,-1079.9534297346763,0.1263103798725278,1.0,0.0,inventory_sensor_noise
inventory,heuristic,11,387,1.0,1.0,1.0,-0.019209075089021883,0,low_restock,1.0,0.0,0.0,-1083.1834434391324,0.10668347532830023,1.0,0.0,inventory_sensor_noise
inventory,heuristic,11,388,0.9519487650084291,0.9762765676251168,0.9077730348742956,-0.021165700746966616,0,low_restock,1.0,0.0,0.0,-1086.1200331662126,0.09875539352742133,1.0,0.0,inventory_sensor_noise
inventory,heuristic,11,389,0.9850184021137893,0.9883447057192092,1.0,-0.018413647128365608,0,low_restock,1.0,0.0,0.0,-1088.8262089625648,0.13465756928993175,1.0,0.0,inventory_sensor_noise
inventory,heuristic,11,390,0.8833795909073926,1.0,0.914181528053627,-0.035779044090167585,0,low_restock,1.0,0.0,0.0,-1091.5519047101282,0.1314529769698895,1.0,0.0,inventory_sensor_noise
inventory,heuristic,11,391,0.9892961548280386,0.9724676624010963,0.8431051477069821,-0.01991445507408887,0,low_restock,1.0,0.0,0.0,-1094.4922439866857,0.30182431338903437,1.0,0.0,inventory_sensor_noise
inventory,heuristic,11,392,1.0,0.951448787658391,0.5629626060872294,0.08991134849989964,0,low_restock,1.0,0.0,0.0,-1096.2666336563777,0.5045206247190497,1.0,0.0,inventory_sensor_noise
inventory,heuristic,11,393,1.0,1.0,1.0,-0.15743892311708074,0,low_restock,1.0,0.0,0.0,-1098.017332607782,0.26998465111765996,1.0,0.0,inventory_sensor_noise
inventory,heuristic,11,394,0.930871597027148,1.0,1.0,0.1035457042875761,0,low_restock,1.0,0.0,0.0,-1100.8021037303272,0.14016413778372508,1.0,0.0,inventory_sensor_noise
inventory,heuristic,11,395,1.0,0.9809388795586229,1.0,-0.016886530228758287,0,low_restock,1.0,0.0,0.0,-1103.4364489173345,0.05853138979160545,1.0,0.0,inventory_sensor_noise
inventory,heuristic,11,396,1.0,1.0,0.9728152516620758,-0.06509012694373278,0,low_restock,1.0,0.0,0.0,-1105.5915034542281,0.1621240942555785,1.0,0.0,inventory_sensor_noise
inventory,heuristic,11,397,0.9316207657086846,1.0,1.0,0.07937264235593426,0,low_restock,1.0,0.0,0.0,-1108.473404398507,0.07325198949626528,1.0,0.0,inventory_sensor_noise
inventory,heuristic,11,398,1.0,1.0,0.9998152733223774,0.0531028848589773,0,low_restock,1.0,0.0,0.0,-1110.5164180984661,0.10391118468182559,1.0,0.0,inventory_sensor_noise
inventory,heuristic,11,399,0.9158324606061445,0.9837512394557556,0.9413021142568261,0.05815734935183389,0,low_restock,1.0,0.0,0.0,-1113.0876726783665,0.07306579494680114,1.0,0.0,inventory_sensor_noise
inventory,heuristic,11,400,0.9536028180769306,0.9913461910070002,0.9777996518601757,0.10837942564865136,0,low_restock,1.0,0.0,0.0,-1113.7681472639956,0.2096690215135234,1.0,0.0,inventory_sensor_noise
inventory,heuristic,11,401,0.9366441012584464,0.9249004149206504,1.0,-0.08851040113034216,0,low_restock,1.0,0.0,0.0,-1115.746649980378,3186.4154200963103,0.0,0.0,none
inventory,heuristic,11,402,3187.3332856582224,11.802940872085523,2.1543412696207453,0.0,0,low_restock,1.0,0.0,0.0,-1117.8177770921761,5.946064103445375,0.0,0.0,none
inventory,heuristic,11,403,3193.2507916919317,11.339641539239556,1.8019857794119096,0.0,0,low_restock,1.0,0.0,0.0,-1120.0692348695723,6.4340181732628166,0.0,0.0,none
inventory,heuristic,11,404,3199.683528198778,11.458752440631974,1.8499803680087865,0.0,0,low_restock,1.0,0.0,0.0,-1120.6269483726048,1.980225128536495,0.0,0.0,none
inventory,heuristic,11,405,3201.2769953503,10.30815753956474,2.0914040005428407,0.0,0,low_restock,1.0,0.0,0.0,-1121.1599434323684,1.5284265286398107,0.0,0.0,none
inventory,heuristic,11,406,3202.7998383781955,10.223883524784451,2.19107674642669,0.0,0,low_restock,1.0,0.0,0.0,-1123.4015497134865,6.407397266538093,0.0,0.0,none
inventory,heuristic,11,407,3209.2044277528184,10.374228418919182,2.3067101607794953,0.0,0,low_restock,1.0,0.0,0.0,-1123.705925287355,1.3473570909811947,0.0,0.0,none
inventory,heuristic,11,408,3210.074072249586,9.364656111530875,2.506343164097087,0.0,0,low_restock,1.0,0.0,0.0,-1126.2584919339442,7.298521978310104,0.0,0.0,none
inventory,heuristic,11,409,3217.3671198112693,9.536718322498293,2.730563873355764,0.0,0,low_restock,1.0,0.0,0.0,-1128.5905180216505,6.739704108856788,0.0,0.0,none
inventory,heuristic,11,410,3224.03005149043,10.550611228026053,2.761774286608344,0.0,0,low_restock,1.0,0.0,0.0,-1128.9258131872903,0.9733491946143524,0.0,0.0,none
inventory,heuristic,11,411,3224.9880376779724,10.437639859955356,2.8918073175309327,0.0,0,low_restock,1.0,0.0,0.0,-1129.6901467516307,2.342740865077617,0.0,0.0,none
inventory,heuristic,11,412,3227.1718478618022,9.593484021796717,2.80929208979325,0.0,0,low_restock,1.0,0.0,0.0,-1131.9693872635562,6.612025702544543,0.0,0.0,none
inventory,heuristic,11,413,3233.6839636101604,10.7219782721148,2.615041998173255,0.0,0,low_restock,1.0,0.0,0.0,-1133.1040867112652,3.3563601928745497,0.0,0.0,none
inventory,heuristic,11,414,3236.9259620321864,9.911768444183338,2.301737017974632,0.0,0,low_restock,1.0,0.0,0.0,-1133.9552071091368,2.6103423871029823,0.0,0.0,none
inventory,heuristic,11,415,3239.357734597534,9.065536621420758,1.8724803692520442,0.0,0,low_restock,1.0,0.0,0.0,-1137.0394646270297,8.98051587442555,0.0,0.0,none
inventory,heuristic,11,416,3248.1698989343704,10.636372251279536,2.5990479816363736,0.0,0,low_restock,1.0,0.0,0.0,-1139.147423918421,6.078248137511592,0.0,0.0,none
inventory,heuristic,11,417,3254.1926397669176,11.404158381023063,2.3123464920958714,0.0,0,low_restock,1.0,0.0,0.0,-1142.4535439738197,9.478562345565946,0.0,0.0,none
inventory,heuristic,11,418,3263.6386970680564,11.990946691579229,2.8327550632949277,0.0,0,low_restock,1.0,0.0,0.0,-1144.0566315670608,4.593216470864659,0.0,0.0,none
inventory,heuristic,11,419,3268.2189473344597,12.258597060454667,2.615250292367592,0.0,0,low_restock,1.0,0.0,0.0,-1146.5754191549336,7.306927559993655,0.0,0.0,none
inventory,heuristic,11,420,3275.41548329981,13.211549740455215,1.7828191203827317,0.0,0,low_restock,1.0,0.0,0.0,-1150.0066061057796,9.807638420173843,0.0,0.0,none
inventory,heuristic,11,421,3285.218874587942,13.4097951307144,1.9925556167059653,0.0,0,low_restock,1.0,0.0,0.0,-1151.6679742749059,4.75917075529041,0.0,0.0,none
inventory,heuristic,11,422,3289.9656407854454,13.15460020370565,2.222321788019537,0.0,0,low_restock,1.0,0.0,0.0,-1153.9160273174132,6.459188480719862,0.0,0.0,none
inventory,heuristic,11,423,3296.3886494783237,12.549990482053513,1.9052693551982578,0.0,0,low_restock,1.0,0.0,0.0,-1157.5586215881067,10.47455514699021,0.0,0.0,none
inventory,heuristic,11,424,3306.796061680305,13.715422869169098,2.1146592700865954,0.0,0,low_restock,1.0,0.0,0.0,-1161.860273026715,12.34897372945376,0.0,0.0,none
inventory,heuristic,11,425,3319.086494362043,14.734202212446599,2.750666594028449,0.0,0,low_restock,1.0,0.0,0.0,-1166.3103310382055,12.7353058300367,0.0,0.0,none
inventory,heuristic,11,426,3331.800945823444,15.316414247100425,3.188579561349534,0.0,0,low_restock,1.0,0.0,0.0,-1168.3320871066364,5.786937433118325,0.0,0.0,none
inventory,heuristic,11,427,3337.5773917332467,15.522350189560214,2.9076740726973966,0.0,0,low_restock,1.0,0.0,0.0,-1171.3789346475362,8.724930187325189,0.0,0.0,none
inventory,heuristic,11,428,3346.282670421532,15.978804188641652,2.541368899783605,0.0,0,low_restock,1.0,0.0,0.0,-1175.039241915515,10.458025816446028,0.0,0.0,none
inventory,heuristic,11,429,3356.740691187186,15.988925901376149,2.543155947918943,0.0,0,low_restock,1.0,0.0,0.0,-1177.8678405301816,8.128232602120267,0.0,0.0,none
inventory,heuristic,11,430,3364.822401514805,15.14718143055236,2.3296385939065245,0.0,0,low_restock,1.0,0.0,0.0,-1181.07189987975,9.215892764615399,0.0,0.0,none
inventory,heuristic,11,431,3373.9768567992855,14.435182195168286,1.541168567750798,0.0,0,low_restock,1.0,0.0,0.0,-1182.7324280761159,4.763057700783977,0.0,0.0,none
inventory,heuristic,11,432,3378.721223074617,14.228766268273997,1.9087277760718224,0.0,0,low_restock,1.0,0.0,0.0,-1183.8964885686778,3.582300023758003,0.0,0.0,none
inventory,heuristic,11,433,3382.047110196222,13.152887954937949,2.692203474131216,0.0,0,low_restock,1.0,0.0,0.0,-1184.9881090819013,3.4534143417092413,0.0,0.0,none
inventory,heuristic,11,434,3385.166025948289,11.685066952220705,2.4825927611107237,0.0,0,low_restock,1.0,0.0,0.0,-1185.7124710562603,2.39355370996496,0.0,0.0,none
inventory,heuristic,11,435,3387.235631589315,10.482646014901984,2.4865604581023755,0.0,0,low_restock,1.0,0.0,0.0,-1187.70412890097,5.858780081544632,0.0,0.0,none
inventory,heuristic,11,436,3392.9260825742003,9.789845154982881,1.2765610361954505,0.0,0,low_restock,1.0,0.0,0.0,-1189.4270628954544,4.9228793047357176,0.0,0.0,none
inventory,heuristic,11,437,3397.84875112987,9.825505611050577,1.3049030878176167,0.0,0,low_restock,1.0,0.0,0.0,-1191.147015296387,4.924513659653572,0.0,0.0,none
inventory,heuristic,11,438,3402.7629008468202,10.14315813011963,1.337525482593889,0.0,0,low_restock,1.0,0.0,0.0,-1191.546758242281,1.2925027052183664,0.0,0.0,none
inventory,heuristic,11,439,3403.905023549374,9.74779952021693,1.7955762929670378,0.0,0,low_restock,1.0,0.0,0.0,-1191.9344579755557,1.1435330580074,0.0,0.0,none
inventory,heuristic,11,440,3405.0127370730165,9.55542109674028,2.0044522046376305,0.0,0,low_restock,1.0,0.0,0.0,-1192.2809985746094,1.3708639390114403,0.0,0.0,none
inventory,heuristic,11,441,3406.0028530703125,8.615354099222468,1.8811140866111098,0.0,0,low_restock,1.0,0.0,0.0,-1194.3393820880326,5.889814090881045,0.0,0.0,none
inventory,heuristic,11,442,3411.88394882295,8.807039538616113,2.1377840415616354,0.0,0,low_restock,1.0,0.0,0.0,-1196.7757648566994,6.991131287490237,0.0,0.0,none
inventory,heuristic,11,443,3418.845042447713,9.216428320178606,2.63927487073343,0.0,0,low_restock,1.0,0.0,0.0,-1199.021081652029,6.501313495193831,0.0,0.0,none
inventory,heuristic,11,444,3425.260233291511,10.271041948427554,2.6531923254520295,0.0,0,low_restock,1.0,0.0,0.0,-1198.9533680647019,0.469546450498709,0.0,0.0,none
inventory,heuristic,11,445,3425.0667658991483,10.01080576522654,2.9927823226857644,0.0,0,low_restock,1.0,0.0,0.0,-1198.8366558159958,0.5203032602697425,0.0,0.0,none
inventory,heuristic,11,446,3424.733302331417,9.746089852220994,3.291852577048707,0.0,0,low_restock,1.0,0.0,0.0,-1201.282369052002,6.993298197974731,0.0,0.0,none
inventory,heuristic,11,447,3431.7210544342915,9.967421122268382,3.4608280293047198,0.0,0,low_restock,1.0,0.0,0.0,-1202.4548345527435,3.4436999731065727,0.0,0.0,none
inventory,heuristic,11,448,3435.0709558649814,9.245182683453796,3.120825754408416,0.0,0,low_restock,1.0,0.0,0.0,-1204.5946213597047,6.114263400328335,0.0,0.0,none
inventory,heuristic,11,449,3441.184632456299,9.184879832957597,3.0613359940001246,0.0,0,low_restock,1.0,0.0,0.0,-1205.6476483444235,3.1126284187627036,0.0,0.0,none
inventory,heuristic,11,450,3444.1932809840673,9.825303016983773,2.585575702458239,0.0,0,low_restock,1.0,0.0,0.0,-1207.2479652550633,4.791637155905107,0.0,0.0,none
inventory,heuristic,11,451,3448.765615014466,10.806462536609839,1.5411264957690711,0.0,0,low_restock,1.0,0.0,0.0,-1209.1498012812601,5.454298644976589,0.0,0.0,none
inventory,heuristic,11,452,3454.199432232172,10.49567555957603,1.1855767692001358,0.0,0,low_restock,1.0,0.0,0.0,-1210.9859417168811,5.261439978580461,0.0,0.0,none
inventory,heuristic,11,453,3459.445547762518,10.87491837950723,1.0544380106287004,0.0,0,low_restock,1.0,0.0,0.0,-1213.4752258881986,7.120338475347009,0.0,0.0,none
inventory,heuristic,11,454,3466.557788251996,11.074631159139358,1.3289740355618993,0.0,0,low_restock,1.0,0.0,0.0,-1214.4908067300044,2.9019321645293914,0.0,0.0,none
inventory,heuristic,11,455,3469.4594478000126,11.053233363189062,1.3625044585063462,0.0,0,low_restock,1.0,0.0,0.0,-1217.5962763104237,8.936914626355104,0.0,0.0,none
inventory,heuristic,11,456,3478.3322180297823,11.913320603063259,1.9970447868371701,0.0,0,low_restock,1.0,0.0,0.0,-1221.2546253642097,10.521176742201732,0.0,0.0,none
inventory,heuristic,11,457,3488.7846438977417,12.917042333114008,2.656208047406133,0.0,0,low_restock,1.0,0.0,0.0,-1223.1919465113035,5.535610095180278,0.0,0.0,none
inventory,heuristic,11,458,3494.319847175153,12.974859882527081,2.6221355573685154,0.0,0,low_restock,1.0,0.0,0.0,-1226.007906652468,8.04784668280543,0.0,0.0,none
inventory,heuristic,11,459,3502.3654475784797,13.16153186529677,2.6582458160238427,0.0,0,low_restock,1.0,0.0,0.0,-1229.7146547797195,10.732222440997809,0.0,0.0,none
inventory,heuristic,11,460,3512.9561565134845,14.699341742694392,1.850394618064788,0.0,0,low_restock,1.0,0.0,0.0,-1232.5518709389971,8.107788518301719,0.0,0.0,none
inventory,heuristic,11,461,3521.062488397135,14.546054073470533,1.8613918941442307,0.0,0,low_restock,1.0,0.0,0.0,-1234.8385725832286,6.5819576902114365,0.0,0.0,none
inventory,heuristic,11,462,3527.5959216663678,13.762255553725229,1.7128098203234512,0.0,0,low_restock,1.0,0.0,0.0,-1237.050283415341,6.323830374382456,0.0,0.0,none
inventory,heuristic,11,463,3533.9150954724028,13.91904965944995,1.5276379501776078,0.0,0,low_restock,1.0,0.0,0.0,-1240.2150116215012,9.044525114903859,0.0,0.0,none
inventory,heuristic,11,464,3542.9571760614317,14.118345696590387,1.594677231293511,0.0,0,low_restock,1.0,0.0,0.0,-1241.9392681533259,5.0573744687454,0.0,0.0,none
inventory,heuristic,11,465,3547.8836232952167,12.98549335634645,1.4404055713752342,0.0,0,low_restock,1.0,0.0,0.0,-1246.0456129492566,11.794660846589956,0.0,0.0,none
inventory,heuristic,11,466,3559.6160369978757,13.710709720148117,2.4091957557890966,0.0,0,low_restock,1.0,0.0,0.0,-1249.7950641501782,10.746556600707573,0.0,0.0,none
inventory,heuristic,11,467,3570.3287547147947,14.54656660968539,2.575030462748911,0.0,0,low_restock,1.0,0.0,0.0,-1253.1497651995599,9.610219266897696,0.0,0.0,none
inventory,heuristic,11,468,3579.9136148558855,15.199703876696514,2.3297099702853536,0.0,0,low_restock,1.0,0.0,0.0,-1256.7994915619242,10.431576403038326,0.0,0.0,none
inventory,heuristic,11,469,3590.3414044626406,15.476845680241828,2.3764281723389846,0.0,0,low_restock,1.0,0.0,0.0,-1259.6445509472615,8.237210647805593,0.0,0.0,none
inventory,heuristic,11,470,3598.470145563604,16.11730445367752,1.20808749883722,0.0,0,low_restock,1.0,0.0,0.0,-1261.6924485393072,5.99623091620705,0.0,0.0,none
inventory,heuristic,11,471,3604.3212815408774,14.941048908600397,1.7872384883126873,0.0,0,low_restock,1.0,0.0,0.0,-1264.1131390550622,6.958697486382305,0.0,0.0,none
inventory,heuristic,11,472,3611.2375401573204,14.181757088505185,1.6762727755981714,0.0,0,low_restock,1.0,0.0,0.0,-1266.0923114233642,5.709670106486147,0.0,0.0,none
inventory,heuristic,11,473,3616.892318352469,13.395740699316752,1.7536970902632936,0.0,0,low_restock,1.0,0.0,0.0,-1269.2400295033526,9.009974951714263,0.0,0.0,none
inventory,heuristic,11,474,3625.8857985810073,13.108878823673342,1.2903696966093878,0.0,0,low_restock,1.0,0.0,0.0,-1271.7272111213892,7.109888912589657,0.0,0.0,none
inventory,heuristic,11,475,3632.992031775398,12.904377242358823,1.18962626236587,0.0,0,low_restock,1.0,0.0,0.0,-1272.534424351064,2.6228095650456607,0.0,0.0,none
inventory,heuristic,11,476,3635.298355288754,12.195414749575345,2.2179132116475277,0.0,0,low_restock,1.0,0.0,0.0,-1275.037596122306,7.152095461733389,0.0,0.0,none
inventory,heuristic,11,477,3642.45027463516,12.242546895567889,2.2351676912227836,0.0,0,low_restock,1.0,0.0,0.0,-1276.961752127758,5.4976860606858615,0.0,0.0,none
inventory,heuristic,11,478,3647.947863222166,12.211108973939346,2.2443004327029104,0.0,0,low_restock,1.0,0.0,0.0,-1278.8919014133428,5.579390921809639,0.0,0.0,none
inventory,heuristic,11,479,3653.462575466694,11.515355377137311,1.7611039395875445,0.0,0,low_restock,1.0,0.0,0.0,-1280.863004292543,5.6421989564103745,0.0,0.0,none
inventory,heuristic,11,480,3659.0942979786946,11.22045324065925,1.584629178092065,0.0,0,low_restock,1.0,0.0,0.0,-1281.6552038588156,2.2634986768536915,0.0,0.0,none
inventory,heuristic,11,481,3661.357725310902,11.211874004429593,1.6004205884412628,0.0,0,low_restock,1.0,0.0,0.0,-1283.8171791993632,6.183433528891395,0.0,0.0,none
inventory,heuristic,11,482,3667.5347977124666,11.016904615461343,1.3988922048012349,0.0,0,low_restock,1.0,0.0,0.0,-1285.9566703151777,6.114389849625122,0.0,0.0,none
inventory,heuristic,11,483,3673.6476294719364,11.139953249954115,1.4614233743505025,0.0,0,low_restock,1.0,0.0,0.0,-1287.6307079872167,4.785210355521606,0.0,0.0,none
inventory,heuristic,11,484,3678.430594249191,10.99360375649944,1.4531825067722237,0.0,0,low_restock,1.0,0.0,0.0,-1289.587251631084,5.5901320226827576,0.0,0.0,none
inventory,heuristic,11,485,3684.0207189459543,10.985284193451971,1.4496201295752202,0.0,0,low_restock,1.0,0.0,0.0,-1291.6423837828986,5.990766774922201,0.0,0.0,none
inventory,heuristic,11,486,3689.892525093996,11.706959956618812,0.5060295381699703,0.0,0,low_restock,1.0,0.0,0.0,-1292.8170888108277,3.43895226657765,0.0,0.0,none
inventory,heuristic,11,487,3693.2488251737936,11.1428054922654,0.9993572249058371,0.0,0,low_restock,1.0,0.0,0.0,-1295.0235388918304,6.304381674790352,0.0,0.0,none
inventory,heuristic,11,488,3699.552968262373,11.18106775808732,1.0386537790307384,0.0,0,low_restock,1.0,0.0,0.0,-1295.5629395486687,1.8413755735235258,0.0,0.0,none
inventory,heuristic,11,489,3701.094112996196,10.53270374940102,1.8101205796242186,0.0,0,low_restock,1.0,0.0,0.0,-1297.0303153939306,4.202546768632806,0.0,0.0,none
inventory,heuristic,11,490,3705.2866154112303,10.25317929305521,1.7314508854369912,0.0,0,low_restock,1.0,0.0,0.0,-1299.027589606977,5.706671871486299,0.0,0.0,none
inventory,heuristic,11,491,3710.993113162792,10.22011761375919,1.7015479491548429,0.0,0,low_restock,1.0,0.0,0.0,-1299.9161621182207,2.5464507486956878,0.0,0.0,none
inventory,heuristic,11,492,3713.531891766345,10.056613318510273,1.8123674560531424,0.0,0,low_restock,1.0,0.0,0.0,-1301.9408364583505,5.786980219541198,0.0,0.0,none
inventory,heuristic,11,493,3719.316675595287,9.95274146658286,1.691426345808104,0.0,0,low_restock,1.0,0.0,0.0,-1304.9189883918193,8.627087610339386,0.0,0.0,none
inventory,heuristic,11,494,3727.8256811194838,11.346313624657602,1.9767722164635892,0.0,0,low_restock,1.0,0.0,0.0,-1308.0032982536907,8.865746143857741,0.0,0.0,none
inventory,heuristic,11,495,3736.6379950105447,12.270275919862938,2.278222460751463,0.0,0,low_restock,1.0,0.0,0.0,-1310.1198914498743,6.0478070886370885,0.0,0.0,none
inventory,heuristic,11,496,3742.685404142498,12.338458195941282,2.265394781119005,0.0,0,low_restock,1.0,0.0,0.0,-1314.3400686110845,12.207018454453785,0.0,0.0,none
inventory,heuristic,11,497,3754.743053174527,14.242232281636495,2.2719976910006263,0.0,0,low_restock,1.0,0.0,0.0,-1317.8643563351857,10.110251572298973,0.0,0.0,none
inventory,heuristic,11,498,3764.812446671959,15.09915421533446,1.97168743710331,0.0,0,low_restock,1.0,0.0,0.0,-1320.5270227390008,7.610229718000956,0.0,0.0,none
inventory,heuristic,11,499,3772.4200649685736,14.918876769817961,2.0567771333095872,0.0,0,low_restock,1.0,0.0,0.0,-1324.1205151744416,10.271456433440049,0.0,0.0,none
inventory,heuristic,11,500,3782.6871862126904,15.209838240429155,2.1229590438335677,0.0,0,low_restock,1.0,0.0,0.0,-1327.4618731659434,9.597538324681544,0.0,0.0,none
inventory,heuristic,11,501,3792.233923331267,15.90970383775372,1.428163801903911,0.0,0,low_restock,1.0,0.0,0.0,-1330.6724247148532,9.203831453914628,0.0,0.0,none
inventory,heuristic,11,502,3801.4069277567232,15.332774916439158,0.94478376262151,0.0,0,low_restock,1.0,0.0,0.0,-1333.4243881590537,7.875404476996252,0.0,0.0,none
inventory,heuristic,11,503,3809.2696804544394,14.891446756496018,1.010701484756731,0.0,0,low_restock,1.0,0.0,0.0,-1337.8017079395097,12.555758828476188,0.0,0.0,none
inventory,heuristic,11,504,3821.776308398599,15.871248686005123,1.5315905364251665,0.0,0,low_restock,1.0,0.0,0.0,-1341.0699005086494,9.33954354487306,0.0,0.0,none
inventory,heuristic,11,505,3831.1140014532843,15.685363048118791,1.5286626203267153,0.0,0,low_restock,1.0,0.0,0.0,-1344.3741307299883,9.440681948174447,0.0,0.0,none
inventory,heuristic,11,506,3840.554659228538,15.664147179454313,1.531173405642296,0.0,0,low_restock,1.0,0.0,0.0,-1347.7008517658226,9.505161880097214,0.0,0.0,none
inventory,heuristic,11,507,3850.0595764737786,15.730529743411136,1.5155566458492193,0.0,0,low_restock,1.0,0.0,0.0,-1351.4783796854847,10.81295346199497,0.0,0.0,none
inventory,heuristic,11,508,3860.852513387099,16.316566586531952,1.2171673449993297,0.0,0,low_restock,1.0,0.0,0.0,-1352.4057609998779,3.705219100531898,0.0,0.0,none
inventory,heuristic,11,509,3863.5021742853655,14.345173177353269,2.89691546105436,0.0,0,low_restock,1.0,0.0,0.0,-1354.818022893896,6.909510071031715,0.0,0.0,none
inventory,heuristic,11,510,3870.3943511254174,13.856069934426552,2.894497838333426,0.0,0,low_restock,1.0,0.0,0.0,-1357.4017691566455,7.3944275377464805,0.0,0.0,none
inventory,heuristic,11,511,3877.7764833047013,13.444364815232575,2.784125770333797,0.0,0,low_restock,1.0,0.0,0.0,-1358.4665558767442,3.31368834074322,0.0,0.0,none
inventory,heuristic,11,512,3880.818731076412,12.15183092052661,3.017824392784357,0.0,0,low_restock,1.0,0.0,0.0,-1359.7780216747044,4.132480514490416,0.0,0.0,none
inventory,heuristic,11,513,3884.565776213441,10.74265256526831,1.9925125832448738,0.0,0,low_restock,1.0,0.0,0.0,-1359.9615220781268,0.8716447427033783,0.0,0.0,none
inventory,heuristic,11,514,3885.0900630803626,10.317577758999352,2.544055190603022,0.0,0,low_restock,1.0,0.0,0.0,-1360.424332543932,1.7360817279618521,0.0,0.0,none
inventory,heuristic,11,515,3886.4123786969485,9.203605514306236,2.387444161778699,0.0,0,low_restock,1.0,0.0,0.0,-1361.2868687027149,2.922801802183935,0.0,0.0,none
inventory,heuristic,11,516,3888.8767677220426,8.220056883468223,1.1618058796488593,0.0,0,low_restock,1.0,0.0,0.0,-1361.292894786927,0.6334570687937512,0.0,0.0,none
inventory,heuristic,11,517,3888.893985105506,7.615050805818828,1.348725824327688,0.0,0,low_restock,1.0,0.0,0.0,-1361.672347458091,1.3160505389093078,0.0,0.0,none
inventory,heuristic,11,518,3889.978135594546,7.082471876221071,0.8262639388026781,0.0,0,low_restock,1.0,0.0,0.0,-1363.8600673997048,6.492431567579061,0.0,0.0,none
inventory,heuristic,11,519,3896.228763999157,8.227740183758891,2.156554399912382,0.0,0,low_restock,1.0,0.0,0.0,-1365.056144777683,3.4429809680824124,0.0,0.0,none
inventory,heuristic,11,520,3899.646127936237,8.646749847857654,2.1434178283056333,0.0,0,low_restock,1.0,0.0,0.0,-1366.166887317546,3.176724964257816,0.0,0.0,none
inventory,heuristic,11,521,3902.8196780501316,8.788582065617806,2.1501107457122246,0.0,0,low_restock,1.0,0.0,0.0,-1368.6246719609662,7.160662693553908,0.0,0.0,none
inventory,heuristic,11,522,3909.841919888475,10.189586956593702,2.1699871170651535,0.0,0,low_restock,1.0,0.0,0.0,-1370.0521030538566,4.167448003468516,0.0,0.0,none
inventory,heuristic,11,523,3913.92029443959,10.788431769008701,1.5569057414938328,0.0,0,low_restock,1.0,0.0,0.0,-1372.7866912332881,7.828295488787691,0.0,0.0,none
inventory,heuristic,11,524,3921.7334035236804,11.100927904904603,1.9309149190959345,0.0,0,low_restock,1.0,0.0,0.0,-1374.653455165154,5.350791336908362,0.0,0.0,none
inventory,heuristic,11,525,3927.0670147575825,11.484177364269037,1.7393973255847262,0.0,0,low_restock,1.0,0.0,0.0,-1377.1496710367346,7.18540836070846,0.0,0.0,none
inventory,heuristic,11,526,3934.199060104956,12.275876410964836,1.3689447744981955,0.0,0,low_restock,1.0,0.0,0.0,-1377.7548030516036,2.1856145060208076,0.0,0.0,none
inventory,heuristic,11,527,3935.9280087188677,11.217217766078551,2.185577698760547,0.0,0,low_restock,1.0,0.0,0.0,-1379.9904769015725,6.404479562856977,0.0,0.0,none
inventory,heuristic,11,528,3942.3156482902073,11.679070770123436,2.1396322924200226,0.0,0,low_restock,1.0,0.0,0.0,-1382.8535401329166,8.180871329494288,0.0,0.0,none
inventory,heuristic,11,529,3950.49582895119,11.752485085501934,2.21651142952146,0.0,0,low_restock,1.0,0.0,0.0,-1383.890593222423,3.0133069099453085,0.0,0.0,none
inventory,heuristic,11,530,3953.458837778351,11.278364604153749,2.4918421267857163,0.0,0,low_restock,1.0,0.0,0.0,-1387.5734854364237,10.5715973732155,0.0,0.0,none
inventory,heuristic,11,531,3963.9813869612103,11.956465371250854,3.250003762157163,0.0,0,low_restock,1.0,0.0,0.0,-1389.2569933496923,4.889916993746398,0.0,0.0,none
inventory,heuristic,11,532,3968.791409570549,12.572680170336339,2.621314630099736,0.0,0,low_restock,1.0,0.0,0.0,-1391.9560170416194,7.716117773874472,0.0,0.0,none
inventory,heuristic,11,533,3976.502905833198,12.837451508598146,2.655883834465732,0.0,0,low_restock,1.0,0.0,0.0,-1393.9312514477176,5.666639466905644,0.0,0.0,none
inventory,heuristic,11,534,3982.1464327077647,12.330120751314956,2.59245855047047,0.0,0,low_restock,1.0,0.0,0.0,-1396.9217828473138,8.634266957930313,0.0,0.0,none
inventory,heuristic,11,535,3990.690808135182,13.446394071366218,2.0464289440441976,0.0,0,low_restock,1.0,0.0,0.0,-1400.3124907509243,9.692086209420212,0.0,0.0,none
inventory,heuristic,11,536,4000.378545002641,13.279431608286197,1.808914705250288,0.0,0,low_restock,1.0,0.0,0.0,-1402.2050562313298,5.410836924710926,0.0,0.0,none
inventory,heuristic,11,537,4005.785874946657,13.398893075221542,1.6550704324121563,0.0,0,low_restock,1.0,0.0,0.0,-1406.6011642886635,12.638183524141148,0.0,0.0,none
inventory,heuristic,11,538,4018.3461836818956,14.368655569739548,2.665955178356738,0.0,0,low_restock,1.0,0.0,0.0,-1409.5201005698773,8.364854418388125,0.0,0.0,none
inventory,heuristic,11,539,4026.6860016282208,14.907913784091216,2.308986494528609,0.0,0,low_restock,1.0,0.0,0.0,-1412.6987632073508,9.082532135167583,0.0,0.0,none
inventory,heuristic,11,540,4035.767894878145,15.015417348592544,2.3020606766735563,0.0,0,low_restock,1.0,0.0,0.0,-1416.011389336398,9.464758032020528,0.0,0.0,none
inventory,heuristic,11,541,4045.232540961137,14.970799191699157,2.290731578172009,0.0,0,low_restock,1.0,0.0,0.0,-1418.5826390998875,7.376033380615709,0.0,0.0,none
inventory,heuristic,11,542,4052.5789688568216,15.358618782032849,1.756445539780333,0.0,0,low_restock,1.0,0.0,0.0,-1420.815830360625,6.529091787517009,0.0,0.0,none
inventory,heuristic,11,543,4058.9595153160712,14.122666326835098,1.131875303802678,0.0,0,low_restock,1.0,0.0,0.0,-1423.9483675339861,8.951070904930758,0.0,0.0,none
inventory,heuristic,11,544,4067.9096215256745,14.244723979490704,1.1805693624418043,0.0,0,low_restock,1.0,0.0,0.0,-1426.6649520882017,7.7664872393039355,0.0,0.0,none
inventory,heuristic,11,545,4075.6712916805764,13.980679360486215,1.1092890429141744,0.0,0,low_restock,1.0,0.0,0.0,-1428.4417864294207,5.155733068004289,0.0,0.0,none
inventory,heuristic,11,546,4080.7479612269162,13.103084053155778,1.3063582244972811,0.0,0,low_restock,1.0,0.0,0.0,-1431.2595582998288,8.052200016523292,0.0,0.0,none
inventory,heuristic,11,547,4088.798737999511,13.243953828537869,1.361803425627827,0.0,0,low_restock,1.0,0.0,0.0,-1432.7250067026603,4.2368762773447814,0.0,0.0,none
inventory,heuristic,11,548,4092.9857334361723,12.805243624020159,1.8390069035673737,0.0,0,low_restock,1.0,0.0,0.0,-1433.227783585618,2.1648443519492195,0.0,0.0,none
inventory,heuristic,11,549,4094.4222388160515,11.302523458075314,2.443023016437837,0.0,0,low_restock,1.0,0.0,0.0,-1434.21094948702,2.985425624359917,0.0,0.0,none
inventory,heuristic,11,550,4097.231284248628,10.311998513610263,2.24080963731066,0.0,0,low_restock,1.0,0.0,0.0,-1434.4725445145616,1.1952454762841176,0.0,0.0,none
inventory,heuristic,11,551,4097.978698613033,9.446147477223246,2.5876316366797734,0.0,0,low_restock,1.0,0.0,0.0,-1434.9130118029877,2.2833181739303217,0.0,0.0,none
inventory,heuristic,11,552,4099.237176579965,8.087687716090779,1.2518314392212309,0.0,0,low_restock,1.0,0.0,0.0,-1436.907577080932,5.732043004889111,0.0,0.0,none
inventory,heuristic,11,553,4104.935934516949,8.390040216155175,1.789472538163534,0.0,0,low_restock,1.0,0.0,0.0,-1437.7832332490632,2.5117456032323293,0.0,0.0,none
inventory,heuristic,11,554,4107.4378092830375,8.603114093397048,1.7255338722238611,0.0,0,low_restock,1.0,0.0,0.0,-1440.0077434310508,6.4208035976745395,0.0,0.0,none
inventory,heuristic,11,555,4113.793552660145,9.312453682303287,2.2983185716308703,0.0,0,low_restock,1.0,0.0,0.0,-1441.769561899069,5.1177373059174665,0.0,0.0,none
inventory,heuristic,11,556,4118.827319711626,10.16972421971857,1.9555188786846858,0.0,0,low_restock,1.0,0.0,0.0,-1441.5600607760641,0.9263076602832719,0.0,0.0,none
inventory,heuristic,11,557,4118.228745074469,9.798313698900623,2.5570240825503636,0.0,0,low_restock,1.0,0.0,0.0,-1443.9914229086348,6.954852342023874,0.0,0.0,none
inventory,heuristic,11,558,4125.175494024671,10.047911901544419,2.781414054378628,0.0,0,low_restock,1.0,0.0,0.0,-1446.34020721129,6.763528299970857,0.0,0.0,none
inventory,heuristic,11,559,4131.8863063179715,10.889699406986802,2.8227326249606013,0.0,0,low_restock,1.0,0.0,0.0,-1446.3194132900362,1.3650244778646863,0.0,0.0,none
inventory,heuristic,11,560,4131.826895114389,9.606668490848762,3.284894720217918,0.0,0,low_restock,1.0,0.0,0.0,-1448.7231196531882,6.881466071405464,0.0,0.0,none
inventory,heuristic,11,561,4138.694627580538,9.973461573782254,3.5178945048246772,0.0,0,low_restock,1.0,0.0,0.0,-1449.9117506572993,3.569952796658885,0.0,0.0,none
inventory,heuristic,11,562,4142.090716163712,10.77239421784861,2.7610246772799405,0.0,0,low_restock,1.0,0.0,0.0,-1451.3726520436533,4.216579640648035,0.0,0.0,none
inventory,heuristic,11,563,4146.264720124724,10.217845220010474,2.5380668149241616,0.0,0,low_restock,1.0,0.0,0.0,-1454.3747053462978,8.596609414213686,0.0,0.0,none
inventory,heuristic,11,564,4154.842015275137,10.591141791433078,2.9766451921953747,0.0,0,low_restock,1.0,0.0,0.0,-1455.4995739958135,3.390455117079551,0.0,0.0,none
inventory,heuristic,11,565,4158.055925702324,11.24580611758707,2.117936692756357,0.0,0,low_restock,1.0,0.0,0.0,-1457.5799052035652,5.947734271758924,0.0,0.0,none
inventory,heuristic,11,566,4163.9997291530435,11.061020314501155,2.0056971558243344,0.0,0,low_restock,1.0,0.0,0.0,-1460.9939857375907,9.849542477322858,0.0,0.0,none
inventory,heuristic,11,567,4173.754244964545,12.332705760166556,2.5014031402876866,0.0,0,low_restock,1.0,0.0,0.0,-1463.9796839317191,8.576250027873883,0.0,0.0,none
inventory,heuristic,11,568,4182.284811233483,13.204018221751918,2.3520101479789415,0.0,0,low_restock,1.0,0.0,0.0,-1466.418146103052,6.9752209111175345,0.0,0.0,none
inventory,heuristic,11,569,4189.25184600872,12.881966146716593,2.249953004706335,0.0,0,low_restock,1.0,0.0,0.0,-1470.439138316222,11.610534885094207,0.0,0.0,none
inventory,heuristic,11,570,4200.740395189206,14.536893897376236,1.9689331021066103,0.0,0,low_restock,1.0,0.0,0.0,-1474.1433120347403,10.630931622297098,0.0,0.0,none
inventory,heuristic,11,571,4211.323748670687,15.46480390352861,1.5838107001846675,0.0,0,low_restock,1.0,0.0,0.0,-1477.368130479572,9.214403053872855,0.0,0.0,none
inventory,heuristic,11,572,4220.53751565592,15.356654138275033,1.578789812242347,0.0,0,low_restock,1.0,0.0,0.0,-1479.3191815228417,5.64070526259978,0.0,0.0,none
inventory,heuristic,11,573,4226.111947208119,14.765427194927208,2.206260473573129,0.0,0,low_restock,1.0,0.0,0.0,-1482.7642423822504,9.861393140895604,0.0,0.0,none
inventory,heuristic,11,574,4235.954978235001,15.3406264452563,2.030303929061049,0.0,0,low_restock,1.0,0.0,0.0,-1485.7780788596442,8.63558067893186,0.0,0.0,none
inventory,heuristic,11,575,4244.565939598983,14.765108881955538,1.7247264680396064,0.0,0,low_restock,1.0,0.0,0.0,-1488.0982039605178,6.676882388454883,0.0,0.0,none
inventory,heuristic,11,576,4251.194868458622,13.974223957587048,1.6126477478890269,0.0,0,low_restock,1.0,0.0,0.0,-1489.9767270651828,5.4237905765226975,0.0,0.0,none
inventory,heuristic,11,577,4256.562077329094,13.204912334634605,1.7495155143565728,0.0,0,low_restock,1.0,0.0,0.0,-1493.1424332197896,9.072006630740571,0.0,0.0,none
inventory,heuristic,11,578,4265.606952056542,13.899000969684252,1.6505890786880315,0.0,0,low_restock,1.0,0.0,0.0,-1495.1044785464446,5.671102580782592,0.0,0.0,none
inventory,heuristic,11,579,4271.212795846985,13.051563522396364,1.5172862210874982,0.0,0,low_restock,1.0,0.0,0.0,-1497.8600083770752,7.8753729631289415,0.0,0.0,none
inventory,heuristic,11,580,4279.085738220215,12.903959724246025,1.388869653036132,0.0,0,low_restock,1.0,0.0,0.0,-1501.1245910584823,9.347282784313968,0.0,0.0,none
inventory,heuristic,11,581,4288.4131173099495,13.443649770265313,1.6724704649889806,0.0,0,low_restock,1.0,0.0,0.0,-1503.6543579686015,7.244940559626651,0.0,0.0,none
inventory,heuristic,11,582,4295.641022767433,13.815789087667762,1.3437475746343577,0.0,0,low_restock,1.0,0.0,0.0,-1505.4869084381455,5.293338497097436,0.0,0.0,none
inventory,heuristic,11,583,4300.876881251845,13.05398583906054,1.5014630985436919,0.0,0,low_restock,1.0,0.0,0.0,-1508.0490837298687,7.330877910467285,0.0,0.0,none
inventory,heuristic,11,584,4308.197382085339,13.396917247670796,1.315892265777709,0.0,0,low_restock,1.0,0.0,0.0,-1509.9825829010215,5.546417071519593,0.0,0.0,none
inventory,heuristic,11,585,4313.72166543149,12.927185442254961,1.4720584390254132,0.0,0,low_restock,1.0,0.0,0.0,-1512.744967468007,7.908603341967365,0.0,0.0,none
inventory,heuristic,11,586,4321.6141927657345,12.640215091156842,1.057731133181679,0.0,0,low_restock,1.0,0.0,0.0,-1514.6436708677295,5.437021789762666,0.0,0.0,none
inventory,heuristic,11,587,4327.039059622084,12.2796073709301,1.10231370092627,0.0,0,low_restock,1.0,0.0,0.0,-1517.686051825924,8.722151030989442,0.0,0.0,none
inventory,heuristic,11,588,4335.731576645498,12.970939078730492,1.2975747437535585,0.0,0,low_restock,1.0,0.0,0.0,-1520.4513788389897,7.901951939396439,0.0,0.0,none
inventory,heuristic,11,589,4343.632510968542,13.087025776640525,1.3486154533468766,0.0,0,low_restock,1.0,0.0,0.0,-1522.4709549458366,5.770684543992173,0.0,0.0,none
inventory,heuristic,11,590,4349.402728416676,13.136212597037044,1.2941052320811675,0.0,0,low_restock,1.0,0.0,0.0,-1522.9881234742425,2.305771746182944,0.0,0.0,none
inventory,heuristic,11,591,4350.88035278355,11.853232003562859,2.5136011823346665,0.0,0,low_restock,1.0,0.0,0.0,-1523.0661789007843,1.3828732462047921,0.0,0.0,none
inventory,heuristic,11,592,4351.103368287955,10.812861733174046,3.396908716750014,0.0,0,low_restock,1.0,0.0,0.0,-1525.2606393762514,6.304249905203674,0.0,0.0,none
inventory,heuristic,11,593,4357.373255360719,10.328335743044175,2.9527043415563927,0.0,0,low_restock,1.0,0.0,0.0,-1527.115138518822,5.346233569574136,0.0,0.0,none
inventory,heuristic,11,594,4362.671824339492,9.807862674189991,2.4664040822262945,0.0,0,low_restock,1.0,0.0,0.0,-1528.515905333542,4.0221328794445,0.0,0.0,none
inventory,heuristic,11,595,4366.674015238691,9.454257364403134,2.279363468549132,0.0,0,low_restock,1.0,0.0,0.0,-1529.1939275658483,1.9407772853138463,0.0,0.0,none
inventory,heuristic,11,596,4368.611221616709,9.54617376663211,2.2058835722746575,0.0,0,low_restock,1.0,0.0,0.0,-1529.6764235537446,1.4347336887611584,0.0,0.0,none
inventory,heuristic,11,597,4369.989781582128,9.777282658834679,1.8824305473131493,0.0,0,low_restock,1.0,0.0,0.0,-1531.3938471926474,4.924072792746392,0.0,0.0,none
inventory,heuristic,11,598,4374.896706264707,9.504690180797791,1.5753859761561586,0.0,0,low_restock,1.0,0.0,0.0,-1532.876868460406,4.247079595640593,0.0,0.0,none
inventory,heuristic,11,599,4379.133909886875,9.292417109476713,1.3785848095252597,0.0,0,low_restock,1.0,0.0,0.0,-1534.559034052851,4.810262561243827,0.0,0.0,none
