env,policy,seed,t,q,mu,sigma,rho,a,action_label,p0,p1,p2,r,state_delta,intervention_active,intervention_start,intervention_name
lunarlander,pg,13,0,-0.005555709358304739,0.9392181237538656,0.04652352258563042,0.061269670724868774,0,left_thruster,0.2896237889153377,0.41393667403332746,0.29643953705133486,-2.2314379883910407,0.02940985652979881,0.0,0.0,none
lunarlander,pg,13,1,-0.011189937746773165,0.9374380111694336,0.059378914535045624,0.0870527122169733,2,right_thruster,0.2699044012266648,0.4125861980717654,0.3175094007015698,-0.04661830444207453,0.015586355476915137,0.0,0.0,none
lunarlander,pg,13,2,-0.016758997614185017,0.935265064239502,0.07248888909816742,0.08110906705260276,0,left_thruster,0.2704040978100855,0.41506828581638466,0.31452761637352983,-2.0690140521418594,0.026218547573631987,0.0,0.0,none
lunarlander,pg,13,3,-0.022384723027547203,0.9326871236165365,0.08603468537330627,0.10268750712275504,1,main_engine,0.25383753641074497,0.41352278959733435,0.33263967399192074,-0.32185505960534666,0.024188232040352538,0.0,0.0,none
lunarlander,pg,13,4,-0.028029363602399826,0.9307437737782797,0.06490448862314224,0.11283377632498741,0,left_thruster,0.24891262722625523,0.4062252898578612,0.3448620829158835,-2.0983242156800177,0.026136110145279716,0.0,0.0,none
lunarlander,pg,13,5,-0.033723829934994384,0.9284024238586426,0.07823232561349869,0.13445682302117345,0,left_thruster,0.23293298400522824,0.40335954303200877,0.363707472962763,-2.518291121574241,0.030324356949683273,0.0,0.0,none
lunarlander,pg,13,6,-0.03948052724202474,0.9256507555643717,0.09199584275484085,0.16071365028619766,1,main_engine,0.2149039434965196,0.3986038807954952,0.3864921757079853,-2.333009201550358,0.02276287335566532,0.0,0.0,none
lunarlander,pg,13,7,-0.04541301789383094,0.9235142866770426,0.07152974605560303,0.16842911168932914,2,right_thruster,0.21134671565313123,0.3910838540452675,0.39756943030160125,-0.3024955007581116,0.015181688025931487,0.0,0.0,none
lunarlander,pg,13,8,-0.05127851230402788,0.9209808508555094,0.08474944531917572,0.1645689457654953,2,right_thruster,0.21069567868846473,0.39325632031468055,0.3960480009968547,-0.13891331897254078,0.015626741117019467,0.0,0.0,none
lunarlander,pg,13,9,-0.0570774885515372,0.9180591901143392,0.09765558689832687,0.15861392095685006,1,main_engine,0.21126686322836774,0.3959590348939768,0.3927741018776554,-2.40453484785902,0.01249406332073158,0.0,0.0,none
lunarlander,pg,13,10,-0.0630737158159415,0.9154504140218099,0.08721955865621567,0.16071879118680954,2,right_thruster,0.2097737343977778,0.39185663262603515,0.39836963297618705,0.00812742131564164,0.016085349149402992,0.0,0.0,none
lunarlander,pg,13,11,-0.0690111331641674,0.9124534924825033,0.10010991245508194,0.15376589447259903,1,main_engine,0.21087055097338717,0.3947891263183618,0.3943403227082511,0.5545239068873229,0.013739787032708556,0.0,0.0,none
lunarlander,pg,13,12,-0.07484801734487216,0.9094746907552084,0.09955169260501862,0.1658293791115284,0,left_thruster,0.20291907799291917,0.3899682495655714,0.4071126724415094,-2.1880033015451326,0.02741695810028271,0.0,0.0,none
lunarlander,pg,13,13,-0.08075197537740073,0.9060889879862467,0.11320941150188446,0.18860736414790152,2,right_thruster,0.1881420296269909,0.3844438510458471,0.427414119327162,-0.08827239785825441,0.01626003367549465,0.0,0.0,none
lunarlander,pg,13,14,-0.08659219990173976,0.9023176829020182,0.12600335478782654,0.18137046247720717,2,right_thruster,0.18940314307603365,0.38763903357478835,0.42295782334917803,0.12772815125396278,0.018018321577955493,0.0,0.0,none
lunarlander,pg,13,15,-0.09236343825856845,0.8981517950693766,0.13907165825366974,0.1712108589708805,1,main_engine,0.19218153587300946,0.3917992325580167,0.41601923156897386,0.45265917282239115,0.018955950721486294,0.0,0.0,none
lunarlander,pg,13,16,-0.09816249211629233,0.8944617112477621,0.12323687225580215,0.17904296442866324,0,left_thruster,0.18832717246481698,0.38487384739297964,0.42679898014220347,-1.813026977230984,0.023292525277908354,0.0,0.0,none
lunarlander,pg,13,17,-0.10401288668314616,0.890363613764445,0.1369245946407318,0.19648333340883256,1,main_engine,0.1769743790622035,0.3804647226278989,0.4425608983098976,0.5922170193443321,0.02461795730551211,0.0,0.0,none
lunarlander,pg,13,18,-0.10987774779399237,0.8868856430053711,0.1162971630692482,0.20806176215410233,2,right_thruster,0.17179405517361931,0.3710947344165615,0.4571112104098192,-0.10100026593009147,0.016299375813330595,0.0,0.0,none
lunarlander,pg,13,19,-0.11568506558736166,0.8830169041951498,0.12924818694591522,0.20104403086006642,1,main_engine,0.17291117554223054,0.3743493425804764,0.4527394818772931,-0.32224699543918633,0.014679341601952478,0.0,0.0,none
lunarlander,pg,13,20,-0.12154396623373032,0.8794679641723633,0.11861138790845871,0.20848848409950732,1,main_engine,0.16894435753791973,0.3682092344884223,0.462846407973658,-0.8667134938476886,0.009584544791268114,0.0,0.0,none
lunarlander,pg,13,21,-0.1274501532316208,0.8759780724843343,0.11666099727153778,0.21489138081669806,2,right_thruster,0.164798291616027,0.36399031776429686,0.4712113906196762,-0.12094937637914199,0.01602293923076468,0.0,0.0,none
lunarlander,pg,13,22,-0.13330761343240738,0.8720975716908773,0.12959836423397064,0.20856753773987294,2,right_thruster,0.16556204319292553,0.367012270613953,0.4674256861931216,0.21867578978620486,0.018371577687108887,0.0,0.0,none
lunarlander,pg,13,23,-0.13910340766112012,0.8678293228149414,0.14241573214530945,0.1975484285503626,1,main_engine,0.1686039944832244,0.37167249825963844,0.4597235072571372,-1.8251796851161612,0.020884852903256673,0.0,0.0,none
lunarlander,pg,13,24,-0.14518634726603827,0.8641380469004313,0.12313755601644516,0.19381997929885983,1,main_engine,0.17074497617496215,0.367615884818377,0.4616391390066608,0.5967482042919198,0.023530444349445387,0.0,0.0,none
lunarlander,pg,13,25,-0.15129224707682928,0.8610498110453287,0.10310084372758865,0.20408607684075833,0,left_thruster,0.16612346597224042,0.35860422455750607,0.47527230947025345,-1.98853740061748,0.024003279754445682,0.0,0.0,none
lunarlander,pg,13,26,-0.15747753282388052,0.8575383822123209,0.11733748763799667,0.22205514796078205,2,right_thruster,0.1552990949591966,0.3531247353938146,0.49157616964698886,0.09938354979398127,0.01705728311381927,0.0,0.0,none
lunarlander,pg,13,27,-0.16360990703105927,0.8536439736684164,0.12999789416790009,0.21322947051376104,0,left_thruster,0.15716808271213706,0.3569258034209862,0.48590611386687677,-1.7939840114868708,0.023752288899371917,0.0,0.0,none
lunarlander,pg,13,28,-0.16980107873678207,0.849333127339681,0.1440085917711258,0.23086345978081227,1,main_engine,0.14702255744268636,0.35128307823936605,0.5016943643179476,-1.0757668677279209,0.011560590979088814,0.0,0.0,none
lunarlander,pg,13,29,-0.17610974609851837,0.8452536265055338,0.13629157841205597,0.23506504967808722,0,left_thruster,0.14453304748673654,0.34647582671128896,0.5089911258019745,-2.335920535661221,0.029394647306220507,0.0,0.0,none
lunarlander,pg,13,30,-0.18249737719694775,0.8407519658406576,0.1505492627620697,0.2595537602901459,1,main_engine,0.1322262550488922,0.33777540386161486,0.529998341089493,-0.2156316468531122,0.015573029881149137,0.0,0.0,none
lunarlander,pg,13,31,-0.1888923595348994,0.8364640871683756,0.14347843825817108,0.2710967667400837,2,right_thruster,0.12696671925686948,0.33009403481385263,0.542939245929278,-0.3111286992309704,0.015706511892945002,0.0,0.0,none
lunarlander,pg,13,32,-0.19523759682973227,0.8317953745524088,0.15607653558254242,0.26600524969398975,1,main_engine,0.12712915288047114,0.332494500450929,0.5403763466685999,-1.6464095246225816,0.013528137409902857,0.0,0.0,none
lunarlander,pg,13,33,-0.2017621199289958,0.8274329503377279,0.14585869014263153,0.27012908160686494,2,right_thruster,0.12501021506503343,0.32713564561518416,0.5478541393197824,0.3923072949730533,0.02051109632073584,0.0,0.0,none
lunarlander,pg,13,34,-0.208206648627917,0.8226913611094157,0.15831048786640167,0.2559289693832397,1,main_engine,0.12871072029000932,0.33308710887845916,0.5382021708315315,-0.9664345030581126,0.018486067750502634,0.0,0.0,none
lunarlander,pg,13,35,-0.21482492486635846,0.8184410730997721,0.14193816483020782,0.2593662954866886,2,right_thruster,0.1271827038360618,0.32688404834850715,0.5459332478154311,0.6050989899228318,0.021881031902346394,0.0,0.0,none
lunarlander,pg,13,36,-0.22136596341927847,0.8138132890065511,0.15433280169963837,0.2432123187929392,0,left_thruster,0.13170728898259534,0.3335189297829186,0.5347737812344862,-1.5682362270390615,0.022042464077933185,0.0,0.0,none
lunarlander,pg,13,37,-0.22796154022216797,0.8087676366170248,0.16839882731437683,0.2580128898844123,2,right_thruster,0.1239524718327922,0.32825788667892897,0.5477896414882789,0.5171816448553364,0.021513441149063582,0.0,0.0,none
lunarlander,pg,13,38,-0.2344864110151927,0.8033465544382731,0.18073387444019318,0.24256256006192417,2,right_thruster,0.12811151220566677,0.3347155308905512,0.5371729569037821,0.6755300949383206,0.023000902559547814,0.0,0.0,none
lunarlander,pg,13,39,-0.24094137052694958,0.7975452740987142,0.19323086738586426,0.22531305775046348,2,right_thruster,0.13309768205328457,0.34193193154812335,0.5249703863985921,0.6468562477168587,0.022408524274074266,0.0,0.0,none
lunarlander,pg,13,40,-0.2473400781551997,0.7913660208384196,0.20568697154521942,0.2089466042816639,2,right_thruster,0.1378689681112404,0.34879243180803204,0.5133386000807275,0.90097685109032,0.02499272321446293,0.0,0.0,none
lunarlander,pg,13,41,-0.25367632508277893,0.7848091920216879,0.2181210070848465,0.18927706070244313,2,right_thruster,0.1441746020854667,0.3568935008248428,0.4989318970896906,1.0544500392673626,0.026598312908827068,0.0,0.0,none
lunarlander,pg,13,42,-0.25994981328646344,0.7778710524241129,0.23069998621940613,0.16778880581259728,1,main_engine,0.15147720322538152,0.3656174610255341,0.4829053357490843,1.5102982271289693,0.012432632631906672,0.0,0.0,none
lunarlander,pg,13,43,-0.26626043021678925,0.7711501916249593,0.22350439429283142,0.1635698065161705,2,right_thruster,0.15270838942505027,0.36414688858125177,0.48314472199369796,1.0212654274362183,0.026126973374797937,0.0,0.0,none
lunarlander,pg,13,44,-0.27251673241456353,0.7640422979990641,0.23630575835704803,0.14285555183887483,2,right_thruster,0.15993657193002087,0.3724300912112207,0.4676333368587585,1.2904783534573436,0.028941724737995573,0.0,0.0,none
lunarlander,pg,13,45,-0.27871278425057733,0.7565550804138184,0.24885044991970062,0.11865215003490448,2,right_thruster,0.169064800055051,0.38169598970106133,0.4492392102438876,1.75369869316419,0.03465973306743399,0.0,0.0,none
lunarlander,pg,13,46,-0.28482918938001,0.7486891746520996,0.26135361194610596,0.0879001557826996,0,left_thruster,0.18177331471267943,0.39273596697659996,0.42549071831072066,-0.373160537105897,0.017464218816276033,0.0,0.0,none
lunarlander,pg,13,47,-0.29101009170214337,0.7404131094614664,0.27520474791526794,0.09043947905302048,2,right_thruster,0.17801201168926334,0.39323711229202674,0.42875087601871,1.605117042033645,0.03343392304200553,0.0,0.0,none
lunarlander,pg,13,48,-0.29711902141571045,0.7317495346069336,0.2880406081676483,0.06144480109214784,2,right_thruster,0.19011523947605108,0.40335486791825376,0.40652989260569516,1.8221712772067622,0.03538196418123645,0.0,0.0,none
lunarlander,pg,13,49,-0.30315731962521875,0.7227087815602621,0.30056852102279663,0.0301919847726822,1,main_engine,0.2038884807144422,0.4133737283113595,0.38273779097419836,2.7973602348597275,0.026227408453707086,0.0,0.0,none
lunarlander,pg,13,50,-0.30935411651929223,0.7141400178273519,0.28490591049194336,0.012005847692489635,2,right_thruster,0.21412342674186172,0.4135681003532756,0.3723084729048627,1.8430325220639314,0.0352315539180273,0.0,0.0,none
lunarlander,pg,13,51,-0.31549004216988885,0.7051798502604166,0.2979682981967926,-0.018860027194023132,2,right_thruster,0.22848899862888689,0.42211418719505883,0.3493968141760542,2.2690742293600192,0.04073918074635586,0.0,0.0,none
lunarlander,pg,13,52,-0.32154778639475506,0.6958328088124593,0.3109055757522583,-0.05584981292486191,0,left_thruster,0.2468360022998015,0.43074489744658645,0.32241910025361203,0.1819709978722585,0.01798623161632938,0.0,0.0,none
lunarlander,pg,13,53,-0.3276820480823517,0.6860804557800293,0.3246050477027893,-0.05760806202888488,0,left_thruster,0.2446680678689579,0.43298012829895943,0.3223518038320826,0.028620060595414998,0.018059623808222656,0.0,0.0,none
lunarlander,pg,13,54,-0.33389024436473846,0.675925095876058,0.33818671107292175,-0.05773214399814605,0,left_thruster,0.24157287922326065,0.43490919386724874,0.3235179269094907,-0.11789231947874214,0.018279081723777395,0.0,0.0,none
lunarlander,pg,13,55,-0.3401697427034378,0.6653693119684855,0.35164493322372437,-0.05626776292920112,1,main_engine,0.23760572994455922,0.43651610202317276,0.325878168032268,4.458414371005012,0.02765173600030842,0.0,0.0,none
lunarlander,pg,13,56,-0.34650127092997235,0.6554283301035563,0.33121535181999207,-0.07070172764360905,1,main_engine,0.24723337123197967,0.43368650369181627,0.3190801250762041,3.7106866366383784,0.0207603206678283,0.0,0.0,none
lunarlander,pg,13,57,-0.35282301406065625,0.6458464860916138,0.31931060552597046,-0.08325129970908164,2,right_thruster,0.25483766949935066,0.4321235475242765,0.31303878297637283,0.9012078675616328,0.037720821050755214,0.0,0.0,none
lunarlander,pg,13,58,-0.3590630739927292,0.6358661651611328,0.33265048265457153,-0.11651333309710026,2,right_thruster,0.2714956560990664,0.4382998787205544,0.2902044651803791,-1.8031471575481386,0.038440789666743795,0.0,0.0,none
lunarlander,pg,13,59,-0.3652290999889374,0.6254807710647583,0.3462567627429962,-0.1503761027008295,0,left_thruster,0.2887370379948446,0.44336865054072766,0.2678943114644276,-3.2175716361673854,0.018323826252453938,0.0,0.0,none
lunarlander,pg,13,60,-0.3714755674203237,0.614696224530538,0.3596392869949341,-0.14921599328517915,2,right_thruster,0.28446769504652103,0.44554682504863397,0.269985479904845,-1.8230427256001007,0.03857821232204061,0.0,0.0,none
lunarlander,pg,13,61,-0.37764800091584527,0.6035057306289673,0.37329867482185364,-0.18295578435063362,1,main_engine,0.30163851252076085,0.4495664853054091,0.24879500217383016,2.8202870150397783,0.02693005110915625,0.0,0.0,none
lunarlander,pg,13,62,-0.3836903472741445,0.5928956270217896,0.35405170917510986,-0.19729795008897782,1,main_engine,0.3124881990280337,0.44504210301098446,0.2424696979609819,-0.05253554738817455,0.021921377179943656,0.0,0.0,none
lunarlander,pg,13,63,-0.3896997372309367,0.5824355284372965,0.34915733337402344,-0.21493499726057053,1,main_engine,0.3231181355566342,0.443445837548944,0.23343602689442178,-0.8233251399307415,0.022243226593589037,0.0,0.0,none
lunarlander,pg,13,64,-0.3957001864910126,0.5720114707946777,0.3480667769908905,-0.23361400812864302,0,left_thruster,0.3338345417670529,0.44235154742871097,0.22381391080423607,-3.225405812146614,0.01809720371851322,0.0,0.0,none
lunarlander,pg,13,65,-0.40178167323271435,0.561196525891622,0.3610962927341461,-0.23166644871234893,0,left_thruster,0.3287954634054979,0.4449490148145703,0.22625552177993186,-2.75691000871161,0.01852463037616423,0.0,0.0,none
lunarlander,pg,13,66,-0.4079147924979528,0.54998779296875,0.37422704696655273,-0.2344040349125862,1,main_engine,0.32672755906467477,0.44743308070559673,0.22583936022972856,0.989687347994336,0.023522217399331902,0.0,0.0,none
lunarlander,pg,13,67,-0.41403281191984814,0.5391058921813965,0.36341822147369385,-0.2511556938290596,0,left_thruster,0.3379415521069257,0.44400307573767017,0.21805537215540408,-2.6891681858701326,0.018431144353556514,0.0,0.0,none
lunarlander,pg,13,68,-0.42020360628763836,0.5278289715449015,0.3765619993209839,-0.2524597428739071,0,left_thruster,0.33489240253188923,0.4465632600303889,0.21854433743772197,-2.691044634657569,0.019822111069397432,0.0,0.0,none
lunarlander,pg,13,69,-0.4264551897843679,0.5161626736323038,0.38944903016090393,-0.24527255147695542,0,left_thruster,0.3265324748963821,0.44934216388645465,0.22412536121716337,-2.2883432479641908,0.0192547379229673,0.0,0.0,none
lunarlander,pg,13,70,-0.43276424209276837,0.5041029850641886,0.402488112449646,-0.2413371942937374,2,right_thruster,0.32025582726699076,0.45195698151689173,0.22778719121611748,-1.4099677175250167,0.028663683127672795,0.0,0.0,none
lunarlander,pg,13,71,-0.43902039527893066,0.4916395346323649,0.4160763621330261,-0.26237262040376663,1,main_engine,0.3294943896206131,0.4540376602873563,0.21646795009203068,2.962526218657411,0.019922670504969604,0.0,0.0,none
lunarlander,pg,13,72,-0.4451038440068563,0.4795467456181844,0.4037308692932129,-0.27019935101270676,0,left_thruster,0.3353247639942279,0.450546481521054,0.21412875448471813,-2.3861836152521163,0.021419762479139664,0.0,0.0,none
lunarlander,pg,13,73,-0.45126756032307946,0.4670748710632324,0.4162214994430542,-0.259747014939785,0,left_thruster,0.3250549761767708,0.45344859681435273,0.22149642700887653,-2.039827890337387,0.021267523192682516,0.0,0.0,none
lunarlander,pg,13,74,-0.457497239112854,0.45422335465749103,0.4287414252758026,-0.2501768201589584,2,right_thruster,0.31543989543849343,0.4560931869412817,0.2284669176202249,-1.076926173412121,0.032216433812779596,0.0,0.0,none
lunarlander,pg,13,75,-0.4636453092098236,0.44095802307128906,0.44273099303245544,-0.2752451829612255,0,left_thruster,0.32700764051936776,0.45822488141497725,0.21476747806565497,-2.1390639718140503,0.022699558906224,0.0,0.0,none
lunarlander,pg,13,76,-0.46986937522888184,0.4273158311843872,0.45512381196022034,-0.26354733631014826,0,left_thruster,0.3161591002783087,0.46105595426085255,0.22278494546083866,-1.862252819185883,0.022289096479799538,0.0,0.0,none
lunarlander,pg,13,77,-0.4761539399623871,0.4132877588272095,0.46785497665405273,-0.25362570844590665,1,main_engine,0.3064686221131739,0.46365570491426317,0.22987567297256298,4.324302444695659,0.023691261077344334,0.0,0.0,none
lunarlander,pg,13,78,-0.4822789629300436,0.399799386660258,0.4498749077320099,-0.2579316210001707,1,main_engine,0.3109361110536801,0.45917922514905696,0.229884663797263,2.3046424297010746,0.015856587263522782,0.0,0.0,none
lunarlander,pg,13,79,-0.4882559676965078,0.38648752371470135,0.4439812898635864,-0.25987232886254785,1,main_engine,0.3118655209210021,0.45743401929084043,0.2307004597881574,3.716287811493949,0.02411883496831675,0.0,0.0,none
lunarlander,pg,13,80,-0.49413730700810754,0.3737226724624634,0.4257928431034088,-0.267177602648735,2,right_thruster,0.31836233366743955,0.45281551659155506,0.22882214974100548,-1.359129535449165,0.028965596834086938,0.0,0.0,none
lunarlander,pg,13,81,-0.4999507466952006,0.3605395555496216,0.43991389870643616,-0.2879624754190445,0,left_thruster,0.32735733605594064,0.45513461780812947,0.21750804613592978,-2.2024119542199183,0.02247735886764936,0.0,0.0,none
lunarlander,pg,13,82,-0.5058323343594869,0.34697691599527997,0.4523950517177582,-0.2765207003802061,1,main_engine,0.316692050240037,0.45797136428225954,0.22533658547770338,5.215627033472823,0.023262651905968483,0.0,0.0,none
lunarlander,pg,13,83,-0.5114115277926128,0.33396653334299725,0.4339447021484375,-0.27593922093510626,0,left_thruster,0.3184994525387232,0.4534192518592379,0.22808129560203885,-2.107936704947261,0.025612667052892665,0.0,0.0,none
lunarlander,pg,13,84,-0.5170714855194092,0.32057563463846844,0.446418434381485,-0.2589373555034399,2,right_thruster,0.3045703572874836,0.4559269755099358,0.23950266720258068,-1.3352990644827583,0.026246544372708472,0.0,0.0,none
lunarlander,pg,13,85,-0.5226710438728333,0.306761900583903,0.46067938208580017,-0.27516486793756484,0,left_thruster,0.31071241521112286,0.4588064449597695,0.2304811398291076,-2.0603407359346644,0.024760424283136524,0.0,0.0,none
lunarlander,pg,13,86,-0.5283405880133312,0.292564590771993,0.47327837347984314,-0.2603110236581415,0,left_thruster,0.29828308668421905,0.4612008924263712,0.24051602088940968,-1.7788522049666369,0.02437101924970811,0.0,0.0,none
lunarlander,pg,13,87,-0.5340653657913208,0.2779877781867981,0.48577529191970825,-0.2464359718374908,1,main_engine,0.28668028793695294,0.46317113705663976,0.25014857500640725,4.934723977248547,0.022349862062040853,0.0,0.0,none
lunarlander,pg,13,88,-0.539503296216329,0.2638735771179199,0.4703105688095093,-0.2408166378736496,0,left_thruster,0.2848367005024566,0.4590135533447804,0.25614974615276304,-1.7320005812798445,0.026756875540840185,0.0,0.0,none
lunarlander,pg,13,89,-0.5450044075647991,0.2493762175242106,0.4829171895980835,-0.2230242844671011,1,main_engine,0.27121447217003775,0.46019902374052096,0.2685865040894414,4.342818696351099,0.021435277665142714,0.0,0.0,none
lunarlander,pg,13,90,-0.5502938230832418,0.23530731598536173,0.46862512826919556,-0.21761168763041497,0,left_thruster,0.26929415757248804,0.45607604677328156,0.2746297956542304,-1.585646425127402,0.026664725235085406,0.0,0.0,none
lunarlander,pg,13,91,-0.5556366840998332,0.22085605065027872,0.4812363088130951,-0.19987527132034302,0,left_thruster,0.2560899466643525,0.4565189691841766,0.287391084151471,-1.4233753640845361,0.027532235103863406,0.0,0.0,none
lunarlander,pg,13,92,-0.5610292156537374,0.20602726936340332,0.4937065839767456,-0.18107250407338144,1,main_engine,0.24269750120625797,0.4561927957210756,0.3011097030726665,11.58951421982257,0.1531848079815211,0.0,0.0,none
lunarlander,pg,13,93,-0.5664302905400594,0.19135475158691406,0.4885631799697876,-0.02877451851963997,0,left_thruster,0.16605098465488508,0.41762799572690884,0.416321019618206,2.2218820230301697,0.11991498144426094,0.0,0.0,none
lunarlander,pg,13,94,-0.5716537435849508,0.1768545707066854,0.4841260612010956,-0.14761211797595022,1,main_engine,0.2239194754747999,0.4471217976727962,0.3289587268524039,-99.92590177118778,1.1631321436881024,0.0,0.0,none
lunarlander,pg,13,95,-0.006334384282430014,0.9449686209360758,-0.14515849947929382,0.06985547319054602,1,main_engine,0.31149817115379713,0.37265513299830816,0.31584669584789465,-4.505043875141345,0.017442940302067108,0.0,0.0,none
lunarlander,pg,13,96,-0.012825489199409883,0.9497871398925781,-0.16058459877967834,0.07082452364265918,0,left_thruster,0.31091845074661173,0.36802328526673495,0.32105826398665327,-1.7827964687332212,0.03000145298865297,0.0,0.0,none
lunarlander,pg,13,97,-0.0193912194420894,0.9542048772176107,-0.1471836119890213,0.09647360779345035,1,main_engine,0.28913484577331,0.36637029019294726,0.34449486403374274,-3.449619324089924,0.011154329978708084,0.0,0.0,none
lunarlander,pg,13,98,-0.026062410324811935,0.9587783813476562,-0.15234985947608948,0.10215755328536033,2,right_thruster,0.28378495883799504,0.3629717763155019,0.3532432648465031,0.33551260303315983,0.01644863404610064,0.0,0.0,none
lunarlander,pg,13,99,-0.032672801365454994,0.9629472096761068,-0.13885942101478577,0.09691453576087952,2,right_thruster,0.2833647490441835,0.36491572322211274,0.35171952773370385,0.3098834153648533,0.01589282272512628,0.0,0.0,none
lunarlander,pg,13,100,-0.039233447362979255,0.9667185147603353,-0.12561540305614471,0.09245213903486729,2,right_thruster,0.2824819413204673,0.3667212918449532,0.35079676683457944,0.7812311893134949,0.018424083876564405,0.0,0.0,none
lunarlander,pg,13,101,-0.04572614096105099,0.9700865745544434,-0.11220081895589828,0.08215665929019451,0,left_thruster,0.28554643470783103,0.3694254114227493,0.3450281538694197,-1.16322185166189,0.02311813561504879,0.0,0.0,none
lunarlander,pg,13,102,-0.05227303753296535,0.9730461438496908,-0.09854063391685486,0.09936789497733116,2,right_thruster,0.2701836746627631,0.36802628959443007,0.3617900357428067,0.4522835914358529,0.016287497693637184,0.0,0.0,none
lunarlander,pg,13,103,-0.058770657827456795,0.9756048520406088,-0.08520349860191345,0.09315200038254261,0,left_thruster,0.2705504023475732,0.3701999676028832,0.35924963004954363,-1.5994156062464664,0.027027774384604002,0.0,0.0,none
lunarlander,pg,13,104,-0.06534202645222346,0.9777513345082601,-0.07140615582466125,0.11534081846475601,0,left_thruster,0.25244966270136543,0.36732363264979634,0.3802267046488382,-1.6119007236632592,0.02562969101977366,0.0,0.0,none
lunarlander,pg,13,105,-0.07197244713703792,0.9794942537943522,-0.05789307877421379,0.13601151183247567,2,right_thruster,0.2359789847734894,0.36386947794589525,0.4001515372806154,0.16543705032553477,0.01553885479193772,0.0,0.0,none
lunarlander,pg,13,106,-0.07855065787831943,0.9808375040690104,-0.04459375515580177,0.13159485906362534,2,right_thruster,0.23530534002585274,0.3657566924755021,0.39893796749864513,0.4987296658759385,0.017151174398537593,0.0,0.0,none
lunarlander,pg,13,107,-0.08506544555226962,0.9817819595336914,-0.031340911984443665,0.12292361482977868,2,right_thruster,0.23727454290568464,0.36863529387974314,0.3940901632145723,0.8004259478211782,0.019248455748936858,0.0,0.0,none
lunarlander,pg,13,108,-0.09150910501678786,0.9823283354441324,-0.01813318207859993,0.11050428934395314,1,main_engine,0.24159071777728008,0.37233853110434156,0.3860707511183784,-1.796869577569729,0.016099664363223253,0.0,0.0,none
lunarlander,pg,13,109,-0.09802325318257014,0.9833099047342936,-0.032638680189847946,0.11282638162374496,2,right_thruster,0.24000749586261522,0.36733428295083637,0.39265822118654836,0.7527699677887699,0.018349478362545264,0.0,0.0,none
lunarlander,pg,13,110,-0.10448090732097626,0.9839018980662028,-0.01970537193119526,0.10154005624353886,0,left_thruster,0.2436777878759934,0.3706996352934565,0.38562257683055,-1.1147025196230596,0.02060685996075939,0.0,0.0,none
lunarlander,pg,13,111,-0.11099331080913544,0.984089215596517,-0.0061620306223630905,0.11563878301531076,0,left_thruster,0.23165900110685816,0.3685849198872003,0.3997560790059414,-1.7010348300982912,0.025701004116496645,0.0,0.0,none
lunarlander,pg,13,112,-0.11758161087830862,0.9838716189066569,0.007412576116621494,0.13644307628273963,2,right_thruster,0.2160886585063684,0.36434979949796786,0.4195615419956638,0.8004299943850515,0.020094808270370957,0.0,0.0,none
lunarlander,pg,13,113,-0.12409321963787079,0.9832669893900553,0.02023899368941784,0.12242459896951914,1,main_engine,0.22121070629513173,0.36871902535778645,0.4100702683470818,-1.496119596265205,0.01589763535082344,0.0,0.0,none
lunarlander,pg,13,114,-0.13068787753582,0.9830921490987142,0.005911636166274548,0.12440993376076222,0,left_thruster,0.2198250522086643,0.36371731066510243,0.4164576371262333,-1.2743476735899049,0.021052306477367545,0.0,0.0,none
lunarlander,pg,13,115,-0.137333149711291,0.9825115203857422,0.019499752670526505,0.1390409257262945,1,main_engine,0.20823513733128912,0.36067395153212095,0.4310909111365898,-1.784372145443564,0.014012795788169226,0.0,0.0,none
lunarlander,pg,13,116,-0.14407300700743994,0.9822893142700195,0.007549321744590998,0.1418818049132824,2,right_thruster,0.20607650911855707,0.355773472397666,0.438150018483777,0.8014031225973269,0.02007376512659517,0.0,0.0,none
lunarlander,pg,13,117,-0.15074070543050766,0.9816807905832926,0.020346248522400856,0.12794027673080563,1,main_engine,0.21102048855673652,0.3602392106571098,0.42874030078615366,-0.6502107373309491,0.007265787772976083,0.0,0.0,none
lunarlander,pg,13,118,-0.1574205607175827,0.9810458024342855,0.021235644817352295,0.13058167211711408,1,main_engine,0.2077011467851397,0.3578901700968776,0.43440868311798264,-1.7257525013252906,0.015615620765108744,0.0,0.0,none
lunarlander,pg,13,119,-0.16420920689900717,0.9808321793874105,0.007182745262980461,0.13106362046673894,2,right_thruster,0.2070670485291,0.3532393855945564,0.4396935658763436,0.6885117400629985,0.01712381923608531,0.0,0.0,none
lunarlander,pg,13,120,-0.17093705634276074,0.980224609375,0.020262176170945168,0.12231601662933826,0,left_thruster,0.20901351403324053,0.3563115578699636,0.4346749280967958,-1.2790080572479428,0.019402363604755897,0.0,0.0,none
lunarlander,pg,13,121,-0.17773012320200604,0.9792037804921468,0.03409551829099655,0.13405920658260584,2,right_thruster,0.19932956002495233,0.3537723617122774,0.4468980782627703,1.0748123608891444,0.02302722489039831,0.0,0.0,none
lunarlander,pg,13,122,-0.184443232913812,0.9777960777282715,0.046892113983631134,0.1161859652493149,1,main_engine,0.20640017831984714,0.3594649640828388,0.4341348575973142,-0.3604971501790499,0.01454578828591531,0.0,0.0,none
lunarlander,pg,13,123,-0.19118646780649823,0.9767717520395914,0.03412478789687157,0.1176194510422647,2,right_thruster,0.20513876698263014,0.35483258768294706,0.4400286453344228,0.900217300688297,0.020846822795472977,0.0,0.0,none
lunarlander,pg,13,124,-0.19787093003590903,0.9753615061442057,0.046913161873817444,0.10264024268835784,0,left_thruster,0.2106815342374534,0.3596182916981946,0.42970017406435207,-1.3178456684604545,0.021401239835252026,0.0,0.0,none
lunarlander,pg,13,125,-0.20462755113840103,0.973548968633016,0.060415368527173996,0.11769900296349078,2,right_thruster,0.19919718136204975,0.35617597129225814,0.44462684734569197,0.9016359204794867,0.021584257640913346,0.0,0.0,none
lunarlander,pg,13,126,-0.21132012208302817,0.9713528951009115,0.07311712205410004,0.10173240061849356,0,left_thruster,0.20520361799050593,0.36136121688314793,0.43343516512634617,-1.1685944202692224,0.019690343066724257,0.0,0.0,none
lunarlander,pg,13,127,-0.21807218591372174,0.9687520662943522,0.08668232709169388,0.11403443890158087,1,main_engine,0.19547260973230915,0.3586321291838625,0.44589526108382843,0.7415684148436412,0.011272767863982012,0.0,0.0,none
lunarlander,pg,13,128,-0.2247697114944458,0.9663721720377604,0.07934204488992691,0.11879624600987881,2,right_thruster,0.19197686064515884,0.35403785447359093,0.45398528488125023,0.7386284858429804,0.02088020705431428,0.0,0.0,none
lunarlander,pg,13,129,-0.23140564560890198,0.9635996023813883,0.09236128628253937,0.10414156634360552,1,main_engine,0.19712633095440468,0.35908115250338923,0.4437925165422061,-0.4146590303110338,0.00793084799956634,0.0,0.0,none
lunarlander,pg,13,130,-0.23809577027956647,0.9609080950419108,0.08965477347373962,0.1022518154233694,1,main_engine,0.1968061887091136,0.3573611075500672,0.4458327037408192,-1.44658101289715,0.017576851737990288,0.0,0.0,none
lunarlander,pg,13,131,-0.24497019747893017,0.9586592515309652,0.07487789541482925,0.09606517292559147,2,right_thruster,0.19993480808610212,0.35454191228493,0.44552327962896787,0.7850908896590862,0.02074584058045904,0.0,0.0,none
lunarlander,pg,13,132,-0.2517945319414139,0.9560176531473795,0.08791542798280716,0.08168243803083897,2,right_thruster,0.2050115627987589,0.3593130634634945,0.43567537373774656,1.4118983825671716,0.027320322865224237,0.0,0.0,none
lunarlander,pg,13,133,-0.2585397909084956,0.9529825846354166,0.10095520317554474,0.05884268879890442,1,main_engine,0.2150064358318382,0.36628005041543543,0.41871351375272636,-0.5924056788950998,0.014821505654982917,0.0,0.0,none
lunarlander,pg,13,134,-0.2654222150643667,0.950199286142985,0.09255936741828918,0.04914359301328659,0,left_thruster,0.21977642706700015,0.3654456132170162,0.41477795971598375,-0.7077122310777872,0.01695049115351592,0.0,0.0,none
lunarlander,pg,13,135,-0.27235977351665497,0.9470121065775553,0.1060871109366417,0.05592824295163155,0,left_thruster,0.21268693766203817,0.3645923771711866,0.4227206851667752,-1.2964250277037752,0.02097447485607072,0.0,0.0,none
lunarlander,pg,13,136,-0.27937598526477814,0.9434246222178141,0.11950799822807312,0.06998922117054462,1,main_engine,0.20171674888016827,0.36154614001587215,0.43673711110395963,-0.3601464187416286,0.008776269662081585,0.0,0.0,none
lunarlander,pg,13,137,-0.2864457666873932,0.9398128191630045,0.12031544744968414,0.06633627656847238,0,left_thruster,0.20195644784999028,0.3609339152789367,0.43710963687107307,-1.3816891244163707,0.021334948948567783,0.0,0.0,none
lunarlander,pg,13,138,-0.2935845901568731,0.9357918898264567,0.13401766121387482,0.08048896929249168,2,right_thruster,0.19128393549694733,0.35756561743381404,0.4511504470692385,0.8994004857046275,0.023876540229160765,0.0,0.0,none
lunarlander,pg,13,139,-0.3006506462891897,0.9313798745473226,0.1469884067773819,0.062255650758743286,1,main_engine,0.19825476446477,0.36359732819903373,0.4381479073361962,0.04738291282536126,0.014683302833800172,0.0,0.0,none
lunarlander,pg,13,140,-0.3078089902798335,0.9273050626118978,0.1357448697090149,0.05763653013855219,2,right_thruster,0.2001625797982328,0.3609658490122558,0.43887157118951126,1.121153554936543,0.025871184637348565,0.0,0.0,none
lunarlander,pg,13,141,-0.31489426891009015,0.9228355089823405,0.14885269105434418,0.03696468621492386,2,right_thruster,0.20866715635840297,0.3674699465746981,0.4238628970668989,1.258107587386304,0.02723478703984281,0.0,0.0,none
lunarlander,pg,13,142,-0.32190894087155664,0.9179701010386149,0.16200800240039825,0.014698263257741928,0,left_thruster,0.21827087428158215,0.3741676389082641,0.40756148681015375,-0.9213961377228077,0.01833461277567114,0.0,0.0,none
lunarlander,pg,13,143,-0.32899161179860437,0.9127069314320883,0.1753256469964981,0.02369455061852932,0,left_thruster,0.21005230775276698,0.37277530481619553,0.4171723874310375,-1.1728136936785973,0.02000785711750361,0.0,0.0,none
lunarlander,pg,13,144,-0.33614416917165124,0.9070398012797037,0.1888400763273239,0.03528761342167855,1,main_engine,0.2006123457970146,0.3705010706491616,0.42888658355382386,1.3150622440716642,0.021869906762402243,0.0,0.0,none
lunarlander,pg,13,145,-0.3433605035146078,0.9019614855448405,0.16921350359916687,0.031385602056980134,2,right_thruster,0.2029807109889139,0.36605817712408795,0.43096111188699815,0.7384600727553174,0.023039393098251048,0.0,0.0,none
lunarlander,pg,13,146,-0.35052200158437097,0.8964815934499105,0.18257838487625122,0.014927251264452934,2,right_thruster,0.2090957990235839,0.3714216319182581,0.419482569058158,1.2427450033147216,0.028406288437603063,0.0,0.0,none
lunarlander,pg,13,147,-0.35760695735613507,0.8906033833821615,0.19583019614219666,-0.00845130234956741,2,right_thruster,0.2192694248995807,0.378402761418173,0.40232781368224635,1.13023257469692,0.02691928807505533,0.0,0.0,none
lunarlander,pg,13,148,-0.3646331528822581,0.8843237559000651,0.20920565724372864,-0.029827550053596497,2,right_thruster,0.22848119274431597,0.3845991863334869,0.3869196209221971,1.569696329486293,0.03175389483481799,0.0,0.0,none
lunarlander,pg,13,149,-0.3715837746858597,0.877650260925293,0.2223472148180008,-0.05708122178912162,1,main_engine,0.24139812588721135,0.39165870062469843,0.3669431734880902,0.22129769311305156,0.020122510600258405,0.0,0.0,none
lunarlander,pg,13,150,-0.3786837309598923,0.8710327943166097,0.22051940858364105,-0.07461331561207771,2,right_thruster,0.2504752492765495,0.3932740562521017,0.3562506944713488,0.9279013344759062,0.03513784595090071,0.0,0.0,none
lunarlander,pg,13,151,-0.38570570449034375,0.8640098571777344,0.23408038914203644,-0.10547005338594317,2,right_thruster,0.2660320037045526,0.39990138240742684,0.33406661388802067,-1.4244208770664182,0.03371737567136046,0.0,0.0,none
lunarlander,pg,13,152,-0.39266566435496014,0.8565960725148519,0.24718979001045227,-0.13482307344675065,1,main_engine,0.28097540255009523,0.4053732016333417,0.31365139581656304,-0.014974130334396693,0.02112502991708836,0.0,0.0,none
lunarlander,pg,13,153,-0.3996045639117559,0.8494779268900553,0.23742397129535675,-0.15070008039474486,1,main_engine,0.29079590598913324,0.40398457163666207,0.3052195223742048,-2.584928356252608,0.024612872794089847,0.0,0.0,none
lunarlander,pg,13,154,-0.40667196114857995,0.8423635164896647,0.23740175366401672,-0.17317740395665168,1,main_engine,0.3035928706608017,0.4048883059650873,0.29151882337411106,-0.28160529893327974,0.02374018627709722,0.0,0.0,none
lunarlander,pg,13,155,-0.41373903552691144,0.8355897267659506,0.2261529415845871,-0.19164989441633223,2,right_thruster,0.315689085429767,0.4027041599935829,0.2816067545766501,-1.788677651694477,0.03553038534821783,0.0,0.0,none
lunarlander,pg,13,156,-0.4207467536131541,0.828421433766683,0.23945274949073792,-0.22303509563207624,1,main_engine,0.33261146708663214,0.405766893446002,0.2616216394673659,-1.803677256639328,0.025669119539574698,0.0,0.0,none
lunarlander,pg,13,157,-0.4278141756852468,0.8213731447855631,0.2355913370847702,-0.2463667556643486,1,main_engine,0.34708671281613473,0.4042545016524664,0.24865878553139892,0.3168858760223145,0.023838024442683216,0.0,0.0,none
lunarlander,pg,13,158,-0.4347957173983256,0.8146632512410482,0.2244400829076767,-0.26507868617773056,0,left_thruster,0.35987326608478454,0.4007862441677176,0.23934048974749786,-3.4175161492161314,0.016461869249984197,0.0,0.0,none
lunarlander,pg,13,159,-0.4418554902076721,0.8075617949167887,0.23749950528144836,-0.26549528241157533,1,main_engine,0.3559391545882278,0.4029790347982568,0.24108181061351544,0.8997337143861409,0.028255089280948165,0.0,0.0,none
lunarlander,pg,13,160,-0.4488558073838552,0.8010050455729166,0.2194548100233078,-0.2850079357624054,1,main_engine,0.3705975823742902,0.3977118134650427,0.2316906041606672,-2.3440143570787426,0.02584790224871456,0.0,0.0,none
lunarlander,pg,13,161,-0.4559454321861267,0.7944959799448649,0.21801964938640594,-0.3089542016386986,1,main_engine,0.3853299181776635,0.3954329704875009,0.21923711133483556,2.3597591356565775,0.019613380832535554,0.0,0.0,none
lunarlander,pg,13,162,-0.46276892224947613,0.7883700529734293,0.20530639588832855,-0.32074279338121414,2,right_thruster,0.3939802848437217,0.39125202077869675,0.21476769437758156,-1.996965357700915,0.03569935456409421,0.0,0.0,none
lunarlander,pg,13,163,-0.4695358872413635,0.7818307876586914,0.21930621564388275,-0.3522053927183151,1,main_engine,0.4109636484525542,0.39093498208128,0.19810136946616574,2.99130768635329,0.024748423439473602,0.0,0.0,none
lunarlander,pg,13,164,-0.4760160545508067,0.7758391698201498,0.20112919807434082,-0.366494844853878,1,main_engine,0.422578124351934,0.38490171545025736,0.19252016019780868,-0.8645868255789185,0.023462321292124447,0.0,0.0,none
lunarlander,pg,13,165,-0.4824526111284892,0.7699865500132242,0.19663557410240173,-0.3878163233399391,1,main_engine,0.43626484547449773,0.3808235901219439,0.18291156440355827,-0.7383547615552755,0.028077192105051548,0.0,0.0,none
lunarlander,pg,13,166,-0.488872230052948,0.7644429206848145,0.18651646375656128,-0.4125951245427132,1,main_engine,0.4533589819657987,0.3746313660839515,0.1720096519502498,0.328255946016576,0.016281338074005995,0.0,0.0,none
lunarlander,pg,13,167,-0.495073546965917,0.7588601112365723,0.18788029253482819,-0.42650906890630724,2,right_thruster,0.46078219827318295,0.37249859845597494,0.16671920327084214,-2.1327662558607208,0.042535306868782534,0.0,0.0,none
lunarlander,pg,13,168,-0.5011980732282003,0.7528475920359293,0.20258331298828125,-0.4654887214303016,0,left_thruster,0.48178060472340317,0.3686055478992479,0.14961384737734892,-3.6519694816647332,0.015065689873670187,0.0,0.0,none
lunarlander,pg,13,169,-0.5073962608973186,0.7464699745178223,0.21462486684322357,-0.46718709021806715,0,left_thruster,0.47881003740163786,0.3709388451351972,0.15025111746316494,-3.4392434751053904,0.015373045126047197,0.0,0.0,none
lunarlander,pg,13,170,-0.5136699974536896,0.7397185961405436,0.22691746056079865,-0.4666562646627426,0,left_thruster,0.4743236029246252,0.3737650458751368,0.15191135120023802,-2.9175446240893415,0.0162169014513334,0.0,0.0,none
lunarlander,pg,13,171,-0.5199894309043884,0.7325901985168457,0.23938465118408203,-0.47075599133968354,1,main_engine,0.47278827067955614,0.37574948360758625,0.15146224571285774,0.6446820820041136,0.025573591339677505,0.0,0.0,none
lunarlander,pg,13,172,-0.5262277523676555,0.7257914543151855,0.22856250405311584,-0.4920104056596756,0,left_thruster,0.4872659011409091,0.36908066473607887,0.14365343412301193,-3.0156156697007566,0.01577420906120643,0.0,0.0,none
lunarlander,pg,13,173,-0.5325385928153992,0.7186382611592611,0.24011893570423126,-0.4870829641819,0,left_thruster,0.4801143299136533,0.3726737234087552,0.14721194667759147,-2.7125249755987033,0.015996718231310846,0.0,0.0,none
lunarlander,pg,13,174,-0.5389090875784557,0.7111090024312338,0.2524479925632477,-0.484510725736618,1,main_engine,0.4742807631324691,0.37594844326839894,0.14977079359913206,5.323730676940183,0.02062457939980742,0.0,0.0,none
lunarlander,pg,13,175,-0.544845461845398,0.7040930589040121,0.23529846966266632,-0.4913520075380802,2,right_thruster,0.48094344992886734,0.37071623319089325,0.14834031688023935,-1.5841993241771957,0.03500388720662438,0.0,0.0,none
lunarlander,pg,13,176,-0.5507088204224905,0.696645180384318,0.25008031725883484,-0.521632681787014,1,main_engine,0.4956182464199474,0.36784517591846905,0.1365365776615836,3.3733152494510636,0.027534326443025146,0.0,0.0,none
lunarlander,pg,13,177,-0.5563300848007202,0.689761241277059,0.23142489790916443,-0.539829583466053,1,main_engine,0.5097602383706401,0.35971656931966256,0.1305231923096973,1.4698567243197636,0.023806000797873504,0.0,0.0,none
lunarlander,pg,13,178,-0.5618005494276683,0.6832107702891032,0.22047059237957,-0.5591659277677536,1,main_engine,0.5228233190607908,0.35295661460058514,0.12422006633862406,-0.1584220364440989,0.01866628640180364,0.0,0.0,none
lunarlander,pg,13,179,-0.567156324783961,0.6766740481058756,0.22011759877204895,-0.5758060172200203,1,main_engine,0.5318002207994268,0.34909827836371066,0.11910150083686256,2.5456626398768814,0.022815156798410716,0.0,0.0,none
lunarlander,pg,13,180,-0.5722538630167644,0.6705087820688883,0.20785681903362274,-0.5933048531413079,0,left_thruster,0.5438252325019907,0.3423020882137272,0.11387267928428212,-2.9621699202832676,0.015153523088297574,0.0,0.0,none
lunarlander,pg,13,181,-0.5773970484733582,0.6639658212661743,0.2202608734369278,-0.5958555400371551,0,left_thruster,0.541508664072926,0.34457149977581414,0.11391983615125983,-2.8093793132764833,0.015040202666813345,0.0,0.0,none
lunarlander,pg,13,182,-0.5825979510943096,0.6570646365483602,0.23188872635364532,-0.5918151199817657,0,left_thruster,0.5354332858768772,0.34826473526266966,0.11630197886045315,-2.6515299804937547,0.016467687195036666,0.0,0.0,none
lunarlander,pg,13,183,-0.5878637234369914,0.6498019297917684,0.2435915172100067,-0.5844833984971046,0,left_thruster,0.527318040681509,0.3527507891894297,0.1199311701290612,-2.275708706977476,0.01583030169773368,0.0,0.0,none
lunarlander,pg,13,184,-0.5931737025578817,0.6421701510747274,0.25562983751296997,-0.5800973556935787,2,right_thruster,0.5208455394519674,0.3566044585317778,0.12255000201625471,-1.6950746488129165,0.028240796848057127,0.0,0.0,none
lunarlander,pg,13,185,-0.5984333157539368,0.6341067552566528,0.27035441994667053,-0.6021891504526138,0,left_thruster,0.5296916367258174,0.35482321983152265,0.11548514344265995,-2.3619295294081644,0.018043118991074938,0.0,0.0,none
lunarlander,pg,13,186,-0.6037553648153942,0.6256866455078125,0.2818511426448822,-0.5924856945872307,2,right_thruster,0.520200720652364,0.35988185931848937,0.11991742002914664,-1.6702265644766068,0.02822308694108455,0.0,0.0,none
lunarlander,pg,13,187,-0.6090243657430013,0.6168376207351685,0.29649773240089417,-0.6143020287156105,0,left_thruster,0.5287835087118771,0.3581039318623833,0.11311255942573963,-2.279154088205803,0.017795737033551473,0.0,0.0,none
lunarlander,pg,13,188,-0.6143492460250854,0.6076265573501587,0.30820873379707336,-0.6061569280922413,1,main_engine,0.5202232458208257,0.36290457373116486,0.1168721804480095,1.048805184522846,0.012144677573898666,0.0,0.0,none
lunarlander,pg,13,189,-0.6194726129372915,0.5983366171518961,0.310822457075119,-0.6114587925374508,1,main_engine,0.521715145053072,0.3623737950459659,0.11591105990096194,2.599360078279274,0.010849351878862887,0.0,0.0,none
lunarlander,pg,13,190,-0.6242697934309642,0.5890785455703735,0.3096870481967926,-0.6142326802015304,1,main_engine,0.5226291268889343,0.3615917663589373,0.11577910675212841,5.472041688706311,0.01743071827976893,0.0,0.0,none
lunarlander,pg,13,191,-0.6286037961641948,0.5802262226740519,0.2961440980434418,-0.6190567076206207,0,left_thruster,0.5276612350888137,0.3574698685396675,0.11486889637151884,-2.039493260484463,0.01856295750940635,0.0,0.0,none
lunarlander,pg,13,192,-0.6329893569151561,0.5710122982660929,0.30784082412719727,-0.6088763125240803,1,main_engine,0.5180797012302565,0.3627210137540051,0.11919928501573832,4.76681920832751,0.014772380989475848,0.0,0.0,none
lunarlander,pg,13,193,-0.6369611620903015,0.5621176958084106,0.29717952013015747,-0.6119860790669918,1,main_engine,0.5215469287756981,0.3596620693427073,0.11879100188159471,3.4135148431874294,0.010639663827278741,0.0,0.0,none
lunarlander,pg,13,194,-0.6405657529830933,0.553362766901652,0.2924712002277374,-0.6131660427898169,1,main_engine,0.5226071220955373,0.35841727964878023,0.11897559825568253,3.3039465538725006,0.010080230748651877,0.0,0.0,none
lunarlander,pg,13,195,-0.6437917053699493,0.5447278022766113,0.28839394450187683,-0.6132989142090082,0,left_thruster,0.5229919592243744,0.35755743119652483,0.11945060957910084,-1.8118258084834031,0.02165528988054532,0.0,0.0,none
lunarlander,pg,13,196,-0.6470766166845958,0.5357398192087809,0.29972347617149353,-0.5975185843650251,0,left_thruster,0.510271936184774,0.36393488545602193,0.125793178359204,-1.5504164627383352,0.023260515425995693,0.0,0.0,none
lunarlander,pg,13,197,-0.6504182517528534,0.5263989369074503,0.31105464696884155,-0.5797918379306793,1,main_engine,0.4961804939347465,0.3706146355100606,0.13320487055519298,4.830841380742493,0.014192922640480688,0.0,0.0,none
lunarlander,pg,13,198,-0.6533611814181011,0.5173705021540324,0.3006356656551361,-0.5781455049291253,0,left_thruster,0.49694104244911247,0.36864930669690615,0.13440965085398138,-1.3484162727880653,0.026602880894310697,0.0,0.0,none
lunarlander,pg,13,199,-0.6563687821229299,0.5079922676086426,0.31182730197906494,-0.5561122663319111,1,main_engine,0.48004116901729105,0.3759493661555928,0.1440094648271163,2.6098117677273414,0.011208484500499553,0.0,0.0,none
lunarlander,pg,13,200,-0.6591041882832845,0.4986454248428345,0.31075283885002136,-0.5506689459085464,0,left_thruster,0.4763123617397966,0.3768640789787302,0.14682355928147317,-1.3988289708522381,0.02153549919431004,1.0,1.0,lunarlander_engine_fault
lunarlander,pg,13,201,-0.6617912650108337,0.48885659376780194,0.32585403323173523,-0.5621880630031229,0,left_thruster,0.47970472343399495,0.37812395653963826,0.14217132002636676,-1.296838961437494,0.024962900755836705,1.0,0.0,lunarlander_engine_fault
lunarlander,pg,13,202,-0.6645345687866211,0.47870675722757977,0.3375031054019928,-0.5427741341292858,0,left_thruster,0.464303677735518,0.38477815316035985,0.15091816910412212,-1.0045407392355912,0.025191143392296316,1.0,0.0,lunarlander_engine_fault
lunarlander,pg,13,203,-0.6673215826352438,0.4682001272837321,0.34905871748924255,-0.5232061803340912,1,main_engine,0.4486950059866795,0.3911416743805698,0.16016331963275057,4.931958127117761,0.01623090235861027,1.0,0.0,lunarlander_engine_fault
lunarlander,pg,13,204,-0.6697562833627065,0.45803948243459064,0.33757075667381287,-0.5184836305677891,2,right_thruster,0.44774036142629065,0.38935568482613836,0.16290395374757097,-1.2468886835066815,0.02149915820647652,1.0,0.0,lunarlander_engine_fault
lunarlander,pg,13,205,-0.6721316774686178,0.44744328657786053,0.3524843454360962,-0.5295234136283398,1,main_engine,0.4511341562236494,0.39097948084752615,0.1578863629288244,-1.2767104287213682,0.017903148183851515,1.0,0.0,lunarlander_engine_fault
lunarlander,pg,13,206,-0.6745070219039917,0.43644726276397705,0.36581823229789734,-0.5255015514791012,0,left_thruster,0.44519512740664396,0.39490347038838447,0.15990140220497162,-1.0462007019208295,0.027040828464077446,1.0,0.0,lunarlander_engine_fault
lunarlander,pg,13,207,-0.6769370536009471,0.4250965118408203,0.37726065516471863,-0.5039253432303668,1,main_engine,0.4283878319972327,0.4012501672229972,0.17036200077977012,-1.0496407590524768,0.018985044162714376,1.0,0.0,lunarlander_engine_fault
lunarlander,pg,13,208,-0.6793669859568279,0.41334601243336994,0.39059534668922424,-0.4977093078196049,2,right_thruster,0.4210647702049818,0.40540533134668294,0.17352989844833533,-0.8555890272251384,0.026844254265887244,1.0,0.0,lunarlander_engine_fault
lunarlander,pg,13,209,-0.6818418701489767,0.401233712832133,0.4023561477661133,-0.47698577791452407,2,right_thruster,0.40473560851446544,0.41111613424147736,0.18414825724405723,-0.7783064984650162,0.027946767541803738,1.0,0.0,lunarlander_engine_fault
lunarlander,pg,13,210,-0.6843653321266174,0.3887474536895752,0.41454973816871643,-0.45530482679605483,0,left_thruster,0.38772382292485297,0.4165544613812694,0.1957217156938776,-0.41869989423847304,0.03535401318045423,1.0,0.0,lunarlander_engine_fault
lunarlander,pg,13,211,-0.6869553029537201,0.37591636180877686,0.4256329834461212,-0.42439005598425866,1,main_engine,0.36506212320577325,0.4218601062946527,0.21307777049957405,3.209990962446673,0.021174465699095566,1.0,0.0,lunarlander_engine_fault
lunarlander,pg,13,212,-0.6892347832520803,0.36311177412668866,0.42470693588256836,-0.40770632326602935,0,left_thruster,0.3541383739750071,0.42271401410117965,0.2231476119238133,-0.7293254930008481,0.020679548858091455,1.0,0.0,lunarlander_engine_fault
lunarlander,pg,13,213,-0.6914566457271576,0.34986678759257,0.4397828280925751,-0.41217788606882094,1,main_engine,0.35373721643364686,0.4260224622965236,0.22024032126982956,-0.6534702511246234,0.022010727153668714,1.0,0.0,lunarlander_engine_fault
lunarlander,pg,13,214,-0.6936781108379364,0.3362226088841756,0.45312049984931946,-0.4014317192137241,2,right_thruster,0.3439881028047501,0.4296525833768669,0.2263593138183829,-0.9713749062445937,0.021639908259181804,1.0,0.0,lunarlander_engine_fault
lunarlander,pg,13,215,-0.6958419581254324,0.32213956117630005,0.468111127614975,-0.40779978334903716,1,main_engine,0.3448371661340045,0.43292673062646486,0.22223610323953077,3.559979616058934,0.01716426966091461,1.0,0.0,lunarlander_engine_fault
lunarlander,pg,13,216,-0.6978129347165426,0.3083125750223796,0.4596594572067261,-0.4024977907538414,1,main_engine,0.342859780326344,0.43136152625545254,0.22577869341820345,3.5245145629419574,0.016945003553072702,1.0,0.0,lunarlander_engine_fault
lunarlander,pg,13,217,-0.6996089220046997,0.2947636644045512,0.4504869282245636,-0.39847295433282853,0,left_thruster,0.3418636838862668,0.4295652429763028,0.2285710731374305,-0.8493535874005101,0.031173063626931823,1.0,0.0,lunarlander_engine_fault
lunarlander,pg,13,218,-0.701466848452886,0.2808496952056885,0.46235767006874084,-0.3732976697385311,1,main_engine,0.3235683835530502,0.43285045222814467,0.2435811642188051,-0.8912991016897911,0.021986788550593384,1.0,0.0,lunarlander_engine_fault
lunarlander,pg,13,219,-0.7033245265483856,0.26653653383255005,0.4756946861743927,-0.36343737989664077,0,left_thruster,0.314818059786425,0.4359511664519953,0.24923077376157968,-0.7220175677883152,0.03047744351664407,1.0,0.0,lunarlander_engine_fault
lunarlander,pg,13,220,-0.705230583747228,0.25185275077819824,0.4878372848033905,-0.33972693234682083,2,right_thruster,0.29795945310864647,0.43814638998058736,0.2638941569107662,-1.0534826296614312,0.022229856129172557,1.0,0.0,lunarlander_engine_fault
lunarlander,pg,13,221,-0.7070682942867279,0.23673860232035318,0.5025354027748108,-0.34653260409832,1,main_engine,0.29938725520529563,0.4418667102079614,0.25874603458674295,-1.0311080113352444,0.022544389989955737,1.0,0.0,lunarlander_engine_fault
lunarlander,pg,13,222,-0.7089057564735413,0.2212250828742981,0.515872061252594,-0.33724080622196195,1,main_engine,0.29137809666095454,0.4446114524580948,0.2640104508809508,-1.0687618162922161,0.02282089627492243,1.0,0.0,lunarlander_engine_fault
lunarlander,pg,13,223,-0.7107429703076681,0.20531235138575235,0.5292087197303772,-0.3279490642249584,1,main_engine,0.28350953308013566,0.44722861889067606,0.2692618480291883,-1.111678383655326,0.02310102858611903,1.0,0.0,lunarlander_engine_fault
lunarlander,pg,13,224,-0.712579886118571,0.18900028864542642,0.5425453186035156,-0.3186574012041092,1,main_engine,0.27578605363569925,0.4497182372526778,0.27449570911162297,-1.1601391907847483,0.023384722281584145,1.0,0.0,lunarlander_engine_fault
lunarlander,pg,13,225,-0.7144166032473247,0.1722889542579651,0.5558820366859436,-0.3093657404184341,1,main_engine,0.2682116824673574,0.4520807680478955,0.27970754948474724,5.120926214935589,0.025160049271361562,1.0,0.0,lunarlander_engine_fault
lunarlander,pg,13,226,-0.7160948216915131,0.15615282456080118,0.5368345975875854,-0.30671394020318987,2,right_thruster,0.26959696167732294,0.44793491991311496,0.2824681184095621,-1.6728074656663454,0.024714467418519005,1.0,0.0,lunarlander_engine_fault
lunarlander,pg,13,227,-0.7176984349886577,0.13958898186683655,0.5514066219329834,-0.3177379388362169,0,left_thruster,0.2735502359176769,0.4523236791287257,0.2741260849535973,-1.9943089592361298,0.024252198902321793,1.0,0.0,lunarlander_engine_fault
lunarlander,pg,13,228,-0.7192482550938925,0.12259302536646526,0.5660427212715149,-0.32683130279183387,1,main_engine,0.2763558524844292,0.4564848797130971,0.2671592678024738,0.21269579302890634,0.01726428101179938,1.0,0.0,lunarlander_engine_fault
lunarlander,pg,13,229,-0.7208361228307089,0.10559359192848206,0.5662619471549988,-0.3293818473815918,0,left_thruster,0.2777279711501001,0.456975353535161,0.26529667531473894,-1.8399533980625098,0.02783919606287053,1.0,0.0,lunarlander_engine_fault
lunarlander,pg,13,230,-0.7224773367245992,0.08822241425514221,0.5784452557563782,-0.31143368780612946,1,main_engine,0.26555094447759175,0.45854551231212676,0.2759035432102815,1.0848821447763577,0.017907395978090025,1.0,0.0,lunarlander_engine_fault
lunarlander,pg,13,231,-0.7240125040213268,0.07093220452467601,0.5757777690887451,-0.3079335086047649,0,left_thruster,0.26398930685050315,0.4579400756447389,0.27807061750475803,-1.8420778530610755,0.028743033080561135,1.0,0.0,lunarlander_engine_fault
lunarlander,pg,13,232,-0.7255995273590088,0.05326791604359945,0.5880599617958069,-0.2889397211372852,0,left_thruster,0.2516063842010834,0.4589020930554486,0.2894915227434678,-1.849210780689216,0.029378339730811966,1.0,0.0,lunarlander_engine_fault
lunarlander,pg,13,233,-0.7272366185983022,0.03521719574928284,0.6007795929908752,-0.26963196992874144,1,main_engine,0.23936370666993997,0.45941367194547245,0.3012226213845876,-1.8977134685151122,0.02427381177551074,1.0,0.0,lunarlander_engine_fault
lunarlander,pg,13,234,-0.7288735608259838,0.01676707963148753,0.6141156554222107,-0.2613687373697758,1,main_engine,0.23316678723269016,0.4613424594920794,0.30549075327523045,8.113190214991658,0.15994712160828303,1.0,0.0,lunarlander_engine_fault
lunarlander,pg,13,235,-0.730510304371516,-0.0020824368111789227,0.6274517178535461,-0.10310551375150681,0,left_thruster,0.15776079533342235,0.4253837239959499,0.4168554806706276,-6.041754381842812,0.030993515906766272,1.0,0.0,lunarlander_engine_fault
lunarlander,pg,13,236,-0.7320586343606313,-0.02068084975083669,0.6170991659164429,-0.1255804866552353,1,main_engine,0.16820296104129517,0.4309043065048113,0.4008927324538935,-100.04863004744053,1.324003477607386,1.0,0.0,lunarlander_engine_fault
lunarlander,pg,13,237,0.001446564953463773,0.938079833984375,0.08445193618535995,-0.015943762520328163,0,left_thruster,0.33618675405842696,0.4263919075765517,0.23742133836502133,-0.6310851953054237,0.021432531910380765,1.0,0.0,lunarlander_engine_fault
lunarlander,pg,13,238,0.0028160412330180407,0.9351593653361002,0.09734824299812317,0.000867962324991822,0,left_thruster,0.32349286427758134,0.42949145053178167,0.247015685190637,-1.031638408858711,0.019341590641382318,1.0,0.0,lunarlander_engine_fault
lunarlander,pg,13,239,0.004131237510591745,0.9318366050720215,0.11076132953166962,0.014337029150919988,2,right_thruster,0.3130534433130364,0.4324387347591301,0.2545078219278335,-2.276008574017113,0.020721357259948527,1.0,0.0,lunarlander_engine_fault
lunarlander,pg,13,240,0.005517959749946992,0.9281114737192789,0.12417033314704895,-0.0009526296606054529,2,right_thruster,0.32124947162127143,0.43593475266491477,0.2428157757138138,-2.3910444454411808,0.021827568908729295,1.0,0.0,lunarlander_engine_fault
lunarlander,pg,13,241,0.006973425236841043,0.9239873091379801,0.13747210800647736,-0.017697134334594012,1,main_engine,0.33037190663549054,0.43907495408736547,0.2305531392771441,-1.8204401897225853,0.014330441228010053,1.0,0.0,lunarlander_engine_fault
lunarlander,pg,13,242,0.00842889149983724,0.9194631576538086,0.1508064866065979,-0.019926386326551436,0,left_thruster,0.33008155074380635,0.44227771967727825,0.2276407295789154,-1.1414510852334605,0.019710151511091442,1.0,0.0,lunarlander_engine_fault
lunarlander,pg,13,243,0.009818156249821186,0.9145452181498209,0.16393031179904938,-0.006137292832136154,0,left_thruster,0.3195815108458837,0.4456453908091319,0.2347730983449843,-0.9355997611795625,0.024292817344867768,1.0,0.0,lunarlander_engine_fault
lunarlander,pg,13,244,0.011125962094714245,0.9092215696970621,0.1774546355009079,0.013283882569521665,2,right_thruster,0.3056115472803553,0.44874667484839087,0.24564177787125388,-1.3033604739236626,0.021356554151751663,1.0,0.0,lunarlander_engine_fault
lunarlander,pg,13,245,0.012378930890311798,0.903490940729777,0.1910204291343689,0.02870015997905284,0,left_thruster,0.2943628068774986,0.45155105074963187,0.2540861423728696,-2.186929947580504,0.021105497863647342,1.0,0.0,lunarlander_engine_fault
lunarlander,pg,13,246,0.013710260391235352,0.8973584969838461,0.2044123262166977,0.013642941508442162,1,main_engine,0.3020726342798452,0.45540596524164567,0.24252140047850915,-1.671201678757876,0.014984822933186575,1.0,0.0,lunarlander_engine_fault
lunarlander,pg,13,247,0.01504158911605676,0.8908262252807617,0.2177465856075287,0.01515933033078909,2,right_thruster,0.29952033664949584,0.45870581661258125,0.24177384673792282,-1.550228651691018,0.02191070477795775,1.0,0.0,lunarlander_engine_fault
lunarlander,pg,13,248,0.01631299654642741,0.8838949998219808,0.23104523122310638,0.03108310643583536,2,right_thruster,0.28821497075385993,0.46147577309849136,0.2503092561476486,-1.8568813450421533,0.01879851852895659,1.0,0.0,lunarlander_engine_fault
lunarlander,pg,13,249,0.01764464347312848,0.8765706221262614,0.24415095150470734,0.01984902424737811,1,main_engine,0.29348127050184775,0.4652425635787556,0.24127616591939677,-1.5380491591483303,0.015540057398384766,1.0,0.0,lunarlander_engine_fault
lunarlander,pg,13,250,0.018976132074991863,0.8688462575276693,0.2574853301048279,0.02134871119633317,1,main_engine,0.2909882318858636,0.46859128590677435,0.24042048220736195,-1.4897143269985793,0.015741683405760713,1.0,0.0,lunarlander_engine_fault
lunarlander,pg,13,251,0.02030769983927409,0.860721747080485,0.27081969380378723,0.02283686390146613,0,left_thruster,0.28851518348689587,0.4719574608100192,0.2395273557030849,-1.5767506054526144,0.023794972452716126,1.0,0.0,lunarlander_engine_fault
lunarlander,pg,13,252,0.02171850142379602,0.8521947065989176,0.2842330038547516,0.005185148771852255,0,left_thruster,0.29745993436768714,0.4757643801648949,0.226775685467418,-1.1020408901707117,0.02287073273345426,1.0,0.0,lunarlander_engine_fault
lunarlander,pg,13,253,0.023058573715388775,0.8432665665944418,0.2976060211658478,0.02139395335689187,0,left_thruster,0.2862100782349908,0.4789223391646511,0.23486758260035803,-1.424144964461318,0.02209657140070866,1.0,0.0,lunarlander_engine_fault
lunarlander,pg,13,254,0.024464686090747517,0.8339335123697916,0.31109747290611267,0.006657734559848905,1,main_engine,0.2932808326765318,0.4826945494079649,0.2240246179155033,-1.0467229296263258,0.016585311133837065,1.0,0.0,lunarlander_engine_fault
lunarlander,pg,13,255,0.02587087918072939,0.8242005507151285,0.3244318664073944,0.005910356622189284,2,right_thruster,0.2920914023384914,0.48617830020533226,0.22173029745617626,-1.0213721432507419,0.024582744641528594,1.0,0.0,lunarlander_engine_fault
lunarlander,pg,13,256,0.027200300246477127,0.8140618006388346,0.3379646837711334,0.023703967127948998,1,main_engine,0.28009566711949097,0.4894040308010498,0.23050030207945912,-1.1812766486902477,0.01711865114289848,1.0,0.0,lunarlander_engine_fault
lunarlander,pg,13,257,0.028529564539591473,0.8035231431325277,0.3512991964817047,0.025255979411303996,1,main_engine,0.27762561172075906,0.49287576287292134,0.22949862540631968,-1.1265119194523117,0.017368800672697162,1.0,0.0,lunarlander_engine_fault
lunarlander,pg,13,258,0.029858906442920368,0.7925843397776285,0.364633709192276,0.026818489842116832,1,main_engine,0.27516072828996485,0.496362603423836,0.22847666828619914,-1.0712545056964233,0.01762312698362819,1.0,0.0,lunarlander_engine_fault
lunarlander,pg,13,259,0.031188170736034714,0.7812455495198568,0.3779682517051697,0.028377166390419005,2,right_thruster,0.2727090150745206,0.4998645821172813,0.22742640280819812,-1.0681540666394551,0.022761510312601797,1.0,0.0,lunarlander_engine_fault
lunarlander,pg,13,260,0.0325822023053964,0.7695031960805258,0.39140602946281433,0.014317070646211506,2,right_thruster,0.27902678785230867,0.5037733987177738,0.21719981342991734,-0.7607961985899533,0.022966597049586496,1.0,0.0,lunarlander_engine_fault
lunarlander,pg,13,261,0.03403393551707268,0.7573661009470621,0.4045626223087311,9.24617052078941e-07,1,main_engine,0.2854995159217817,0.5073279746458699,0.20717250943234833,2.4489730897338635,0.013362674250453295,1.0,0.0,lunarlander_engine_fault
lunarlander,pg,13,262,0.03541795536875725,0.7453117370605469,0.4018001854419708,-0.004868038929998875,1,main_engine,0.28914911540942484,0.5074132459541588,0.20343763863641626,2.0019803707593473,0.013234760229701228,1.0,0.0,lunarlander_engine_fault
lunarlander,pg,13,263,0.036945262302954994,0.733366330464681,0.3981744349002838,-0.000746460817754268,1,main_engine,0.2878818001571596,0.5074580301804018,0.20466016966243863,-0.593529462354013,0.018309763704061784,1.0,0.0,lunarlander_engine_fault
lunarlander,pg,13,264,0.03847249473134677,0.7210208574930826,0.41150790452957153,-0.002396579831838608,1,main_engine,0.28713292968190973,0.511008537717693,0.20185853260039746,-0.5382053623088313,0.018581729791836026,1.0,0.0,lunarlander_engine_fault
lunarlander,pg,13,265,0.03999980166554451,0.7082754770914713,0.42484134435653687,-0.004046633280813693,1,main_engine,0.28636736102441995,0.5145623059634606,0.19907033301211938,4.45263537841023,0.018587201692768517,1.0,0.0,lunarlander_engine_fault
lunarlander,pg,13,266,0.041435640305280685,0.6959099769592285,0.412178635597229,-0.00953959673643112,1,main_engine,0.29197939086711266,0.5124530840355119,0.19556752509737552,3.647807249734983,0.016821688706353206,1.0,0.0,lunarlander_engine_fault
lunarlander,pg,13,267,0.042967082311709724,0.6838878790537516,0.40073490142822266,-0.007273762114346027,1,main_engine,0.2930672677038646,0.5107975379368933,0.19613519435924198,-0.5918370736712256,0.01835574834506998,1.0,0.0,lunarlander_engine_fault
lunarlander,pg,13,268,0.04449852431813876,0.671465794245402,0.414068341255188,-0.008854702999815344,1,main_engine,0.2922111036423,0.5143132572915958,0.1934756390661042,-0.5366490520980324,0.018628782149778263,1.0,0.0,lunarlander_engine_fault
lunarlander,pg,13,269,0.046029966324567795,0.6586437225341797,0.4274018108844757,-0.010435612371657042,1,main_engine,0.29133916901741824,0.5178313124320642,0.19082951855051752,-0.671298355973878,0.018906272939935374,1.0,0.0,lunarlander_engine_fault
lunarlander,pg,13,270,0.047561408330996834,0.6454217036565145,0.44073525071144104,-0.0120165744330734,2,right_thruster,0.2904513686009767,0.5213509387926158,0.18819769260640748,-1.181680132489679,0.025686644797765203,1.0,0.0,lunarlander_engine_fault
lunarlander,pg,13,271,0.049157061924537025,0.6317972342173258,0.4541526138782501,-0.029093043878674507,1,main_engine,0.2981477295696957,0.5240003840994528,0.17785188633085142,1.8077778208478934,0.015220970976074976,1.0,0.0,lunarlander_engine_fault
lunarlander,pg,13,272,0.05068715351323287,0.6182226339975992,0.4524940550327301,-0.035598133318126196,0,left_thruster,0.3025007321060148,0.5238730394073842,0.173626228486601,-0.515893911860984,0.02506456231433499,1.0,0.0,lunarlander_engine_fault
lunarlander,pg,13,273,0.05213586613535881,0.6042414903640747,0.4660443961620331,-0.019880328327417374,0,left_thruster,0.29186665033318443,0.5285811049902868,0.17955224467652878,-0.977937124534094,0.02442902589054614,1.0,0.0,lunarlander_engine_fault
lunarlander,pg,13,274,0.05363853648304939,0.5898594856262207,0.47941091656684875,-0.03433762267231941,0,left_thruster,0.29795699502470546,0.5311645943938045,0.1708784105814902,-0.36363059859799596,0.024969988642101097,1.0,0.0,lunarlander_engine_fault
lunarlander,pg,13,275,0.05506674448649089,0.5750730435053507,0.4928845465183258,-0.019462039321660997,1,main_engine,0.28792134587595963,0.5358246311537604,0.17625402297027998,-0.45405415313969,0.02027615049201349,1.0,0.0,lunarlander_engine_fault
lunarlander,pg,13,276,0.05649487177530925,0.559886654218038,0.5062178373336792,-0.020286458916962145,1,main_engine,0.2865100059313331,0.5393670771518856,0.17412291691678125,4.579535576049722,0.02197361893595469,1.0,0.0,lunarlander_engine_fault
lunarlander,pg,13,277,0.05807463079690933,0.545158863067627,0.4909273386001587,-0.014842461590887979,1,main_engine,0.2865658711582856,0.5372492971418168,0.1761848316998976,-0.3804064142213372,0.020226877833720472,1.0,0.0,lunarlander_engine_fault
lunarlander,pg,13,278,0.05965431531270345,0.5300310055414835,0.5042606592178345,-0.014883348089642822,1,main_engine,0.2847597766183136,0.5408531469630166,0.17438707641866982,3.062259199013106,0.016190193615044132,1.0,0.0,lunarlander_engine_fault
lunarlander,pg,13,279,0.06118925288319588,0.5150688091913859,0.4987426996231079,-0.017218115366995336,0,left_thruster,0.2873526663439233,0.5403015391035594,0.17234579455251722,-0.0003197989297791526,0.0276576876017544,1.0,0.0,lunarlander_engine_fault
lunarlander,pg,13,280,0.06264567375183105,0.49970189730326336,0.5122213959693909,0.0013563102111220342,1,main_engine,0.27557096277250936,0.5449629006911341,0.17946613653635649,3.2469303979963775,0.01790301253543809,1.0,0.0,lunarlander_engine_fault
lunarlander,pg,13,281,0.06421597674489021,0.48452786604563397,0.505786120891571,0.008167185075581073,1,main_engine,0.2734351323889046,0.5447033745426508,0.18186149306844449,-0.060864295898575164,0.020729777993327012,1.0,0.0,lunarlander_engine_fault
lunarlander,pg,13,282,0.06578636045257251,0.46895408630371094,0.5191197991371155,0.010799294430762527,1,main_engine,0.2702916194087407,0.5484234810294385,0.18128489956182078,-0.0060876891716247885,0.021031893457049883,1.0,0.0,lunarlander_engine_fault
lunarlander,pg,13,283,0.0673567441602548,0.4529803196589152,0.5324534177780151,0.01343137165531516,0,left_thruster,0.26717201738286633,0.552140432566923,0.18068755005021064,0.3425972630566741,0.02581147966987298,1.0,0.0,lunarlander_engine_fault
lunarlander,pg,13,284,0.06887586787343025,0.43661336104075116,0.5455618500709534,0.028405229351483284,1,main_engine,0.25780324810873606,0.55607137793011,0.186125373961154,-0.4187790599721973,0.021878333331843473,1.0,0.0,lunarlander_engine_fault
lunarlander,pg,13,285,0.07039507230122885,0.4198465347290039,0.5588959455490112,0.032580025214701894,0,left_thruster,0.2540130486085222,0.559759939897512,0.18622701149396567,-0.6437935836176234,0.028397162423348783,1.0,0.0,lunarlander_engine_fault
lunarlander,pg,13,286,0.07185665890574455,0.4026736815770467,0.5724422931671143,0.050631401315331455,1,main_engine,0.24337721534052617,0.5633941707744607,0.19322861388501306,5.330657450245178,0.0250814137762295,1.0,0.0,lunarlander_engine_fault
lunarlander,pg,13,287,0.07325434436400732,0.3860537608464559,0.554020345211029,0.05402755513787269,1,main_engine,0.2447952468817473,0.5605484277904337,0.19465632532781899,-0.7072241166128367,0.02237723098898526,1.0,0.0,lunarlander_engine_fault
lunarlander,pg,13,288,0.07465195531646411,0.36903409163157147,0.5673549771308899,0.05962269604206085,1,main_engine,0.24043724071023756,0.5640839653632406,0.19547879392652184,-0.6555565871904822,0.02268269108515068,1.0,0.0,lunarlander_engine_fault
lunarlander,pg,13,289,0.0760495662689209,0.3516147534052531,0.5806896090507507,0.06521781943738461,0,left_thruster,0.23614406105629918,0.5675853918667805,0.1962705470769203,-0.5032978421361725,0.025169187942340493,1.0,0.0,lunarlander_engine_fault
lunarlander,pg,13,290,0.07752013082305591,0.33380500475565594,0.5936902761459351,0.05317120291292667,2,right_thruster,0.24040916979972163,0.5713979451010414,0.188192885099237,-0.2959658464602888,0.02416628205837039,1.0,0.0,lunarlander_engine_fault
lunarlander,pg,13,291,0.07904076327880225,0.315598726272583,0.6068939566612244,0.04445965252816677,1,main_engine,0.24300618381706865,0.5750294428879872,0.18196437329494417,-0.13389165081391752,0.02301761445700496,1.0,0.0,lunarlander_engine_fault
lunarlander,pg,13,292,0.0805614764491717,0.2969925006230672,0.6202274560928345,0.04633692894130945,1,main_engine,0.240481454281913,0.5786464800152715,0.18087206570281555,-0.08983469592036726,0.023342042158165165,1.0,0.0,lunarlander_engine_fault
lunarlander,pg,13,293,0.0820821151137352,0.2779863476753235,0.6335608959197998,0.048214193619787696,0,left_thruster,0.2379785464122168,0.5822529567748831,0.17976849681290005,-0.02362586129122178,0.026407014158288958,1.0,0.0,lunarlander_engine_fault
lunarlander,pg,13,294,0.08365988731384277,0.25858040650685626,0.6468654870986938,0.036329820158425716,0,left_thruster,0.24195543227524077,0.5857220905878948,0.17232247713686447,0.1048581315014667,0.027339028750814846,1.0,0.0,lunarlander_engine_fault
lunarlander,pg,13,295,0.0851826680203279,0.23877882957458496,0.6600739359855652,0.04969163369387388,0,left_thruster,0.2341224087255785,0.589405406890731,0.1764721843836905,-0.17108865957761624,0.032148959013683275,1.0,0.0,lunarlander_engine_fault
lunarlander,pg,13,296,0.0866269258161386,0.21856600046157837,0.6738168597221375,0.07052533887326717,2,right_thruster,0.22303712574357484,0.5928135820842074,0.18414929217221773,-0.19597321351600044,0.0259611995403315,1.0,0.0,lunarlander_engine_fault
lunarlander,pg,13,297,0.08812228838602702,0.19794827699661255,0.6872960925102234,0.06246509477496147,1,main_engine,0.22511073796300723,0.596565107035204,0.17832415500178864,-0.03135891581266037,0.025076202904683997,1.0,0.0,lunarlander_engine_fault
lunarlander,pg,13,298,0.08961757024129233,0.17693058649698892,0.7006297707557678,0.06512023974210024,0,left_thruster,0.2224141735276258,0.6000778354168544,0.17750799105551984,-0.16252192244999036,0.03135786772446575,1.0,0.0,lunarlander_engine_fault
lunarlander,pg,13,299,0.09104712555805843,0.155512144168218,0.7140259146690369,0.08364227786660194,1,main_engine,0.2128695069612233,0.6031390284175262,0.1839914646212504,-0.2796004641431239,0.026026873672860953,1.0,0.0,lunarlander_engine_fault
lunarlander,pg,13,300,0.09247660636901855,0.1336938440799713,0.7273601293563843,0.08828072994947433,1,main_engine,0.20947910765553765,0.6064879677161259,0.18403292462833656,-0.44374714395708226,0.10335914822539598,1.0,1.0,lunarlander_engine_fault|lunarlander_navigation_noise
lunarlander,pg,13,301,0.08960513786900229,0.18738033934666237,0.7015451846901053,0.003863806004158102,1,main_engine,0.2500494804603372,0.5982945279799897,0.15165599155967296,1.4710049264482494,0.15508603675596525,1.0,0.0,lunarlander_navigation_noise
lunarlander,pg,13,302,0.10961042137428437,0.12252650183982117,0.7628511156491119,0.12911168031119633,1,main_engine,0.19122896153422805,0.6131896803429326,0.19558135812283936,1.118209220293287,0.1029049552979313,1.0,0.0,lunarlander_navigation_noise
lunarlander,pg,13,303,0.09433812113944534,0.040726712930893756,0.7072437218856696,0.10517846147839882,1,main_engine,0.2057122246429148,0.6058105338793651,0.18847724147772013,3.935526915012706,0.08662358692144295,1.0,0.0,lunarlander_navigation_noise
lunarlander,pg,13,304,0.08396434533390285,0.09635381510151106,0.7599395552661347,0.066129706887361,1,main_engine,0.21331338816187664,0.6134767488280927,0.17320986301003072,3.950443616982634,0.17539653184636542,1.0,0.0,lunarlander_navigation_noise
lunarlander,pg,13,305,0.14044219127084798,0.027827280444228428,0.7646215633543952,0.2173130034190264,2,right_thruster,0.16316437425028182,0.6114612009377766,0.2253744248119416,7.005521057924174,0.1107948633518162,1.0,0.0,lunarlander_navigation_noise
lunarlander,pg,13,306,0.13546104083862875,-0.08155728404072386,0.7547644094029606,0.20358189079352304,1,main_engine,0.1691537502393963,0.6156794918088548,0.215166757951749,18.2460133302752,0.20491793741193168,1.0,0.0,lunarlander_navigation_noise
lunarlander,pg,13,307,0.1883870693439977,-0.04545783049892614,0.6733323799260591,0.3803751333370825,2,right_thruster,0.12471649192960714,0.5680761297300533,0.3072073783403396,-99.88001337753504,1.2088783640278062,1.0,0.0,lunarlander_navigation_noise
lunarlander,pg,13,308,-0.08990054874201168,0.9422968568048841,0.12699222650049682,0.0490203158093367,1,main_engine,0.2631539869060278,0.4152065011791719,0.32163951191480034,0.9193676853329475,0.08523278099066887,1.0,0.0,lunarlander_navigation_noise
lunarlander,pg,13,309,-0.04738975797666226,0.9700498023123971,0.1644138530356145,0.10635141999398671,0,left_thruster,0.23453716667722407,0.4210244497250267,0.34443838359774936,-2.6450671070892393,0.1743110922542717,1.0,0.0,lunarlander_navigation_noise
lunarlander,pg,13,310,0.01908465221058728,0.8434535068706647,0.26408089959362124,0.10403463688626724,1,main_engine,0.2424079860581956,0.4638246426443268,0.29376737129747765,-0.0655303077815256,0.1569779166786132,1.0,0.0,lunarlander_navigation_noise
lunarlander,pg,13,311,-0.10349219141097593,0.8916910101742237,0.21788547041028447,0.1758406904621247,1,main_engine,0.18008896742571362,0.40280867543883525,0.41710235713545113,-1.0393778649538672,0.06581275903498318,1.0,0.0,lunarlander_navigation_noise
lunarlander,pg,13,312,-0.06085071369594021,0.9253646148762538,0.1825831157793263,0.1873669966335031,1,main_engine,0.18649614354645672,0.40296707730850506,0.4105367791450381,-1.4674123544764621,0.11056829158947638,1.0,0.0,lunarlander_navigation_noise
lunarlander,pg,13,313,-0.03929490189527078,0.96510608922244,0.12243221041085592,0.1063535540281284,1,main_engine,0.24177010441189825,0.41473952281009296,0.34349037277800876,-1.2421329052708803,0.09146186222610438,1.0,0.0,lunarlander_navigation_noise
lunarlander,pg,13,314,-0.005189362622970331,0.9475748914827061,0.15780961784517897,0.1814746601292018,1,main_engine,0.2044357168943537,0.41420691357801,0.3813573695276363,0.5678791235568815,0.059515329223772576,1.0,0.0,lunarlander_navigation_noise
lunarlander,pg,13,315,-0.034965693567590155,0.9456373111869739,0.20812617317294257,0.19242612444390456,2,right_thruster,0.18702913819956832,0.41269243913108544,0.4002784226693463,-0.12081841733203078,0.1847737242116007,1.0,0.0,lunarlander_navigation_noise
lunarlander,pg,13,316,-0.010166915838992423,0.8818018440306038,0.13371372275992716,0.037784053393847813,2,right_thruster,0.29212524667837975,0.43607689610176426,0.27179785721985594,-0.26486489168830984,0.07783042597424424,1.0,0.0,lunarlander_navigation_noise
lunarlander,pg,13,317,-0.0375413265902692,0.8984087257135025,0.20211093185019824,0.05660558661472641,2,right_thruster,0.263148761041062,0.442814837049476,0.2940364019094621,-0.00876222177738896,0.18100669960877686,1.0,0.0,lunarlander_navigation_noise
lunarlander,pg,13,318,-0.08945860209791498,0.8629157946291788,0.09601771404507281,0.18909144542963105,1,main_engine,0.18845201714599477,0.38084469833777196,0.43070328451623324,-0.49792480822921903,0.1413871392258242,1.0,0.0,lunarlander_navigation_noise
lunarlander,pg,13,319,-0.008947044742917715,0.8214138671032477,0.1957032971030713,0.23208664065834034,1,main_engine,0.17674399806711785,0.4131968004200563,0.41005920151282577,-1.5970472303339138,0.17790594719148753,1.0,0.0,lunarlander_navigation_noise
lunarlander,pg,13,320,-0.13977739672524503,0.9320561394451903,0.24333944488509435,0.23688560323178925,2,right_thruster,0.14230389779113226,0.3721793736112604,0.4855167285976072,0.3244309215331645,0.13272446900640575,1.0,0.0,lunarlander_navigation_noise
lunarlander,pg,13,321,-0.1541115604215449,0.8222582477366573,0.18617927703393186,0.19119693273517444,2,right_thruster,0.1656358388908425,0.3801517457633899,0.4542124153457676,0.7037327300002199,0.059703184051148675,1.0,0.0,lunarlander_navigation_noise
lunarlander,pg,13,322,-0.15537207697487979,0.8327168302783495,0.13168005662894727,0.16921206725158267,1,main_engine,0.18061594523390867,0.37604454899817524,0.44333950576791603,0.5588295243587709,0.10406948435310802,1.0,0.0,lunarlander_navigation_noise
lunarlander,pg,13,323,-0.1262977605959875,0.8952678438061705,0.20958185280646413,0.1711672039682462,2,right_thruster,0.17799726105011004,0.3956209691680402,0.42638176978184983,0.910425130928404,0.0815833590978132,1.0,0.0,lunarlander_navigation_noise
lunarlander,pg,13,324,-0.0829359159197077,0.8777968035612247,0.24886831039359927,0.1170660772612483,2,right_thruster,0.21223279089681313,0.43198213128907,0.35578507781411683,0.8709278979309238,0.11116312219812752,1.0,0.0,lunarlander_navigation_noise
lunarlander,pg,13,325,-0.1754082228953201,0.8270882439927736,0.24872299739107695,0.0819273087844209,1,main_engine,0.21019979000924685,0.41892125956401755,0.3708789504267356,-0.21291611946579564,0.12683797212669,1.0,0.0,lunarlander_navigation_noise
lunarlander,pg,13,326,-0.13553464959455597,0.861502053826099,0.3622658401236426,0.06139241452116348,1,main_engine,0.21724810446654264,0.4548595329004858,0.32789236263297156,0.12869030624694122,0.20083414125410157,1.0,0.0,lunarlander_navigation_noise
lunarlander,pg,13,327,-0.09958877746283232,0.8669838498989966,0.1724478844498892,0.11599406454764478,1,main_engine,0.21751826733701937,0.4131077579861676,0.369373974676813,1.6480518080170485,0.0743128856868775,1.0,0.0,lunarlander_navigation_noise
lunarlander,pg,13,328,-0.08726269816217963,0.859134944532797,0.09960248090468699,0.1144401613736902,0,left_thruster,0.23012484068928069,0.4023082029541488,0.36756695635657055,-0.9799033193201001,0.08615820048214369,1.0,0.0,lunarlander_navigation_noise
lunarlander,pg,13,329,-0.09888084705535091,0.8291159967317657,0.04440781402481203,0.05664166963250407,1,main_engine,0.2704930749687199,0.40028611569099715,0.329220809340283,1.5041666005029979,0.1607989221443876,1.0,0.0,lunarlander_navigation_noise
lunarlander,pg,13,330,-0.20723323852099645,0.8162683924439511,0.15603089554537533,0.018024583227782477,2,right_thruster,0.2502721039428455,0.40625914493460147,0.34346875112255315,0.7274778093210102,0.15100325966852093,1.0,0.0,lunarlander_navigation_noise
lunarlander,pg,13,331,-0.09983132145825677,0.8281919319727855,0.2589689996046951,-0.004962121180290553,2,right_thruster,0.2778156008670508,0.45265805181609997,0.26952634731684927,1.014615196301188,0.09611722630236468,1.0,0.0,lunarlander_navigation_noise
lunarlander,pg,13,332,-0.16835249503850813,0.8862101817776875,0.2254794697931726,-0.012425635488187266,1,main_engine,0.26814349136391646,0.43037239534191135,0.3014841132941722,0.025301451284231016,0.1337538917133882,1.0,0.0,lunarlander_navigation_noise
lunarlander,pg,13,333,-0.21112164363080713,0.7797413158712194,0.20313367978253224,0.0525816697825091,0,left_thruster,0.2238976019286693,0.4098356605646742,0.36626673750665645,-0.8322671394854114,0.10189643846058358,1.0,0.0,lunarlander_navigation_noise
lunarlander,pg,13,334,-0.16486084718088434,0.8424391757184685,0.26407972794819223,0.028140301851599967,2,right_thruster,0.24076384961871128,0.43535498428499936,0.32388116609628925,0.8511193184475542,0.07304240509947449,1.0,0.0,lunarlander_navigation_noise
lunarlander,pg,13,335,-0.11297944667994735,0.8347253505154603,0.22481461640930625,-0.0041437676154512625,2,right_thruster,0.27885540567672185,0.44261253861154864,0.2785320557117295,1.3078285043002562,0.12122332399127721,1.0,0.0,lunarlander_navigation_noise
lunarlander,pg,13,336,-0.18695382658182094,0.7516494920318815,0.1786826549951933,-0.01804086338869205,0,left_thruster,0.2767282627002766,0.4237500610451747,0.2995216762545486,-0.6757416506748177,0.08619299448621172,1.0,0.0,lunarlander_navigation_noise
lunarlander,pg,13,337,-0.21922639263342658,0.8119882030663119,0.2301314769613466,-0.008042241086422618,1,main_engine,0.2532311766805127,0.4235622001151486,0.3232066232043387,0.7850761827215945,0.09357725443732301,1.0,0.0,lunarlander_navigation_noise
lunarlander,pg,13,338,-0.1897035650850873,0.7502650042882324,0.263807481143384,-0.062275797824954814,1,main_engine,0.2907720457305678,0.4454457857209942,0.26378216854843806,0.3025627823347668,0.07371883112321363,1.0,0.0,lunarlander_navigation_noise
lunarlander,pg,13,339,-0.22910687950871444,0.8082196632549644,0.26831733013728565,-0.03985340632209188,1,main_engine,0.2647050602990292,0.4341476168584183,0.3011473228425525,1.8614214114715126,0.14572734873416754,1.0,0.0,lunarlander_navigation_noise
lunarlander,pg,13,340,-0.2546059387396805,0.7955945238548929,0.3477687488165052,-0.158657177610774,2,right_thruster,0.3193175289836904,0.4538511917807347,0.22683127923557497,0.4207282811869913,0.18000213793127162,1.0,0.0,lunarlander_navigation_noise
lunarlander,pg,13,341,-0.16741281620556975,0.7633583170565889,0.31481952672008373,-0.008080603147553642,2,right_thruster,0.255949491140191,0.45499621641150617,0.2890542924483029,-0.9323399994302781,0.18119822123122187,1.0,0.0,lunarlander_navigation_noise
lunarlander,pg,13,342,-0.2806164421498379,0.8334927705022884,0.24123830980028796,-0.1064914633556831,2,right_thruster,0.2957604740937498,0.4238174966974468,0.2804220292088034,-1.0382053323200513,0.14746501126074232,1.0,0.0,lunarlander_navigation_noise
lunarlander,pg,13,343,-0.20317478989803942,0.7314318226831685,0.29884039004131274,-0.15137223122803364,1,main_engine,0.3379255231686559,0.4521217192890125,0.20995275754233161,1.261569684290491,0.1513564679514881,1.0,0.0,lunarlander_navigation_noise
lunarlander,pg,13,344,-0.2956159589784416,0.7288180343854528,0.2098417776412829,-0.07114863275849155,1,main_engine,0.27653051765863956,0.4155531945745612,0.30791628776679925,1.1055023000329947,0.20893264443878934,1.0,0.0,lunarlander_navigation_noise
lunarlander,pg,13,345,-0.2367243809086153,0.7926081444899505,0.1879769938586472,-0.259927299528934,0,left_thruster,0.41985752267697724,0.41068516305772956,0.16945731426529312,-2.607594768628139,0.2103558650183595,1.0,0.0,lunarlander_navigation_noise
lunarlander,pg,13,346,-0.37323479734468445,0.6932584258571965,0.19883346632145033,-0.13492223337027673,0,left_thruster,0.2984161639824032,0.4058483845310873,0.2957354514865093,-2.5075179642558565,0.12154616475960987,1.0,0.0,lunarlander_navigation_noise
lunarlander,pg,13,347,-0.3380852806837837,0.6333641711913268,0.29238726070384435,-0.1695393889575281,1,main_engine,0.31693041525393123,0.4363279863207961,0.24674159842527274,1.5542406640291346,0.15549871130696288,1.0,0.0,lunarlander_navigation_noise
lunarlander,pg,13,348,-0.2352674356326423,0.7381623019838426,0.2853403744462323,-0.22029402553028574,1,main_engine,0.3762324262938095,0.43988168346725803,0.18388589023893245,1.7800452094916193,0.1359720115852767,1.0,0.0,lunarlander_navigation_noise
lunarlander,pg,13,349,-0.32136551355798937,0.8053751466350957,0.24604614668504055,-0.1494850847766945,0,left_thruster,0.31213870931779586,0.42146476661020127,0.2663965240720029,-2.315100981839812,0.1386940514617315,1.0,0.0,lunarlander_navigation_noise
lunarlander,pg,13,350,-0.2773120468397106,0.6797597198037026,0.2617013801277368,-0.1851363146123195,1,main_engine,0.348027046385543,0.43543478519904566,0.21653816841541132,1.3250269768721408,0.14636672131508674,1.0,0.0,lunarlander_navigation_noise
lunarlander,pg,13,351,-0.3170129088390139,0.5700020870745326,0.348408640778329,-0.16833834827113917,2,right_thruster,0.3133577407321163,0.45439290478849415,0.23224935447938952,-0.9917344245386198,0.16261599170232754,1.0,0.0,lunarlander_navigation_noise
lunarlander,pg,13,352,-0.36455387914945747,0.6918516190523688,0.31072259848519834,-0.2573117750475403,2,right_thruster,0.362022684004971,0.4320920423798534,0.20588527361517564,-1.1130692866073901,0.09092706849741276,1.0,0.0,lunarlander_navigation_noise
lunarlander,pg,13,353,-0.3304622008167335,0.7334067623732677,0.3177765898766315,-0.18431245639989535,0,left_thruster,0.3218604971489337,0.439228340324029,0.2389111625270373,-2.400645202356095,0.13760229731944834,1.0,0.0,lunarlander_navigation_noise
lunarlander,pg,13,354,-0.259455636759794,0.641129911129855,0.28753913293307687,-0.11750572761749382,1,main_engine,0.30555012366867357,0.44611103926457923,0.24833883706674711,2.5096635254142905,0.11469267665931743,1.0,0.0,lunarlander_navigation_noise
lunarlander,pg,13,355,-0.32650692214101745,0.6352155934631021,0.32524797770185176,-0.20236796351041406,0,left_thruster,0.3352572985127031,0.44473555413220295,0.22000714735509408,-2.0716232098915532,0.14937252553762906,1.0,0.0,lunarlander_navigation_noise
lunarlander,pg,13,356,-0.3869753835773894,0.7273117685774417,0.3014645088619459,-0.1043457328876734,2,right_thruster,0.2591573713949978,0.41991633522183003,0.3209262933831722,-0.9496087433436015,0.23374829608992692,1.0,0.0,lunarlander_navigation_noise
lunarlander,pg,13,357,-0.3041668236666849,0.5742306358180544,0.39846647727168916,-0.22656599818028936,1,main_engine,0.34373602337462267,0.46440602992976077,0.19185794669561654,0.3633011384553811,0.21029793723015341,1.0,0.0,lunarlander_navigation_noise
lunarlander,pg,13,358,-0.3808221105176005,0.6100699288610844,0.20701714811864091,-0.20627095341352397,1,main_engine,0.3449330235760241,0.41175661302183625,0.24331036340213974,4.6168583135080645,0.052260575717622104,1.0,0.0,lunarlander_navigation_noise
lunarlander,pg,13,359,-0.3802731126874168,0.5898693032671588,0.253575991337116,-0.19381803329448108,2,right_thruster,0.3288983770863697,0.42311832832198437,0.24798329459164584,-1.1388686009137634,0.16970534492627404,1.0,0.0,lunarlander_navigation_noise
lunarlander,pg,13,360,-0.33073409721490926,0.6489051107378137,0.39843784118966413,-0.23712632275672932,1,main_engine,0.34235865346298733,0.45826982838630476,0.19937151815070792,0.6479035565687036,0.15662947091717938,1.0,0.0,lunarlander_navigation_noise
lunarlander,pg,13,361,-0.350545653870605,0.6002155348743339,0.2622799873526488,-0.29396519522448783,1,main_engine,0.4016035347864377,0.42070941094796804,0.17768705426559417,0.9562893016844941,0.10276285584684995,1.0,0.0,lunarlander_navigation_noise
lunarlander,pg,13,362,-0.32280868664882567,0.5319797055514734,0.1909327668984192,-0.30062184011628035,0,left_thruster,0.4300931092926935,0.4058702588446303,0.16403663186267622,-2.419110933165823,0.13985234636804147,1.0,0.0,lunarlander_navigation_noise
lunarlander,pg,13,363,-0.35465845201121204,0.6424130446282481,0.2661480397243025,-0.326916546524408,0,left_thruster,0.4203363998438199,0.41533132177649196,0.16433227837968808,-2.235651911896706,0.11561944009874123,1.0,0.0,lunarlander_navigation_noise
lunarlander,pg,13,364,-0.36913884382622053,0.5498359722875309,0.3279609887445566,-0.2992250642262116,1,main_engine,0.3875946378043005,0.43537844520593544,0.17702691698976422,3.218172462962974,0.05048476035850503,1.0,0.0,lunarlander_navigation_noise
lunarlander,pg,13,365,-0.3700381536526219,0.5192692117570991,0.35001270325801104,-0.26564981578358415,0,left_thruster,0.36187875456332036,0.44521890922898827,0.19290233620769123,-2.1171498132148803,0.11201865513293334,1.0,0.0,lunarlander_navigation_noise
lunarlander,pg,13,366,-0.35719986770518347,0.5171591037694514,0.238926458361144,-0.27187485800967465,1,main_engine,0.391934471374202,0.4196648327530241,0.18840069587277394,4.073776524515069,0.13503410962962722,1.0,0.0,lunarlander_navigation_noise
lunarlander,pg,13,367,-0.39513840902719755,0.5871196761775204,0.34796228759076975,-0.2752784000422125,1,main_engine,0.3604808041139492,0.4394104088744086,0.2001087870116422,2.3136275570530573,0.13301971928503975,1.0,0.0,lunarlander_navigation_noise
lunarlander,pg,13,368,-0.4006364142594639,0.4718531803618846,0.2818847876058337,-0.27189955478657446,1,main_engine,0.3723492516388934,0.42720096256797974,0.2004497857931269,2.5531393613711817,0.08963282735208287,1.0,0.0,lunarlander_navigation_noise
lunarlander,pg,13,369,-0.4252019275775007,0.4589484301930591,0.3419606647030166,-0.33235561906993666,2,right_thruster,0.3930720701128909,0.4326049044491742,0.17432302543793474,-1.2154922900651162,0.14992152247223886,1.0,0.0,lunarlander_navigation_noise
lunarlander,pg,13,370,-0.32519161596391777,0.5660042831218383,0.3694516723944498,-0.348408323550778,1,main_engine,0.4207657325911521,0.4384165362183841,0.1408177311904638,4.356134283608161,0.1909627301365883,1.0,0.0,lunarlander_navigation_noise
lunarlander,pg,13,371,-0.3829694553975153,0.4265600775486354,0.2580218004120662,-0.38400583376782554,0,left_thruster,0.45622710287060597,0.4054494605378236,0.13832343659157045,-2.2399674435423775,0.18555729129204485,1.0,0.0,lunarlander_navigation_noise
lunarlander,pg,13,372,-0.457739947115943,0.46322258032217795,0.33746131581813,-0.23845135529926365,0,left_thruster,0.32428643126031903,0.43515621231074464,0.24055735642893628,-1.974297129699985,0.13310589115765062,1.0,0.0,lunarlander_navigation_noise
lunarlander,pg,13,373,-0.4446832429023175,0.46542333216801607,0.25325954104145454,-0.3406859803131076,1,main_engine,0.41196925965765857,0.4089600288859181,0.17907071145642336,3.6019223611305495,0.09858015286528106,1.0,0.0,lunarlander_navigation_noise
lunarlander,pg,13,374,-0.5220925825067841,0.46054561034687685,0.31276399876523264,-0.3279868456269483,0,left_thruster,0.36958440589194225,0.41794832045639996,0.21246727365165785,-1.974455780834369,0.13984809140115312,1.0,0.0,lunarlander_navigation_noise
lunarlander,pg,13,375,-0.41804711374449777,0.4040898716381517,0.24379500223036477,-0.29991450724186003,1,main_engine,0.3955939840522877,0.4153129961048773,0.18909301984283494,2.1457771284251557,0.09449381730648136,1.0,0.0,lunarlander_navigation_noise
lunarlander,pg,13,376,-0.39699050668721625,0.4272903590856964,0.33204633933650096,-0.287299449193585,0,left_thruster,0.3741029673973788,0.4389524807190662,0.18694455188355505,-1.5462581341234989,0.1459088848317989,1.0,0.0,lunarlander_navigation_noise
lunarlander,pg,13,377,-0.5034652274330169,0.3428967059524351,0.28128293997699766,-0.303215639417796,0,left_thruster,0.36758870677125627,0.41739841194955135,0.21501288127919224,-1.494986770386721,0.19276104361524818,1.0,0.0,lunarlander_navigation_noise
lunarlander,pg,13,378,-0.4066024123486193,0.4577603398821074,0.23460983307273847,-0.19184965860705094,2,right_thruster,0.32693696190505306,0.4193336930688811,0.2537293450260659,-0.5478667535925729,0.19056041895274262,1.0,0.0,lunarlander_navigation_noise
lunarlander,pg,13,379,-0.4308778759876812,0.2782713387390293,0.27860739464389295,-0.23149670365464514,0,left_thruster,0.34248439829847505,0.4310235199564703,0.22649208174505464,-1.3755556790044239,0.17760641478566752,1.0,0.0,lunarlander_navigation_noise
lunarlander,pg,13,380,-0.5440491047685349,0.3783041741857359,0.37037917684004695,-0.21395579791166672,1,main_engine,0.2814106063657537,0.42969452132328373,0.2888948723109626,2.556852346857252,0.17672612604839663,1.0,0.0,lunarlander_navigation_noise
lunarlander,pg,13,381,-0.44578049593058783,0.436212610768346,0.2887959981864433,-0.10640951913615376,0,left_thruster,0.25328720447000536,0.41741281422342696,0.32929998130656757,-1.3990641870368563,0.10516244786195895,1.0,0.0,lunarlander_navigation_noise
lunarlander,pg,13,382,-0.44753900282186354,0.5031448485991867,0.33215642880890395,-0.1749368617741338,1,main_engine,0.28676881606983723,0.431885737487414,0.2813454464427486,3.7834764118189037,0.12831127039392648,1.0,0.0,lunarlander_navigation_noise
lunarlander,pg,13,383,-0.46190971446237944,0.3773748779446353,0.3517371184139652,-0.1824051837538007,1,main_engine,0.2871523320371607,0.43902971871909846,0.273817949243741,3.400372384516602,0.03761164645775233,1.0,0.0,lunarlander_navigation_noise
lunarlander,pg,13,384,-0.44298965823423436,0.39113147776487905,0.33592564029559774,-0.15755723529351853,0,left_thruster,0.2791414980759893,0.43665836212375736,0.28420013980025344,-1.1059843786606531,0.053949476394678536,1.0,0.0,lunarlander_navigation_noise
lunarlander,pg,13,385,-0.41605639523054055,0.3682953269109176,0.37610967293917646,-0.15056444744397315,2,right_thruster,0.27596597238837334,0.4512497902681807,0.2727842373434459,-0.2859929455201973,0.21409745426995808,1.0,0.0,lunarlander_navigation_noise
lunarlander,pg,13,386,-0.5930099451506128,0.30854756674051315,0.3135558296071031,-0.2344833543396635,1,main_engine,0.291673829669913,0.4117109158612858,0.29661525446880127,3.0577034107430565,0.10645013967638921,1.0,0.0,lunarlander_navigation_noise
lunarlander,pg,13,387,-0.5301260214417182,0.254616039211122,0.36164506915914846,-0.18804996383510078,2,right_thruster,0.2735934887806542,0.4328608697415581,0.2935456414777878,-0.5617423677885063,0.1462447681299971,1.0,0.0,lunarlander_navigation_noise
lunarlander,pg,13,388,-0.44193871138736834,0.35208838142655047,0.29789578774821845,-0.18128962557410788,1,main_engine,0.3015752172662453,0.43133635227534434,0.2670884304584104,4.19246265801216,0.10276409951600134,1.0,0.0,lunarlander_navigation_noise
lunarlander,pg,13,389,-0.5060384272793097,0.28821189803969927,0.3307063908921292,-0.21727498041978283,2,right_thruster,0.3026817105187747,0.4314112020290415,0.2659070874521838,-0.7731162118800113,0.11701597411141577,1.0,0.0,lunarlander_navigation_noise
lunarlander,pg,13,390,-0.5497022019828021,0.3254626141922737,0.34620179451927385,-0.11648564770823844,1,main_engine,0.22688523747515463,0.41043737861062896,0.36267738391421644,4.24942106929276,0.10118842192547424,1.0,0.0,lunarlander_navigation_noise
lunarlander,pg,13,391,-0.6237392935793135,0.26123375994964526,0.32763045567085425,-0.09953379070807614,1,main_engine,0.20287340302734763,0.3845813130169285,0.4125452839557239,4.038334198899013,0.18048376720036602,1.0,0.0,lunarlander_navigation_noise
lunarlander,pg,13,392,-0.465595986813089,0.32918959378642915,0.38078675895432434,-0.0885112312656004,0,left_thruster,0.2276200184099443,0.4340142261045673,0.33836575548548836,-1.7906653663984287,0.1185316712768041,1.0,0.0,lunarlander_navigation_noise
lunarlander,pg,13,393,-0.4919864755011251,0.26907973107408945,0.3532982221178117,-0.18329774902931162,2,right_thruster,0.2818609764101241,0.43774175813944105,0.2803972654504349,-1.0370728423050208,0.06494396397687752,1.0,0.0,lunarlander_navigation_noise
lunarlander,pg,13,394,-0.5415001842949951,0.28867232304040125,0.33286346991209675,-0.15223873518729716,1,main_engine,0.2525493711196017,0.41793045035105847,0.32952017852933985,2.723173187804862,0.11642333289134685,1.0,0.0,lunarlander_navigation_noise
lunarlander,pg,13,395,-0.5560703599305665,0.19357107340183327,0.2767615344256473,-0.11832078160316993,2,right_thruster,0.23911076917684135,0.4000080464196987,0.36088118440345995,-1.3505088506377092,0.13582864596213068,1.0,0.0,lunarlander_navigation_noise
lunarlander,pg,13,396,-0.5368439562023647,0.2902019174915109,0.35769982520790666,-0.1651314590106682,0,left_thruster,0.2577623722811015,0.4263258770980482,0.31591175062085036,-2.0834372318397163,0.1328135849675193,1.0,0.0,lunarlander_navigation_noise
lunarlander,pg,13,397,-0.5292900021325406,0.2203560853682613,0.44441042185319535,-0.09312299913084338,1,main_engine,0.20920215962401337,0.43653496541240355,0.35426287496358305,2.2265914001608746,0.11626043586218379,1.0,0.0,lunarlander_navigation_noise
lunarlander,pg,13,398,-0.5267798718845335,0.17383988390640528,0.34314914954383063,-0.1261772866719734,1,main_engine,0.24247442559268753,0.4241753857504297,0.3333501886568827,1.8624676562441072,0.056849541016908076,1.0,0.0,lunarlander_navigation_noise
lunarlander,pg,13,399,-0.49275125895450506,0.21305424713045762,0.3595749411373523,-0.10985702615476037,1,main_engine,0.2384106184744552,0.4317343708032311,0.32985501072231377,4.295537533671176,0.10132476559727126,1.0,0.0,lunarlander_navigation_noise
lunarlander,pg,13,400,-0.5488651391159028,0.19677951629642065,0.2889878055819669,-0.06660740179870901,2,right_thruster,0.2098149308929131,0.39272675831463033,0.3974583107924565,-1.4391144140832899,0.15423275346222884,1.0,0.0,lunarlander_navigation_noise
lunarlander,pg,13,401,-0.5611552921974686,0.1678080589438184,0.35354526195114616,-0.20309800170866693,0,left_thruster,0.27792425977914653,0.4292557152816928,0.2928200249391607,-2.0468460734428686,0.08755696692036259,0.0,0.0,none
lunarlander,pg,13,402,-0.5643601715564728,0.18048987785975137,0.3695161044597626,-0.11800948977470399,2,right_thruster,0.2245783798122108,0.4183114105836957,0.3571102096040935,-1.4306786889415388,0.020215118674405792,0.0,0.0,none
lunarlander,pg,13,403,-0.5679978430271149,0.16898465156555176,0.38332808017730713,-0.12651110514998437,0,left_thruster,0.2268523645071662,0.4225889391581456,0.35055869633468817,-2.045196451941559,0.029353908012329323,0.0,0.0,none
lunarlander,pg,13,404,-0.5717159310976665,0.15709925691286722,0.3958827257156372,-0.10308150835335256,1,main_engine,0.211883012996956,0.41960288193600276,0.36851410506704135,4.653586229019325,0.02319138462000897,0.0,0.0,none
lunarlander,pg,13,405,-0.5752215286095937,0.14572139581044516,0.37895065546035767,-0.09262204468250275,2,right_thruster,0.20784772065212342,0.4130034250822397,0.3791488542656369,-1.395954468483227,0.02250654290680506,0.0,0.0,none
lunarlander,pg,13,406,-0.5786491930484772,0.13392783204714456,0.39292770624160767,-0.10528496280312538,1,main_engine,0.2123379147747497,0.4185945852845826,0.3690674999406678,2.6875105026915094,0.016834644732705503,0.0,0.0,none
lunarlander,pg,13,407,-0.5819496015707653,0.12243595719337463,0.3828672170639038,-0.09902110323309898,0,left_thruster,0.20974794863355173,0.41454223773547577,0.37570981363097256,-2.0442771056632725,0.025866356785790634,0.0,0.0,none
lunarlander,pg,13,408,-0.5853080749511719,0.11055990060170491,0.3956039547920227,-0.08019229918718337,1,main_engine,0.19792916791010365,0.4119886805037007,0.3900821515861957,3.881852644935223,0.021416795037115827,0.0,0.0,none
lunarlander,pg,13,409,-0.5884601672490438,0.09908810257911682,0.3821152448654175,-0.0685649186372757,2,right_thruster,0.1931186089154538,0.405592795041969,0.40128859604257716,-1.6150568912713106,0.018995248681487286,0.0,0.0,none
lunarlander,pg,13,410,-0.5915619929631551,0.0872132380803426,0.39562276005744934,-0.07383111044764519,1,main_engine,0.1938529355394298,0.40949427655186094,0.3966527879087092,2.968820683016393,0.019030254460856395,0.0,0.0,none
lunarlander,pg,13,411,-0.594618966182073,0.07576990624268849,0.3812550902366638,-0.06990355141460897,2,right_thruster,0.19308629231634644,0.4050267470987303,0.4018869605849233,-1.856305937940259,0.01959147741905266,0.0,0.0,none
lunarlander,pg,13,412,-0.5976233383019766,0.0639267514149348,0.39464426040649414,-0.07733790017664433,1,main_engine,0.1949494220824457,0.4095227434180185,0.39552783449953577,2.791083418845025,0.019412617152760183,0.0,0.0,none
lunarlander,pg,13,413,-0.6006047129631042,0.052545408407847084,0.37926334142684937,-0.07597647719085217,2,right_thruster,0.19563124772104076,0.40557000160139406,0.39879875067756515,7.928363169907114,0.14186103196202957,0.0,0.0,none
lunarlander,pg,13,414,-0.6035339832305908,0.04075914124647776,0.3928191065788269,0.06471217516809702,1,main_engine,0.13133631363983567,0.3605207148307174,0.5081429715294469,3.3370956015893833,0.1351969667421065,0.0,0.0,none
lunarlander,pg,13,415,-0.6067612767219543,0.02967558552821477,0.3693210482597351,0.1973500296473503,2,right_thruster,0.08904324380356492,0.3020448220870141,0.608911934109421,3.196962902090012,0.14480848686705955,0.0,0.0,none
lunarlander,pg,13,416,-0.6099821130434673,0.018742329130570095,0.3638373613357544,0.3416050717234611,2,right_thruster,0.05694892494382203,0.24338233848098376,0.6996687365751941,3.68386746770579,0.16274640795586692,0.0,0.0,none
lunarlander,pg,13,417,-0.6130976974964142,0.007826143875718117,0.36349087953567505,0.5039547045715153,1,main_engine,0.03471141489289931,0.18788483601508246,0.7774037490920183,7.9597198870786485,0.3621908386474108,0.0,0.0,none
lunarlander,pg,13,418,-0.6160172820091248,-0.0021271402947604656,0.33266958594322205,0.8646826624870301,2,right_thruster,0.013319326900469287,0.10594803261557244,0.8807326404839584,-99.87951111719012,1.4583907227276443,0.0,0.0,none
lunarlander,pg,13,419,-0.0021678607057159147,0.9423007170359293,-0.0562431737780571,0.02391201853752136,1,main_engine,0.331045428079189,0.39504879771522255,0.2739057742055883,-0.783204723042627,0.012747289568322296,0.0,0.0,none
lunarlander,pg,13,420,-0.004238605421657364,0.9442900816599528,-0.0663050189614296,0.031192616559565067,2,right_thruster,0.3269420638897939,0.3922282545742259,0.2808296815359802,1.4316502870720649,0.016634894037438126,0.0,0.0,none
lunarlander,pg,13,421,-0.006254831872259578,0.9458809693654379,-0.05302620679140091,0.02150774411857128,1,main_engine,0.33086959924581455,0.3950669577524408,0.2740634430017447,-1.2729118526939898,0.004478538679656178,0.0,0.0,none
lunarlander,pg,13,422,-0.008295456257959207,0.9475766023000082,-0.05651526525616646,0.022426689602434637,2,right_thruster,0.33013268339748997,0.3939186178283194,0.2759486987741906,1.6853902364740065,0.019151291038042532,0.0,0.0,none
lunarlander,pg,13,423,-0.010273377411067486,0.948868195215861,-0.04305339977145195,0.00901140944333747,2,right_thruster,0.3366010982862067,0.3968408507081307,0.26655805100566266,1.7323658768358268,0.020391795793949508,0.0,0.0,none
lunarlander,pg,13,424,-0.012188275965551536,0.949761708577474,-0.02979006990790367,-0.0063327820971608145,0,left_thruster,0.3444221016724436,0.39957429171871994,0.25600360660883653,-0.7882579797350888,0.021569211983621734,0.0,0.0,none
lunarlander,pg,13,425,-0.014181773488720259,0.9502602418263754,-0.01662055402994156,0.010625171475112438,1,main_engine,0.33009430392661404,0.40181670069568587,0.26808899537770015,-1.384307550765134,0.004415657516409149,0.0,0.0,none
lunarlander,pg,13,426,-0.01626006793230772,0.9508124192555746,-0.01840650662779808,0.007206956017762422,0,left_thruster,0.33209638728981566,0.4011977276560703,0.26670588505411413,-1.1176469512551443,0.02202970757628341,0.0,0.0,none
lunarlander,pg,13,427,-0.018411556569238506,0.9509695370992025,-0.005229346454143524,0.024728853069245813,1,main_engine,0.3175177702856737,0.4029860294782874,0.27949620023603877,0.7193073002662754,0.010050837429320897,0.0,0.0,none
lunarlander,pg,13,428,-0.0204375588024656,0.9512982368469238,-0.01094357855618,0.032738482020795344,2,right_thruster,0.31241136753717696,0.4009648540405658,0.2866237784222573,0.7569787392940134,0.016988517963451494,0.0,0.0,none
lunarlander,pg,13,429,-0.022409677815934025,0.9512224992116293,0.002527513774111867,0.022577555663883683,2,right_thruster,0.3166223049703413,0.4040841236517023,0.27929357137795635,0.6810026574123162,0.01784258485825074,0.0,0.0,none
lunarlander,pg,13,430,-0.02432791360964378,0.9507503509521484,0.01573985256254673,0.010750071331858634,1,main_engine,0.3219926581030166,0.40714379875359674,0.27086354314338656,1.4648183698043238,0.013976264660777487,0.0,0.0,none
lunarlander,pg,13,431,-0.026106437047322593,0.9506484667460123,0.0033955301623791456,0.017057222221046685,0,left_thruster,0.3191755157148829,0.40396895776615055,0.2768555265189665,-1.3890288872989458,0.020764913404591644,0.0,0.0,none
lunarlander,pg,13,432,-0.027948301285505295,0.9501432577768961,0.01685560680925846,0.0327530900016427,0,left_thruster,0.3061009043766683,0.405600352159674,0.2882987434636578,-1.9664824417561853,0.024064574639580272,0.0,0.0,none
lunarlander,pg,13,433,-0.029863199839989345,0.9492373466491699,0.030224494636058807,0.052650051563978194,1,main_engine,0.2905146269480186,0.4063850853056529,0.3031002877463285,0.5824296308348971,0.010598900624814899,0.0,0.0,none
lunarlander,pg,13,434,-0.03165571019053459,0.9482913812001547,0.03157265856862068,0.06296563223004341,1,main_engine,0.2831520692625611,0.40523832161605944,0.3116096091213793,-0.3707554801080187,0.008537101495671873,0.0,0.0,none
lunarlander,pg,13,435,-0.033440906554460526,0.9475142161051432,0.025958532467484474,0.06909529604017733,0,left_thruster,0.2795065318465083,0.4030072374005145,0.3174862307529771,-2.439175296686521,0.02688845515197428,0.0,0.0,none
lunarlander,pg,13,436,-0.03530073290069898,0.9463407198588053,0.03920410946011543,0.09239138290286064,2,right_thruster,0.2624144532223503,0.4020767952062209,0.3355087515714288,-0.5850189423677228,0.014998704217937297,0.0,0.0,none
lunarlander,pg,13,437,-0.037102779994408294,0.9447668393452963,0.05255027115345001,0.08597915843129159,0,left_thruster,0.26423175803947047,0.40550904640809043,0.33025919555243904,-2.805473287984308,0.027735923040209394,0.0,0.0,none
lunarlander,pg,13,438,-0.0389811210334301,0.9427956740061442,0.06583542376756668,0.11017363071441649,0,left_thruster,0.24714751270299068,0.40376172596142096,0.3490907613355883,-3.176118829104233,0.030843620384825344,0.0,0.0,none
lunarlander,pg,13,439,-0.04094084103902181,0.9404260317484537,0.07919280976057053,0.1378042921423912,2,right_thruster,0.2286697534349739,0.40037235827879797,0.37095788828622817,-1.2504407473980939,0.014323954767422922,0.0,0.0,none
lunarlander,pg,13,440,-0.04283793891469638,0.9376625219980875,0.09231188148260117,0.13313206881284714,2,right_thruster,0.22945863475898556,0.4037209544313141,0.3668204108097004,-1.2937852457070245,0.014744662061161052,0.0,0.0,none
lunarlander,pg,13,441,-0.044676462809244796,0.93450395266215,0.10545961558818817,0.1275476783514023,1,main_engine,0.23078610795684296,0.4073043807571554,0.3619095112860016,-0.4675955050690095,0.008886085437103614,0.0,0.0,none
lunarlander,pg,13,442,-0.0466101182003816,0.9315509001413981,0.09861862659454346,0.1319865792989731,1,main_engine,0.22858658194353806,0.4046217834239433,0.3667916346325187,0.3702812794810461,0.013193125975547084,0.0,0.0,none
lunarlander,pg,13,443,-0.04857611532012622,0.9289104143778483,0.0882127657532692,0.13939868584275245,1,main_engine,0.22505996191357427,0.4004837205093785,0.37445631757704734,-0.9602856223298045,0.017534788186119844,0.0,0.0,none
lunarlander,pg,13,444,-0.050765195240577064,0.9267877737681071,0.07094519585371017,0.13935229144990444,0,left_thruster,0.22654696098807878,0.39659224345794386,0.37686079555397733,-2.8836729909324035,0.028712383397408735,0.0,0.0,none
lunarlander,pg,13,445,-0.053032636642456055,0.9242540995279948,0.08474116772413254,0.16430246829986572,0,left_thruster,0.2103237777337277,0.3926691841839112,0.397007038082361,-2.964441899674434,0.02827738273311564,0.0,0.0,none
lunarlander,pg,13,446,-0.05536667381723722,0.9213119347890218,0.09845609962940216,0.1887443780899048,2,right_thruster,0.195153723795918,0.38803677596549585,0.41680950023858626,-1.0987694215235342,0.014941672772181601,0.0,0.0,none
lunarlander,pg,13,447,-0.05763332049051921,0.9179779688517252,0.11146678775548935,0.18260250836610795,1,main_engine,0.19667402491963656,0.391904817025635,0.4114211580547285,-0.9142442779047725,0.01524205574333758,0.0,0.0,none
lunarlander,pg,13,448,-0.06010444834828377,0.9150771299997965,0.09702584892511368,0.1856452390551567,0,left_thruster,0.19594974905476548,0.38766415329515935,0.41638609765007517,-2.7876188976135015,0.02658149318415454,0.0,0.0,none
lunarlander,pg,13,449,-0.06263788789510727,0.9117745558420817,0.11052078753709793,0.20816494375467298,1,main_engine,0.18245788511921715,0.38284174974793195,0.4347003651328509,-1.9064512776523692,0.008810508335834728,0.0,0.0,none
lunarlander,pg,13,450,-0.06536690518260002,0.9086726506551107,0.10383006185293198,0.21213859394192697,2,right_thruster,0.18049060356908292,0.37965126189957,0.4398581345313472,-0.7811650417333477,0.015378247581431075,0.0,0.0,none
lunarlander,pg,13,451,-0.06803043807546298,0.9051894346872965,0.11645402759313583,0.2045294687151909,2,right_thruster,0.1826643378525779,0.3839086787682875,0.4334269833791345,-0.7863737002860535,0.015753694817209556,0.0,0.0,none
lunarlander,pg,13,452,-0.07063476368784904,0.901324192682902,0.12910200655460358,0.1963756401091814,1,main_engine,0.18513533699009677,0.3883633159559859,0.4265013470539172,-0.2732957986830445,0.010783710930555768,0.0,0.0,none
lunarlander,pg,13,453,-0.07335742314656576,0.8977313041687012,0.12002388387918472,0.20005726851522923,0,left_thruster,0.18354375051641902,0.38485522858450855,0.4316010208990724,-2.771919636812779,0.027750534022421263,0.0,0.0,none
lunarlander,pg,13,454,-0.07615518445769946,0.8937196731567383,0.13412605226039886,0.22345171943306924,2,right_thruster,0.1701777859015249,0.3792657585001122,0.4505564555983629,-0.7125188952150165,0.016852735760462367,0.0,0.0,none
lunarlander,pg,13,455,-0.07888515790303549,0.889328400293986,0.14666932821273804,0.21345447488129138,2,right_thruster,0.17343978622810108,0.38444203678772365,0.4421181769841752,-0.7929099188151736,0.016820605282337583,0.0,0.0,none
lunarlander,pg,13,456,-0.08155727138121924,0.8845454851786295,0.15961864590644836,0.2042223859578371,1,main_engine,0.17633004428785237,0.3894461511676342,0.4342238045445135,-0.6170145420176505,0.007437436822756009,0.0,0.0,none
lunarlander,pg,13,457,-0.08439310515920322,0.879914124806722,0.15454648435115814,0.20391063038259744,0,left_thruster,0.17638812504185572,0.3879833022349421,0.43562857272320216,-2.5508421938196237,0.026093737533633386,0.0,0.0,none
lunarlander,pg,13,458,-0.0873034012814363,0.8748659292856852,0.16859170794487,0.2251158356666565,2,right_thruster,0.1644963517337431,0.3828841051606463,0.4526195431056106,-0.4424925589081079,0.020148547677654654,0.0,0.0,none
lunarlander,pg,13,459,-0.09013541663686435,0.8694395224253336,0.18104198575019836,0.21050459500402213,2,right_thruster,0.16985489684979893,0.3897341564194535,0.44041094673074765,-0.38516710545859384,0.02051235132178362,0.0,0.0,none
lunarlander,pg,13,460,-0.09289804846048355,0.8636354605356852,0.19349393248558044,0.19552506529726088,2,right_thruster,0.17549720778174413,0.39662839193918253,0.4278744002790734,-0.4462882555886438,0.01974405325977755,0.0,0.0,none
lunarlander,pg,13,461,-0.09560521692037582,0.857446034749349,0.20622922480106354,0.18203424559906126,2,right_thruster,0.18048194986058763,0.40300358505357414,0.4165144650858382,-0.09149023790227602,0.024511057402796386,0.0,0.0,none
lunarlander,pg,13,462,-0.09823782990376155,0.8508696556091309,0.2189767211675644,0.16233364008367063,0,left_thruster,0.18866877275761498,0.4111794154664189,0.40015181177596615,-1.5120036914850392,0.018059207360687918,0.0,0.0,none
lunarlander,pg,13,463,-0.10092329854766528,0.8438874880472819,0.23261018097400665,0.17151521611958742,0,left_thruster,0.18232014208066438,0.4106933187621266,0.4069865391572091,-1.7704107161553042,0.020666823321877907,0.0,0.0,none
lunarlander,pg,13,464,-0.10366988057891528,0.8364919026692709,0.24651339650154114,0.1846140629495494,0,left_thruster,0.1742370127244209,0.40885820083507446,0.41690478644050455,-1.96162317186446,0.022738257092907343,0.0,0.0,none
lunarlander,pg,13,465,-0.10648123919963837,0.8286813100179037,0.2604662775993347,0.20053374730050563,1,main_engine,0.165133090950056,0.405831522204105,0.4290353868458389,1.5292102237295795,0.01828024144427568,0.0,0.0,none
lunarlander,pg,13,466,-0.10954952488342921,0.8213537534077963,0.24432997405529022,0.19726580111309885,1,main_engine,0.16746685839745268,0.40331937256922146,0.42921376903332586,2.8858859291347168,0.02240511822754524,0.0,0.0,none
lunarlander,pg,13,467,-0.11273010323445003,0.8146524429321289,0.22346988320350647,0.20070415707305073,0,left_thruster,0.1670592942298718,0.39751520512406313,0.435425500646065,-2.040214450137265,0.022377174062025662,0.0,0.0,none
lunarlander,pg,13,468,-0.11596672236919403,0.8075340588887533,0.23748615384101868,0.2162969432771206,2,right_thruster,0.15822584657735334,0.3941403119709678,0.4476338414516789,-0.3610914163411076,0.020697805393661707,0.0,0.0,none
lunarlander,pg,13,469,-0.11913355439901352,0.8000392119089762,0.2498970925807953,0.20186897767707707,2,right_thruster,0.16323426505846655,0.40109945105895084,0.43566628388258255,-0.12228494202445858,0.02399721060214888,0.0,0.0,none
lunarlander,pg,13,470,-0.12222067763408026,0.7921567757924398,0.26265397667884827,0.18339020889252425,1,main_engine,0.17020207164306586,0.4094194139791173,0.42037851437781687,3.8527810415461046,0.022023095906891117,0.0,0.0,none
lunarlander,pg,13,471,-0.12532147268454236,0.7848733266194662,0.24274660646915436,0.18849410964176058,2,right_thruster,0.16898987364269658,0.4032928106906123,0.4277173156666911,-0.25814534685998525,0.021587502737907438,0.0,0.0,none
lunarlander,pg,13,472,-0.1283623402317365,0.7771977583567301,0.2557002305984497,0.1733262926340103,1,main_engine,0.17452567932061064,0.41039921515978495,0.41507510551960436,2.304793158592304,0.017601354699386906,0.0,0.0,none
lunarlander,pg,13,473,-0.1315597693125407,0.7699840863545736,0.24029649794101715,0.17012128233909607,1,main_engine,0.176896031828249,0.4078621512537455,0.4152418169180055,2.8345588137484947,0.015977058503052918,0.0,0.0,none
lunarlander,pg,13,474,-0.1347709447145462,0.7631877263387045,0.2264270931482315,0.17265186570584773,2,right_thruster,0.17635214040669403,0.40373215664249223,0.4199157029508138,0.005361584701913672,0.023112523262838632,0.0,0.0,none
lunarlander,pg,13,475,-0.13791918754577637,0.7560099760691324,0.23901835083961487,0.15492568649351596,1,main_engine,0.1833302367783434,0.4113221944486497,0.40534756877300676,2.3692139838874917,0.010307016096343383,0.0,0.0,none
lunarlander,pg,13,476,-0.14100742836793265,0.7490247090657552,0.23265698552131653,0.1576526675373316,0,left_thruster,0.1820247797801541,0.4086954024277117,0.4092798177921342,-1.6048637135211494,0.01965509125655385,0.0,0.0,none
lunarlander,pg,13,477,-0.1441539948185285,0.741627057393392,0.24651417136192322,0.16904015550389886,1,main_engine,0.17462576039037958,0.40727726581152857,0.4180969737980919,0.3649887786218642,0.011659089022026267,0.0,0.0,none
lunarlander,pg,13,478,-0.14749877154827118,0.7344059944152832,0.2405903935432434,0.1629154570400715,1,main_engine,0.17753375925920906,0.4074968855150859,0.41496935522570516,2.688498799561684,0.020759502144567357,0.0,0.0,none
lunarlander,pg,13,479,-0.15096751352151236,0.7277654012044271,0.22125190496444702,0.1619934268295765,0,left_thruster,0.17914224695537373,0.4032888636960553,0.41756888934857095,-2.0106521790037175,0.024109226566467433,0.0,0.0,none
lunarlander,pg,13,480,-0.1545167714357376,0.7207113901774088,0.23517706990242004,0.18002085825428366,0,left_thruster,0.1685513872751087,0.3993942174721964,0.43205439525269485,-2.2708657922019277,0.026576446948995264,0.0,0.0,none
lunarlander,pg,13,481,-0.15814606100320816,0.7132337888081869,0.2494482696056366,0.20084282085299493,2,right_thruster,0.15716792937075366,0.3941425158694249,0.44868955475982136,-0.3444753623013458,0.020344598330849492,0.0,0.0,none
lunarlander,pg,13,482,-0.16170859336853027,0.7053737640380859,0.2620686888694763,0.18742059776559472,2,right_thruster,0.16159778765082003,0.40073043285938986,0.43767177948979014,-0.3755541553676267,0.019285431931634473,0.0,0.0,none
lunarlander,pg,13,483,-0.1652212937672933,0.6971313158671061,0.2747233211994171,0.17595276669599116,0,left_thruster,0.1651925360797167,0.4065966635538876,0.4282108003663957,-1.7178601332987853,0.021657918208891812,0.0,0.0,none
lunarlander,pg,13,484,-0.16879061857859295,0.6884745756785074,0.2886424660682678,0.1896510730497539,2,right_thruster,0.1572601004698068,0.40386879524084834,0.4388711042893449,-0.35780793707023695,0.01985985812380939,0.0,0.0,none
lunarlander,pg,13,485,-0.17230772723754248,0.6794341405232748,0.3013302981853485,0.17784711779095233,0,left_thruster,0.1609230369619287,0.4099802792005762,0.4290966838374951,-1.7542777632278581,0.02327997280105951,0.0,0.0,none
lunarlander,pg,13,486,-0.1758890599012375,0.6699786186218262,0.3152836859226227,0.1935004645958543,0,left_thruster,0.15235289714958505,0.4064785290369269,0.441168573813488,-2.059106516148339,0.027299653321195275,0.0,0.0,none
lunarlander,pg,13,487,-0.17954961707194647,0.6601123015085856,0.32913216948509216,0.21454201117157937,2,right_thruster,0.14196229792696682,0.4005800770871114,0.45745762498592163,-0.3079100343593871,0.022239384100129014,0.0,0.0,none
lunarlander,pg,13,488,-0.18313400447368622,0.6498608589172363,0.3418268859386444,0.1998622812330723,1,main_engine,0.14655154338871101,0.4081094662082211,0.4453389904030679,2.3117337898979975,0.021274396004057474,0.0,0.0,none
lunarlander,pg,13,489,-0.1869651923576991,0.640159805615743,0.3234471380710602,0.1974135350435972,2,right_thruster,0.14836630629932693,0.4047811121741397,0.4468525815265334,-0.0547296009537888,0.02327998556006225,0.0,0.0,none
lunarlander,pg,13,490,-0.19072568664948147,0.630074699719747,0.3361090421676636,0.18111067535355688,1,main_engine,0.15376084421071104,0.41268533043099065,0.4335538253582983,2.5929457237105566,0.019647604245428215,0.0,0.0,none
lunarlander,pg,13,491,-0.19466114540894827,0.6204848289489746,0.31959226727485657,0.17870837589725852,2,right_thruster,0.15550034072807006,0.4096086823104793,0.4348909769614506,-0.05746914544899255,0.02222382163004941,0.0,0.0,none
lunarlander,pg,13,492,-0.19854168097178143,0.6105019648869833,0.3325870633125305,0.16420605219900608,1,main_engine,0.16020765383943528,0.4167068152790123,0.42308553088155243,2.3256296903415605,0.018205240080669524,0.0,0.0,none
lunarlander,pg,13,493,-0.20259705682595572,0.6009428898493449,0.31844764947891235,0.15933925099670887,1,main_engine,0.16292622437651588,0.41487337761214,0.4222003980113442,2.4392488230520724,0.012152225805055537,0.0,0.0,none
lunarlander,pg,13,494,-0.2065921574831009,0.5915555953979492,0.31277230381965637,0.16271340530365705,1,main_engine,0.16123350984639062,0.411842187226271,0.4269243029273384,0.8223728354474247,0.010319309895731352,0.0,0.0,none
lunarlander,pg,13,495,-0.21059997379779816,0.582132617632548,0.3139786720275879,0.1622918238863349,2,right_thruster,0.16066468527603225,0.4114986892088883,0.42783662551507945,0.14341396794123967,0.02447439423793885,0.0,0.0,none
lunarlander,pg,13,496,-0.21454282104969025,0.5723187526067098,0.3268950879573822,0.14439477995038033,2,right_thruster,0.16701984797233319,0.4195834551848509,0.41339669684281577,0.3684237768343382,0.0260210810044263,0.0,0.0,none
lunarlander,pg,13,497,-0.21842194100221,0.5621234973271688,0.3394988775253296,0.12441353015601636,2,right_thruster,0.17451773549473557,0.4280851080385081,0.39739715646675633,0.6585127328215002,0.0297826144379709,0.0,0.0,none
lunarlander,pg,13,498,-0.22222625712553662,0.5515436331431071,0.3522074520587921,0.09993721693754196,1,main_engine,0.1843570860484959,0.4376573892447562,0.3779855247067479,4.230808476884306,0.018442466232764524,0.0,0.0,none
lunarlander,pg,13,499,-0.22602180639902753,0.5414040486017863,0.3375888168811798,0.09690362215042114,1,main_engine,0.18668585884989672,0.4350107165637783,0.378303424586325,1.7852391733087767,0.01906418017152108,0.0,0.0,none
lunarlander,pg,13,500,-0.23002828160921734,0.5315211216608683,0.32902076840400696,0.08362554162740707,2,right_thruster,0.19350112427424798,0.4364020557671945,0.37009681995855753,0.706453428755367,0.02893540409623465,0.0,0.0,none
lunarlander,pg,13,501,-0.23397346337636313,0.5212520758310953,0.341827929019928,0.06012625470757485,2,right_thruster,0.2033929276917651,0.4447002096345118,0.3519068626737231,1.0474036447106425,0.033901668206759224,0.0,0.0,none
lunarlander,pg,13,502,-0.2378408859173457,0.5105940103530884,0.3547317683696747,0.030898481607437134,1,main_engine,0.21653289035191145,0.4537261774686849,0.3297409321794037,2.6753504897404676,0.018792244555055126,0.0,0.0,none
lunarlander,pg,13,503,-0.2417955795923869,0.5001103480656942,0.3489656150341034,0.016957421600818645,1,main_engine,0.22403974081409164,0.4549022614847165,0.3210579977011918,3.683597635526337,0.025497649928170572,0.0,0.0,none
lunarlander,pg,13,504,-0.2459211399157842,0.49009954929351807,0.33324363827705383,5.4366886615753174e-05,0,left_thruster,0.2346504661694489,0.45414936074740936,0.31120017308314163,-0.2816254389026779,0.017516231383664708,0.0,0.0,none
lunarlander,pg,13,505,-0.2501009653011958,0.47968844572703045,0.34669366478919983,-0.00017613470554350696,1,main_engine,0.23216259773865822,0.45660816511463,0.3112292371467118,3.738419370551186,0.02460227875319715,0.0,0.0,none
lunarlander,pg,13,506,-0.25441666444142663,0.4697649876276652,0.3304780125617981,-0.01518361493945121,1,main_engine,0.24196496360552197,0.45505934008606475,0.3029756963084133,3.1224137746807776,0.022726805418819714,0.0,0.0,none
lunarlander,pg,13,507,-0.25885775685310364,0.46022359530131024,0.317780077457428,-0.030820387601852406,2,right_thruster,0.2518764276181063,0.45399832098696863,0.29412525139492507,0.9112938988366306,0.030162228952129184,0.0,0.0,none
lunarlander,pg,13,508,-0.2632480363051097,0.45028650760650635,0.3309963643550873,-0.05566127225756645,0,left_thruster,0.26356171405473083,0.45936122037469673,0.27707706557057254,-0.18142227778102324,0.01755334766723423,0.0,0.0,none
lunarlander,pg,13,509,-0.2676880359649658,0.4399525721867879,0.3443079888820648,-0.05776290223002434,1,main_engine,0.2618522649653044,0.46208764964066906,0.2760600853940266,3.6378516791720816,0.017418801481626316,0.0,0.0,none
lunarlander,pg,13,510,-0.27209525307019555,0.4298798640569051,0.33565694093704224,-0.06814032979309559,0,left_thruster,0.26840838076873436,0.46071982609891565,0.2708717931323501,-0.5971921729942665,0.0179822240827322,0.0,0.0,none
lunarlander,pg,13,511,-0.2765689790248871,0.4194066921869914,0.3490605652332306,-0.06439844714477658,0,left_thruster,0.26320102034876464,0.4629262124184306,0.2738727672328048,-0.9093696672702322,0.01920941904839507,0.0,0.0,none
lunarlander,pg,13,512,-0.2811167140801748,0.4085397720336914,0.36222153902053833,-0.05684737428091466,1,main_engine,0.25588509356738637,0.4646005271752461,0.27951437925736744,1.5095407853581604,0.020232880024045986,0.0,0.0,none
lunarlander,pg,13,513,-0.2857289214928945,0.39805106321970624,0.3496364653110504,-0.06778811849653721,2,right_thruster,0.26323605364884856,0.462480978793129,0.27428296755802245,-1.5802566442308819,0.028009498494851782,0.0,0.0,none
lunarlander,pg,13,514,-0.2902871370315552,0.3871561288833618,0.36320823431015015,-0.08925581909716129,0,left_thruster,0.2728192425250618,0.4669014526014131,0.2602793048735252,-2.4165819183813038,0.018769569383030933,0.0,0.0,none
lunarlander,pg,13,515,-0.29490696887175244,0.37585898240407306,0.37663522362709045,-0.08445536829531192,1,main_engine,0.2669221351367043,0.46914141501383355,0.26393644984946213,-0.28194413311300537,0.019018378368276096,0.0,0.0,none
lunarlander,pg,13,516,-0.2996479719877243,0.36468104521433514,0.3726922273635864,-0.09855246394872665,1,main_engine,0.27487703948052883,0.4688520665053604,0.2562708940141107,1.7619609326486818,0.019448566041287516,0.0,0.0,none
lunarlander,pg,13,517,-0.30438455442587536,0.35386359691619873,0.36070606112480164,-0.10830572694540024,2,right_thruster,0.2816792764081175,0.46628240311829744,0.252038320473585,-1.5708250299674773,0.03182553290562485,0.0,0.0,none
lunarlander,pg,13,518,-0.30904941260814667,0.3426508903503418,0.3739434778690338,-0.13457642644643783,1,main_engine,0.29427117908684663,0.4698251939105464,0.23590362700260703,0.30020786961718615,0.015567286813799392,0.0,0.0,none
lunarlander,pg,13,519,-0.3136579692363739,0.33149629831314087,0.37204673886299133,-0.14422417655587194,1,main_engine,0.2994967131879381,0.46918964568061555,0.23131364113144628,3.739454702993916,0.02248588220620336,0.0,0.0,none
lunarlander,pg,13,520,-0.318094938993454,0.32089583079020184,0.3536005914211273,-0.14999461248517038,1,main_engine,0.3053968165550736,0.46464987961725346,0.229953303827673,3.8067557479940914,0.02297811094025621,0.0,0.0,none
lunarlander,pg,13,521,-0.3223672757546107,0.3108767668406169,0.3342391550540924,-0.1558677598834038,2,right_thruster,0.31165196582447213,0.4598290996690337,0.22851893450649424,-1.8941250573591322,0.03440541452471404,0.0,0.0,none
lunarlander,pg,13,522,-0.32655830184618634,0.30045032501220703,0.34792986512184143,-0.18536388874053955,1,main_engine,0.326617998996191,0.4619719438400235,0.21141005716378553,1.2397220724655698,0.015458218500915697,0.0,0.0,none
lunarlander,pg,13,523,-0.3306206564108531,0.2902174989382426,0.34151142835617065,-0.19411298781633377,1,main_engine,0.33249042988161454,0.4598210660512229,0.20768850406716255,0.7657683520872183,0.015507048999097208,0.0,0.0,none
lunarlander,pg,13,524,-0.3345883389314016,0.2801359295845032,0.33650732040405273,-0.204014852643013,0,left_thruster,0.3388784564894131,0.4578499066236272,0.20327163688695982,-2.9477772302517824,0.018781368058578756,0.0,0.0,none
lunarlander,pg,13,525,-0.33863591651121777,0.2696717381477356,0.3491951823234558,-0.19589846432209013,1,main_engine,0.3304516111699462,0.46120066618154015,0.20834772264851362,1.252922461540719,0.019230652013180777,0.0,0.0,none
lunarlander,pg,13,526,-0.3426708777745565,0.25951772928237915,0.3389017879962921,-0.20791841447353362,0,left_thruster,0.33918130137574837,0.45783443532759255,0.20298426329665906,-2.6816046315067372,0.01766090301349985,0.0,0.0,none
lunarlander,pg,13,527,-0.346762885649999,0.24898076057434082,0.3516068160533905,-0.20315212458372117,1,main_engine,0.3328339518945319,0.46100198265337805,0.20616406545208993,0.7805244531606796,0.0158497836958457,0.0,0.0,none
lunarlander,pg,13,528,-0.35082315405209863,0.23862739404042563,0.345521479845047,-0.21266560703516008,1,main_engine,0.3391622962078017,0.4587594621743337,0.20207824161786447,0.39101352881545726,0.016108106906352625,0.0,0.0,none
lunarlander,pg,13,529,-0.3548721969127655,0.22842760880788168,0.34043872356414795,-0.22330545336008073,1,main_engine,0.34604547175481826,0.4565645273721525,0.19739000087302933,0.7388879925538173,0.01113539090805313,0.0,0.0,none
lunarlander,pg,13,530,-0.35872841874758404,0.21821991602579752,0.34068360924720764,-0.22551215291023255,1,main_engine,0.3465932445013589,0.4563067399186909,0.1971000155799501,-0.26869243056657066,0.014370926892870789,0.0,0.0,none
lunarlander,pg,13,531,-0.3625647972027461,0.2080379525820414,0.33985817432403564,-0.23486373126506804,1,main_engine,0.35188500496010794,0.4551530209584281,0.19296197408146398,-1.1096625028000517,0.01784885092595367,0.0,0.0,none
lunarlander,pg,13,532,-0.36648397644360864,0.19787335395812988,0.3393489420413971,-0.24899324402213097,0,left_thruster,0.36012952675614185,0.4534810079335091,0.1863894653103491,-2.8934069375866054,0.019380085170626216,0.0,0.0,none
lunarlander,pg,13,533,-0.3704753269751867,0.18732929229736328,0.35187286138534546,-0.23942083418369292,0,left_thruster,0.35066297131835455,0.4573720040632423,0.19196502461840317,-2.750465991575179,0.02142645631358501,0.0,0.0,none
lunarlander,pg,13,534,-0.37454371651013696,0.17640014489491782,0.3645647466182709,-0.22669247910380363,1,main_engine,0.3392661909167029,0.4613683732443112,0.19936543583898575,1.9930421498601938,0.013891010828569396,0.0,0.0,none
lunarlander,pg,13,535,-0.37845914562543237,0.165702352921168,0.35683900117874146,-0.22856322787702082,2,right_thruster,0.34119187990731076,0.4592191217459727,0.1995889983467165,-2.1637061085303957,0.024814611465992297,0.0,0.0,none
lunarlander,pg,13,536,-0.38232341408729553,0.15458603700002035,0.3709062933921814,-0.24527762830257416,0,left_thruster,0.3480226689989502,0.4610700706325874,0.19090726036846245,-2.697544764519015,0.020239670290695233,0.0,0.0,none
lunarlander,pg,13,537,-0.38624897599220276,0.14308543999989828,0.38359010219573975,-0.23522320240736008,1,main_engine,0.33840275303508466,0.46488313499925715,0.19671411196565813,0.637093204533304,0.01429206475809542,0.0,0.0,none
lunarlander,pg,13,538,-0.3901396195093791,0.13173012932141623,0.3787759244441986,-0.24130650907754897,2,right_thruster,0.34237807552580696,0.46310062165883914,0.19452130281535387,-2.3178008544188877,0.02509370764147302,0.0,0.0,none
lunarlander,pg,13,539,-0.3939770410458247,0.1199634571870168,0.39261409640312195,-0.258189008384943,1,main_engine,0.34926963326005916,0.46477075309556215,0.18595961364437869,2.0658765717701377,0.022167581015218246,0.0,0.0,none
lunarlander,pg,13,540,-0.39778299629688263,0.10865326722462972,0.377459317445755,-0.26911277286708357,1,main_engine,0.35846998989928947,0.4598078317335078,0.18172217836720259,3.0382432916467894,0.023574643033516668,0.0,0.0,none
lunarlander,pg,13,541,-0.40147289633750916,0.09790192047754924,0.358873188495636,-0.27811903655529024,0,left_thruster,0.36732269765876663,0.4540883965588718,0.1785889057823615,-3.1657130243840115,0.021082343198974333,0.0,0.0,none
lunarlander,pg,13,542,-0.40523735185464227,0.08676758408546448,0.3714657127857208,-0.2659638337790966,1,main_engine,0.356275663681977,0.45851577801011467,0.18520855830790844,-0.1802364309780944,0.012846189502730513,0.0,0.0,none
lunarlander,pg,13,543,-0.4089393963416418,0.07566776871681213,0.37033432722091675,-0.2711439415812492,0,left_thruster,0.35902237033564,0.45757280620954505,0.1834048234548149,-3.0147976698838486,0.02146468115551141,0.0,0.0,none
lunarlander,pg,13,544,-0.41270799934864044,0.06418610115845998,0.38289326429367065,-0.25861499197781085,1,main_engine,0.34784014558758736,0.461849325209668,0.19031052920274472,0.4553163765509476,0.01245293769272327,0.0,0.0,none
lunarlander,pg,13,545,-0.41627705097198486,0.0526825487613678,0.38357415795326233,-0.2555259478278458,2,right_thruster,0.3450942185717812,0.4622033906380175,0.19270239079020127,-2.6586182964707117,0.023420596698749935,0.0,0.0,none
lunarlander,pg,13,546,-0.419798344373703,0.040758855640888214,0.39770662784576416,-0.269462363421917,1,main_engine,0.3501306346482794,0.464215343499255,0.18565402185246568,3.555671047341168,0.021811838389135595,0.0,0.0,none
lunarlander,pg,13,547,-0.42310838898022973,0.02937923123439153,0.3795710504055023,-0.27199314944446085,1,main_engine,0.3548769253944815,0.4594442314165402,0.18567884318897826,2.125288343270994,0.015858307130630685,0.0,0.0,none
lunarlander,pg,13,548,-0.42622600992520654,0.01832457259297371,0.36872270703315735,-0.27336220499128105,2,right_thruster,0.357439082217275,0.4565719946420435,0.18598892314068158,-2.977441129231155,0.02933391250727208,0.0,0.0,none
lunarlander,pg,13,549,-0.4292672872543335,0.006840712080399196,0.38324517011642456,-0.29591099806129934,0,left_thruster,0.36784402170453767,0.45740937426620565,0.17474660402925665,-3.4317065307821357,0.020275412331483098,0.0,0.0,none
lunarlander,pg,13,550,-0.43236951033274335,-0.005028098511199157,0.39591798186302185,-0.2859110113233328,0,left_thruster,0.35835495570956644,0.46176503420574566,0.1798800100846879,-3.276475814938835,0.021519721323329088,0.0,0.0,none
lunarlander,pg,13,551,-0.43553218245506287,-0.01727704331278801,0.40842151641845703,-0.2737981716170907,0,left_thruster,0.34768646100857503,0.4661285611964942,0.1861849777949309,-3.1886324383762528,0.023090797109306258,0.0,0.0,none
lunarlander,pg,13,552,-0.43875734011332196,-0.029909794529279072,0.4210434854030609,-0.25951941940002143,0,left_thruster,0.33578826718185434,0.4704598367345701,0.1937518960835755,7.03040570341258,0.1663979592220159,0.0,0.0,none
lunarlander,pg,13,553,-0.4420415063699087,-0.042927285035451256,0.4337058365345001,-0.09414800442755222,1,main_engine,0.23692640782238725,0.46835502907334814,0.29471856310426464,4.563067812638672,0.1327959485438971,0.0,0.0,none
lunarlander,pg,13,554,-0.4456142087777456,-0.05504324038823446,0.40360572934150696,0.034573349356651295,1,main_engine,0.17536287098690867,0.4318431992516166,0.39279392976147476,8.939557593461279,0.1732976705689987,0.0,0.0,none
lunarlander,pg,13,555,-0.4487818479537964,-0.06632975737253825,0.37332096695899963,0.20480112731456754,1,main_engine,0.11027843691645045,0.3612573625438349,0.5284642005397147,8.562255260413895,0.1875451115052432,0.0,0.0,none
lunarlander,pg,13,556,-0.4517797629038493,-0.07697636385758717,0.3514988124370575,0.3907436579465866,2,right_thruster,0.06304855090687145,0.2769378157468094,0.6600136333463191,-99.98932407610118,1.2207319346372085,0.0,0.0,none
lunarlander,pg,13,557,0.0012009938169891636,0.9390433629353842,0.05233323946595192,-0.013235011044889687,1,main_engine,0.339639562699881,0.41941138449320925,0.2409490528069098,0.22097949282888182,0.008010417309028354,0.0,0.0,none
lunarlander,pg,13,558,0.002444426257473727,0.9377069473266602,0.0445452444255352,-0.012808645237237215,1,main_engine,0.3410365984394726,0.41794025619991904,0.24102314536060834,-1.2534161330690985,0.00515002773868296,0.0,0.0,none
lunarlander,pg,13,559,0.0038143794517964125,0.9364285469055176,0.04261181503534317,-0.008418479282408953,1,main_engine,0.3388384835634853,0.4177875040361783,0.24337401240033646,1.7498646622634464,0.02156194035236468,0.0,0.0,none
lunarlander,pg,13,560,0.005136807837213079,0.9357892672220866,0.02131139114499092,-0.011427086684852837,1,main_engine,0.34479573229175386,0.413342003918001,0.2418622637902451,0.15300553227369848,0.005644641571615939,0.0,0.0,none
lunarlander,pg,13,561,0.006435712178548178,0.935301144917806,0.016274461522698402,-0.01356388395652175,0,left_thruster,0.3474601665646029,0.41239960942697096,0.2401402240084263,0.5642590252086461,0.02179354421037144,0.0,0.0,none
lunarlander,pg,13,562,0.007658163861682018,0.9344201882680258,0.029360484331846237,0.0037982617504894733,0,left_thruster,0.3339690970709069,0.41552684307364024,0.250504059855453,0.18003727636711006,0.021793924503105338,0.0,0.0,none
lunarlander,pg,13,563,0.008813858342667421,0.9331455230712891,0.04248715192079544,0.02111026169732213,2,right_thruster,0.32068032992716256,0.41826552072186635,0.261054149350971,-2.007926061516106,0.018792730647577055,0.0,0.0,none
lunarlander,pg,13,564,0.010037898706893127,0.9314777056376139,0.05559194087982178,0.007800440446590073,1,main_engine,0.32777637391125014,0.4215907450637146,0.2506328810250353,-0.21035895611220098,0.013630896378058562,0.0,0.0,none
lunarlander,pg,13,565,0.011389891151338816,0.9301563103993734,0.04404805600643158,0.014798017824068664,0,left_thruster,0.3254191097786595,0.4192466934750128,0.25533419674632774,-0.6500026883535986,0.025282742184769284,0.0,0.0,none
lunarlander,pg,13,566,0.012660980379829805,0.9284361203511556,0.05734663084149361,0.036194051057100295,1,main_engine,0.3096285478303819,0.42165137905080624,0.26872007311881196,0.3546061694523439,0.019414482988976377,0.0,0.0,none
lunarlander,pg,13,567,0.014023622497916222,0.9272340933481852,0.04008106514811516,0.044884317368268964,2,right_thruster,0.3070162167266231,0.41778177783567205,0.27520200543770496,-2.2153467148915453,0.01663569462425737,0.0,0.0,none
lunarlander,pg,13,568,0.015445789322257042,0.9256285031636556,0.05353188142180443,0.03533332794904709,0,left_thruster,0.31163320961756696,0.4214342580650776,0.2669325323173554,-1.0643842201652138,0.023163561255175397,0.0,0.0,none
lunarlander,pg,13,569,0.01680358313024044,0.9236175219217936,0.06706015020608902,0.05397867225110531,2,right_thruster,0.2978773055029557,0.4235627174026002,0.2785599770944442,-2.3954379108809096,0.01609363963052433,0.0,0.0,none
lunarlander,pg,13,570,0.018218994761506718,0.9212156136830648,0.08008646219968796,0.044948285818099974,1,main_engine,0.3021726874779527,0.4272501961297569,0.2705771163922903,0.026826369472195223,0.012563468667621442,0.0,0.0,none
lunarlander,pg,13,571,0.019729852986832462,0.9190902709960938,0.07087865471839905,0.05308814160525799,0,left_thruster,0.29880273155353276,0.42513065168848824,0.27606661675797894,-1.3940767692001759,0.02181138777720928,0.0,0.0,none
lunarlander,pg,13,572,0.021186511342724167,0.9165619214375814,0.08432886004447937,0.07000896334648132,2,right_thruster,0.2864661900249484,0.42702496413530816,0.28650884583974345,-2.5595161254402523,0.017296469501366835,0.0,0.0,none
lunarlander,pg,13,573,0.02270944882184267,0.9136341412862142,0.09763330966234207,0.059460587054491046,1,main_engine,0.29167143467578294,0.4311168781556663,0.2772116871685506,-0.052121638097730724,0.00561269474926138,0.0,0.0,none
lunarlander,pg,13,574,0.02423747442662716,0.9107510248819987,0.09614751487970352,0.06377886608242989,1,main_engine,0.28964687064624417,0.4308657254104922,0.27948740394326377,1.1430109181639694,0.0070856399953503155,0.0,0.0,none
lunarlander,pg,13,575,0.02570446270207564,0.9080526034037272,0.08999057859182358,0.06547146663069725,0,left_thruster,0.2899558911796161,0.4298055563070955,0.2802385525132883,-1.483957750552405,0.023062100381176807,0.0,0.0,none
lunarlander,pg,13,576,0.02710827315847079,0.9049564202626547,0.10328659415245056,0.08400574326515198,1,main_engine,0.27684899667175183,0.43128982175306924,0.29186118157517876,3.110005258578551,0.020311904271826903,0.0,0.0,none
lunarlander,pg,13,577,0.028440396611889206,0.9024529457092285,0.08353430777788162,0.08779766894876956,1,main_engine,0.2777252074164825,0.42709538856330115,0.29517940402021636,3.2012878016522928,0.020239820033964122,0.0,0.0,none
lunarlander,pg,13,578,0.029665470744172733,0.9005490938822428,0.06354666501283646,0.09003797993063926,0,left_thruster,0.27955577798066694,0.42296254673385336,0.29748167528547975,-1.6187607693280086,0.02295419489580454,0.0,0.0,none
lunarlander,pg,13,579,0.030832688013712566,0.8982493082682291,0.07679197937250137,0.10860691368579864,1,main_engine,0.26649256227553,0.4238196811955633,0.30968775652890673,1.3103234639695847,0.015697882310578913,0.0,0.0,none
lunarlander,pg,13,580,0.03199283344050249,0.8963494300842285,0.06347953528165817,0.11662232801318168,1,main_engine,0.2637255116597425,0.42025381946431767,0.3160206688759399,-1.9567201998989538,0.013389903047136373,0.0,0.0,none
lunarlander,pg,13,581,0.033277751257022224,0.8944183190663656,0.0645502582192421,0.1297662563621998,1,main_engine,0.25592373219899767,0.4188414206763147,0.32523484712468764,-0.06780282499879148,0.0047032792773842496,0.0,0.0,none
lunarlander,pg,13,582,0.03444949785868327,0.8924188613891602,0.06684022396802902,0.13315831646323203,1,main_engine,0.25392692421383156,0.4191199179869893,0.32695315779917916,0.2947670930132517,0.0060347361005127125,0.0,0.0,none
lunarlander,pg,13,583,0.03554407817622026,0.8904948234558105,0.06433041393756866,0.13818015530705452,0,left_thruster,0.25155664556430984,0.4180967583086432,0.330346596127047,-1.9358517553652723,0.028342720755513594,0.0,0.0,none
lunarlander,pg,13,584,0.03656363425155481,0.888168732325236,0.07782760262489319,0.16297300755977628,0,left_thruster,0.23546721441794147,0.41657408131473916,0.3479587042673194,-2.500034134242505,0.028549245843203553,0.0,0.0,none
lunarlander,pg,13,585,0.03751762832204501,0.8854355812072754,0.09149602055549622,0.18786986619234086,1,main_engine,0.21992468790914,0.4142295916900692,0.3658457204007909,1.1513693685545354,0.01949875416437261,0.0,0.0,none
lunarlander,pg,13,586,0.03847177761296432,0.8830966949462891,0.07840967923402786,0.2021025151014328,0,left_thruster,0.21374923970793797,0.4084904293596118,0.37776033093245037,-2.853369542689969,0.029274210611620867,0.0,0.0,none
lunarlander,pg,13,587,0.03936640297373136,0.8803542455037435,0.09198475629091263,0.22787799388170243,1,main_engine,0.19863505654027006,0.40466863407289305,0.3966963093868368,2.8971835172908245,0.02554439610163521,0.0,0.0,none
lunarlander,pg,13,588,0.04016884292165439,0.8782452742258707,0.07093361020088196,0.24217043071985245,1,main_engine,0.19346979225275227,0.3967292517798751,0.4098009559673727,0.07603666195190387,0.016926080352839053,0.0,0.0,none
lunarlander,pg,13,589,0.040936230992277466,0.8763551712036133,0.063707135617733,0.257339771091938,2,right_thruster,0.1865427314609043,0.3910425666815265,0.42241470185756924,-3.559877335271909,0.013188257978713825,0.0,0.0,none
lunarlander,pg,13,590,0.04176465794444084,0.874077320098877,0.0765816867351532,0.25582280531525614,2,right_thruster,0.18634023604037428,0.3943893822078527,0.419270381751773,-3.342211500312867,0.013512637131941613,0.0,0.0,none
lunarlander,pg,13,591,0.04264887111882369,0.871405283610026,0.08966643363237381,0.2539629265666008,2,right_thruster,0.1863077220968837,0.3979278532567327,0.4157644246463837,-3.0862748629731773,0.013649905849890757,0.0,0.0,none
lunarlander,pg,13,592,0.04358561709523201,0.8683430353800455,0.10260327160358429,0.2510127916932106,1,main_engine,0.1868548536351259,0.40181615286213784,0.41132899350273616,3.7758196131782666,0.017413272425439115,0.0,0.0,none
lunarlander,pg,13,593,0.04424158794184526,0.8657907644907633,0.08558223396539688,0.25357442200183866,0,left_thruster,0.18738992917913314,0.3980446949602396,0.41456537586062736,-2.887822249785041,0.02764572851732614,0.0,0.0,none
lunarlander,pg,13,594,0.04483373835682869,0.8628212610880533,0.09964385628700256,0.277183498442173,0,left_thruster,0.1745325399785847,0.393557090383359,0.4319103696380563,-3.177075402341237,0.029407264608228564,0.0,0.0,none
lunarlander,pg,13,595,0.04536223287383716,0.8594349225362142,0.1137150302529335,0.30277730002999304,2,right_thruster,0.16144190727465613,0.38778039181071233,0.4507777009146315,-3.1775322445384946,0.014152556994824768,0.0,0.0,none
lunarlander,pg,13,596,0.0459566122541825,0.8556593259175619,0.12658007442951202,0.29828540831804273,2,right_thruster,0.16265311908523053,0.39223892145050415,0.4451079594642652,-2.8931654584737974,0.015432835193603629,0.0,0.0,none
lunarlander,pg,13,597,0.04662084703644117,0.8514982064565023,0.13928869366645813,0.2906103007495403,0,left_thruster,0.16536139389162477,0.3978271733412546,0.4368114327671206,-2.8125411407437126,0.029100308313185774,0.0,0.0,none
lunarlander,pg,13,598,0.04721315577626228,0.8469242254892985,0.15325218439102173,0.3157215878367424,2,right_thruster,0.1531459341644984,0.39190186022714707,0.45495220560835453,-2.709125471039608,0.01659224284049756,0.0,0.0,none
lunarlander,pg,13,599,0.047882714619239174,0.8419713179270426,0.16570451855659485,0.3059613473713398,1,main_engine,0.15669646059817358,0.3983780495167755,0.4449254898850509,0.6689436672244152,0.011340576202282777,0.0,0.0,none
