env,policy,seed,t,q,mu,sigma,rho,a,action_label,p0,p1,p2,r,state_delta,intervention_active,intervention_start,intervention_name
inventory,random,13,0,0.0,12.13072699036783,1.04575048492713,0.55,0,low_restock,0.3333333333333333,0.3333333333333333,0.3333333333333333,-2.9524424902621003,0.3961473708689938,0.0,0.0,none
inventory,random,13,1,0.0,11.892413971340199,1.357396646363158,0.4950790161182322,0,low_restock,0.3333333333333333,0.3333333333333333,0.3333333333333333,-2.6584450707878933,0.6361952176935632,0.0,0.0,none
inventory,random,13,2,0.0,11.279201125654087,1.5185120065444486,0.4425794769264095,1,balanced_restock,0.3333333333333333,0.3333333333333333,0.3333333333333333,-2.9358140647970643,0.43268775098504897,0.0,0.0,none
inventory,random,13,3,0.0,10.888513106218271,1.3333654634696164,0.45996679728519013,0,low_restock,0.3333333333333333,0.3333333333333333,0.3333333333333333,-2.0109768301158812,0.8403392696597505,0.0,0.0,none
inventory,random,13,4,0.0,11.271137263809285,2.0696249784970853,0.32696014823497876,1,balanced_restock,0.3333333333333333,0.3333333333333333,0.3333333333333333,-2.2792317428129,0.035275079322916986,0.0,0.0,none
inventory,random,13,5,0.0,11.30192064296775,2.062672043235693,0.3427199540737321,0,low_restock,0.3333333333333333,0.3333333333333333,0.3333333333333333,-1.4215478568637592,0.9484504818741524,0.0,0.0,none
inventory,random,13,6,0.0,12.227236583495852,2.2320948913882996,0.22170497443995701,2,high_restock,0.3333333333333333,0.3333333333333333,0.3333333333333333,-2.2426940009951504,0.6451138969242413,0.0,0.0,none
inventory,random,13,7,0.0,12.739377674481858,1.8485556783561574,0.3040525001777054,2,high_restock,0.3333333333333333,0.3333333333333333,0.3333333333333333,-2.633446883565697,0.5482661149983371,0.0,0.0,none
inventory,random,13,8,0.0,13.205917953078417,1.5691509009398337,0.37382980063673155,0,low_restock,0.3333333333333333,0.3333333333333333,0.3333333333333333,-1.6039703770674856,0.3157005336292127,0.0,0.0,none
inventory,random,13,9,0.0,13.017516132620987,1.3458136500349385,0.2542804244763367,0,low_restock,0.3333333333333333,0.3333333333333333,0.3333333333333333,-0.6684714135604017,1.4608424542959624,0.0,0.0,none
inventory,random,13,10,0.0,14.376900823131246,1.853974161676617,0.08722703813578601,2,high_restock,0.3333333333333333,0.3333333333333333,0.3333333333333333,-1.2001961290604348,0.29366282447303593,0.0,0.0,none
inventory,random,13,11,0.0,14.653379319508309,1.9480865703034294,0.11789216590364907,2,high_restock,0.3333333333333333,0.3333333333333333,0.3333333333333333,-1.759183080662896,0.42743317859898855,0.0,0.0,none
inventory,random,13,12,0.0,14.408777300830632,2.284100144732499,0.21771126440408856,1,balanced_restock,0.3333333333333333,0.3333333333333333,0.3333333333333333,-1.504416111703672,0.044190003340954014,0.0,0.0,none
inventory,random,13,13,0.0,14.372576929655063,2.3056415883580743,0.2043600199470843,0,low_restock,0.3333333333333333,0.3333333333333333,0.3333333333333333,-0.8718830211517681,0.5998950745727726,0.0,0.0,none
inventory,random,13,14,0.0,13.830218389789291,2.5489338870438747,0.12355053949138717,2,high_restock,0.3333333333333333,0.3333333333333333,0.3333333333333333,-1.3007201828475687,0.19800766814198134,0.0,0.0,none
inventory,random,13,15,0.0,13.719378076782084,2.3853173848825033,0.1358428897942087,2,high_restock,0.3333333333333333,0.3333333333333333,0.3333333333333333,-1.4388535170875403,0.11838550847550033,0.0,0.0,none
inventory,random,13,16,0.0,13.803356529932234,2.4650312705679926,0.16050955662277505,1,balanced_restock,0.3333333333333333,0.3333333333333333,0.3333333333333333,-0.9532381103534578,1.0300968433287792,0.0,0.0,none
inventory,random,13,17,0.0,14.764862425773595,2.099480210112386,0.10593537684883175,0,low_restock,0.3333333333333333,0.3333333333333333,0.3333333333333333,-0.9169767103220214,2.1806165807770643,0.0,0.0,none
inventory,random,13,18,2.1056477437772045,15.282169828014622,1.8933079544513494,0.0,2,high_restock,0.3333333333333333,0.3333333333333333,0.3333333333333333,-0.6610392807700427,2.388656730692507,0.0,0.0,none
inventory,random,13,19,0.0,15.827109350954316,0.9061391235253001,0.021614157280364768,2,high_restock,0.3333333333333333,0.3333333333333333,0.3333333333333333,-0.859489426611677,0.43050062582263,0.0,0.0,none
inventory,random,13,20,0.0,15.503076890589728,0.6249311307304849,0.05705168332351376,0,low_restock,0.3333333333333333,0.3333333333333333,0.3333333333333333,-1.5046949396972331,3.821413535638874,0.0,0.0,none
inventory,random,13,21,3.784842684849238,15.004102329688697,0.7859800497296128,0.0,1,balanced_restock,0.3333333333333333,0.3333333333333333,0.3333333333333333,-0.6351548846234809,3.674932985096378,0.0,0.0,none
inventory,random,13,22,0.7861568132099457,13.640326638525632,2.4148236126210825,0.0,2,high_restock,0.3333333333333333,0.3333333333333333,0.3333333333333333,-0.8534529784245717,0.9248808855748651,0.0,0.0,none
inventory,random,13,23,0.0,13.195238005183132,2.2247573984827502,0.05597374614724492,2,high_restock,0.3333333333333333,0.3333333333333333,0.3333333333333333,-1.4950011531675358,0.913614784674821,0.0,0.0,none
inventory,random,13,24,0.0,12.315095319006268,2.441359187533892,0.17053592020848854,2,high_restock,0.3333333333333333,0.3333333333333333,0.3333333333333333,-1.993431287223902,0.9623157135012806,0.0,0.0,none
inventory,random,13,25,0.0,11.56514534846944,1.8449494154125534,0.2595413012899825,1,balanced_restock,0.3333333333333333,0.3333333333333333,0.3333333333333333,-1.9775232098561482,0.8263274911237689,0.0,0.0,none
inventory,random,13,26,0.0,10.799223438389783,1.5362065847581887,0.288843430331455,0,low_restock,0.3333333333333333,0.3333333333333333,0.3333333333333333,-1.585556996601826,0.11763221475746406,0.0,0.0,none
inventory,random,13,27,0.0,10.728876145853446,1.6225540797446556,0.25099232082175466,2,high_restock,0.3333333333333333,0.3333333333333333,0.3333333333333333,-2.747074544700814,1.1193920180913355,0.0,0.0,none
inventory,random,13,28,0.0,9.665946084309393,1.302034951130079,0.39412045441085963,2,high_restock,0.3333333333333333,0.3333333333333333,0.3333333333333333,-3.511737471453846,0.34376956474202364,0.0,0.0,none
inventory,random,13,29,0.0,9.358159204284226,1.371314675751843,0.5306674056167582,2,high_restock,0.3333333333333333,0.3333333333333333,0.3333333333333333,-4.349177031549674,1.0241279742127396,0.0,0.0,none
inventory,random,13,30,0.0,8.510635639185569,0.8161760700509136,0.6802101842052989,1,balanced_restock,0.3333333333333333,0.3333333333333333,0.3333333333333333,-4.644208425101602,0.7888857443276804,0.0,0.0,none
inventory,random,13,31,0.0,7.733286961886367,0.9204551461491076,0.7650372187681431,0,low_restock,0.3333333333333333,0.3333333333333333,0.3333333333333333,-3.9952952669233786,1.1886091927113174,0.0,0.0,none
inventory,random,13,32,0.0,8.37565432419612,1.9170215110227662,0.6813027262363175,2,high_restock,0.3333333333333333,0.3333333333333333,0.3333333333333333,-4.839608793127721,0.911936144624242,0.0,0.0,none
inventory,random,13,33,0.0,9.168664378932734,2.358929879514388,0.767787284487093,2,high_restock,0.3333333333333333,0.3333333333333333,0.3333333333333333,-5.178102512483897,1.2080126096578605,0.0,0.0,none
inventory,random,13,34,0.0,10.234087397424872,2.9250699872772974,0.8282325915149816,0,low_restock,0.3333333333333333,0.3333333333333333,0.3333333333333333,-4.354679593827147,0.9094629718274407,0.0,0.0,none
inventory,random,13,35,0.0,11.086243594306316,2.6183054629319193,0.7454784988977049,0,low_restock,0.3333333333333333,0.3333333333333333,0.3333333333333333,-3.9443344620134893,2.010531543141981,0.0,0.0,none
inventory,random,13,36,0.0,12.099684907720281,0.8834266688050554,0.6722025825024087,0,low_restock,0.3333333333333333,0.3333333333333333,0.3333333333333333,-3.3724108270740025,0.28762082898000746,0.0,0.0,none
inventory,random,13,37,0.0,12.357211099623438,0.9607288295897305,0.5700733619775004,1,balanced_restock,0.3333333333333333,0.3333333333333333,0.3333333333333333,-3.8140056595211194,1.0290157031533633,0.0,0.0,none
inventory,random,13,38,0.0,11.714007834016503,1.762589626843158,0.6167867249144856,0,low_restock,0.3333333333333333,0.3333333333333333,0.3333333333333333,-3.0288093754862424,0.12442461143783601,0.0,0.0,none
inventory,random,13,39,0.0,11.673232842494137,1.7163338839696927,0.5087159599082576,0,low_restock,0.3333333333333333,0.3333333333333333,0.3333333333333333,-2.5334046072377983,0.11994596338354852,0.0,0.0,none
inventory,random,13,40,0.0,11.753187466473374,1.7293035307957374,0.42025082272103537,1,balanced_restock,0.3333333333333333,0.3333333333333333,0.3333333333333333,-2.8305627134256897,0.13388680160664895,0.0,0.0,none
inventory,random,13,41,0.0,11.634429371469498,1.7874799735571576,0.4411719131117303,2,high_restock,0.3333333333333333,0.3333333333333333,0.3333333333333333,-3.555406448354186,0.43741970234962385,0.0,0.0,none
inventory,random,13,42,0.0,11.242510946799541,1.6193433785602607,0.5384654372061046,1,balanced_restock,0.3333333333333333,0.3333333333333333,0.3333333333333333,-3.2032059517584224,1.1131759549384328,0.0,0.0,none
inventory,random,13,43,0.0,12.326999269406741,1.3701442276226616,0.5077153485282897,0,low_restock,0.3333333333333333,0.3333333333333333,0.3333333333333333,-2.5155778624592573,0.2958557740464345,0.0,0.0,none
inventory,random,13,44,0.0,12.08307878256746,1.2293734982748359,0.41706747543915307,0,low_restock,0.3333333333333333,0.3333333333333333,0.3333333333333333,-1.8533248386225594,0.519811889505989,0.0,0.0,none
inventory,random,13,45,0.0,12.500199421538099,1.5161303135671895,0.29880800689688564,0,low_restock,0.3333333333333333,0.3333333333333333,0.3333333333333333,-1.0806856263233506,1.0352544601201132,0.0,0.0,none
inventory,random,13,46,0.0,13.524692717755846,1.5720696281480915,0.16083671898631263,1,balanced_restock,0.3333333333333333,0.3333333333333333,0.3333333333333333,-1.0915990413684948,0.7827707291248007,0.0,0.0,none
inventory,random,13,47,0.0,14.109518517464227,1.0526496451482563,0.1306426859586598,0,low_restock,0.3333333333333333,0.3333333333333333,0.3333333333333333,-0.4279503861876667,0.5145018676485669,0.0,0.0,none
inventory,random,13,48,0.0,13.688138913926892,1.3349479709022363,0.04427685467636905,0,low_restock,0.3333333333333333,0.3333333333333333,0.3333333333333333,-2.2084431998396985,5.819554012469355,0.0,0.0,none
inventory,random,13,49,5.7955519995419955,14.198055056056543,1.2052906811398505,0.0,1,balanced_restock,0.3333333333333333,0.3333333333333333,0.3333333333333333,-2.6467813801977047,0.8102850715500781,0.0,0.0,none
inventory,random,13,50,6.533661086279157,13.89004431381223,1.3352378085227068,0.0,0,low_restock,0.3333333333333333,0.3333333333333333,0.3333333333333333,-4.758339515510563,6.582407568308503,0.0,0.0,none
inventory,random,13,51,13.080970044315894,13.267908074671556,1.0636106683381226,0.0,0,low_restock,0.3333333333333333,0.3333333333333333,0.3333333333333333,-6.841264045142111,5.966911269430144,0.0,0.0,none
inventory,random,13,52,19.03218298612032,12.8354342006453,1.0714187946625409,0.0,0,low_restock,0.3333333333333333,0.3333333333333333,0.3333333333333333,-9.289224568225945,6.9971507274520395,0.0,0.0,none
inventory,random,13,53,26.02635590921699,13.025147147312563,0.9961033090648621,0.0,1,balanced_restock,0.3333333333333333,0.3333333333333333,0.3333333333333333,-8.859835630145131,1.9726611013402477,0.0,0.0,none
inventory,random,13,54,24.28524465755752,12.097938531603104,0.9816945256371277,0.0,2,high_restock,0.3333333333333333,0.3333333333333333,0.3333333333333333,-7.796008996864529,3.5908741621329674,0.0,0.0,none
inventory,random,13,55,20.731454276755798,12.43955863809533,1.366722940738576,0.0,1,balanced_restock,0.3333333333333333,0.3333333333333333,0.3333333333333333,-9.154291526604812,4.521524930399384,0.0,0.0,none
inventory,random,13,56,25.126547218870897,13.209115434911002,2.0982474193912037,0.0,0,low_restock,0.3333333333333333,0.3333333333333333,0.3333333333333333,-10.861303152100934,5.39318260574688,0.0,0.0,none
inventory,random,13,57,30.51800900600267,13.09716520397647,2.1758719169564715,0.0,1,balanced_restock,0.3333333333333333,0.3333333333333333,0.3333333333333333,-11.57526404816671,1.5293097956387656,0.0,0.0,none
inventory,random,13,58,32.043611566190606,13.203451131394724,2.181218038685725,0.0,0,low_restock,0.3333333333333333,0.3333333333333333,0.3333333333333333,-14.456088323883172,8.80768450425835,0.0,0.0,none
inventory,random,13,59,40.78882378252335,14.100715824993165,1.6413238939880184,0.0,0,low_restock,0.3333333333333333,0.3333333333333333,0.3333333333333333,-14.859924023801499,2.4219680949683386,0.0,0.0,none
inventory,random,13,60,41.94264006800429,12.642237158249698,3.1929286797043224,0.0,0,low_restock,0.3333333333333333,0.3333333333333333,0.3333333333333333,-15.38558943539667,2.330569554433739,0.0,0.0,none
inventory,random,13,61,43.444541243990486,10.863598805023917,3.082055265131505,0.0,2,high_restock,0.3333333333333333,0.3333333333333333,0.3333333333333333,-13.793190681447445,5.5824331097424755,0.0,0.0,none
inventory,random,13,62,37.86625908984985,11.069650016769435,3.144268862385955,0.0,0,low_restock,0.3333333333333333,0.3333333333333333,0.3333333333333333,-15.651950645103883,6.345603243727816,0.0,0.0,none
inventory,random,13,63,44.205573271725385,10.832392341106956,2.9910206140438524,0.0,1,balanced_restock,0.3333333333333333,0.3333333333333333,0.3333333333333333,-15.297625538393655,1.88994652216864,0.0,0.0,none
inventory,random,13,64,42.67893010969616,9.978021265434561,2.27596217059944,0.0,0,low_restock,0.3333333333333333,0.3333333333333333,0.3333333333333333,-15.271228804331747,0.4982647027836333,0.0,0.0,none
inventory,random,13,65,43.117796583804996,9.835031303160141,2.4636262391690567,0.0,1,balanced_restock,0.3333333333333333,0.3333333333333333,0.3333333333333333,-14.172792167631478,3.6593031447233497,0.0,0.0,none
inventory,random,13,66,39.465120478947085,10.00411584699132,2.322675201501211,0.0,2,high_restock,0.3333333333333333,0.3333333333333333,0.3333333333333333,-12.233878708455784,6.055502036435995,0.0,0.0,none
inventory,random,13,67,33.411082024159384,9.908964586861908,2.2295648426359325,0.0,2,high_restock,0.3333333333333333,0.3333333333333333,0.3333333333333333,-10.180548160467044,5.866966928389706,0.0,0.0,none
inventory,random,13,68,27.54442331562013,9.86777000877895,2.1857522522579207,0.0,1,balanced_restock,0.3333333333333333,0.3333333333333333,0.3333333333333333,-9.858755492507761,0.47496727575076364,0.0,0.0,none
inventory,random,13,69,27.139301407165036,10.092074259493776,2.2913825293335055,0.0,0,low_restock,0.3333333333333333,0.3333333333333333,0.3333333333333333,-10.028093928804301,1.019319976909164,0.0,0.0,none
inventory,random,13,70,28.137411225155148,10.203922928270032,2.1173713749472918,0.0,0,low_restock,0.3333333333333333,0.3333333333333333,0.3333333333333333,-12.296025750508212,6.532804666901165,0.0,0.0,none
inventory,random,13,71,34.61721643002347,11.030419190215277,2.036345133286901,0.0,1,balanced_restock,0.3333333333333333,0.3333333333333333,0.3333333333333333,-11.422756878936795,3.0677755794902923,0.0,0.0,none
inventory,random,13,72,31.607876796962273,10.43935895456058,2.112304180357839,0.0,1,balanced_restock,0.3333333333333333,0.3333333333333333,0.3333333333333333,-11.465586368501997,0.12240223658317607,0.0,0.0,none
inventory,random,13,73,31.730246767148564,10.43716469030569,2.1105482983715698,0.0,0,low_restock,0.3333333333333333,0.3333333333333333,0.3333333333333333,-11.960604454445313,2.0659629217546764,0.0,0.0,none
inventory,random,13,74,33.658869869843755,9.703913692535744,2.215232089308254,0.0,0,low_restock,0.3333333333333333,0.3333333333333333,0.3333333333333333,-15.137773210604681,9.227166152100201,0.0,0.0,none
inventory,random,13,75,42.73649488744195,11.31981673245736,2.570445551765829,0.0,2,high_restock,0.3333333333333333,0.3333333333333333,0.3333333333333333,-13.617935226514845,5.371067161247702,0.0,0.0,none
inventory,random,13,76,37.365529218613844,11.349662557718075,2.5845686398776007,0.0,2,high_restock,0.3333333333333333,0.3333333333333333,0.3333333333333333,-12.24666969634216,4.050166000625177,0.0,0.0,none
inventory,random,13,77,33.44762770383474,12.367950181374493,2.454251071530434,0.0,2,high_restock,0.3333333333333333,0.3333333333333333,0.3333333333333333,-9.61646674388681,7.5229112835377085,0.0,0.0,none
inventory,random,13,78,25.932762125390887,12.040503071648462,2.571587801631314,0.0,1,balanced_restock,0.3333333333333333,0.3333333333333333,0.3333333333333333,-10.205915522186123,2.7076040667318164,0.0,0.0,none
inventory,random,13,79,28.131187206246068,13.294463467280462,1.6094909914110516,0.0,1,balanced_restock,0.3333333333333333,0.3333333333333333,0.3333333333333333,-11.025495400159345,2.3505992569998964,0.0,0.0,none
inventory,random,13,80,30.472844000455275,13.147269822602667,1.4670327304754693,0.0,0,low_restock,0.3333333333333333,0.3333333333333333,0.3333333333333333,-13.929574465608225,8.82305035736318,0.0,0.0,none
inventory,random,13,81,39.28449847316636,13.583793850910501,1.5690613285604276,0.0,2,high_restock,0.3333333333333333,0.3333333333333333,0.3333333333333333,-12.639731305863254,4.7165604678534185,0.0,0.0,none
inventory,random,13,82,34.570660873895015,13.424606634012056,1.5506992864744495,0.0,1,balanced_restock,0.3333333333333333,0.3333333333333333,0.3333333333333333,-14.0331820107864,4.6796061965350075,0.0,0.0,none
inventory,random,13,83,39.06623431653257,14.626694438228336,1.0572233625883678,0.0,0,low_restock,0.3333333333333333,0.3333333333333333,0.3333333333333333,-16.51082329372748,7.594587257581762,0.0,0.0,none
inventory,random,13,84,46.65949512493566,14.505661583737918,1.1313648268769683,0.0,2,high_restock,0.3333333333333333,0.3333333333333333,0.3333333333333333,-15.237871218965601,4.670927415765987,0.0,0.0,none
inventory,random,13,85,41.99391776847315,14.304214753603574,1.228163736206972,0.0,1,balanced_restock,0.3333333333333333,0.3333333333333333,0.3333333333333333,-15.167967994179431,0.6187722435216529,0.0,0.0,none
inventory,random,13,86,42.30847998336981,13.804796302040689,1.4139348656933945,0.0,2,high_restock,0.3333333333333333,0.3333333333333333,0.3333333333333333,-14.793117607218974,1.7294348268419992,0.0,0.0,none
inventory,random,13,87,40.72319316348279,14.430506457917554,1.7076989203683555,0.0,1,balanced_restock,0.3333333333333333,0.3333333333333333,0.3333333333333333,-14.509085911094859,1.0071946708415234,0.0,0.0,none
inventory,random,13,88,40.42595974598532,13.471945085890548,1.62253145855317,0.0,0,low_restock,0.3333333333333333,0.3333333333333333,0.3333333333333333,-16.566859521787325,6.3983516958702,0.0,0.0,none
inventory,random,13,89,46.819598633678076,13.232020701748482,1.674708922289881,0.0,2,high_restock,0.3333333333333333,0.3333333333333333,0.3333333333333333,-14.4261340608058,7.166317712773073,0.0,0.0,none
inventory,random,13,90,39.67466874515944,12.736150195337256,1.9200635420336007,0.0,2,high_restock,0.3333333333333333,0.3333333333333333,0.3333333333333333,-13.410811345320894,2.960078722965609,0.0,0.0,none
inventory,random,13,91,36.773746700916845,13.293053343509408,2.1113126542852454,0.0,1,balanced_restock,0.3333333333333333,0.3333333333333333,0.3333333333333333,-13.929049767364692,2.13072100443314,0.0,0.0,none
inventory,random,13,92,38.76871362104198,12.809104091511838,1.540460565009935,0.0,2,high_restock,0.3333333333333333,0.3333333333333333,0.3333333333333333,-12.514557995385644,4.569986660094019,0.0,0.0,none
inventory,random,13,93,34.21302284395898,13.157412619594734,1.444853105557779,0.0,0,low_restock,0.3333333333333333,0.3333333333333333,0.3333333333333333,-13.180065833420638,3.1167508152774377,0.0,0.0,none
inventory,random,13,94,37.14304523834468,12.464689320933322,2.2506066934632285,0.0,2,high_restock,0.3333333333333333,0.3333333333333333,0.3333333333333333,-11.31426862606028,6.36203065447279,0.0,0.0,none
inventory,random,13,95,30.783624645886512,12.621791180145415,2.158287776103147,0.0,1,balanced_restock,0.3333333333333333,0.3333333333333333,0.3333333333333333,-10.563539976082948,1.9049663493847617,0.0,0.0,none
inventory,random,13,96,29.152971360236997,11.675844931864031,1.8843309370734924,0.0,0,low_restock,0.3333333333333333,0.3333333333333333,0.3333333333333333,-11.040694893618639,2.2425036474546083,0.0,0.0,none
inventory,random,13,97,31.0305568389104,10.452368643573683,1.9655784054233758,0.0,2,high_restock,0.3333333333333333,0.3333333333333333,0.3333333333333333,-7.444098401382416,11.386836590553028,0.0,0.0,none
inventory,random,13,98,19.725995432521188,9.102594517712442,1.7533314777932965,0.0,2,high_restock,0.3333333333333333,0.3333333333333333,0.3333333333333333,-6.123589755558659,4.027544986085081,0.0,0.0,none
inventory,random,13,99,15.953113587310455,10.162013669793154,2.6829078636932975,0.0,2,high_restock,0.3333333333333333,0.3333333333333333,0.3333333333333333,-2.2164604878974856,11.205555014317135,0.0,0.0,none
inventory,random,13,100,4.789887108278531,9.201252492478405,2.8371016278122467,0.0,1,balanced_restock,0.3333333333333333,0.3333333333333333,0.3333333333333333,-0.6212995904624325,4.072156197440929,0.0,0.0,none
inventory,random,13,101,0.746570258464093,8.718719779645419,2.802357859892594,0.0,1,balanced_restock,0.3333333333333333,0.3333333333333333,0.3333333333333333,-0.664732517632699,0.7541962756384615,0.0,0.0,none
inventory,random,13,102,0.0,8.632057338136173,2.8335561745435704,0.05441652100583911,1,balanced_restock,0.3333333333333333,0.3333333333333333,0.3333333333333333,-0.8332222143755044,0.6582974935012682,0.0,0.0,none
inventory,random,13,103,0.0,9.271745377557002,2.6810781506371844,0.08450396685276865,2,high_restock,0.3333333333333333,0.3333333333333333,0.3333333333333333,-2.00216255273848,2.1487043448070686,0.0,0.0,none
inventory,random,13,104,0.0,7.553970900691709,1.4024089642961075,0.26110045584615715,1,balanced_restock,0.3333333333333333,0.3333333333333333,0.3333333333333333,-2.0810753157728867,0.388402732257853,0.0,0.0,none
inventory,random,13,105,0.0,7.939334288912077,1.4170417927904142,0.30733487781658686,0,low_restock,0.3333333333333333,0.3333333333333333,0.3333333333333333,-1.7405389971619212,0.030363814541456462,0.0,0.0,none
inventory,random,13,106,0.0,7.949338455402378,1.4173055061265118,0.2786676780646288,1,balanced_restock,0.3333333333333333,0.3333333333333333,0.3333333333333333,-1.9286254899646473,1.1042762768984602,0.0,0.0,none
inventory,random,13,107,0.0,8.840267569170129,2.0697388933606993,0.2801116946365442,1,balanced_restock,0.3333333333333333,0.3333333333333333,0.3333333333333333,-2.4489972601627934,0.9281344167594727,0.0,0.0,none
inventory,random,13,108,0.0,7.960562385531776,2.350661485817496,0.37303522502907027,0,low_restock,0.3333333333333333,0.3333333333333333,0.3333333333333333,-2.074992426950598,0.6369174899927664,0.0,0.0,none
inventory,random,13,109,0.0,8.517925314469705,2.044376867930829,0.3383915048126067,0,low_restock,0.3333333333333333,0.3333333333333333,0.3333333333333333,-1.7486434723068607,0.28647505086953856,0.0,0.0,none
inventory,random,13,110,0.0,8.781079608665065,2.1414418473063335,0.28011490576908227,2,high_restock,0.3333333333333333,0.3333333333333333,0.3333333333333333,-2.4064432309018793,1.5147163322577406,0.0,0.0,none
inventory,random,13,111,0.0,10.035239415650105,2.989156887798863,0.3332934340896213,1,balanced_restock,0.3333333333333333,0.3333333333333333,0.3333333333333333,-2.2979591968942867,0.17953019247741758,0.0,0.0,none
inventory,random,13,112,0.0,9.876665732675901,2.9059560098544837,0.3460641423025512,0,low_restock,0.3333333333333333,0.3333333333333333,0.3333333333333333,-1.6981060481111574,1.521936500371274,0.0,0.0,none
inventory,random,13,113,0.0,11.027228030129091,1.9125396602463915,0.27109036573413525,2,high_restock,0.3333333333333333,0.3333333333333333,0.3333333333333333,-2.433518014333232,1.045166487508753,0.0,0.0,none
inventory,random,13,114,0.0,12.003686031543415,1.545921760241854,0.33812821684521993,0,low_restock,0.3333333333333333,0.3333333333333333,0.3333333333333333,-1.6877515903506761,0.23258476586757101,0.0,0.0,none
inventory,random,13,115,0.0,12.152229704890463,1.3807398885210491,0.26924135541976363,0,low_restock,0.3333333333333333,0.3333333333333333,0.3333333333333333,-1.4326006992331164,1.020911797799935,0.0,0.0,none
inventory,random,13,116,0.0,11.134606329171907,1.3127133630222363,0.22367869629162795,1,balanced_restock,0.3333333333333333,0.3333333333333333,0.3333333333333333,-1.5000892748478742,0.540070343013473,0.0,0.0,none
inventory,random,13,117,0.0,11.594674805116032,1.5948645839542375,0.20358737050854897,2,high_restock,0.3333333333333333,0.3333333333333333,0.3333333333333333,-1.7521026685848529,1.599707466854689,0.0,0.0,none
inventory,random,13,118,0.0,12.765008448815761,2.6853772039202504,0.216446905104438,2,high_restock,0.3333333333333333,0.3333333333333333,0.3333333333333333,-1.9045425157577383,0.6455303258408093,0.0,0.0,none
inventory,random,13,119,0.0,13.322438746438735,3.0097841400119596,0.24366830638531037,1,balanced_restock,0.3333333333333333,0.3333333333333333,0.3333333333333333,-1.6793980566621736,0.41034923301855,0.0,0.0,none
inventory,random,13,120,0.0,13.670883834221257,2.7932026867738076,0.235606795832531,1,balanced_restock,0.3333333333333333,0.3333333333333333,0.3333333333333333,-1.342500698592345,1.743512402719541,0.0,0.0,none
inventory,random,13,121,0.0,15.07525000160193,1.7617125454858604,0.17544655332006162,0,low_restock,0.3333333333333333,0.3333333333333333,0.3333333333333333,-0.22674614537956728,0.8745263760678902,0.0,0.0,none
inventory,random,13,122,0.0,15.933357823670766,1.7846311666976467,0.008347525960637014,2,high_restock,0.3333333333333333,0.3333333333333333,0.3333333333333333,-0.9821838404656345,0.8344239089409659,0.0,0.0,none
inventory,random,13,123,0.0,15.124797070298047,1.9782969837616622,0.078961400083149,1,balanced_restock,0.3333333333333333,0.3333333333333333,0.3333333333333333,-0.5066170786986274,0.10135559184204744,0.0,0.0,none
inventory,random,13,124,0.0,15.04481359264778,1.9452834374319539,0.02618162119618346,0,low_restock,0.3333333333333333,0.3333333333333333,0.3333333333333333,-2.252440044416514,5.931925250596246,0.0,0.0,none
inventory,random,13,125,5.921257269761469,15.282746595607728,1.6823158866347228,0.0,2,high_restock,0.3333333333333333,0.3333333333333333,0.3333333333333333,-0.7580878248184988,5.347736143871575,0.0,0.0,none
inventory,random,13,126,0.6231080709099963,14.58087336066286,1.8701213531365033,0.0,2,high_restock,0.3333333333333333,0.3333333333333333,0.3333333333333333,-0.9054474915461507,1.388916984394486,0.0,0.0,none
inventory,random,13,127,0.0,13.603246634583542,1.1080097886873277,0.06525848063324118,2,high_restock,0.3333333333333333,0.3333333333333333,0.3333333333333333,-1.3987780857454906,0.3336937648637734,0.0,0.0,none
inventory,random,13,128,0.0,13.35851438680036,1.3170479928723307,0.15335322959740902,1,balanced_restock,0.3333333333333333,0.3333333333333333,0.3333333333333333,-1.1675202469373018,0.9337032095454028,0.0,0.0,none
inventory,random,13,129,0.0,12.747742079403313,0.6108786851086407,0.14420004409594678,1,balanced_restock,0.3333333333333333,0.3333333333333333,0.3333333333333333,-1.3499384044969736,0.9784094292592362,0.0,0.0,none
inventory,random,13,130,0.0,11.940902534805273,1.1633584144616038,0.17677471508874526,1,balanced_restock,0.3333333333333333,0.3333333333333333,0.3333333333333333,-1.3389360289055412,0.1247633075212864,0.0,0.0,none
inventory,random,13,131,0.0,11.82803831355415,1.110220006695366,0.17481000516170378,0,low_restock,0.3333333333333333,0.3333333333333333,0.3333333333333333,-0.9056929118043058,0.7811805663514126,0.0,0.0,none
inventory,random,13,132,0.0,11.099386449354613,1.3881849507054493,0.12958801996505462,0,low_restock,0.3333333333333333,0.3333333333333333,0.3333333333333333,-0.2626035455491913,0.6354586955868109,0.0,0.0,none
inventory,random,13,133,0.0,11.540436350490747,1.8310112293864493,0.014750633133784165,2,high_restock,0.3333333333333333,0.3333333333333333,0.3333333333333333,-1.0806341724221271,0.11634948597652042,0.0,0.0,none
inventory,random,13,134,0.0,11.467215186287937,1.7924616986150717,0.09654181650395124,2,high_restock,0.3333333333333333,0.3333333333333333,0.3333333333333333,-1.958543927087501,0.9040430181661105,0.0,0.0,none
inventory,random,13,135,0.0,10.928486193523682,2.501325679830525,0.25331141555133946,2,high_restock,0.3333333333333333,0.3333333333333333,0.3333333333333333,-2.3802009303440816,0.15566701740839092,0.0,0.0,none
inventory,random,13,136,0.0,11.046837746403648,2.568821299473554,0.32860730899001456,2,high_restock,0.3333333333333333,0.3333333333333333,0.3333333333333333,-3.2083988918536104,0.4380264853065567,0.0,0.0,none
inventory,random,13,137,0.0,10.74323504987674,2.847784406296613,0.4764998021167161,1,balanced_restock,0.3333333333333333,0.3333333333333333,0.3333333333333333,-3.219792766839001,1.028946618133135,0.0,0.0,none
inventory,random,13,138,0.0,9.857026946775473,2.3260581936285316,0.5106772797926789,0,low_restock,0.3333333333333333,0.3333333333333333,0.3333333333333333,-2.7279233893388426,0.5767804046865903,0.0,0.0,none
inventory,random,13,139,0.0,9.381776957708208,2.004015339234226,0.4549863195247933,2,high_restock,0.3333333333333333,0.3333333333333333,0.3333333333333333,-3.8963824683871406,0.2902080109379615,0.0,0.0,none
inventory,random,13,140,0.0,9.5554036467509,1.8217176931363794,0.5993540122119894,0,low_restock,0.3333333333333333,0.3333333333333333,0.3333333333333333,-3.42489936191052,1.3178345843850428,0.0,0.0,none
inventory,random,13,141,0.0,8.488253921083903,1.048747358397063,0.5794463146268786,1,balanced_restock,0.3333333333333333,0.3333333333333333,0.3333333333333333,-3.8860638619364,0.19413523149630896,0.0,0.0,none
inventory,random,13,142,0.0,8.655837574793026,0.9645846039709637,0.6296542610600714,1,balanced_restock,0.3333333333333333,0.3333333333333333,0.3333333333333333,-4.357076455418849,0.758536091255418,0.0,0.0,none
inventory,random,13,143,0.0,7.956790778550383,1.2467834498738644,0.7137636527533657,0,low_restock,0.3333333333333333,0.3333333333333333,0.3333333333333333,-3.695610843813764,0.851236718196316,0.0,0.0,none
inventory,random,13,144,0.0,8.380781363812698,1.9798892137866926,0.6277876506810293,2,high_restock,0.3333333333333333,0.3333333333333333,0.3333333333333333,-5.0013115797851,0.42869266456123256,0.0,0.0,none
inventory,random,13,145,0.0,8.037677221505101,2.1736368283957224,0.796662782104482,0,low_restock,0.3333333333333333,0.3333333333333333,0.3333333333333333,-4.151707541855703,1.0671586210018886,0.0,0.0,none
inventory,random,13,146,0.0,8.982979550137042,2.6610659500912117,0.7092334896170897,0,low_restock,0.3333333333333333,0.3333333333333333,0.3333333333333333,-4.024077997819543,0.18815159612702512,0.0,0.0,none
inventory,random,13,147,0.0,8.804964660292143,2.7175663296756105,0.6864424996106326,2,high_restock,0.3333333333333333,0.3333333333333333,0.3333333333333333,-5.131857703020145,0.6224976328264316,0.0,0.0,none
inventory,random,13,148,0.0,9.313046880996756,2.383612828778623,0.8199745898250259,0,low_restock,0.3333333333333333,0.3333333333333333,0.3333333333333333,-4.471169970993194,0.5867470369324363,0.0,0.0,none
inventory,random,13,149,0.0,8.861102182051422,2.0132953929689807,0.7662803519630704,1,balanced_restock,0.3333333333333333,0.3333333333333333,0.3333333333333333,-5.0205992422543195,0.37732297827495126,0.0,0.0,none
inventory,random,13,150,0.0,9.101780843826951,1.730285790497582,0.8322498646882712,1,balanced_restock,0.3333333333333333,0.3333333333333333,0.3333333333333333,-5.2902684440977925,1.1215430282098418,0.0,0.0,none
inventory,random,13,151,0.0,8.403597744394771,0.853883942542679,0.8804050793031772,1,balanced_restock,0.3333333333333333,0.3333333333333333,0.3333333333333333,-5.3710712797084454,0.7689594150648085,0.0,0.0,none
inventory,random,13,152,0.0,9.082516795277739,1.2146599202340735,0.8948341570907938,2,high_restock,0.3333333333333333,0.3333333333333333,0.3333333333333333,-6.02045466150508,0.8401581646249847,0.0,0.0,none
inventory,random,13,153,0.0,9.778507603787657,1.6777333503134053,0.9786526181259071,2,high_restock,0.3333333333333333,0.3333333333333333,0.3333333333333333,-6.173357334895522,1.8519046254067122,0.0,0.0,none
inventory,random,13,154,0.0,11.044531590244176,3.029131994905977,1.0,0,low_restock,0.3333333333333333,0.3333333333333333,0.3333333333333333,-4.864354008770519,2.0326336650438814,0.0,0.0,none
inventory,random,13,155,0.0,13.057219746470688,3.2614056835332206,0.8364917872804499,0,low_restock,0.3333333333333333,0.3333333333333333,0.3333333333333333,-4.521744788947413,0.5282566952855408,0.0,0.0,none
inventory,random,13,156,0.0,13.38791580063714,2.8540333270587572,0.7753115694548952,1,balanced_restock,0.3333333333333333,0.3333333333333333,0.3333333333333333,-4.496297216218087,0.7601397355918562,0.0,0.0,none
inventory,random,13,157,0.0,14.10354182148709,2.6003684397459206,0.7386245028960869,2,high_restock,0.3333333333333333,0.3333333333333333,0.3333333333333333,-5.18727423690163,0.16274321888728807,0.0,0.0,none
inventory,random,13,158,0.0,13.999557724269817,2.686082202831995,0.8298703994467197,0,low_restock,0.3333333333333333,0.3333333333333333,0.3333333333333333,-3.929184556879858,0.3471334674154757,0.0,0.0,none
inventory,random,13,159,0.0,14.227038607800353,2.8935298885140566,0.6694972422999746,2,high_restock,0.3333333333333333,0.3333333333333333,0.3333333333333333,-4.647601756370141,0.9269182081049243,0.0,0.0,none
inventory,random,13,160,0.0,13.441880631000947,2.4050547890012277,0.733500313637525,1,balanced_restock,0.3333333333333333,0.3333333333333333,0.3333333333333333,-3.9763103966106046,1.5741861964857133,0.0,0.0,none
inventory,random,13,161,0.0,15.01358598084202,2.394671325307411,0.6457697136804651,2,high_restock,0.3333333333333333,0.3333333333333333,0.3333333333333333,-4.369271362758731,0.15885247475824507,0.0,0.0,none
inventory,random,13,162,0.0,15.167564633648391,2.3858114240688395,0.6837984576354876,0,low_restock,0.3333333333333333,0.3333333333333333,0.3333333333333333,-3.539334207576531,0.1252267509245887,0.0,0.0,none
inventory,random,13,163,0.0,15.21985007331275,2.3089618927781226,0.599881108495809,0,low_restock,0.3333333333333333,0.3333333333333333,0.3333333333333333,-3.1614551828403106,1.3395267001893976,0.0,0.0,none
inventory,random,13,164,0.0,13.91932343509887,2.622663836855115,0.532402711221484,2,high_restock,0.3333333333333333,0.3333333333333333,0.3333333333333333,-3.9687018349144525,0.24630115621039725,0.0,0.0,none
inventory,random,13,165,0.0,13.697249803639219,2.693155452597687,0.6122681848061522,2,high_restock,0.3333333333333333,0.3333333333333333,0.3333333333333333,-4.045329114089447,0.413077108911034,0.0,0.0,none
inventory,random,13,166,0.0,13.477453206302892,2.34367738876352,0.6259516275159727,2,high_restock,0.3333333333333333,0.3333333333333333,0.3333333333333333,-4.612460557875097,0.8918524050485561,0.0,0.0,none
inventory,random,13,167,0.0,12.592027012209083,2.309547474445871,0.727225099620553,2,high_restock,0.3333333333333333,0.3333333333333333,0.3333333333333333,-5.0035066191064415,0.2583196982519074,0.0,0.0,none
inventory,random,13,168,0.0,12.839568971175222,2.285550297371292,0.7970547534118645,0,low_restock,0.3333333333333333,0.3333333333333333,0.3333333333333333,-4.180631630318593,0.2802955196865749,0.0,0.0,none
inventory,random,13,169,0.0,13.052058881304294,2.122511770891729,0.7143985054140345,1,balanced_restock,0.3333333333333333,0.3333333333333333,0.3333333333333333,-4.434058821660108,0.3013393512076945,0.0,0.0,none
inventory,random,13,170,0.0,12.786607533135864,2.2645295931478944,0.7275105038678764,0,low_restock,0.3333333333333333,0.3333333333333333,0.3333333333333333,-3.595067972564123,1.1480303936268892,0.0,0.0,none
inventory,random,13,171,0.0,12.225652853813312,1.2698156790721653,0.6098335665293076,1,balanced_restock,0.3333333333333333,0.3333333333333333,0.3333333333333333,-4.011965899242522,0.6318363466537571,0.0,0.0,none
inventory,random,13,172,0.0,11.851236646581437,1.7770041173115692,0.6521367677218789,1,balanced_restock,0.3333333333333333,0.3333333333333333,0.3333333333333333,-3.963968926769112,0.11996604991065404,0.0,0.0,none
inventory,random,13,173,0.0,11.748844230843327,1.7150833113545194,0.6435658797801985,0,low_restock,0.3333333333333333,0.3333333333333333,0.3333333333333333,-3.324634102095771,0.0825002351118312,0.0,0.0,none
inventory,random,13,174,0.0,11.739993820557057,1.7149832375608622,0.5615418039456733,0,low_restock,0.3333333333333333,0.3333333333333333,0.3333333333333333,-2.7252848409185138,0.5007690388484596,0.0,0.0,none
inventory,random,13,175,0.0,12.221934951853985,1.7989336491962404,0.4545151501640203,2,high_restock,0.3333333333333333,0.3333333333333333,0.3333333333333333,-3.7394005915843365,0.8994902403763205,0.0,0.0,none
inventory,random,13,176,0.0,11.339168452449465,1.671802737506375,0.5713215342114887,1,balanced_restock,0.3333333333333333,0.3333333333333333,0.3333333333333333,-3.4995630933284008,0.8493927195991912,0.0,0.0,none
inventory,random,13,177,0.0,12.081007014785303,1.2582457709381838,0.5606362666657858,2,high_restock,0.3333333333333333,0.3333333333333333,0.3333333333333333,-4.423469326193796,0.9534057824920794,0.0,0.0,none
inventory,random,13,178,0.0,11.30124900143829,1.7905177457563026,0.6934766653917493,2,high_restock,0.3333333333333333,0.3333333333333333,0.3333333333333333,-5.092761544300564,0.44782396858501433,0.0,0.0,none
inventory,random,13,179,0.0,10.879681394488019,1.8829454126164906,0.812993132910815,2,high_restock,0.3333333333333333,0.3333333333333333,0.3333333333333333,-5.735559327924902,0.8853379621012166,0.0,0.0,none
inventory,random,13,180,0.0,10.174313782484031,1.3603517179270284,0.9277784514151609,2,high_restock,0.3333333333333333,0.3333333333333333,0.3333333333333333,-6.235307321249185,0.40900978225222845,0.0,0.0,none
inventory,random,13,181,0.0,10.560233175837878,1.4749783803203038,1.0,0,low_restock,0.3333333333333333,0.3333333333333333,0.3333333333333333,-5.273251215441177,0.1702664673998061,0.0,0.0,none
inventory,random,13,182,0.0,10.477511391595097,1.3568293997699765,0.9095091456144958,1,balanced_restock,0.3333333333333333,0.3333333333333333,0.3333333333333333,-5.911377130022771,0.911125675295207,0.0,0.0,none
inventory,random,13,183,0.0,9.991962187304598,2.1234449389850907,0.9913173446469234,0,low_restock,0.3333333333333333,0.3333333333333333,0.3333333333333333,-5.673944250064609,0.6983177739251117,0.0,0.0,none
inventory,random,13,184,0.0,9.408774932466923,2.507417797760309,0.981061473225823,0,low_restock,0.3333333333333333,0.3333333333333333,0.3333333333333333,-5.335743156884817,0.08120278012458247,0.0,0.0,none
inventory,random,13,185,0.0,9.461272124477246,2.521224157107213,0.9206684208722888,1,balanced_restock,0.3333333333333333,0.3333333333333333,0.3333333333333333,-5.447838712587974,0.31579041324685325,0.0,0.0,none
inventory,random,13,186,0.0,9.680403218530063,2.7482882754676687,0.9085426272478525,0,low_restock,0.3333333333333333,0.3333333333333333,0.3333333333333333,-4.863306390403408,0.33673190794386376,0.0,0.0,none
inventory,random,13,187,0.0,9.42486206259442,2.541240505294022,0.8363047125720372,0,low_restock,0.3333333333333333,0.3333333333333333,0.3333333333333333,-4.570822924769284,0.8641436226674716,0.0,0.0,none
inventory,random,13,188,0.0,10.101385513133717,2.0061402033423916,0.7840755222802294,1,balanced_restock,0.3333333333333333,0.3333333333333333,0.3333333333333333,-4.47503313341559,1.7490156166200057,0.0,0.0,none
inventory,random,13,189,0.0,11.847277791622549,2.0982835490229594,0.7348273452527838,2,high_restock,0.3333333333333333,0.3333333333333333,0.3333333333333333,-5.244254005314063,0.14488300729596834,0.0,0.0,none
inventory,random,13,190,0.0,11.928722878926887,2.0409515916926746,0.8400453580917968,1,balanced_restock,0.3333333333333333,0.3333333333333333,0.3333333333333333,-5.269098804944354,0.6977075811958157,0.0,0.0,none
inventory,random,13,191,0.0,11.246849769109051,2.1841538136575815,0.876624786597206,0,low_restock,0.3333333333333333,0.3333333333333333,0.3333333333333333,-4.798470371062121,0.3052389999424994,0.0,0.0,none
inventory,random,13,192,0.0,10.962090048353218,2.281052487038313,0.8247268519753786,1,balanced_restock,0.3333333333333333,0.3333333333333333,0.3333333333333333,-5.146668218499517,0.06243330460499837,0.0,0.0,none
inventory,random,13,193,0.0,11.010386765674417,2.2552993595054707,0.8547621818749137,0,low_restock,0.3333333333333333,0.3333333333333333,0.3333333333333333,-4.177706781161604,0.23109433299380808,0.0,0.0,none
inventory,random,13,194,0.0,11.093315880634963,2.4186348909194533,0.7138762109217152,2,high_restock,0.3333333333333333,0.3333333333333333,0.3333333333333333,-5.0785613023598515,0.1551338608575661,0.0,0.0,none
inventory,random,13,195,0.0,11.21423175738553,2.4077746792225883,0.810457375421402,0,low_restock,0.3333333333333333,0.3333333333333333,0.3333333333333333,-3.888104743623057,1.490249964459305,0.0,0.0,none
inventory,random,13,196,0.0,12.602485153303245,2.9289328287569987,0.6621615613612601,0,low_restock,0.3333333333333333,0.3333333333333333,0.3333333333333333,-2.9458335242963347,1.6452186630007302,0.0,0.0,none
inventory,random,13,197,0.0,14.231592116914467,3.0852741477329007,0.4938988436243455,2,high_restock,0.3333333333333333,0.3333333333333333,0.3333333333333333,-3.228889744761685,1.8676493250114654,0.0,0.0,none
inventory,random,13,198,0.0,16.044446184344583,2.6364029580807706,0.480158882993158,2,high_restock,0.3333333333333333,0.3333333333333333,0.3333333333333333,-3.2711103115049083,0.32693084769676806,0.0,0.0,none
inventory,random,13,199,0.0,16.366491174141743,2.6922058376405995,0.48769826991159076,0,low_restock,0.3333333333333333,0.3333333333333333,0.3333333333333333,-2.2434020247954147,1.300706611983018,0.0,0.0,none
inventory,random,13,200,0.0,16.987898193911093,1.5557753076595404,0.3684646472848955,0,low_restock,0.3333333333333333,0.3333333333333333,0.3333333333333333,-0.8595102679572955,1.9433300880278435,1.0,1.0,inventory_demand_spike
inventory,random,13,201,0.0,18.371486189164404,2.897843134682712,0.12134111927808848,1,balanced_restock,0.3333333333333333,0.3333333333333333,0.3333333333333333,-1.8596933234437238,4.602338309241378,1.0,0.0,inventory_demand_spike
inventory,random,13,202,4.2848380669820685,19.77155142413725,3.818046548632545,0.0,1,balanced_restock,0.3333333333333333,0.3333333333333333,0.3333333333333333,-5.906037760484079,11.600013712757246,1.0,0.0,inventory_demand_spike
inventory,random,13,203,15.845822172811655,20.691388796466544,4.058595606785208,0.0,0,low_restock,0.3333333333333333,0.3333333333333333,0.3333333333333333,-10.559896646473481,13.821627270642708,1.0,0.0,inventory_demand_spike
inventory,random,13,204,29.656847561352805,21.159145291032832,3.786268620540718,0.0,2,high_restock,0.3333333333333333,0.3333333333333333,0.3333333333333333,-12.73405243647559,5.875376809596091,1.0,0.0,inventory_demand_spike
inventory,random,13,205,34.840149818501686,22.926535025688874,1.6579444225841913,0.0,0,low_restock,0.3333333333333333,0.3333333333333333,0.3333333333333333,-16.40543754235859,11.62200363109677,1.0,0.0,inventory_demand_spike
inventory,random,13,206,46.35839297816741,21.770454265526723,2.6897003006984037,0.0,2,high_restock,0.3333333333333333,0.3333333333333333,0.3333333333333333,-16.987553862719324,1.4080963455853557,1.0,0.0,inventory_demand_spike
inventory,random,13,207,46.99301103634093,20.54163459387177,2.4251299825508217,0.0,1,balanced_restock,0.3333333333333333,0.3333333333333333,0.3333333333333333,-20.882110235184577,11.641618325219648,1.0,0.0,inventory_demand_spike
inventory,random,13,208,58.63460067195594,20.557755699828856,2.445331367995665,0.0,1,balanced_restock,0.3333333333333333,0.3333333333333333,0.3333333333333333,-23.31217169761574,6.945623587343933,1.0,0.0,inventory_demand_spike
inventory,random,13,209,65.57763342175926,20.38415717208129,2.521795760956087,0.0,0,low_restock,0.3333333333333333,0.3333333333333333,0.3333333333333333,-26.920955892891577,10.900337967069591,1.0,0.0,inventory_demand_spike
inventory,random,13,210,76.40273112254737,19.112516260809137,2.3892930911346464,0.0,2,high_restock,0.3333333333333333,0.3333333333333333,0.3333333333333333,-28.153879279706793,2.566157667958211,1.0,0.0,inventory_demand_spike
inventory,random,13,211,78.89679794201942,19.707680992770403,2.2864591538437122,0.0,2,high_restock,0.3333333333333333,0.3333333333333333,0.3333333333333333,-27.938621486626445,0.6842832133566582,1.0,0.0,inventory_demand_spike
inventory,random,13,212,78.28177567607557,19.457752927946927,2.452372055357124,0.0,0,low_restock,0.3333333333333333,0.3333333333333333,0.3333333333333333,-30.178590644669768,7.704650897890613,1.0,0.0,inventory_demand_spike
inventory,random,13,213,85.71025898477077,17.415131662562963,2.368828312296599,0.0,1,balanced_restock,0.3333333333333333,0.3333333333333333,0.3333333333333333,-30.816062266781685,1.7560437415578083,1.0,0.0,inventory_demand_spike
inventory,random,13,214,87.0173207622334,16.287937468094828,2.6924212357636175,0.0,1,balanced_restock,0.3333333333333333,0.3333333333333333,0.3333333333333333,-31.826243799145328,2.9123654432237256,1.0,0.0,inventory_demand_spike
inventory,random,13,215,89.9035537118438,15.900164517859286,2.726538306748508,0.0,1,balanced_restock,0.3333333333333333,0.3333333333333333,0.3333333333333333,-32.976063024627216,3.6634165421407054,1.0,0.0,inventory_demand_spike
inventory,random,13,216,93.1887514989349,14.858390711383098,1.4844418543495932,0.0,2,high_restock,0.3333333333333333,0.3333333333333333,0.3333333333333333,-33.86401102961186,2.3008939717877586,1.0,0.0,inventory_demand_spike
inventory,random,13,217,95.21146008460532,15.38593688170595,2.4459292879867305,0.0,1,balanced_restock,0.3333333333333333,0.3333333333333333,0.3333333333333333,-34.552227612956486,2.493238581013532,1.0,0.0,inventory_demand_spike
inventory,random,13,218,97.6920788941614,15.596363981878127,2.3099536319151786,0.0,1,balanced_restock,0.3333333333333333,0.3333333333333333,0.3333333333333333,-37.12946727142069,7.46282318555007,1.0,0.0,inventory_demand_spike
inventory,random,13,219,105.05562077548768,16.80766000265086,2.3788216999699787,0.0,2,high_restock,0.3333333333333333,0.3333333333333333,0.3333333333333333,-37.84604532638158,1.7929496388042114,1.0,0.0,inventory_demand_spike
inventory,random,13,220,106.5887009325188,17.737029444135004,2.354202994865311,0.0,0,low_restock,0.3333333333333333,0.3333333333333333,0.3333333333333333,-41.07476785157741,10.256839299186522,1.0,0.0,inventory_demand_spike
inventory,random,13,221,116.84219386164976,17.930688472542975,2.177762233376828,0.0,1,balanced_restock,0.3333333333333333,0.3333333333333333,0.3333333333333333,-44.461172564567356,9.167443559214993,1.0,0.0,inventory_demand_spike
inventory,random,13,222,126.00335018447817,18.15837801997457,2.4295433090835052,0.0,0,low_restock,0.3333333333333333,0.3333333333333333,0.3333333333333333,-49.063612297082024,13.728165358872538,1.0,0.0,inventory_demand_spike
inventory,random,13,223,139.66746370594865,19.19507696235745,1.6050549248247128,0.0,0,low_restock,0.3333333333333333,0.3333333333333333,0.3333333333333333,-53.21092185839074,11.853597648467366,1.0,0.0,inventory_demand_spike
inventory,random,13,224,151.51691959540213,18.89225976398289,1.6855165928155842,0.0,1,balanced_restock,0.3333333333333333,0.3333333333333333,0.3333333333333333,-54.97243089326942,4.562650235223741,1.0,0.0,inventory_demand_spike
inventory,random,13,225,156.03551683791264,18.289363181078766,1.876754244145569,0.0,1,balanced_restock,0.3333333333333333,0.3333333333333333,0.3333333333333333,-57.28074807813658,6.618509984810169,1.0,0.0,inventory_demand_spike
inventory,random,13,226,162.63070879467597,18.757702986605246,1.5788024040176658,0.0,0,low_restock,0.3333333333333333,0.3333333333333333,0.3333333333333333,-62.91742197619059,16.62852474469046,1.0,0.0,inventory_demand_spike
inventory,random,13,227,179.24977707483026,19.049285378070422,2.0577433120007975,0.0,2,high_restock,0.3333333333333333,0.3333333333333333,0.3333333333333333,-64.04565877689377,2.1979344941718644,1.0,0.0,inventory_demand_spike
inventory,random,13,228,181.44473936255366,19.15545513132101,2.099987597262843,0.0,2,high_restock,0.3333333333333333,0.3333333333333333,0.3333333333333333,-64.02478202128933,0.06332293341838904,1.0,0.0,inventory_demand_spike
inventory,random,13,229,181.38509148939806,19.173634378799193,2.0889676115164626,0.0,2,high_restock,0.3333333333333333,0.3333333333333333,0.3333333333333333,-64.67462006892829,2.0296762981920007,1.0,0.0,inventory_demand_spike
inventory,random,13,230,183.24177162550941,19.841250957519357,1.612928903605117,0.0,1,balanced_restock,0.3333333333333333,0.3333333333333333,0.3333333333333333,-67.6748910381869,9.100482399147285,1.0,0.0,inventory_demand_spike
inventory,random,13,231,192.32826010910546,20.339510262885902,1.533906126624882,0.0,1,balanced_restock,0.3333333333333333,0.3333333333333333,0.3333333333333333,-70.18777599936783,7.2285429103177625,1.0,0.0,inventory_demand_spike
inventory,random,13,232,199.50793142676523,19.65163087038699,1.0533082510010088,0.0,0,low_restock,0.3333333333333333,0.3333333333333333,0.3333333333333333,-75.80167333498468,16.56925079929283,1.0,0.0,inventory_demand_spike
inventory,random,13,233,216.06192381424196,20.12343689033766,1.5851044194402004,0.0,1,balanced_restock,0.3333333333333333,0.3333333333333333,0.3333333333333333,-78.25392690032079,6.4946673210310975,1.0,0.0,inventory_demand_spike
inventory,random,13,234,222.55407685805943,20.23379707373227,1.442020190952348,0.0,1,balanced_restock,0.3333333333333333,0.3333333333333333,0.3333333333333333,-82.79036493745056,13.032412658677945,1.0,0.0,inventory_demand_spike
inventory,random,13,235,235.5153283927159,21.254711353441298,2.340614868724621,0.0,1,balanced_restock,0.3333333333333333,0.3333333333333333,0.3333333333333333,-85.56017753117546,7.917476043685784,1.0,0.0,inventory_demand_spike
inventory,random,13,236,243.42907866050132,21.02016371027917,2.4036307758561324,0.0,1,balanced_restock,0.3333333333333333,0.3333333333333333,0.3333333333333333,-88.12112410180492,7.317070429884717,1.0,0.0,inventory_demand_spike
inventory,random,13,237,250.7460688622998,21.04762748710691,2.3831416655635937,0.0,1,balanced_restock,0.3333333333333333,0.3333333333333333,0.3333333333333333,-92.01728801064516,11.132805031866246,1.0,0.0,inventory_demand_spike
inventory,random,13,238,261.8779657447005,21.1632083860917,2.465971207000093,0.0,0,low_restock,0.3333333333333333,0.3333333333333333,0.3333333333333333,-96.99109115008036,14.735992222582928,1.0,0.0,inventory_demand_spike
inventory,random,13,239,276.6031175716582,21.609808142719743,2.1196778134034844,0.0,0,low_restock,0.3333333333333333,0.3333333333333333,0.3333333333333333,-103.68229222608413,19.117807876537857,1.0,0.0,inventory_demand_spike
inventory,random,13,240,295.72083493166895,21.64110130779061,2.169494324476247,0.0,0,low_restock,0.3333333333333333,0.3333333333333333,0.3333333333333333,-109.18107539187324,15.715883527600086,1.0,0.0,inventory_demand_spike
inventory,random,13,241,311.43164397678066,22.00051306325587,1.9954328664766225,0.0,2,high_restock,0.3333333333333333,0.3333333333333333,0.3333333333333333,-110.78131472990532,3.5997884649620624,1.0,0.0,inventory_demand_spike
inventory,random,13,242,314.9751849425866,22.445823216057367,1.5443305677230064,0.0,0,low_restock,0.3333333333333333,0.3333333333333333,0.3333333333333333,-116.59315261766011,17.634199132530338,1.0,0.0,inventory_demand_spike
inventory,random,13,243,332.6090074790289,22.546208346865683,1.6009399707151108,0.0,0,low_restock,0.3333333333333333,0.3333333333333333,0.3333333333333333,-120.86905305555537,12.24846082931063,1.0,0.0,inventory_demand_spike
inventory,random,13,244,344.82586587301535,22.04454966027144,2.3230910841284307,0.0,0,low_restock,0.3333333333333333,0.3333333333333333,0.3333333333333333,-126.46284268337469,16.004285698939825,1.0,0.0,inventory_demand_spike
inventory,random,13,245,360.8081219524991,21.41745740416603,1.7650528726887593,0.0,1,balanced_restock,0.3333333333333333,0.3333333333333333,0.3333333333333333,-129.6928917168656,8.716712024080088,1.0,0.0,inventory_demand_spike
inventory,random,13,246,369.5225477624731,21.218180757138487,1.7768905731005602,0.0,2,high_restock,0.3333333333333333,0.3333333333333333,0.3333333333333333,-130.03097105455612,0.8199029011323118,1.0,0.0,inventory_demand_spike
inventory,random,13,247,369.97420301301753,20.599803614086174,2.069905949644667,0.0,0,low_restock,0.3333333333333333,0.3333333333333333,0.3333333333333333,-135.34587203273463,16.220748229591916,1.0,0.0,inventory_demand_spike
inventory,random,13,248,386.18820580781323,20.31583966575686,1.6982192883079992,0.0,2,high_restock,0.3333333333333333,0.3333333333333333,0.3333333333333333,-134.3959610128079,4.025808630750153,1.0,0.0,inventory_demand_spike
inventory,random,13,249,382.4456028937369,19.52394740414431,2.9523983843577044,0.0,1,balanced_restock,0.3333333333333333,0.3333333333333333,0.3333333333333333,-137.21214027097372,8.56729579386336,1.0,0.0,inventory_demand_spike
inventory,random,13,250,391.00611505992487,19.239598621485147,2.7644238065626823,0.0,0,low_restock,0.3333333333333333,0.3333333333333333,0.3333333333333333,-139.98673624745788,8.545499370256875,1.0,0.0,inventory_demand_spike
inventory,random,13,251,399.44781784987964,17.9850540174813,3.19954600743879,0.0,2,high_restock,0.3333333333333333,0.3333333333333333,0.3333333333333333,-140.94365694502946,1.7254555988093354,1.0,0.0,inventory_demand_spike
inventory,random,13,252,401.1533055572271,18.23582050884191,3.274545143166343,0.0,0,low_restock,0.3333333333333333,0.3333333333333333,0.3333333333333333,-143.37679173274893,8.156666743996064,1.0,0.0,inventory_demand_spike
inventory,random,13,253,409.13369066499695,16.589096971436746,2.909898059464323,0.0,1,balanced_restock,0.3333333333333333,0.3333333333333333,0.3333333333333333,-143.9131369713178,1.0731550368632319,1.0,0.0,inventory_demand_spike
inventory,random,13,254,410.1518199180509,16.341243404862787,3.141508004754553,0.0,2,high_restock,0.3333333333333333,0.3333333333333333,0.3333333333333333,-143.57325767163417,1.8553794027572807,1.0,0.0,inventory_demand_spike
inventory,random,13,255,408.6664504903834,15.53206708609171,2.3790487752433367,0.0,0,low_restock,0.3333333333333333,0.3333333333333333,0.3333333333333333,-148.08475836485988,13.969245084780995,1.0,0.0,inventory_demand_spike
inventory,random,13,256,422.58502389959966,16.62744120994401,2.8408691079819075,0.0,2,high_restock,0.3333333333333333,0.3333333333333333,0.3333333333333333,-147.27450494597684,3.5161588043858125,1.0,0.0,inventory_demand_spike
inventory,random,13,257,419.24144270279106,15.617627429112805,2.4357596831949424,0.0,0,low_restock,0.3333333333333333,0.3333333333333333,0.3333333333333333,-150.64369554493425,10.669015538068379,1.0,0.0,inventory_demand_spike
inventory,random,13,258,429.8962729855264,16.152516464105908,2.307783443626234,0.0,1,balanced_restock,0.3333333333333333,0.3333333333333333,0.3333333333333333,-152.87785789144232,5.976228267063078,1.0,0.0,inventory_demand_spike
inventory,random,13,259,435.7653082612638,17.122697668642594,1.7346537353070814,0.0,0,low_restock,0.3333333333333333,0.3333333333333333,0.3333333333333333,-155.94056159607118,9.269500115435152,1.0,0.0,inventory_demand_spike
inventory,random,13,260,445.0301759887748,16.87274509967829,1.8875657853417878,0.0,2,high_restock,0.3333333333333333,0.3333333333333333,0.3333333333333333,-156.27598019028136,0.6873289402870963,1.0,0.0,inventory_demand_spike
inventory,random,13,261,444.9599434008039,16.474983900240876,1.3314412633458514,0.0,1,balanced_restock,0.3333333333333333,0.3333333333333333,0.3333333333333333,-156.860827057566,2.1914804781119166,1.0,0.0,inventory_demand_spike
inventory,random,13,262,447.1452201644743,16.380755492336665,1.4666195132667879,0.0,2,high_restock,0.3333333333333333,0.3333333333333333,0.3333333333333333,-157.09817415475558,0.3834885182974788,1.0,0.0,inventory_demand_spike
inventory,random,13,263,447.3090690135874,16.6825592056122,1.6372990872157764,0.0,2,high_restock,0.3333333333333333,0.3333333333333333,0.3333333333333333,-158.19469657377306,3.298375389297872,1.0,0.0,inventory_demand_spike
inventory,random,13,264,450.4419902107802,17.335336389903283,2.4360274068433054,0.0,0,low_restock,0.3333333333333333,0.3333333333333333,0.3333333333333333,-162.13007577439234,12.289296368898155,1.0,0.0,inventory_demand_spike
inventory,random,13,265,462.7145022125495,17.936865244754948,2.211489112064126,0.0,2,high_restock,0.3333333333333333,0.3333333333333333,0.3333333333333333,-162.42481020261567,0.18791751964414077,1.0,0.0,inventory_demand_spike
inventory,random,13,266,462.52802915033055,17.913617149905324,2.212052443006629,0.0,2,high_restock,0.3333333333333333,0.3333333333333333,0.3333333333333333,-162.05318939974208,1.4376880150736666,1.0,0.0,inventory_demand_spike
inventory,random,13,267,461.4662554278346,18.46420705267206,1.414284212331293,0.0,1,balanced_restock,0.3333333333333333,0.3333333333333333,0.3333333333333333,-165.5795003966676,10.651500826452299,1.0,0.0,inventory_demand_spike
inventory,random,13,268,472.05571541905033,19.349329281092594,2.1452873526194622,0.0,0,low_restock,0.3333333333333333,0.3333333333333333,0.3333333333333333,-170.58441916261214,14.814274617856281,1.0,0.0,inventory_demand_spike
inventory,random,13,269,486.8697690360347,19.285555765050912,2.0954794714708718,0.0,2,high_restock,0.3333333333333333,0.3333333333333333,0.3333333333333333,-173.41836409640706,7.255072094473135,1.0,0.0,inventory_demand_spike
inventory,random,13,270,493.9381831325917,20.644736184008437,3.004446932010501,0.0,1,balanced_restock,0.3333333333333333,0.3333333333333333,0.3333333333333333,-177.4303369745078,12.041320058684438,1.0,0.0,inventory_demand_spike
inventory,random,13,271,505.91524849859377,21.87744386965263,2.8504153250481856,0.0,0,low_restock,0.3333333333333333,0.3333333333333333,0.3333333333333333,-181.82900798449262,13.107638343741977,1.0,0.0,inventory_demand_spike
inventory,random,13,272,518.9971656699789,22.306182048428848,2.15055130581823,0.0,1,balanced_restock,0.3333333333333333,0.3333333333333333,0.3333333333333333,-186.81840989093382,13.761793874534332,1.0,0.0,inventory_demand_spike
inventory,random,13,273,532.7383139740966,22.936519711009232,2.563453667819924,0.0,0,low_restock,0.3333333333333333,0.3333333333333333,0.3333333333333333,-193.62115185560532,19.977142758477875,1.0,0.0,inventory_demand_spike
inventory,random,13,274,552.6890053017295,23.96384725313893,2.5361321872244953,0.0,0,low_restock,0.3333333333333333,0.3333333333333333,0.3333333333333333,-200.27695573617427,19.01658585827876,1.0,0.0,inventory_demand_spike
inventory,random,13,275,571.7055878176408,23.953480937009797,2.5316981919152997,0.0,1,balanced_restock,0.3333333333333333,0.3333333333333333,0.3333333333333333,-205.01862098368127,13.03509360839128,1.0,0.0,inventory_demand_spike
inventory,random,13,276,584.7389170962322,24.164733719527668,2.568651638492612,0.0,1,balanced_restock,0.3333333333333333,0.3333333333333333,0.3333333333333333,-209.09829338047223,11.82453567285783,1.0,0.0,inventory_demand_spike
inventory,random,13,277,596.3951239442064,25.07959165484549,0.8035678574463175,0.0,1,balanced_restock,0.3333333333333333,0.3333333333333333,0.3333333333333333,-213.2001142836079,11.726675405617739,1.0,0.0,inventory_demand_spike
inventory,random,13,278,608.1146122388797,24.67525965295662,0.874460818905285,0.0,2,high_restock,0.3333333333333333,0.3333333333333333,0.3333333333333333,-215.11951676477676,5.005697697625087,1.0,0.0,inventory_demand_spike
inventory,random,13,279,613.0843336136479,24.07906566238369,0.8158807644042627,0.0,0,low_restock,0.3333333333333333,0.3333333333333333,0.3333333333333333,-220.35191023934513,15.9908968139304,1.0,0.0,inventory_demand_spike
inventory,random,13,280,629.0626006838432,23.471402573240503,1.0016438322459194,0.0,2,high_restock,0.3333333333333333,0.3333333333333333,0.3333333333333333,-221.02059526294653,1.708059547475179,1.0,0.0,inventory_demand_spike
inventory,random,13,281,629.944557894133,22.241128159580175,1.792873106244114,0.0,1,balanced_restock,0.3333333333333333,0.3333333333333333,0.3333333333333333,-222.74028481640178,5.60492021055032,1.0,0.0,inventory_demand_spike
inventory,random,13,282,635.3722423325765,20.995423677674033,2.4281624474678107,0.0,1,balanced_restock,0.3333333333333333,0.3333333333333333,0.3333333333333333,-226.1284025221727,9.69506550752752,1.0,0.0,inventory_demand_spike
inventory,random,13,283,645.0525786347791,20.5875932791799,2.0831137008063765,0.0,2,high_restock,0.3333333333333333,0.3333333333333333,0.3333333333333333,-227.05877195076073,2.2483135016756512,1.0,0.0,inventory_demand_spike
inventory,random,13,284,647.1964912878879,20.022431534848003,1.7100931378328137,0.0,2,high_restock,0.3333333333333333,0.3333333333333333,0.3333333333333333,-226.1235436788109,3.023213517338117,1.0,0.0,inventory_demand_spike
inventory,random,13,285,644.5244105108884,18.69236196540904,2.190425557161736,0.0,1,balanced_restock,0.3333333333333333,0.3333333333333333,0.3333333333333333,-228.57962964266798,7.532841679013372,1.0,0.0,inventory_demand_spike
inventory,random,13,286,652.0560846933371,18.82230535984083,2.216929986235236,0.0,0,low_restock,0.3333333333333333,0.3333333333333333,0.3333333333333333,-232.89044623361747,12.834428875073812,1.0,0.0,inventory_demand_spike
inventory,random,13,287,664.8869892389071,19.102949381266114,2.1088003185286306,0.0,2,high_restock,0.3333333333333333,0.3333333333333333,0.3333333333333333,-233.1238205977527,0.974987028765874,1.0,0.0,inventory_demand_spike
inventory,random,13,288,664.525201707865,18.29452461461717,1.7011744050825004,0.0,2,high_restock,0.3333333333333333,0.3333333333333333,0.3333333333333333,-233.61223500726186,1.4106749788521658,1.0,0.0,inventory_demand_spike
inventory,random,13,289,665.9206714493197,18.14483603228636,1.5588317728048464,0.0,2,high_restock,0.3333333333333333,0.3333333333333333,0.3333333333333333,-234.28397504366535,2.2611237963147706,1.0,0.0,inventory_demand_spike
inventory,random,13,290,667.8399286961868,19.06310363705968,0.7933795870787622,0.0,2,high_restock,0.3333333333333333,0.3333333333333333,0.3333333333333333,-233.4938795864441,2.480680147035232,1.0,0.0,inventory_demand_spike
inventory,random,13,291,665.5825131041261,18.305285682157805,1.4887649362515414,0.0,2,high_restock,0.3333333333333333,0.3333333333333333,0.3333333333333333,-233.8699297068162,1.0757227834988325,1.0,0.0,inventory_demand_spike
inventory,random,13,292,666.656942019475,18.35399055611358,1.5090096405864308,0.0,1,balanced_restock,0.3333333333333333,0.3333333333333333,0.3333333333333333,-235.26328268059643,4.504247204975867,1.0,0.0,inventory_demand_spike
inventory,random,13,293,671.1522362302755,18.125406904482123,1.6773021124398362,0.0,1,balanced_restock,0.3333333333333333,0.3333333333333333,0.3333333333333333,-237.04967703559316,5.1254848054657245,1.0,0.0,inventory_demand_spike
inventory,random,13,294,676.2562201016948,17.667109730475023,1.577769044320102,0.0,1,balanced_restock,0.3333333333333333,0.3333333333333333,0.3333333333333333,-238.43207195703752,4.046586651531266,1.0,0.0,inventory_demand_spike
inventory,random,13,295,680.20591987725,16.87319823621264,1.197716744487644,0.0,1,balanced_restock,0.3333333333333333,0.3333333333333333,0.3333333333333333,-241.33428541012358,8.353512065599155,1.0,0.0,inventory_demand_spike
inventory,random,13,296,688.4979583146388,17.783089042102546,1.639713468835988,0.0,2,high_restock,0.3333333333333333,0.3333333333333333,0.3333333333333333,-241.04070867026576,1.4408624519742796,1.0,0.0,inventory_demand_spike
inventory,random,13,297,687.1448819150451,17.297587979114027,1.5419505913786504,0.0,0,low_restock,0.3333333333333333,0.3333333333333333,0.3333333333333333,-245.9448944225874,15.076720559489111,1.0,0.0,inventory_demand_spike
inventory,random,13,298,702.185412635964,18.20663528113769,2.0553427073088137,0.0,1,balanced_restock,0.3333333333333333,0.3333333333333333,0.3333333333333333,-247.70516224850755,4.517214880451119,1.0,0.0,inventory_demand_spike
inventory,random,13,299,706.7004635671644,18.088848693093944,2.130653294293609,0.0,1,balanced_restock,0.3333333333333333,0.3333333333333333,0.3333333333333333,-250.37287760132241,7.661271928434296,1.0,0.0,inventory_demand_spike
inventory,random,13,300,714.3225074323498,18.823317511019958,1.8855197916866506,0.0,1,balanced_restock,0.3333333333333333,0.3333333333333333,0.3333333333333333,-253.87781178103072,713.5526659582392,1.0,1.0,inventory_demand_spike|inventory_sensor_noise
inventory,random,13,301,0.9931184811024377,1.0,0.9373613450341977,-0.14248863859998154,0,low_restock,0.3333333333333333,0.3333333333333333,0.3333333333333333,-256.2084114425025,0.19838574543249898,1.0,0.0,inventory_sensor_noise
inventory,random,13,302,1.0,1.0,1.0,0.04562289106406099,0,low_restock,0.3333333333333333,0.3333333333333333,0.3333333333333333,-258.0304493949677,0.08909496202049484,1.0,0.0,inventory_sensor_noise
inventory,random,13,303,0.9957652085994696,0.9579553152540459,0.9455667196960266,-0.010850476811334948,2,high_restock,0.3333333333333333,0.3333333333333333,0.3333333333333333,-255.3520729056645,0.10912992813723883,1.0,0.0,inventory_sensor_noise
inventory,random,13,304,0.9764526327100258,1.0,1.0,-0.09334670768108908,1,balanced_restock,0.3333333333333333,0.3333333333333333,0.3333333333333333,-255.5215566282058,0.2236494495884383,1.0,0.0,inventory_sensor_noise
inventory,random,13,305,1.0,1.0,1.0,0.12905967216203157,2,high_restock,0.3333333333333333,0.3333333333333333,0.3333333333333333,-253.92630380602333,0.28081012442469244,1.0,0.0,inventory_sensor_noise
inventory,random,13,306,1.0,0.865195476621827,1.0,-0.11727763004004026,1,balanced_restock,0.3333333333333333,0.3333333333333333,0.3333333333333333,-255.32938891442802,0.2875775653510642,1.0,0.0,inventory_sensor_noise
inventory,random,13,307,1.0,0.9554971747075521,0.9934347894490773,0.1556754014992746,2,high_restock,0.3333333333333333,0.3333333333333333,0.3333333333333333,-255.02884851431844,0.24627274261671075,1.0,0.0,inventory_sensor_noise
inventory,random,13,308,0.8662856171257567,1.0,0.9220225586242446,-0.03324394477878031,1,balanced_restock,0.3333333333333333,0.3333333333333333,0.3333333333333333,-257.13008115991937,0.12196918627613286,1.0,0.0,inventory_sensor_noise
inventory,random,13,309,0.9442397875058951,1.0,0.9844103790064583,0.03680881811579073,1,balanced_restock,0.3333333333333333,0.3333333333333333,0.3333333333333333,-257.97487649094853,0.1498328485948318,1.0,0.0,inventory_sensor_noise
inventory,random,13,310,1.0,0.8703444484767875,1.0,-0.011014637396576595,1,balanced_restock,0.3333333333333333,0.3333333333333333,0.3333333333333333,-258.75923907390313,0.18217123089633624,1.0,0.0,inventory_sensor_noise
inventory,random,13,311,0.8747357511887276,0.9555887237820131,1.0,0.09012209610673959,0,low_restock,0.3333333333333333,0.3333333333333333,0.3333333333333333,-261.9089518729384,0.09024554850743317,1.0,0.0,inventory_sensor_noise
inventory,random,13,312,0.9532437429096591,1.0,1.0,0.09301913011470361,0,low_restock,0.3333333333333333,0.3333333333333333,0.3333333333333333,-265.7441170818571,0.16220705188440018,1.0,0.0,inventory_sensor_noise
inventory,random,13,313,0.9981536473310056,1.0,0.9367036952419642,-0.04941613928817939,2,high_restock,0.3333333333333333,0.3333333333333333,0.3333333333333333,-263.82111422181276,0.12504374313578692,1.0,0.0,inventory_sensor_noise
inventory,random,13,314,1.0,1.0,1.0,0.058408285046978606,2,high_restock,0.3333333333333333,0.3333333333333333,0.3333333333333333,-261.84742926742484,0.00681678582915686,1.0,0.0,inventory_sensor_noise
inventory,random,13,315,1.0,1.0,1.0,0.051591499217821746,0,low_restock,0.3333333333333333,0.3333333333333333,0.3333333333333333,-263.42275272100903,0.2379147987388699,1.0,0.0,inventory_sensor_noise
inventory,random,13,316,1.0,0.9771807358900467,0.9638650425822654,-0.18245336292799777,0,low_restock,0.3333333333333333,0.3333333333333333,0.3333333333333333,-265.7399865017343,0.05796792410161277,1.0,0.0,inventory_sensor_noise
inventory,random,13,317,1.0,1.0,1.0,-0.14328926888065588,1,balanced_restock,0.3333333333333333,0.3333333333333333,0.3333333333333333,-265.9296147414321,0.7005591416803986,1.0,0.0,inventory_sensor_noise
inventory,random,13,318,0.9696970940791982,0.9638095229122199,0.338779972392992,0.08330104279280975,2,high_restock,0.3333333333333333,0.3333333333333333,0.3333333333333333,-265.7364686389128,0.667829845109152,1.0,0.0,inventory_sensor_noise
inventory,random,13,319,1.0,0.9054250596796495,1.0,0.15006754229444105,0,low_restock,0.3333333333333333,0.3333333333333333,0.3333333333333333,-266.90815370411116,0.1308526843497533,1.0,0.0,inventory_sensor_noise
inventory,random,13,320,0.9103171474033551,1.0,1.0,0.16168613149738564,0,low_restock,0.3333333333333333,0.3333333333333333,0.3333333333333333,-270.29926323350736,0.09532195611791389,1.0,0.0,inventory_sensor_noise
inventory,random,13,321,0.8980176031790438,0.9224226853109434,1.0,0.10767912476997302,2,high_restock,0.3333333333333333,0.3333333333333333,0.3333333333333333,-267.8867112583327,0.08651227574293746,1.0,0.0,inventory_sensor_noise
inventory,random,13,322,0.9065126816486182,0.9479339086292785,0.9181546452480392,0.09975934659469879,1,balanced_restock,0.3333333333333333,0.3333333333333333,0.3333333333333333,-266.607946198539,0.1126785718948421,1.0,0.0,inventory_sensor_noise
inventory,random,13,323,0.9636622649985787,1.0,1.0,0.10432505815900073,0,low_restock,0.3333333333333333,0.3333333333333333,0.3333333333333333,-269.42197269462247,0.06672366253855026,1.0,0.0,inventory_sensor_noise
inventory,random,13,324,1.0,1.0,1.0,0.048364213298287495,0,low_restock,0.3333333333333333,0.3333333333333333,0.3333333333333333,-269.78474833408507,0.10388536438646528,1.0,0.0,inventory_sensor_noise
inventory,random,13,325,0.9060090007440951,0.9653899625645446,1.0,0.020796001508228943,0,low_restock,0.3333333333333333,0.3333333333333333,0.3333333333333333,-270.07773936944835,0.08362045007856166,1.0,0.0,inventory_sensor_noise
inventory,random,13,326,0.9805270504889001,1.0,1.0,0.0052529888566108995,2,high_restock,0.3333333333333333,0.3333333333333333,0.3333333333333333,-266.458458507089,0.10451021196782748,1.0,0.0,inventory_sensor_noise
inventory,random,13,327,1.0,1.0,0.98718761502827,0.10713052040422237,0,low_restock,0.3333333333333333,0.3333333333333333,0.3333333333333333,-266.05344544469517,0.08892016205310398,1.0,0.0,inventory_sensor_noise
inventory,random,13,328,1.0,1.0,0.89844482767809,0.11274415673649378,1,balanced_restock,0.3333333333333333,0.3333333333333333,0.3333333333333333,-264.9164968818731,0.31642390007025506,1.0,0.0,inventory_sensor_noise
inventory,random,13,329,1.0,1.0,0.6010837814658587,0.004575340845600249,0,low_restock,0.3333333333333333,0.3333333333333333,0.3333333333333333,-264.9921245308932,0.21110034102167421,1.0,0.0,inventory_sensor_noise
inventory,random,13,330,0.9097852574940098,0.9905066617970406,0.7808913128413218,-0.05870010782504237,0,low_restock,0.3333333333333333,0.3333333333333333,0.3333333333333333,-265.0878747514297,0.20302212390066077,1.0,0.0,inventory_sensor_noise
inventory,random,13,331,1.0,1.0,0.9621737735046363,-0.0699174610481176,0,low_restock,0.3333333333333333,0.3333333333333333,0.3333333333333333,-264.80042778293483,0.04309728601241494,1.0,0.0,inventory_sensor_noise
inventory,random,13,332,0.9936583711242696,1.0,1.0,-0.050262019207247086,1,balanced_restock,0.3333333333333333,0.3333333333333333,0.3333333333333333,-264.55111828588446,0.13537729233278195,1.0,0.0,inventory_sensor_noise
inventory,random,13,333,0.9361836035281109,0.9606103719548235,1.0,0.06580744090860635,1,balanced_restock,0.3333333333333333,0.3333333333333333,0.3333333333333333,-262.37901118790916,0.08834834529882543,1.0,0.0,inventory_sensor_noise
inventory,random,13,334,1.0,1.0,1.0,0.01910246407694745,0,low_restock,0.3333333333333333,0.3333333333333333,0.3333333333333333,-262.73638914673126,0.024081763960337992,1.0,0.0,inventory_sensor_noise
inventory,random,13,335,1.0,1.0,0.9941311482864452,-0.004253219064543806,1,balanced_restock,0.3333333333333333,0.3333333333333333,0.3333333333333333,-262.410977309948,0.10940035318423415,1.0,0.0,inventory_sensor_noise
inventory,random,13,336,1.0,0.9485827653353203,0.8989937065418088,0.012286806163923397,1,balanced_restock,0.3333333333333333,0.3333333333333333,0.3333333333333333,-262.9371508124222,0.08654974891299429,1.0,0.0,inventory_sensor_noise
inventory,random,13,337,0.9671012361419863,1.0,0.9601500985507522,0.017256118933583555,1,balanced_restock,0.3333333333333333,0.3333333333333333,0.3333333333333333,-262.9921792945718,0.08998587580557972,1.0,0.0,inventory_sensor_noise
inventory,random,13,338,1.0,0.9705289873299219,1.0,-0.05026109330001804,0,low_restock,0.3333333333333333,0.3333333333333333,0.3333333333333333,-265.2725072682296,0.0709157568686688,1.0,0.0,inventory_sensor_noise
inventory,random,13,339,0.9739036380827896,1.0,1.0,0.00872605681881894,1,balanced_restock,0.3333333333333333,0.3333333333333333,0.3333333333333333,-265.96297435343325,0.18097536504761774,1.0,0.0,inventory_sensor_noise
inventory,random,13,340,0.9445003195649732,1.0,1.0,-0.16984473478568263,2,high_restock,0.3333333333333333,0.3333333333333333,0.3333333333333333,-264.99860342920476,0.2808421367390157,1.0,0.0,inventory_sensor_noise
inventory,random,13,341,1.0,1.0,0.9813765085807734,0.10482826499242426,2,high_restock,0.3333333333333333,0.3333333333333333,0.3333333333333333,-264.18201665095336,0.13994066818186396,1.0,0.0,inventory_sensor_noise
inventory,random,13,342,0.9254021489048638,1.0,0.9602205496782634,-0.01166626975530435,2,high_restock,0.3333333333333333,0.3333333333333333,0.3333333333333333,-261.5740747859184,0.08733947370251358,1.0,0.0,inventory_sensor_noise
inventory,random,13,343,1.0,1.0,1.0,-0.03359660515448244,0,low_restock,0.3333333333333333,0.3333333333333333,0.3333333333333333,-262.6737430274571,0.18891254887517678,1.0,0.0,inventory_sensor_noise
inventory,random,13,344,0.9235540742719853,1.0,0.9191202477752469,0.1190547533136474,1,balanced_restock,0.3333333333333333,0.3333333333333333,0.3333333333333333,-263.9342452938881,0.2916441478624728,1.0,0.0,inventory_sensor_noise
inventory,random,13,345,1.0,1.0,0.9063038949010084,-0.16210013375221483,0,low_restock,0.3333333333333333,0.3333333333333333,0.3333333333333333,-266.76184196552606,0.2692524187899069,1.0,0.0,inventory_sensor_noise
inventory,random,13,346,0.8214022734545392,0.9775565803298479,0.9027972233298966,0.03810904002613634,2,high_restock,0.3333333333333333,0.3333333333333333,0.3333333333333333,-266.0247732441675,0.15707015123487614,1.0,0.0,inventory_sensor_noise
inventory,random,13,347,0.8888162981237603,0.8947968330451205,1.0,-0.023768469004484538,0,low_restock,0.3333333333333333,0.3333333333333333,0.3333333333333333,-269.5612793128332,0.16730347247813201,1.0,0.0,inventory_sensor_noise
inventory,random,13,348,1.0,1.0,1.0,-0.0913031267958754,0,low_restock,0.3333333333333333,0.3333333333333333,0.3333333333333333,-271.79165359860934,0.13916355047838957,1.0,0.0,inventory_sensor_noise
inventory,random,13,349,0.9374086568279283,1.0,0.9898984764959916,0.032578981535252044,0,low_restock,0.3333333333333333,0.3333333333333333,0.3333333333333333,-275.51755228605373,0.09421535294792856,1.0,0.0,inventory_sensor_noise
inventory,random,13,350,1.0,1.0,0.9944993097211026,-0.037689708680614505,1,balanced_restock,0.3333333333333333,0.3333333333333333,0.3333333333333333,-276.5177712856631,0.16487828711855737,1.0,0.0,inventory_sensor_noise
inventory,random,13,351,0.9661082541420831,0.8431210964807107,1.0,-0.00034066367417605727,2,high_restock,0.3333333333333333,0.3333333333333333,0.3333333333333333,-275.35321089390953,0.2022531271996369,1.0,0.0,inventory_sensor_noise
inventory,random,13,352,0.900761603597481,1.0,1.0,-0.10999991934928843,0,low_restock,0.3333333333333333,0.3333333333333333,0.3333333333333333,-277.275047608839,0.16685644297382868,1.0,0.0,inventory_sensor_noise
inventory,random,13,353,0.9659339692175184,1.0,1.0,0.043602278946721355,1,balanced_restock,0.3333333333333333,0.3333333333333333,0.3333333333333333,-277.63706468418326,0.10285188579832617,1.0,0.0,inventory_sensor_noise
inventory,random,13,354,1.0,0.9978103958530153,0.9843831674261994,0.13935892954102908,1,balanced_restock,0.3333333333333333,0.3333333333333333,0.3333333333333333,-278.52670570600736,0.1291652851696659,1.0,0.0,inventory_sensor_noise
inventory,random,13,355,0.993471337166942,1.0,1.0,0.011326247664038195,0,low_restock,0.3333333333333333,0.3333333333333333,0.3333333333333333,-281.12284435434987,0.1933607357538479,1.0,0.0,inventory_sensor_noise
inventory,random,13,356,0.9072915302631969,1.0,0.9047143524687415,0.15583251184608457,1,balanced_restock,0.3333333333333333,0.3333333333333333,0.3333333333333333,-282.8086090650711,0.21941995282792104,1.0,0.0,inventory_sensor_noise
inventory,random,13,357,1.0,0.9339558993279301,1.0,-0.005750524017936833,0,low_restock,0.3333333333333333,0.3333333333333333,0.3333333333333333,-284.3116782784751,0.19609594506752867,1.0,0.0,inventory_sensor_noise
inventory,random,13,358,0.9380285130440723,1.0,0.8326851758661682,0.04175822115472516,0,low_restock,0.3333333333333333,0.3333333333333333,0.3333333333333333,-287.04020756803396,0.10639668274473416,1.0,0.0,inventory_sensor_noise
inventory,random,13,359,0.9488623157613311,0.9879984581644659,0.9354474238469052,0.06409129531128878,2,high_restock,0.3333333333333333,0.3333333333333333,0.3333333333333333,-284.02200365658325,0.08932372786592864,1.0,0.0,inventory_sensor_noise
inventory,random,13,360,1.0,1.0,1.0,0.031647597677673056,1,balanced_restock,0.3333333333333333,0.3333333333333333,0.3333333333333333,-283.9475359492338,0.08944027685672802,1.0,0.0,inventory_sensor_noise
inventory,random,13,361,1.0,1.0,0.9418616771977097,-0.03631929533609399,2,high_restock,0.3333333333333333,0.3333333333333333,0.3333333333333333,-280.59592557983547,0.11224755662994663,1.0,0.0,inventory_sensor_noise
inventory,random,13,362,1.0,0.9380632808354826,0.8496243736011915,-0.02033065518839843,2,high_restock,0.3333333333333333,0.3333333333333333,0.3333333333333333,-278.86757661863584,0.12715609075425813,1.0,0.0,inventory_sensor_noise
inventory,random,13,363,1.0,1.0,0.9498505735808567,-0.06815557623043465,0,low_restock,0.3333333333333333,0.3333333333333333,0.3333333333333333,-281.1498998481632,0.060888139951453694,1.0,0.0,inventory_sensor_noise
inventory,random,13,364,1.0,0.9957322634033763,1.0,-0.03388916350717779,0,low_restock,0.3333333333333333,0.3333333333333333,0.3333333333333333,-281.6922899839015,0.07376243485483053,1.0,0.0,inventory_sensor_noise
inventory,random,13,365,1.0,0.9609299082246071,1.0,0.03114692547212597,0,low_restock,0.3333333333333333,0.3333333333333333,0.3333333333333333,-283.69986719370144,0.11184261128347926,1.0,0.0,inventory_sensor_noise
inventory,random,13,366,1.0,0.9722749700838565,0.8909023571052473,0.009289121718631627,2,high_restock,0.3333333333333333,0.3333333333333333,0.3333333333333333,-280.1604249551489,0.11263738904936905,1.0,0.0,inventory_sensor_noise
inventory,random,13,367,1.0,1.0,1.0,0.00526315067838592,0,low_restock,0.3333333333333333,0.3333333333333333,0.3333333333333333,-280.3102086994,0.07551462495980148,1.0,0.0,inventory_sensor_noise
inventory,random,13,368,1.0,0.9272185065477654,1.0,0.025395532397442494,0,low_restock,0.3333333333333333,0.3333333333333333,0.3333333333333333,-280.2519292478798,0.09676740876933883,1.0,0.0,inventory_sensor_noise
inventory,random,13,369,0.9742061695177633,0.9195836015901446,1.0,-0.06755777811527698,2,high_restock,0.3333333333333333,0.3333333333333333,0.3333333333333333,-277.3280064355195,0.08469029798606587,1.0,0.0,inventory_sensor_noise
inventory,random,13,370,1.0,1.0,1.0,-0.06120736483662502,2,high_restock,0.3333333333333333,0.3333333333333333,0.3333333333333333,-273.15535229359256,0.12118331075664476,1.0,0.0,inventory_sensor_noise
inventory,random,13,371,1.0,0.8944517031997241,0.9783775308820842,-0.11668186959103617,1,balanced_restock,0.3333333333333333,0.3333333333333333,0.3333333333333333,-272.66492647531254,0.2313747432808541,1.0,0.0,inventory_sensor_noise
inventory,random,13,372,0.9480605636031386,0.9667124385333883,1.0,0.09579735700144852,2,high_restock,0.3333333333333333,0.3333333333333333,0.3333333333333333,-270.1802091926313,0.19689803108902176,1.0,0.0,inventory_sensor_noise
inventory,random,13,373,0.9775902286129653,0.9844542606883895,0.9309224151719425,-0.08533891366813225,0,low_restock,0.3333333333333333,0.3333333333333333,0.3333333333333333,-271.0484233995965,0.13800467732905922,1.0,0.0,inventory_sensor_noise
inventory,random,13,374,0.8621799918447361,0.9899755334194236,1.0,-0.054948602127262804,0,low_restock,0.3333333333333333,0.3333333333333333,0.3333333333333333,-273.2340780188427,0.17527332408274,1.0,0.0,inventory_sensor_noise
inventory,random,13,375,1.0,0.9135800418744607,0.9256037628306686,-0.03609887391319267,0,low_restock,0.3333333333333333,0.3333333333333333,0.3333333333333333,-274.2453590765623,0.09137214758507638,1.0,0.0,inventory_sensor_noise
inventory,random,13,376,1.0,0.9645565651987353,1.0,-0.021420205066077877,0,low_restock,0.3333333333333333,0.3333333333333333,0.3333333333333333,-275.701423315035,0.15761520001259458,1.0,0.0,inventory_sensor_noise
inventory,random,13,377,0.9171587750943964,0.8439807988598337,0.9685718670949102,-0.07095443328289772,0,low_restock,0.3333333333333333,0.3333333333333333,0.3333333333333333,-277.4209010272561,0.24803427285831686,1.0,0.0,inventory_sensor_noise
inventory,random,13,378,1.0,1.0,0.874023518103149,0.07525415246708365,1,balanced_restock,0.3333333333333333,0.3333333333333333,0.3333333333333333,-276.38231847868707,0.23867504429783087,1.0,0.0,inventory_sensor_noise
inventory,random,13,379,1.0,0.7713602406152593,0.9221498908174357,0.026535681140234874,1,balanced_restock,0.3333333333333333,0.3333333333333333,0.3333333333333333,-277.81060840361584,0.22841114093420478,1.0,0.0,inventory_sensor_noise
inventory,random,13,380,0.8775277762118969,0.9477447043115981,1.0,0.026827520273553725,2,high_restock,0.3333333333333333,0.3333333333333333,0.3333333333333333,-275.2424549278035,0.22778654805207918,1.0,0.0,inventory_sensor_noise
inventory,random,13,381,1.0,1.0,0.9351898519048278,0.19990638856855533,1,balanced_restock,0.3333333333333333,0.3333333333333333,0.3333333333333333,-274.5961241331276,0.15617295511837442,1.0,0.0,inventory_sensor_noise
inventory,random,13,382,1.0,1.0,0.9850602771678547,0.05190999471218243,0,low_restock,0.3333333333333333,0.3333333333333333,0.3333333333333333,-278.12835623650227,0.029289480000248284,1.0,0.0,inventory_sensor_noise
inventory,random,13,383,1.0,0.9944526520014556,1.0,0.02733551098277997,0,low_restock,0.3333333333333333,0.3333333333333333,0.3333333333333333,-282.0042954555897,0.019267690368941198,1.0,0.0,inventory_sensor_noise
inventory,random,13,384,1.0,1.0,1.0,0.045787362443715666,0,low_restock,0.3333333333333333,0.3333333333333333,0.3333333333333333,-284.92336899867536,0.028099688320732227,1.0,0.0,inventory_sensor_noise
inventory,random,13,385,1.0,1.0,1.0,0.01768767412298344,0,low_restock,0.3333333333333333,0.3333333333333333,0.3333333333333333,-287.82417070058153,0.21764430283205063,1.0,0.0,inventory_sensor_noise
inventory,random,13,386,0.8479425010738388,0.9336912002703354,0.9322935468080105,-0.10587016193018647,1,balanced_restock,0.3333333333333333,0.3333333333333333,0.3333333333333333,-288.04146361963063,0.16103210884637267,1.0,0.0,inventory_sensor_noise
inventory,random,13,387,0.9563146811534561,0.8639440174334333,1.0,-0.037037194924704926,1,balanced_restock,0.3333333333333333,0.3333333333333333,0.3333333333333333,-287.68989678436395,0.17425302541221027,1.0,0.0,inventory_sensor_noise
inventory,random,13,388,1.0,1.0,0.9036162354032531,-0.011451079303353517,1,balanced_restock,0.3333333333333333,0.3333333333333333,0.3333333333333333,-288.7608852156725,0.11226196904442141,1.0,0.0,inventory_sensor_noise
inventory,random,13,389,1.0,0.9514857864871353,0.9770231297090229,-0.08116871444210692,2,high_restock,0.3333333333333333,0.3333333333333333,0.3333333333333333,-287.0776589849061,0.1978012522400764,1.0,0.0,inventory_sensor_noise
inventory,random,13,390,0.9471867804519878,1.0,0.9792654310452913,0.10316099667539395,0,low_restock,0.3333333333333333,0.3333333333333333,0.3333333333333333,-288.7087108655245,0.12754644963484674,1.0,0.0,inventory_sensor_noise
inventory,random,13,391,0.8356643814022489,0.9420228529453927,0.9760877058952662,0.12459470393579614,0,low_restock,0.3333333333333333,0.3333333333333333,0.3333333333333333,-292.70270951781976,0.17613263037081958,1.0,0.0,inventory_sensor_noise
inventory,random,13,392,1.0,1.0,1.0,0.13372490390597047,0,low_restock,0.3333333333333333,0.3333333333333333,0.3333333333333333,-294.0838215952429,0.18681283297134238,1.0,0.0,inventory_sensor_noise
inventory,random,13,393,1.0,0.9867134828044807,1.0,-0.052614847686629426,1,balanced_restock,0.3333333333333333,0.3333333333333333,0.3333333333333333,-294.3570188766809,0.0770540009123407,1.0,0.0,inventory_sensor_noise
inventory,random,13,394,0.9872639443756479,1.0,0.9649508317208051,0.013492158050147507,0,low_restock,0.3333333333333333,0.3333333333333333,0.3333333333333333,-297.2984911470947,0.13512316065619479,1.0,0.0,inventory_sensor_noise
inventory,random,13,395,0.9703935744203386,0.8995445610505179,0.8896729987669488,0.06056244394824903,2,high_restock,0.3333333333333333,0.3333333333333333,0.3333333333333333,-296.3959776384217,0.16009106685031024,1.0,0.0,inventory_sensor_noise
inventory,random,13,396,1.0,1.0,0.9966594916034026,0.003859671655452129,2,high_restock,0.3333333333333333,0.3333333333333333,0.3333333333333333,-293.1675334366764,0.0841581040499058,1.0,0.0,inventory_sensor_noise
inventory,random,13,397,1.0,0.9775654450547943,1.0,0.08490359940662655,2,high_restock,0.3333333333333333,0.3333333333333333,0.3333333333333333,-291.5438351305163,0.09394546470015988,1.0,0.0,inventory_sensor_noise
inventory,random,13,398,1.0,0.9207806855881391,0.9614296342957638,0.020766493769682034,1,balanced_restock,0.3333333333333333,0.3333333333333333,0.3333333333333333,-291.1716728098501,0.09158211723652773,1.0,0.0,inventory_sensor_noise
inventory,random,13,399,1.0,1.0,1.0,0.0457447105010925,1,balanced_restock,0.3333333333333333,0.3333333333333333,0.3333333333333333,-291.00788246643305,0.10342735003668803,1.0,0.0,inventory_sensor_noise
inventory,random,13,400,1.0,0.991182592641249,0.9134188495268503,0.10163007930033402,2,high_restock,0.3333333333333333,0.3333333333333333,0.3333333333333333,-289.6582241730228,0.22207021580383285,1.0,0.0,inventory_sensor_noise
inventory,random,13,401,0.999218761437094,0.9619592079901225,0.9948995805293045,-0.10287286610218754,2,high_restock,0.3333333333333333,0.3333333333333333,0.3333333333333333,-287.5987455202156,819.2487360512646,0.0,0.0,none
inventory,random,13,402,820.1678443434731,12.417835476308088,0.9130476950830665,0.0,0,low_restock,0.3333333333333333,0.3333333333333333,0.3333333333333333,-288.71848013457134,4.278332418054437,0.0,0.0,none
inventory,random,13,403,824.3956575273468,11.791225716602877,1.105620202679189,0.0,0,low_restock,0.3333333333333333,0.3333333333333333,0.3333333333333333,-290.5980958095423,5.370357449339249,0.0,0.0,none
inventory,random,13,404,829.7659880272638,11.77509885696696,1.1110405101182923,0.0,0,low_restock,0.3333333333333333,0.3333333333333333,0.3333333333333333,-291.64846031215046,3.0797883888003295,0.0,0.0,none
inventory,random,13,405,832.7670294632871,11.268901626124265,1.5828574052666846,0.0,0,low_restock,0.3333333333333333,0.3333333333333333,0.3333333333333333,-292.84412331164833,3.542794425867808,0.0,0.0,none
inventory,random,13,406,836.1832094618525,10.42622807921459,1.169326445481459,0.0,2,high_restock,0.3333333333333333,0.3333333333333333,0.3333333333333333,-290.9507860923562,6.440771456457793,0.0,0.0,none
inventory,random,13,407,829.7451031210178,10.31545175550894,1.0208262618721589,0.0,1,balanced_restock,0.3333333333333333,0.3333333333333333,0.3333333333333333,-290.09880431408857,1.9201800410303482,0.0,0.0,none
inventory,random,13,408,827.8251551831102,10.285899531152689,1.0250655697310047,0.0,1,balanced_restock,0.3333333333333333,0.3333333333333333,0.3333333333333333,-288.81012248785584,3.733031861607681,0.0,0.0,none
inventory,random,13,409,824.1432071081596,9.675443816179179,1.1033539673515356,0.0,1,balanced_restock,0.3333333333333333,0.3333333333333333,0.3333333333333333,-286.6141178346714,6.365471840044247,0.0,0.0,none
inventory,random,13,410,817.8689080990611,9.0203757271548,1.9538182461802533,0.0,1,balanced_restock,0.3333333333333333,0.3333333333333333,0.3333333333333333,-286.68545255101384,0.7112743552345048,0.0,0.0,none
inventory,random,13,411,818.0727215743252,9.57790242249457,2.345654002203772,0.0,1,balanced_restock,0.3333333333333333,0.3333333333333333,0.3333333333333333,-285.6321292301315,3.061019888989296,0.0,0.0,none
inventory,random,13,412,815.0632263718043,9.063624650157308,2.1258819392129635,0.0,1,balanced_restock,0.3333333333333333,0.3333333333333333,0.3333333333333333,-284.9782561586839,1.8682442375626942,0.0,0.0,none
inventory,random,13,413,813.1950175962397,9.073972482625932,2.1309242058716,0.0,0,low_restock,0.3333333333333333,0.3333333333333333,0.3333333333333333,-286.0114653241179,3.4740604093295153,0.0,0.0,none
inventory,random,13,414,816.6613294974798,9.303624477864048,2.0987140820652526,0.0,2,high_restock,0.3333333333333333,0.3333333333333333,0.3333333333333333,-284.30591884964593,6.085743562048944,0.0,0.0,none
inventory,random,13,415,810.7597681418456,10.578172008556908,1.3349229714136408,0.0,0,low_restock,0.3333333333333333,0.3333333333333333,0.3333333333333333,-285.8227740088607,5.36789765380052,0.0,0.0,none
inventory,random,13,416,816.1222114538878,10.409897975912497,1.1611104380651538,0.0,2,high_restock,0.3333333333333333,0.3333333333333333,0.3333333333333333,-285.2453986925747,3.0904831365198047,0.0,0.0,none
inventory,random,13,417,813.4439962644992,11.676153978538983,2.0413633291448705,0.0,1,balanced_restock,0.3333333333333333,0.3333333333333333,0.3333333333333333,-285.72321620875493,2.0234932888947452,0.0,0.0,none
inventory,random,13,418,815.323474882157,12.425691457183456,2.0246665008099427,0.0,0,low_restock,0.3333333333333333,0.3333333333333333,0.3333333333333333,-288.3569272181219,8.113188353443624,0.0,0.0,none
inventory,random,13,419,823.362649194634,13.340263939430846,1.4254513418057626,0.0,1,balanced_restock,0.3333333333333333,0.3333333333333333,0.3333333333333333,-290.0203713879733,4.3242906795502165,0.0,0.0,none
inventory,random,13,420,827.6010611084952,14.168258593329927,1.6485638309197066,0.0,1,balanced_restock,0.3333333333333333,0.3333333333333333,0.3333333333333333,-290.6662453051455,2.031992213606739,0.0,0.0,none
inventory,random,13,421,829.4464151575586,14.664840740734196,0.9578634902197516,0.0,2,high_restock,0.3333333333333333,0.3333333333333333,0.3333333333333333,-289.75982269150524,3.1055486989586747,0.0,0.0,none
inventory,random,13,422,826.3423505471578,14.579670856531735,0.9135723298558904,0.0,1,balanced_restock,0.3333333333333333,0.3333333333333333,0.3333333333333333,-291.2661723727324,4.861183429084292,0.0,0.0,none
inventory,random,13,423,831.1604924935211,15.167403522272812,1.1803734346492543,0.0,0,low_restock,0.3333333333333333,0.3333333333333333,0.3333333333333333,-294.84112185379934,10.741927937937902,0.0,0.0,none
inventory,random,13,424,841.8889195822838,15.705254077529963,1.156190689503817,0.0,0,low_restock,0.3333333333333333,0.3333333333333333,0.3333333333333333,-298.6731442051199,10.949980896568215,0.0,0.0,none
inventory,random,13,425,852.8375548717712,15.847298752655192,1.2525765975481575,0.0,2,high_restock,0.3333333333333333,0.3333333333333333,0.3333333333333333,-299.0662661228193,0.8842983401796459,0.0,0.0,none
inventory,random,13,426,852.9321889223407,16.6971547529564,1.0272485485411362,0.0,0,low_restock,0.3333333333333333,0.3333333333333333,0.3333333333333333,-301.9672896101436,9.318703719529891,0.0,0.0,none
inventory,random,13,427,862.2493988861247,16.781409667793355,0.8832394777476462,0.0,0,low_restock,0.3333333333333333,0.3333333333333333,0.3333333333333333,-305.15271166965374,9.110442013844752,0.0,0.0,none
inventory,random,13,428,871.3506047704393,16.43802245538361,1.1074946032152548,0.0,0,low_restock,0.3333333333333333,0.3333333333333333,0.3333333333333333,-307.2177769999466,6.05994574222779,0.0,0.0,none
inventory,random,13,429,877.2507914284188,15.472374369226975,2.096566680188283,0.0,1,balanced_restock,0.3333333333333333,0.3333333333333333,0.3333333333333333,-307.39393760110363,1.017795610842482,0.0,0.0,none
inventory,random,13,430,877.239821717439,14.480453369133551,2.3243391554018245,0.0,2,high_restock,0.3333333333333333,0.3333333333333333,0.3333333333333333,-305.87468746679326,5.0276677215722625,0.0,0.0,none
inventory,random,13,431,872.3848213336951,13.490526482270875,1.4720136594482858,0.0,1,balanced_restock,0.3333333333333333,0.3333333333333333,0.3333333333333333,-306.12264878582573,1.3303752020221957,0.0,0.0,none
inventory,random,13,432,873.607567959502,13.07163381467547,1.1568663918604294,0.0,0,low_restock,0.3333333333333333,0.3333333333333333,0.3333333333333333,-309.42714606479353,9.9619678497513,0.0,0.0,none
inventory,random,13,433,883.5632744708387,13.2425339400799,1.4659043292474663,0.0,2,high_restock,0.3333333333333333,0.3333333333333333,0.3333333333333333,-306.50082535479345,9.45643464226928,0.0,0.0,none
inventory,random,13,434,874.1737867279812,12.584599059912508,2.3762876351682425,0.0,2,high_restock,0.3333333333333333,0.3333333333333333,0.3333333333333333,-303.89933785269807,7.439492822212692,0.0,0.0,none
inventory,random,13,435,866.7409652934231,12.300228715196827,2.5117589634018236,0.0,0,low_restock,0.3333333333333333,0.3333333333333333,0.3333333333333333,-306.058728806,7.198268683756375,0.0,0.0,none
inventory,random,13,436,873.93922516,12.31088076526097,2.5154291957384354,0.0,2,high_restock,0.3333333333333333,0.3333333333333333,0.3333333333333333,-303.7852392122867,7.54439590007281,0.0,0.0,none
inventory,random,13,437,866.4149691779619,11.76148024369196,2.555932043776725,0.0,2,high_restock,0.3333333333333333,0.3333333333333333,0.3333333333333333,-302.08818435749254,4.94605308963944,0.0,0.0,none
inventory,random,13,438,861.5662410214072,11.200593310113685,1.7567560449460835,0.0,1,balanced_restock,0.3333333333333333,0.3333333333333333,0.3333333333333333,-300.2451075445886,4.779092468641929,0.0,0.0,none
inventory,random,13,439,856.8145929845389,10.928161251311495,2.1895914996999655,0.0,2,high_restock,0.3333333333333333,0.3333333333333333,0.3333333333333333,-298.25515803688563,6.204775540706982,0.0,0.0,none
inventory,random,13,440,850.6147372482446,11.17475439096429,2.2044300700897344,0.0,1,balanced_restock,0.3333333333333333,0.3333333333333333,0.3333333333333333,-296.95822950933035,3.3115808568468417,0.0,0.0,none
inventory,random,13,441,847.423512883801,10.296857544760178,2.0951050745922752,0.0,0,low_restock,0.3333333333333333,0.3333333333333333,0.3333333333333333,-298.0731410934618,3.7030139075414277,0.0,0.0,none
inventory,random,13,442,851.1232602670337,10.141658217814365,2.1048245716540865,0.0,2,high_restock,0.3333333333333333,0.3333333333333333,0.3333333333333333,-294.05614401935185,12.599179460229767,0.0,0.0,none
inventory,random,13,443,838.6175543410053,8.610262663919617,2.143165415204485,0.0,2,high_restock,0.3333333333333333,0.3333333333333333,0.3333333333333333,-290.6341420081573,9.779507966063667,0.0,0.0,none
inventory,random,13,444,828.8404057375924,8.805162550610717,2.0528588304419437,0.0,0,low_restock,0.3333333333333333,0.3333333333333333,0.3333333333333333,-292.18761610291557,5.468301070485314,0.0,0.0,none
inventory,random,13,445,834.3074745797588,8.73854746630285,1.9577940997245207,0.0,1,balanced_restock,0.3333333333333333,0.3333333333333333,0.3333333333333333,-292.03589837117215,1.0695192712744734,0.0,0.0,none
inventory,random,13,446,833.3597096319204,9.187239349623896,2.1682428324793146,0.0,1,balanced_restock,0.3333333333333333,0.3333333333333333,0.3333333333333333,-291.29661193675355,2.1126060768737256,0.0,0.0,none
inventory,random,13,447,831.2474626764387,9.224840481880992,2.178410917594541,0.0,2,high_restock,0.3333333333333333,0.3333333333333333,0.3333333333333333,-288.3394953676483,9.043014884693383,0.0,0.0,none
inventory,random,13,448,822.2842724789951,9.933343627597974,1.2112692621232148,0.0,2,high_restock,0.3333333333333333,0.3333333333333333,0.3333333333333333,-284.24727918192707,11.714886872499747,0.0,0.0,none
inventory,random,13,449,810.5922262340773,9.550364099296996,1.8341301800431533,0.0,1,balanced_restock,0.3333333333333333,0.3333333333333333,0.3333333333333333,-284.06293017643435,0.15701130712113567,0.0,0.0,none
inventory,random,13,450,810.5798005040981,9.65446518486785,1.951010955970338,0.0,0,low_restock,0.3333333333333333,0.3333333333333333,0.3333333333333333,-285.42555703792567,4.410060787180468,0.0,0.0,none
inventory,random,13,451,814.9873058226448,9.525519238144875,1.874160735194121,0.0,1,balanced_restock,0.3333333333333333,0.3333333333333333,0.3333333333333333,-285.9919550984746,1.3718326791955728,0.0,0.0,none
inventory,random,13,452,816.091300281356,10.168767520983451,2.373513097228249,0.0,0,low_restock,0.3333333333333333,0.3333333333333333,0.3333333333333333,-288.15736432839736,6.7418806478259885,0.0,0.0,none
inventory,random,13,453,822.7924695097068,10.901639406142326,2.4744310960081135,0.0,2,high_restock,0.3333333333333333,0.3333333333333333,0.3333333333333333,-286.2498802397114,6.737900711918829,0.0,0.0,none
inventory,random,13,454,816.3139435420325,11.944343461591009,0.9444717689030424,0.0,0,low_restock,0.3333333333333333,0.3333333333333333,0.3333333333333333,-289.31720930629336,9.8599039307186,0.0,0.0,none
inventory,random,13,455,826.1063123036953,12.705302359919417,1.8094348395973385,0.0,1,balanced_restock,0.3333333333333333,0.3333333333333333,0.3333333333333333,-288.90976792571826,1.6786362108132422,0.0,0.0,none
inventory,random,13,456,824.427908359195,12.688120507310035,1.8314464565384647,0.0,1,balanced_restock,0.3333333333333333,0.3333333333333333,0.3333333333333333,-290.7895741502631,5.498233595258946,0.0,0.0,none
inventory,random,13,457,829.798783286466,13.541496601021999,2.6413998047796916,0.0,1,balanced_restock,0.3333333333333333,0.3333333333333333,0.3333333333333333,-290.3602644468947,1.3054057430971437,0.0,0.0,none
inventory,random,13,458,828.5721841339848,13.155942924855589,2.8669813555280004,0.0,2,high_restock,0.3333333333333333,0.3333333333333333,0.3333333333333333,-290.59877780103034,1.4102616290565857,0.0,0.0,none
inventory,random,13,459,828.739365145801,14.485084320753703,3.3077437874428184,0.0,2,high_restock,0.3333333333333333,0.3333333333333333,0.3333333333333333,-289.6785234411304,2.6308118911209637,0.0,0.0,none
inventory,random,13,460,826.1100669746583,14.400750934192605,3.278585364989147,0.0,1,balanced_restock,0.3333333333333333,0.3333333333333333,0.3333333333333333,-290.3545704484958,2.6698205914156214,0.0,0.0,none
inventory,random,13,461,828.5559155671308,15.225601441587159,2.5963916289449926,0.0,2,high_restock,0.3333333333333333,0.3333333333333333,0.3333333333333333,-290.69513702213146,0.5486626753342523,0.0,0.0,none
inventory,random,13,462,829.0146772060899,15.443178783924797,2.8043064913905953,0.0,1,balanced_restock,0.3333333333333333,0.3333333333333333,0.3333333333333333,-291.5990161870671,3.4104473548040315,0.0,0.0,none
inventory,random,13,463,832.1114748201917,16.307858137241393,1.6670618769248398,0.0,2,high_restock,0.3333333333333333,0.3333333333333333,0.3333333333333333,-290.7321679688274,3.066655460862884,0.0,0.0,none
inventory,random,13,464,829.1204799109355,15.676222953026912,1.4234183617103786,0.0,0,low_restock,0.3333333333333333,0.3333333333333333,0.3333333333333333,-292.221013308207,5.413576133381442,0.0,0.0,none
inventory,random,13,465,834.4028951663057,14.858565638329509,2.2803501778259143,0.0,2,high_restock,0.3333333333333333,0.3333333333333333,0.3333333333333333,-292.21981863224454,1.155810440656945,0.0,0.0,none
inventory,random,13,466,833.3709103778416,15.362998962142177,2.4086162798855844,0.0,0,low_restock,0.3333333333333333,0.3333333333333333,0.3333333333333333,-295.15426994029633,9.447517815225606,0.0,0.0,none
inventory,random,13,467,842.7836284008467,14.753790238951371,1.8745778730386466,0.0,2,high_restock,0.3333333333333333,0.3333333333333333,0.3333333333333333,-293.36678128172974,6.17708914550816,0.0,0.0,none
inventory,random,13,468,836.6479465192278,14.10729433980724,2.177697010537726,0.0,2,high_restock,0.3333333333333333,0.3333333333333333,0.3333333333333333,-290.72475157690883,7.611844770964977,0.0,0.0,none
inventory,random,13,469,829.0992902197395,13.195762061760794,2.534176737227835,0.0,0,low_restock,0.3333333333333333,0.3333333333333333,0.3333333333333333,-292.6237035631866,6.459861197392563,0.0,0.0,none
inventory,random,13,470,835.5534387519617,13.43010871713119,2.396863013556965,0.0,1,balanced_restock,0.3333333333333333,0.3333333333333333,0.3333333333333333,-294.237493599882,4.107525218105415,0.0,0.0,none
inventory,random,13,471,839.6499817139485,13.255814267221364,2.1524849811985995,0.0,0,low_restock,0.3333333333333333,0.3333333333333333,0.3333333333333333,-297.23681179286325,9.084221724457889,0.0,0.0,none
inventory,random,13,472,848.7337479796093,13.19002391575251,2.0896646054609103,0.0,0,low_restock,0.3333333333333333,0.3333333333333333,0.3333333333333333,-299.10723623859366,5.345609190603862,0.0,0.0,none
inventory,random,13,473,854.0778178245533,13.08597426106509,2.1646898038161484,0.0,1,balanced_restock,0.3333333333333333,0.3333333333333333,0.3333333333333333,-297.68364799789947,4.707289618516477,0.0,0.0,none
inventory,random,13,474,849.4961371368556,12.47936938342323,3.0584504826289547,0.0,2,high_restock,0.3333333333333333,0.3333333333333333,0.3333333333333333,-296.2183661933845,4.70387397174411,0.0,0.0,none
inventory,random,13,475,844.7953319810986,12.64837864582736,3.0756870391653104,0.0,1,balanced_restock,0.3333333333333333,0.3333333333333333,0.3333333333333333,-294.58844196051103,4.459113776222727,0.0,0.0,none
inventory,random,13,476,840.6526913157458,11.000541920359444,2.992873312865428,0.0,2,high_restock,0.3333333333333333,0.3333333333333333,0.3333333333333333,-292.5665915480904,6.365463106588914,0.0,0.0,none
inventory,random,13,477,834.3616901374011,10.325588431558339,2.2951179665114414,0.0,0,low_restock,0.3333333333333333,0.3333333333333333,0.3333333333333333,-293.4447179956013,3.5562195023084797,0.0,0.0,none
inventory,random,13,478,837.8991942731467,9.96427528971867,2.2480600052748705,0.0,0,low_restock,0.3333333333333333,0.3333333333333333,0.3333333333333333,-295.8947703894223,7.090444089377122,0.0,0.0,none
inventory,random,13,479,844.8993439697781,11.080641366584489,2.0867268352280295,0.0,1,balanced_restock,0.3333333333333333,0.3333333333333333,0.3333333333333333,-294.0782846339821,5.884728994608718,0.0,0.0,none
inventory,random,13,480,839.1950989542346,9.679953394627205,2.4468620151949203,0.0,0,low_restock,0.3333333333333333,0.3333333333333333,0.3333333333333333,-295.77702441597546,5.4149496521038785,0.0,0.0,none
inventory,random,13,481,844.562926902787,10.382047117408268,2.3237066093416163,0.0,0,low_restock,0.3333333333333333,0.3333333333333333,0.3333333333333333,-297.4453914054762,4.771130043496083,0.0,0.0,none
inventory,random,13,482,849.3296897299319,10.193599918506177,2.245337642740319,0.0,0,low_restock,0.3333333333333333,0.3333333333333333,0.3333333333333333,-297.169627134077,1.4078566763176044,0.0,0.0,none
inventory,random,13,483,848.5417918116486,9.328519507700388,3.0282253577141667,0.0,2,high_restock,0.3333333333333333,0.3333333333333333,0.3333333333333333,-294.64129642174834,8.296977148767846,0.0,0.0,none
inventory,random,13,484,840.2894183478523,8.67801487561485,2.466971631809456,0.0,1,balanced_restock,0.3333333333333333,0.3333333333333333,0.3333333333333333,-292.9949864978981,4.206620893995577,0.0,0.0,none
inventory,random,13,485,836.0999614225659,8.98097249366627,2.2382213342483843,0.0,1,balanced_restock,0.3333333333333333,0.3333333333333333,0.3333333333333333,-292.7544032284562,0.6875689446325569,0.0,0.0,none
inventory,random,13,486,835.4125806527321,8.969930749989018,2.2265247201060556,0.0,2,high_restock,0.3333333333333333,0.3333333333333333,0.3333333333333333,-291.4647861975613,4.301204477206481,0.0,0.0,none
inventory,random,13,487,831.2136748501752,9.576797024048648,2.934524254995387,0.0,1,balanced_restock,0.3333333333333333,0.3333333333333333,0.3333333333333333,-291.23298851463136,1.6202155553557331,0.0,0.0,none
inventory,random,13,488,831.0656814703754,10.904777931745334,2.0181929207362095,0.0,0,low_restock,0.3333333333333333,0.3333333333333333,0.3333333333333333,-292.7780666385544,4.93513063717316,0.0,0.0,none
inventory,random,13,489,835.9944761101553,11.141011552460592,1.9363914459028386,0.0,0,low_restock,0.3333333333333333,0.3333333333333333,0.3333333333333333,-294.97912880253654,6.421403402594931,0.0,0.0,none
inventory,random,13,490,842.2832251501045,12.036652745507691,0.9962403810661614,0.0,0,low_restock,0.3333333333333333,0.3333333333333333,0.3333333333333333,-296.3597104122612,3.9655950115568115,0.0,0.0,none
inventory,random,13,491,846.2277440350321,11.763032676459963,1.2993024538308267,0.0,0,low_restock,0.3333333333333333,0.3333333333333333,0.3333333333333333,-298.5280089318251,6.216964881576866,0.0,0.0,none
inventory,random,13,492,852.4228826623576,11.44184156243645,0.8897343944658157,0.0,0,low_restock,0.3333333333333333,0.3333333333333333,0.3333333333333333,-299.88291911238895,3.894532926954966,0.0,0.0,none
inventory,random,13,493,856.2940546068256,11.045674627290035,1.0461513212876348,0.0,2,high_restock,0.3333333333333333,0.3333333333333333,0.3333333333333333,-299.2503765630759,3.0918970829990933,0.0,0.0,none
inventory,random,13,494,853.4582187516455,11.892748528298025,1.9407620637697012,0.0,0,low_restock,0.3333333333333333,0.3333333333333333,0.3333333333333333,-300.4115268022984,4.364116522157569,0.0,0.0,none
inventory,random,13,495,857.8043622922811,11.504227428435325,2.015599875882113,0.0,2,high_restock,0.3333333333333333,0.3333333333333333,0.3333333333333333,-299.5137841193045,3.7039742056989375,0.0,0.0,none
inventory,random,13,496,854.2108117694414,12.39661354688189,2.112896185604675,0.0,1,balanced_restock,0.3333333333333333,0.3333333333333333,0.3333333333333333,-299.31156303522204,0.0822306705878112,0.0,0.0,none
inventory,random,13,497,854.1473229577772,12.344888059083955,2.120347889493781,0.0,1,balanced_restock,0.3333333333333333,0.3333333333333333,0.3333333333333333,-300.4476872175028,3.4237113202935214,0.0,0.0,none
inventory,random,13,498,857.393392050008,13.419867488636495,1.9493102351333833,0.0,0,low_restock,0.3333333333333333,0.3333333333333333,0.3333333333333333,-302.14290530632866,5.412305861677416,0.0,0.0,none
inventory,random,13,499,862.7511580180819,12.658587853287301,1.8606993526266122,0.0,0,low_restock,0.3333333333333333,0.3333333333333333,0.3333333333333333,-303.9659331331894,5.21505467733208,0.0,0.0,none
inventory,random,13,500,867.9598089519698,12.831089331937756,1.6683611704163324,0.0,0,low_restock,0.3333333333333333,0.3333333333333333,0.3333333333333333,-307.4621620554938,10.001330814497036,0.0,0.0,none
inventory,random,13,501,877.9490344442681,13.147644534965355,2.0449045656052967,0.0,2,high_restock,0.3333333333333333,0.3333333333333333,0.3333333333333333,-307.35464598417195,1.6626407266708174,0.0,0.0,none
inventory,random,13,502,876.6132742404914,14.093190256542831,2.3382680813962526,0.0,2,high_restock,0.3333333333333333,0.3333333333333333,0.3333333333333333,-307.3028856268597,0.7021741781503331,0.0,0.0,none
inventory,random,13,503,876.4653875053134,14.614399091061069,2.7849440722885768,0.0,1,balanced_restock,0.3333333333333333,0.3333333333333333,0.3333333333333333,-308.49691661121,4.0637155076402065,0.0,0.0,none
inventory,random,13,504,880.3911903177429,15.528006459932191,2.268051839322929,0.0,2,high_restock,0.3333333333333333,0.3333333333333333,0.3333333333333333,-308.73463781789764,1.936245675894378,0.0,0.0,none
inventory,random,13,505,880.5561080511361,16.919259819833265,0.9315401307336959,0.0,0,low_restock,0.3333333333333333,0.3333333333333333,0.3333333333333333,-310.1149198260752,5.339903703474513,0.0,0.0,none
inventory,random,13,506,885.528342360215,15.915861583189363,2.6002670456899875,0.0,2,high_restock,0.3333333333333333,0.3333333333333333,0.3333333333333333,-309.22953828670836,3.5859684518376125,0.0,0.0,none
inventory,random,13,507,881.9701093905953,15.4713670300208,2.6241932591332335,0.0,2,high_restock,0.3333333333333333,0.3333333333333333,0.3333333333333333,-307.8444599621249,4.038540853487913,0.0,0.0,none
inventory,random,13,508,878.0127427489283,14.709471048722992,2.362323057708554,0.0,1,balanced_restock,0.3333333333333333,0.3333333333333333,0.3333333333333333,-306.9189708323853,2.5119685126428024,0.0,0.0,none
inventory,random,13,509,875.8827738068152,13.49831669781446,2.9157878284191425,0.0,0,low_restock,0.3333333333333333,0.3333333333333333,0.3333333333333333,-307.8197382106208,3.6573322610962387,0.0,0.0,none
inventory,random,13,510,878.9706806017738,11.68291451012754,2.17739376652171,0.0,0,low_restock,0.3333333333333333,0.3333333333333333,0.3333333333333333,-309.0081047881971,3.415035697501677,0.0,0.0,none
inventory,random,13,511,882.3660136805631,11.367534264069645,2.363719823974947,0.0,2,high_restock,0.3333333333333333,0.3333333333333333,0.3333333333333333,-306.9796570248719,6.877616030125581,0.0,0.0,none
inventory,random,13,512,875.5418772139197,10.714353564664895,1.8104398619363156,0.0,0,low_restock,0.3333333333333333,0.3333333333333333,0.3333333333333333,-309.01086541356534,6.849939890592419,0.0,0.0,none
inventory,random,13,513,882.3739011816152,10.472231686537402,1.3785810821299314,0.0,2,high_restock,0.3333333333333333,0.3333333333333333,0.3333333333333333,-307.20386252494325,6.203748778384399,0.0,0.0,none
inventory,random,13,514,876.1824643569807,10.859938110033113,1.42646303119428,0.0,0,low_restock,0.3333333333333333,0.3333333333333333,0.3333333333333333,-308.360633926066,4.347596159538557,0.0,0.0,none
inventory,random,13,515,880.5160969316171,11.109083265968662,1.1832598943743264,0.0,2,high_restock,0.3333333333333333,0.3333333333333333,0.3333333333333333,-304.5482961386931,11.9944317477684,0.0,0.0,none
inventory,random,13,516,868.5951318248375,10.445823628854864,2.3308968267678654,0.0,2,high_restock,0.3333333333333333,0.3333333333333333,0.3333333333333333,-302.0998566703302,6.995632125834332,0.0,0.0,none
inventory,random,13,517,861.5995904866578,10.411542654547596,2.321147948626997,0.0,2,high_restock,0.3333333333333333,0.3333333333333333,0.3333333333333333,-299.0115414822633,8.859943129178395,0.0,0.0,none
inventory,random,13,518,852.7758328064665,9.68038632497024,1.9966435954060242,0.0,2,high_restock,0.3333333333333333,0.3333333333333333,0.3333333333333333,-294.938295967544,11.688742454792367,0.0,0.0,none
inventory,random,13,519,841.1379884786971,8.591104824343272,2.0239454170288984,0.0,1,balanced_restock,0.3333333333333333,0.3333333333333333,0.3333333333333333,-294.0453008394291,2.0393397366037167,0.0,0.0,none
inventory,random,13,520,839.100859541226,8.516952521921766,1.964669035103552,0.0,1,balanced_restock,0.3333333333333333,0.3333333333333333,0.3333333333333333,-292.3219574514982,4.932748208631626,0.0,0.0,none
inventory,random,13,521,834.1770212899947,8.716377893031432,1.7454629977133564,0.0,1,balanced_restock,0.3333333333333333,0.3333333333333333,0.3333333333333333,-290.83645897619965,4.314032573895791,0.0,0.0,none
inventory,random,13,522,829.932739931999,8.06662988906822,1.3273956177978257,0.0,1,balanced_restock,0.3333333333333333,0.3333333333333333,0.3333333333333333,-289.83713306863075,2.855228564841968,0.0,0.0,none
inventory,random,13,523,827.0775230532307,8.060338049352827,1.3221854892623948,0.0,2,high_restock,0.3333333333333333,0.3333333333333333,0.3333333333333333,-287.8689648609121,6.246199210980619,0.0,0.0,none
inventory,random,13,524,820.939899602606,9.160382224781765,1.6889085096765504,0.0,0,low_restock,0.3333333333333333,0.3333333333333333,0.3333333333333333,-287.8884361848723,1.2329648137717368,0.0,0.0,none
inventory,random,13,525,822.0241033853496,8.584648768824714,1.8039536189837935,0.0,1,balanced_restock,0.3333333333333333,0.3333333333333333,0.3333333333333333,-287.43677570226384,1.911759013543122,0.0,0.0,none
inventory,random,13,526,820.2193591493252,9.208467571866091,1.7113746290766059,0.0,0,low_restock,0.3333333333333333,0.3333333333333333,0.3333333333333333,-288.3069135248473,3.014194534677009,0.0,0.0,none
inventory,random,13,527,823.2197529281352,9.457402599227242,1.5663325072372662,0.0,1,balanced_restock,0.3333333333333333,0.3333333333333333,0.3333333333333333,-288.8282915600737,1.3420408215918271,0.0,0.0,none
inventory,random,13,528,824.1951187430677,10.223519137967395,2.07897326151723,0.0,1,balanced_restock,0.3333333333333333,0.3333333333333333,0.3333333333333333,-289.74966303400765,2.764092894275854,0.0,0.0,none
inventory,random,13,529,826.8276086685934,10.77754181319745,2.7140049107467576,0.0,0,low_restock,0.3333333333333333,0.3333333333333333,0.3333333333333333,-291.2199503407927,4.819827375552632,0.0,0.0,none
inventory,random,13,530,831.5427152594078,11.503722374811623,2.0275884487367364,0.0,1,balanced_restock,0.3333333333333333,0.3333333333333333,0.3333333333333333,-292.3937305615491,2.9968688665265737,0.0,0.0,none
inventory,random,13,531,834.3820873187117,12.432545633877275,2.26523664548882,0.0,1,balanced_restock,0.3333333333333333,0.3333333333333333,0.3333333333333333,-292.8286042050142,1.6976893563181417,0.0,0.0,none
inventory,random,13,532,835.6245834428977,13.280966102952476,1.4787665318844443,0.0,1,balanced_restock,0.3333333333333333,0.3333333333333333,0.3333333333333333,-292.71609044975736,0.43553768006705174,0.0,0.0,none
inventory,random,13,533,835.3031155707354,13.021599365533524,1.6168982568656034,0.0,2,high_restock,0.3333333333333333,0.3333333333333333,0.3333333333333333,-290.9695224926081,5.525194217718981,0.0,0.0,none
inventory,random,13,534,829.798635693166,12.594205404914529,1.4028729700980989,0.0,1,balanced_restock,0.3333333333333333,0.3333333333333333,0.3333333333333333,-291.7989036244427,3.0049497252302317,0.0,0.0,none
inventory,random,13,535,832.682581784122,13.42797330494285,1.2709302381903191,0.0,1,balanced_restock,0.3333333333333333,0.3333333333333333,0.3333333333333333,-293.63733292819774,5.3218640989127985,0.0,0.0,none
inventory,random,13,536,837.9352369377078,13.91062992379924,1.977254464788501,0.0,1,balanced_restock,0.3333333333333333,0.3333333333333333,0.3333333333333333,-294.9510693534123,3.78790386928624,0.0,0.0,none
inventory,random,13,537,841.688769581178,14.41283722765607,2.060898001958336,0.0,1,balanced_restock,0.3333333333333333,0.3333333333333333,0.3333333333333333,-294.60190544242124,1.0242369236031017,0.0,0.0,none
inventory,random,13,538,840.6911584069178,14.27760856723649,2.249435611108947,0.0,0,low_restock,0.3333333333333333,0.3333333333333333,0.3333333333333333,-298.3509190941976,11.265639737178672,0.0,0.0,none
inventory,random,13,539,851.9169116977074,15.223655200908283,2.295234182523436,0.0,0,low_restock,0.3333333333333333,0.3333333333333333,0.3333333333333333,-301.6791449580858,9.510040257177648,0.0,0.0,none
inventory,random,13,540,861.4261284516738,15.348709333510346,2.2903471441646674,0.0,2,high_restock,0.3333333333333333,0.3333333333333333,0.3333333333333333,-300.66098502979196,3.9931165341570694,0.0,0.0,none
inventory,random,13,541,857.4885286565484,14.710658343768102,2.1081976361332746,0.0,0,low_restock,0.3333333333333333,0.3333333333333333,0.3333333333333333,-302.52373375226085,6.387860643742214,0.0,0.0,none
inventory,random,13,542,863.8392392921739,14.030093942199198,2.20854763234862,0.0,0,low_restock,0.3333333333333333,0.3333333333333333,0.3333333333333333,-305.1910978451986,7.657670215998899,0.0,0.0,none
inventory,random,13,543,871.4602795577104,14.553824230158506,1.6743519813522432,0.0,2,high_restock,0.3333333333333333,0.3333333333333333,0.3333333333333333,-304.5871405820271,2.8320999893232184,0.0,0.0,none
inventory,random,13,544,868.7061159486489,14.157840850188293,1.146554362152125,0.0,0,low_restock,0.3333333333333333,0.3333333333333333,0.3333333333333333,-306.13304975123316,5.508720685607992,0.0,0.0,none
inventory,random,13,545,874.1515707178091,13.345088453227072,1.3267195372242027,0.0,1,balanced_restock,0.3333333333333333,0.3333333333333333,0.3333333333333333,-305.5835139223466,2.2974682160019047,0.0,0.0,none
inventory,random,13,546,872.0671826352759,12.515730795745508,1.8225545913592833,0.0,1,balanced_restock,0.3333333333333333,0.3333333333333333,0.3333333333333333,-306.75530145322995,3.4155919760058238,0.0,0.0,none
inventory,random,13,547,875.4151470092285,13.115181543410902,2.1357029562333136,0.0,0,low_restock,0.3333333333333333,0.3333333333333333,0.3333333333333333,-308.4496869944108,5.375169162998148,0.0,0.0,none
inventory,random,13,548,880.7705342697451,12.66205094240695,2.2190304977554782,0.0,0,low_restock,0.3333333333333333,0.3333333333333333,0.3333333333333333,-309.1109369026624,2.4052856652691545,0.0,0.0,none
inventory,random,13,549,882.6598197218926,11.190740754648747,2.445406166173913,0.0,1,balanced_restock,0.3333333333333333,0.3333333333333333,0.3333333333333333,-309.98220112749414,2.0539956495979976,0.0,0.0,none
inventory,random,13,550,884.634860364269,11.69665792929197,2.6947260449041353,0.0,1,balanced_restock,0.3333333333333333,0.3333333333333333,0.3333333333333333,-308.3304691588561,4.775527543273618,0.0,0.0,none
inventory,random,13,551,879.9156261681602,11.169688706576839,3.201475842292647,0.0,1,balanced_restock,0.3333333333333333,0.3333333333333333,0.3333333333333333,-307.2540828815081,3.4116168542616734,0.0,0.0,none
inventory,random,13,552,876.8402368043089,9.885017959016057,2.4729630480643503,0.0,0,low_restock,0.3333333333333333,0.3333333333333333,0.3333333333333333,-308.68913442655577,4.617363697429777,0.0,0.0,none
inventory,random,13,553,881.4546697901593,9.736827104082815,2.4015823507265326,0.0,0,low_restock,0.3333333333333333,0.3333333333333333,0.3333333333333333,-310.3328944714716,4.733164122457426,0.0,0.0,none
inventory,random,13,554,886.1511270613474,10.298261467890933,2.2257325137700423,0.0,1,balanced_restock,0.3333333333333333,0.3333333333333333,0.3333333333333333,-310.6414413921463,0.693671929810514,0.0,0.0,none
inventory,random,13,555,886.5184039775609,9.97670872265834,1.7328915200842683,0.0,2,high_restock,0.3333333333333333,0.3333333333333333,0.3333333333333333,-306.7805324721399,11.549743634937867,0.0,0.0,none
inventory,random,13,556,874.9729499203996,9.811464750447852,2.000777832565932,0.0,2,high_restock,0.3333333333333333,0.3333333333333333,0.3333333333333333,-303.8250001432709,8.44541784522692,0.0,0.0,none
inventory,random,13,557,866.528571837917,9.937667006721592,1.9603504770374982,0.0,1,balanced_restock,0.3333333333333333,0.3333333333333333,0.3333333333333333,-303.6700560088782,0.3494661948787375,0.0,0.0,none
inventory,random,13,558,866.6001600253663,10.229098047041395,2.1394306309319298,0.0,2,high_restock,0.3333333333333333,0.3333333333333333,0.3333333333333333,-300.6632452246982,9.112398530310871,0.0,0.0,none
inventory,random,13,559,857.4949863562805,9.86877185898661,2.181673609040569,0.0,0,low_restock,0.3333333333333333,0.3333333333333333,0.3333333333333333,-302.07753707757325,5.082189585911679,0.0,0.0,none
inventory,random,13,560,862.5643916502094,9.609197534529716,1.9318694395040164,0.0,1,balanced_restock,0.3333333333333333,0.3333333333333333,0.3333333333333333,-301.33207172658354,2.806718013128423,0.0,0.0,none
inventory,random,13,561,859.9202049330958,10.189451002539247,1.1907564095804515,0.0,1,balanced_restock,0.3333333333333333,0.3333333333333333,0.3333333333333333,-301.22408899004944,0.5324799257652656,0.0,0.0,none
inventory,random,13,562,859.6116828287127,10.616622198159158,1.2673968172168286,0.0,1,balanced_restock,0.3333333333333333,0.3333333333333333,0.3333333333333333,-301.93005246111863,2.129525408763712,0.0,0.0,none
inventory,random,13,563,861.6287213174818,11.005712258423092,1.82868384396701,0.0,1,balanced_restock,0.3333333333333333,0.3333333333333333,0.3333333333333333,-301.05872359053114,2.495951806792895,0.0,0.0,none
inventory,random,13,564,859.1392102586605,11.12884478047599,1.698497470440892,0.0,2,high_restock,0.3333333333333333,0.3333333333333333,0.3333333333333333,-299.54498099793625,4.8607020867576125,0.0,0.0,none
inventory,random,13,565,854.2999457083893,11.54711081163596,1.880148002716513,0.0,1,balanced_restock,0.3333333333333333,0.3333333333333333,0.3333333333333333,-298.84554859731236,1.5191503404355275,0.0,0.0,none
inventory,random,13,566,852.8158531351783,11.779129640416496,1.6533127010621238,0.0,2,high_restock,0.3333333333333333,0.3333333333333333,0.3333333333333333,-298.1006180557645,2.79271111294443,0.0,0.0,none
inventory,random,13,567,850.1731944450415,12.51230232326576,2.180615484035783,0.0,1,balanced_restock,0.3333333333333333,0.3333333333333333,0.3333333333333333,-298.92184564850714,2.8689502014062174,0.0,0.0,none
inventory,random,13,568,853.0338447100205,12.681024678507749,2.3187751252705096,0.0,1,balanced_restock,0.3333333333333333,0.3333333333333333,0.3333333333333333,-300.3507842292094,4.301784194527662,0.0,0.0,none
inventory,random,13,569,857.1165263691698,13.99546322210189,1.988155946383689,0.0,1,balanced_restock,0.3333333333333333,0.3333333333333333,0.3333333333333333,-301.97775890948236,4.704292953212691,0.0,0.0,none
inventory,random,13,570,861.7650254556639,14.693015949454963,2.1759021183084504,0.0,0,low_restock,0.3333333333333333,0.3333333333333333,0.3333333333333333,-304.88210460572765,8.974137388066454,0.0,0.0,none
inventory,random,13,571,870.5774417306504,15.552317719094455,0.713690873330608,0.0,1,balanced_restock,0.3333333333333333,0.3333333333333333,0.3333333333333333,-307.15806705753255,6.030237707703266,0.0,0.0,none
inventory,random,13,572,876.5659058786645,16.078542286724627,1.1881923630852327,0.0,2,high_restock,0.3333333333333333,0.3333333333333333,0.3333333333333333,-305.20216385129373,6.1935317227846545,0.0,0.0,none
inventory,random,13,573,870.4633252894107,15.485896115878074,2.0640438738928455,0.0,0,low_restock,0.3333333333333333,0.3333333333333333,0.3333333333333333,-308.14610986829166,9.440745192624941,0.0,0.0,none
inventory,random,13,574,879.9031710522619,15.357328936618433,2.042777796003045,0.0,1,balanced_restock,0.3333333333333333,0.3333333333333333,0.3333333333333333,-308.17210129586084,1.1603428795942798,0.0,0.0,none
inventory,random,13,575,879.4631465596025,14.339624220787726,2.384905192539656,0.0,1,balanced_restock,0.3333333333333333,0.3333333333333333,0.3333333333333333,-309.45487727104535,3.669489938237807,0.0,0.0,none
inventory,random,13,576,883.1282207744152,14.510155808752979,2.442406359911913,0.0,0,low_restock,0.3333333333333333,0.3333333333333333,0.3333333333333333,-312.9314564488237,10.459290348110521,0.0,0.0,none
inventory,random,13,577,893.575589853782,14.20193679502351,2.0496787887587544,0.0,2,high_restock,0.3333333333333333,0.3333333333333333,0.3333333333333333,-311.5770319373173,4.909511321698779,0.0,0.0,none
inventory,random,13,578,888.6772341066209,14.442781763442017,1.8229496699210606,0.0,0,low_restock,0.3333333333333333,0.3333333333333333,0.3333333333333333,-315.1047221449113,11.116286827832141,0.0,0.0,none
inventory,random,13,579,899.7849204140324,14.776349872354093,2.1055625703579723,0.0,1,balanced_restock,0.3333333333333333,0.3333333333333333,0.3333333333333333,-315.8688834294509,1.806073537168888,0.0,0.0,none
inventory,random,13,580,901.453952655574,15.198161219194281,1.5593866041773647,0.0,0,low_restock,0.3333333333333333,0.3333333333333333,0.3333333333333333,-317.6361703794307,5.648551024776146,0.0,0.0,none
inventory,random,13,581,907.0176296555164,14.37788177622021,2.0873719782599003,0.0,1,balanced_restock,0.3333333333333333,0.3333333333333333,0.3333333333333333,-317.51180273622674,1.3740081914406572,0.0,0.0,none
inventory,random,13,582,906.1480078177907,13.314483592801713,2.116366339759808,0.0,0,low_restock,0.3333333333333333,0.3333333333333333,0.3333333333333333,-320.0490044800839,7.7645624254285055,0.0,0.0,none
inventory,random,13,583,913.9114413716684,13.446841453009503,2.1196082132064884,0.0,1,balanced_restock,0.3333333333333333,0.3333333333333333,0.3333333333333333,-320.1367383565554,1.4941681717129256,0.0,0.0,none
inventory,random,13,584,913.6478238758725,12.372580692368013,1.1151142314344578,0.0,0,low_restock,0.3333333333333333,0.3333333333333333,0.3333333333333333,-320.84665735324984,2.797204868750345,0.0,0.0,none
inventory,random,13,585,916.1904495807138,11.347299385027965,1.670278931014812,0.0,1,balanced_restock,0.3333333333333333,0.3333333333333333,0.3333333333333333,-320.36698340930985,1.9079172966371936,0.0,0.0,none
inventory,random,13,586,914.3056668837424,11.057607445645209,1.7320945945756523,0.0,2,high_restock,0.3333333333333333,0.3333333333333333,0.3333333333333333,-319.48838963790485,3.179524511346234,0.0,0.0,none
inventory,random,13,587,911.2811132511566,11.826621086673185,2.34042794215436,0.0,2,high_restock,0.3333333333333333,0.3333333333333333,0.3333333333333333,-316.8599954630187,7.540388475666681,0.0,0.0,none
inventory,random,13,588,903.7714156086249,11.171994847391291,2.1577693300817695,0.0,0,low_restock,0.3333333333333333,0.3333333333333333,0.3333333333333333,-318.51077084278705,5.745072794718182,0.0,0.0,none
inventory,random,13,589,909.5164881222488,11.173732849275249,2.158226674393904,0.0,1,balanced_restock,0.3333333333333333,0.3333333333333333,0.3333333333333333,-317.7484258828135,2.702214633888199,0.0,0.0,none
inventory,random,13,590,906.8240739508957,11.326724874036376,1.9865779113456834,0.0,2,high_restock,0.3333333333333333,0.3333333333333333,0.3333333333333333,-313.7771957774594,11.922225192084559,0.0,0.0,none
inventory,random,13,591,894.9634165070267,10.53154992465686,2.898693764651142,0.0,2,high_restock,0.3333333333333333,0.3333333333333333,0.3333333333333333,-311.0504498967395,7.913595989873669,0.0,0.0,none
inventory,random,13,592,887.1727139906843,9.578320147905549,1.88809553314917,0.0,1,balanced_restock,0.3333333333333333,0.3333333333333333,0.3333333333333333,-309.0536976606605,5.246760172838321,0.0,0.0,none
inventory,random,13,593,881.9819933161727,8.842115541509582,2.0952524012514444,0.0,1,balanced_restock,0.3333333333333333,0.3333333333333333,0.3333333333333333,-306.95413298734877,6.118565462011337,0.0,0.0,none
inventory,random,13,594,875.9832371067108,7.693349796892417,1.731790551322039,0.0,0,low_restock,0.3333333333333333,0.3333333333333333,0.3333333333333333,-308.15268813387934,3.9429312402603336,0.0,0.0,none
inventory,random,13,595,879.9219660967982,7.819578429180514,1.8628899047025482,0.0,0,low_restock,0.3333333333333333,0.3333333333333333,0.3333333333333333,-309.7167268493083,4.551858100188065,0.0,0.0,none
inventory,random,13,596,884.390648140881,8.685446326770863,1.886675132513901,0.0,1,balanced_restock,0.3333333333333333,0.3333333333333333,0.3333333333333333,-307.54891186916376,6.783267450525575,0.0,0.0,none
inventory,random,13,597,877.682605340468,7.70197826995673,2.1050089924906894,0.0,2,high_restock,0.3333333333333333,0.3333333333333333,0.3333333333333333,-305.97738317182035,5.21430011979681,0.0,0.0,none
inventory,random,13,598,872.6782376337725,8.939248863519953,2.888840016245395,0.0,1,balanced_restock,0.3333333333333333,0.3333333333333333,0.3333333333333333,-303.6567490924976,6.116190065508255,0.0,0.0,none
inventory,random,13,599,866.5621402642789,8.915780631513632,2.9129880261497285,0.0,2,high_restock,0.3333333333333333,0.3333333333333333,0.3333333333333333,-300.12703172998516,10.611339432259467,0.0,0.0,none
