env,policy,seed,t,q,mu,sigma,rho,a,action_label,p0,p1,p2,r,state_delta,intervention_active,intervention_start,intervention_name
inventory,random,19,0,0.0,12.31002376440775,0.5496121559987076,0.55,1,balanced_restock,0.3333333333333333,0.3333333333333333,0.3333333333333333,-3.122037160257345,1.230096917994206,0.0,0.0,none
inventory,random,19,1,0.0,12.963230202324173,1.590398355640681,0.49322092147452584,0,low_restock,0.3333333333333333,0.3333333333333333,0.3333333333333333,-2.5570285231152,0.5140888848934502,0.0,0.0,none
inventory,random,19,2,0.0,12.497822710309844,1.7976577905836002,0.42446937912771426,2,high_restock,0.3333333333333333,0.3333333333333333,0.3333333333333333,-3.5436155282459194,0.46351721793050604,0.0,0.0,none
inventory,random,19,3,0.0,12.114982271720582,2.0337974054544627,0.5363599157581999,1,balanced_restock,0.3333333333333333,0.3333333333333333,0.3333333333333333,-3.401463111258953,0.10497950628503379,0.0,0.0,none
inventory,random,19,4,0.0,12.01116995219339,2.0478694263820323,0.543118412724813,1,balanced_restock,0.3333333333333333,0.3333333333333333,0.3333333333333333,-3.4063745546173654,0.07363608474632971,0.0,0.0,none
inventory,random,19,5,0.0,12.084063613456587,2.037476259434964,0.5439954561816723,2,high_restock,0.3333333333333333,0.3333333333333333,0.3333333333333333,-3.9992172202857654,1.2840837516843286,0.0,0.0,none
inventory,random,19,6,0.0,11.457049849928948,0.919312629874797,0.6177173607653152,0,low_restock,0.3333333333333333,0.3333333333333333,0.3333333333333333,-3.105801243551254,0.3849882995806355,0.0,0.0,none
inventory,random,19,7,0.0,11.828068198909865,0.9578907263940954,0.5224645077770096,2,high_restock,0.3333333333333333,0.3333333333333333,0.3333333333333333,-3.976242328296339,0.5177482970843168,0.0,0.0,none
inventory,random,19,8,0.0,12.11843299987395,0.5390312945050268,0.6136147014814891,0,low_restock,0.3333333333333333,0.3333333333333333,0.3333333333333333,-3.0146573967964847,0.434355384666328,0.0,0.0,none
inventory,random,19,9,0.0,12.517014286156172,0.6741506439195029,0.5061888208565151,0,low_restock,0.3333333333333333,0.3333333333333333,0.3333333333333333,-2.416176954890602,0.3269320468471451,0.0,0.0,none
inventory,random,19,10,0.0,12.82549399931691,0.6915664617929927,0.3993173133733217,0,low_restock,0.3333333333333333,0.3333333333333333,0.3333333333333333,-1.6529654348693334,0.8165182009553302,0.0,0.0,none
inventory,random,19,11,0.0,13.36562946354108,1.2885432587764838,0.2630295419409524,2,high_restock,0.3333333333333333,0.3333333333333333,0.3333333333333333,-2.452145320097158,0.08650408481522542,0.0,0.0,none
inventory,random,19,12,0.0,13.334139808635243,1.3070062193537118,0.34145452144592103,2,high_restock,0.3333333333333333,0.3333333333333333,0.3333333333333333,-2.9886097969939383,0.14593429813796385,0.0,0.0,none
inventory,random,19,13,0.0,13.269081328256004,1.3958155916517363,0.4372517494632032,2,high_restock,0.3333333333333333,0.3333333333333333,0.3333333333333333,-3.460338014020403,0.3021180264806706,0.0,0.0,none
inventory,random,19,14,0.0,12.985798456940202,1.4585070103447222,0.521488931075072,0,low_restock,0.3333333333333333,0.3333333333333333,0.3333333333333333,-2.419634142631825,0.2684335151299375,0.0,0.0,none
inventory,random,19,15,0.0,13.191357030646941,1.5810908022116137,0.39993466832711155,0,low_restock,0.3333333333333333,0.3333333333333333,0.3333333333333333,-1.8673212670703956,0.7440960964491672,0.0,0.0,none
inventory,random,19,16,0.0,12.664110419497344,1.0653751173297121,0.3013073691197135,0,low_restock,0.3333333333333333,0.3333333333333333,0.3333333333333333,-1.1281546689527067,0.6917889692999406,0.0,0.0,none
inventory,random,19,17,0.0,13.209976627861128,1.4693301089268085,0.16931333374155477,0,low_restock,0.3333333333333333,0.3333333333333333,0.3333333333333333,-0.3813804550421943,0.8375578202569206,0.0,0.0,none
inventory,random,19,18,0.0,14.018073354879357,1.2941162892320748,0.03596079554324899,1,balanced_restock,0.3333333333333333,0.3333333333333333,0.3333333333333333,-0.5822715941287794,0.13310305215465687,0.0,0.0,none
inventory,random,19,19,0.0,13.945166049729057,1.40541332543062,0.03969135609442489,1,balanced_restock,0.3333333333333333,0.3333333333333333,0.3333333333333333,-0.8446993417866382,1.5641749727901562,0.0,0.0,none
inventory,random,19,20,0.0,12.787337002112965,2.456069875302962,0.0865534538904711,0,low_restock,0.3333333333333333,0.3333333333333333,0.3333333333333333,-0.5977296958893681,1.198695985498844,0.0,0.0,none
inventory,random,19,21,1.1935134168267663,12.857005851041341,2.4633183657780635,0.0,0,low_restock,0.3333333333333333,0.3333333333333333,0.3333333333333333,-3.0452641002474303,7.013269295856486,0.0,0.0,none
inventory,random,19,22,8.186468857849801,12.407680443951726,2.175869075270302,0.0,2,high_restock,0.3333333333333333,0.3333333333333333,0.3333333333333333,-0.551908451148542,8.27318274889747,0.0,0.0,none
inventory,random,19,23,0.0,11.27368000973413,1.7999449748679854,0.002126509133668212,2,high_restock,0.3333333333333333,0.3333333333333333,0.3333333333333333,-1.083694190498309,0.12313527793295165,0.0,0.0,none
inventory,random,19,24,0.0,11.196443509076175,1.7865626084246555,0.09708824830326945,0,low_restock,0.3333333333333333,0.3333333333333333,0.3333333333333333,-0.5539342886343701,0.21269591555601838,0.0,0.0,none
inventory,random,19,25,0.0,11.076912632880672,1.959862831373888,0.06677398011328037,2,high_restock,0.3333333333333333,0.3333333333333333,0.3333333333333333,-1.3335430907256187,0.16162455138204765,0.0,0.0,none
inventory,random,19,26,0.0,10.9774395898206,1.856843013138454,0.14170412334386046,1,balanced_restock,0.3333333333333333,0.3333333333333333,0.3333333333333333,-1.1628701767276648,0.29769541920388626,0.0,0.0,none
inventory,random,19,27,0.0,10.75553078661088,1.6584084606718168,0.1433696744156544,1,balanced_restock,0.3333333333333333,0.3333333333333333,0.3333333333333333,-1.210621070104232,0.35805136087180967,0.0,0.0,none
inventory,random,19,28,0.0,11.103218452610776,1.5733123083588323,0.15189661966146994,2,high_restock,0.3333333333333333,0.3333333333333333,0.3333333333333333,-1.8198646387575725,0.2930988940754601,0.0,0.0,none
inventory,random,19,29,0.0,11.359573879351842,1.6929515021724488,0.22854725692099506,2,high_restock,0.3333333333333333,0.3333333333333333,0.3333333333333333,-2.7090930433461184,0.5612801353932734,0.0,0.0,none
inventory,random,19,30,0.0,11.112103113220629,2.171050965056,0.387338043454664,1,balanced_restock,0.3333333333333333,0.3333333333333333,0.3333333333333333,-2.730273632423121,0.6630186710896561,0.0,0.0,none
inventory,random,19,31,0.0,10.458173645756244,2.067709798949943,0.4232631486469859,1,balanced_restock,0.3333333333333333,0.3333333333333333,0.3333333333333333,-2.7978509741560025,0.16730152112220983,0.0,0.0,none
inventory,random,19,32,0.0,10.312548006429155,1.9862398632611749,0.43533053109928616,1,balanced_restock,0.3333333333333333,0.3333333333333333,0.3333333333333333,-2.800106516134396,0.13574388305670773,0.0,0.0,none
inventory,random,19,33,0.0,10.426286384924591,2.0603331883084217,0.43573330645257075,2,high_restock,0.3333333333333333,0.3333333333333333,0.3333333333333333,-3.699656926046987,0.790756993390097,0.0,0.0,none
inventory,random,19,34,0.0,9.700519281776463,1.7738916404566822,0.5642244510798191,2,high_restock,0.3333333333333333,0.3333333333333333,0.3333333333333333,-4.549756662465898,0.23534658894308463,0.0,0.0,none
inventory,random,19,35,0.0,9.798340952200553,1.6229789911713715,0.7160279754403388,0,low_restock,0.3333333333333333,0.3333333333333333,0.3333333333333333,-3.7332733209177325,0.47598009709649935,0.0,0.0,none
inventory,random,19,36,0.0,10.242500778763471,1.773426408044365,0.6345130930210235,0,low_restock,0.3333333333333333,0.3333333333333333,0.3333333333333333,-3.573362250827808,0.64329577953206,0.0,0.0,none
inventory,random,19,37,0.0,9.611221808320488,1.8938460995631226,0.6059575447906799,1,balanced_restock,0.3333333333333333,0.3333333333333333,0.3333333333333333,-3.6498331818233862,0.45337429037402555,0.0,0.0,none
inventory,random,19,38,0.0,9.875683335777524,2.261632132682965,0.5874702110398904,0,low_restock,0.3333333333333333,0.3333333333333333,0.3333333333333333,-3.2933515630677848,0.18274309395225186,0.0,0.0,none
inventory,random,19,39,0.0,9.715763407448005,2.344260738425157,0.5559556362621044,2,high_restock,0.3333333333333333,0.3333333333333333,0.3333333333333333,-4.110842853998964,0.9985476996675143,0.0,0.0,none
inventory,random,19,40,0.0,10.697284521167337,2.1798230313814853,0.637650509642672,1,balanced_restock,0.3333333333333333,0.3333333333333333,0.3333333333333333,-3.854003699612394,0.30193661459775123,0.0,0.0,none
inventory,random,19,41,0.0,10.948174053263346,2.3472502945773885,0.6239292320736418,0,low_restock,0.3333333333333333,0.3333333333333333,0.3333333333333333,-3.311857286279043,0.6887050612473218,0.0,0.0,none
inventory,random,19,42,0.0,11.453762411371912,1.8840948199645828,0.5592602296926862,1,balanced_restock,0.3333333333333333,0.3333333333333333,0.3333333333333333,-3.3468567138264067,0.1530033344276037,0.0,0.0,none
inventory,random,19,43,0.0,11.557441169992448,1.9935950026681402,0.5333672703261441,1,balanced_restock,0.3333333333333333,0.3333333333333333,0.3333333333333333,-3.1613056979921628,1.3933663900649045,0.0,0.0,none
inventory,random,19,44,0.0,12.780114662689053,1.326180919825969,0.5002331603557434,1,balanced_restock,0.3333333333333333,0.3333333333333333,0.3333333333333333,-3.036900673887778,0.25571589967816194,0.0,0.0,none
inventory,random,19,45,0.0,13.034855450277963,1.3282395933283346,0.47801797747996044,0,low_restock,0.3333333333333333,0.3333333333333333,0.3333333333333333,-1.8981658697485577,1.462833576344891,0.0,0.0,none
inventory,random,19,46,0.0,14.039594574659588,2.3775589054752473,0.306815333883671,2,high_restock,0.3333333333333333,0.3333333333333333,0.3333333333333333,-2.2680790936095057,1.5195733701747656,0.0,0.0,none
inventory,random,19,47,0.0,15.509445481673842,1.9920223899284453,0.30858555243026886,0,low_restock,0.3333333333333333,0.3333333333333333,0.3333333333333333,-0.9381880324148819,0.8795291325639492,0.0,0.0,none
inventory,random,19,48,0.0,16.37167170352881,2.0038962022695315,0.13539072007408604,2,high_restock,0.3333333333333333,0.3333333333333333,0.3333333333333333,-1.7040165793848852,0.4413101669505838,0.0,0.0,none
inventory,random,19,49,0.0,16.093222796518194,2.3385139813996614,0.20786010346158662,1,balanced_restock,0.3333333333333333,0.3333333333333333,0.3333333333333333,-1.5990892184669683,0.8278460450335784,0.0,0.0,none
inventory,random,19,50,0.0,15.594528638552026,2.999160251996007,0.22126593186910148,1,balanced_restock,0.3333333333333333,0.3333333333333333,0.3333333333333333,-1.4651071839129752,0.8846315198976458,0.0,0.0,none
inventory,random,19,51,0.0,14.732646714588958,2.8012712625790375,0.1973405685558884,2,high_restock,0.3333333333333333,0.3333333333333333,0.3333333333333333,-2.1807290465108853,1.3418144565168115,0.0,0.0,none
inventory,random,19,52,0.0,13.418375117746553,2.548273431507419,0.29298732973408664,1,balanced_restock,0.3333333333333333,0.3333333333333333,0.3333333333333333,-1.7043689667766775,0.9813129149656853,0.0,0.0,none
inventory,random,19,53,0.0,12.93454766409551,1.6961670102999862,0.24006588692440667,2,high_restock,0.3333333333333333,0.3333333333333333,0.3333333333333333,-2.382274221350957,0.2545186057482296,0.0,0.0,none
inventory,random,19,54,0.0,12.70435589508482,1.7585063091670383,0.3289775395269566,1,balanced_restock,0.3333333333333333,0.3333333333333333,0.3333333333333333,-2.341200488931447,0.2344465603360485,0.0,0.0,none
inventory,random,19,55,0.0,12.544721823838804,1.928408348836945,0.35378580159490125,1,balanced_restock,0.3333333333333333,0.3333333333333333,0.3333333333333333,-2.4183662803689043,0.5284452571976532,0.0,0.0,none
inventory,random,19,56,0.0,12.016852258860178,1.907957561734811,0.367565407208733,0,low_restock,0.3333333333333333,0.3333333333333333,0.3333333333333333,-1.7982592197009595,0.08885014671637075,0.0,0.0,none
inventory,random,19,57,0.0,12.056174567024813,1.8948567737647426,0.2889748606608856,0,low_restock,0.3333333333333333,0.3333333333333333,0.3333333333333333,-1.1856397461045955,0.8755582061891054,0.0,0.0,none
inventory,random,19,58,0.0,11.646823051680204,1.1286544823999656,0.17957852609010636,1,balanced_restock,0.3333333333333333,0.3333333333333333,0.3333333333333333,-1.4480630426016425,0.1642473199497068,0.0,0.0,none
inventory,random,19,59,0.0,11.485527946873287,1.155938885071265,0.19429697189315043,2,high_restock,0.3333333333333333,0.3333333333333333,0.3333333333333333,-2.3306576417092013,0.36104406329571076,0.0,0.0,none
inventory,random,19,60,0.0,11.276357118055614,1.422133052980528,0.3197602931623574,0,low_restock,0.3333333333333333,0.3333333333333333,0.3333333333333333,-1.507705863737698,0.1716454520886769,0.0,0.0,none
inventory,random,19,61,0.0,11.426651041578015,1.4284239535804966,0.23709033281030326,2,high_restock,0.3333333333333333,0.3333333333333333,0.3333333333333333,-2.8008603333699114,1.4843288798998087,0.0,0.0,none
inventory,random,19,62,0.0,10.393497215827619,2.4810674183361936,0.4037250595303413,2,high_restock,0.3333333333333333,0.3333333333333333,0.3333333333333333,-3.6562363614911404,1.3412893412972084,0.0,0.0,none
inventory,random,19,63,0.0,9.123508461533637,2.0775151834550116,0.5564707788377036,0,low_restock,0.3333333333333333,0.3333333333333333,0.3333333333333333,-2.907382484294707,0.07522314387014604,0.0,0.0,none
inventory,random,19,64,0.0,9.10170139576734,2.0585070089336663,0.4870325864811976,1,balanced_restock,0.3333333333333333,0.3333333333333333,0.3333333333333333,-3.1532074205953062,0.42529032982727183,0.0,0.0,none
inventory,random,19,65,0.0,9.493625552784735,2.223216306265543,0.49878703939201896,0,low_restock,0.3333333333333333,0.3333333333333333,0.3333333333333333,-2.985217977114452,1.18819087516911,0.0,0.0,none
inventory,random,19,66,0.0,8.306219716558115,2.266347918927704,0.5009317816275807,0,low_restock,0.3333333333333333,0.3333333333333333,0.3333333333333333,-3.0226761471032724,0.22490478918254145,0.0,0.0,none
inventory,random,19,67,0.0,8.145460465666597,2.4234908006580578,0.5076207405541557,2,high_restock,0.3333333333333333,0.3333333333333333,0.3333333333333333,-4.0954623097666,0.3789647518901792,0.0,0.0,none
inventory,random,19,68,0.0,8.501935129311345,2.4050768569944156,0.6349039838868928,0,low_restock,0.3333333333333333,0.3333333333333333,0.3333333333333333,-3.381774161070537,0.1352972030063659,0.0,0.0,none
inventory,random,19,69,0.0,8.414020808060423,2.3239140775856604,0.571745385905453,1,balanced_restock,0.3333333333333333,0.3333333333333333,0.3333333333333333,-4.081568627671325,1.1668942385207433,0.0,0.0,none
inventory,random,19,70,0.0,7.279096982309953,2.0690132351609773,0.6645658263698793,2,high_restock,0.3333333333333333,0.3333333333333333,0.3333333333333333,-4.969986212193298,0.6719662935511401,0.0,0.0,none
inventory,random,19,71,0.0,7.9380794123028835,2.0332667363670014,0.791068966463089,1,balanced_restock,0.3333333333333333,0.3333333333333333,0.3333333333333333,-5.0947054575613295,0.6607336131303411,0.0,0.0,none
inventory,random,19,72,0.0,8.469926723854858,1.6450059414228433,0.8454831174216658,2,high_restock,0.3333333333333333,0.3333333333333333,0.3333333333333333,-6.149015713130587,0.43473743096837136,0.0,0.0,none
inventory,random,19,73,0.0,8.066116491590034,1.690376231277344,1.0,2,high_restock,0.3333333333333333,0.3333333333333333,0.3333333333333333,-6.923865910028558,0.6274416760384676,0.0,0.0,none
inventory,random,19,74,0.0,7.6222313447784815,1.2469249563101295,1.0,1,balanced_restock,0.3333333333333333,0.3333333333333333,0.3333333333333333,-6.152486119907214,0.8991733221363284,0.0,0.0,none
inventory,random,19,75,0.0,8.440502211512419,0.8741710805473512,1.0,0,low_restock,0.3333333333333333,0.3333333333333333,0.3333333333333333,-5.337011678507469,0.819153421397908,0.0,0.0,none
inventory,random,19,76,0.0,8.919016976548674,1.534306170754238,0.9208949425906195,2,high_restock,0.3333333333333333,0.3333333333333333,0.3333333333333333,-6.401158546611132,0.2206959785918981,0.0,0.0,none
inventory,random,19,77,0.0,9.120447919709594,1.4910085958083328,1.0,0,low_restock,0.3333333333333333,0.3333333333333333,0.3333333333333333,-5.159667479574297,1.4250108923344436,0.0,0.0,none
inventory,random,19,78,0.0,10.457054859696996,1.9725344274448051,0.8892263356382674,1,balanced_restock,0.3333333333333333,0.3333333333333333,0.3333333333333333,-4.996424312665626,1.7578716573696325,0.0,0.0,none
inventory,random,19,79,0.0,12.074827552040071,2.657492379461453,0.8279329129760046,0,low_restock,0.3333333333333333,0.3333333333333333,0.3333333333333333,-4.083106599198311,1.1273443989698018,0.0,0.0,none
inventory,random,19,80,0.0,13.18933713547639,2.549668510335659,0.6969833212854126,2,high_restock,0.3333333333333333,0.3333333333333333,0.3333333333333333,-5.033053504352355,0.25307187806792786,0.0,0.0,none
inventory,random,19,81,0.0,13.006999068859955,2.6900254664137955,0.8023309829200634,0,low_restock,0.3333333333333333,0.3333333333333333,0.3333333333333333,-3.905107915424542,1.4561334524673215,0.0,0.0,none
inventory,random,19,82,0.0,14.287230211438645,2.009931829744214,0.6651978420400967,2,high_restock,0.3333333333333333,0.3333333333333333,0.3333333333333333,-4.445510588791547,0.4027678806642245,0.0,0.0,none
inventory,random,19,83,0.0,14.685392226956878,2.0614214804668554,0.6974126051413476,1,balanced_restock,0.3333333333333333,0.3333333333333333,0.3333333333333333,-4.350890845335209,1.1034389893664673,0.0,0.0,none
inventory,random,19,84,0.0,13.613833668326043,2.3243043511488235,0.7126590795241443,1,balanced_restock,0.3333333333333333,0.3333333333333333,0.3333333333333333,-4.186937696713538,0.25023132963627376,0.0,0.0,none
inventory,random,19,85,0.0,13.390422256211934,2.2154654970356487,0.6833817315559889,2,high_restock,0.3333333333333333,0.3333333333333333,0.3333333333333333,-4.50941086161942,1.154593993825543,0.0,0.0,none
inventory,random,19,86,0.0,14.509106606832336,1.930886268379317,0.708823368146325,1,balanced_restock,0.3333333333333333,0.3333333333333333,0.3333333333333333,-3.805923271389751,0.8450099920268866,0.0,0.0,none
inventory,random,19,87,0.0,15.097961610086974,2.5296793670767963,0.6153434413195984,0,low_restock,0.3333333333333333,0.3333333333333333,0.3333333333333333,-2.647018123403722,0.6099508248440078,0.0,0.0,none
inventory,random,19,88,0.0,15.59623116346956,2.8349838887052785,0.4405389506078074,2,high_restock,0.3333333333333333,0.3333333333333333,0.3333333333333333,-3.2353836447242554,1.3843374226383707,0.0,0.0,none
inventory,random,19,89,0.0,16.438768001527382,1.7373232836307535,0.4813185079864742,1,balanced_restock,0.3333333333333333,0.3333333333333333,0.3333333333333333,-2.81436539767823,0.3097004514943283,0.0,0.0,none
inventory,random,19,90,0.0,16.63143074758827,1.4986957857053573,0.4382795352996839,1,balanced_restock,0.3333333333333333,0.3333333333333333,0.3333333333333333,-2.364876305221091,0.29246316088018165,0.0,0.0,none
inventory,random,19,91,0.0,16.91133639099582,1.5259889176997634,0.35801362593233765,0,low_restock,0.3333333333333333,0.3333333333333333,0.3333333333333333,-1.7664158293515917,1.7434190888589398,0.0,0.0,none
inventory,random,19,92,0.0,15.448768605095399,2.4719391028148667,0.2832885409556414,0,low_restock,0.3333333333333333,0.3333333333333333,0.3333333333333333,-1.1927416253551735,1.0718417756787497,0.0,0.0,none
inventory,random,19,93,0.0,14.43569124512137,2.137238149911517,0.18084671881342385,1,balanced_restock,0.3333333333333333,0.3333333333333333,0.3333333333333333,-1.6038014500655362,1.4533489751714934,0.0,0.0,none
inventory,random,19,94,0.0,13.2289554866468,2.9461322152195324,0.22210740179741714,2,high_restock,0.3333333333333333,0.3333333333333333,0.3333333333333333,-2.0781514659869504,0.16449970717022797,0.0,0.0,none
inventory,random,19,95,0.0,13.090534829228199,2.8744589387926727,0.2746699046405268,0,low_restock,0.3333333333333333,0.3333333333333333,0.3333333333333333,-1.1698283600988624,1.4343211829179798,0.0,0.0,none
inventory,random,19,96,0.0,12.137619862805574,1.8069183041671102,0.17675506430336826,0,low_restock,0.3333333333333333,0.3333333333333333,0.3333333333333333,-0.9441516105273267,0.656780833739678,0.0,0.0,none
inventory,random,19,97,0.0,11.655660547060664,2.251274285692172,0.13645564473702262,1,balanced_restock,0.3333333333333333,0.3333333333333333,0.3333333333333333,-1.4242871530767998,1.004196889514467,0.0,0.0,none
inventory,random,19,98,0.0,10.671136180695934,2.441670381006817,0.19005127733514285,0,low_restock,0.3333333333333333,0.3333333333333333,0.3333333333333333,-0.8895992787795919,0.2948887115466963,0.0,0.0,none
inventory,random,19,99,0.0,10.935505428214862,2.3274046278605303,0.12671415692492713,2,high_restock,0.3333333333333333,0.3333333333333333,0.3333333333333333,-1.7393385289663794,0.7609887229211497,0.0,0.0,none
inventory,random,19,100,0.0,10.447032342551427,1.7504732825002656,0.21416759445828204,2,high_restock,0.3333333333333333,0.3333333333333333,0.3333333333333333,-2.6487977911689358,1.2563151199408202,0.0,0.0,none
inventory,random,19,101,0.0,9.202576422324817,1.8077643462474104,0.37657103413730997,1,balanced_restock,0.3333333333333333,0.3333333333333333,0.3333333333333333,-2.7984012539993066,0.21178610926162256,0.0,0.0,none
inventory,random,19,102,0.0,9.01437589132005,1.8850280515035216,0.43542879535701906,0,low_restock,0.3333333333333333,0.3333333333333333,0.3333333333333333,-2.360972104113575,0.20312809898823717,0.0,0.0,none
inventory,random,19,103,0.0,9.208287622408063,1.8457079416672686,0.3894593043059955,2,high_restock,0.3333333333333333,0.3333333333333333,0.3333333333333333,-3.5922984325062504,0.6840161603753235,0.0,0.0,none
inventory,random,19,104,0.0,8.543252115683355,1.883076291820558,0.5450532915189733,1,balanced_restock,0.3333333333333333,0.3333333333333333,0.3333333333333333,-3.4058751913089687,0.0825027772043795,0.0,0.0,none
inventory,random,19,105,0.0,8.583658344143528,1.9549979806368225,0.5439062841623158,2,high_restock,0.3333333333333333,0.3333333333333333,0.3333333333333333,-4.156002115580337,0.8620007251360026,0.0,0.0,none
inventory,random,19,106,0.0,9.431989188971498,1.8409143194674589,0.6457146634964887,2,high_restock,0.3333333333333333,0.3333333333333333,0.3333333333333333,-4.566713466904302,1.025104716655867,0.0,0.0,none
inventory,random,19,107,0.0,10.429219467737514,2.0667295161847226,0.719055976232911,0,low_restock,0.3333333333333333,0.3333333333333333,0.3333333333333333,-3.840518233726439,0.29372347018335015,0.0,0.0,none
inventory,random,19,108,0.0,10.701134675967841,1.9769548982197214,0.6536639703082926,0,low_restock,0.3333333333333333,0.3333333333333333,0.3333333333333333,-3.424738725270453,1.4016400428148,0.0,0.0,none
inventory,random,19,109,0.0,11.518899268089495,0.8410220822607727,0.5794176295125808,1,balanced_restock,0.3333333333333333,0.3333333333333333,0.3333333333333333,-3.893488332456144,0.9481948640678675,0.0,0.0,none
inventory,random,19,110,0.0,10.780967147132063,1.4342092373235227,0.6309800593671686,0,low_restock,0.3333333333333333,0.3333333333333333,0.3333333333333333,-3.3489369069861517,0.09081571579297011,0.0,0.0,none
inventory,random,19,111,0.0,10.717663021485464,1.4357163095139927,0.5658815905332414,0,low_restock,0.3333333333333333,0.3333333333333333,0.3333333333333333,-2.9964126174240224,0.6894079289138642,0.0,0.0,none
inventory,random,19,112,0.0,10.225752123700698,0.9568174035319958,0.5029308245400039,2,high_restock,0.3333333333333333,0.3333333333333333,0.3333333333333333,-3.8938504341378533,0.19239520703204066,0.0,0.0,none
inventory,random,19,113,0.0,10.366669498971461,1.0459676630198689,0.5989018632389023,0,low_restock,0.3333333333333333,0.3333333333333333,0.3333333333333333,-3.33776318301913,0.5660241633673008,0.0,0.0,none
inventory,random,19,114,0.0,9.817438855628307,1.1782664273632282,0.5638862826819875,0,low_restock,0.3333333333333333,0.3333333333333333,0.3333333333333333,-2.5979990877908605,1.736472286152211,0.0,0.0,none
inventory,random,19,115,0.0,11.188723111663208,2.2353685447189453,0.4317855513912251,0,low_restock,0.3333333333333333,0.3333333333333333,0.3333333333333333,-2.264333302840849,0.10119759152802188,0.0,0.0,none
inventory,random,19,116,0.0,11.111509010363257,2.2623644748399436,0.37220237550729446,2,high_restock,0.3333333333333333,0.3333333333333333,0.3333333333333333,-3.019370996788902,0.5420532685604709,0.0,0.0,none
inventory,random,19,117,0.0,11.642604051587801,2.344726884640366,0.44274482085516104,2,high_restock,0.3333333333333333,0.3333333333333333,0.3333333333333333,-3.0788147438875875,1.4794085513940292,0.0,0.0,none
inventory,random,19,118,0.0,12.837589225625663,3.2168205828753917,0.45335977569421204,2,high_restock,0.3333333333333333,0.3333333333333333,0.3333333333333333,-3.375522820332451,1.451009409819067,0.0,0.0,none
inventory,random,19,119,0.0,14.005600906716698,2.3575361364139753,0.5063433607736519,2,high_restock,0.3333333333333333,0.3333333333333333,0.3333333333333333,-3.419848534712001,0.572895367665517,0.0,0.0,none
inventory,random,19,120,0.0,14.445376382697152,2.7246110346942793,0.5142586669128573,0,low_restock,0.3333333333333333,0.3333333333333333,0.3333333333333333,-2.5140168509794103,0.9004114752738599,0.0,0.0,none
inventory,random,19,121,0.0,14.975791129653595,2.0035696828111353,0.4167887233891804,2,high_restock,0.3333333333333333,0.3333333333333333,0.3333333333333333,-3.142912745227168,0.38373411050122613,0.0,0.0,none
inventory,random,19,122,0.0,15.291145628904335,1.7902676360092775,0.46480584736199426,1,balanced_restock,0.3333333333333333,0.3333333333333333,0.3333333333333333,-2.8010999488785777,0.6985067192396529,0.0,0.0,none
inventory,random,19,123,0.0,14.644286987522525,1.5282550301110704,0.4359107051568889,1,balanced_restock,0.3333333333333333,0.3333333333333333,0.3333333333333333,-2.674316646327494,0.15426114278056216,0.0,0.0,none
inventory,random,19,124,0.0,14.503015435012392,1.5859289814469966,0.41327082970133816,0,low_restock,0.3333333333333333,0.3333333333333333,0.3333333333333333,-1.865136579249743,1.22953806029378,0.0,0.0,none
inventory,random,19,125,0.0,13.786779888655648,0.5928795586377832,0.300917246294597,0,low_restock,0.3333333333333333,0.3333333333333333,0.3333333333333333,-1.200357532435071,0.39400938846309796,0.0,0.0,none
inventory,random,19,126,0.0,14.084148296360848,0.3632641518777362,0.1822067022205484,1,balanced_restock,0.3333333333333333,0.3333333333333333,0.3333333333333333,-0.9608302238390144,1.1096861201644967,0.0,0.0,none
inventory,random,19,127,0.0,14.605206303470386,1.3401415713960463,0.10729111139982399,2,high_restock,0.3333333333333333,0.3333333333333333,0.3333333333333333,-1.1432106004122997,0.9321090673508394,0.0,0.0,none
inventory,random,19,128,0.0,15.394723371165696,1.8356109776900038,0.10771617864505352,1,balanced_restock,0.3333333333333333,0.3333333333333333,0.3333333333333333,-1.075929987811338,1.003174945162332,0.0,0.0,none
inventory,random,19,129,0.0,14.79596664629039,2.640250772899095,0.12784464068059606,0,low_restock,0.3333333333333333,0.3333333333333333,0.3333333333333333,-0.19541364972020603,0.2213189329073,0.0,0.0,none
inventory,random,19,130,0.0,14.974307323823842,2.6011532858819,0.00275243745003679,1,balanced_restock,0.3333333333333333,0.3333333333333333,0.3333333333333333,-0.7080787434290706,1.0239025694185087,0.0,0.0,none
inventory,random,19,131,0.9945106955116305,14.749795970190004,2.695556804631902,0.0,0,low_restock,0.3333333333333333,0.3333333333333333,0.3333333333333333,-2.5499483566663295,5.880735430290516,0.0,0.0,none
inventory,random,19,132,6.771281019046656,13.656331763406865,2.567846747536371,0.0,2,high_restock,0.3333333333333333,0.3333333333333333,0.3333333333333333,-0.7743365996291606,7.051472384909782,0.0,0.0,none
inventory,random,19,133,0.0,11.722185001957849,2.2068185095070914,0.04184582136235009,1,balanced_restock,0.3333333333333333,0.3333333333333333,0.3333333333333333,-0.7246662006710078,0.05536315590005433,0.0,0.0,none
inventory,random,19,134,0.0,11.678159467850826,2.231009255479393,0.0651189644055371,0,low_restock,0.3333333333333333,0.3333333333333333,0.3333333333333333,-0.26231721022130317,1.1706207642388529,0.0,0.0,none
inventory,random,19,135,0.0,10.632741098747257,1.706689424649866,0.014699501825232707,1,balanced_restock,0.3333333333333333,0.3333333333333333,0.3333333333333333,-0.644309434045913,0.9281008075125966,0.0,0.0,none
inventory,random,19,136,0.0,9.890324275782891,1.1509131008453255,0.05076954179391304,1,balanced_restock,0.3333333333333333,0.3333333333333333,0.3333333333333333,-0.7345596202797822,0.32695742949753354,0.0,0.0,none
inventory,random,19,137,0.0,9.709344745491213,0.8790899202870209,0.06688564647853253,1,balanced_restock,0.3333333333333333,0.3333333333333333,0.3333333333333333,-0.9986776609267476,0.15318435699176225,0.0,0.0,none
inventory,random,19,138,0.0,9.789147346756033,0.7571368341621144,0.11404958230834777,0,low_restock,0.3333333333333333,0.3333333333333333,0.3333333333333333,-0.6724753172308774,0.5678443548579306,0.0,0.0,none
inventory,random,19,139,0.0,9.280477208600328,1.0081752717205161,0.08794202093408525,1,balanced_restock,0.3333333333333333,0.3333333333333333,0.3333333333333333,-1.2184358171250116,0.4805596741296254,0.0,0.0,none
inventory,random,19,140,0.0,8.85970348274073,1.2309227472586792,0.15329211020089492,1,balanced_restock,0.3333333333333333,0.3333333333333333,0.3333333333333333,-1.1467344446457237,1.0724975657910056,0.0,0.0,none
inventory,random,19,141,0.0,9.543937473500474,2.0567017351236525,0.1404882936867364,0,low_restock,0.3333333333333333,0.3333333333333333,0.3333333333333333,-0.7954878887242609,0.5507869741617186,0.0,0.0,none
inventory,random,19,142,0.0,8.997679328888802,1.9931941786994793,0.10990855155790373,0,low_restock,0.3333333333333333,0.3333333333333333,0.3333333333333333,-0.2515333695604683,0.9610118850489141,0.0,0.0,none
inventory,random,19,143,0.0,9.817860728415699,2.484530273671234,0.012773815992940765,1,balanced_restock,0.3333333333333333,0.3333333333333333,0.3333333333333333,-0.8767541668694736,0.39657830962844054,0.0,0.0,none
inventory,random,19,144,0.0,9.539302875903509,2.755379009984942,0.09227752979812028,2,high_restock,0.3333333333333333,0.3333333333333333,0.3333333333333333,-1.6491928629580486,0.673592257708709,0.0,0.0,none
inventory,random,19,145,0.0,10.173107385417406,2.553323834331461,0.19807015409965154,0,low_restock,0.3333333333333333,0.3333333333333333,0.3333333333333333,-0.9717699499513188,0.7031778598921266,0.0,0.0,none
inventory,random,19,146,0.0,9.587411236736012,2.1683482509845478,0.1413874910627355,0,low_restock,0.3333333333333333,0.3333333333333333,0.3333333333333333,-0.5295075214674624,0.6827372087257246,0.0,0.0,none
inventory,random,19,147,0.0,10.264950918141995,2.139487253471823,0.062412057404904,2,high_restock,0.3333333333333333,0.3333333333333333,0.3333333333333333,-1.5022059426801486,0.6385041915469624,0.0,0.0,none
inventory,random,19,148,0.0,9.7733185672008,1.7470403253121027,0.17182248976431225,1,balanced_restock,0.3333333333333333,0.3333333333333333,0.3333333333333333,-1.1907819752944369,1.5040534285010811,0.0,0.0,none
inventory,random,19,149,0.0,11.214930478937593,1.3188102024191553,0.14835392415972087,0,low_restock,0.3333333333333333,0.3333333333333333,0.3333333333333333,-0.5455329777015903,0.2591408291252032,0.0,0.0,none
inventory,random,19,150,0.0,11.459149713141146,1.2941399984335586,0.06527374601814113,1,balanced_restock,0.3333333333333333,0.3333333333333333,0.3333333333333333,-1.0474448752761645,0.7027181518357948,0.0,0.0,none
inventory,random,19,151,0.0,11.060812686687886,1.870192056215329,0.12275801344217221,2,high_restock,0.3333333333333333,0.3333333333333333,0.3333333333333333,-1.5824319920015748,0.4873104509402831,0.0,0.0,none
inventory,random,19,152,0.0,11.46768882366472,2.1307777850910368,0.1861485700002812,1,balanced_restock,0.3333333333333333,0.3333333333333333,0.3333333333333333,-1.2821888720511105,0.6340229109420442,0.0,0.0,none
inventory,random,19,153,0.0,12.100042676572595,2.1714300930433903,0.16467658429484117,2,high_restock,0.3333333333333333,0.3333333333333333,0.3333333333333333,-2.019020030555909,0.5443058827139502,0.0,0.0,none
inventory,random,19,154,0.0,11.579404861846323,2.0476641343070945,0.2641107197421266,2,high_restock,0.3333333333333333,0.3333333333333333,0.3333333333333333,-2.2292631350561454,0.8772653103818935,0.0,0.0,none
inventory,random,19,155,0.0,12.290674606613612,2.5597971904846006,0.30165413126002594,0,low_restock,0.3333333333333333,0.3333333333333333,0.3333333333333333,-1.0196761774141643,1.8585406946085694,0.0,0.0,none
inventory,random,19,156,0.0,14.019421744655,1.8945225641704293,0.14994217453824363,2,high_restock,0.3333333333333333,0.3333333333333333,0.3333333333333333,-1.8192874850344891,0.2451616086498332,0.0,0.0,none
inventory,random,19,157,0.0,13.807861267417715,1.990354770685861,0.22844419375615876,0,low_restock,0.3333333333333333,0.3333333333333333,0.3333333333333333,-0.9980641488426338,0.39452156714058445,0.0,0.0,none
inventory,random,19,158,0.0,13.460311808021192,2.157905523658468,0.1460828837218989,0,low_restock,0.3333333333333333,0.3333333333333333,0.3333333333333333,-0.42927814317359636,0.5397050800080345,0.0,0.0,none
inventory,random,19,159,0.0,13.87435471845578,1.8269466225112951,0.0445139541381422,2,high_restock,0.3333333333333333,0.3333333333333333,0.3333333333333333,-0.9769600613050937,0.08192273727431564,0.0,0.0,none
inventory,random,19,160,0.0,13.930757684377628,1.876005872524108,0.0780285823759096,1,balanced_restock,0.3333333333333333,0.3333333333333333,0.3333333333333333,-0.5928773958075066,0.6266865235780321,0.0,0.0,none
inventory,random,19,161,0.0,13.516996954016644,1.4067405527781927,0.041585249251340474,2,high_restock,0.3333333333333333,0.3333333333333333,0.3333333333333333,-1.288695818376799,0.2761919067459913,0.0,0.0,none
inventory,random,19,162,0.0,13.326479166644225,1.5842246654549026,0.1336956818529998,1,balanced_restock,0.3333333333333333,0.3333333333333333,0.3333333333333333,-0.9113865871205601,0.5684639059866281,0.0,0.0,none
inventory,random,19,163,0.0,13.866693904305185,1.4107950556000666,0.09846189055724289,1,balanced_restock,0.3333333333333333,0.3333333333333333,0.3333333333333333,-0.6664346772950245,0.39291316787000496,0.0,0.0,none
inventory,random,19,164,0.0,14.257108664696432,1.41741027967174,0.05472047808839723,1,balanced_restock,0.3333333333333333,0.3333333333333333,0.3333333333333333,-0.4220950337049186,0.16310156909115028,0.0,0.0,none
inventory,random,19,165,0.0,14.137162569000438,1.3158657198426915,0.01108839887587832,2,high_restock,0.3333333333333333,0.3333333333333333,0.3333333333333333,-1.0078295447005514,0.3373460266634439,0.0,0.0,none
inventory,random,19,166,0.0,13.81261962776739,1.3726534211757155,0.08354099012509845,2,high_restock,0.3333333333333333,0.3333333333333333,0.3333333333333333,-1.168220361132402,0.9591577845304453,0.0,0.0,none
inventory,random,19,167,0.0,14.701188643110992,1.012641697376599,0.11218220734507177,2,high_restock,0.3333333333333333,0.3333333333333333,0.3333333333333333,-1.4326059165486522,0.06607122967034963,0.0,0.0,none
inventory,random,19,168,0.0,14.74695167642977,1.0061450091770863,0.15939391366940217,1,balanced_restock,0.3333333333333333,0.3333333333333333,0.3333333333333333,-1.3422125167577277,1.1616302631637465,0.0,0.0,none
inventory,random,19,169,0.0,13.910555401343242,1.8121041282410657,0.17539509227816566,2,high_restock,0.3333333333333333,0.3333333333333333,0.3333333333333333,-2.0747109285153122,0.8189872457224545,0.0,0.0,none
inventory,random,19,170,0.0,13.118460262974015,1.995384023067805,0.2740555229491629,0,low_restock,0.3333333333333333,0.3333333333333333,0.3333333333333333,-0.9766542952631028,0.504489025463628,0.0,0.0,none
inventory,random,19,171,0.0,13.577938123593622,2.156688493875215,0.1422596955826969,2,high_restock,0.3333333333333333,0.3333333333333333,0.3333333333333333,-2.0488887044272444,1.4010900684185066,0.0,0.0,none
inventory,random,19,172,0.0,12.198329141762894,2.365390398774895,0.26944441150486503,1,balanced_restock,0.3333333333333333,0.3333333333333333,0.3333333333333333,-1.9942764572735832,0.9057187894317983,0.0,0.0,none
inventory,random,19,173,0.0,11.345823648187672,2.0603337370806254,0.291835081655997,0,low_restock,0.3333333333333333,0.3333333333333333,0.3333333333333333,-1.586975661455579,0.4746792030642091,0.0,0.0,none
inventory,random,19,174,0.0,10.93809213825537,2.2999748436939664,0.25124565383135344,0,low_restock,0.3333333333333333,0.3333333333333333,0.3333333333333333,-1.2129628202870364,0.10709889102647248,0.0,0.0,none
inventory,random,19,175,0.0,10.854370270570689,2.3004031012115824,0.18445764647982793,2,high_restock,0.3333333333333333,0.3333333333333333,0.3333333333333333,-2.050916448932221,1.3145525199842383,0.0,0.0,none
inventory,random,19,176,0.0,10.214344615827205,1.1553567873978838,0.26980650873789663,0,low_restock,0.3333333333333333,0.3333333333333333,0.3333333333333333,-1.661141849281153,0.950486395563647,0.0,0.0,none
inventory,random,19,177,0.0,9.669367137865226,1.9340708988128388,0.26448961594306303,1,balanced_restock,0.3333333333333333,0.3333333333333333,0.3333333333333333,-2.2651773316254786,0.7954639818829925,0.0,0.0,none
inventory,random,19,178,0.0,8.92274781412026,2.1978680165204225,0.34021023779026405,2,high_restock,0.3333333333333333,0.3333333333333333,0.3333333333333333,-3.4405516835013494,0.780882414490148,0.0,0.0,none
inventory,random,19,179,0.0,8.266059944885574,2.5812020136259166,0.517955657768098,0,low_restock,0.3333333333333333,0.3333333333333333,0.3333333333333333,-3.0799300185956984,0.9555378155194876,0.0,0.0,none
inventory,random,19,180,0.0,7.332582004228345,2.3770661792642853,0.5178446461778032,1,balanced_restock,0.3333333333333333,0.3333333333333333,0.3333333333333333,-3.483813397748794,1.2392010069760115,0.0,0.0,none
inventory,random,19,181,0.0,6.767757627958568,1.2747984144991942,0.5578238210265704,0,low_restock,0.3333333333333333,0.3333333333333333,0.3333333333333333,-3.0586272834287147,0.600103596716464,0.0,0.0,none
inventory,random,19,182,0.0,7.306286414631096,1.5359384173257533,0.5140405863265561,0,low_restock,0.3333333333333333,0.3333333333333333,0.3333333333333333,-2.5054686733318365,1.6731442230365337,0.0,0.0,none
inventory,random,19,183,0.0,8.549271645734105,2.651573729244429,0.4152622630949708,0,low_restock,0.3333333333333333,0.3333333333333333,0.3333333333333333,-2.245853795563699,0.8714884024459796,0.0,0.0,none
inventory,random,19,184,0.0,9.286744719844126,2.1895388068181316,0.3689024634935176,1,balanced_restock,0.3333333333333333,0.3333333333333333,0.3333333333333333,-2.5730364291445307,1.1114046150170727,0.0,0.0,none
inventory,random,19,185,0.0,10.117233973627918,1.451421579084318,0.3951850766329519,1,balanced_restock,0.3333333333333333,0.3333333333333333,0.3333333333333333,-3.0081514550363315,0.7995959898615125,0.0,0.0,none
inventory,random,19,186,0.0,9.589154856781155,2.0467778097426255,0.47288418839934493,2,high_restock,0.3333333333333333,0.3333333333333333,0.3333333333333333,-3.940862841153538,0.16768321507325468,0.0,0.0,none
inventory,random,19,187,0.0,9.494411105687941,2.0795573086705432,0.6072969359202747,2,high_restock,0.3333333333333333,0.3333333333333333,0.3333333333333333,-4.6020565271624125,1.0425111866858898,0.0,0.0,none
inventory,random,19,188,0.0,8.858530365423562,1.2619115036115467,0.7253672369932879,2,high_restock,0.3333333333333333,0.3333333333333333,0.3333333333333333,-5.265861588458954,0.15512632885340769,0.0,0.0,none
inventory,random,19,189,0.0,8.949980517761865,1.302533144554988,0.843903855081956,0,low_restock,0.3333333333333333,0.3333333333333333,0.3333333333333333,-4.221351475960806,1.5969284472895025,0.0,0.0,none
inventory,random,19,190,0.0,9.829212382959316,2.63000843802706,0.7216699064215726,1,balanced_restock,0.3333333333333333,0.3333333333333333,0.3333333333333333,-4.394925264899958,1.2080866411931825,0.0,0.0,none
inventory,random,19,191,0.0,10.933065475340939,2.13911092710833,0.7205223687321353,2,high_restock,0.3333333333333333,0.3333333333333333,0.3333333333333333,-5.190397262667292,0.4590540061208678,0.0,0.0,none
inventory,random,19,192,0.0,11.276163946215618,1.8546205865446157,0.8304280826191592,1,balanced_restock,0.3333333333333333,0.3333333333333333,0.3333333333333333,-4.8562056263522875,0.8410888658882913,0.0,0.0,none
inventory,random,19,193,0.0,12.114627252025317,1.915049319929353,0.8028938618486227,1,balanced_restock,0.3333333333333333,0.3333333333333333,0.3333333333333333,-4.912532001047184,0.45352377484096124,0.0,0.0,none
inventory,random,19,194,0.0,12.433323968529423,1.5925356795745802,0.81295214304414,2,high_restock,0.3333333333333333,0.3333333333333333,0.3333333333333333,-5.582867736810831,0.6785565363163145,0.0,0.0,none
inventory,random,19,195,0.0,11.896209347874938,1.1872208489554323,0.900512095859077,0,low_restock,0.3333333333333333,0.3333333333333333,0.3333333333333333,-4.461584913663095,0.9883229396760118,0.0,0.0,none
inventory,random,19,196,0.0,12.583350878092157,1.884456930254624,0.7645687345826955,2,high_restock,0.3333333333333333,0.3333333333333333,0.3333333333333333,-5.338738289271661,0.3620977671858484,0.0,0.0,none
inventory,random,19,197,0.0,12.829147433489078,1.63511671620721,0.8569175516556538,1,balanced_restock,0.3333333333333333,0.3333333333333333,0.3333333333333333,-4.757297181607868,0.9537344274623325,0.0,0.0,none
inventory,random,19,198,0.0,13.447271111861047,2.3578847331889135,0.7852316395728335,1,balanced_restock,0.3333333333333333,0.3333333333333333,0.3333333333333333,-4.556481707264741,0.6903883979850463,0.0,0.0,none
inventory,random,19,199,0.0,14.090125734456109,2.1087098118732372,0.7493717334401322,2,high_restock,0.3333333333333333,0.3333333333333333,0.3333333333333333,-5.259155799051765,0.15244074378294897,0.0,0.0,none
inventory,random,19,200,0.0,14.009279844397668,2.198100884184045,0.8427063926878152,0,low_restock,0.3333333333333333,0.3333333333333333,0.3333333333333333,-3.4820288975291636,2.8622886631324835,1.0,1.0,inventory_demand_spike
inventory,random,19,201,0.0,15.64889004033483,4.530553725117895,0.5896480174159221,2,high_restock,0.3333333333333333,0.3333333333333333,0.3333333333333333,-3.217618006715114,2.9983233257093667,1.0,0.0,inventory_demand_spike
inventory,random,19,202,0.0,18.50280070639137,5.443079884726508,0.478146072627699,0,low_restock,0.3333333333333333,0.3333333333333333,0.3333333333333333,-1.4383393704633427,1.3986254351319012,1.0,0.0,inventory_demand_spike
inventory,random,19,203,0.0,19.84739452786131,5.732885689820282,0.22470345901131122,2,high_restock,0.3333333333333333,0.3333333333333333,0.3333333333333333,-1.300842808216438,2.0109506093889253,1.0,0.0,inventory_demand_spike
inventory,random,19,204,0.0,21.789097247620756,5.217307769552179,0.1358647871815068,0,low_restock,0.3333333333333333,0.3333333333333333,0.3333333333333333,-3.3615870236653547,10.45683626482243,1.0,0.0,inventory_demand_spike
inventory,random,19,205,9.090248639043871,24.415939225438187,0.7682577211882713,0.0,2,high_restock,0.3333333333333333,0.3333333333333333,0.3333333333333333,-4.006729096961547,2.077979534116938,1.0,0.0,inventory_demand_spike
inventory,random,19,206,9.904940277032992,23.436060299229506,2.409633293436004,0.0,1,balanced_restock,0.3333333333333333,0.3333333333333333,0.3333333333333333,-6.646772467036712,8.138930921660434,1.0,0.0,inventory_demand_spike
inventory,random,19,207,17.96220704867632,22.286486426523048,2.3760382145800647,0.0,2,high_restock,0.3333333333333333,0.3333333333333333,0.3333333333333333,-8.087582971086569,3.629300633022836,1.0,0.0,inventory_demand_spike
inventory,random,19,208,21.564522774533053,21.85875298106497,2.2656362411294357,0.0,2,high_restock,0.3333333333333333,0.3333333333333333,0.3333333333333333,-8.209516962038002,1.2246781175886987,1.0,0.0,inventory_demand_spike
inventory,random,19,209,21.912905605822864,20.684688141705667,2.2595004817382414,0.0,2,high_restock,0.3333333333333333,0.3333333333333333,0.3333333333333333,-9.755629444669719,4.493054253929991,1.0,0.0,inventory_demand_spike
inventory,random,19,210,26.330369841913488,20.248024240573923,1.5646113617578825,0.0,2,high_restock,0.3333333333333333,0.3333333333333333,0.3333333333333333,-9.616182398823344,0.5407922741350427,1.0,0.0,inventory_demand_spike
inventory,random,19,211,25.93194971092384,20.005401886778166,1.838202436950311,0.0,0,low_restock,0.3333333333333333,0.3333333333333333,0.3333333333333333,-12.041286351905894,8.138753737112431,1.0,0.0,inventory_demand_spike
inventory,random,19,212,33.88938957687399,18.78543650563953,3.0340902418768865,0.0,2,high_restock,0.3333333333333333,0.3333333333333333,0.3333333333333333,-11.057251765602022,4.119217593160254,1.0,0.0,inventory_demand_spike
inventory,random,19,213,30.049290758862924,17.296953596865976,3.1116355705562846,0.0,1,balanced_restock,0.3333333333333333,0.3333333333333333,0.3333333333333333,-12.448476375489525,4.50473796468772,1.0,0.0,inventory_demand_spike
inventory,random,19,214,34.53850392997008,16.925119664829445,3.074638789031677,0.0,0,low_restock,0.3333333333333333,0.3333333333333333,0.3333333333333333,-14.706361479018836,7.342101686252023,1.0,0.0,inventory_demand_spike
inventory,random,19,215,41.503889940053824,15.03470401962807,1.7269802305784376,0.0,1,balanced_restock,0.3333333333333333,0.3333333333333333,0.3333333333333333,-16.814327510579975,5.508574465780496,1.0,0.0,inventory_demand_spike
inventory,random,19,216,47.01236431594279,15.016082921003791,1.699485687309373,0.0,1,balanced_restock,0.3333333333333333,0.3333333333333333,0.3333333333333333,-19.782583308833203,8.631164569661145,1.0,0.0,inventory_demand_spike
inventory,random,19,217,55.49309516809487,16.32074111824418,2.633334192316056,0.0,1,balanced_restock,0.3333333333333333,0.3333333333333333,0.3333333333333333,-22.57070831294821,8.050571760983125,1.0,0.0,inventory_demand_spike
inventory,random,19,218,63.45916660842346,17.481975169912108,2.7036688464133762,0.0,2,high_restock,0.3333333333333333,0.3333333333333333,0.3333333333333333,-23.61046197034486,2.5869351264839016,1.0,0.0,inventory_demand_spike
inventory,random,19,219,65.91560562955675,18.275420339917332,2.872741157231484,0.0,0,low_restock,0.3333333333333333,0.3333333333333333,0.3333333333333333,-26.294430752514618,8.726325548553953,1.0,0.0,inventory_demand_spike
inventory,random,19,220,74.61265929289891,18.621753870569016,2.2481867225834495,0.0,2,high_restock,0.3333333333333333,0.3333333333333333,0.3333333333333333,-25.382775150380475,3.733514769779788,1.0,0.0,inventory_demand_spike
inventory,random,19,221,70.97935757251565,17.993398651314568,2.834207936584761,0.0,2,high_restock,0.3333333333333333,0.3333333333333333,0.3333333333333333,-23.90570786467502,4.428791184159004,1.0,0.0,inventory_demand_spike
inventory,random,19,222,66.75916532764292,16.653214031909606,2.924063126256392,0.0,0,low_restock,0.3333333333333333,0.3333333333333333,0.3333333333333333,-28.80126038456823,15.019526872461428,1.0,0.0,inventory_demand_spike
inventory,random,19,223,81.77502967019495,16.863172612354298,3.180817703942863,0.0,0,low_restock,0.3333333333333333,0.3333333333333333,0.3333333333333333,-31.666043986225304,8.29347082515572,1.0,0.0,inventory_demand_spike
inventory,random,19,224,89.96012567492944,15.608904009074536,2.7196539674942413,0.0,1,balanced_restock,0.3333333333333333,0.3333333333333333,0.3333333333333333,-32.898400428849094,3.0074244291018823,1.0,0.0,inventory_demand_spike
inventory,random,19,225,92.96685836814027,15.670839815048268,2.7016494048956297,0.0,1,balanced_restock,0.3333333333333333,0.3333333333333333,0.3333333333333333,-35.784006302070225,8.338690807634755,1.0,0.0,inventory_demand_spike
inventory,random,19,226,101.21144657734351,16.84641780096557,3.124196496976306,0.0,1,balanced_restock,0.3333333333333333,0.3333333333333333,0.3333333333333333,-39.628608197564944,11.143076144373337,1.0,0.0,inventory_demand_spike
inventory,random,19,227,112.19602342161414,18.68737161879424,3.4678628355047914,0.0,1,balanced_restock,0.3333333333333333,0.3333333333333333,0.3333333333333333,-42.489714473650544,8.176908431447913,1.0,0.0,inventory_demand_spike
inventory,random,19,228,120.37061278185871,18.519116622332746,3.369829454322488,0.0,0,low_restock,0.3333333333333333,0.3333333333333333,0.3333333333333333,-46.12243960829918,10.921889680876859,1.0,0.0,inventory_demand_spike
inventory,random,19,229,131.2641131665691,19.060797498327926,2.7989482073542256,0.0,1,balanced_restock,0.3333333333333333,0.3333333333333333,0.3333333333333333,-48.099300975114105,5.1795786622765245,1.0,0.0,inventory_demand_spike
inventory,random,19,230,136.3980027860403,19.486228883580004,2.260226915554301,0.0,1,balanced_restock,0.3333333333333333,0.3333333333333333,0.3333333333333333,-52.241125004925834,11.871400385559784,1.0,0.0,inventory_demand_spike
inventory,random,19,231,148.23178572835954,20.204067830203208,2.8737704226133065,0.0,1,balanced_restock,0.3333333333333333,0.3333333333333333,0.3333333333333333,-56.14745074686242,11.1610406177265,1.0,0.0,inventory_demand_spike
inventory,random,19,232,159.39271641960693,20.239338599598558,2.9085518621911732,0.0,2,high_restock,0.3333333333333333,0.3333333333333333,0.3333333333333333,-57.18617806162267,2.4541408481106313,1.0,0.0,inventory_demand_spike
inventory,random,19,233,161.84622303320765,20.29512205026979,2.9094496449555356,0.0,1,balanced_restock,0.3333333333333333,0.3333333333333333,0.3333333333333333,-61.93815700983264,14.211958270013797,1.0,0.0,inventory_demand_spike
inventory,random,19,234,175.9375914566647,22.13469565801912,3.0799276924662835,0.0,2,high_restock,0.3333333333333333,0.3333333333333333,0.3333333333333333,-63.04259466236364,2.9009241042240386,1.0,0.0,inventory_demand_spike
inventory,random,19,235,178.57884189246755,22.83616782128545,2.1067403528436537,0.0,2,high_restock,0.3333333333333333,0.3333333333333333,0.3333333333333333,-63.627712810836265,1.8840527509890503,1.0,0.0,inventory_demand_spike
inventory,random,19,236,180.25060803096076,22.003764460520244,2.355652770540514,0.0,2,high_restock,0.3333333333333333,0.3333333333333333,0.3333333333333333,-66.50614556995023,8.265491879886639,1.0,0.0,inventory_demand_spike
inventory,random,19,237,188.47470162842922,22.616397041764458,2.9100189283715974,0.0,0,low_restock,0.3333333333333333,0.3333333333333333,0.3333333333333333,-70.64932449658203,12.87342381832496,1.0,0.0,inventory_demand_spike
inventory,random,19,238,201.3409271330915,22.29894081997677,3.2007139861941836,0.0,2,high_restock,0.3333333333333333,0.3333333333333333,0.3333333333333333,-72.1186826993019,3.376551710124059,1.0,0.0,inventory_demand_spike
inventory,random,19,239,204.51052199800543,21.314586108268145,2.5795733861767913,0.0,1,balanced_restock,0.3333333333333333,0.3333333333333333,0.3333333333333333,-74.55506740675182,7.479703052389801,1.0,0.0,inventory_demand_spike
inventory,random,19,240,211.98590687643377,21.081412996793244,2.6806128407442023,0.0,0,low_restock,0.3333333333333333,0.3333333333333333,0.3333333333333333,-80.2738250717474,16.865634839017453,1.0,0.0,inventory_demand_spike
inventory,random,19,241,228.83950020499256,21.717778434806355,2.6479101200572073,0.0,0,low_restock,0.3333333333333333,0.3333333333333333,0.3333333333333333,-85.62282850207993,15.364077276482762,1.0,0.0,inventory_demand_spike
inventory,random,19,242,244.12236714879978,20.72953310407411,1.4181866950935167,0.0,0,low_restock,0.3333333333333333,0.3333333333333333,0.3333333333333333,-90.16377654383359,12.97418537386795,1.0,0.0,inventory_demand_spike
inventory,random,19,243,257.0965044109531,20.75111545557232,1.390211341705087,0.0,1,balanced_restock,0.3333333333333333,0.3333333333333333,0.3333333333333333,-93.67732609445913,9.524733768842145,1.0,0.0,inventory_demand_spike
inventory,random,19,244,266.6209316984547,20.822081940089845,1.4185304252473563,0.0,1,balanced_restock,0.3333333333333333,0.3333333333333333,0.3333333333333333,-95.38338458559912,4.952107081570746,1.0,0.0,inventory_demand_spike
inventory,random,19,245,271.4953845302832,20.30189553076988,2.120299787061277,0.0,0,low_restock,0.3333333333333333,0.3333333333333333,0.3333333333333333,-101.28928806487144,17.389149918396544,1.0,0.0,inventory_demand_spike
inventory,random,19,246,288.883680185347,20.40883599607088,2.255476831868027,0.0,1,balanced_restock,0.3333333333333333,0.3333333333333333,0.3333333333333333,-104.72141899562659,9.291802857178112,1.0,0.0,inventory_demand_spike
inventory,random,19,247,298.17548284464743,20.410623139169523,2.256172101451428,0.0,0,low_restock,0.3333333333333333,0.3333333333333333,0.3333333333333333,-108.11470272848516,10.239390398028766,1.0,0.0,inventory_demand_spike
inventory,random,19,248,308.384864938529,19.85767210551517,2.811039778248861,0.0,0,low_restock,0.3333333333333333,0.3333333333333333,0.3333333333333333,-112.61180586323106,12.860526775598355,1.0,0.0,inventory_demand_spike
inventory,random,19,249,321.233731037803,19.322559867869664,2.695092368051491,0.0,0,low_restock,0.3333333333333333,0.3333333333333333,0.3333333333333333,-116.05387735857077,9.838987373982476,1.0,0.0,inventory_demand_spike
inventory,random,19,250,331.0682210244879,19.114567298840942,2.9077384082446356,0.0,1,balanced_restock,0.3333333333333333,0.3333333333333333,0.3333333333333333,-118.29641125996766,6.067017263197359,1.0,0.0,inventory_demand_spike
inventory,random,19,251,336.96117502847903,18.015498968626417,1.9729441077168497,0.0,0,low_restock,0.3333333333333333,0.3333333333333333,0.3333333333333333,-121.44468524282114,9.603726456489525,1.0,0.0,inventory_demand_spike
inventory,random,19,252,346.47052926520325,16.859009284111174,1.290100449782038,0.0,1,balanced_restock,0.3333333333333333,0.3333333333333333,0.3333333333333333,-122.47594030274061,2.4803268516223653,1.0,0.0,inventory_demand_spike
inventory,random,19,253,348.9026865792589,16.503564328145988,1.6222012986870944,0.0,1,balanced_restock,0.3333333333333333,0.3333333333333333,0.3333333333333333,-124.05632480252466,4.5643313594368085,1.0,0.0,inventory_demand_spike
inventory,random,19,254,353.4180708643562,16.036867965310645,1.1461550598080448,0.0,2,high_restock,0.3333333333333333,0.3333333333333333,0.3333333333333333,-122.51507464423158,4.974956844666312,1.0,0.0,inventory_demand_spike
inventory,random,19,255,348.5002132692331,15.486398448949037,1.65787333380141,0.0,2,high_restock,0.3333333333333333,0.3333333333333333,0.3333333333333333,-123.37427912806714,2.646338512974587,1.0,0.0,inventory_demand_spike
inventory,random,19,256,350.955083223049,15.998781638913986,2.502967708262556,0.0,2,high_restock,0.3333333333333333,0.3333333333333333,0.3333333333333333,-123.68917289873508,1.1487928644130854,1.0,0.0,inventory_demand_spike
inventory,random,19,257,351.85477971067166,16.676850089093683,2.727677415121688,0.0,2,high_restock,0.3333333333333333,0.3333333333333333,0.3333333333333333,-122.49302815162066,3.417774127757158,1.0,0.0,inventory_demand_spike
inventory,random,19,258,348.4372232903448,16.70690734221718,2.7034975932999528,0.0,1,balanced_restock,0.3333333333333333,0.3333333333333333,0.3333333333333333,-124.34121434874514,5.800542981950017,1.0,0.0,inventory_demand_spike
inventory,random,19,259,354.2320409964147,16.962794026411704,2.7336413110546336,0.0,1,balanced_restock,0.3333333333333333,0.3333333333333333,0.3333333333333333,-125.29674739908472,2.781926121929107,1.0,0.0,inventory_demand_spike
inventory,random,19,260,356.9621354259564,17.29238443134467,2.3128473963729514,0.0,0,low_restock,0.3333333333333333,0.3333333333333333,0.3333333333333333,-128.27431303103887,9.101927891286861,1.0,0.0,inventory_demand_spike
inventory,random,19,261,365.98375151725395,16.205733658841005,1.7887056807620316,0.0,0,low_restock,0.3333333333333333,0.3333333333333333,0.3333333333333333,-132.185422821776,11.188613385188267,1.0,0.0,inventory_demand_spike
inventory,random,19,262,377.15835091936003,15.860714241737686,1.3478436984068545,0.0,0,low_restock,0.3333333333333333,0.3333333333333333,0.3333333333333333,-137.18933944366637,14.358711614573284,1.0,0.0,inventory_demand_spike
inventory,random,19,263,391.4552555533325,17.003606452597555,2.029690097483643,0.0,1,balanced_restock,0.3333333333333333,0.3333333333333333,0.3333333333333333,-138.6321307274796,3.634432091753878,1.0,0.0,inventory_demand_spike
inventory,random,19,264,395.06323064994166,16.566237930705398,2.0476095806379657,0.0,0,low_restock,0.3333333333333333,0.3333333333333333,0.3333333333333333,-144.41737995522953,17.15229696573795,1.0,0.0,inventory_demand_spike
inventory,random,19,265,412.1067998720844,18.228932889225614,3.0240750668701106,0.0,2,high_restock,0.3333333333333333,0.3333333333333333,0.3333333333333333,-144.79844977265188,0.7474665058610205,1.0,0.0,inventory_demand_spike
inventory,random,19,266,412.16699935043397,18.836649566636012,2.5930731641042506,0.0,2,high_restock,0.3333333333333333,0.3333333333333333,0.3333333333333333,-144.74439406775272,0.21728319668304083,1.0,0.0,inventory_demand_spike
inventory,random,19,267,412.01255447929356,18.970840711986703,2.5199191768671083,0.0,1,balanced_restock,0.3333333333333333,0.3333333333333333,0.3333333333333333,-147.6743499088544,8.88665923462814,1.0,0.0,inventory_demand_spike
inventory,random,19,268,420.8981425967268,19.088577408678855,2.5918512975263495,0.0,2,high_restock,0.3333333333333333,0.3333333333333333,0.3333333333333333,-150.17751084170868,6.879477928546452,1.0,0.0,inventory_demand_spike
inventory,random,19,269,427.5357452620249,20.894502922416642,2.6817427087777252,0.0,1,balanced_restock,0.3333333333333333,0.3333333333333333,0.3333333333333333,-153.175819645765,9.09173505984239,1.0,0.0,inventory_demand_spike
inventory,random,19,270,436.6166275593285,20.501965537448815,2.4740470124146903,0.0,0,low_restock,0.3333333333333333,0.3333333333333333,0.3333333333333333,-158.71740079861814,16.372010969248784,1.0,0.0,inventory_demand_spike
inventory,random,19,271,452.96400228176617,21.359400586266442,2.207799010605722,0.0,1,balanced_restock,0.3333333333333333,0.3333333333333333,0.3333333333333333,-163.85827400649768,14.27216926005766,1.0,0.0,inventory_demand_spike
inventory,random,19,272,467.1379257328505,23.025074250711388,2.0655294280811347,0.0,0,low_restock,0.3333333333333333,0.3333333333333333,0.3333333333333333,-169.50430282535999,16.65156690428157,1.0,0.0,inventory_demand_spike
inventory,random,19,273,483.78372235817136,23.377115952288918,1.8043748444117849,0.0,0,low_restock,0.3333333333333333,0.3333333333333333,0.3333333333333333,-174.8496243890443,15.287203562556051,1.0,0.0,inventory_demand_spike
inventory,random,19,274,499.0560696829837,22.70406488419178,1.8360325931711396,0.0,1,balanced_restock,0.3333333333333333,0.3333333333333333,0.3333333333333333,-177.82776902732556,8.000932241730316,1.0,0.0,inventory_demand_spike
inventory,random,19,275,507.0507686495016,22.486828218034624,2.0651906224750527,0.0,1,balanced_restock,0.3333333333333333,0.3333333333333333,0.3333333333333333,-181.52208331544347,10.555265567194569,1.0,0.0,inventory_demand_spike
inventory,random,19,276,517.6059523298385,22.528390009614476,2.0640566763047086,0.0,2,high_restock,0.3333333333333333,0.3333333333333333,0.3333333333333333,-183.54104069487818,5.361740478950993,1.0,0.0,inventory_demand_spike
inventory,random,19,277,522.8601162710805,21.944438107646015,1.1690581185623274,0.0,2,high_restock,0.3333333333333333,0.3333333333333333,0.3333333333333333,-185.18264525778136,4.690310376812188,1.0,0.0,inventory_demand_spike
inventory,random,19,278,527.5504150222325,21.953338532812243,1.1745205544610846,0.0,2,high_restock,0.3333333333333333,0.3333333333333333,0.3333333333333333,-185.59598638100402,1.3322580990649588,1.0,0.0,inventory_demand_spike
inventory,random,19,279,528.7313896600116,21.53506399540558,1.62757348603094,0.0,2,high_restock,0.3333333333333333,0.3333333333333333,0.3333333333333333,-185.3689602753695,1.0879549681602945,1.0,0.0,inventory_demand_spike
inventory,random,19,280,528.0827436439129,21.006394998882268,2.3228528907733477,0.0,1,balanced_restock,0.3333333333333333,0.3333333333333333,0.3333333333333333,-189.58076496048346,12.559870676217523,1.0,0.0,inventory_demand_spike
inventory,random,19,281,540.6307570299527,21.404960940022846,2.6954876417499882,0.0,1,balanced_restock,0.3333333333333333,0.3333333333333333,0.3333333333333333,-193.0355813984075,9.875723026004477,1.0,0.0,inventory_demand_spike
inventory,random,19,282,550.5016611383071,21.128308973445318,2.5590286390533175,0.0,1,balanced_restock,0.3333333333333333,0.3333333333333333,0.3333333333333333,-196.75571480005797,10.628962220889703,1.0,0.0,inventory_demand_spike
inventory,random,19,283,561.1306137144513,21.11603973844375,2.551646698251878,0.0,1,balanced_restock,0.3333333333333333,0.3333333333333333,0.3333333333333333,-200.2923579380678,10.123234555079117,1.0,0.0,inventory_demand_spike
inventory,random,19,284,571.2353083944794,21.700783746893546,2.369718896245605,0.0,0,low_restock,0.3333333333333333,0.3333333333333333,0.3333333333333333,-204.41088999456088,12.287525767939854,1.0,0.0,inventory_demand_spike
inventory,random,19,285,583.5168285558882,21.886816982395047,2.033647984110372,0.0,0,low_restock,0.3333333333333333,0.3333333333333333,0.3333333333333333,-207.8729564274811,10.059603543899268,1.0,0.0,inventory_demand_spike
inventory,random,19,286,593.4084469356603,20.155537981141514,2.6287801620368763,0.0,1,balanced_restock,0.3333333333333333,0.3333333333333333,0.3333333333333333,-211.43350841233251,9.658849409900192,1.0,0.0,inventory_demand_spike
inventory,random,19,287,603.0671668923786,20.1131011508143,2.6023257436401654,0.0,1,balanced_restock,0.3333333333333333,0.3333333333333333,0.3333333333333333,-214.4846370730453,8.730108968112898,1.0,0.0,inventory_demand_spike
inventory,random,19,288,611.784677351558,19.730812727421327,2.330904391195146,0.0,0,low_restock,0.3333333333333333,0.3333333333333333,0.3333333333333333,-217.00741083043337,7.926494280049515,1.0,0.0,inventory_demand_spike
inventory,random,19,289,619.5068880869525,18.05431593849461,2.952299150212712,0.0,2,high_restock,0.3333333333333333,0.3333333333333333,0.3333333333333333,-217.34904768565806,0.08496503541524698,1.0,0.0,inventory_demand_spike
inventory,random,19,290,619.4544219590231,17.987518680626966,2.9501804231009348,0.0,1,balanced_restock,0.3333333333333333,0.3333333333333333,0.3333333333333333,-218.81295641726635,4.700674097326276,1.0,0.0,inventory_demand_spike
inventory,random,19,291,624.1513040493325,18.148571422734413,2.851703962639941,0.0,1,balanced_restock,0.3333333333333333,0.3333333333333333,0.3333333333333333,-219.0757073884693,1.933588039799653,1.0,0.0,inventory_demand_spike
inventory,random,19,292,624.9020211099123,16.36697084350673,2.884658153666104,0.0,0,low_restock,0.3333333333333333,0.3333333333333333,0.3333333333333333,-222.76362576781636,11.108977052254945,1.0,0.0,inventory_demand_spike
inventory,random,19,293,635.9532164794754,15.633707825583475,2.022812809174995,0.0,1,balanced_restock,0.3333333333333333,0.3333333333333333,0.3333333333333333,-224.94996879345928,5.789611608111278,1.0,0.0,inventory_demand_spike
inventory,random,19,294,641.6856251241694,16.435747407443394,1.897010535173506,0.0,1,balanced_restock,0.3333333333333333,0.3333333333333333,0.3333333333333333,-226.42388382346599,4.228359623377262,1.0,0.0,inventory_demand_spike
inventory,random,19,295,645.8968109241886,16.08847779303311,1.7409878533885288,0.0,2,high_restock,0.3333333333333333,0.3333333333333333,0.3333333333333333,-225.50814699573357,3.1520450860135187,1.0,0.0,inventory_demand_spike
inventory,random,19,296,642.7661342735246,15.722966044838438,1.7665435803586813,0.0,0,low_restock,0.3333333333333333,0.3333333333333333,0.3333333333333333,-230.11195044926077,14.259966424828233,1.0,0.0,inventory_demand_spike
inventory,random,19,297,656.9484298550308,17.20928174902371,1.7668653110050652,0.0,0,low_restock,0.3333333333333333,0.3333333333333333,0.3333333333333333,-234.589735489972,12.798833783283857,1.0,0.0,inventory_demand_spike
inventory,random,19,298,669.7421013999201,17.557776984088967,1.8701401131317015,0.0,2,high_restock,0.3333333333333333,0.3333333333333333,0.3333333333333333,-234.26306853563656,1.9929449407240054,1.0,0.0,inventory_demand_spike
inventory,random,19,299,667.7801958161045,17.21891413838704,1.9591793671352553,0.0,1,balanced_restock,0.3333333333333333,0.3333333333333333,0.3333333333333333,-237.04696277856178,8.515627483028904,1.0,0.0,inventory_demand_spike
inventory,random,19,300,676.2484650816051,18.07033083148331,2.2409890394545244,0.0,1,balanced_restock,0.3333333333333333,0.3333333333333333,0.3333333333333333,-240.5431466455489,675.5306892802535,1.0,1.0,inventory_demand_spike|inventory_sensor_noise
inventory,random,19,301,0.9380029727465219,0.8741978016676448,0.9050310330366286,-0.012280074714332866,2,high_restock,0.3333333333333333,0.3333333333333333,0.3333333333333333,-238.2061889488404,0.2208394693950228,1.0,0.0,inventory_sensor_noise
inventory,random,19,302,0.7871779374221111,1.0,0.9889041810843862,0.04394253544715958,1,balanced_restock,0.3333333333333333,0.3333333333333333,0.3333333333333333,-238.30308409617072,0.20965113351492828,1.0,0.0,inventory_sensor_noise
inventory,random,19,303,0.9956778206136773,1.0,0.9704828387783022,0.05586103538799175,0,low_restock,0.3333333333333333,0.3333333333333333,0.3333333333333333,-239.33059852529965,0.04170952702071861,1.0,0.0,inventory_sensor_noise
inventory,random,19,304,1.0,1.0,0.9611332679168376,0.09627871635005283,0,low_restock,0.3333333333333333,0.3333333333333333,0.3333333333333333,-240.81152713830542,0.03887221604262345,1.0,0.0,inventory_sensor_noise
inventory,random,19,305,1.0,1.0,1.0,0.09562578661411796,2,high_restock,0.3333333333333333,0.3333333333333333,0.3333333333333333,-240.61699543494234,0.2002911350839487,1.0,0.0,inventory_sensor_noise
inventory,random,19,306,0.9005124673362038,1.0,1.0,-0.07820968053136036,0,low_restock,0.3333333333333333,0.3333333333333333,0.3333333333333333,-244.33431752896453,0.09950930731956957,1.0,0.0,inventory_sensor_noise
inventory,random,19,307,1.0,1.0,1.0,-0.08029128752852172,2,high_restock,0.3333333333333333,0.3333333333333333,0.3333333333333333,-244.62557765818622,0.06750861894166299,1.0,0.0,inventory_sensor_noise
inventory,random,19,308,0.9632541369715588,0.9434505926763718,1.0,-0.0772384670208469,0,low_restock,0.3333333333333333,0.3333333333333333,0.3333333333333333,-246.30242068438199,0.2257232504915342,1.0,0.0,inventory_sensor_noise
inventory,random,19,309,1.0,0.8083918664482583,1.0,0.09984870877796252,0,low_restock,0.3333333333333333,0.3333333333333333,0.3333333333333333,-249.9588863919593,0.09479413018157715,1.0,0.0,inventory_sensor_noise
inventory,random,19,310,0.983205366493887,0.8571243679878624,0.966286810882938,0.02779017995918326,2,high_restock,0.3333333333333333,0.3333333333333333,0.3333333333333333,-248.95255364142085,0.12604829612953575,1.0,0.0,inventory_sensor_noise
inventory,random,19,311,0.9736240293025435,0.973183752079543,0.9973836017302936,-0.009082301623163421,1,balanced_restock,0.3333333333333333,0.3333333333333333,0.3333333333333333,-249.0247184980508,0.09810662892282898,1.0,0.0,inventory_sensor_noise
inventory,random,19,312,0.912255909302625,1.0,1.0,0.0625620128326266,0,low_restock,0.3333333333333333,0.3333333333333333,0.3333333333333333,-253.08287268931,0.16024117259701837,1.0,0.0,inventory_sensor_noise
inventory,random,19,313,0.9232197781134486,0.99996800139369,1.0,-0.09730363686128253,2,high_restock,0.3333333333333333,0.3333333333333333,0.3333333333333333,-251.20349531652937,0.13935165529105137,1.0,0.0,inventory_sensor_noise
inventory,random,19,314,1.0,0.9619349390928775,1.0,0.012592530184845354,2,high_restock,0.3333333333333333,0.3333333333333333,0.3333333333333333,-248.8538856583189,0.048099785600562196,1.0,0.0,inventory_sensor_noise
inventory,random,19,315,1.0,1.0,0.9965946138712436,0.041799444747516644,2,high_restock,0.3333333333333333,0.3333333333333333,0.3333333333333333,-247.15940887256414,0.13157529689474293,1.0,0.0,inventory_sensor_noise
inventory,random,19,316,0.9829069448574665,1.0,0.9918515585591432,-0.08857459271830866,2,high_restock,0.3333333333333333,0.3333333333333333,0.3333333333333333,-244.77677382946902,0.10637444782044216,1.0,0.0,inventory_sensor_noise
inventory,random,19,317,0.9619694705368669,1.0,1.0,0.015400155274957123,1,balanced_restock,0.3333333333333333,0.3333333333333333,0.3333333333333333,-244.87762326195713,0.16874835286248308,1.0,0.0,inventory_sensor_noise
inventory,random,19,318,0.9488490928062796,0.8765763898031759,0.8856957106611243,0.017637154766420474,2,high_restock,0.3333333333333333,0.3333333333333333,0.3333333333333333,-243.74055676478991,0.17794624513047685,1.0,0.0,inventory_sensor_noise
inventory,random,19,319,0.8831339168471424,0.995741883307593,1.0,0.00866517609509551,0,low_restock,0.3333333333333333,0.3333333333333333,0.3333333333333333,-245.77367850140183,0.12201852510735306,1.0,0.0,inventory_sensor_noise
inventory,random,19,320,0.9947635278805452,1.0,1.0,0.05774897028563031,1,balanced_restock,0.3333333333333333,0.3333333333333333,0.3333333333333333,-247.21017213549712,0.21083603171473386,1.0,0.0,inventory_sensor_noise
inventory,random,19,321,0.9618002562536184,1.0,0.8804452234222411,-0.1127558988246325,0,low_restock,0.3333333333333333,0.3333333333333333,0.3333333333333333,-248.9847082845234,0.06790974872004764,1.0,0.0,inventory_sensor_noise
inventory,random,19,322,0.9879014810897893,0.9725280937887626,0.9324774702655876,-0.09111335528590526,1,balanced_restock,0.3333333333333333,0.3333333333333333,0.3333333333333333,-247.90063506346107,0.08787930840551009,1.0,0.0,inventory_sensor_noise
inventory,random,19,323,1.0,1.0,0.8873985645034628,-0.1603201852264572,2,high_restock,0.3333333333333333,0.3333333333333333,0.3333333333333333,-245.6827376040577,0.09107071775320356,1.0,0.0,inventory_sensor_noise
inventory,random,19,324,1.0,0.955157581404283,0.8288437639480084,-0.10689389527028376,1,balanced_restock,0.3333333333333333,0.3333333333333333,0.3333333333333333,-243.58114821331694,0.23786073092290844,1.0,0.0,inventory_sensor_noise
inventory,random,19,325,1.0,1.0,1.0,0.05207914543216263,1,balanced_restock,0.3333333333333333,0.3333333333333333,0.3333333333333333,-243.30524162819447,0.06803406906975354,1.0,0.0,inventory_sensor_noise
inventory,random,19,326,0.9686905900492814,0.9547625480086508,1.0,0.09210324242455226,1,balanced_restock,0.3333333333333333,0.3333333333333333,0.3333333333333333,-241.5108560745807,0.053342349966011775,1.0,0.0,inventory_sensor_noise
inventory,random,19,327,1.0,0.9567650879240034,0.9573063432982167,0.08590899834217915,2,high_restock,0.3333333333333333,0.3333333333333333,0.3333333333333333,-238.6227976520838,0.2867352230269206,1.0,0.0,inventory_sensor_noise
inventory,random,19,328,0.9883139509955369,1.0,0.9688330605936526,-0.19707227586008166,0,low_restock,0.3333333333333333,0.3333333333333333,0.3333333333333333,-239.19034243565645,0.31134115392726736,1.0,0.0,inventory_sensor_noise
inventory,random,19,329,0.9234587842450719,0.9063125884664676,0.9790408054863666,0.09248875801513361,0,low_restock,0.3333333333333333,0.3333333333333333,0.3333333333333333,-241.4548844710902,0.10165895157938591,1.0,0.0,inventory_sensor_noise
inventory,random,19,330,0.9175903511294975,1.0,1.0,0.05957242446362499,0,low_restock,0.3333333333333333,0.3333333333333333,0.3333333333333333,-241.4625822299849,0.12989607869845013,1.0,0.0,inventory_sensor_noise
inventory,random,19,331,1.0,1.0,1.0,-0.040834950934173504,1,balanced_restock,0.3333333333333333,0.3333333333333333,0.3333333333333333,-240.00195652401948,0.10572987461651143,1.0,0.0,inventory_sensor_noise
inventory,random,19,332,1.0,0.9542985371810344,0.9235639587818174,0.016153769752662615,2,high_restock,0.3333333333333333,0.3333333333333333,0.3333333333333333,-236.61773403200073,0.09593883025250409,1.0,0.0,inventory_sensor_noise
inventory,random,19,333,0.9654287600766038,1.0,0.8553823585142813,0.05181515224889246,0,low_restock,0.3333333333333333,0.3333333333333333,0.3333333333333333,-237.5030512671952,0.17109868691305657,1.0,0.0,inventory_sensor_noise
inventory,random,19,334,1.0,0.9935275366094747,0.9514753586161325,-0.085311915037676,1,balanced_restock,0.3333333333333333,0.3333333333333333,0.3333333333333333,-236.554350181601,0.14020640755795424,1.0,0.0,inventory_sensor_noise
inventory,random,19,335,0.9802721164259584,1.0,0.9548509383945977,0.053307564144774215,1,balanced_restock,0.3333333333333333,0.3333333333333333,0.3333333333333333,-237.21370504511827,0.052427639603726386,1.0,0.0,inventory_sensor_noise
inventory,random,19,336,0.9279715431830222,1.0,0.9550349842831746,0.04966427442401491,2,high_restock,0.3333333333333333,0.3333333333333333,0.3333333333333333,-235.9397758850252,0.15397010889138407,1.0,0.0,inventory_sensor_noise
inventory,random,19,337,0.9665673192801842,1.0,0.8328485765242886,0.13503196303312304,0,low_restock,0.3333333333333333,0.3333333333333333,0.3333333333333333,-238.53091368089798,0.18682605106296377,1.0,0.0,inventory_sensor_noise
inventory,random,19,338,1.0,1.0,0.881442867928734,-0.04223851972858168,2,high_restock,0.3333333333333333,0.3333333333333333,0.3333333333333333,-237.0413706195511,0.19199673192416628,1.0,0.0,inventory_sensor_noise
inventory,random,19,339,0.8378746618923902,0.9852728142021095,0.978921610868859,-0.012927694316443543,1,balanced_restock,0.3333333333333333,0.3333333333333333,0.3333333333333333,-237.63855951672275,0.40156464818569726,1.0,0.0,inventory_sensor_noise
inventory,random,19,340,0.9546987398353015,0.8994785464519929,0.6325779740428081,0.12952135038592466,2,high_restock,0.3333333333333333,0.3333333333333333,0.3333333333333333,-235.98444776131365,0.2013476258560651,1.0,0.0,inventory_sensor_noise
inventory,random,19,341,1.0,0.9446728970085869,0.8075154036849024,0.05308164438603678,2,high_restock,0.3333333333333333,0.3333333333333333,0.3333333333333333,-233.3447721283742,0.20671660659722882,1.0,0.0,inventory_sensor_noise
inventory,random,19,342,0.9266494737623139,0.9537807423358443,1.0,0.03831062280198048,1,balanced_restock,0.3333333333333333,0.3333333333333333,0.3333333333333333,-232.68873465430792,0.11660275252590238,1.0,0.0,inventory_sensor_noise
inventory,random,19,343,0.8994085105490108,0.969233633775678,0.9148131957013896,0.11151272891490102,1,balanced_restock,0.3333333333333333,0.3333333333333333,0.3333333333333333,-232.4276967210287,0.08815041289890944,1.0,0.0,inventory_sensor_noise
inventory,random,19,344,0.9725526265306935,0.944564078757766,0.8962219821603696,0.149803895334805,0,low_restock,0.3333333333333333,0.3333333333333333,0.3333333333333333,-235.83798308859602,0.104987990000452,1.0,0.0,inventory_sensor_noise
inventory,random,19,345,1.0,1.0,0.9647503814123609,0.09980552670185923,2,high_restock,0.3333333333333333,0.3333333333333333,0.3333333333333333,-235.42725963409416,0.089967958608429,1.0,0.0,inventory_sensor_noise
inventory,random,19,346,1.0,0.9605699565208236,1.0,0.027025243404634986,2,high_restock,0.3333333333333333,0.3333333333333333,0.3333333333333333,-232.96743853104405,0.1969769505595617,1.0,0.0,inventory_sensor_noise
inventory,random,19,347,1.0,1.0,0.8074867392034318,0.013466661603915733,0,low_restock,0.3333333333333333,0.3333333333333333,0.3333333333333333,-235.13243839364551,0.2140381301449479,1.0,0.0,inventory_sensor_noise
inventory,random,19,348,0.9065392366766879,1.0,1.0,0.009460255178946829,2,high_restock,0.3333333333333333,0.3333333333333333,0.3333333333333333,-233.24286775535805,0.11520065317775613,1.0,0.0,inventory_sensor_noise
inventory,random,19,349,0.978198794903304,1.0,1.0,-0.08074006747761509,1,balanced_restock,0.3333333333333333,0.3333333333333333,0.3333333333333333,-234.18015858929667,0.12532298954791427,1.0,0.0,inventory_sensor_noise
inventory,random,19,350,1.0,1.0,1.0,0.04267208413460836,1,balanced_restock,0.3333333333333333,0.3333333333333333,0.3333333333333333,-234.76257732888817,0.13298779479625136,1.0,0.0,inventory_sensor_noise
inventory,random,19,351,0.9735976748800247,0.9786967085995725,1.0,-0.0859157868662658,2,high_restock,0.3333333333333333,0.3333333333333333,0.3333333333333333,-233.7686039385569,0.06419477156713252,1.0,0.0,inventory_sensor_noise
inventory,random,19,352,1.0,1.0,1.0,-0.031417569461254125,0,low_restock,0.3333333333333333,0.3333333333333333,0.3333333333333333,-236.04103296239074,0.20131579042953301,1.0,0.0,inventory_sensor_noise
inventory,random,19,353,1.0,0.8410482829020605,0.9875814367685123,0.0914977607264397,1,balanced_restock,0.3333333333333333,0.3333333333333333,0.3333333333333333,-236.74446851623094,0.21980381378473215,1.0,0.0,inventory_sensor_noise
inventory,random,19,354,0.9955698867707325,0.9196699681422948,0.8136311113255353,-0.01737834105607725,2,high_restock,0.3333333333333333,0.3333333333333333,0.3333333333333333,-235.36401179646046,0.37099787679112534,1.0,0.0,inventory_sensor_noise
inventory,random,19,355,1.0,1.0,0.4522774268604992,0.006919794378191457,1,balanced_restock,0.3333333333333333,0.3333333333333333,0.3333333333333333,-236.5118944450121,0.6141945277142938,1.0,0.0,inventory_sensor_noise
inventory,random,19,356,0.8009842537330272,0.8356502185273216,1.0,-0.09611797935218101,2,high_restock,0.3333333333333333,0.3333333333333333,0.3333333333333333,-233.7510622188127,0.3120904224962194,1.0,0.0,inventory_sensor_noise
inventory,random,19,357,1.0,1.0,1.0,0.0793309131537321,2,high_restock,0.3333333333333333,0.3333333333333333,0.3333333333333333,-232.57155444535576,0.2661492140331558,1.0,0.0,inventory_sensor_noise
inventory,random,19,358,1.0,1.0,0.9034317802584821,-0.1686811491868333,2,high_restock,0.3333333333333333,0.3333333333333333,0.3333333333333333,-230.73489171792644,0.22501277952838902,1.0,0.0,inventory_sensor_noise
inventory,random,19,359,0.9717897197476061,0.9938538176783452,1.0,0.03249473012774977,0,low_restock,0.3333333333333333,0.3333333333333333,0.3333333333333333,-233.14180420323038,0.06968077562386747,1.0,0.0,inventory_sensor_noise
inventory,random,19,360,0.9739581499005077,0.9361376165512688,1.0,-0.006486656836731263,2,high_restock,0.3333333333333333,0.3333333333333333,0.3333333333333333,-230.11904032916837,0.07624714304646715,1.0,0.0,inventory_sensor_noise
inventory,random,19,361,1.0,1.0,1.0,0.026025569269630948,2,high_restock,0.3333333333333333,0.3333333333333333,0.3333333333333333,-226.94454417267016,0.06458960709302573,1.0,0.0,inventory_sensor_noise
inventory,random,19,362,1.0,1.0,0.93917897197006,0.004285746505572197,0,low_restock,0.3333333333333333,0.3333333333333333,0.3333333333333333,-229.19522207588196,0.07420002877384718,1.0,0.0,inventory_sensor_noise
inventory,random,19,363,0.9735728304319708,0.9726445498390243,1.0,-0.014680826050743907,0,low_restock,0.3333333333333333,0.3333333333333333,0.3333333333333333,-231.81964353165566,0.1251133360994999,1.0,0.0,inventory_sensor_noise
inventory,random,19,364,1.0,1.0,0.985894988320221,0.10367321727086269,0,low_restock,0.3333333333333333,0.3333333333333333,0.3333333333333333,-232.41471401545587,0.10553362798270544,1.0,0.0,inventory_sensor_noise
inventory,random,19,365,0.9781029367394959,1.0,0.9692097109623592,0.0017935491557339877,2,high_restock,0.3333333333333333,0.3333333333333333,0.3333333333333333,-229.37281362026624,0.11199143059813618,1.0,0.0,inventory_sensor_noise
inventory,random,19,366,1.0,0.9937100301386389,1.0,0.1070313443060712,2,high_restock,0.3333333333333333,0.3333333333333333,0.3333333333333333,-225.8014403381455,0.09703920553100041,1.0,0.0,inventory_sensor_noise
inventory,random,19,367,1.0,1.0,0.9057081037258523,0.08498407721338413,0,low_restock,0.3333333333333333,0.3333333333333333,0.3333333333333333,-226.0146370043346,0.10095678016121155,1.0,0.0,inventory_sensor_noise
inventory,random,19,368,1.0,1.0,0.9996153750563569,0.04792067408066854,2,high_restock,0.3333333333333333,0.3333333333333333,0.3333333333333333,-224.48185904187594,0.1929696793751924,1.0,0.0,inventory_sensor_noise
inventory,random,19,369,0.8268954815962244,1.0,0.9143688360130948,0.05019013381969683,0,low_restock,0.3333333333333333,0.3333333333333333,0.3333333333333333,-225.20658497923552,0.18226277936981558,1.0,0.0,inventory_sensor_noise
inventory,random,19,370,1.0,0.9919441523957078,0.9703167133133566,0.04247749505087968,2,high_restock,0.3333333333333333,0.3333333333333333,0.3333333333333333,-222.2929300601614,0.13362890256087873,1.0,0.0,inventory_sensor_noise
inventory,random,19,371,0.8880516604485216,0.9847650295244019,0.9560807885704179,-0.028726799151112054,0,low_restock,0.3333333333333333,0.3333333333333333,0.3333333333333333,-224.28008332910517,0.16142885539158483,1.0,0.0,inventory_sensor_noise
inventory,random,19,372,1.0,1.0,0.9421915258668008,-0.14319001892437222,1,balanced_restock,0.3333333333333333,0.3333333333333333,0.3333333333333333,-224.06206437042164,0.34528325962545375,1.0,0.0,inventory_sensor_noise
inventory,random,19,373,1.0,0.9293298281072335,1.0,0.18980312890395254,1,balanced_restock,0.3333333333333333,0.3333333333333333,0.3333333333333333,-224.63957811704606,0.2715761178884487,1.0,0.0,inventory_sensor_noise
inventory,random,19,374,1.0,0.9821148991127775,0.9354276343099833,-0.0686494463888757,2,high_restock,0.3333333333333333,0.3333333333333333,0.3333333333333333,-222.63648274595124,0.022562876539796866,1.0,0.0,inventory_sensor_noise
inventory,random,19,375,1.0,1.0,0.9490515764293236,-0.07054543297449675,2,high_restock,0.3333333333333333,0.3333333333333333,0.3333333333333333,-220.0324948406806,0.025060164106153623,1.0,0.0,inventory_sensor_noise
inventory,random,19,376,0.9945847148738611,1.0,0.9694008661952266,-0.05695893533701545,0,low_restock,0.3333333333333333,0.3333333333333333,0.3333333333333333,-220.4201697741752,0.2184972196308137,1.0,0.0,inventory_sensor_noise
inventory,random,19,377,1.0,0.8273546165356187,0.9203403222671829,0.0675334108988873,2,high_restock,0.3333333333333333,0.3333333333333333,0.3333333333333333,-218.67280893751592,0.29720895373340345,1.0,0.0,inventory_sensor_noise
inventory,random,19,378,1.0,1.0,1.0,-0.1608983502273729,0,low_restock,0.3333333333333333,0.3333333333333333,0.3333333333333333,-220.64907480344306,0.08995917569523167,1.0,0.0,inventory_sensor_noise
inventory,random,19,379,1.0,0.981028269634483,0.9762231271089318,-0.07623792822142218,1,balanced_restock,0.3333333333333333,0.3333333333333333,0.3333333333333333,-221.50332679870297,0.09959283484547428,1.0,0.0,inventory_sensor_noise
inventory,random,19,380,1.0,1.0,1.0,0.018595960842656703,1,balanced_restock,0.3333333333333333,0.3333333333333333,0.3333333333333333,-222.97994234182252,0.10613654262651552,1.0,0.0,inventory_sensor_noise
inventory,random,19,381,0.9737008480672299,1.0,0.9099614063384892,0.06825854172388528,0,low_restock,0.3333333333333333,0.3333333333333333,0.3333333333333333,-225.17455526971608,0.17280703967851951,1.0,0.0,inventory_sensor_noise
inventory,random,19,382,0.8205387606619601,0.9825817902742691,0.9555135933604713,0.0048136666623113025,0,low_restock,0.3333333333333333,0.3333333333333333,0.3333333333333333,-228.19160342048033,0.17040172040872098,1.0,0.0,inventory_sensor_noise
inventory,random,19,383,0.9834470029981156,0.9947754890077358,0.9747051094700164,-0.03969083106332151,0,low_restock,0.3333333333333333,0.3333333333333333,0.3333333333333333,-232.08413189057708,0.07692881435442597,1.0,0.0,inventory_sensor_noise
inventory,random,19,384,0.9143578533647799,1.0,1.0,-0.017836658031880902,0,low_restock,0.3333333333333333,0.3333333333333333,0.3333333333333333,-236.40921342381813,0.10625473551009904,1.0,0.0,inventory_sensor_noise
inventory,random,19,385,0.9855628198851162,1.0,0.9215433773115043,-0.009806719210575172,0,low_restock,0.3333333333333333,0.3333333333333333,0.3333333333333333,-240.43695340402016,0.08832433989042796,1.0,0.0,inventory_sensor_noise
inventory,random,19,386,1.0,0.9787357816676744,1.0,-0.04119379015452356,2,high_restock,0.3333333333333333,0.3333333333333333,0.3333333333333333,-239.0822541054936,0.1155905402605233,1.0,0.0,inventory_sensor_noise
inventory,random,19,387,1.0,0.9029509966467156,1.0,0.046086444475355405,0,low_restock,0.3333333333333333,0.3333333333333333,0.3333333333333333,-242.77437048658985,0.11701423166554437,1.0,0.0,inventory_sensor_noise
inventory,random,19,388,1.0,1.0,0.9897527736428141,-0.01847992225219464,1,balanced_restock,0.3333333333333333,0.3333333333333333,0.3333333333333333,-244.45379885611277,0.06298950588097554,1.0,0.0,inventory_sensor_noise
inventory,random,19,389,0.9917966765069668,1.0,0.9277265095757437,-0.011191170597751607,1,balanced_restock,0.3333333333333333,0.3333333333333333,0.3333333333333333,-244.8903684162614,0.09174355928324804,1.0,0.0,inventory_sensor_noise
inventory,random,19,390,0.9235708200032844,1.0,0.9276861274713286,0.05014488359212457,0,low_restock,0.3333333333333333,0.3333333333333333,0.3333333333333333,-247.82778616427834,0.19056609602513294,1.0,0.0,inventory_sensor_noise
inventory,random,19,391,1.0,0.9706223457671412,1.0,-0.1060014409594687,2,high_restock,0.3333333333333333,0.3333333333333333,0.3333333333333333,-247.66802175787728,0.27900527120401347,1.0,0.0,inventory_sensor_noise
inventory,random,19,392,1.0,0.9549661104895134,0.9585031740314892,0.16945606409547764,0,low_restock,0.3333333333333333,0.3333333333333333,0.3333333333333333,-250.89652646305063,0.12243697774615095,1.0,0.0,inventory_sensor_noise
inventory,random,19,393,1.0,0.9836526435773483,0.9483303333138581,0.05086260031797546,2,high_restock,0.3333333333333333,0.3333333333333333,0.3333333333333333,-248.9186182750932,0.11136896964689258,1.0,0.0,inventory_sensor_noise
inventory,random,19,394,0.908376412173549,1.0,0.9157882284921091,-0.000924858644404556,0,low_restock,0.3333333333333333,0.3333333333333333,0.3333333333333333,-250.94339422549012,0.14679009757242376,1.0,0.0,inventory_sensor_noise
inventory,random,19,395,1.0,0.9352837993119099,1.0,-0.044198890200661534,2,high_restock,0.3333333333333333,0.3333333333333333,0.3333333333333333,-249.80805714776733,0.12910558483934093,1.0,0.0,inventory_sensor_noise
inventory,random,19,396,0.969724737075279,1.0,0.9028693525965542,0.0019434027097866824,1,balanced_restock,0.3333333333333333,0.3333333333333333,0.3333333333333333,-248.68054166977677,0.1559415794215677,1.0,0.0,inventory_sensor_noise
inventory,random,19,397,0.8853815428810228,0.8955974089813836,0.9328245830257672,0.0754742461983213,2,high_restock,0.3333333333333333,0.3333333333333333,0.3333333333333333,-247.29755996917072,0.1996415744009641,1.0,0.0,inventory_sensor_noise
inventory,random,19,398,1.0,0.825351405479406,1.0,-0.055949990011363304,2,high_restock,0.3333333333333333,0.3333333333333333,0.3333333333333333,-245.63937154815596,0.16866238752322718,1.0,0.0,inventory_sensor_noise
inventory,random,19,399,1.0,0.8929958000215648,0.959569010439106,0.09316933112170418,0,low_restock,0.3333333333333333,0.3333333333333333,0.3333333333333333,-247.08142367372088,0.05208707286263173,1.0,0.0,inventory_sensor_noise
inventory,random,19,400,1.0,0.8601623928300602,1.0,0.09256467029045323,2,high_restock,0.3333333333333333,0.3333333333333333,0.3333333333333333,-245.945967803494,0.2542800129106956,1.0,0.0,inventory_sensor_noise
inventory,random,19,401,0.9746393074704841,0.9579772913444239,1.0,-0.14077500886616087,2,high_restock,0.3333333333333333,0.3333333333333333,0.3333333333333333,-242.5360017352082,690.5314357640762,0.0,0.0,none
inventory,random,19,402,691.4171478148807,11.985977180246541,2.0814921352449116,0.0,2,high_restock,0.3333333333333333,0.3333333333333333,0.3333333333333333,-238.9193156600113,10.407890964652024,0.0,0.0,none
inventory,random,19,403,681.0837590286038,10.812431823337464,2.491445570418612,0.0,2,high_restock,0.3333333333333333,0.3333333333333333,0.3333333333333333,-237.16402002850944,5.0157136779696225,0.0,0.0,none
inventory,random,19,404,676.0686286528842,10.756941988773393,2.438796808175853,0.0,2,high_restock,0.3333333333333333,0.3333333333333333,0.3333333333333333,-234.36113397483226,8.011590976600246,0.0,0.0,none
inventory,random,19,405,668.0603827852351,10.525548743492216,2.445524784272872,0.0,2,high_restock,0.3333333333333333,0.3333333333333333,0.3333333333333333,-229.83022490521785,13.062421477498098,0.0,0.0,none
inventory,random,19,406,655.1149283006225,8.791004058127914,2.6283300826151597,0.0,0,low_restock,0.3333333333333333,0.3333333333333333,0.3333333333333333,-230.3414143887518,2.4895569714293435,0.0,0.0,none
inventory,random,19,407,657.6040411107194,8.83737865916775,2.620537202384365,0.0,1,balanced_restock,0.3333333333333333,0.3333333333333333,0.3333333333333333,-229.00311851442228,4.337988329428113,0.0,0.0,none
inventory,random,19,408,653.2660528983494,8.836458773949104,2.6209487894979593,0.0,1,balanced_restock,0.3333333333333333,0.3333333333333333,0.3333333333333333,-228.97783189942115,0.3903412064743114,0.0,0.0,none
inventory,random,19,409,653.1938054269176,8.625035354806673,2.3008758319060014,0.0,0,low_restock,0.3333333333333333,0.3333333333333333,0.3333333333333333,-231.36845867493244,7.4070986904202565,0.0,0.0,none
inventory,random,19,410,660.5384533569498,9.295614114342934,2.987594057059122,0.0,0,low_restock,0.3333333333333333,0.3333333333333333,0.3333333333333333,-231.71138082995515,1.1599301112345175,0.0,0.0,none
inventory,random,19,411,661.518230942729,9.680660528421274,2.5005488801415563,0.0,1,balanced_restock,0.3333333333333333,0.3333333333333333,0.3333333333333333,-231.783995845475,0.7108490534186285,0.0,0.0,none
inventory,random,19,412,661.2114167013572,10.321475118127525,2.5235284288138797,0.0,0,low_restock,0.3333333333333333,0.3333333333333333,0.3333333333333333,-234.2440139003302,7.635483603885988,0.0,0.0,none
inventory,random,19,413,668.7543254295149,11.49765450623308,2.3760840973209607,0.0,0,low_restock,0.3333333333333333,0.3333333333333333,0.3333333333333333,-234.9740608247707,2.2478795574200654,0.0,0.0,none
inventory,random,19,414,670.8401737850592,10.729273671628283,2.7104342660846723,0.0,0,low_restock,0.3333333333333333,0.3333333333333333,0.3333333333333333,-236.79141351980624,5.218571677314165,0.0,0.0,none
inventory,random,19,415,676.0326100565893,10.298831339927855,2.4157898762788568,0.0,1,balanced_restock,0.3333333333333333,0.3333333333333333,0.3333333333333333,-235.7188581670139,3.6076434205185666,0.0,0.0,none
inventory,random,19,416,672.4538804771826,10.58712990689068,2.06270407455732,0.0,1,balanced_restock,0.3333333333333333,0.3333333333333333,0.3333333333333333,-235.53827873713018,0.5180529659183227,0.0,0.0,none
inventory,random,19,417,671.9379392489434,10.545304509517218,2.041867552909549,0.0,2,high_restock,0.3333333333333333,0.3333333333333333,0.3333333333333333,-234.24376314402474,4.213812604331578,0.0,0.0,none
inventory,random,19,418,667.7250375543565,10.5941424249683,2.114605673485909,0.0,2,high_restock,0.3333333333333333,0.3333333333333333,0.3333333333333333,-233.2783076510965,3.115906027808841,0.0,0.0,none
inventory,random,19,419,664.9665932888472,12.025283900757591,2.3419593285917673,0.0,1,balanced_restock,0.3333333333333333,0.3333333333333333,0.3333333333333333,-233.157078626031,0.26007745066491245,0.0,0.0,none
inventory,random,19,420,665.1345103600886,12.22038006069984,2.304789099834575,0.0,2,high_restock,0.3333333333333333,0.3333333333333333,0.3333333333333333,-232.4938659130306,2.884801700730746,0.0,0.0,none
inventory,random,19,421,662.7253311800874,13.654290140580958,1.6252021561671244,0.0,0,low_restock,0.3333333333333333,0.3333333333333333,0.3333333333333333,-235.29595315507103,9.069939130787601,0.0,0.0,none
inventory,random,19,422,671.7598661573459,14.364385381680483,1.255420694417168,0.0,2,high_restock,0.3333333333333333,0.3333333333333333,0.3333333333333333,-234.1624927019341,4.267046711448018,0.0,0.0,none
inventory,random,19,423,667.4928362912403,14.35355974737676,1.260574827193955,0.0,1,balanced_restock,0.3333333333333333,0.3333333333333333,0.3333333333333333,-235.03048870335115,2.9948467645673746,0.0,0.0,none
inventory,random,19,424,670.4871105810033,14.304103458431232,1.2292268386175802,0.0,2,high_restock,0.3333333333333333,0.3333333333333333,0.3333333333333333,-235.00503091809514,1.2025436664748548,0.0,0.0,none
inventory,random,19,425,669.9000883374148,15.353115595465264,1.1962163604877007,0.0,0,low_restock,0.3333333333333333,0.3333333333333333,0.3333333333333333,-238.59313051822056,11.287789701829015,0.0,0.0,none
inventory,random,19,426,681.1803729092017,15.69100834582287,1.4311734235442648,0.0,0,low_restock,0.3333333333333333,0.3333333333333333,0.3333333333333333,-241.4632533543236,8.202800509099824,0.0,0.0,none
inventory,random,19,427,689.380723869496,15.524171542430059,1.542285084143762,0.0,0,low_restock,0.3333333333333333,0.3333333333333333,0.3333333333333333,-245.31482873140766,11.026140752067104,0.0,0.0,none
inventory,random,19,428,700.385224946879,16.178477731127764,1.3217871619239676,0.0,2,high_restock,0.3333333333333333,0.3333333333333333,0.3333333333333333,-244.24300670290873,4.103893374653804,0.0,0.0,none
inventory,random,19,429,696.2943048654536,15.961438856890078,1.5651137839508216,0.0,2,high_restock,0.3333333333333333,0.3333333333333333,0.3333333333333333,-242.78809402829333,4.217776449392628,0.0,0.0,none
inventory,random,19,430,692.1374115094096,15.24746463439898,1.5543150272184658,0.0,2,high_restock,0.3333333333333333,0.3333333333333333,0.3333333333333333,-240.50716882963326,6.622300097255822,0.0,0.0,none
inventory,random,19,431,685.6204823703808,14.088021892235858,1.754778746223663,0.0,0,low_restock,0.3333333333333333,0.3333333333333333,0.3333333333333333,-242.6754241519002,7.226292994206854,0.0,0.0,none
inventory,random,19,432,692.8440690054291,13.892669027186619,1.7855004355034405,0.0,1,balanced_restock,0.3333333333333333,0.3333333333333333,0.3333333333333333,-241.88203239444707,3.1873601028313634,0.0,0.0,none
inventory,random,19,433,690.0629496984202,12.335544950308241,1.7876062629212424,0.0,1,balanced_restock,0.3333333333333333,0.3333333333333333,0.3333333333333333,-242.9449550340169,3.054686491935266,0.0,0.0,none
inventory,random,19,434,693.0998715257626,12.561113332061803,2.027052047548831,0.0,2,high_restock,0.3333333333333333,0.3333333333333333,0.3333333333333333,-240.58047315341787,7.2965690550617985,0.0,0.0,none
inventory,random,19,435,685.8299232954797,11.938502357214016,2.0157260468977287,0.0,1,balanced_restock,0.3333333333333333,0.3333333333333333,0.3333333333333333,-239.7539765088977,1.8704676476031936,0.0,0.0,none
inventory,random,19,436,683.982790025422,11.67246153100822,2.142099233008618,0.0,0,low_restock,0.3333333333333333,0.3333333333333333,0.3333333333333333,-242.2533163252635,7.6560488324398,0.0,0.0,none
inventory,random,19,437,691.6380466436101,11.758795527636202,2.210482530796089,0.0,0,low_restock,0.3333333333333333,0.3333333333333333,0.3333333333333333,-244.30103671626074,5.887072815296181,0.0,0.0,none
inventory,random,19,438,697.4886763321736,12.28514532675068,1.8222629165681339,0.0,0,low_restock,0.3333333333333333,0.3333333333333333,0.3333333333333333,-245.5645342293486,3.789463391893541,0.0,0.0,none
inventory,random,19,439,701.0986692267103,11.199759540189532,1.4350655583299168,0.0,1,balanced_restock,0.3333333333333333,0.3333333333333333,0.3333333333333333,-245.930789090694,0.6456829851233742,0.0,0.0,none
inventory,random,19,440,701.6308259734114,11.560180535586353,1.4968103580739598,0.0,2,high_restock,0.3333333333333333,0.3333333333333333,0.3333333333333333,-243.35888665199622,7.862579543159748,0.0,0.0,none
inventory,random,19,441,693.7682475771321,11.557091510342017,1.4997245987480536,0.0,1,balanced_restock,0.3333333333333333,0.3333333333333333,0.3333333333333333,-243.19462551150124,0.48071416183591464,0.0,0.0,none
inventory,random,19,442,693.8132157471464,11.235033820707239,1.1456867284258492,0.0,1,balanced_restock,0.3333333333333333,0.3333333333333333,0.3333333333333333,-241.4943835960776,5.009044360019447,0.0,0.0,none
inventory,random,19,443,688.9553817030788,10.293341074181035,1.9236253970115773,0.0,2,high_restock,0.3333333333333333,0.3333333333333333,0.3333333333333333,-239.32227903871757,6.728591186213963,0.0,0.0,none
inventory,random,19,444,682.2350829677646,10.627282748210849,1.9209388237348846,0.0,0,low_restock,0.3333333333333333,0.3333333333333333,0.3333333333333333,-241.2814637453439,6.626295791009568,0.0,0.0,none
inventory,random,19,445,688.8613249866969,10.646099802657085,1.9398738428489928,0.0,0,low_restock,0.3333333333333333,0.3333333333333333,0.3333333333333333,-242.11329259799268,2.411670364358322,0.0,0.0,none
inventory,random,19,446,691.2379788514077,10.293946254855106,2.148819367926906,0.0,2,high_restock,0.3333333333333333,0.3333333333333333,0.3333333333333333,-240.1834959146763,6.543876369500991,0.0,0.0,none
inventory,random,19,447,684.6957026133609,10.176497373242908,2.0642893459778926,0.0,2,high_restock,0.3333333333333333,0.3333333333333333,0.3333333333333333,-238.588899092613,4.739459050391024,0.0,0.0,none
inventory,random,19,448,680.1397116931801,11.436865998020235,1.7223979081796923,0.0,0,low_restock,0.3333333333333333,0.3333333333333333,0.3333333333333333,-239.882352298327,4.725520952096709,0.0,0.0,none
inventory,random,19,449,684.8638637095057,11.325756148348223,1.7467001026700055,0.0,1,balanced_restock,0.3333333333333333,0.3333333333333333,0.3333333333333333,-240.21883049048827,0.44923242654163237,0.0,0.0,none
inventory,random,19,450,685.3109442585379,11.289923854368192,1.7213071421950221,0.0,1,balanced_restock,0.3333333333333333,0.3333333333333333,0.3333333333333333,-238.72109891798897,4.287258819935377,0.0,0.0,none
inventory,random,19,451,681.0317111942542,11.158746468569301,1.9483425229386513,0.0,0,low_restock,0.3333333333333333,0.3333333333333333,0.3333333333333333,-239.31968720746823,2.3367345000195994,0.0,0.0,none
inventory,random,19,452,683.256249164195,10.512109310166807,2.254315281933088,0.0,0,low_restock,0.3333333333333333,0.3333333333333333,0.3333333333333333,-242.25845120092833,8.402790969021401,0.0,0.0,none
inventory,random,19,453,691.6527177169381,10.70260120475161,2.51874816559233,0.0,2,high_restock,0.3333333333333333,0.3333333333333333,0.3333333333333333,-241.38084416776564,3.6381512166019907,0.0,0.0,none
inventory,random,19,454,688.1166976221876,11.45056678253639,2.9349856685067217,0.0,0,low_restock,0.3333333333333333,0.3333333333333333,0.3333333333333333,-242.43133627520734,4.058871477138761,0.0,0.0,none
inventory,random,19,455,692.146675072021,10.967146162696633,2.9300942393937355,0.0,2,high_restock,0.3333333333333333,0.3333333333333333,0.3333333333333333,-241.95379497843535,2.866450882048373,0.0,0.0,none
inventory,random,19,456,689.7536999383868,12.544397748826531,2.8802133507186083,0.0,2,high_restock,0.3333333333333333,0.3333333333333333,0.3333333333333333,-239.4501015959948,7.204256448103826,0.0,0.0,none
inventory,random,19,457,682.600290274271,13.068808222015207,2.2056506753584437,0.0,1,balanced_restock,0.3333333333333333,0.3333333333333333,0.3333333333333333,-240.98339754682783,4.9435346334901835,0.0,0.0,none
inventory,random,19,458,687.4954215623652,13.56854076908544,2.6815621442644026,0.0,1,balanced_restock,0.3333333333333333,0.3333333333333333,0.3333333333333333,-243.03227355200477,5.91587312015553,0.0,0.0,none
inventory,random,19,459,693.349353005728,14.246531076708067,3.2005713666849083,0.0,0,low_restock,0.3333333333333333,0.3333333333333333,0.3333333333333333,-245.9775789263784,9.01753743186533,0.0,0.0,none
inventory,random,19,460,702.2787969325097,15.22642437209775,2.412649020763458,0.0,0,low_restock,0.3333333333333333,0.3333333333333333,0.3333333333333333,-248.51548609101735,7.267247760793178,0.0,0.0,none
inventory,random,19,461,709.5299602600496,14.755252064332558,2.519966635764903,0.0,2,high_restock,0.3333333333333333,0.3333333333333333,0.3333333333333333,-248.5464683556353,1.7715207806146553,0.0,0.0,none
inventory,random,19,462,708.5899095875295,15.997923862651703,1.6771396007771044,0.0,1,balanced_restock,0.3333333333333333,0.3333333333333333,0.3333333333333333,-250.4442169173783,5.942121488869766,0.0,0.0,none
inventory,random,19,463,714.5263340496523,16.206182497457398,1.833026531040865,0.0,0,low_restock,0.3333333333333333,0.3333333333333333,0.3333333333333333,-252.43071586925348,6.302446042815532,0.0,0.0,none
inventory,random,19,464,720.71633105501,15.073395609856396,2.181676876721886,0.0,2,high_restock,0.3333333333333333,0.3333333333333333,0.3333333333333333,-251.5928842673947,3.423111531986187,0.0,0.0,none
inventory,random,19,465,717.2939550496992,15.003031623437883,2.190839196588226,0.0,0,low_restock,0.3333333333333333,0.3333333333333333,0.3333333333333333,-254.65538330282646,9.793246082055571,0.0,0.0,none
inventory,random,19,466,727.0725237223613,15.508512692462338,2.012647090742583,0.0,0,low_restock,0.3333333333333333,0.3333333333333333,0.3333333333333333,-258.29378241985575,10.396637667120952,0.0,0.0,none
inventory,random,19,467,737.4679497710164,15.375608036697377,1.9258807331022054,0.0,1,balanced_restock,0.3333333333333333,0.3333333333333333,0.3333333333333333,-257.7965104637858,2.5317031665163356,0.0,0.0,none
inventory,random,19,468,735.532887039388,13.801310597947165,2.357900087247752,0.0,1,balanced_restock,0.3333333333333333,0.3333333333333333,0.3333333333333333,-259.1859650337921,4.041335906738727,0.0,0.0,none
inventory,random,19,469,739.502757239406,14.557285236879235,2.325824373754074,0.0,0,low_restock,0.3333333333333333,0.3333333333333333,0.3333333333333333,-261.8376032570126,8.090985046427074,0.0,0.0,none
inventory,random,19,470,747.593152162893,14.45983942263877,2.3331262097815455,0.0,2,high_restock,0.3333333333333333,0.3333333333333333,0.3333333333333333,-261.21740373678284,2.803496139385081,0.0,0.0,none
inventory,random,19,471,744.7925821050937,14.344011676546481,2.2785195422371336,0.0,0,low_restock,0.3333333333333333,0.3333333333333333,0.3333333333333333,-261.96052501637575,3.502682343902761,0.0,0.0,none
inventory,random,19,472,747.944357189645,12.895281483725702,2.7646041512300212,0.0,1,balanced_restock,0.3333333333333333,0.3333333333333333,0.3333333333333333,-261.766217417801,1.0951524252804334,0.0,0.0,none
inventory,random,19,473,746.8749069080028,13.068403973722932,2.6044057331658115,0.0,1,balanced_restock,0.3333333333333333,0.3333333333333333,0.3333333333333333,-261.81393153997135,0.8943870479993513,0.0,0.0,none
inventory,random,19,474,747.0112329713468,12.301695146388104,2.1645182814591477,0.0,2,high_restock,0.3333333333333333,0.3333333333333333,0.3333333333333333,-260.54104864281544,4.1515497094019045,0.0,0.0,none
inventory,random,19,475,742.8601389794727,12.253397363315894,2.126426492154939,0.0,0,low_restock,0.3333333333333333,0.3333333333333333,0.3333333333333333,-261.42386371997276,3.748000277203594,0.0,0.0,none
inventory,random,19,476,746.4110391999222,11.123691418965668,1.7234647301607902,0.0,0,low_restock,0.3333333333333333,0.3333333333333333,0.3333333333333333,-264.0066594332973,7.429089990154533,0.0,0.0,none
inventory,random,19,477,753.7904555237066,11.969219666812291,1.5796774422201771,0.0,2,high_restock,0.3333333333333333,0.3333333333333333,0.3333333333333333,-261.49138726950446,8.22078823130379,0.0,0.0,none
inventory,random,19,478,745.5753921985842,11.740097058116243,1.7836297365345117,0.0,2,high_restock,0.3333333333333333,0.3333333333333333,0.3333333333333333,-259.607309819027,5.384028272548115,0.0,0.0,none
inventory,random,19,479,740.1923137686487,11.836216159460365,1.8150649893160578,0.0,0,low_restock,0.3333333333333333,0.3333333333333333,0.3333333333333333,-261.67220092520574,6.932922793393646,0.0,0.0,none
inventory,random,19,480,747.1205740720164,11.652087018508738,1.6397821111225552,0.0,0,low_restock,0.3333333333333333,0.3333333333333333,0.3333333333333333,-261.5515422614502,1.5185139822631717,0.0,0.0,none
inventory,random,19,481,746.7758350327149,10.872959166558527,2.8967624210024097,0.0,1,balanced_restock,0.3333333333333333,0.3333333333333333,0.3333333333333333,-259.8578320813168,5.5208773456719245,0.0,0.0,none
inventory,random,19,482,741.4223773751909,9.526384370296867,2.982284892457552,0.0,0,low_restock,0.3333333333333333,0.3333333333333333,0.3333333333333333,-260.2357296927806,1.6555429422602668,0.0,0.0,none
inventory,random,19,483,743.0163705508016,9.088195670443513,3.0717211999334553,0.0,0,low_restock,0.3333333333333333,0.3333333333333333,0.3333333333333333,-261.4592150792601,3.586687989156607,0.0,0.0,none
inventory,random,19,484,746.5120430836004,8.463945862990343,2.5668286837564804,0.0,0,low_restock,0.3333333333333333,0.3333333333333333,0.3333333333333333,-263.2642046773585,5.202258283715641,0.0,0.0,none
inventory,random,19,485,751.6691562210244,8.109716429801615,1.9818527466796247,0.0,1,balanced_restock,0.3333333333333333,0.3333333333333333,0.3333333333333333,-262.9182624969674,1.8082127909630235,0.0,0.0,none
inventory,random,19,486,750.1664642770496,9.078125848866948,1.7103134014991557,0.0,2,high_restock,0.3333333333333333,0.3333333333333333,0.3333333333333333,-259.9030451556076,9.151793426742065,0.0,0.0,none
inventory,random,19,487,741.0372718731644,9.522978899594715,1.2463363095409419,0.0,0,low_restock,0.3333333333333333,0.3333333333333333,0.3333333333333333,-260.2201200653706,1.9383912815837734,0.0,0.0,none
inventory,random,19,488,742.9717716153447,9.591080212908603,1.144190731323392,0.0,2,high_restock,0.3333333333333333,0.3333333333333333,0.3333333333333333,-257.9355478174661,7.55844203133849,0.0,0.0,none
inventory,random,19,489,735.415850907046,9.78076156468913,1.190333724227172,0.0,1,balanced_restock,0.3333333333333333,0.3333333333333333,0.3333333333333333,-258.943300710298,3.7611624861858672,0.0,0.0,none
inventory,random,19,490,738.8094306008513,10.628054875965367,2.573104187445992,0.0,0,low_restock,0.3333333333333333,0.3333333333333333,0.3333333333333333,-259.98988471155565,3.5103786960696124,0.0,0.0,none
inventory,random,19,491,742.3139563187304,10.429498408336164,2.6135196758861046,0.0,2,high_restock,0.3333333333333333,0.3333333333333333,0.3333333333333333,-257.5073000529192,8.124675826855153,0.0,0.0,none
inventory,random,19,492,734.1922858654835,10.63100279846382,2.5228426606069196,0.0,0,low_restock,0.3333333333333333,0.3333333333333333,0.3333333333333333,-259.68658418626103,7.337059982200527,0.0,0.0,none
inventory,random,19,493,741.4473833893172,11.695122354794517,2.270535958545079,0.0,1,balanced_restock,0.3333333333333333,0.3333333333333333,0.3333333333333333,-259.45640429420394,1.1750522138277373,0.0,0.0,none
inventory,random,19,494,740.2754408405827,11.77191798670735,2.233108714373076,0.0,0,low_restock,0.3333333333333333,0.3333333333333333,0.3333333333333333,-262.8396210736613,10.185208964528845,0.0,0.0,none
inventory,random,19,495,750.4560602104609,11.929325921921912,2.4952034276192583,0.0,0,low_restock,0.3333333333333333,0.3333333333333333,0.3333333333333333,-265.6435444656644,8.065204735492324,0.0,0.0,none
inventory,random,19,496,758.4672699018982,12.83066271663356,2.2593248831788295,0.0,0,low_restock,0.3333333333333333,0.3333333333333333,0.3333333333333333,-267.43465446338416,5.1315316005637674,0.0,0.0,none
inventory,random,19,497,763.5847270382404,13.078488234551369,1.9715201960144495,0.0,2,high_restock,0.3333333333333333,0.3333333333333333,0.3333333333333333,-266.57726793171025,3.4885188109869074,0.0,0.0,none
inventory,random,19,498,760.1064798048864,13.331819283113802,2.057444919514334,0.0,1,balanced_restock,0.3333333333333333,0.3333333333333333,0.3333333333333333,-267.9746872164779,4.6497073264103355,0.0,0.0,none
inventory,random,19,499,764.6133920470796,14.467590241299366,1.9249889155558166,0.0,0,low_restock,0.3333333333333333,0.3333333333333333,0.3333333333333333,-271.17333119758786,9.654211323079808,0.0,0.0,none
inventory,random,19,500,774.2666605645368,14.36212007081517,1.840850674006295,0.0,2,high_restock,0.3333333333333333,0.3333333333333333,0.3333333333333333,-269.7136121724013,5.205924013516943,0.0,0.0,none
inventory,random,19,501,769.0674633497181,14.120038689563966,1.9475734962392857,0.0,2,high_restock,0.3333333333333333,0.3333333333333333,0.3333333333333333,-269.86299365768053,1.5240856297130343,0.0,0.0,none
inventory,random,19,502,769.4942675933729,15.581908111026497,1.8874657688757253,0.0,1,balanced_restock,0.3333333333333333,0.3333333333333333,0.3333333333333333,-269.54767031039756,0.915785931842123,0.0,0.0,none
inventory,random,19,503,769.1076294582788,15.000229930678486,2.479770859144166,0.0,0,low_restock,0.3333333333333333,0.3333333333333333,0.3333333333333333,-271.01944727712976,4.871993820310335,0.0,0.0,none
inventory,random,19,504,773.8269922203707,13.842720034658205,2.8320629901056042,0.0,1,balanced_restock,0.3333333333333333,0.3333333333333333,0.3333333333333333,-271.251859060891,0.7239070898788479,0.0,0.0,none
inventory,random,19,505,773.9767401739742,13.14201592188748,2.7289573573079373,0.0,0,low_restock,0.3333333333333333,0.3333333333333333,0.3333333333333333,-274.88517725666156,10.932009363148328,0.0,0.0,none
inventory,random,19,506,784.8719350190331,13.96089433386299,3.093643730189542,0.0,1,balanced_restock,0.3333333333333333,0.3333333333333333,0.3333333333333333,-275.6311846922437,2.099040392112553,0.0,0.0,none
inventory,random,19,507,786.4890991206963,12.998966305464673,2.163350602087662,0.0,1,balanced_restock,0.3333333333333333,0.3333333333333333,0.3333333333333333,-276.40472952031837,2.2719176811719928,0.0,0.0,none
inventory,random,19,508,788.6992272009097,13.518319548526193,2.078403394978405,0.0,1,balanced_restock,0.3333333333333333,0.3333333333333333,0.3333333333333333,-276.20023813817113,0.6259934797956576,0.0,0.0,none
inventory,random,19,509,788.1149661090603,13.657594777737932,1.9020253242732892,0.0,1,balanced_restock,0.3333333333333333,0.3333333333333333,0.3333333333333333,-275.793219715601,1.220729497673642,0.0,0.0,none
inventory,random,19,510,786.9520563302887,13.39506323126289,2.1645106382113717,0.0,2,high_restock,0.3333333333333333,0.3333333333333333,0.3333333333333333,-273.51916755707623,7.1499637559942,0.0,0.0,none
inventory,random,19,511,779.9404787345035,12.21370874309407,1.413402853937142,0.0,0,low_restock,0.3333333333333333,0.3333333333333333,0.3333333333333333,-274.0299706575847,2.7223610918295966,0.0,0.0,none
inventory,random,19,512,782.4284875930992,11.18787769448058,1.8241734633496491,0.0,2,high_restock,0.3333333333333333,0.3333333333333333,0.3333333333333333,-272.0413525874941,6.776933019455559,0.0,0.0,none
inventory,random,19,513,775.7181502499831,10.603784609814658,1.077829601438152,0.0,0,low_restock,0.3333333333333333,0.3333333333333333,0.3333333333333333,-272.59909703834387,2.6850840425091174,0.0,0.0,none
inventory,random,19,514,778.3402772524112,10.045062228670151,1.2260038207974437,0.0,2,high_restock,0.3333333333333333,0.3333333333333333,0.3333333333333333,-271.33628157749473,4.702159937658885,0.0,0.0,none
inventory,random,19,515,773.703661649985,10.55032106393926,1.823345719582775,0.0,0,low_restock,0.3333333333333333,0.3333333333333333,0.3333333333333333,-272.96738540773646,5.690852461276395,0.0,0.0,none
inventory,random,19,516,779.39252973639,10.69041020037731,1.8777209469396063,0.0,1,balanced_restock,0.3333333333333333,0.3333333333333333,0.3333333333333333,-271.3067423621053,5.292277199957748,0.0,0.0,none
inventory,random,19,517,774.1335496060151,10.341012402583189,2.35651853299393,0.0,1,balanced_restock,0.3333333333333333,0.3333333333333333,0.3333333333333333,-271.49870960114225,0.6219466025170138,0.0,0.0,none
inventory,random,19,518,774.6820274318351,10.59277543637042,2.506868211359021,0.0,1,balanced_restock,0.3333333333333333,0.3333333333333333,0.3333333333333333,-269.3955729789906,6.0588132231808585,0.0,0.0,none
inventory,random,19,519,768.6730656542587,10.066557680369531,3.0766847627919978,0.0,1,balanced_restock,0.3333333333333333,0.3333333333333333,0.3333333333333333,-269.54361161443524,0.49814798022378187,0.0,0.0,none
inventory,random,19,520,769.0960331841007,9.878474306823176,2.8926344340887047,0.0,0,low_restock,0.3333333333333333,0.3333333333333333,0.3333333333333333,-270.30233430181505,2.7516910242852437,0.0,0.0,none
inventory,random,19,521,771.7780980051858,9.277113653759184,2.763416967868797,0.0,2,high_restock,0.3333333333333333,0.3333333333333333,0.3333333333333333,-268.5423741821208,6.148282151433885,0.0,0.0,none
inventory,random,19,522,765.7210690917736,10.31750389715171,2.586322933008887,0.0,1,balanced_restock,0.3333333333333333,0.3333333333333333,0.3333333333333333,-267.5729239223139,2.337964852445624,0.0,0.0,none
inventory,random,19,523,763.465496920897,9.756693897812383,2.333407971255474,0.0,0,low_restock,0.3333333333333333,0.3333333333333333,0.3333333333333333,-268.5348776079002,3.432144563881083,0.0,0.0,none
inventory,random,19,524,766.7282217368578,10.411031216519822,1.4931188805024462,0.0,0,low_restock,0.3333333333333333,0.3333333333333333,0.3333333333333333,-269.61812623270566,3.1842641468024757,0.0,0.0,none
inventory,random,19,525,769.8232178077305,9.74543692472597,1.1503044749921734,0.0,1,balanced_restock,0.3333333333333333,0.3333333333333333,0.3333333333333333,-269.50790482073813,0.9675826145835736,0.0,0.0,none
inventory,random,19,526,768.9940137735375,10.243183153670339,1.1205475044801123,0.0,1,balanced_restock,0.3333333333333333,0.3333333333333333,0.3333333333333333,-269.28466543107027,0.6687747896591777,0.0,0.0,none
inventory,random,19,527,768.356186945915,10.12702357082829,0.9564024205978793,0.0,2,high_restock,0.3333333333333333,0.3333333333333333,0.3333333333333333,-266.1691542727637,9.420463131602691,0.0,0.0,none
inventory,random,19,528,758.9404407793248,9.89498877168557,1.1435109244502348,0.0,0,low_restock,0.3333333333333333,0.3333333333333333,0.3333333333333333,-267.8889039581323,5.969286440423706,0.0,0.0,none
inventory,random,19,529,764.8825827375209,10.43087220013262,1.3336648294527111,0.0,1,balanced_restock,0.3333333333333333,0.3333333333333333,0.3333333333333333,-268.2276288460593,0.8104678547596122,0.0,0.0,none
inventory,random,19,530,765.3360824173122,11.10257292191633,1.3374495861240026,0.0,0,low_restock,0.3333333333333333,0.3333333333333333,0.3333333333333333,-271.47763929347633,9.89175939673211,0.0,0.0,none
inventory,random,19,531,775.1361122670753,12.028419698707552,2.3116808997740232,0.0,0,low_restock,0.3333333333333333,0.3333333333333333,0.3333333333333333,-273.17799040740687,4.859336777491206,0.0,0.0,none
inventory,random,19,532,779.9942583068769,11.927614272192354,2.349220732273068,0.0,1,balanced_restock,0.3333333333333333,0.3333333333333333,0.3333333333333333,-273.1772212183595,0.9943514080615901,0.0,0.0,none
inventory,random,19,533,779.4777749095986,12.507466826054744,1.728132462516514,0.0,2,high_restock,0.3333333333333333,0.3333333333333333,0.3333333333333333,-270.8982292383731,7.029120577480818,0.0,0.0,none
inventory,random,19,534,772.4520835382089,12.313900160137587,1.8317123475817516,0.0,0,low_restock,0.3333333333333333,0.3333333333333333,0.3333333333333333,-273.2359338602192,7.712285671921978,0.0,0.0,none
inventory,random,19,535,780.1598110291977,12.5647457223771,1.9175244323492504,0.0,1,balanced_restock,0.3333333333333333,0.3333333333333333,0.3333333333333333,-274.16437295672006,2.2243991543381827,0.0,0.0,none
inventory,random,19,536,782.2982084477716,12.232419236139272,1.4029691052930093,0.0,1,balanced_restock,0.3333333333333333,0.3333333333333333,0.3333333333333333,-274.79697943760635,1.9031321264990666,0.0,0.0,none
inventory,random,19,537,784.1056555360182,12.822279445828276,1.3186373370948603,0.0,2,high_restock,0.3333333333333333,0.3333333333333333,0.3333333333333333,-272.769184702474,6.308251611237422,0.0,0.0,none
inventory,random,19,538,777.7976705784971,12.863979133779722,1.2783222978124655,0.0,2,high_restock,0.3333333333333333,0.3333333333333333,0.3333333333333333,-272.8973231005661,1.7742094136713864,0.0,0.0,none
inventory,random,19,539,778.1637802873317,14.342339349824593,2.1883958092789513,0.0,0,low_restock,0.3333333333333333,0.3333333333333333,0.3333333333333333,-274.3908136974184,5.327720374926537,0.0,0.0,none
inventory,random,19,540,783.4594677069099,13.859931335542427,2.51639223499954,0.0,0,low_restock,0.3333333333333333,0.3333333333333333,0.3333333333333333,-277.9405124983905,10.15127482813205,0.0,0.0,none
inventory,random,19,541,793.6014642811158,14.26065116666884,2.682854669215517,0.0,0,low_restock,0.3333333333333333,0.3333333333333333,0.3333333333333333,-280.10230022545113,6.186534691204216,0.0,0.0,none
inventory,random,19,542,799.7780006441461,13.934469021625597,2.814061566489935,0.0,1,balanced_restock,0.3333333333333333,0.3333333333333333,0.3333333333333333,-280.9749963734642,2.043703627493226,0.0,0.0,none
inventory,random,19,543,801.757132495612,14.391892383423004,2.589282787189043,0.0,1,balanced_restock,0.3333333333333333,0.3333333333333333,0.3333333333333333,-281.28995867224745,1.687134067059559,0.0,0.0,none
inventory,random,19,544,802.6570247778499,13.29864889810364,1.671985712949466,0.0,0,low_restock,0.3333333333333333,0.3333333333333333,0.3333333333333333,-283.6721614786529,7.338730312977785,0.0,0.0,none
inventory,random,19,545,809.9776042247227,13.703627303562584,1.3524991564956652,0.0,2,high_restock,0.3333333333333333,0.3333333333333333,0.3333333333333333,-281.10227216093756,8.473222422470682,0.0,0.0,none
inventory,random,19,546,801.6064918883931,12.401005521455478,1.5046601435805114,0.0,1,balanced_restock,0.3333333333333333,0.3333333333333333,0.3333333333333333,-280.240129889279,2.0140713116623457,0.0,0.0,none
inventory,random,19,547,799.6575139693686,11.975902665044504,1.7826095653956784,0.0,1,balanced_restock,0.3333333333333333,0.3333333333333333,0.3333333333333333,-279.03579632642214,3.608984146561541,0.0,0.0,none
inventory,random,19,548,796.2165609326347,10.891885687404535,1.8801593542881987,0.0,0,low_restock,0.3333333333333333,0.3333333333333333,0.3333333333333333,-281.28985815150253,6.95448084102587,0.0,0.0,none
inventory,random,19,549,803.1710232900073,10.902799702431475,1.8919055179141095,0.0,1,balanced_restock,0.3333333333333333,0.3333333333333333,0.3333333333333333,-279.7326275169676,5.120547869470634,0.0,0.0,none
inventory,random,19,550,798.2075071913362,9.645980593322678,1.9545485442776345,0.0,0,low_restock,0.3333333333333333,0.3333333333333333,0.3333333333333333,-281.5779555818378,5.805470180830994,0.0,0.0,none
inventory,random,19,551,803.9941588052508,10.077533383371508,2.1331803138437353,0.0,0,low_restock,0.3333333333333333,0.3333333333333333,0.3333333333333333,-282.33861531978647,2.209513335917047,0.0,0.0,none
inventory,random,19,552,806.1674723422472,9.701991674575675,2.265942795209102,0.0,0,low_restock,0.3333333333333333,0.3333333333333333,0.3333333333333333,-282.52035125210443,0.7376772523107463,0.0,0.0,none
inventory,random,19,553,806.6867178631555,9.29403138610413,2.5947591886926493,0.0,2,high_restock,0.3333333333333333,0.3333333333333333,0.3333333333333333,-280.803490124908,5.941282905282056,0.0,0.0,none
inventory,random,19,554,800.7528289283086,9.11636112766024,2.3576137717795227,0.0,2,high_restock,0.3333333333333333,0.3333333333333333,0.3333333333333333,-278.4033468539904,6.908345338356979,0.0,0.0,none
inventory,random,19,555,793.8952767256869,9.937553906870136,2.1999574313103114,0.0,2,high_restock,0.3333333333333333,0.3333333333333333,0.3333333333333333,-274.26329369095413,11.883504495435226,0.0,0.0,none
inventory,random,19,556,782.0665534027261,8.814478919495048,2.394086807252239,0.0,0,low_restock,0.3333333333333333,0.3333333333333333,0.3333333333333333,-274.26426255414043,1.0612924603910263,0.0,0.0,none
inventory,random,19,557,783.0978930118298,8.586084133916518,2.496634937889279,0.0,1,balanced_restock,0.3333333333333333,0.3333333333333333,0.3333333333333333,-274.10357205687285,1.3302643028777956,0.0,0.0,none
inventory,random,19,558,782.1244915910653,9.487554745581951,2.3994571324595175,0.0,1,balanced_restock,0.3333333333333333,0.3333333333333333,0.3333333333333333,-272.5721155693383,4.476161428079442,0.0,0.0,none
inventory,random,19,559,777.7489016266808,8.599214539674438,2.0815180307876786,0.0,0,low_restock,0.3333333333333333,0.3333333333333333,0.3333333333333333,-274.25056856307265,5.310134006614206,0.0,0.0,none
inventory,random,19,560,783.0587673230648,8.63269811947558,2.123090911956879,0.0,1,balanced_restock,0.3333333333333333,0.3333333333333333,0.3333333333333333,-273.7724941910822,2.0705589181446,0.0,0.0,none
inventory,random,19,561,781.1785548316635,9.42240028578749,1.764781396022602,0.0,2,high_restock,0.3333333333333333,0.3333333333333333,0.3333333333333333,-271.28178293738193,7.673502085383665,0.0,0.0,none
inventory,random,19,562,773.5479512496627,10.090011647566588,1.305631857890656,0.0,1,balanced_restock,0.3333333333333333,0.3333333333333333,0.3333333333333333,-269.946875503455,3.3323763913754925,0.0,0.0,none
inventory,random,19,563,770.2482157241571,9.624744826618372,1.3034729604259239,0.0,0,low_restock,0.3333333333333333,0.3333333333333333,0.3333333333333333,-271.52661908395703,5.088895028405531,0.0,0.0,none
inventory,random,19,564,775.2760545255916,10.30543057978215,0.9105906595255021,0.0,1,balanced_restock,0.3333333333333333,0.3333333333333333,0.3333333333333333,-272.50234294806836,2.53060552814197,0.0,0.0,none
inventory,random,19,565,777.5495512801954,10.89815679142611,1.8507249498792249,0.0,0,low_restock,0.3333333333333333,0.3333333333333333,0.3333333333333333,-273.187570503209,2.5055015395547304,0.0,0.0,none
inventory,random,19,566,780.0216300091686,10.568615035501022,2.0910725181447978,0.0,2,high_restock,0.3333333333333333,0.3333333333333333,0.3333333333333333,-271.4914749405463,5.885631337207957,0.0,0.0,none
inventory,random,19,567,774.1470712587037,10.919824001808212,2.1739458362053896,0.0,0,low_restock,0.3333333333333333,0.3333333333333333,0.3333333333333333,-273.46448899380675,6.717234498749887,0.0,0.0,none
inventory,random,19,568,780.8128256965907,11.712921994486726,1.929093515418965,0.0,2,high_restock,0.3333333333333333,0.3333333333333333,0.3333333333333333,-270.7914036932497,8.67552182773658,0.0,0.0,none
inventory,random,19,569,772.1468676949992,11.374162633881546,2.1551311091675025,0.0,2,high_restock,0.3333333333333333,0.3333333333333333,0.3333333333333333,-268.6624679149556,6.1198884015966195,0.0,0.0,none
inventory,random,19,570,766.0641940427302,10.902928552506967,1.6734115553396474,0.0,1,balanced_restock,0.3333333333333333,0.3333333333333333,0.3333333333333333,-268.36010529970986,0.8936352615706354,0.0,0.0,none
inventory,random,19,571,765.7145865705996,11.538591312286226,1.1515960208997973,0.0,1,balanced_restock,0.3333333333333333,0.3333333333333333,0.3333333333333333,-269.67227960707515,3.9269605173837325,0.0,0.0,none
inventory,random,19,572,769.4636560202148,12.263316952302237,2.0682583980902547,0.0,0,low_restock,0.3333333333333333,0.3333333333333333,0.3333333333333333,-273.0307176066476,10.146901710104919,0.0,0.0,none
inventory,random,19,573,779.573478876136,12.952130635909095,2.594216424645666,0.0,2,high_restock,0.3333333333333333,0.3333333333333333,0.3333333333333333,-272.6541015007199,2.543501724926621,0.0,0.0,none
inventory,random,19,574,777.4688614306282,14.264398747125815,2.0303557707139306,0.0,2,high_restock,0.3333333333333333,0.3333333333333333,0.3333333333333333,-271.3436195631095,3.7901312999148677,0.0,0.0,none
inventory,random,19,575,773.72462732317,14.732086656087997,1.6738810325460234,0.0,0,low_restock,0.3333333333333333,0.3333333333333333,0.3333333333333333,-274.97309540962254,11.476048857605623,0.0,0.0,none
inventory,random,19,576,785.1231297417787,15.881708634235835,1.001415938669516,0.0,1,balanced_restock,0.3333333333333333,0.3333333333333333,0.3333333333333333,-277.09552652172556,5.5648169149293,0.0,0.0,none
inventory,random,19,577,790.6729329192159,16.241855379800235,1.194201596981429,0.0,2,high_restock,0.3333333333333333,0.3333333333333333,0.3333333333333333,-276.7136601893173,1.606343130255811,0.0,0.0,none
inventory,random,19,578,789.0676005409066,16.29882433295412,1.1933380876312878,0.0,0,low_restock,0.3333333333333333,0.3333333333333333,0.3333333333333333,-278.1170678832898,5.28177254760234,0.0,0.0,none
inventory,random,19,579,794.1059082379709,15.327409361468563,2.445907346188362,0.0,0,low_restock,0.3333333333333333,0.3333333333333333,0.3333333333333333,-280.1636908595155,5.879102585557108,0.0,0.0,none
inventory,random,19,580,799.9534024557586,14.84575502651773,2.818288449450575,0.0,1,balanced_restock,0.3333333333333333,0.3333333333333333,0.3333333333333333,-281.94728138998613,4.586502319469304,0.0,0.0,none
inventory,random,19,581,804.5350896856746,14.682391988779198,2.6861590748875956,0.0,1,balanced_restock,0.3333333333333333,0.3333333333333333,0.3333333333333333,-281.6772420825185,1.4902087759047433,0.0,0.0,none
inventory,random,19,582,803.7635488071958,13.418123177595998,2.521625668890443,0.0,0,low_restock,0.3333333333333333,0.3333333333333333,0.3333333333333333,-284.274923381649,7.962764106817588,0.0,0.0,none
inventory,random,19,583,811.6997810904257,12.926436109903847,2.097275347922959,0.0,1,balanced_restock,0.3333333333333333,0.3333333333333333,0.3333333333333333,-285.8625319882048,4.143695284194479,0.0,0.0,none
inventory,random,19,584,815.7215199662994,13.923122345665714,2.1467078269708417,0.0,1,balanced_restock,0.3333333333333333,0.3333333333333333,0.3333333333333333,-285.38518010527656,1.4116148177687702,0.0,0.0,none
inventory,random,19,585,814.3576574436473,13.680850997577767,2.4184430049384726,0.0,0,low_restock,0.3333333333333333,0.3333333333333333,0.3333333333333333,-287.0351436777795,5.34933089323271,0.0,0.0,none
inventory,random,19,586,819.5861247936557,12.61020702159622,2.0548613058876057,0.0,1,balanced_restock,0.3333333333333333,0.3333333333333333,0.3333333333333333,-286.5703667972384,1.863403292751431,0.0,0.0,none
inventory,random,19,587,817.743905134967,12.396071265554239,2.2355390260473604,0.0,2,high_restock,0.3333333333333333,0.3333333333333333,0.3333333333333333,-284.3385377485381,6.914912580348214,0.0,0.0,none
inventory,random,19,588,810.8529649958232,11.830636781079473,2.1295020685217767,0.0,1,balanced_restock,0.3333333333333333,0.3333333333333333,0.3333333333333333,-283.14401458517517,3.4872393501134433,0.0,0.0,none
inventory,random,19,589,807.9543273862148,10.446561483983064,0.7719035029984854,0.0,2,high_restock,0.3333333333333333,0.3333333333333333,0.3333333333333333,-279.67270974668514,10.467283494070484,0.0,0.0,none
inventory,random,19,590,797.5220278476718,9.832874080804874,1.3673343172295693,0.0,0,low_restock,0.3333333333333333,0.3333333333333333,0.3333333333333333,-281.826781572652,7.212652407565833,0.0,0.0,none
inventory,random,19,591,804.7050902075772,10.223793082784287,1.8899739827416635,0.0,0,low_restock,0.3333333333333333,0.3333333333333333,0.3333333333333333,-282.6461627523021,2.373653916074082,0.0,0.0,none
inventory,random,19,592,807.0461792922918,9.860454831464931,2.0366713782617967,0.0,2,high_restock,0.3333333333333333,0.3333333333333333,0.3333333333333333,-281.1416257357028,5.343240927103599,0.0,0.0,none
inventory,random,19,593,801.7189306734366,10.17319313552267,2.306561191252032,0.0,2,high_restock,0.3333333333333333,0.3333333333333333,0.3333333333333333,-277.80371179390653,9.53802538524965,0.0,0.0,none
inventory,random,19,594,792.1820336968758,10.045541262132193,2.3788751411659605,0.0,2,high_restock,0.3333333333333333,0.3333333333333333,0.3333333333333333,-273.6508978794445,11.873593556504366,0.0,0.0,none
inventory,random,19,595,780.3168510841272,9.758964647291075,2.7217152715701096,0.0,0,low_restock,0.3333333333333333,0.3333333333333333,0.3333333333333333,-273.55048203275925,1.5491693263110518,0.0,0.0,none
inventory,random,19,596,781.0585200935978,8.47068597720413,2.285606626651407,0.0,0,low_restock,0.3333333333333333,0.3333333333333333,0.3333333333333333,-274.42899688972403,2.5102700539249745,0.0,0.0,none
inventory,random,19,597,783.5685625420687,8.504476649955382,2.2846895976664663,0.0,0,low_restock,0.3333333333333333,0.3333333333333333,0.3333333333333333,-276.99298236667534,7.330783015888257,0.0,0.0,none
inventory,random,19,598,790.8942353333581,8.635060931984302,2.5252005668225084,0.0,1,balanced_restock,0.3333333333333333,0.3333333333333333,0.3333333333333333,-276.201052560902,2.7811099839139692,0.0,0.0,none
inventory,random,19,599,788.1172930311486,8.787051866854572,2.5331345785914063,0.0,0,low_restock,0.3333333333333333,0.3333333333333333,0.3333333333333333,-276.3645717026195,1.0087039942616582,0.0,0.0,none
