env,policy,seed,t,q,mu,sigma,rho,a,action_label,p0,p1,p2,r,state_delta,intervention_active,intervention_start,intervention_name
inventory,random,17,0,0.0,12.675921821373974,0.9447059071303284,0.55,2,high_restock,0.3333333333333333,0.3333333333333333,0.3333333333333333,-3.969299285220216,0.31554872053320054,0.0,0.0,none
inventory,random,17,1,0.0,12.98508648055344,0.9545843605803637,0.6123748723607528,0,low_restock,0.3333333333333333,0.3333333333333333,0.3333333333333333,-2.9861990567505448,0.16693885260192326,0.0,0.0,none
inventory,random,17,2,0.0,13.097484430032674,1.0080140933955153,0.5011069744197401,0,low_restock,0.3333333333333333,0.3333333333333333,0.3333333333333333,-2.6771686182124523,0.9575562476623517,0.0,0.0,none
inventory,random,17,3,0.0,12.301664706918803,1.5376740419706687,0.4459229675379379,1,balanced_restock,0.3333333333333333,0.3333333333333333,0.3333333333333333,-3.0448669505215062,0.4335196315883777,0.0,0.0,none
inventory,random,17,4,0.0,12.000718573934595,1.8479114820551998,0.4794405268788404,2,high_restock,0.3333333333333333,0.3333333333333333,0.3333333333333333,-3.6305886908764196,0.07880808079037885,0.0,0.0,none
inventory,random,17,5,0.0,11.97352827280895,1.8329999566208355,0.5518908376565035,0,low_restock,0.3333333333333333,0.3333333333333333,0.3333333333333333,-2.4552533205628846,0.830583408313077,0.0,0.0,none
inventory,random,17,6,0.0,12.485114911643327,2.470926151298139,0.4062952358148008,2,high_restock,0.3333333333333333,0.3333333333333333,0.3333333333333333,-3.2517746730005275,0.27371930851493054,0.0,0.0,none
inventory,random,17,7,0.0,12.236060959375042,2.38835407028717,0.48424547732152273,1,balanced_restock,0.3333333333333333,0.3333333333333333,0.3333333333333333,-2.8500821688160847,0.9978937387164863,0.0,0.0,none
inventory,random,17,8,0.0,13.21771612349092,2.213488845120466,0.4446575301457294,1,balanced_restock,0.3333333333333333,0.3333333333333333,0.3333333333333333,-2.7336586145396096,1.159118358452859,0.0,0.0,none
inventory,random,17,9,0.0,13.978020839954741,1.338811826881842,0.423867609739216,1,balanced_restock,0.3333333333333333,0.3333333333333333,0.3333333333333333,-2.2726100199124453,1.1070177621448265,0.0,0.0,none
inventory,random,17,10,0.0,14.944946677409934,1.871507334823799,0.3415375035557938,1,balanced_restock,0.3333333333333333,0.3333333333333333,0.3333333333333333,-1.7487880047688926,0.6845523927533546,0.0,0.0,none
inventory,random,17,11,0.0,15.41616328948498,2.3591724018904454,0.24799785799444513,1,balanced_restock,0.3333333333333333,0.3333333333333333,0.3333333333333333,-1.579993488244264,0.44882257105090956,0.0,0.0,none
inventory,random,17,12,0.0,15.729452961890658,2.0391993582722545,0.2178559800436186,2,high_restock,0.3333333333333333,0.3333333333333333,0.3333333333333333,-1.7027560225504073,0.8209345398739283,0.0,0.0,none
inventory,random,17,13,0.0,16.518315365664193,2.2661908962641424,0.20763500402685844,2,high_restock,0.3333333333333333,0.3333333333333333,0.3333333333333333,-2.2643141516386107,0.9110875799286893,0.0,0.0,none
inventory,random,17,14,0.0,16.023361157252495,3.0245082341856837,0.30791324136403764,1,balanced_restock,0.3333333333333333,0.3333333333333333,0.3333333333333333,-1.710703779738779,0.24775962828779055,0.0,0.0,none
inventory,random,17,15,0.0,15.804765600434166,2.9288537889131177,0.24119710352478196,0,low_restock,0.3333333333333333,0.3333333333333333,0.3333333333333333,-0.6668679037917298,0.45980652626023055,0.0,0.0,none
inventory,random,17,16,0.0,15.454800252442904,2.6736063445076628,0.08694069710566603,0,low_restock,0.3333333333333333,0.3333333333333333,0.3333333333333333,-0.3005365660218676,0.9615730030183917,0.0,0.0,none
inventory,random,17,17,0.0,14.74864230555599,3.3229785802299023,0.02152438678961922,0,low_restock,0.3333333333333333,0.3333333333333333,0.3333333333333333,-2.6468151380480403,7.1256332038817245,0.0,0.0,none
inventory,random,17,18,7.048043251565829,13.916498706689183,2.685163080294819,0.0,2,high_restock,0.3333333333333333,0.3333333333333333,0.3333333333333333,-1.2198883786039905,5.130436357849435,0.0,0.0,none
inventory,random,17,19,1.9425382245828295,14.299293024013092,2.355520619408464,0.0,2,high_restock,0.3333333333333333,0.3333333333333333,0.3333333333333333,-0.5792938427772584,1.9641076696787914,0.0,0.0,none
inventory,random,17,20,0.0,14.0785248424038,2.1671689291404816,0.007016757638796126,1,balanced_restock,0.3333333333333333,0.3333333333333333,0.3333333333333333,-0.6306237477936324,1.5570253459412038,0.0,0.0,none
inventory,random,17,21,0.0,12.540610389995242,2.406836696680891,0.048325669248862925,2,high_restock,0.3333333333333333,0.3333333333333333,0.3333333333333333,-1.349235178042262,0.19464687669070016,0.0,0.0,none
inventory,random,17,22,0.0,12.678253469949013,2.308393419018732,0.14450628179326108,0,low_restock,0.3333333333333333,0.3333333333333333,0.3333333333333333,-0.38476976134589663,0.262445355445252,0.0,0.0,none
inventory,random,17,23,0.0,12.478466946322092,2.176819062253648,0.03656602881176726,2,high_restock,0.3333333333333333,0.3333333333333333,0.3333333333333333,-1.2890458157516718,0.3555577500144459,0.0,0.0,none
inventory,random,17,24,0.0,12.138877815704253,2.2174911834165227,0.13375818138422707,0,low_restock,0.3333333333333333,0.3333333333333333,0.3333333333333333,-0.7527907154522462,1.5133745257850393,0.0,0.0,none
inventory,random,17,25,0.0,10.66625781831253,1.8700689935247237,0.10228405633075824,2,high_restock,0.3333333333333333,0.3333333333333333,0.3333333333333333,-2.0655384745433327,0.9732096165416572,0.0,0.0,none
inventory,random,17,26,0.0,10.06271318312575,2.6143306501868664,0.27241758473988076,1,balanced_restock,0.3333333333333333,0.3333333333333333,0.3333333333333333,-1.8270452847608176,0.3509864860963446,0.0,0.0,none
inventory,random,17,27,0.0,10.35547473320361,2.8076518485974615,0.2619723722787174,2,high_restock,0.3333333333333333,0.3333333333333333,0.3333333333333333,-2.7382294914923415,1.064513821393486,0.0,0.0,none
inventory,random,17,28,0.0,9.416350674633888,2.3237226005991967,0.3925409806236324,2,high_restock,0.3333333333333333,0.3333333333333333,0.3333333333333333,-3.1403299146152217,0.5068073776599429,0.0,0.0,none
inventory,random,17,29,0.0,9.771789752841126,2.6777861768298132,0.464344627609861,1,balanced_restock,0.3333333333333333,0.3333333333333333,0.3333333333333333,-3.4279481788423714,0.5410090253246652,0.0,0.0,none
inventory,random,17,30,0.0,9.362106341524687,3.021119066746999,0.547847889078995,0,low_restock,0.3333333333333333,0.3333333333333333,0.3333333333333333,-2.798279283322764,1.1846076464559316,0.0,0.0,none
inventory,random,17,31,0.0,10.468147978051423,2.604562464629325,0.4675498720219221,0,low_restock,0.3333333333333333,0.3333333333333333,0.3333333333333333,-2.3333760590387222,0.244216708134407,0.0,0.0,none
inventory,random,17,32,0.0,10.28417306430524,2.4670743871767224,0.3845314391140575,2,high_restock,0.3333333333333333,0.3333333333333333,0.3333333333333333,-3.0997910986164516,0.8177413501609074,0.0,0.0,none
inventory,random,17,33,0.0,11.096095982189725,2.5319981049038787,0.45710555332436636,2,high_restock,0.3333333333333333,0.3333333333333333,0.3333333333333333,-4.057706814232832,1.4717974247051968,0.0,0.0,none
inventory,random,17,34,0.0,9.706557750955975,2.985992464920014,0.6281619311130057,0,low_restock,0.3333333333333333,0.3333333333333333,0.3333333333333333,-3.4382709736547077,0.8121827081263084,0.0,0.0,none
inventory,random,17,35,0.0,10.32419301296916,2.4606152986978986,0.5818341024383407,2,high_restock,0.3333333333333333,0.3333333333333333,0.3333333333333333,-4.669562555414073,0.933197635825808,0.0,0.0,none
inventory,random,17,36,0.0,9.421791819771727,2.6403994914870075,0.7374218848953702,0,low_restock,0.3333333333333333,0.3333333333333333,0.3333333333333333,-3.7353199814957585,0.4102628912477743,0.0,0.0,none
inventory,random,17,37,0.0,9.695140193857409,2.9286375432866847,0.6348785681242426,0,low_restock,0.3333333333333333,0.3333333333333333,0.3333333333333333,-3.376250510115991,0.6338495598646684,0.0,0.0,none
inventory,random,17,38,0.0,9.208851471251153,2.527168707246066,0.5707590196635698,2,high_restock,0.3333333333333333,0.3333333333333333,0.3333333333333333,-3.91013668768481,2.027773856419604,0.0,0.0,none
inventory,random,17,39,0.0,11.168925316370053,3.045833496347464,0.601810122800859,2,high_restock,0.3333333333333333,0.3333333333333333,0.3333333333333333,-4.41861732190552,0.5130843307718769,0.0,0.0,none
inventory,random,17,40,0.0,11.64913412937297,2.889595326135858,0.6926102360545572,1,balanced_restock,0.3333333333333333,0.3333333333333333,0.3333333333333333,-3.973221074799753,1.8422939345839517,0.0,0.0,none
inventory,random,17,41,0.0,13.290853701535799,2.054994961652792,0.6452180490713845,2,high_restock,0.3333333333333333,0.3333333333333333,0.3333333333333333,-4.272361101909045,0.7595763758706024,0.0,0.0,none
inventory,random,17,42,0.0,13.957397198966783,2.41862033340538,0.6664930539123295,0,low_restock,0.3333333333333333,0.3333333333333333,0.3333333333333333,-3.4417585163810487,0.46526980677879176,0.0,0.0,none
inventory,random,17,43,0.0,14.236229984337353,2.0557619698144025,0.5824568779251873,0,low_restock,0.3333333333333333,0.3333333333333333,0.3333333333333333,-2.739887311453018,0.2744223322214162,0.0,0.0,none
inventory,random,17,44,0.0,14.02562344057948,1.9322959722204076,0.4571227341880389,2,high_restock,0.3333333333333333,0.3333333333333333,0.3333333333333333,-3.0789570673346836,1.3349171563742583,0.0,0.0,none
inventory,random,17,45,0.0,15.349150636427094,2.10626610472016,0.45338519059547916,0,low_restock,0.3333333333333333,0.3333333333333333,0.3333333333333333,-1.9966096999888696,0.14133301966525,0.0,0.0,none
inventory,random,17,46,0.0,15.29152843702721,2.1102822418257046,0.3243945892837267,0,low_restock,0.3333333333333333,0.3333333333333333,0.3333333333333333,-1.370594827676471,0.549884575067332,0.0,0.0,none
inventory,random,17,47,0.0,14.754415685581435,2.073049212784278,0.21260621922794123,2,high_restock,0.3333333333333333,0.3333333333333333,0.3333333333333333,-2.1196377585750708,0.4048231838829348,0.0,0.0,none
inventory,random,17,48,0.0,15.005301894514947,1.7630305548475746,0.28207817117411976,1,balanced_restock,0.3333333333333333,0.3333333333333333,0.3333333333333333,-1.5188511761507644,0.5425024985787735,0.0,0.0,none
inventory,random,17,49,0.0,15.502590338255635,1.9664195314042292,0.2069377100269222,2,high_restock,0.3333333333333333,0.3333333333333333,0.3333333333333333,-2.147130124162552,1.2050465375689958,0.0,0.0,none
inventory,random,17,50,0.0,14.329567357930326,1.7023243347206987,0.2869875221718843,2,high_restock,0.3333333333333333,0.3333333333333333,0.3333333333333333,-2.3476858227969846,0.11020939238510864,0.0,0.0,none
inventory,random,17,51,0.0,14.422309692979713,1.7498886219080894,0.3228010397851759,1,balanced_restock,0.3333333333333333,0.3333333333333333,0.3333333333333333,-1.9404992010440818,0.208145348137656,0.0,0.0,none
inventory,random,17,52,0.0,14.62523906658097,1.7275658015848487,0.2822320001864432,0,low_restock,0.3333333333333333,0.3333333333333333,0.3333333333333333,-1.0812591810418821,0.33485874399233734,0.0,0.0,none
inventory,random,17,53,0.0,14.895946443832973,1.5722083548076902,0.16093913947176466,0,low_restock,0.3333333333333333,0.3333333333333333,0.3333333333333333,-0.7045735794704646,1.3272874424769998,0.0,0.0,none
inventory,random,17,54,0.0,13.585693991700747,1.7732204139948216,0.09367385347686868,2,high_restock,0.3333333333333333,0.3333333333333333,0.3333333333333333,-1.3441834559072243,0.43289422653945925,0.0,0.0,none
inventory,random,17,55,0.0,14.00736667063832,1.6889795400213914,0.14360418855486148,1,balanced_restock,0.3333333333333333,0.3333333333333333,0.3333333333333333,-0.836343583002882,0.17986974143660125,0.0,0.0,none
inventory,random,17,56,0.0,14.128355599485257,1.8085100361963329,0.0850613541076575,0,low_restock,0.3333333333333333,0.3333333333333333,0.3333333333333333,-0.2703448898847772,0.8831178487735396,0.0,0.0,none
inventory,random,17,57,0.0,13.325385777898262,2.1695993390781556,0.01613301605085307,2,high_restock,0.3333333333333333,0.3333333333333333,0.3333333333333333,-1.2358543171832088,0.8355609094416263,0.0,0.0,none
inventory,random,17,58,0.0,12.513512159646684,2.334922905761628,0.1242596994970016,2,high_restock,0.3333333333333333,0.3333333333333333,0.3333333333333333,-1.511557055817975,0.7757973651101914,0.0,0.0,none
inventory,random,17,59,0.0,13.282541309131224,2.245302222260041,0.17349233139606693,0,low_restock,0.3333333333333333,0.3333333333333333,0.3333333333333333,-0.716764295906781,0.6188848889535723,0.0,0.0,none
inventory,random,17,60,0.0,12.668547900001107,2.2468471551329783,0.09585076712621092,1,balanced_restock,0.3333333333333333,0.3333333333333333,0.3333333333333333,-1.172879626234488,1.539153318921384,0.0,0.0,none
inventory,random,17,61,0.0,11.158659891920985,1.9522287068025599,0.14515707611330145,2,high_restock,0.3333333333333333,0.3333333333333333,0.3333333333333333,-2.308794630280298,1.3183486615228817,0.0,0.0,none
inventory,random,17,62,0.0,10.203875649011199,2.8451408286848547,0.3158561839786246,0,low_restock,0.3333333333333333,0.3333333333333333,0.3333333333333333,-1.4959700907781277,0.2659889841192439,0.0,0.0,none
inventory,random,17,63,0.0,10.449710566012703,2.906596072925701,0.23499465906752282,2,high_restock,0.3333333333333333,0.3333333333333333,0.3333333333333333,-2.6443745141044843,1.5098542576525011,0.0,0.0,none
inventory,random,17,64,0.0,9.167956354283728,2.12113749329766,0.37578116323294364,1,balanced_restock,0.3333333333333333,0.3333333333333333,0.3333333333333333,-2.712527797019707,0.6037929886414496,0.0,0.0,none
inventory,random,17,65,0.0,8.660591247217686,1.7968182498772616,0.42009424946780477,2,high_restock,0.3333333333333333,0.3333333333333333,0.3333333333333333,-3.754974154039532,0.3209369356133481,0.0,0.0,none
inventory,random,17,66,0.0,8.39476368048739,1.8896496653707242,0.5741025275070593,0,low_restock,0.3333333333333333,0.3333333333333333,0.3333333333333333,-3.0697865282765995,0.8757228592584644,0.0,0.0,none
inventory,random,17,67,0.0,9.197520255009247,1.5445404448220728,0.5160333086208213,1,balanced_restock,0.3333333333333333,0.3333333333333333,0.3333333333333333,-3.339732306709033,0.2842214184355042,0.0,0.0,none
inventory,random,17,68,0.0,9.040594460172738,1.3081125912957248,0.5320950547694702,0,low_restock,0.3333333333333333,0.3333333333333333,0.3333333333333333,-3.0279078412291747,0.1302032719138408,0.0,0.0,none
inventory,random,17,69,0.0,8.941166682188275,1.3888149671515775,0.5085549716480668,0,low_restock,0.3333333333333333,0.3333333333333333,0.3333333333333333,-3.029997279424677,0.7323318018930248,0.0,0.0,none
inventory,random,17,70,0.0,8.356326293987575,1.8295773171533778,0.5089280856115495,2,high_restock,0.3333333333333333,0.3333333333333333,0.3333333333333333,-3.7464056244334776,1.4939102517503307,0.0,0.0,none
inventory,random,17,71,0.0,9.621421324015136,2.621569616571831,0.5725724329345495,0,low_restock,0.3333333333333333,0.3333333333333333,0.3333333333333333,-2.804570474080406,0.7596129805459575,0.0,0.0,none
inventory,random,17,72,0.0,10.263040135490481,3.0146881113423905,0.4686732989429296,0,low_restock,0.3333333333333333,0.3333333333333333,0.3333333333333333,-2.7601246857640294,0.9160817025388619,0.0,0.0,none
inventory,random,17,73,0.0,9.399019052362508,3.3190074529383846,0.4607365510292909,2,high_restock,0.3333333333333333,0.3333333333333333,0.3333333333333333,-3.6524413609486754,0.7482341488388382,0.0,0.0,none
inventory,random,17,74,0.0,10.138666200701248,3.2578462731874733,0.5557931001694063,0,low_restock,0.3333333333333333,0.3333333333333333,0.3333333333333333,-2.7488265341657803,1.5231926483003675,0.0,0.0,none
inventory,random,17,75,0.0,11.502926863147241,2.587409615130619,0.45871902395817504,2,high_restock,0.3333333333333333,0.3333333333333333,0.3333333333333333,-3.6668156303652166,0.5549439426707814,0.0,0.0,none
inventory,random,17,76,0.0,10.998974985170651,2.37748826500602,0.5583599339937887,1,balanced_restock,0.3333333333333333,0.3333333333333333,0.3333333333333333,-3.3145350113403973,0.2588333739055687,0.0,0.0,none
inventory,random,17,77,0.0,11.17508865685002,2.5646572849266565,0.5275955377393567,1,balanced_restock,0.3333333333333333,0.3333333333333333,0.3333333333333333,-2.9569404874504173,2.0637378745124684,0.0,0.0,none
inventory,random,17,78,0.0,13.157960495784028,1.9961894535995806,0.4637393727590031,1,balanced_restock,0.3333333333333333,0.3333333333333333,0.3333333333333333,-2.7984065985610305,0.5685870337903184,0.0,0.0,none
inventory,random,17,79,0.0,13.685086905969111,1.784937168583408,0.43542974974304116,0,low_restock,0.3333333333333333,0.3333333333333333,0.3333333333333333,-2.072226515687653,0.09779365099620509,0.0,0.0,none
inventory,random,17,80,0.0,13.69150004619532,1.7817831187138806,0.33789759208708087,1,balanced_restock,0.3333333333333333,0.3333333333333333,0.3333333333333333,-2.2804633275029653,0.21689682496717097,0.0,0.0,none
inventory,random,17,81,0.0,13.815880757155629,1.6041648573910487,0.3429398799112438,0,low_restock,0.3333333333333333,0.3333333333333333,0.3333333333333333,-1.586647248430124,0.36584242059951677,0.0,0.0,none
inventory,random,17,82,0.0,13.469719407275685,1.6789606271538013,0.25118700864823645,0,low_restock,0.3333333333333333,0.3333333333333333,0.3333333333333333,-1.1162123119190082,1.2562511951352517,0.0,0.0,none
inventory,random,17,83,0.0,12.551820438828523,0.8253966278730618,0.1671807699855372,1,balanced_restock,0.3333333333333333,0.3333333333333333,0.3333333333333333,-1.3165441550465484,0.5839703572693054,0.0,0.0,none
inventory,random,17,84,0.0,12.104656108786205,0.44982738229478775,0.17081145625831223,2,high_restock,0.3333333333333333,0.3333333333333333,0.3333333333333333,-1.9228689718301062,0.09551967264144727,0.0,0.0,none
inventory,random,17,85,0.0,12.073393859643867,0.40134038105579767,0.24694088782680465,0,low_restock,0.3333333333333333,0.3333333333333333,0.3333333333333333,-0.6240778474355326,2.218132204621208,0.0,0.0,none
inventory,random,17,86,0.0,13.290963700168584,2.2478318011477123,0.07929961561348797,0,low_restock,0.3333333333333333,0.3333333333333333,0.3333333333333333,-1.470559760692227,3.73145166473898,0.0,0.0,none
inventory,random,17,87,3.6873136019777917,13.85408084147087,2.3115545057981346,0.0,0,low_restock,0.3333333333333333,0.3333333333333333,0.3333333333333333,-5.40601973864465,11.295500239384364,0.0,0.0,none
inventory,random,17,88,14.931484967556145,14.92682777330875,2.389976311901039,0.0,1,balanced_restock,0.3333333333333333,0.3333333333333333,0.3333333333333333,-7.668752733651112,6.091552962076321,0.0,0.0,none
inventory,random,17,89,20.882150667574606,16.16779052113129,1.9942406995014028,0.0,0,low_restock,0.3333333333333333,0.3333333333333333,0.3333333333333333,-11.264621402497546,10.868466326480416,0.0,0.0,none
inventory,random,17,90,31.670346864278706,16.991241802431006,0.9645266136582683,0.0,0,low_restock,0.3333333333333333,0.3333333333333333,0.3333333333333333,-12.785863847657783,4.919429368425021,0.0,0.0,none
inventory,random,17,91,36.01675385045081,15.513545388678995,2.7325608130620482,0.0,0,low_restock,0.3333333333333333,0.3333333333333333,0.3333333333333333,-16.6195592885655,10.95890455345113,0.0,0.0,none
inventory,random,17,92,46.970169395901436,15.856571158784728,2.7836511387205536,0.0,2,high_restock,0.3333333333333333,0.3333333333333333,0.3333333333333333,-14.123602062405052,8.326031158311105,0.0,0.0,none
inventory,random,17,93,38.81029160687158,14.375761327863088,3.5228341755324153,0.0,1,balanced_restock,0.3333333333333333,0.3333333333333333,0.3333333333333333,-14.919097059767017,2.8921084134568353,0.0,0.0,none
inventory,random,17,94,41.59742017076291,13.743053900637662,3.080243218708113,0.0,0,low_restock,0.3333333333333333,0.3333333333333333,0.3333333333333333,-17.831488066638062,8.849180628921253,0.0,0.0,none
inventory,random,17,95,50.432823047537326,13.352495236651725,2.778386069799818,0.0,0,low_restock,0.3333333333333333,0.3333333333333333,0.3333333333333333,-20.241057901415438,6.914254485224442,0.0,0.0,none
inventory,random,17,96,57.317308289758394,13.860110887861518,2.387100513289629,0.0,0,low_restock,0.3333333333333333,0.3333333333333333,0.3333333333333333,-21.76907092996216,4.568093826113212,0.0,0.0,none
inventory,random,17,97,61.68305979989189,12.54257808079809,2.1191410793219587,0.0,2,high_restock,0.3333333333333333,0.3333333333333333,0.3333333333333333,-18.37419351587809,10.7677730585258,0.0,0.0,none
inventory,random,17,98,50.95483861679455,12.028909401984595,2.8848769181471945,0.0,1,balanced_restock,0.3333333333333333,0.3333333333333333,0.3333333333333333,-16.417956007253526,5.316878267783705,0.0,0.0,none
inventory,random,17,99,45.87987430643865,10.45649082713515,3.0884244273753985,0.0,0,low_restock,0.3333333333333333,0.3333333333333333,0.3333333333333333,-17.97278897277449,5.083364071989125,0.0,0.0,none
inventory,random,17,100,50.836539922212836,9.680743374935101,2.269722923653242,0.0,1,balanced_restock,0.3333333333333333,0.3333333333333333,0.3333333333333333,-16.570191401779887,4.683607743105534,0.0,0.0,none
inventory,random,17,101,46.31483257651397,8.599504857351118,1.7029183372005334,0.0,2,high_restock,0.3333333333333333,0.3333333333333333,0.3333333333333333,-13.793033766625157,8.451818355932128,0.0,0.0,none
inventory,random,17,102,37.865810761786165,8.436550192378856,1.5590097791205983,0.0,1,balanced_restock,0.3333333333333333,0.3333333333333333,0.3333333333333333,-11.946202338771721,4.762383196850903,0.0,0.0,none
inventory,random,17,103,33.10343525363349,8.429719327367788,1.5641646097294606,0.0,2,high_restock,0.3333333333333333,0.3333333333333333,0.3333333333333333,-8.040337398801261,11.675219531721046,0.0,0.0,none
inventory,random,17,104,21.42953542514646,8.309932223741564,1.6924804627481371,0.0,1,balanced_restock,0.3333333333333333,0.3333333333333333,0.3333333333333333,-6.238567963139801,4.731254155861806,0.0,0.0,none
inventory,random,17,105,16.79590846611372,7.591873708780177,1.0610859260470087,0.0,1,balanced_restock,0.3333333333333333,0.3333333333333333,0.3333333333333333,-5.843787674222442,1.4536587540260757,0.0,0.0,none
inventory,random,17,106,15.667964783492693,8.270626441395745,1.6776583467397115,0.0,1,balanced_restock,0.3333333333333333,0.3333333333333333,0.3333333333333333,-4.834878257029499,2.884490056291979,0.0,0.0,none
inventory,random,17,107,12.785366448655711,8.183911137373908,1.6194330868367337,0.0,1,balanced_restock,0.3333333333333333,0.3333333333333333,0.3333333333333333,-3.6420024619724876,3.419659479501339,0.0,0.0,none
inventory,random,17,108,9.377149891349966,8.454742927543293,1.5502883423944966,0.0,2,high_restock,0.3333333333333333,0.3333333333333333,0.3333333333333333,-0.8956167352175498,8.396528775212452,0.0,0.0,none
inventory,random,17,109,1.0160478149072851,9.117302477952162,1.1569915302555986,0.0,1,balanced_restock,0.3333333333333333,0.3333333333333333,0.3333333333333333,-0.39561538792583134,1.2359507088530233,0.0,0.0,none
inventory,random,17,110,0.0,9.751779836962678,0.8526577903749644,0.0063598907010413135,0,low_restock,0.3333333333333333,0.3333333333333333,0.3333333333333333,-1.6497737714908978,4.199989329677498,0.0,0.0,none
inventory,random,17,111,4.199353632831137,9.70627776986769,0.7958374637908827,0.0,1,balanced_restock,0.3333333333333333,0.3333333333333333,0.3333333333333333,-1.3163342025908937,1.4940639641870108,0.0,0.0,none
inventory,random,17,112,2.7323834359739827,9.989403397463654,0.7877473702513944,0.0,1,balanced_restock,0.3333333333333333,0.3333333333333333,0.3333333333333333,-2.4340492726236778,3.654118233439724,0.0,0.0,none
inventory,random,17,113,5.92585506463908,11.309741034657824,1.97561417451703,0.0,1,balanced_restock,0.3333333333333333,0.3333333333333333,0.3333333333333333,-3.121866405183834,2.1473997693707774,0.0,0.0,none
inventory,random,17,114,7.891046871953812,12.174999811409306,2.001579135738971,0.0,2,high_restock,0.3333333333333333,0.3333333333333333,0.3333333333333333,-0.600608681913298,7.7181759079852394,0.0,0.0,none
inventory,random,17,115,0.17316766260942273,12.123672002336464,2.045684833661023,0.0,0,low_restock,0.3333333333333333,0.3333333333333333,0.3333333333333333,-2.159107753006055,5.48481881966996,0.0,0.0,none
inventory,random,17,116,5.6545935800173,12.291047989437232,1.9498063923041005,0.0,2,high_restock,0.3333333333333333,0.3333333333333333,0.3333333333333333,-0.6551705264714497,5.655467934160101,0.0,0.0,none
inventory,random,17,117,0.0,12.36559699662658,1.8872885747928096,0.020566165441330293,2,high_restock,0.3333333333333333,0.3333333333333333,0.3333333333333333,-1.0768219939337351,0.7541779903356198,0.0,0.0,none
inventory,random,17,118,0.0,11.872774002237847,1.3213905145346945,0.09586107034530984,1,balanced_restock,0.3333333333333333,0.3333333333333333,0.3333333333333333,-1.0236588670962625,0.8313956751227519,0.0,0.0,none
inventory,random,17,119,0.0,11.16264345786858,0.8896262485744434,0.11851051198147543,1,balanced_restock,0.3333333333333333,0.3333333333333333,0.3333333333333333,-0.6673539668278369,1.7801312621129233,0.0,0.0,none
inventory,random,17,120,0.0,12.396981550408523,2.1707306673011098,0.0548846369335423,2,high_restock,0.3333333333333333,0.3333333333333333,0.3333333333333333,-1.0647981505477637,0.7875222510576357,0.0,0.0,none
inventory,random,17,121,0.0,13.157085907627131,2.37302981725319,0.0937139554549578,1,balanced_restock,0.3333333333333333,0.3333333333333333,0.3333333333333333,-0.7019638633027585,0.7292470502205581,0.0,0.0,none
inventory,random,17,122,0.0,13.833016657921727,2.101270870435733,0.06106497558977832,2,high_restock,0.3333333333333333,0.3333333333333333,0.3333333333333333,-0.8710725731391864,1.1864877070653146,0.0,0.0,none
inventory,random,17,123,0.0,14.914373551986372,2.589550057114867,0.05912010234628328,0,low_restock,0.3333333333333333,0.3333333333333333,0.3333333333333333,-1.3987184893150733,3.675096463924504,0.0,0.0,none
inventory,random,17,124,3.4820528266144954,15.555557733063557,1.6061733280576151,0.0,0,low_restock,0.3333333333333333,0.3333333333333333,0.3333333333333333,-4.737062744693346,9.540084921577238,0.0,0.0,none
inventory,random,17,125,13.020179270552418,15.372420771180078,1.5443259065302801,0.0,1,balanced_restock,0.3333333333333333,0.3333333333333333,0.3333333333333333,-7.082107538305004,6.223507283619152,0.0,0.0,none
inventory,random,17,126,19.206021538014298,15.953199683972269,1.9050116503553314,0.0,0,low_restock,0.3333333333333333,0.3333333333333333,0.3333333333333333,-10.037003227463975,8.95842440053012,0.0,0.0,none
inventory,random,17,127,28.16286636418279,16.087482931093454,1.8036878649210264,0.0,2,high_restock,0.3333333333333333,0.3333333333333333,0.3333333333333333,-9.38424038322609,2.9722999637417185,0.0,0.0,none
inventory,random,17,128,25.269258237788833,15.48153308040573,1.496403202470393,0.0,0,low_restock,0.3333333333333333,0.3333333333333333,0.3333333333333333,-11.396470447045335,6.783792007890662,0.0,0.0,none
inventory,random,17,129,32.04705842012953,15.313001118703008,1.726306818075403,0.0,1,balanced_restock,0.3333333333333333,0.3333333333333333,0.3333333333333333,-13.466364842562054,5.416132375689611,0.0,0.0,none
inventory,random,17,130,37.446756693034445,15.685315484496405,1.924121088553401,0.0,1,balanced_restock,0.3333333333333333,0.3333333333333333,0.3333333333333333,-14.514514252560012,3.0965234774262407,0.0,0.0,none
inventory,random,17,131,40.44146929302861,15.04708955100286,1.4627950135214607,0.0,0,low_restock,0.3333333333333333,0.3333333333333333,0.3333333333333333,-16.048899437853077,5.022230569386533,0.0,0.0,none
inventory,random,17,132,45.33971267958022,14.235369263079486,2.21852101701587,0.0,0,low_restock,0.3333333333333333,0.3333333333333333,0.3333333333333333,-17.735049584154446,4.902864355535886,0.0,0.0,none
inventory,random,17,133,50.157284526155564,13.377605257673347,2.524006373290987,0.0,2,high_restock,0.3333333333333333,0.3333333333333333,0.3333333333333333,-16.067925493838704,5.7930219839196235,0.0,0.0,none
inventory,random,17,134,44.365501410967724,13.263688598167638,2.561088006050985,0.0,0,low_restock,0.3333333333333333,0.3333333333333333,0.3333333333333333,-17.50778381268612,5.384137503836848,0.0,0.0,none
inventory,random,17,135,49.50795375053178,12.01223941149947,1.5721514414917601,0.0,1,balanced_restock,0.3333333333333333,0.3333333333333333,0.3333333333333333,-17.241508389348347,1.8477703813309678,0.0,0.0,none
inventory,random,17,136,48.232881112423854,11.15828236387905,0.5429757954080164,0.0,0,low_restock,0.3333333333333333,0.3333333333333333,0.3333333333333333,-17.642791623366346,2.0324607098837317,0.0,0.0,none
inventory,random,17,137,49.893690352475275,10.510795534579012,1.5193824787443653,0.0,2,high_restock,0.3333333333333333,0.3333333333333333,0.3333333333333333,-15.331354899152188,7.6332112458431185,0.0,0.0,none
inventory,random,17,138,42.261013997577685,10.420745894284426,1.511856036298354,0.0,1,balanced_restock,0.3333333333333333,0.3333333333333333,0.3333333333333333,-14.833875086889995,0.958062098807271,0.0,0.0,none
inventory,random,17,139,41.353928819685706,10.197685481743598,1.2989628293217441,0.0,1,balanced_restock,0.3333333333333333,0.3333333333333333,0.3333333333333333,-14.606817208637631,0.6508989995627069,0.0,0.0,none
inventory,random,17,140,40.70519202467895,10.239447654829434,1.3316124745762468,0.0,1,balanced_restock,0.3333333333333333,0.3333333333333333,0.3333333333333333,-13.442400640205225,3.3535969432513855,0.0,0.0,none
inventory,random,17,141,37.378287543443506,9.82908128620393,1.4312040104699502,0.0,1,balanced_restock,0.3333333333333333,0.3333333333333333,0.3333333333333333,-12.241976230809525,3.443791875774969,0.0,0.0,none
inventory,random,17,142,33.94850351659865,10.010962632824675,1.179801566955604,0.0,2,high_restock,0.3333333333333333,0.3333333333333333,0.3333333333333333,-9.289649443721402,8.953457697200044,0.0,0.0,none
inventory,random,17,143,24.998998410632574,9.74759688261098,1.2172391877698137,0.0,0,low_restock,0.3333333333333333,0.3333333333333333,0.3333333333333333,-10.119588759915464,3.422657410351992,0.0,0.0,none
inventory,random,17,144,28.398825028329902,9.40897924172884,1.014505836992099,0.0,2,high_restock,0.3333333333333333,0.3333333333333333,0.3333333333333333,-7.358525213672451,8.95738035404154,0.0,0.0,none
inventory,random,17,145,19.481500610492716,8.955261717162752,0.30027307247084617,0.0,2,high_restock,0.3333333333333333,0.3333333333333333,0.3333333333333333,-3.0286119822759305,12.433509538376724,0.0,0.0,none
inventory,random,17,146,7.110319949359802,8.34640648118326,1.3844058097942258,0.0,0,low_restock,0.3333333333333333,0.3333333333333333,0.3333333333333333,-3.353417901824179,1.9604344336612478,0.0,0.0,none
inventory,random,17,147,9.066908290926227,8.223680954865516,1.3863229746482462,0.0,0,low_restock,0.3333333333333333,0.3333333333333333,0.3333333333333333,-6.19835259125674,8.309248415853105,0.0,0.0,none
inventory,random,17,148,17.195293117876403,9.239258941448766,2.7797255347617957,0.0,1,balanced_restock,0.3333333333333333,0.3333333333333333,0.3333333333333333,-6.820197159779523,1.5438423266244186,0.0,0.0,none
inventory,random,17,149,18.457706170798637,10.011776228493746,3.2190198034534387,0.0,2,high_restock,0.3333333333333333,0.3333333333333333,0.3333333333333333,-4.4991393840722065,7.154698182563121,0.0,0.0,none
inventory,random,17,150,11.311826811634877,10.366065240228432,3.1946566342547498,0.0,1,balanced_restock,0.3333333333333333,0.3333333333333333,0.3333333333333333,-4.8857082516797,2.4450558895767824,0.0,0.0,none
inventory,random,17,151,12.930595004799144,11.964055011087867,2.297819674611352,0.0,2,high_restock,0.3333333333333333,0.3333333333333333,0.3333333333333333,-2.192820250213056,8.238449649848212,0.0,0.0,none
inventory,random,17,152,4.722343572037303,12.331087056222215,1.6961980929740064,0.0,2,high_restock,0.3333333333333333,0.3333333333333333,0.3333333333333333,-0.7434029204491194,4.774632370986314,0.0,0.0,none
inventory,random,17,153,0.0,11.65243407530192,1.5099286291890757,0.03632195008019988,2,high_restock,0.3333333333333333,0.3333333333333333,0.3333333333333333,-1.125946091601024,0.06951288867625251,0.0,0.0,none
inventory,random,17,154,0.0,11.643593536837713,1.500576863599366,0.10463323064304002,0,low_restock,0.3333333333333333,0.3333333333333333,0.3333333333333333,-0.8088736635481104,2.04281415292061,0.0,0.0,none
inventory,random,17,155,1.796781895851744,12.496991016843372,1.953819745813033,0.0,2,high_restock,0.3333333333333333,0.3333333333333333,0.3333333333333333,-1.0238954697112446,1.9298430306308412,0.0,0.0,none
inventory,random,17,156,0.0,11.804142324762058,2.045268965383979,0.08640990530557936,1,balanced_restock,0.3333333333333333,0.3333333333333333,0.3333333333333333,-0.6789856242675152,0.8644726540785387,0.0,0.0,none
inventory,random,17,157,0.0,12.658067224923752,1.9138991102637184,0.05696171861919915,2,high_restock,0.3333333333333333,0.3333333333333333,0.3333333333333333,-0.8728564583998901,1.53498779082771,0.0,0.0,none
inventory,random,17,158,0.0,14.076366155123074,2.500933630015539,0.05943865328569464,1,balanced_restock,0.3333333333333333,0.3333333333333333,0.3333333333333333,-0.3972708164503174,0.4988099648247695,0.0,0.0,none
inventory,random,17,159,0.0,14.571688187876768,2.52703734462786,0.006655502937556688,1,balanced_restock,0.3333333333333333,0.3333333333333333,0.3333333333333333,-2.605921234755199,6.484359336976298,0.0,0.0,none
inventory,random,17,160,6.416917813586284,15.324027183546907,3.078420627458791,0.0,1,balanced_restock,0.3333333333333333,0.3333333333333333,0.3333333333333333,-2.5315328845891134,0.6527388320528479,0.0,0.0,none
inventory,random,17,161,6.20437967025461,15.650614608329033,2.5547449888493365,0.0,0,low_restock,0.3333333333333333,0.3333333333333333,0.3333333333333333,-6.6367850751395805,12.272146103159827,0.0,0.0,none
inventory,random,17,162,18.44795735754166,16.487055532177116,2.58198418083051,0.0,0,low_restock,0.3333333333333333,0.3333333333333333,0.3333333333333333,-10.685693866043698,11.568452881152409,0.0,0.0,none
inventory,random,17,163,30.01626818869628,16.435394783738978,2.5571297183537838,0.0,2,high_restock,0.3333333333333333,0.3333333333333333,0.3333333333333333,-8.558329501372903,7.222262463471596,0.0,0.0,none
inventory,random,17,164,22.909512861065437,15.475079613338881,3.4132246768489707,0.0,1,balanced_restock,0.3333333333333333,0.3333333333333333,0.3333333333333333,-9.329324060717521,2.878252755901378,0.0,0.0,none
inventory,random,17,165,25.626640173478634,14.641944471978467,2.957764545528481,0.0,0,low_restock,0.3333333333333333,0.3333333333333333,0.3333333333333333,-12.70950901766601,10.21556743366408,0.0,0.0,none
inventory,random,17,166,35.79859719333146,15.51884350461537,2.6111286204350024,0.0,0,low_restock,0.3333333333333333,0.3333333333333333,0.3333333333333333,-14.630758026813313,5.653068984260908,0.0,0.0,none
inventory,random,17,167,41.28788007660947,14.16798454381356,2.5991939572565377,0.0,1,balanced_restock,0.3333333333333333,0.3333333333333333,0.3333333333333333,-15.676991161392863,2.6160805675476513,0.0,0.0,none
inventory,random,17,168,43.7628318896939,13.549312740199522,2.0197664309657317,0.0,0,low_restock,0.3333333333333333,0.3333333333333333,0.3333333333333333,-18.862853874395352,9.671223437377812,0.0,0.0,none
inventory,random,17,169,53.379582498272434,14.494013927441397,1.622010004350072,0.0,0,low_restock,0.3333333333333333,0.3333333333333333,0.3333333333333333,-21.89873739698734,8.673957288947054,0.0,0.0,none
inventory,random,17,170,62.053535419963836,14.485379049297041,1.6209138116848716,0.0,1,balanced_restock,0.3333333333333333,0.3333333333333333,0.3333333333333333,-21.815527472754347,1.2498657160915676,0.0,0.0,none
inventory,random,17,171,61.30150706501243,13.500581974336194,1.7845976006156306,0.0,0,low_restock,0.3333333333333333,0.3333333333333333,0.3333333333333333,-22.263953813957446,2.2330942880453963,0.0,0.0,none
inventory,random,17,172,63.09701089702128,12.761826164082361,2.887827377841899,0.0,1,balanced_restock,0.3333333333333333,0.3333333333333333,0.3333333333333333,-22.152173468892215,1.068218837059543,0.0,0.0,none
inventory,random,17,173,62.26335276826347,12.100104175713913,2.7971101340864486,0.0,2,high_restock,0.3333333333333333,0.3333333333333333,0.3333333333333333,-18.801942047865214,10.206445932028775,0.0,0.0,none
inventory,random,17,174,52.1769772796149,10.559478956268492,2.5460284768018777,0.0,0,low_restock,0.3333333333333333,0.3333333333333333,0.3333333333333333,-19.953489769515848,4.520694493311834,0.0,0.0,none
inventory,random,17,175,56.495685055759566,9.688429927159145,1.5327588014364195,0.0,0,low_restock,0.3333333333333333,0.3333333333333333,0.3333333333333333,-20.590442976402862,1.9466645734244314,0.0,0.0,none
inventory,random,17,176,58.31555136115104,9.002808859227722,1.4460792586648137,0.0,1,balanced_restock,0.3333333333333333,0.3333333333333333,0.3333333333333333,-19.427462620293745,3.8381832681700456,0.0,0.0,none
inventory,random,17,177,54.47846462941071,9.076290746477888,1.3911554440761291,0.0,1,balanced_restock,0.3333333333333333,0.3333333333333333,0.3333333333333333,-18.561830115643716,2.5257684222826104,0.0,0.0,none
inventory,random,17,178,52.00522890183919,8.748375226715144,0.9973501993643669,0.0,1,balanced_restock,0.3333333333333333,0.3333333333333333,0.3333333333333333,-18.42334670632572,0.9264587082649934,0.0,0.0,none
inventory,random,17,179,51.60956201807349,9.486516947691717,1.3934818125498378,0.0,1,balanced_restock,0.3333333333333333,0.3333333333333333,0.3333333333333333,-18.704311969783625,1.0898492376633198,0.0,0.0,none
inventory,random,17,180,52.4123199136675,9.983326971581587,1.9380283413784938,0.0,2,high_restock,0.3333333333333333,0.3333333333333333,0.3333333333333333,-15.482361985869641,9.720771177885569,0.0,0.0,none
inventory,random,17,181,42.69246281677041,10.075382291123875,1.8416119171866285,0.0,1,balanced_restock,0.3333333333333333,0.3333333333333333,0.3333333333333333,-12.927048945974432,6.860381199308609,0.0,0.0,none
inventory,random,17,182,35.905854131355525,9.485477900388963,2.6532679777627637,0.0,0,low_restock,0.3333333333333333,0.3333333333333333,0.3333333333333333,-14.620158397082228,5.365182652956914,0.0,0.0,none
inventory,random,17,183,41.25759542023494,9.85047330367915,2.7573277301653993,0.0,0,low_restock,0.3333333333333333,0.3333333333333333,0.3333333333333333,-15.437307503696173,2.4269600828879216,0.0,0.0,none
inventory,random,17,184,43.59230715341764,9.196549027068832,2.649441645195893,0.0,2,high_restock,0.3333333333333333,0.3333333333333333,0.3333333333333333,-13.703513375997812,5.98776627884496,0.0,0.0,none
inventory,random,17,185,37.610038217136605,9.03954366069382,2.446580364984014,0.0,2,high_restock,0.3333333333333333,0.3333333333333333,0.3333333333333333,-11.95141827505578,5.109753723633452,0.0,0.0,none
inventory,random,17,186,32.60405221444509,9.982317879534937,2.8476589474726355,0.0,1,balanced_restock,0.3333333333333333,0.3333333333333333,0.3333333333333333,-10.04105067289523,4.991562894817265,0.0,0.0,none
inventory,random,17,187,27.66014477970066,10.350858129669026,2.266575912419684,0.0,1,balanced_restock,0.3333333333333333,0.3333333333333333,0.3333333333333333,-10.428360672533744,1.1875163454038926,0.0,0.0,none
inventory,random,17,188,28.766744778667842,10.70182987168658,2.5164765910750435,0.0,2,high_restock,0.3333333333333333,0.3333333333333333,0.3333333333333333,-7.8192576599159676,7.979665454126623,0.0,0.0,none
inventory,random,17,189,20.797879028331337,11.041114374982739,2.2774673052329693,0.0,2,high_restock,0.3333333333333333,0.3333333333333333,0.3333333333333333,-5.308034626953639,7.1790820123019445,0.0,0.0,none
inventory,random,17,190,13.6229560770104,10.80258357197476,2.224531136295727,0.0,1,balanced_restock,0.3333333333333333,0.3333333333333333,0.3333333333333333,-4.924454004334411,0.7015086385224317,0.0,0.0,none
inventory,random,17,191,13.041297155241175,10.487448988159217,1.9911270602146462,0.0,0,low_restock,0.3333333333333333,0.3333333333333333,0.3333333333333333,-7.37757962928465,7.661810319752076,0.0,0.0,none
inventory,random,17,192,20.564513226527573,11.780873689365382,1.3341568455875212,0.0,2,high_restock,0.3333333333333333,0.3333333333333333,0.3333333333333333,-5.497698226411571,6.4091303960091475,0.0,0.0,none
inventory,random,17,193,14.164852075461631,11.479621459358757,1.1594093749284213,0.0,2,high_restock,0.3333333333333333,0.3333333333333333,0.3333333333333333,-4.098498320446909,4.076888944714211,0.0,0.0,none
inventory,random,17,194,10.167138058419741,12.27385180601768,1.2516279301426414,0.0,1,balanced_restock,0.3333333333333333,0.3333333333333333,0.3333333333333333,-4.145493957985962,0.779071665174846,0.0,0.0,none
inventory,random,17,195,10.815697022817034,12.638548189161327,1.0207156582726482,0.0,1,balanced_restock,0.3333333333333333,0.3333333333333333,0.3333333333333333,-4.022533706515454,0.3581546897130233,0.0,0.0,none
inventory,random,17,196,10.464382018615584,12.684616972674883,0.9684641820069136,0.0,2,high_restock,0.3333333333333333,0.3333333333333333,0.3333333333333333,-2.3991473711033082,5.154970380352175,0.0,0.0,none
inventory,random,17,197,5.311849631723739,12.549467281039233,0.88561380367551,0.0,2,high_restock,0.3333333333333333,0.3333333333333333,0.3333333333333333,-1.8434475529836818,2.00089276279578,0.0,0.0,none
inventory,random,17,198,3.7241358656676624,13.511856758041205,1.631632127740296,0.0,0,low_restock,0.3333333333333333,0.3333333333333333,0.3333333333333333,-4.102803136805565,7.484613134057118,0.0,0.0,none
inventory,random,17,199,11.208008962301616,13.408174180776374,1.6135444758594912,0.0,0,low_restock,0.3333333333333333,0.3333333333333333,0.3333333333333333,-6.396707988118638,6.554047762108052,0.0,0.0,none
inventory,random,17,200,17.76202282319611,13.389265160075814,1.6228626372968362,0.0,2,high_restock,0.3333333333333333,0.3333333333333333,0.3333333333333333,-7.892868269385405,4.115026956915203,1.0,1.0,inventory_demand_spike
inventory,random,17,201,21.00819505538687,15.308762607354257,3.26947802802534,0.0,1,balanced_restock,0.3333333333333333,0.3333333333333333,0.3333333333333333,-10.45072758545012,7.9470555257094215,1.0,0.0,inventory_demand_spike
inventory,random,17,202,28.8306502441432,16.703760122483892,3.4068398909639486,0.0,0,low_restock,0.3333333333333333,0.3333333333333333,0.3333333333333333,-17.168769890357297,19.855064039122503,1.0,0.0,inventory_demand_spike
inventory,random,17,203,48.53934254387799,18.563041335642065,4.93461251882029,0.0,2,high_restock,0.3333333333333333,0.3333333333333333,0.3333333333333333,-19.553690209232293,6.155601332985181,1.0,0.0,inventory_demand_spike
inventory,random,17,204,54.32482916923513,20.623364041386708,4.516709866692204,0.0,1,balanced_restock,0.3333333333333333,0.3333333333333333,0.3333333333333333,-21.578858218446193,6.665006051788655,1.0,0.0,inventory_demand_spike
inventory,random,17,205,60.62530919556056,21.77265727447289,2.6713421058824522,0.0,1,balanced_restock,0.3333333333333333,0.3333333333333333,0.3333333333333333,-24.026565701414327,7.011747431003013,1.0,0.0,inventory_demand_spike
inventory,random,17,206,67.61875914689809,21.322112818302244,2.902143984835846,0.0,2,high_restock,0.3333333333333333,0.3333333333333333,0.3333333333333333,-24.78549565885995,1.6545276112172278,1.0,0.0,inventory_demand_spike
inventory,random,17,207,69.27284473959986,21.288438899091336,2.920269532043521,0.0,1,balanced_restock,0.3333333333333333,0.3333333333333333,0.3333333333333333,-27.36946793193821,8.04554913787413,1.0,0.0,inventory_demand_spike
inventory,random,17,208,77.16990837696632,20.126113166617667,1.9121793927399213,0.0,0,low_restock,0.3333333333333333,0.3333333333333333,0.3333333333333333,-31.48771975365324,12.392509450198881,1.0,0.0,inventory_demand_spike
inventory,random,17,209,89.45062786758069,19.025159739669114,0.668748325972228,0.0,2,high_restock,0.3333333333333333,0.3333333333333333,0.3333333333333333,-32.15207926897922,0.8816995370630528,1.0,0.0,inventory_demand_spike
inventory,random,17,210,90.32022648279778,19.138983457447445,0.5779932526107526,0.0,2,high_restock,0.3333333333333333,0.3333333333333333,0.3333333333333333,-32.95584828075904,2.316080994084777,1.0,0.0,inventory_demand_spike
inventory,random,17,211,92.61670937359727,19.39959004533984,0.7279322727923091,0.0,0,low_restock,0.3333333333333333,0.3333333333333333,0.3333333333333333,-35.75168895102409,9.135988187192623,1.0,0.0,inventory_demand_spike
inventory,random,17,212,101.63339700292599,18.472110452665227,1.8704759073226622,0.0,2,high_restock,0.3333333333333333,0.3333333333333333,0.3333333333333333,-36.06719595668842,0.44628987240161705,1.0,0.0,inventory_demand_spike
inventory,random,17,213,101.50627416196693,18.06727315700012,1.732196488921688,0.0,2,high_restock,0.3333333333333333,0.3333333333333333,0.3333333333333333,-34.80323628286837,3.7312751845296472,1.0,0.0,inventory_demand_spike
inventory,random,17,214,97.89496080819535,17.288866588122932,2.2565185055170933,0.0,0,low_restock,0.3333333333333333,0.3333333333333333,0.3333333333333333,-38.32556753189811,11.09896987090356,1.0,0.0,inventory_demand_spike
inventory,random,17,215,108.98733580542319,16.93342186452508,2.1150682861245413,0.0,0,low_restock,0.3333333333333333,0.3333333333333333,0.3333333333333333,-41.5337988618307,9.256514662708915,1.0,0.0,inventory_demand_spike
inventory,random,17,216,118.153711033802,15.907400332040945,1.3353832930745724,0.0,2,high_restock,0.3333333333333333,0.3333333333333333,0.3333333333333333,-42.226299915923306,1.2834847384563637,1.0,0.0,inventory_demand_spike
inventory,random,17,217,119.10371404549517,16.694063408513834,1.6903319594173503,0.0,0,low_restock,0.3333333333333333,0.3333333333333333,0.3333333333333333,-46.60890042951322,13.55855666799398,1.0,0.0,inventory_demand_spike
inventory,random,17,218,132.65400122718063,17.02954541304274,2.0244397828695138,0.0,2,high_restock,0.3333333333333333,0.3333333333333333,0.3333333333333333,-47.744628436297084,2.5111185149576287,1.0,0.0,inventory_demand_spike
inventory,random,17,219,134.87036696084883,18.195081230530697,1.8374494383671363,0.0,2,high_restock,0.3333333333333333,0.3333333333333333,0.3333333333333333,-47.031327035203,2.0585897136630242,1.0,0.0,inventory_demand_spike
inventory,random,17,220,132.83236295772286,17.969005430459937,2.019715795833702,0.0,1,balanced_restock,0.3333333333333333,0.3333333333333333,0.3333333333333333,-48.901700705490676,5.906672188378965,1.0,0.0,inventory_demand_spike
inventory,random,17,221,138.6905734442591,18.50737248209142,1.490275379805405,0.0,0,low_restock,0.3333333333333333,0.3333333333333333,0.3333333333333333,-51.719186773884175,8.632524605710708,1.0,0.0,inventory_demand_spike
inventory,random,17,222,147.2548193539548,17.630221061691923,2.1264973946339127,0.0,0,low_restock,0.3333333333333333,0.3333333333333333,0.3333333333333333,-56.36101193855268,13.26257482870413,1.0,0.0,inventory_demand_spike
inventory,random,17,223,160.51717696729338,17.57263514802255,2.07704554488978,0.0,1,balanced_restock,0.3333333333333333,0.3333333333333333,0.3333333333333333,-59.4114504825994,8.201254439867455,1.0,0.0,inventory_demand_spike
inventory,random,17,224,168.71842995028402,17.569612597887037,2.0732035892077674,0.0,1,balanced_restock,0.3333333333333333,0.3333333333333333,0.3333333333333333,-61.45654890783159,5.857464318003149,1.0,0.0,inventory_demand_spike
inventory,random,17,225,174.56156830809027,17.945841070073485,1.911727569534313,0.0,1,balanced_restock,0.3333333333333333,0.3333333333333333,0.3333333333333333,-63.3745966872629,5.480666256448254,1.0,0.0,inventory_demand_spike
inventory,random,17,226,180.04170482075116,17.870226275298414,1.921152004931794,0.0,0,low_restock,0.3333333333333333,0.3333333333333333,0.3333333333333333,-68.6081274815866,15.535026185379003,1.0,0.0,inventory_demand_spike
inventory,random,17,227,195.50893566167602,19.250823261544248,1.4787035271141251,0.0,0,low_restock,0.3333333333333333,0.3333333333333333,0.3333333333333333,-74.17461516691445,15.916702922902505,1.0,0.0,inventory_demand_spike
inventory,random,17,228,211.41318619118414,19.779201844778154,1.8208483843802237,0.0,1,balanced_restock,0.3333333333333333,0.3333333333333333,0.3333333333333333,-78.12886648123431,10.80242006048614,1.0,0.0,inventory_demand_spike
inventory,random,17,229,222.1967613749552,20.295666284934235,2.195080800406061,0.0,1,balanced_restock,0.3333333333333333,0.3333333333333333,0.3333333333333333,-80.63540048358954,7.170562173349823,1.0,0.0,inventory_demand_spike
inventory,random,17,230,229.35828709597013,20.559343757575977,1.9501615901789995,0.0,1,balanced_restock,0.3333333333333333,0.3333333333333333,0.3333333333333333,-83.1618630487908,7.243114462322787,1.0,0.0,inventory_demand_spike
inventory,random,17,231,236.57675156797376,20.907009349444518,1.464768536086189,0.0,0,low_restock,0.3333333333333333,0.3333333333333333,0.3333333333333333,-87.76254095402518,13.663923764325265,1.0,0.0,inventory_demand_spike
inventory,random,17,232,250.23583129721482,20.545379127107765,1.5044821335242484,0.0,0,low_restock,0.3333333333333333,0.3333333333333333,0.3333333333333333,-92.48707282777755,13.50788549007864,1.0,0.0,inventory_demand_spike
inventory,random,17,233,263.73449379365013,20.064261520493204,1.3717905022386234,0.0,1,balanced_restock,0.3333333333333333,0.3333333333333333,0.3333333333333333,-94.86322518858347,6.401642043569057,1.0,0.0,inventory_demand_spike
inventory,random,17,234,270.00921482452424,19.162490689913813,0.47976684346416126,0.0,2,high_restock,0.3333333333333333,0.3333333333333333,0.3333333333333333,-95.52300034386052,1.371443623983053,1.0,0.0,inventory_demand_spike
inventory,random,17,235,271.3800009824586,19.2043427772977,0.48693104340939464,0.0,2,high_restock,0.3333333333333333,0.3333333333333333,0.3333333333333333,-97.07200702038517,4.560043497509205,1.0,0.0,inventory_demand_spike
inventory,random,17,236,275.8057343439576,19.84579655519678,1.3787931195791046,0.0,1,balanced_restock,0.3333333333333333,0.3333333333333333,0.3333333333333333,-100.3704213537456,9.951248658582685,1.0,0.0,inventory_demand_spike
inventory,random,17,237,285.7440610107017,20.301645942697387,1.60063600529335,0.0,2,high_restock,0.3333333333333333,0.3333333333333333,0.3333333333333333,-103.18885565380037,7.692292619410163,1.0,0.0,inventory_demand_spike
inventory,random,17,238,293.28244472514393,21.50959018629876,2.5413843355150614,0.0,0,low_restock,0.3333333333333333,0.3333333333333333,0.3333333333333333,-108.18129560265001,15.314069585962876,1.0,0.0,inventory_demand_spike
inventory,random,17,239,308.5751302932857,22.113183093752298,2.0027091089334736,0.0,0,low_restock,0.3333333333333333,0.3333333333333333,0.3333333333333333,-112.87093161615691,13.398963435341399,1.0,0.0,inventory_demand_spike
inventory,random,17,240,321.9740903318769,22.118817869883657,1.9950100732126586,0.0,1,balanced_restock,0.3333333333333333,0.3333333333333333,0.3333333333333333,-117.66471312874708,13.198597865061549,1.0,0.0,inventory_demand_spike
inventory,random,17,241,335.1563232249917,22.670117776206816,2.3524873012666885,0.0,1,balanced_restock,0.3333333333333333,0.3333333333333333,0.3333333333333333,-119.74895181073067,6.047180911996215,1.0,0.0,inventory_demand_spike
inventory,random,17,242,341.11129088780194,21.873445975420047,3.039561648864387,0.0,1,balanced_restock,0.3333333333333333,0.3333333333333333,0.3333333333333333,-122.43548412383231,7.785076739859119,1.0,0.0,inventory_demand_spike
inventory,random,17,243,348.78709749666376,20.70093055430397,2.4786513743162306,0.0,2,high_restock,0.3333333333333333,0.3333333333333333,0.3333333333333333,-124.22946755267225,4.620382535671904,1.0,0.0,inventory_demand_spike
inventory,random,17,244,353.3984787219207,20.964669685726996,2.59501134099727,0.0,2,high_restock,0.3333333333333333,0.3333333333333333,0.3333333333333333,-124.43605964027344,0.6227672996433075,1.0,0.0,inventory_demand_spike
inventory,random,17,245,353.9887418293527,20.802930299495166,2.7102022453737766,0.0,1,balanced_restock,0.3333333333333333,0.3333333333333333,0.3333333333333333,-128.1878732323399,11.255443627370317,1.0,0.0,inventory_demand_spike
inventory,random,17,246,365.22249494954264,20.413234344910194,2.1305996690214983,0.0,0,low_restock,0.3333333333333333,0.3333333333333333,0.3333333333333333,-133.2481102196464,14.989339092099447,1.0,0.0,inventory_demand_spike
inventory,random,17,247,380.19460062756116,21.016661947951846,1.7404546804934173,0.0,2,high_restock,0.3333333333333333,0.3333333333333333,0.3333333333333333,-133.26013721790616,1.2907167992111863,1.0,0.0,inventory_demand_spike
inventory,random,17,248,379.2003920511605,20.482658910899364,2.3668251130619673,0.0,2,high_restock,0.3333333333333333,0.3333333333333333,0.3333333333333333,-134.3061489143601,3.0136722546671044,1.0,0.0,inventory_demand_spike
inventory,random,17,249,382.18899689817175,20.158103635250217,2.154397713653157,0.0,2,high_restock,0.3333333333333333,0.3333333333333333,0.3333333333333333,-135.3689162621574,3.0787461610043336,1.0,0.0,inventory_demand_spike
inventory,random,17,250,385.22547503473544,20.647346641076552,2.016123597059875,0.0,2,high_restock,0.3333333333333333,0.3333333333333333,0.3333333333333333,-135.1611414476203,1.3169355429074905,1.0,0.0,inventory_demand_spike
inventory,random,17,251,384.63183270748664,19.481867551588806,1.8626097428365933,0.0,0,low_restock,0.3333333333333333,0.3333333333333333,0.3333333333333333,-137.64874105317526,8.284894196057929,1.0,0.0,inventory_demand_spike
inventory,random,17,252,392.76783158050074,18.11464619058792,2.6213586658740473,0.0,2,high_restock,0.3333333333333333,0.3333333333333333,0.3333333333333333,-136.4628389115533,4.507375103788824,1.0,0.0,inventory_demand_spike
inventory,random,17,253,388.35096831872374,17.43011525351264,3.203738824539183,0.0,2,high_restock,0.3333333333333333,0.3333333333333333,0.3333333333333333,-136.8593534611702,1.241005051394187,1.0,0.0,inventory_demand_spike
inventory,random,17,254,389.4838670319149,17.058974026748622,2.858937094508937,0.0,1,balanced_restock,0.3333333333333333,0.3333333333333333,0.3333333333333333,-139.34384993900295,7.626783649437038,1.0,0.0,inventory_demand_spike
inventory,random,17,255,397.096714111437,16.7742478153403,2.4965572334944808,0.0,2,high_restock,0.3333333333333333,0.3333333333333333,0.3333333333333333,-139.43380169920852,0.2667249281827153,1.0,0.0,inventory_demand_spike
inventory,random,17,256,396.8394334263101,16.841520143764676,2.5171307651086043,0.0,1,balanced_restock,0.3333333333333333,0.3333333333333333,0.3333333333333333,-141.6296181697118,6.8596719737493,1.0,0.0,inventory_demand_spike
inventory,random,17,257,403.62748048489084,17.771929780878004,2.1826840203169042,0.0,1,balanced_restock,0.3333333333333333,0.3333333333333333,0.3333333333333333,-144.11890510304178,7.3642018750710365,1.0,0.0,inventory_demand_spike
inventory,random,17,258,410.7397288658337,18.877752109421984,0.62558761923275,0.0,1,balanced_restock,0.3333333333333333,0.3333333333333333,0.3333333333333333,-145.1345048383855,3.2013821820136354,1.0,0.0,inventory_demand_spike
inventory,random,17,259,413.6414423953872,18.031515072694457,1.6804759286718252,0.0,2,high_restock,0.3333333333333333,0.3333333333333333,0.3333333333333333,-144.27198515612446,3.119852540343658,1.0,0.0,inventory_demand_spike
inventory,random,17,260,410.6628147317842,17.113220124069436,1.8146083350377822,0.0,0,low_restock,0.3333333333333333,0.3333333333333333,0.3333333333333333,-149.03173460670988,14.647722067566704,1.0,0.0,inventory_demand_spike
inventory,random,17,261,425.2906703048854,17.690247375715067,2.3132491396562918,0.0,2,high_restock,0.3333333333333333,0.3333333333333333,0.3333333333333333,-150.37962033541058,2.8690342961618907,1.0,0.0,inventory_demand_spike
inventory,random,17,262,428.113200958316,18.09714409468504,2.6280722059797625,0.0,1,balanced_restock,0.3333333333333333,0.3333333333333333,0.3333333333333333,-152.31994460766936,6.061927457275164,1.0,0.0,inventory_demand_spike
inventory,random,17,263,434.17127030762674,17.886308288358624,2.5800251563431384,0.0,2,high_restock,0.3333333333333333,0.3333333333333333,0.3333333333333333,-152.22577921789016,0.9941699342242611,1.0,0.0,inventory_demand_spike
inventory,random,17,264,433.3879406225434,18.349299645431252,2.1795161478817238,0.0,1,balanced_restock,0.3333333333333333,0.3333333333333333,0.3333333333333333,-153.50985956828106,4.202530563392452,1.0,0.0,inventory_demand_spike
inventory,random,17,265,437.57102733794585,18.581642521232343,1.8492655525216648,0.0,2,high_restock,0.3333333333333333,0.3333333333333333,0.3333333333333333,-154.13976615481184,1.333855908800094,1.0,0.0,inventory_demand_spike
inventory,random,17,266,438.85647472803385,18.313160884629703,1.6153548781947882,0.0,2,high_restock,0.3333333333333333,0.3333333333333333,0.3333333333333333,-156.17099555620845,5.925117845643534,1.0,0.0,inventory_demand_spike
inventory,random,17,267,444.6599873034528,18.909357269027367,2.650155894307905,0.0,1,balanced_restock,0.3333333333333333,0.3333333333333333,0.3333333333333333,-158.3050826174735,6.612657229899506,1.0,0.0,inventory_demand_spike
inventory,random,17,268,451.2716646213528,19.02007886274521,2.6237094806836123,0.0,2,high_restock,0.3333333333333333,0.3333333333333333,0.3333333333333333,-159.1582632274434,2.00396531766544,1.0,0.0,inventory_demand_spike
inventory,random,17,269,453.1950377926955,19.561419434030416,2.470533033258689,0.0,2,high_restock,0.3333333333333333,0.3333333333333333,0.3333333333333333,-159.17134330890735,0.5720067556048994,1.0,0.0,inventory_demand_spike
inventory,random,17,270,453.2324094540211,19.93227642321505,2.036643437900244,0.0,2,high_restock,0.3333333333333333,0.3333333333333333,0.3333333333333333,-160.78268856376388,4.65621125623336,1.0,0.0,inventory_demand_spike
inventory,random,17,271,457.8362530393254,20.595955662258312,2.247492607662291,0.0,2,high_restock,0.3333333333333333,0.3333333333333333,0.3333333333333333,-161.04849953451838,1.4065025339189707,1.0,0.0,inventory_demand_spike
inventory,random,17,272,458.5957129557668,19.587145130462808,1.6279998117576435,0.0,2,high_restock,0.3333333333333333,0.3333333333333333,0.3333333333333333,-163.08795473022855,5.950042722084124,1.0,0.0,inventory_demand_spike
inventory,random,17,273,464.42272780065304,20.630212635860055,2.2287631356102082,0.0,0,low_restock,0.3333333333333333,0.3333333333333333,0.3333333333333333,-168.47916408412604,16.439816484605824,1.0,0.0,inventory_demand_spike
inventory,random,17,274,480.85475452607443,21.131943346675797,2.2945661475381134,0.0,0,low_restock,0.3333333333333333,0.3333333333333333,0.3333333333333333,-174.03227208774808,15.895821879091725,1.0,0.0,inventory_demand_spike
inventory,random,17,275,496.720777393566,21.897673587908983,1.6944588423773657,0.0,0,low_restock,0.3333333333333333,0.3333333333333333,0.3333333333333333,-179.09240667871472,14.463949054781441,1.0,0.0,inventory_demand_spike
inventory,random,17,276,511.1783047963278,21.46841035140047,1.7326259943125668,0.0,1,balanced_restock,0.3333333333333333,0.3333333333333333,0.3333333333333333,-182.29151099535414,8.648145315989181,1.0,0.0,inventory_demand_spike
inventory,random,17,277,519.8043171295833,21.84172083476329,1.2397082364657213,0.0,1,balanced_restock,0.3333333333333333,0.3333333333333333,0.3333333333333333,-186.87545645008058,13.106658326610262,1.0,0.0,inventory_demand_spike
inventory,random,17,278,532.9013041430874,22.095715268486874,1.6743465760597998,0.0,1,balanced_restock,0.3333333333333333,0.3333333333333333,0.3333333333333333,-191.48084420899724,13.17603450105501,1.0,0.0,inventory_demand_spike
inventory,random,17,279,546.0595548828493,22.640960071354964,2.08790521457727,0.0,1,balanced_restock,0.3333333333333333,0.3333333333333333,0.3333333333333333,-195.42479283507078,11.271951963316102,1.0,0.0,inventory_demand_spike
inventory,random,17,280,557.3279795287737,22.921440427041524,2.058959878097302,0.0,0,low_restock,0.3333333333333333,0.3333333333333333,0.3333333333333333,-199.62966199236718,12.54561478190475,1.0,0.0,inventory_demand_spike
inventory,random,17,281,569.8561771210491,22.535574464944265,2.5954510748058395,0.0,1,balanced_restock,0.3333333333333333,0.3333333333333333,0.3333333333333333,-201.9180174058186,6.070042169441062,1.0,0.0,inventory_demand_spike
inventory,random,17,282,575.8800497309103,22.015146520265393,3.131665093043039,0.0,0,low_restock,0.3333333333333333,0.3333333333333333,0.3333333333333333,-206.20850740122057,12.837389806535844,1.0,0.0,inventory_demand_spike
inventory,random,17,283,588.6528782892017,20.750314829222845,2.9000869015381903,0.0,2,high_restock,0.3333333333333333,0.3333333333333333,0.3333333333333333,-208.10095868182432,4.472196884165844,1.0,0.0,inventory_demand_spike
inventory,random,17,284,593.0313105194981,20.19435112732975,2.178435643920307,0.0,2,high_restock,0.3333333333333333,0.3333333333333333,0.3333333333333333,-209.6476107425353,4.427981992573843,1.0,0.0,inventory_demand_spike
inventory,random,17,285,597.4503164072438,20.024467375694023,1.9536001450389036,0.0,1,balanced_restock,0.3333333333333333,0.3333333333333333,0.3333333333333333,-210.95089334008492,4.292007799220819,1.0,0.0,inventory_demand_spike
inventory,random,17,286,601.6882666859569,19.56641791298156,2.4548975352540143,0.0,2,high_restock,0.3333333333333333,0.3333333333333333,0.3333333333333333,-211.48711809752297,1.0413152399325878,1.0,0.0,inventory_demand_spike
inventory,random,17,287,602.7060517072085,19.76520039525966,2.3603639212793883,0.0,1,balanced_restock,0.3333333333333333,0.3333333333333333,0.3333333333333333,-212.91139837989007,4.615923619117863,1.0,0.0,inventory_demand_spike
inventory,random,17,288,607.2897096568288,19.327366273525435,2.6846044805226144,0.0,1,balanced_restock,0.3333333333333333,0.3333333333333333,0.3333333333333333,-214.60531633175998,4.978709620452972,1.0,0.0,inventory_demand_spike
inventory,random,17,289,612.1294752335999,18.219632942820372,2.314272852468424,0.0,0,low_restock,0.3333333333333333,0.3333333333333333,0.3333333333333333,-217.39667792632636,8.67980077341117,1.0,0.0,inventory_demand_spike
inventory,random,17,290,620.6190797895039,16.633752676452026,1.4479358907569566,0.0,0,low_restock,0.3333333333333333,0.3333333333333333,0.3333333333333333,-221.75989682250517,12.475149344077797,1.0,0.0,inventory_demand_spike
inventory,random,17,291,633.0854194928719,17.079430561382992,1.5931831976450737,0.0,2,high_restock,0.3333333333333333,0.3333333333333333,0.3333333333333333,-222.40450346047214,0.815629768408611,1.0,0.0,inventory_demand_spike
inventory,random,17,292,633.8985813156347,17.038505921685225,1.5447585863308182,0.0,2,high_restock,0.3333333333333333,0.3333333333333333,0.3333333333333333,-223.11041518075413,2.1616271368943285,1.0,0.0,inventory_demand_spike
inventory,random,17,293,635.9154719450119,17.725152457636604,1.9098621370593885,0.0,0,low_restock,0.3333333333333333,0.3333333333333333,0.3333333333333333,-226.39121008579065,10.402749789362101,1.0,0.0,inventory_demand_spike
inventory,random,17,294,646.317743102259,17.637653573731814,1.9578402205263692,0.0,1,balanced_restock,0.3333333333333333,0.3333333333333333,0.3333333333333333,-228.0315687773443,4.214090296432574,1.0,0.0,inventory_demand_spike
inventory,random,17,295,650.490196506698,17.97422334343883,1.472134132040902,0.0,0,low_restock,0.3333333333333333,0.3333333333333333,0.3333333333333333,-232.0509854481787,11.998714312443687,1.0,0.0,inventory_demand_spike
inventory,random,17,296,662.4885298519391,17.880622071813466,1.4526177269899088,0.0,1,balanced_restock,0.3333333333333333,0.3333333333333333,0.3333333333333333,-232.98055779622348,2.3919759468781803,1.0,0.0,inventory_demand_spike
inventory,random,17,297,664.6301651320671,16.946316763286482,1.9644974470544088,0.0,1,balanced_restock,0.3333333333333333,0.3333333333333333,0.3333333333333333,-235.93772122758457,8.45060500394277,1.0,0.0,inventory_demand_spike
inventory,random,17,298,673.0792035073845,17.03274631247453,2.1023575141645865,0.0,2,high_restock,0.3333333333333333,0.3333333333333333,0.3333333333333333,-236.8012334866078,2.0931833437682372,1.0,0.0,inventory_demand_spike
inventory,random,17,299,675.0320956760223,17.742870514752667,2.354056353336703,0.0,0,low_restock,0.3333333333333333,0.3333333333333333,0.3333333333333333,-239.96413929809393,10.06547854743752,1.0,0.0,inventory_demand_spike
inventory,random,17,300,685.097540851697,17.721468868999782,2.3686773646503716,0.0,0,low_restock,0.3333333333333333,0.3333333333333333,0.3333333333333333,-244.1388049940722,684.4473442632711,1.0,1.0,inventory_demand_spike|inventory_sensor_noise
inventory,random,17,301,0.8563423431409471,0.9800295432171009,1.0,-0.016253989807104727,0,low_restock,0.3333333333333333,0.3333333333333333,0.3333333333333333,-246.09610608994763,0.17944069891700573,1.0,0.0,inventory_sensor_noise
inventory,random,17,302,1.0,0.8757703053727403,0.979573691096676,-0.032813557503429035,2,high_restock,0.3333333333333333,0.3333333333333333,0.3333333333333333,-245.41260543648906,0.12880318375922079,1.0,0.0,inventory_sensor_noise
inventory,random,17,303,1.0,1.0,0.9986181036959981,-0.06100138232330778,0,low_restock,0.3333333333333333,0.3333333333333333,0.3333333333333333,-247.93628223421814,0.12002379081482348,1.0,0.0,inventory_sensor_noise
inventory,random,17,304,0.9300872381791309,0.9992959633489241,1.0,-0.15854886199929868,1,balanced_restock,0.3333333333333333,0.3333333333333333,0.3333333333333333,-247.79597149194805,0.27019318575085916,1.0,0.0,inventory_sensor_noise
inventory,random,17,305,0.7655477926537179,1.0,1.0,0.05576546982380145,1,balanced_restock,0.3333333333333333,0.3333333333333333,0.3333333333333333,-249.6238779084623,0.28384945748916895,1.0,0.0,inventory_sensor_noise
inventory,random,17,306,1.0,0.967706755878175,0.9717954693653451,-0.09839135883817669,2,high_restock,0.3333333333333333,0.3333333333333333,0.3333333333333333,-249.61136334646346,0.14502154264123382,1.0,0.0,inventory_sensor_noise
inventory,random,17,307,1.0,0.9847370317608597,0.8396495573095125,-0.04113163948560732,0,low_restock,0.3333333333333333,0.3333333333333333,0.3333333333333333,-253.17647355915855,0.2171264676108508,1.0,0.0,inventory_sensor_noise
inventory,random,17,308,0.9557316690749982,0.9473208835848127,1.0,0.09330044447842696,0,low_restock,0.3333333333333333,0.3333333333333333,0.3333333333333333,-256.17594421602894,0.22721089229053895,1.0,0.0,inventory_sensor_noise
inventory,random,17,309,0.7356526407536519,1.0,1.0,0.11367006799753261,0,low_restock,0.3333333333333333,0.3333333333333333,0.3333333333333333,-259.19210447125124,0.3292068483799572,1.0,0.0,inventory_sensor_noise
inventory,random,17,310,1.0,0.8342755638992317,1.0,0.008631818017686439,0,low_restock,0.3333333333333333,0.3333333333333333,0.3333333333333333,-262.06528831853836,0.25654426257680135,1.0,0.0,inventory_sensor_noise
inventory,random,17,311,1.0,1.0,0.8761894867328391,0.16035962280204158,0,low_restock,0.3333333333333333,0.3333333333333333,0.3333333333333333,-266.5529253115874,0.25779639691207146,1.0,0.0,inventory_sensor_noise
inventory,random,17,312,0.9024891721887108,1.0,1.0,-0.043654047144179364,0,low_restock,0.3333333333333333,0.3333333333333333,0.3333333333333333,-269.6370213451127,0.14028284321174875,1.0,0.0,inventory_sensor_noise
inventory,random,17,313,0.8116906362326552,0.9297663379187086,0.9255356029654315,-0.01271558802388593,2,high_restock,0.3333333333333333,0.3333333333333333,0.3333333333333333,-270.1768629826222,0.23150688697835609,1.0,0.0,inventory_sensor_noise
inventory,random,17,314,0.9848365871441631,1.0,1.0,0.10190641983799088,2,high_restock,0.3333333333333333,0.3333333333333333,0.3333333333333333,-268.1149017982995,0.08906765581838968,1.0,0.0,inventory_sensor_noise
inventory,random,17,315,0.9045357190843593,0.9652600424995468,1.0,0.08523448969502895,2,high_restock,0.3333333333333333,0.3333333333333333,0.3333333333333333,-265.5268354598156,0.14521028579778883,1.0,0.0,inventory_sensor_noise
inventory,random,17,316,1.0,0.9648926379485266,0.9136167917882384,0.15239403498588444,1,balanced_restock,0.3333333333333333,0.3333333333333333,0.3333333333333333,-265.9772089771053,0.17731490146851223,1.0,0.0,inventory_sensor_noise
inventory,random,17,317,0.9437534334172175,0.9698354591541491,1.0,0.00820524246715399,0,low_restock,0.3333333333333333,0.3333333333333333,0.3333333333333333,-267.6237411870943,0.10949977985272358,1.0,0.0,inventory_sensor_noise
inventory,random,17,318,0.9481515256085158,1.0,0.9840354638054474,0.1121575999802166,2,high_restock,0.3333333333333333,0.3333333333333333,0.3333333333333333,-265.61787538158666,0.08231731310936853,1.0,0.0,inventory_sensor_noise
inventory,random,17,319,0.990930014628071,0.9317107624936011,1.0,0.10687985996795078,0,low_restock,0.3333333333333333,0.3333333333333333,0.3333333333333333,-266.3086838370411,0.2002286567684263,1.0,0.0,inventory_sensor_noise
inventory,random,17,320,1.0,0.9912442139155028,0.8880024231068087,-0.0477861068395244,2,high_restock,0.3333333333333333,0.3333333333333333,0.3333333333333333,-263.59439650949463,0.15616181930631895,1.0,0.0,inventory_sensor_noise
inventory,random,17,321,0.8935976439813861,1.0,1.0,-0.02669270922691197,1,balanced_restock,0.3333333333333333,0.3333333333333333,0.3333333333333333,-263.15206489298754,0.09758750396080607,1.0,0.0,inventory_sensor_noise
inventory,random,17,322,0.9589937573351672,1.0,0.9995923324933199,0.04574003954547513,1,balanced_restock,0.3333333333333333,0.3333333333333333,0.3333333333333333,-261.72766980581247,0.13524532293736374,1.0,0.0,inventory_sensor_noise
inventory,random,17,323,1.0,1.0,1.0,-0.08313827223020205,0,low_restock,0.3333333333333333,0.3333333333333333,0.3333333333333333,-262.6433732720346,0.17942783973106546,1.0,0.0,inventory_sensor_noise
inventory,random,17,324,1.0,0.8307238584196122,1.0,-0.023640897815750732,1,balanced_restock,0.3333333333333333,0.3333333333333333,0.3333333333333333,-262.55164740444525,0.1997638396757697,1.0,0.0,inventory_sensor_noise
inventory,random,17,325,1.0,0.9841612755674963,1.0,-0.1515570838947329,1,balanced_restock,0.3333333333333333,0.3333333333333333,0.3333333333333333,-261.15645879822443,0.18045760002932,1.0,0.0,inventory_sensor_noise
inventory,random,17,326,0.9553177342785331,0.9320230251930173,1.0,0.015326238777804922,1,balanced_restock,0.3333333333333333,0.3333333333333333,0.3333333333333333,-259.78896181836336,0.07161139597494218,1.0,0.0,inventory_sensor_noise
inventory,random,17,327,0.9610680687623244,0.9549907496539963,0.9384793375548711,-0.012652635613448515,0,low_restock,0.3333333333333333,0.3333333333333333,0.3333333333333333,-260.43616748325894,0.10921612950269267,1.0,0.0,inventory_sensor_noise
inventory,random,17,328,1.0,1.0,0.9854679445812542,-0.09125738016913515,1,balanced_restock,0.3333333333333333,0.3333333333333333,0.3333333333333333,-258.95378002660954,0.12057639880084253,1.0,0.0,inventory_sensor_noise
inventory,random,17,329,0.9278197110622645,1.0,0.9091568728029327,-0.03205185542111274,0,low_restock,0.3333333333333333,0.3333333333333333,0.3333333333333333,-260.01217899490945,0.1764415904816885,1.0,0.0,inventory_sensor_noise
inventory,random,17,330,0.8030294724354201,1.0,0.787086726203623,-0.05770162158741835,0,low_restock,0.3333333333333333,0.3333333333333333,0.3333333333333333,-261.8376095676355,0.2758864049283554,1.0,0.0,inventory_sensor_noise
inventory,random,17,331,0.9784828247660753,1.0,0.9873877025836487,0.014471423529410743,0,low_restock,0.3333333333333333,0.3333333333333333,0.3333333333333333,-261.593390485831,0.18442605064386244,1.0,0.0,inventory_sensor_noise
inventory,random,17,332,0.9964213607875413,0.8964272007902357,0.8502966732043041,0.07904620195771521,1,balanced_restock,0.3333333333333333,0.3333333333333333,0.3333333333333333,-260.89113642008095,0.22430920674597454,1.0,0.0,inventory_sensor_noise
inventory,random,17,333,0.950061033757728,1.0,1.0,-0.04353817518249002,2,high_restock,0.3333333333333333,0.3333333333333333,0.3333333333333333,-258.15831751656464,0.06572513157324396,1.0,0.0,inventory_sensor_noise
inventory,random,17,334,0.9418770659484071,0.9500572743875755,1.0,-0.0016032285434598782,1,balanced_restock,0.3333333333333333,0.3333333333333333,0.3333333333333333,-258.338827935026,0.11316367080971235,1.0,0.0,inventory_sensor_noise
inventory,random,17,335,0.9753339462342363,1.0,0.9188154346902199,-0.052607581951112814,0,low_restock,0.3333333333333333,0.3333333333333333,0.3333333333333333,-260.1416308011225,0.041184771665874545,1.0,0.0,inventory_sensor_noise
inventory,random,17,336,0.948307094076637,0.9923756066175937,0.8890346609814489,-0.057158276675964216,0,low_restock,0.3333333333333333,0.3333333333333333,0.3333333333333333,-261.0631130241096,0.13174176141768773,1.0,0.0,inventory_sensor_noise
inventory,random,17,337,1.0,0.9129923580962617,0.9107188393853491,0.03179019964477758,0,low_restock,0.3333333333333333,0.3333333333333333,0.3333333333333333,-263.096723832051,0.14474159271955858,1.0,0.0,inventory_sensor_noise
inventory,random,17,338,0.9115383120750706,0.9794938144357305,1.0,0.0047515403492869234,2,high_restock,0.3333333333333333,0.3333333333333333,0.3333333333333333,-262.2542328687235,0.15974276885381924,1.0,0.0,inventory_sensor_noise
inventory,random,17,339,1.0,0.9885435379959836,0.8692074548552402,0.02719468203212844,0,low_restock,0.3333333333333333,0.3333333333333333,0.3333333333333333,-265.20712703992604,0.04314098956036551,1.0,0.0,inventory_sensor_noise
inventory,random,17,340,1.0,1.0,0.8767407033932948,-0.013709408534243923,0,low_restock,0.3333333333333333,0.3333333333333333,0.3333333333333333,-268.1797543623108,0.13211897487373397,1.0,0.0,inventory_sensor_noise
inventory,random,17,341,1.0,1.0,1.0,-0.06127588119836545,0,low_restock,0.3333333333333333,0.3333333333333333,0.3333333333333333,-269.47584451660896,0.021613748937721514,1.0,0.0,inventory_sensor_noise
inventory,random,17,342,1.0,0.9984174333272516,1.0,-0.08283161421464592,1,balanced_restock,0.3333333333333333,0.3333333333333333,0.3333333333333333,-269.75522442601584,0.026283182429234872,1.0,0.0,inventory_sensor_noise
inventory,random,17,343,1.0,1.0,1.0,-0.0565961199114172,1,balanced_restock,0.3333333333333333,0.3333333333333333,0.3333333333333333,-270.3039597502113,0.15792394659068015,1.0,0.0,inventory_sensor_noise
inventory,random,17,344,0.907771632481818,0.874221791404276,1.0,-0.08136996446888758,2,high_restock,0.3333333333333333,0.3333333333333333,0.3333333333333333,-268.64782172083073,0.23326127917067968,1.0,0.0,inventory_sensor_noise
inventory,random,17,345,1.0,1.0,1.0,0.09207914860962736,2,high_restock,0.3333333333333333,0.3333333333333333,0.3333333333333333,-268.1269701481932,0.19462170359759237,1.0,0.0,inventory_sensor_noise
inventory,random,17,346,0.9909981853593153,1.0,0.8575001598158195,-0.04017201543775208,2,high_restock,0.3333333333333333,0.3333333333333333,0.3333333333333333,-266.9515095831516,0.1506653887753562,1.0,0.0,inventory_sensor_noise
inventory,random,17,347,1.0,0.987397731403992,1.0,0.006239244852408865,2,high_restock,0.3333333333333333,0.3333333333333333,0.3333333333333333,-267.1987566129177,0.07676031067208437,1.0,0.0,inventory_sensor_noise
inventory,random,17,348,0.9283582255392533,1.0,1.0,-0.018271656249437242,1,balanced_restock,0.3333333333333333,0.3333333333333333,0.3333333333333333,-266.683183558461,0.12732492760190367,1.0,0.0,inventory_sensor_noise
inventory,random,17,349,0.9921300330568357,0.9349688205880042,0.9686015429486909,0.06497422265067618,2,high_restock,0.3333333333333333,0.3333333333333333,0.3333333333333333,-266.67414830854153,0.10084101759768012,1.0,0.0,inventory_sensor_noise
inventory,random,17,350,0.9419975645515455,0.9857350901649161,0.9347414950514125,0.0022691234852970058,0,low_restock,0.3333333333333333,0.3333333333333333,0.3333333333333333,-268.3582534860015,0.09533770304020298,1.0,0.0,inventory_sensor_noise
inventory,random,17,351,1.0,1.0,0.9709954151422366,-0.06259350619061774,0,low_restock,0.3333333333333333,0.3333333333333333,0.3333333333333333,-271.48517597445857,0.2889669833488541,1.0,0.0,inventory_sensor_noise
inventory,random,17,352,1.0,1.0,1.0,0.22491414853002745,2,high_restock,0.3333333333333333,0.3333333333333333,0.3333333333333333,-269.65870246773153,0.15115942090889045,1.0,0.0,inventory_sensor_noise
inventory,random,17,353,1.0,0.9553680259623081,0.9767298154450201,0.08238114907450812,2,high_restock,0.3333333333333333,0.3333333333333333,0.3333333333333333,-268.02274957763024,0.1722614924587155,1.0,0.0,inventory_sensor_noise
inventory,random,17,354,0.9218946798268133,0.9860774019702494,0.8662677614600544,-0.019739610809922162,1,balanced_restock,0.3333333333333333,0.3333333333333333,0.3333333333333333,-268.8229934709293,0.18749201577362024,1.0,0.0,inventory_sensor_noise
inventory,random,17,355,1.0,1.0,1.0,0.08502042249809331,2,high_restock,0.3333333333333333,0.3333333333333333,0.3333333333333333,-268.7126488142645,0.2290512358265959,1.0,0.0,inventory_sensor_noise
inventory,random,17,356,0.9409740903136957,1.0,1.0,-0.13629476138994245,0,low_restock,0.3333333333333333,0.3333333333333333,0.3333333333333333,-269.53397874693724,0.24858298887069402,1.0,0.0,inventory_sensor_noise
inventory,random,17,357,0.9075332039271089,1.0,1.0,0.11002862254582395,0,low_restock,0.3333333333333333,0.3333333333333333,0.3333333333333333,-271.5293914992439,0.13795153272649557,1.0,0.0,inventory_sensor_noise
inventory,random,17,358,1.0,0.9168754500999121,0.9413223923864337,0.12133192181019332,1,balanced_restock,0.3333333333333333,0.3333333333333333,0.3333333333333333,-270.64076813622074,0.09808417953079268,1.0,0.0,inventory_sensor_noise
inventory,random,17,359,1.0,0.8566244854798494,0.9856495558996248,0.057885644445358625,2,high_restock,0.3333333333333333,0.3333333333333333,0.3333333333333333,-269.2514228111752,0.1546221314358907,1.0,0.0,inventory_sensor_noise
inventory,random,17,360,0.9997890638898093,1.0,1.0,0.0018010153038606708,2,high_restock,0.3333333333333333,0.3333333333333333,0.3333333333333333,-265.8334285215667,0.0991083367782224,1.0,0.0,inventory_sensor_noise
inventory,random,17,361,0.9151927684398646,1.0,1.0,-0.04983162180767206,2,high_restock,0.3333333333333333,0.3333333333333333,0.3333333333333333,-262.4032631580146,0.11798975746642812,1.0,0.0,inventory_sensor_noise
inventory,random,17,362,1.0,1.0,1.0,0.03220078850734984,0,low_restock,0.3333333333333333,0.3333333333333333,0.3333333333333333,-264.3782745191162,0.09353655545289925,1.0,0.0,inventory_sensor_noise
inventory,random,17,363,1.0,0.9298170604202257,1.0,-0.029633200511110295,2,high_restock,0.3333333333333333,0.3333333333333333,0.3333333333333333,-260.60979086829053,0.09188509690672451,1.0,0.0,inventory_sensor_noise
inventory,random,17,364,0.9428165560079487,1.0,1.0,-0.04535833194801212,1,balanced_restock,0.3333333333333333,0.3333333333333333,0.3333333333333333,-260.63875094878154,0.12133175691891479,1.0,0.0,inventory_sensor_noise
inventory,random,17,365,1.0,1.0,1.0,-0.15236977512227529,2,high_restock,0.3333333333333333,0.3333333333333333,0.3333333333333333,-257.1143044835852,0.16789624478007614,1.0,0.0,inventory_sensor_noise
inventory,random,17,366,0.9216572199532502,0.8864609148573354,1.0,-0.05665961907410773,2,high_restock,0.3333333333333333,0.3333333333333333,0.3333333333333333,-255.38887693489477,0.13885397060804647,1.0,0.0,inventory_sensor_noise
inventory,random,17,367,1.0,1.0,1.0,-0.07252499373509722,2,high_restock,0.3333333333333333,0.3333333333333333,0.3333333333333333,-251.1409246301869,0.22429939724349557,1.0,0.0,inventory_sensor_noise
inventory,random,17,368,0.9958907474013079,1.0,0.8554859428527668,0.09896559181910107,0,low_restock,0.3333333333333333,0.3333333333333333,0.3333333333333333,-250.70291209700414,0.1634291088556133,1.0,0.0,inventory_sensor_noise
inventory,random,17,369,1.0,1.0,1.0,0.022756176710032987,1,balanced_restock,0.3333333333333333,0.3333333333333333,0.3333333333333333,-249.7956740246838,0.08584481743982905,1.0,0.0,inventory_sensor_noise
inventory,random,17,370,1.0,1.0,0.9161847663622209,0.004199795286865323,1,balanced_restock,0.3333333333333333,0.3333333333333333,0.3333333333333333,-248.2959277663031,0.14858635658782532,1.0,0.0,inventory_sensor_noise
inventory,random,17,371,0.9960250995059787,1.0,1.0,-0.1184261079324444,0,low_restock,0.3333333333333333,0.3333333333333333,0.3333333333333333,-249.7366352744251,0.19962200010073258,1.0,0.0,inventory_sensor_noise
inventory,random,17,372,1.0,0.9446365454598008,1.0,0.07332380990757657,2,high_restock,0.3333333333333333,0.3333333333333333,0.3333333333333333,-246.66834077018962,0.0883863932187802,1.0,0.0,inventory_sensor_noise
inventory,random,17,373,1.0,0.8653776533321252,1.0,0.11244135743957713,2,high_restock,0.3333333333333333,0.3333333333333333,0.3333333333333333,-243.4462261380623,0.14939980269154066,1.0,0.0,inventory_sensor_noise
inventory,random,17,374,0.9357914641192376,1.0,1.0,0.1210662482768388,1,balanced_restock,0.3333333333333333,0.3333333333333333,0.3333333333333333,-241.4107936476201,0.24212932597893502,1.0,0.0,inventory_sensor_noise
inventory,random,17,375,1.0,0.8143640283875749,0.9140495051033802,0.008568813241193263,0,low_restock,0.3333333333333333,0.3333333333333333,0.3333333333333333,-241.83656652787903,0.20434672894707095,1.0,0.0,inventory_sensor_noise
inventory,random,17,376,0.9742583338271573,0.9662515379423372,1.0,-0.09457016640419469,2,high_restock,0.3333333333333333,0.3333333333333333,0.3333333333333333,-238.53262126224837,0.43108114623014687,1.0,0.0,inventory_sensor_noise
inventory,random,17,377,1.0,1.0,0.5849025113465817,0.013704657447478815,2,high_restock,0.3333333333333333,0.3333333333333333,0.3333333333333333,-236.32597978357583,0.42500248680705616,1.0,0.0,inventory_sensor_noise
inventory,random,17,378,0.9791770428141898,0.944636666452083,1.0,-0.05573952487406061,0,low_restock,0.3333333333333333,0.3333333333333333,0.3333333333333333,-239.2944575735547,0.1097426002051982,1.0,0.0,inventory_sensor_noise
inventory,random,17,379,1.0,0.9273747305965011,0.9194341283092922,0.013693958713255277,0,low_restock,0.3333333333333333,0.3333333333333333,0.3333333333333333,-241.84261214957658,0.10380401810691813,1.0,0.0,inventory_sensor_noise
inventory,random,17,380,1.0,0.9872117479839585,1.0,-0.012838019050019547,0,low_restock,0.3333333333333333,0.3333333333333333,0.3333333333333333,-243.9528213522828,0.07241869583529495,1.0,0.0,inventory_sensor_noise
inventory,random,17,381,1.0,1.0,1.0,0.05844261027421675,2,high_restock,0.3333333333333333,0.3333333333333333,0.3333333333333333,-242.7491646279018,0.05604157952575493,1.0,0.0,inventory_sensor_noise
inventory,random,17,382,1.0,1.0,0.9680733613477193,0.012384512396555683,0,low_restock,0.3333333333333333,0.3333333333333333,0.3333333333333333,-246.0113559772289,0.07046416181352336,1.0,0.0,inventory_sensor_noise
inventory,random,17,383,0.9683554787052415,1.0,0.9956814533865326,0.06896733334147141,0,low_restock,0.3333333333333333,0.3333333333333333,0.3333333333333333,-250.0332909280541,0.17454033405630148,1.0,0.0,inventory_sensor_noise
inventory,random,17,384,0.954838829853436,1.0,0.8722812010161743,-0.053727434807925224,0,low_restock,0.3333333333333333,0.3333333333333333,0.3333333333333333,-251.96010188905302,0.0669220291539158,1.0,0.0,inventory_sensor_noise
inventory,random,17,385,1.0,1.0,0.8252134225101029,-0.03877247163264275,2,high_restock,0.3333333333333333,0.3333333333333333,0.3333333333333333,-251.6511122019533,0.10966952793342462,1.0,0.0,inventory_sensor_noise
inventory,random,17,386,0.9817628653117387,0.9385339801188086,0.8718115018439637,-0.11457062251947255,0,low_restock,0.3333333333333333,0.3333333333333333,0.3333333333333333,-253.86993208026942,0.20904167747400912,1.0,0.0,inventory_sensor_noise
inventory,random,17,387,1.0,0.9589331647463968,1.0,0.048271055335244124,0,low_restock,0.3333333333333333,0.3333333333333333,0.3333333333333333,-258.2164468320655,0.1633835527477778,1.0,0.0,inventory_sensor_noise
inventory,random,17,388,0.9291404615987024,1.0,1.0,-0.09310300935943154,0,low_restock,0.3333333333333333,0.3333333333333333,0.3333333333333333,-261.95982936644566,0.09056911938081438,1.0,0.0,inventory_sensor_noise
inventory,random,17,389,1.0,0.9986525239073706,1.0,-0.03671262444186747,0,low_restock,0.3333333333333333,0.3333333333333333,0.3333333333333333,-265.26619985357985,0.14469578561080754,1.0,0.0,inventory_sensor_noise
inventory,random,17,390,0.9548859485263391,0.9947082843446169,0.9187513325580031,0.07412369517553978,1,balanced_restock,0.3333333333333333,0.3333333333333333,0.3333333333333333,-266.779428490693,0.08459237126012774,1.0,0.0,inventory_sensor_noise
inventory,random,17,391,1.0,0.9940841413753637,0.970047902558671,0.024235179595662352,1,balanced_restock,0.3333333333333333,0.3333333333333333,0.3333333333333333,-268.27123243036493,0.12336597622830439,1.0,0.0,inventory_sensor_noise
inventory,random,17,392,0.9980384444570378,0.9554999366440746,1.0,0.1375023301501525,1,balanced_restock,0.3333333333333333,0.3333333333333333,0.3333333333333333,-267.6971225694241,0.13800013681600193,1.0,0.0,inventory_sensor_noise
inventory,random,17,393,1.0,1.0,0.9696161062135502,0.26453285176121843,2,high_restock,0.3333333333333333,0.3333333333333333,0.3333333333333333,-265.7580970168165,0.2569884436467232,1.0,0.0,inventory_sensor_noise
inventory,random,17,394,1.0,1.0,0.9320014397102303,0.010312087401166506,2,high_restock,0.3333333333333333,0.3333333333333333,0.3333333333333333,-262.68441995353464,0.09126653189315216,1.0,0.0,inventory_sensor_noise
inventory,random,17,395,0.9580437137994752,0.9465542679082349,0.9928828839877696,0.012812758495005974,2,high_restock,0.3333333333333333,0.3333333333333333,0.3333333333333333,-259.7626553645376,0.16817887764906708,1.0,0.0,inventory_sensor_noise
inventory,random,17,396,1.0,1.0,0.8413376860732324,0.03929693576707857,1,balanced_restock,0.3333333333333333,0.3333333333333333,0.3333333333333333,-260.75239142891456,0.07577733634220614,1.0,0.0,inventory_sensor_noise
inventory,random,17,397,0.9311733641766814,0.9837810496462284,0.8681587212980074,0.034534937945010245,2,high_restock,0.3333333333333333,0.3333333333333333,0.3333333333333333,-258.8326509254956,0.14449563991413653,1.0,0.0,inventory_sensor_noise
inventory,random,17,398,1.0,0.9742973366636424,0.9593349821833211,-0.05343569803357766,2,high_restock,0.3333333333333333,0.3333333333333333,0.3333333333333333,-255.52385322245905,0.06711803740982328,1.0,0.0,inventory_sensor_noise
inventory,random,17,399,1.0,0.9446182224555832,0.8999909336551071,-0.06354831539271837,0,low_restock,0.3333333333333333,0.3333333333333333,0.3333333333333333,-256.1621237783244,0.1255484437757343,1.0,0.0,inventory_sensor_noise
inventory,random,17,400,1.0,0.9693891772743016,0.9901064954984695,0.020284834646707214,0,low_restock,0.3333333333333333,0.3333333333333333,0.3333333333333333,-257.36555168993016,0.06562298431523739,1.0,0.0,inventory_sensor_noise
inventory,random,17,401,1.0,1.0,0.9519000636914605,-0.023414389271688995,0,low_restock,0.3333333333333333,0.3333333333333333,0.3333333333333333,-257.5088188206239,734.2698037075677,0.0,0.0,none
inventory,random,17,402,735.225196630354,9.049387080976775,1.795753875036348,0.0,0,low_restock,0.3333333333333333,0.3333333333333333,0.3333333333333333,-259.5920976294742,5.952254348778855,0.0,0.0,none
inventory,random,17,403,741.1774217984978,9.03968383084494,1.7798407606371203,0.0,1,balanced_restock,0.3333333333333333,0.3333333333333333,0.3333333333333333,-258.4631083378729,3.7404581540756197,0.0,0.0,none
inventory,random,17,404,737.4374523939225,8.982431494522178,1.7992887738319399,0.0,0,low_restock,0.3333333333333333,0.3333333333333333,0.3333333333333333,-258.114216172847,0.9524097019470461,0.0,0.0,none
inventory,random,17,405,736.9549033509915,8.315481368298617,2.2782545248617603,0.0,2,high_restock,0.3333333333333333,0.3333333333333333,0.3333333333333333,-255.3661755346619,8.880388706620952,0.0,0.0,none
inventory,random,17,406,728.0747872418912,8.251785054132444,2.2502500762874402,0.0,0,low_restock,0.3333333333333333,0.3333333333333333,0.3333333333333333,-255.8225739541842,2.371820115755343,0.0,0.0,none
inventory,random,17,407,730.4073541548121,8.636431504891618,2.0586531917443773,0.0,1,balanced_restock,0.3333333333333333,0.3333333333333333,0.3333333333333333,-255.7325430212628,0.8166128585710847,0.0,0.0,none
inventory,random,17,408,729.635837203608,8.491683081022071,1.8335619911705852,0.0,0,low_restock,0.3333333333333333,0.3333333333333333,0.3333333333333333,-256.04725541681483,1.4245152341474931,0.0,0.0,none
inventory,random,17,409,731.0493011908995,8.322369759395412,1.885487014695555,0.0,2,high_restock,0.3333333333333333,0.3333333333333333,0.3333333333333333,-252.7215870618356,10.54865517034777,0.0,0.0,none
inventory,random,17,410,720.5188201766732,8.712783365136358,1.4052030066586343,0.0,0,low_restock,0.3333333333333333,0.3333333333333333,0.3333333333333333,-253.72639210241223,3.90333054306218,0.0,0.0,none
inventory,random,17,411,724.4182631497492,8.86869518157162,1.4828260291841595,0.0,2,high_restock,0.3333333333333333,0.3333333333333333,0.3333333333333333,-251.11396840109043,8.495895253607982,0.0,0.0,none
inventory,random,17,412,715.9256240031156,9.103653969660702,1.4722973424897248,0.0,0,low_restock,0.3333333333333333,0.3333333333333333,0.3333333333333333,-251.36103860414124,1.9121241167610294,0.0,0.0,none
inventory,random,17,413,717.6601102975465,8.40485461878768,1.072978673316877,0.0,2,high_restock,0.3333333333333333,0.3333333333333333,0.3333333333333333,-249.98846128745362,5.1608467754290634,0.0,0.0,none
inventory,random,17,414,712.7098893927247,9.53211764036504,1.9997637147943015,0.0,0,low_restock,0.3333333333333333,0.3333333333333333,0.3333333333333333,-252.6328766279318,8.715291272920245,0.0,0.0,none
inventory,random,17,415,721.2939332226623,10.95502260919783,2.4955811683197946,0.0,1,balanced_restock,0.3333333333333333,0.3333333333333333,0.3333333333333333,-253.79410758895241,2.9888311441733855,0.0,0.0,none
inventory,random,17,416,724.0974502541497,11.935837420880125,2.8293567931416717,0.0,0,low_restock,0.3333333333333333,0.3333333333333333,0.3333333333333333,-256.38320202165335,7.963508764702962,0.0,0.0,none
inventory,random,17,417,732.0091486332952,12.816704926035948,2.613548912636657,0.0,1,balanced_restock,0.3333333333333333,0.3333333333333333,0.3333333333333333,-256.8760057493294,2.289553519198713,0.0,0.0,none
inventory,random,17,418,732.9028735695126,13.848552654393256,0.7754517114140689,0.0,1,balanced_restock,0.3333333333333333,0.3333333333333333,0.3333333333333333,-258.23943178953806,3.942915049604556,0.0,0.0,none
inventory,random,17,419,736.7983765415373,14.417697429762532,0.9938776897561005,0.0,1,balanced_restock,0.3333333333333333,0.3333333333333333,0.3333333333333333,-258.12128650650544,0.8255241609747395,0.0,0.0,none
inventory,random,17,420,736.4608185900156,13.833377073470661,1.4693926642211022,0.0,1,balanced_restock,0.3333333333333333,0.3333333333333333,0.3333333333333333,-257.8109611923004,1.1773626957816208,0.0,0.0,none
inventory,random,17,421,735.574174835144,13.095344916198854,1.7046676186853535,0.0,2,high_restock,0.3333333333333333,0.3333333333333333,0.3333333333333333,-255.9765728073938,5.765120494601335,0.0,0.0,none
inventory,random,17,422,729.8187794496966,12.761926163280275,1.6751683026707085,0.0,0,low_restock,0.3333333333333333,0.3333333333333333,0.3333333333333333,-258.78771164460517,9.07395316453398,0.0,0.0,none
inventory,random,17,423,738.8791761274434,13.195260511586156,1.9161235196917326,0.0,2,high_restock,0.3333333333333333,0.3333333333333333,0.3333333333333333,-257.2625454083582,5.454436913262784,0.0,0.0,none
inventory,random,17,424,733.4929868810234,12.538922067897223,1.3601853128298067,0.0,1,balanced_restock,0.3333333333333333,0.3333333333333333,0.3333333333333333,-257.95242107084863,2.550684288016489,0.0,0.0,none
inventory,random,17,425,735.9783459167104,13.10350546533898,1.4613109188665794,0.0,0,low_restock,0.3333333333333333,0.3333333333333333,0.3333333333333333,-261.7861480025266,11.545622063383796,0.0,0.0,none
inventory,random,17,426,747.4461371500761,14.374392462986412,1.8808336210490608,0.0,0,low_restock,0.3333333333333333,0.3333333333333333,0.3333333333333333,-265.21410922273645,9.824162354378354,0.0,0.0,none
inventory,random,17,427,757.2403120649614,15.084306523052955,1.590444693683206,0.0,1,balanced_restock,0.3333333333333333,0.3333333333333333,0.3333333333333333,-265.48214128221485,0.714942828883818,0.0,0.0,none
inventory,random,17,428,757.4918322348996,14.52253122149125,1.9541607412284134,0.0,2,high_restock,0.3333333333333333,0.3333333333333333,0.3333333333333333,-263.34084879711355,6.64310629177686,0.0,0.0,none
inventory,random,17,429,750.859567991753,14.273316222145946,2.240209857686292,0.0,2,high_restock,0.3333333333333333,0.3333333333333333,0.3333333333333333,-260.57769172306575,7.9613654999015235,0.0,0.0,none
inventory,random,17,430,742.9648334944735,13.397297515552642,2.7778891916631716,0.0,0,low_restock,0.3333333333333333,0.3333333333333333,0.3333333333333333,-261.64501072545886,4.389819606323665,0.0,0.0,none
inventory,random,17,431,747.0428877870254,11.919350127389892,2.102862613752553,0.0,2,high_restock,0.3333333333333333,0.3333333333333333,0.3333333333333333,-259.66866293971634,6.8538735280252405,0.0,0.0,none
inventory,random,17,432,740.3676083991895,11.025459266845647,0.8311761107439775,0.0,2,high_restock,0.3333333333333333,0.3333333333333333,0.3333333333333333,-258.4288839280292,3.65091132101163,0.0,0.0,none
inventory,random,17,433,736.8253826515121,11.466710083322516,1.597392753306916,0.0,1,balanced_restock,0.3333333333333333,0.3333333333333333,0.3333333333333333,-259.2657124758548,3.0322290047226983,0.0,0.0,none
inventory,random,17,434,739.7306070738708,12.17420781642357,2.100911124837477,0.0,2,high_restock,0.3333333333333333,0.3333333333333333,0.3333333333333333,-256.9469974051591,7.141989542961916,0.0,0.0,none
inventory,random,17,435,732.5914211575973,12.325317532624762,1.9697435284998126,0.0,1,balanced_restock,0.3333333333333333,0.3333333333333333,0.3333333333333333,-255.24226572924286,4.435793860029312,0.0,0.0,none
inventory,random,17,436,728.2350449406939,11.838431430733698,2.6488571782355317,0.0,1,balanced_restock,0.3333333333333333,0.3333333333333333,0.3333333333333333,-254.9906586744676,0.7189323039926978,0.0,0.0,none
inventory,random,17,437,727.516167641336,11.829711848429309,2.650605055959583,0.0,0,low_restock,0.3333333333333333,0.3333333333333333,0.3333333333333333,-257.59362429222784,7.952535348574121,0.0,0.0,none
inventory,random,17,438,735.4674979777939,11.728423065256358,2.5562391020949646,0.0,2,high_restock,0.3333333333333333,0.3333333333333333,0.3333333333333333,-253.78566908676814,12.040398300054719,0.0,0.0,none
inventory,random,17,439,723.5590545336233,9.965689491950494,2.7863180244081764,0.0,1,balanced_restock,0.3333333333333333,0.3333333333333333,0.3333333333333333,-253.1375470674501,1.3381299952144308,0.0,0.0,none
inventory,random,17,440,722.2215630498574,9.926028378452019,2.774681400229264,0.0,0,low_restock,0.3333333333333333,0.3333333333333333,0.3333333333333333,-255.5278631251013,7.431720963564458,0.0,0.0,none
inventory,random,17,441,729.5653232145752,11.066055654776246,2.773715675264004,0.0,2,high_restock,0.3333333333333333,0.3333333333333333,0.3333333333333333,-252.30037047467596,10.278363776137208,0.0,0.0,none
inventory,random,17,442,719.3153442133599,10.359835314404764,3.063448690472019,0.0,0,low_restock,0.3333333333333333,0.3333333333333333,0.3333333333333333,-253.26114535067396,3.9080721013901374,0.0,0.0,none
inventory,random,17,443,723.0889867162114,9.524297747683487,2.4850657853524036,0.0,0,low_restock,0.3333333333333333,0.3333333333333333,0.3333333333333333,-255.18229906307644,5.629991802728205,0.0,0.0,none
inventory,random,17,444,728.5779973230756,10.603788557890448,1.8508183200853578,0.0,2,high_restock,0.3333333333333333,0.3333333333333333,0.3333333333333333,-252.8729281392071,7.626993721967867,0.0,0.0,none
inventory,random,17,445,720.9512232548775,10.545932041004002,1.8525990649964035,0.0,2,high_restock,0.3333333333333333,0.3333333333333333,0.3333333333333333,-248.86634886173087,11.527823811718955,0.0,0.0,none
inventory,random,17,446,709.5038538906597,9.187706135216889,1.7919454414392777,0.0,0,low_restock,0.3333333333333333,0.3333333333333333,0.3333333333333333,-250.48949960149764,5.720289473189555,0.0,0.0,none
inventory,random,17,447,715.1699988614218,9.970930929612376,1.8473688014425638,0.0,2,high_restock,0.3333333333333333,0.3333333333333333,0.3333333333333333,-248.16868691745557,7.66030411666475,0.0,0.0,none
inventory,random,17,448,707.5105340498732,10.084309466732346,1.8491764958563282,0.0,1,balanced_restock,0.3333333333333333,0.3333333333333333,0.3333333333333333,-247.73573015045966,0.724614666955754,0.0,0.0,none
inventory,random,17,449,706.7878004298848,10.041960621361818,1.8186952655389677,0.0,2,high_restock,0.3333333333333333,0.3333333333333333,0.3333333333333333,-245.5305943909386,6.816852899725105,0.0,0.0,none
inventory,random,17,450,699.9731268312532,10.204380715275121,1.876374669991277,0.0,1,balanced_restock,0.3333333333333333,0.3333333333333333,0.3333333333333333,-245.85543562455078,2.1686507186276334,0.0,0.0,none
inventory,random,17,451,701.4155303558593,11.582335293039902,1.0256342905422262,0.0,0,low_restock,0.3333333333333333,0.3333333333333333,0.3333333333333333,-247.73458476996794,5.883447958709661,0.0,0.0,none
inventory,random,17,452,707.2988136284798,11.625762953411577,1.0328353504394825,0.0,2,high_restock,0.3333333333333333,0.3333333333333333,0.3333333333333333,-247.1112616475556,3.013311677805777,0.0,0.0,none
inventory,random,17,453,704.4893189930161,12.595756988628569,1.5287171231886474,0.0,2,high_restock,0.3333333333333333,0.3333333333333333,0.3333333333333333,-244.027686851348,8.83453297278999,0.0,0.0,none
inventory,random,17,454,695.6791052895658,12.17826097193618,2.0334986827716537,0.0,2,high_restock,0.3333333333333333,0.3333333333333333,0.3333333333333333,-240.87299885310634,9.031740424362667,0.0,0.0,none
inventory,random,17,455,686.6657110088753,11.738516835524408,2.4045562637134585,0.0,0,low_restock,0.3333333333333333,0.3333333333333333,0.3333333333333333,-242.04080848056387,4.410094209387128,0.0,0.0,none
inventory,random,17,456,691.0308813730396,11.123070203436063,2.280282088832047,0.0,2,high_restock,0.3333333333333333,0.3333333333333333,0.3333333333333333,-240.91614994795825,4.264962375363408,0.0,0.0,none
inventory,random,17,457,686.7889998513093,11.498037244565896,2.51638574601422,0.0,0,low_restock,0.3333333333333333,0.3333333333333333,0.3333333333333333,-243.99793635394335,9.836437836646631,0.0,0.0,none
inventory,random,17,458,696.622675296981,11.626671260792984,2.7107818192158013,0.0,0,low_restock,0.3333333333333333,0.3333333333333333,0.3333333333333333,-248.11211027082828,11.892417420830771,0.0,0.0,none
inventory,random,17,459,708.3774579166522,13.339670525417308,3.2767422373996675,0.0,1,balanced_restock,0.3333333333333333,0.3333333333333333,0.3333333333333333,-247.84912243066572,1.3774480147971724,0.0,0.0,none
inventory,random,17,460,707.1117783733306,13.689213472891065,2.8605234788638216,0.0,1,balanced_restock,0.3333333333333333,0.3333333333333333,0.3333333333333333,-247.47333869699037,1.0866519030138508,0.0,0.0,none
inventory,random,17,461,706.0381105628296,13.801445837958008,2.736210618510845,0.0,0,low_restock,0.3333333333333333,0.3333333333333333,0.3333333333333333,-250.1048100658124,8.032963269786846,0.0,0.0,none
inventory,random,17,462,714.0708859023212,13.856377210202371,2.737546037755582,0.0,2,high_restock,0.3333333333333333,0.3333333333333333,0.3333333333333333,-249.85476108757229,1.7462848940772424,0.0,0.0,none
inventory,random,17,463,712.3278888216352,13.941042704930831,2.8031498639004635,0.0,0,low_restock,0.3333333333333333,0.3333333333333333,0.3333333333333333,-252.34126981723952,8.194864212321354,0.0,0.0,none
inventory,random,17,464,720.4607709063987,13.21666259794929,2.105079728221393,0.0,2,high_restock,0.3333333333333333,0.3333333333333333,0.3333333333333333,-250.96592190120563,4.993693520077128,0.0,0.0,none
inventory,random,17,465,715.5026340034448,13.678171126022843,1.729762125993425,0.0,0,low_restock,0.3333333333333333,0.3333333333333333,0.3333333333333333,-252.77868710440518,6.224301138730529,0.0,0.0,none
inventory,random,17,466,721.7105345840148,13.93448480423704,1.358011745064509,0.0,1,balanced_restock,0.3333333333333333,0.3333333333333333,0.3333333333333333,-254.35895764339048,4.027015900123095,0.0,0.0,none
inventory,random,17,467,725.7113075525442,14.328084330044621,1.5941306291305026,0.0,0,low_restock,0.3333333333333333,0.3333333333333333,0.3333333333333333,-257.2588776636857,8.808696817141774,0.0,0.0,none
inventory,random,17,468,734.5110790391021,14.036638043493406,1.3253919777581442,0.0,0,low_restock,0.3333333333333333,0.3333333333333333,0.3333333333333333,-261.16586219961664,11.190549261771677,0.0,0.0,none
inventory,random,17,469,745.6738919989047,14.642624218501192,1.8281646503477473,0.0,1,balanced_restock,0.3333333333333333,0.3333333333333333,0.3333333333333333,-261.2446094121621,0.4873394286900018,0.0,0.0,none
inventory,random,17,470,745.3845983204632,14.376392863403677,2.116139913057298,0.0,1,balanced_restock,0.3333333333333333,0.3333333333333333,0.3333333333333333,-261.39283760005674,0.4278514634079863,0.0,0.0,none
inventory,random,17,471,745.8081074287335,14.419514568943743,2.0732746769823778,0.0,1,balanced_restock,0.3333333333333333,0.3333333333333333,0.3333333333333333,-262.72850579035315,3.8164690001805037,0.0,0.0,none
inventory,random,17,472,749.6243022581519,14.382598941121554,2.046258206431139,0.0,0,low_restock,0.3333333333333333,0.3333333333333333,0.3333333333333333,-265.07515795339475,7.226000983508081,0.0,0.0,none
inventory,random,17,473,756.8433084382707,14.066445879833713,2.0792313304160213,0.0,0,low_restock,0.3333333333333333,0.3333333333333333,0.3333333333333333,-266.2031949062781,3.5934282642489106,0.0,0.0,none
inventory,random,17,474,760.0662711607946,12.478475832377992,2.1391404942202716,0.0,0,low_restock,0.3333333333333333,0.3333333333333333,0.3333333333333333,-268.47761199870024,6.5003304024012465,0.0,0.0,none
inventory,random,17,475,766.5646057105721,12.636001478021779,2.105538552095405,0.0,1,balanced_restock,0.3333333333333333,0.3333333333333333,0.3333333333333333,-267.8939446941109,2.261993948999589,0.0,0.0,none
inventory,random,17,476,764.3826991260313,12.114918339459546,2.396008248198801,0.0,1,balanced_restock,0.3333333333333333,0.3333333333333333,0.3333333333333333,-265.9963815650878,5.727769793608693,0.0,0.0,none
inventory,random,17,477,758.9610901859651,10.267357585562616,2.3912574345850994,0.0,2,high_restock,0.3333333333333333,0.3333333333333333,0.3333333333333333,-262.110738021956,11.696984320711586,0.0,0.0,none
inventory,random,17,478,747.3449657770171,8.900331467749275,2.263446996698467,0.0,0,low_restock,0.3333333333333333,0.3333333333333333,0.3333333333333333,-262.8974943793717,3.2764645997457316,0.0,0.0,none
inventory,random,17,479,750.6214125124907,8.911028270339205,2.2650722370134764,0.0,0,low_restock,0.3333333333333333,0.3333333333333333,0.3333333333333333,-263.459455676854,2.072742448949303,0.0,0.0,none
inventory,random,17,480,752.2270162195829,7.932482101802146,1.3928650417384214,0.0,0,low_restock,0.3333333333333333,0.3333333333333333,0.3333333333333333,-263.84272551870095,1.27409962873902,0.0,0.0,none
inventory,random,17,481,753.3220729105741,7.3878747569085474,1.0356766497710634,0.0,2,high_restock,0.3333333333333333,0.3333333333333333,0.3333333333333333,-261.6796387153107,7.2795108294909525,0.0,0.0,none
inventory,random,17,482,746.1132534723163,8.230432657270214,1.596298097639782,0.0,0,low_restock,0.3333333333333333,0.3333333333333333,0.3333333333333333,-261.71721746166605,1.156020922837467,0.0,0.0,none
inventory,random,17,483,747.2491927476173,8.38084539412,1.44331984604819,0.0,2,high_restock,0.3333333333333333,0.3333333333333333,0.3333333333333333,-258.86853485769933,9.16820471001746,0.0,0.0,none
inventory,random,17,484,738.0815281648552,8.292023130472863,1.3984388006435278,0.0,0,low_restock,0.3333333333333333,0.3333333333333333,0.3333333333333333,-259.7403569944773,3.540311206516722,0.0,0.0,none
inventory,random,17,485,741.6010199842209,8.674800752927563,1.4199344781984915,0.0,1,balanced_restock,0.3333333333333333,0.3333333333333333,0.3333333333333333,-257.7551411812316,6.200829395479042,0.0,0.0,none
inventory,random,17,486,735.4146890892331,8.418523235731778,1.7574505277966324,0.0,1,balanced_restock,0.3333333333333333,0.3333333333333333,0.3333333333333333,-257.94538567005213,0.83764953063712,0.0,0.0,none
inventory,random,17,487,735.9582447715776,8.768998259852252,2.289776756565553,0.0,0,low_restock,0.3333333333333333,0.3333333333333333,0.3333333333333333,-258.69798889216435,2.685752036901377,0.0,0.0,none
inventory,random,17,488,738.6228254061839,9.074726531713313,2.1490491146970956,0.0,2,high_restock,0.3333333333333333,0.3333333333333333,0.3333333333333333,-255.6527165117642,9.7300284575929,0.0,0.0,none
inventory,random,17,489,728.8934757478978,8.962389516608535,2.1733268290358816,0.0,1,balanced_restock,0.3333333333333333,0.3333333333333333,0.3333333333333333,-255.3239266933485,0.6408189376596729,0.0,0.0,none
inventory,random,17,490,728.4683619809957,9.373468399354982,2.4201898441141303,0.0,1,balanced_restock,0.3333333333333333,0.3333333333333333,0.3333333333333333,-254.50537844820295,2.5774860171613,0.0,0.0,none
inventory,random,17,491,726.1296527091513,10.142992723983646,1.6574936895049148,0.0,2,high_restock,0.3333333333333333,0.3333333333333333,0.3333333333333333,-251.43472714331062,9.330829145596525,0.0,0.0,none
inventory,random,17,492,716.8420775523161,9.376766556147723,1.1903559045038896,0.0,1,balanced_restock,0.3333333333333333,0.3333333333333333,0.3333333333333333,-250.5020304794234,2.1641200934450424,0.0,0.0,none
inventory,random,17,493,714.6915156554954,9.613738049862334,1.1419429107710317,0.0,0,low_restock,0.3333333333333333,0.3333333333333333,0.3333333333333333,-251.62457021953975,3.738957895904913,0.0,0.0,none
inventory,random,17,494,718.4130577701136,9.903916404443178,0.9281042823480041,0.0,0,low_restock,0.3333333333333333,0.3333333333333333,0.3333333333333333,-253.95381877688598,6.670643127757073,0.0,0.0,none
inventory,random,17,495,725.0680536482457,10.119938333450014,1.3304028358194637,0.0,1,balanced_restock,0.3333333333333333,0.3333333333333333,0.3333333333333333,-254.41454554171622,1.0723043221255475,0.0,0.0,none
inventory,random,17,496,725.8701301191892,10.74809548200759,1.6649599919587796,0.0,2,high_restock,0.3333333333333333,0.3333333333333333,0.3333333333333333,-252.557128307686,5.86983458185016,0.0,0.0,none
inventory,random,17,497,720.0489380219601,11.441372093928795,1.3682309492196476,0.0,2,high_restock,0.3333333333333333,0.3333333333333333,0.3333333333333333,-250.50628527722083,5.882705416285793,0.0,0.0,none
inventory,random,17,498,714.1893865063453,11.89957417016997,1.119373745220416,0.0,2,high_restock,0.3333333333333333,0.3333333333333333,0.3333333333333333,-250.3892669973398,1.8991718171831107,0.0,0.0,none
inventory,random,17,499,713.8550485638281,13.488398158742891,2.1046199401946435,0.0,1,balanced_restock,0.3333333333333333,0.3333333333333333,0.3333333333333333,-251.4673841893805,3.6435848033999347,0.0,0.0,none
inventory,random,17,500,717.4496691125157,14.076323092854011,2.1982020024171613,0.0,1,balanced_restock,0.3333333333333333,0.3333333333333333,0.3333333333333333,-252.81284374653123,3.8920524059105777,0.0,0.0,none
inventory,random,17,501,721.2938392758035,14.684741831322867,2.1822544407811204,0.0,0,low_restock,0.3333333333333333,0.3333333333333333,0.3333333333333333,-254.37759441966176,5.000033335451882,0.0,0.0,none
inventory,random,17,502,726.2788411990336,14.445980635414713,2.4873483154336506,0.0,2,high_restock,0.3333333333333333,0.3333333333333333,0.3333333333333333,-254.78372674850644,1.206282333880753,0.0,0.0,none
inventory,random,17,503,726.4106478528756,15.644252269306069,2.5308128578460454,0.0,2,high_restock,0.3333333333333333,0.3333333333333333,0.3333333333333333,-252.25201546714203,7.373419056966412,0.0,0.0,none
inventory,random,17,504,719.1771870489773,14.26442769702985,2.9055628249507968,0.0,0,low_restock,0.3333333333333333,0.3333333333333333,0.3333333333333333,-255.50098038855563,10.31262492369672,0.0,0.0,none
inventory,random,17,505,729.4885153958733,14.407769256671504,2.984263121204241,0.0,1,balanced_restock,0.3333333333333333,0.3333333333333333,0.3333333333333333,-256.752130092785,3.065018297173765,0.0,0.0,none
inventory,random,17,506,732.5489431222429,14.251020769287887,2.9246879134346604,0.0,1,balanced_restock,0.3333333333333333,0.3333333333333333,0.3333333333333333,-256.99659975907457,0.8412141141484508,0.0,0.0,none
inventory,random,17,507,733.2474278830703,14.593717336807334,2.6048140518189853,0.0,0,low_restock,0.3333333333333333,0.3333333333333333,0.3333333333333333,-258.78840224912227,5.8050534011047645,0.0,0.0,none
inventory,random,17,508,738.8811492832065,13.294100286066174,2.084406810566382,0.0,1,balanced_restock,0.3333333333333333,0.3333333333333333,0.3333333333333333,-259.2472833935726,0.9664407193572591,0.0,0.0,none
inventory,random,17,509,739.6779525530646,13.700153100817479,1.7180281474217596,0.0,2,high_restock,0.3333333333333333,0.3333333333333333,0.3333333333333333,-257.54405774199444,5.462839583529285,0.0,0.0,none
inventory,random,17,510,734.2973078342699,12.961758487679338,1.129766198313247,0.0,0,low_restock,0.3333333333333333,0.3333333333333333,0.3333333333333333,-260.0590313553861,8.22160545640993,0.0,0.0,none
inventory,random,17,511,742.511518158246,12.792515007200613,0.8249684314749293,0.0,1,balanced_restock,0.3333333333333333,0.3333333333333333,0.3333333333333333,-258.6441010881129,4.904177669691034,0.0,0.0,none
inventory,random,17,512,737.9545745374654,11.741429330879026,2.301600529851258,0.0,1,balanced_restock,0.3333333333333333,0.3333333333333333,0.3333333333333333,-256.98084492061486,4.872668401777807,0.0,0.0,none
inventory,random,17,513,733.2024140588995,10.864252955138616,2.9264443067133414,0.0,0,low_restock,0.3333333333333333,0.3333333333333333,0.3333333333333333,-258.59171064271106,5.129929713246455,0.0,0.0,none
inventory,random,17,514,738.3191732648888,10.52824414236484,2.777944581087329,0.0,1,balanced_restock,0.3333333333333333,0.3333333333333333,0.3333333333333333,-257.38281159014986,4.073880948603382,0.0,0.0,none
inventory,random,17,515,734.350890257571,9.61071648466024,2.692043739571033,0.0,0,low_restock,0.3333333333333333,0.3333333333333333,0.3333333333333333,-258.6375636117639,4.336253238477879,0.0,0.0,none
inventory,random,17,516,738.4501817478969,8.7877327179302,1.5424354822717667,0.0,2,high_restock,0.3333333333333333,0.3333333333333333,0.3333333333333333,-255.5997308607703,9.710257848121051,0.0,0.0,none
inventory,random,17,517,728.7420881736296,8.957502727232846,1.4275234541475947,0.0,0,low_restock,0.3333333333333333,0.3333333333333333,0.3333333333333333,-255.0123257438463,0.9321825074305351,0.0,0.0,none
inventory,random,17,518,728.0923592681323,8.577989041846566,1.9777833374076579,0.0,1,balanced_restock,0.3333333333333333,0.3333333333333333,0.3333333333333333,-255.0507503202981,0.43494974841696066,0.0,0.0,none
inventory,random,17,519,727.6878580579946,8.673736958621149,2.105816110862088,0.0,0,low_restock,0.3333333333333333,0.3333333333333333,0.3333333333333333,-255.04982094897736,0.6198691918152541,0.0,0.0,none
inventory,random,17,520,728.1994884256496,8.369719633615706,2.279152915815405,0.0,2,high_restock,0.3333333333333333,0.3333333333333333,0.3333333333333333,-251.83271997218057,10.232215967673065,0.0,0.0,none
inventory,random,17,521,717.979199920516,7.905803634523808,2.1096582943002318,0.0,0,low_restock,0.3333333333333333,0.3333333333333333,0.3333333333333333,-253.3043477117989,5.281211543176235,0.0,0.0,none
inventory,random,17,522,723.2124220337112,8.494066772016321,2.5078142421523597,0.0,2,high_restock,0.3333333333333333,0.3333333333333333,0.3333333333333333,-251.86069177031092,5.367699302016215,0.0,0.0,none
inventory,random,17,523,718.0591193437456,9.993352015122667,2.4194347068380946,0.0,2,high_restock,0.3333333333333333,0.3333333333333333,0.3333333333333333,-250.00704305658027,5.303854165076534,0.0,0.0,none
inventory,random,17,524,712.762980161658,10.215024420732703,2.600100456075163,0.0,2,high_restock,0.3333333333333333,0.3333333333333333,0.3333333333333333,-248.49039171474206,4.592300965992354,0.0,0.0,none
inventory,random,17,525,708.4296906135488,11.646040437579865,2.086268757920062,0.0,0,low_restock,0.3333333333333333,0.3333333333333333,0.3333333333333333,-249.25474148800492,3.266226198712106,0.0,0.0,none
inventory,random,17,526,711.642118537157,11.932583723328227,1.5700969239651907,0.0,2,high_restock,0.3333333333333333,0.3333333333333333,0.3333333333333333,-246.46053293379506,9.032276780385775,0.0,0.0,none
inventory,random,17,527,702.6300940965574,11.483534412569265,1.9748116828245506,0.0,0,low_restock,0.3333333333333333,0.3333333333333333,0.3333333333333333,-247.94752280620395,5.2878173045763885,0.0,0.0,none
inventory,random,17,528,707.9072080177256,11.169617734796002,1.8542429098920803,0.0,0,low_restock,0.3333333333333333,0.3333333333333333,0.3333333333333333,-251.00269750098857,8.750353519069721,0.0,0.0,none
inventory,random,17,529,716.6362785742531,11.57465968251903,2.3102636862224655,0.0,2,high_restock,0.3333333333333333,0.3333333333333333,0.3333333333333333,-249.89115116747183,4.204564414564903,0.0,0.0,none
inventory,random,17,530,712.431860478491,11.600433972988457,2.334056084263652,0.0,1,balanced_restock,0.3333333333333333,0.3333333333333333,0.3333333333333333,-250.43970943044903,2.3060993303710906,0.0,0.0,none
inventory,random,17,531,714.5134555155687,12.574267395682368,2.1424714084784435,0.0,0,low_restock,0.3333333333333333,0.3333333333333333,0.3333333333333333,-253.47245801511818,9.295657932188584,0.0,0.0,none
inventory,random,17,532,723.692737186052,13.81252861789893,1.3571348234752318,0.0,2,high_restock,0.3333333333333333,0.3333333333333333,0.3333333333333333,-251.6151167672124,6.337361500388417,0.0,0.0,none
inventory,random,17,533,717.3574764777499,13.890053692004875,1.2135646060441019,0.0,2,high_restock,0.3333333333333333,0.3333333333333333,0.3333333333333333,-250.50399825636725,3.1747129521179462,0.0,0.0,none
inventory,random,17,534,714.1828521610494,13.909314717359262,1.2274133988328646,0.0,1,balanced_restock,0.3333333333333333,0.3333333333333333,0.3333333333333333,-251.02384718688234,1.9999848097362014,0.0,0.0,none
inventory,random,17,535,716.1824205339495,13.950112011091715,1.226344709439461,0.0,1,balanced_restock,0.3333333333333333,0.3333333333333333,0.3333333333333333,-253.06884591375734,5.940536466494873,0.0,0.0,none
inventory,random,17,536,722.0252740393067,14.702363704747608,1.9912981812809454,0.0,2,high_restock,0.3333333333333333,0.3333333333333333,0.3333333333333333,-251.64481980901607,4.596637344104531,0.0,0.0,none
inventory,random,17,537,717.4423423114746,14.34992102508454,2.0312457568985787,0.0,0,low_restock,0.3333333333333333,0.3333333333333333,0.3333333333333333,-254.55839426396324,9.395492123728369,0.0,0.0,none
inventory,random,17,538,726.7954121827521,15.087587141000478,1.5300422737980022,0.0,2,high_restock,0.3333333333333333,0.3333333333333333,0.3333333333333333,-254.2301309282866,1.9815571176761093,0.0,0.0,none
inventory,random,17,539,724.8289455093903,15.329218669668233,1.5645623769850925,0.0,0,low_restock,0.3333333333333333,0.3333333333333333,0.3333333333333333,-257.54999759327274,10.526475910260736,0.0,0.0,none
inventory,random,17,540,735.3428502664935,15.832085946508837,1.4567368246095482,0.0,1,balanced_restock,0.3333333333333333,0.3333333333333333,0.3333333333333333,-259.4726465178573,4.98654835536162,0.0,0.0,none
inventory,random,17,541,740.321847193878,15.659314630914292,1.24365428200463,0.0,1,balanced_restock,0.3333333333333333,0.3333333333333333,0.3333333333333333,-261.01352397940644,4.497686129471165,0.0,0.0,none
inventory,random,17,542,744.7243542268756,16.25640238308022,0.5432268697353415,0.0,2,high_restock,0.3333333333333333,0.3333333333333333,0.3333333333333333,-258.79957321427605,7.075947165242715,0.0,0.0,none
inventory,random,17,543,737.8844948979316,15.417816543035922,2.150126503950964,0.0,0,low_restock,0.3333333333333333,0.3333333333333333,0.3333333333333333,-262.4409282338206,11.43682158730362,0.0,0.0,none
inventory,random,17,544,749.3169378109161,15.697598460305162,2.297974871998826,0.0,1,balanced_restock,0.3333333333333333,0.3333333333333333,0.3333333333333333,-261.772321106435,2.9591627737309008,0.0,0.0,none
inventory,random,17,545,746.8923460183858,14.30989915037845,3.273828132616502,0.0,0,low_restock,0.3333333333333333,0.3333333333333333,0.3333333333333333,-264.6235634826321,8.676894394323945,0.0,0.0,none
inventory,random,17,546,755.5530385218061,13.846238265585615,3.0170786917958115,0.0,2,high_restock,0.3333333333333333,0.3333333333333333,0.3333333333333333,-262.4453604024554,7.340519280168309,0.0,0.0,none
inventory,random,17,547,748.301029721301,12.715335098885092,2.9046078623961953,0.0,0,low_restock,0.3333333333333333,0.3333333333333333,0.3333333333333333,-263.00344109662336,2.704334390781646,0.0,0.0,none
inventory,random,17,548,750.924117418924,12.207924504198477,3.323379776620598,0.0,1,balanced_restock,0.3333333333333333,0.3333333333333333,0.3333333333333333,-262.56190377482085,2.607126191981583,0.0,0.0,none
inventory,random,17,549,749.1482964994881,10.766271737714408,2.0722985067187967,0.0,2,high_restock,0.3333333333333333,0.3333333333333333,0.3333333333333333,-259.1583167042168,10.24999943472614,0.0,0.0,none
inventory,random,17,550,738.9094762977622,10.403426055875295,2.384375900625589,0.0,0,low_restock,0.3333333333333333,0.3333333333333333,0.3333333333333333,-259.5315386661887,2.748449067410547,0.0,0.0,none
inventory,random,17,551,741.0043961891105,9.090271533460868,1.1839975747441536,0.0,0,low_restock,0.3333333333333333,0.3333333333333333,0.3333333333333333,-262.2408067489455,7.829462465562486,0.0,0.0,none
inventory,random,17,552,748.7451621398443,9.688826483708656,2.1953120496458265,0.0,2,high_restock,0.3333333333333333,0.3333333333333333,0.3333333333333333,-260.5562055659412,5.88536751544871,0.0,0.0,none
inventory,random,17,553,742.9034444741176,10.395865411038708,2.3047719102124162,0.0,0,low_restock,0.3333333333333333,0.3333333333333333,0.3333333333333333,-261.0162223619848,2.3774265695202805,0.0,0.0,none
inventory,random,17,554,745.2463496056708,10.019610621236533,2.4510079220332495,0.0,0,low_restock,0.3333333333333333,0.3333333333333333,0.3333333333333333,-262.1107633515578,3.1454676565668227,0.0,0.0,none
inventory,random,17,555,748.3736095758794,10.292826655623436,2.2520987573550775,0.0,0,low_restock,0.3333333333333333,0.3333333333333333,0.3333333333333333,-263.45298301528584,3.8584855686695185,0.0,0.0,none
inventory,random,17,556,752.2085229008167,10.640825342341241,2.006644916699918,0.0,1,balanced_restock,0.3333333333333333,0.3333333333333333,0.3333333333333333,-262.07243864833794,4.647732429178905,0.0,0.0,none
inventory,random,17,557,747.7498247095369,9.400932513938525,1.5775843773867755,0.0,0,low_restock,0.3333333333333333,0.3333333333333333,0.3333333333333333,-261.9326951965261,1.2474690546137857,0.0,0.0,none
inventory,random,17,558,747.864843418646,8.192279788905692,1.2910388678344633,0.0,2,high_restock,0.3333333333333333,0.3333333333333333,0.3333333333333333,-259.0323861775009,9.315431934129526,0.0,0.0,none
inventory,random,17,559,738.5496747928596,8.260665037437757,1.3061732772150956,0.0,2,high_restock,0.3333333333333333,0.3333333333333333,0.3333333333333333,-256.9732907994973,5.959121780761314,0.0,0.0,none
inventory,random,17,560,732.6665451414208,8.858587113108264,2.042656198762564,0.0,2,high_restock,0.3333333333333333,0.3333333333333333,0.3333333333333333,-255.33072750431626,4.793780993419527,0.0,0.0,none
inventory,random,17,561,727.9735071551894,9.552996850874546,2.73078830000106,0.0,2,high_restock,0.3333333333333333,0.3333333333333333,0.3333333333333333,-252.8188434991159,7.208852874366371,0.0,0.0,none
inventory,random,17,562,720.7966957117598,10.209374200444573,2.5572773646423683,0.0,1,balanced_restock,0.3333333333333333,0.3333333333333333,0.3333333333333333,-252.90687860381757,1.782625558341257,0.0,0.0,none
inventory,random,17,563,721.5625102966217,11.539533375595145,1.6506581106955953,0.0,2,high_restock,0.3333333333333333,0.3333333333333333,0.3333333333333333,-250.3361521929483,7.878457112067585,0.0,0.0,none
inventory,random,17,564,713.7032919798523,11.830723437398571,1.1837724031046466,0.0,0,low_restock,0.3333333333333333,0.3333333333333333,0.3333333333333333,-252.61855697703743,7.557613906948991,0.0,0.0,none
inventory,random,17,565,721.2530199343927,12.117294958594414,1.3761588428044378,0.0,2,high_restock,0.3333333333333333,0.3333333333333333,0.3333333333333333,-251.66132837266406,3.7732379279772865,0.0,0.0,none
inventory,random,17,566,717.4895096361831,12.303200496198766,1.573018761236307,0.0,1,balanced_restock,0.3333333333333333,0.3333333333333333,0.3333333333333333,-252.69862529580132,3.6066545576166624,0.0,0.0,none
inventory,random,17,567,720.9675008451467,13.234161026677402,1.7847892479436873,0.0,2,high_restock,0.3333333333333333,0.3333333333333333,0.3333333333333333,-250.181877257537,7.729486473370549,0.0,0.0,none
inventory,random,17,568,713.2625064501058,12.739999230696835,2.1506124754728857,0.0,0,low_restock,0.3333333333333333,0.3333333333333333,0.3333333333333333,-252.4180841628031,7.459445858022243,0.0,0.0,none
inventory,random,17,569,720.6802404651518,13.395389697059892,1.7135564980566667,0.0,1,balanced_restock,0.3333333333333333,0.3333333333333333,0.3333333333333333,-251.98512976698453,1.914313150103775,0.0,0.0,none
inventory,random,17,570,718.9289421913844,12.735184451398357,2.11564880905091,0.0,2,high_restock,0.3333333333333333,0.3333333333333333,0.3333333333333333,-251.01108558755553,3.2993978521588656,0.0,0.0,none
inventory,random,17,571,715.6316731073016,12.828432694223721,2.1887756795719655,0.0,2,high_restock,0.3333333333333333,0.3333333333333333,0.3333333333333333,-249.66925390095884,3.852353203341388,0.0,0.0,none
inventory,random,17,572,711.7978682884539,12.566073488661454,1.91723661878835,0.0,1,balanced_restock,0.3333333333333333,0.3333333333333333,0.3333333333333333,-250.67315949141,3.5346919017708363,0.0,0.0,none
inventory,random,17,573,715.1804556897429,13.583589847927437,1.7875841151054077,0.0,0,low_restock,0.3333333333333333,0.3333333333333333,0.3333333333333333,-253.6800327775617,9.112087532783448,0.0,0.0,none
inventory,random,17,574,724.2858079358906,13.921113494147793,1.8812722516123521,0.0,2,high_restock,0.3333333333333333,0.3333333333333333,0.3333333333333333,-252.5382948870777,4.528324925680127,0.0,0.0,none
inventory,random,17,575,719.9951282487935,14.613237211481836,0.6097537833342224,0.0,2,high_restock,0.3333333333333333,0.3333333333333333,0.3333333333333333,-250.48216745167798,5.922708790035612,0.0,0.0,none
inventory,random,17,576,714.1204784333657,14.097761065212833,1.1586192498074461,0.0,1,balanced_restock,0.3333333333333333,0.3333333333333333,0.3333333333333333,-250.83436131510297,1.5261709702406643,0.0,0.0,none
inventory,random,17,577,715.6410323288657,13.968632808082376,1.1795852817594545,0.0,0,low_restock,0.3333333333333333,0.3333333333333333,0.3333333333333333,-254.52609303966202,11.078099245670495,0.0,0.0,none
inventory,random,17,578,726.7031229704629,14.304533456144025,1.6711178733985876,0.0,1,balanced_restock,0.3333333333333333,0.3333333333333333,0.3333333333333333,-254.99324976712288,0.939630814494543,0.0,0.0,none
inventory,random,17,579,727.5235707632082,13.84755256546353,1.701776517854677,0.0,2,high_restock,0.3333333333333333,0.3333333333333333,0.3333333333333333,-255.19228325373336,1.1052535655028026,0.0,0.0,none
inventory,random,17,580,727.5779521535239,14.71656478094609,2.3825451112739695,0.0,0,low_restock,0.3333333333333333,0.3333333333333333,0.3333333333333333,-258.5753623686445,10.738060548155524,0.0,0.0,none
inventory,random,17,581,738.2724639104129,15.630397095409418,2.069059675150558,0.0,1,balanced_restock,0.3333333333333333,0.3333333333333333,0.3333333333333333,-258.6480403485691,0.6573721778110543,0.0,0.0,none
inventory,random,17,582,737.9658295673403,15.26495944769491,2.521352595105521,0.0,1,balanced_restock,0.3333333333333333,0.3333333333333333,0.3333333333333333,-258.913577581938,1.1476246601396711,0.0,0.0,none
inventory,random,17,583,738.7245073769658,14.40427688130055,2.4953552558695002,0.0,2,high_restock,0.3333333333333333,0.3333333333333333,0.3333333333333333,-258.061035981918,2.9863215755641437,0.0,0.0,none
inventory,random,17,584,735.7743885197657,14.850163551311468,2.3684680674741188,0.0,0,low_restock,0.3333333333333333,0.3333333333333333,0.3333333333333333,-258.4852790461733,3.0267582920505682,0.0,0.0,none
inventory,random,17,585,738.0150829890665,12.88742616710849,2.9053256038779978,0.0,2,high_restock,0.3333333333333333,0.3333333333333333,0.3333333333333333,-257.3853314393473,4.250712894304681,0.0,0.0,none
inventory,random,17,586,733.8438041124208,12.314268040401572,2.321816902274367,0.0,0,low_restock,0.3333333333333333,0.3333333333333333,0.3333333333333333,-258.5766718773887,4.4411691475434445,0.0,0.0,none
inventory,random,17,587,738.2762053639678,12.062075159325506,2.4409860808000174,0.0,2,high_restock,0.3333333333333333,0.3333333333333333,0.3333333333333333,-256.8754906664878,5.890560222000979,0.0,0.0,none
inventory,random,17,588,732.3871161899651,11.932521762599873,2.417654834347356,0.0,2,high_restock,0.3333333333333333,0.3333333333333333,0.3333333333333333,-252.7983832001081,11.78068575045499,0.0,0.0,none
inventory,random,17,589,720.7382377145947,10.192769838965805,2.6655464663879855,0.0,2,high_restock,0.3333333333333333,0.3333333333333333,0.3333333333333333,-250.38008144124876,6.935231871778998,0.0,0.0,none
inventory,random,17,590,713.8288041178537,10.762744225757455,2.4858308967578124,0.0,1,balanced_restock,0.3333333333333333,0.3333333333333333,0.3333333333333333,-248.10989506649054,6.172478458026352,0.0,0.0,none
inventory,random,17,591,707.8568430471158,9.202607786939035,2.519677265278097,0.0,0,low_restock,0.3333333333333333,0.3333333333333333,0.3333333333333333,-248.48481618497195,1.6847546107292095,0.0,0.0,none
inventory,random,17,592,709.4423319570627,8.633225318619013,2.49902249395147,0.0,2,high_restock,0.3333333333333333,0.3333333333333333,0.3333333333333333,-246.05826096481897,7.9872125752840235,0.0,0.0,none
inventory,random,17,593,701.4807456137686,8.218725884760715,2.01230097153974,0.0,0,low_restock,0.3333333333333333,0.3333333333333333,0.3333333333333333,-247.1316889949743,4.165857845182476,0.0,0.0,none
inventory,random,17,594,705.5762542713552,8.967603311352118,1.869601911124569,0.0,1,balanced_restock,0.3333333333333333,0.3333333333333333,0.3333333333333333,-245.8752915966863,4.165387728711937,0.0,0.0,none
inventory,random,17,595,701.472261704818,8.328691517392885,1.5541789191732365,0.0,1,balanced_restock,0.3333333333333333,0.3333333333333333,0.3333333333333333,-244.16954190179226,4.8871414271471085,0.0,0.0,none
inventory,random,17,596,696.5986911479779,8.548369620172412,1.2640015809859664,0.0,2,high_restock,0.3333333333333333,0.3333333333333333,0.3333333333333333,-240.89346587527342,9.875310862615228,0.0,0.0,none
inventory,random,17,597,686.724188215067,8.656371251600834,1.1984873929871795,0.0,0,low_restock,0.3333333333333333,0.3333333333333333,0.3333333333333333,-241.17793098156355,1.9037202864655463,0.0,0.0,none
inventory,random,17,598,688.5655170901816,8.216954295282594,0.9970633594918542,0.0,0,low_restock,0.3333333333333333,0.3333333333333333,0.3333333333333333,-241.71678334589268,1.7484928473838042,0.0,0.0,none
inventory,random,17,599,690.1050952739791,7.705768200524778,0.34467158313862917,0.0,1,balanced_restock,0.3333333333333333,0.3333333333333333,0.3333333333333333,-240.51492253147077,3.9483587396669364,0.0,0.0,none
