env,policy,seed,t,q,mu,sigma,rho,a,action_label,p0,p1,p2,r,state_delta,intervention_active,intervention_start,intervention_name
lunarlander,heuristic,17,0,-0.0055379866777608795,0.9482440948486328,-0.2543414831161499,0.06107473615556955,1,main_engine,0.0,1.0,0.0,-3.4285930514366303,0.01761368509883938,0.0,0.0,none
lunarlander,heuristic,17,1,-0.011047998753686747,0.9562359650929769,-0.2663666903972626,0.06952494736760854,1,main_engine,0.0,1.0,0.0,-2.9503518788862046,0.010351211355020108,0.0,0.0,none
lunarlander,heuristic,17,2,-0.016660451268156372,0.9641817410786947,-0.2648095190525055,0.07270107939839363,1,main_engine,0.0,1.0,0.0,-2.6797012815786263,0.012012584696326632,0.0,0.0,none
lunarlander,heuristic,17,3,-0.022293487563729286,0.9721922874450684,-0.2669546902179718,0.07931927256286145,1,main_engine,0.0,1.0,0.0,-4.011833291078094,0.016588826507828988,0.0,0.0,none
lunarlander,heuristic,17,4,-0.027959902460376423,0.9805483023325602,-0.27845558524131775,0.08572140783071518,1,main_engine,0.0,1.0,0.0,-4.425883611444007,0.025213865592860468,0.0,0.0,none
lunarlander,heuristic,17,5,-0.033560910572608314,0.9895009199778239,-0.2983158230781555,0.09711391925811767,1,main_engine,0.0,1.0,0.0,-4.380836630934039,0.013582242213525096,0.0,0.0,none
lunarlander,heuristic,17,6,-0.039275726303458214,0.9986783663431803,-0.3058045506477356,0.10050679743289948,1,main_engine,0.0,1.0,0.0,-2.7145400152735144,0.01503639872598048,0.0,0.0,none
lunarlander,heuristic,17,7,-0.044906220088402435,1.0,-0.3126596212387085,0.11257543936371803,1,main_engine,0.0,1.0,0.0,-2.553641947991366,0.01689064920554821,0.0,0.0,none
lunarlander,heuristic,17,8,-0.050416868180036545,1.0,-0.3194037675857544,0.1270475946366787,1,main_engine,0.0,1.0,0.0,-5.208704848355184,0.01346906256608654,0.0,0.0,none
lunarlander,heuristic,17,9,-0.05604942639668783,1.0,-0.3306402862071991,0.1318881094455719,1,main_engine,0.0,1.0,0.0,-4.6908778503340365,0.018042791455311805,0.0,0.0,none
lunarlander,heuristic,17,10,-0.061684610942999527,1.0,-0.3443669378757477,0.14215290620923043,1,main_engine,0.0,1.0,0.0,-5.11231556447552,0.012682495891696663,0.0,0.0,none
lunarlander,heuristic,17,11,-0.06743645916382472,1.0,-0.3543737828731537,0.14740885496139527,1,main_engine,0.0,1.0,0.0,-5.1892489364163294,0.01605424393078476,0.0,0.0,none
lunarlander,heuristic,17,12,-0.07325521980722746,1.0,-0.36723488569259644,0.15505560636520385,1,main_engine,0.0,1.0,0.0,-5.265175446385783,0.016949968709732557,0.0,0.0,none
lunarlander,heuristic,17,13,-0.07912834485371908,1.0,-0.38068827986717224,0.16352992206811906,1,main_engine,0.0,1.0,0.0,-2.526736528176607,0.014853960834915891,0.0,0.0,none
lunarlander,heuristic,17,14,-0.08491691201925278,1.0,-0.38225114345550537,0.1771199956536293,1,main_engine,0.0,1.0,0.0,-3.3975344147363487,0.008601102320898496,0.0,0.0,none
lunarlander,heuristic,17,15,-0.09079797814289729,1.0,-0.3806304633617401,0.1831834450364113,1,main_engine,0.0,1.0,0.0,-3.9465413330132946,0.008827020081093775,0.0,0.0,none
lunarlander,heuristic,17,16,-0.09677537406484286,1.0,-0.3825904130935669,0.1893758289515972,1,main_engine,0.0,1.0,0.0,-5.37620970433471,0.016460693811948982,0.0,0.0,none
lunarlander,heuristic,17,17,-0.1028238112727801,1.0,-0.39514291286468506,0.19813970923423768,1,main_engine,0.0,1.0,0.0,-6.022383378874342,0.017834860257700754,0.0,0.0,none
lunarlander,heuristic,17,18,-0.10897533347209296,1.0,-0.4098447561264038,0.20614575818181038,1,main_engine,0.0,1.0,0.0,-6.934332185294891,0.019399553110962295,0.0,0.0,none
lunarlander,heuristic,17,19,-0.11528889338175456,1.0,-0.42715924978256226,0.2122029796242714,1,main_engine,0.0,1.0,0.0,-5.495934050274964,0.014847339642704472,0.0,0.0,none
lunarlander,heuristic,17,20,-0.12169679005940756,1.0,-0.4379502236843109,0.22013627886772155,1,main_engine,0.0,1.0,0.0,-3.828565453376511,0.007981134805351038,0.0,0.0,none
lunarlander,heuristic,17,21,-0.12823653717835745,1.0,-0.4360950291156769,0.2243182010948658,1,main_engine,0.0,1.0,0.0,-4.030850557198278,0.007798758139689876,0.0,0.0,none
lunarlander,heuristic,17,22,-0.13491002221902212,1.0,-0.43565958738327026,0.22833013534545898,1,main_engine,0.0,1.0,0.0,-3.6008484408089747,0.008262223438733996,0.0,0.0,none
lunarlander,heuristic,17,23,-0.14169812202453613,1.0,-0.4335096776485443,0.23252106904983522,1,main_engine,0.0,1.0,0.0,-4.506794783583387,0.013038288234236087,0.0,0.0,none
lunarlander,heuristic,17,24,-0.14853683610757193,1.0,-0.4405003786087036,0.24114423841238022,1,main_engine,0.0,1.0,0.0,-7.048987278898678,0.020444401190610206,0.0,0.0,none
lunarlander,heuristic,17,25,-0.15554444243510565,1.0,-0.4574885070323944,0.25010361820459365,1,main_engine,0.0,1.0,0.0,-6.022071946609269,0.014833320240609947,0.0,0.0,none
lunarlander,heuristic,17,26,-0.16268141567707062,1.0,-0.46979454159736633,0.2543051078915596,1,main_engine,0.0,1.0,0.0,-4.943851367189868,0.00823265027698953,0.0,0.0,none
lunarlander,heuristic,17,27,-0.16999530295530957,1.0,-0.4724084734916687,0.2570347495377064,1,main_engine,0.0,1.0,0.0,-4.852820684337662,0.015534838079928795,0.0,0.0,none
lunarlander,heuristic,17,28,-0.17733924090862274,1.0,-0.48148345947265625,0.2672837689518929,1,main_engine,0.0,1.0,0.0,-5.780264821660796,0.017013069909233167,0.0,0.0,none
lunarlander,heuristic,17,29,-0.1847630739212036,1.0,-0.493514746427536,0.2767484076321125,1,main_engine,0.0,1.0,0.0,-6.663150759113589,0.018866218450770352,0.0,0.0,none
lunarlander,heuristic,17,30,-0.19231236229340237,1.0,-0.5084277391433716,0.2854974128305912,1,main_engine,0.0,1.0,0.0,-4.879920795991724,0.01062380622569789,0.0,0.0,none
lunarlander,heuristic,17,31,-0.19997961819171906,1.0,-0.5118055939674377,0.2920295290648937,1,main_engine,0.0,1.0,0.0,-6.871564462450812,0.011473391337686673,0.0,0.0,none
lunarlander,heuristic,17,32,-0.20793231825033825,1.0,-0.5200515389442444,0.29266013354063036,1,main_engine,0.0,1.0,0.0,-5.269409857247526,0.0101944883164338,0.0,0.0,none
lunarlander,heuristic,17,33,-0.21604026357332867,1.0,-0.5242874026298523,0.2971597194671631,1,main_engine,0.0,1.0,0.0,-3.6351368180340704,0.010877245954997254,0.0,0.0,none
lunarlander,heuristic,17,34,-0.22420470913251242,1.0,-0.5226439833641052,0.3041565388441086,1,main_engine,0.0,1.0,0.0,-6.944939381868003,0.012405509193655977,0.0,0.0,none
lunarlander,heuristic,17,35,-0.23264701167742413,1.0,-0.5317042469978333,0.30488852858543397,1,main_engine,0.0,1.0,0.0,-4.175155394453482,0.014669247268537508,0.0,0.0,none
lunarlander,heuristic,17,36,-0.24108561376730603,1.0,-0.5364454984664917,0.3159111119806767,1,main_engine,0.0,1.0,0.0,-6.251595093527262,0.01152319251108979,0.0,0.0,none
lunarlander,heuristic,17,37,-0.24974127610524496,1.0,-0.5434243679046631,0.31893747225403785,1,main_engine,0.0,1.0,0.0,-7.920419632126413,0.019940428156950844,0.0,0.0,none
lunarlander,heuristic,17,38,-0.25862780710061395,1.0,-0.560483992099762,0.3241928946226835,1,main_engine,0.0,1.0,0.0,-6.173507124436514,0.019467306151579742,0.0,0.0,none
lunarlander,heuristic,17,39,-0.26758015155792236,1.0,-0.57363361120224,0.33541426062583923,1,main_engine,0.0,1.0,0.0,-7.174713974848459,0.01292527173451065,0.0,0.0,none
lunarlander,heuristic,17,40,-0.27680655320485437,1.0,-0.5824960470199585,0.3372563771903515,1,main_engine,0.0,1.0,0.0,-6.725010669496437,0.021344206716346282,0.0,0.0,none
lunarlander,heuristic,17,41,-0.28611277540524804,1.0,-0.5976897478103638,0.3490088596940041,1,main_engine,0.0,1.0,0.0,-5.9356793043789775,0.014986634362569662,0.0,0.0,none
lunarlander,heuristic,17,42,-0.29553179939587915,1.0,-0.6053394079208374,0.35780453458428385,1,main_engine,0.0,1.0,0.0,-9.009152352242136,0.018838433600676014,0.0,0.0,none
lunarlander,heuristic,17,43,-0.3052942454814911,1.0,-0.6212924122810364,0.3600590586662292,1,main_engine,0.0,1.0,0.0,-8.11779595709046,0.018969693412774775,0.0,0.0,none
lunarlander,heuristic,17,44,-0.3152964015801748,1.0,-0.6362694501876831,0.36601678282022476,1,main_engine,0.0,1.0,0.0,-6.406184976157062,0.019418381172271806,0.0,0.0,none
lunarlander,heuristic,17,45,-0.32537070413430536,1.0,-0.6477564573287964,0.37800138220191004,1,main_engine,0.0,1.0,0.0,-9.04182910654226,0.017777104880020947,0.0,0.0,none
lunarlander,heuristic,17,46,-0.33579754332701367,1.0,-0.6620082259178162,0.38004920408129694,1,main_engine,0.0,1.0,0.0,-6.309581384836069,0.015598838333101418,0.0,0.0,none
lunarlander,heuristic,17,47,-0.3463495522737503,1.0,-0.6694715619087219,0.3887829020619392,1,main_engine,0.0,1.0,0.0,-9.12696320514433,0.01797972619877518,0.0,0.0,none
lunarlander,heuristic,17,48,-0.3572551409403483,1.0,-0.6836128234863281,0.39087177999317646,1,main_engine,0.0,1.0,0.0,-8.083196858308083,0.018294772893772588,0.0,0.0,none
lunarlander,heuristic,17,49,-0.36839420596758526,1.0,-0.6966648697853088,0.3972171746194363,1,main_engine,0.0,1.0,0.0,-5.104167677471853,0.012950478525205034,0.0,0.0,none
lunarlander,heuristic,17,50,-0.37964463233947754,1.0,-0.6960350871086121,0.4036004476249218,1,main_engine,0.0,1.0,0.0,-7.075117944168519,0.014534874007378927,0.0,0.0,none
lunarlander,heuristic,17,51,-0.39110608398914337,1.0,-0.7031592130661011,0.4089990139007568,1,main_engine,0.0,1.0,0.0,-6.347489011912421,0.012720996834692236,0.0,0.0,none
lunarlander,heuristic,17,52,-0.40276619295279187,1.0,-0.7059624791145325,0.4132425170391798,1,main_engine,0.0,1.0,0.0,-8.85522232689202,0.018340911404496243,0.0,0.0,none
lunarlander,heuristic,17,53,-0.4147385060787201,1.0,-0.7193526029586792,0.4169516049325466,1,main_engine,0.0,1.0,0.0,-8.864881378672436,0.022480710606145465,0.0,0.0,none
lunarlander,heuristic,17,54,-0.4269459346930186,1.0,-0.7363110184669495,0.42524456456303594,1,main_engine,0.0,1.0,0.0,-8.923238390377524,0.01882980319828987,0.0,0.0,none
lunarlander,heuristic,17,55,-0.43945416808128357,1.0,-0.7496138215065002,0.4298425007611513,1,main_engine,0.0,1.0,0.0,-6.680682043427482,0.01286223358303582,0.0,0.0,none
lunarlander,heuristic,17,56,-0.4522490998109182,1.0,-0.7486236095428467,0.42897864021360876,1,main_engine,0.0,1.0,0.0,-7.1199024278883645,0.015012559895359738,0.0,0.0,none
lunarlander,heuristic,17,57,-0.46525686979293823,1.0,-0.7546492218971252,0.43343586698174474,1,main_engine,0.0,1.0,0.0,-7.60507275977392,0.01388156472056544,0.0,0.0,none
lunarlander,heuristic,17,58,-0.478576123714447,1.0,-0.7585301995277405,0.43295282796025275,1,main_engine,0.0,1.0,0.0,-4.690720184627298,0.01625084776136116,0.0,0.0,none
lunarlander,heuristic,17,59,-0.49191440145174664,1.0,-0.7585594654083252,0.44223612174391747,1,main_engine,0.0,1.0,0.0,-6.543766547999485,0.01820229921373174,0.0,0.0,none
lunarlander,heuristic,17,60,-0.5053563416004181,1.0,-0.7659677863121033,0.45202155597507954,1,main_engine,0.0,1.0,0.0,-9.344687763216944,0.021657946824932238,0.0,0.0,none
lunarlander,heuristic,17,61,-0.5190898974736532,1.0,-0.7814194560050964,0.4584792651236057,1,main_engine,0.0,1.0,0.0,-9.066899914813817,0.025459453707682166,0.0,0.0,none
lunarlander,heuristic,17,62,-0.5330219368139903,1.0,-0.7992503643035889,0.47014720290899276,1,main_engine,0.0,1.0,0.0,-9.487373519358098,0.016635215411713308,0.0,0.0,none
lunarlander,heuristic,17,63,-0.5473652482032776,1.0,-0.8076686859130859,0.4697843372821808,1,main_engine,0.0,1.0,0.0,-8.782083167662396,0.018959560653952528,0.0,0.0,none
lunarlander,heuristic,17,64,-0.5619883040587108,1.0,-0.818454921245575,0.47519620433449744,1,main_engine,0.0,1.0,0.0,-9.826992710411037,0.020305395667473008,0.0,0.0,none
lunarlander,heuristic,17,65,-0.5769683420658112,1.0,-0.8316838145256042,0.4787884093821049,1,main_engine,0.0,1.0,0.0,-9.388218424846151,0.019243871002907722,0.0,0.0,none
lunarlander,heuristic,17,66,-0.5922829111417135,1.0,-0.8428186774253845,0.4822243042290211,1,main_engine,0.0,1.0,0.0,-8.757324332004233,0.018633327581334784,0.0,0.0,none
lunarlander,heuristic,17,67,-0.6078837315241497,1.0,-0.852020263671875,0.4865999311208725,1,main_engine,0.0,1.0,0.0,-7.082723026037365,0.016044066567987184,0.0,0.0,none
lunarlander,heuristic,17,68,-0.6237146258354187,1.0,-0.8526762127876282,0.48912274464964867,1,main_engine,0.0,1.0,0.0,-5.877468468972775,0.017169133617488966,0.0,0.0,none
lunarlander,heuristic,17,69,-0.639656682809194,1.0,-0.851765513420105,0.4954315159469843,1,main_engine,0.0,1.0,0.0,-10.260460928120793,0.023776778513019587,0.0,0.0,none
lunarlander,heuristic,17,70,-0.6559340159098308,1.0,-0.8679731488227844,0.5015712372958661,1,main_engine,0.0,1.0,0.0,-6.705624679319494,0.017365176603592495,0.0,0.0,none
lunarlander,heuristic,17,71,-0.672376702229182,1.0,-0.8687832951545715,0.5070967316627503,1,main_engine,0.0,1.0,0.0,-7.435015157633452,0.01713785923415925,0.0,0.0,none
lunarlander,heuristic,17,72,-0.6890520453453064,1.0,-0.870610773563385,0.5106037922203541,1,main_engine,0.0,1.0,0.0,-5.2675127724332516,0.020028316411445788,0.0,0.0,none
lunarlander,heuristic,17,73,-0.705737868944804,1.0,-0.8701203465461731,0.5216706901788711,1,main_engine,0.0,1.0,0.0,-8.654079822231653,0.01994021368431964,0.0,0.0,none
lunarlander,heuristic,17,74,-0.7226808865865072,1.0,-0.8782898187637329,0.5282893002033233,1,main_engine,0.0,1.0,0.0,-7.11840286792511,0.01749876503757689,0.0,0.0,none
lunarlander,heuristic,17,75,-0.739885171254476,1.0,-0.87519770860672,0.5291006088256835,1,main_engine,0.0,1.0,0.0,-10.194273948280717,0.02625235962260863,0.0,0.0,none
lunarlander,heuristic,17,76,-0.7573780914147695,1.0,-0.8921322226524353,0.5389192830771208,1,main_engine,0.0,1.0,0.0,-9.480888196568818,0.0228924163165274,0.0,0.0,none
lunarlander,heuristic,17,77,-0.7751462360223135,1.0,-0.9038947820663452,0.5472857613116503,1,main_engine,0.0,1.0,0.0,-10.999661038771055,0.02614854756730134,0.0,0.0,none
lunarlander,heuristic,17,78,-0.7932709654172262,1.0,-0.9207446575164795,0.5557310216128826,1,main_engine,0.0,1.0,0.0,-10.13410006748988,0.01989784298514506,0.0,0.0,none
lunarlander,heuristic,17,79,-0.8118028938770294,1.0,-0.9278048276901245,0.557357607036829,1,main_engine,0.0,1.0,0.0,-8.063553213322944,0.01892156752602539,0.0,0.0,none
lunarlander,heuristic,17,80,-0.8306191861629486,1.0,-0.9276397824287415,0.5593439660966396,1,main_engine,0.0,1.0,0.0,-100.02946210332215,1.4587409515803387,0.0,0.0,none
lunarlander,heuristic,17,81,0.0050841170984009905,0.9377468427022299,0.0955590307712555,-0.056053373683243986,1,main_engine,0.0,1.0,0.0,-1.4294318279475522,0.010142844500776479,0.0,0.0,none
lunarlander,heuristic,17,82,0.0102996826171875,0.9351292451222738,0.08727525919675827,-0.056503354012966155,1,main_engine,0.0,1.0,0.0,0.7562306868161124,0.014411920740582248,0.0,0.0,none
lunarlander,heuristic,17,83,0.01542679499834776,0.9327524503072103,0.07926607131958008,-0.06706838756799698,1,main_engine,0.0,1.0,0.0,-0.6523250352480545,0.014241102890466381,0.0,0.0,none
lunarlander,heuristic,17,84,0.020601670257747173,0.93073836962382,0.06718558818101883,-0.07217084616422653,1,main_engine,0.0,1.0,0.0,-1.2341765966193656,0.008315167300938233,0.0,0.0,none
lunarlander,heuristic,17,85,0.025844573974609375,0.9288670221964518,0.06243579462170601,-0.07611945196986197,1,main_engine,0.0,1.0,0.0,-0.10676436997639256,0.010820926609005212,0.0,0.0,none
lunarlander,heuristic,17,86,0.031043291091918945,0.9270850022633871,0.05948146432638168,-0.08496038690209388,1,main_engine,0.0,1.0,0.0,-0.07660833040752549,0.011570439803438458,0.0,0.0,none
lunarlander,heuristic,17,87,0.03619114557902019,0.9254085222880045,0.055983107537031174,-0.09456900730729104,1,main_engine,0.0,1.0,0.0,0.6027978665194166,0.014602136206255839,0.0,0.0,none
lunarlander,heuristic,17,88,0.04120747248331706,0.9237184524536133,0.05646832659840584,-0.1081692673265934,1,main_engine,0.0,1.0,0.0,-1.4127183545410402,0.016644658321986965,0.0,0.0,none
lunarlander,heuristic,17,89,0.046309471751252815,0.9224721590677897,0.04168778285384178,-0.11373672038316726,1,main_engine,0.0,1.0,0.0,0.33424018388477067,0.020457902746846536,0.0,0.0,none
lunarlander,heuristic,17,90,0.051316578562061,0.9216557343800863,0.027391208335757256,-0.1274624653160572,1,main_engine,0.0,1.0,0.0,-0.39395526692021005,0.019722292309736326,0.0,0.0,none
lunarlander,heuristic,17,91,0.05627067759633064,0.9212642510732015,0.013267538510262966,-0.1402996927499771,1,main_engine,0.0,1.0,0.0,-1.722845490557612,0.020215173505623102,0.0,0.0,none
lunarlander,heuristic,17,92,0.06126777579387029,0.9213860829671224,-0.003814252559095621,-0.1498850889503956,1,main_engine,0.0,1.0,0.0,-0.6421929983032294,0.013892640124747837,0.0,0.0,none
lunarlander,heuristic,17,93,0.06620526313781738,0.9215200742085775,-0.004177239257842302,-0.16286495625972747,1,main_engine,0.0,1.0,0.0,-1.0754387499855285,0.0228442030925297,0.0,0.0,none
lunarlander,heuristic,17,94,0.07109411681691806,0.9221537907918295,-0.020776694640517235,-0.17776506394147873,1,main_engine,0.0,1.0,0.0,-4.152660655843281,0.012900486111653842,0.0,0.0,none
lunarlander,heuristic,17,95,0.07620223487416904,0.9231281280517578,-0.032134078443050385,-0.18098844289779664,1,main_engine,0.0,1.0,0.0,-1.2793317030931939,0.021641287559574337,0.0,0.0,none
lunarlander,heuristic,17,96,0.08124995355804762,0.9245272477467855,-0.04622955247759819,-0.19655205234885215,1,main_engine,0.0,1.0,0.0,-2.7718546526952763,0.009017853926658752,0.0,0.0,none
lunarlander,heuristic,17,97,0.08640360708038013,0.9259399573008219,-0.04666270688176155,-0.20380313321948051,1,main_engine,0.0,1.0,0.0,-0.796040634445335,0.01722341617494599,0.0,0.0,none
lunarlander,heuristic,17,98,0.0914715106288592,0.9274527231852213,-0.04993491992354393,-0.21986447125673292,1,main_engine,0.0,1.0,0.0,-3.766804582002968,0.023459115142931336,0.0,0.0,none
lunarlander,heuristic,17,99,0.09664765869577727,0.9295636018117269,-0.06982473284006119,-0.23097649663686753,1,main_engine,0.0,1.0,0.0,-2.359198950158951,0.019969453822937026,0.0,0.0,none
lunarlander,heuristic,17,100,0.10181665420532227,0.9320228894551595,-0.08136790245771408,-0.24623322337865827,1,main_engine,0.0,1.0,0.0,-2.655207884358674,0.012717528229675762,0.0,0.0,none
lunarlander,heuristic,17,101,0.10704732189575832,0.9345293839772543,-0.08290403336286545,-0.2574463151395321,1,main_engine,0.0,1.0,0.0,-3.5650403049018085,0.02790424895044422,0.0,0.0,none
lunarlander,heuristic,17,102,0.11230167001485825,0.937675952911377,-0.10414745658636093,-0.2744714438915253,1,main_engine,0.0,1.0,0.0,-5.9067872536751045,0.019541076390146152,0.0,0.0,none
lunarlander,heuristic,17,103,0.11780365059773128,0.9413274923960367,-0.12097381055355072,-0.2818958595395088,1,main_engine,0.0,1.0,0.0,-6.542667858285695,0.021284775149171143,0.0,0.0,none
lunarlander,heuristic,17,104,0.12358784675598145,0.9455501238505045,-0.14001236855983734,-0.2881638273596764,1,main_engine,0.0,1.0,0.0,-5.504955570190466,0.014878906937373836,0.0,0.0,none
lunarlander,heuristic,17,105,0.12960815181334814,0.9501093228658041,-0.15123359858989716,-0.2943634644150734,1,main_engine,0.0,1.0,0.0,-4.089961309092883,0.016161938711582384,0.0,0.0,none
lunarlander,heuristic,17,106,0.13575521608193716,0.9548682371775309,-0.15783336758613586,-0.30690211057662964,1,main_engine,0.0,1.0,0.0,-4.199445851136819,0.0227983688856861,0.0,0.0,none
lunarlander,heuristic,17,107,0.14195196330547333,0.9601332346598307,-0.17464086413383484,-0.3199846871197224,1,main_engine,0.0,1.0,0.0,-5.740288859889723,0.027031040906142022,0.0,0.0,none
lunarlander,heuristic,17,108,0.14828188965717953,0.9660371144612631,-0.19585806131362915,-0.3343228861689568,1,main_engine,0.0,1.0,0.0,-4.239833445755195,0.017058794421504955,0.0,0.0,none
lunarlander,heuristic,17,109,0.15471450984477997,0.9721609751383463,-0.20313936471939087,-0.3469365619122982,1,main_engine,0.0,1.0,0.0,-2.6360562083473154,0.02000355049392428,0.0,0.0,none
lunarlander,heuristic,17,110,0.16111818452676138,0.9783907731374105,-0.2065538913011551,-0.36450544372200966,1,main_engine,0.0,1.0,0.0,-6.0392446243713405,0.01378604658450825,0.0,0.0,none
lunarlander,heuristic,17,111,0.16779200484355292,0.9848427772521973,-0.2139754295349121,-0.37149168848991393,1,main_engine,0.0,1.0,0.0,-6.8858217320261765,0.02140197293251192,0.0,0.0,none
lunarlander,heuristic,17,112,0.17472776273886365,0.9917840957641602,-0.2302652895450592,-0.3813099503517151,1,main_engine,0.0,1.0,0.0,-4.7863484361674,0.011428574375736706,0.0,0.0,none
lunarlander,heuristic,17,113,0.18189469973246258,0.9986859957377116,-0.22898657619953156,-0.3867849841713905,1,main_engine,0.0,1.0,0.0,-4.360204033052323,0.013863507927968827,0.0,0.0,none
lunarlander,heuristic,17,114,0.18919491519530615,1.0,-0.2331622689962387,-0.39772759303450583,1,main_engine,0.0,1.0,0.0,-5.482453481479556,0.019503909442320524,0.0,0.0,none
lunarlander,heuristic,17,115,0.1966507484515508,1.0,-0.24549151957035065,-0.4108730338513851,1,main_engine,0.0,1.0,0.0,-4.9812915923380885,0.013705863921111514,0.0,0.0,none
lunarlander,heuristic,17,116,0.20428196837504706,1.0,-0.25044089555740356,-0.4211257830262184,1,main_engine,0.0,1.0,0.0,-3.6439411519824554,0.013220410998955366,0.0,0.0,none
lunarlander,heuristic,17,117,0.21202340722084045,1.0,-0.24852749705314636,-0.43167036920785906,1,main_engine,0.0,1.0,0.0,-3.7081716751406724,0.017987155061309983,0.0,0.0,none
lunarlander,heuristic,17,118,0.21981333692868552,1.0,-0.252782940864563,-0.44731472730636596,1,main_engine,0.0,1.0,0.0,-4.866251074520571,0.010256207472817315,0.0,0.0,none
lunarlander,heuristic,17,119,0.22784185906251272,1.0,-0.24979230761528015,-0.45295287743210794,1,main_engine,0.0,1.0,0.0,-5.175312860838823,0.00989253340941422,0.0,0.0,none
lunarlander,heuristic,17,120,0.2361231545607249,1.0,-0.24887214601039886,-0.4582853876054287,1,main_engine,0.0,1.0,0.0,-5.757445509066035,0.016454157731941053,0.0,0.0,none
lunarlander,heuristic,17,121,0.24461619555950165,1.0,-0.2579663097858429,-0.4690512478351593,1,main_engine,0.0,1.0,0.0,-8.491945184321516,0.016418711832927136,0.0,0.0,none
lunarlander,heuristic,17,122,0.25354837377866113,1.0,-0.27126988768577576,-0.4726296700537205,1,main_engine,0.0,1.0,0.0,-6.903272046153172,0.01983960750499367,0.0,0.0,none
lunarlander,heuristic,17,123,0.2627487232287725,1.0,-0.28538978099823,-0.48309829980134966,1,main_engine,0.0,1.0,0.0,-5.543968215374755,0.017514729872127655,0.0,0.0,none
lunarlander,heuristic,17,124,0.272128035624822,1.0,-0.29395589232444763,-0.4951571553945541,1,main_engine,0.0,1.0,0.0,-4.851345285000134,0.01419512059696925,0.0,0.0,none
lunarlander,heuristic,17,125,0.28167439003785455,1.0,-0.29630550742149353,-0.505396680533886,1,main_engine,0.0,1.0,0.0,-4.6942075990495775,0.01928153408560895,0.0,0.0,none
lunarlander,heuristic,17,126,0.2913210292657217,1.0,-0.30303484201431274,-0.5206752918660641,1,main_engine,0.0,1.0,0.0,-8.783420360184287,0.021992121125037692,0.0,0.0,none
lunarlander,heuristic,17,127,0.30136021474997204,1.0,-0.3201795220375061,-0.5301054611802101,1,main_engine,0.0,1.0,0.0,-7.409290842361738,0.015654812791508984,0.0,0.0,none
lunarlander,heuristic,17,128,0.311735545595487,1.0,-0.3289264440536499,-0.5379103973507882,1,main_engine,0.0,1.0,0.0,-4.395811725956198,0.015997387483501706,0.0,0.0,none
lunarlander,heuristic,17,129,0.32223090529441833,1.0,-0.32907044887542725,-0.5499828077852726,1,main_engine,0.0,1.0,0.0,-7.544276022064537,0.018185371253308706,0.0,0.0,none
lunarlander,heuristic,17,130,0.33304738501707715,1.0,-0.33978885412216187,-0.5599239990115166,1,main_engine,0.0,1.0,0.0,-8.440223628613197,0.027101229987510102,0.0,0.0,none
lunarlander,heuristic,17,131,0.34417246778806054,1.0,-0.359212189912796,-0.5752028480172158,1,main_engine,0.0,1.0,0.0,-7.633919586674783,0.013580972464365914,0.0,0.0,none
lunarlander,heuristic,17,132,0.3556738793849945,1.0,-0.36370792984962463,-0.5808551631867885,1,main_engine,0.0,1.0,0.0,-7.473785802251936,0.024771595280493473,0.0,0.0,none
lunarlander,heuristic,17,133,0.3674213836590449,1.0,-0.3785196542739868,-0.5968626894056797,1,main_engine,0.0,1.0,0.0,-7.027765471355087,0.023051706013065405,0.0,0.0,none
lunarlander,heuristic,17,134,0.3793915112813314,1.0,-0.38989022374153137,-0.6129501797258854,1,main_engine,0.0,1.0,0.0,-8.262267768334958,0.014516217174457828,0.0,0.0,none
lunarlander,heuristic,17,135,0.3917732338110606,1.0,-0.394584059715271,-0.618898407369852,1,main_engine,0.0,1.0,0.0,-9.523684350388715,0.025282230369577496,0.0,0.0,none
lunarlander,heuristic,17,136,0.40455485383669537,1.0,-0.411878377199173,-0.6321923136711121,1,main_engine,0.0,1.0,0.0,-8.530476884421041,0.016815919064463745,0.0,0.0,none
lunarlander,heuristic,17,137,0.41773890455563867,1.0,-0.418809711933136,-0.639996962249279,1,main_engine,0.0,1.0,0.0,-6.379405983661799,0.016216506323016147,0.0,0.0,none
lunarlander,heuristic,17,138,0.43118104338645935,1.0,-0.4189164340496063,-0.6490673862397671,1,main_engine,0.0,1.0,0.0,-6.0848635639155715,0.01868725858165853,0.0,0.0,none
lunarlander,heuristic,17,139,0.44482549031575525,1.0,-0.42129218578338623,-0.661613242328167,1,main_engine,0.0,1.0,0.0,-9.909340919166368,0.01719642292646407,0.0,0.0,none
lunarlander,heuristic,17,140,0.458986759185791,1.0,-0.4296885132789612,-0.6665808483958244,1,main_engine,0.0,1.0,0.0,-7.374402195467244,0.018180508752347842,0.0,0.0,none
lunarlander,heuristic,17,141,0.4734519124031067,1.0,-0.4341968595981598,-0.6766289852559566,1,main_engine,0.0,1.0,0.0,-8.978503838106372,0.02757951245900328,0.0,0.0,none
lunarlander,heuristic,17,142,0.4882509013017019,1.0,-0.4504123330116272,-0.6933226324617863,1,main_engine,0.0,1.0,0.0,-5.852546400491708,0.01793134865187088,0.0,0.0,none
lunarlander,heuristic,17,143,0.5032698313395183,1.0,-0.44652003049850464,-0.7023123480379582,1,main_engine,0.0,1.0,0.0,-7.967813389405437,0.018442872268261898,0.0,0.0,none
lunarlander,heuristic,17,144,0.518637498219808,1.0,-0.45046624541282654,-0.7117145679891109,1,main_engine,0.0,1.0,0.0,-8.685985994611961,0.026721455171281536,0.0,0.0,none
lunarlander,heuristic,17,145,0.5343219637870789,1.0,-0.46385177969932556,-0.7287104845046997,1,main_engine,0.0,1.0,0.0,-5.8709042912871245,0.022017962593060658,0.0,0.0,none
lunarlander,heuristic,17,146,0.5501621464888256,1.0,-0.4644941985607147,-0.7439900979399681,1,main_engine,0.0,1.0,0.0,-10.64615686648517,0.019497958702627226,0.0,0.0,none
lunarlander,heuristic,17,147,0.5665488044420879,1.0,-0.4723564088344574,-0.751049381494522,1,main_engine,0.0,1.0,0.0,-8.57088397124682,0.024064113116118207,0.0,0.0,none
lunarlander,heuristic,17,148,0.5832665661970775,1.0,-0.4809980094432831,-0.7660467386245727,1,main_engine,0.0,1.0,0.0,-6.696302670214299,0.02199742100306695,0.0,0.0,none
lunarlander,heuristic,17,149,0.6002030273278555,1.0,-0.48161572217941284,-0.7800703346729279,1,main_engine,0.0,1.0,0.0,-5.862931395024698,0.023587423577333635,0.0,0.0,none
lunarlander,heuristic,17,150,0.6172830363114675,1.0,-0.4810112416744232,-0.7963268548250199,1,main_engine,0.0,1.0,0.0,-10.127215364572885,0.023554180351130747,0.0,0.0,none
lunarlander,heuristic,17,151,0.6348221997419994,1.0,-0.48978373408317566,-0.809373714029789,1,main_engine,0.0,1.0,0.0,-8.206125244875206,0.021222546341691576,0.0,0.0,none
lunarlander,heuristic,17,152,0.6527063250541687,1.0,-0.4905145466327667,-0.8207763649523259,1,main_engine,0.0,1.0,0.0,-8.028160875040848,0.026274311776489458,0.0,0.0,none
lunarlander,heuristic,17,153,0.6708621978759766,1.0,-0.49654871225357056,-0.8387844905257225,1,main_engine,0.0,1.0,0.0,-9.463187690881355,0.021638230287179427,0.0,0.0,none
lunarlander,heuristic,17,154,0.6894539296627045,1.0,-0.49897050857543945,-0.8495870560407639,1,main_engine,0.0,1.0,0.0,-10.079838811615579,0.027967909098992137,0.0,0.0,none
lunarlander,heuristic,17,155,0.7084605097770691,1.0,-0.5093149542808533,-0.8673055857419968,1,main_engine,0.0,1.0,0.0,-12.01495966323247,0.023747987383682192,0.0,0.0,none
lunarlander,heuristic,17,156,0.7280777394771576,1.0,-0.5174270868301392,-0.8779509842395783,1,main_engine,0.0,1.0,0.0,-11.123348381891143,0.026886084883436315,0.0,0.0,none
lunarlander,heuristic,17,157,0.7482021550337474,1.0,-0.5268405079841614,-0.89309221804142,1,main_engine,0.0,1.0,0.0,-7.671338098257747,0.024908627668206226,0.0,0.0,none
lunarlander,heuristic,17,158,0.768599013487498,1.0,-0.5250869989395142,-0.9072814077138901,1,main_engine,0.0,1.0,0.0,-10.14161760472906,0.027104232500684517,0.0,0.0,none
lunarlander,heuristic,17,159,0.7894258697827657,1.0,-0.5312918424606323,-0.9234795987606048,1,main_engine,0.0,1.0,0.0,-10.45215872371844,0.028840140667063394,0.0,0.0,none
lunarlander,heuristic,17,160,0.810689280430476,1.0,-0.5389153361320496,-0.9414101153612137,1,main_engine,0.0,1.0,0.0,-9.517536431975751,0.02899354520716802,0.0,0.0,none
lunarlander,heuristic,17,161,0.8323154350121816,1.0,-0.543685793876648,-0.9601231545209885,1,main_engine,0.0,1.0,0.0,-100.05291315376759,1.427982165492593,0.0,0.0,none
lunarlander,heuristic,17,162,-0.006578365961710612,0.9414645830790201,-0.028361614793539047,0.07254564575850964,1,main_engine,0.0,1.0,0.0,-2.3976678402293143,0.007527112298773814,0.0,0.0,none
lunarlander,heuristic,17,163,-0.013265848780671757,0.9423025449117025,-0.02789267711341381,0.07586421631276608,1,main_engine,0.0,1.0,0.0,-1.6221731287541878,0.014307510732011725,0.0,0.0,none
lunarlander,heuristic,17,164,-0.019966045704980694,0.9434281984965006,-0.03746340796351433,0.08404628448188305,1,main_engine,0.0,1.0,0.0,-2.770170555068249,0.0073874689406308565,0.0,0.0,none
lunarlander,heuristic,17,165,-0.026799757033586502,0.9445508321126302,-0.03734331578016281,0.0866154007613659,1,main_engine,0.0,1.0,0.0,-0.8031198894181854,0.015824599544615025,0.0,0.0,none
lunarlander,heuristic,17,166,-0.03356989162663619,0.945931593577067,-0.0459257997572422,0.09797399640083312,1,main_engine,0.0,1.0,0.0,-1.0275347958357974,0.01225509021336128,0.0,0.0,none
lunarlander,heuristic,17,167,-0.04030863444010417,0.9473167260487875,-0.04604461044073105,0.1081151932477951,1,main_engine,0.0,1.0,0.0,-2.0095368962246494,0.01674055039951936,0.0,0.0,none
lunarlander,heuristic,17,168,-0.04706835684676965,0.9490743478139242,-0.05843298137187958,0.11694645658135414,1,main_engine,0.0,1.0,0.0,-1.531080020857146,0.0188636878105833,0.0,0.0,none
lunarlander,heuristic,17,169,-0.053789218266805015,0.9512174924214681,-0.07125440239906311,0.12884968444705008,1,main_engine,0.0,1.0,0.0,-3.661411241773137,0.014008502917391363,0.0,0.0,none
lunarlander,heuristic,17,170,-0.06065988292296728,0.953700065612793,-0.08255958557128906,0.13273063600063323,1,main_engine,0.0,1.0,0.0,-0.9961905360488936,0.014923835571706894,0.0,0.0,none
lunarlander,heuristic,17,171,-0.06746300185720126,0.956273635228475,-0.08555557578802109,0.14541287645697593,1,main_engine,0.0,1.0,0.0,-3.7354637842147755,0.023280055160361204,0.0,0.0,none
lunarlander,heuristic,17,172,-0.07436219602823257,0.9594669342041016,-0.10618803650140762,0.15305921509861947,1,main_engine,0.0,1.0,0.0,-2.5043980254975917,0.013742580288201741,0.0,0.0,none
lunarlander,heuristic,17,173,-0.08129707848032316,0.9628643194834391,-0.11296363919973373,0.1621869146823883,1,main_engine,0.0,1.0,0.0,-5.040342157343488,0.02017726221994899,0.0,0.0,none
lunarlander,heuristic,17,174,-0.08843541145324707,0.9668073654174805,-0.13115502893924713,0.1653000868856907,1,main_engine,0.0,1.0,0.0,-2.389550947217266,0.022291032587792158,0.0,0.0,none
lunarlander,heuristic,17,175,-0.09552709137399992,0.9712170759836832,-0.14665940403938293,0.17896635979413986,1,main_engine,0.0,1.0,0.0,-1.3622874356189199,0.015711269553654723,0.0,0.0,none
lunarlander,heuristic,17,176,-0.10255702460805576,0.9756456216176351,-0.1472402960062027,0.19228831827640533,1,main_engine,0.0,1.0,0.0,-5.864414950024395,0.022912489878685046,0.0,0.0,none
lunarlander,heuristic,17,177,-0.10980884234110515,0.9806957244873047,-0.1679561883211136,0.19650039598345756,1,main_engine,0.0,1.0,0.0,-3.915491348620699,0.01684776566280267,0.0,0.0,none
lunarlander,heuristic,17,178,-0.11715229600667953,0.9860901037851969,-0.17940817773342133,0.20484746173024176,1,main_engine,0.0,1.0,0.0,-2.4054931931382293,0.02069414659242481,0.0,0.0,none
lunarlander,heuristic,17,179,-0.1244346300760905,0.9918031692504883,-0.18996493518352509,0.2200504571199417,1,main_engine,0.0,1.0,0.0,-3.1735988969783056,0.014813964321855116,0.0,0.0,none
lunarlander,heuristic,17,180,-0.13176623731851578,0.9976633389790853,-0.19483321905136108,0.23042635694146157,1,main_engine,0.0,1.0,0.0,-3.720188806258252,0.00939751912330998,0.0,0.0,none
lunarlander,heuristic,17,181,-0.13924963772296906,1.0,-0.1938505470752716,0.23551423028111457,1,main_engine,0.0,1.0,0.0,-4.8608200016833685,0.023274291409696543,0.0,0.0,none
lunarlander,heuristic,17,182,-0.14682396004597348,1.0,-0.21280047297477722,0.24670452028512954,1,main_engine,0.0,1.0,0.0,-5.57403306888734,0.01693713153397679,0.0,0.0,none
lunarlander,heuristic,17,183,-0.15459275494019192,1.0,-0.22652602195739746,0.2528787858784199,1,main_engine,0.0,1.0,0.0,-4.46538345564016,0.026518249998588206,0.0,0.0,none
lunarlander,heuristic,17,184,-0.1623699689904849,1.0,-0.2465311735868454,0.2684520460665226,1,main_engine,0.0,1.0,0.0,-5.4714610990210435,0.024785154539350884,0.0,0.0,none
lunarlander,heuristic,17,185,-0.17023615539073944,1.0,-0.2660369277000427,0.2815651141107082,1,main_engine,0.0,1.0,0.0,-6.3267307461693525,0.012833827013286479,0.0,0.0,none
lunarlander,heuristic,17,186,-0.1783777525027593,1.0,-0.27535274624824524,0.2849764242768288,1,main_engine,0.0,1.0,0.0,-7.597037266217071,0.021614318777842114,0.0,0.0,none
lunarlander,heuristic,17,187,-0.1868176832795143,1.0,-0.2939510941505432,0.2920508712530136,1,main_engine,0.0,1.0,0.0,-6.7289474539588925,0.021468472493983006,0.0,0.0,none
lunarlander,heuristic,17,188,-0.19546397030353546,1.0,-0.3128889203071594,0.2972945123910904,1,main_engine,0.0,1.0,0.0,-7.650556732965608,0.020317907985981796,0.0,0.0,none
lunarlander,heuristic,17,189,-0.2044130116701126,1.0,-0.33076438307762146,0.3009276755154133,1,main_engine,0.0,1.0,0.0,-4.070802562318538,0.010217947243295738,0.0,0.0,none
lunarlander,heuristic,17,190,-0.2135203282038371,1.0,-0.328735888004303,0.3050928212702274,1,main_engine,0.0,1.0,0.0,-3.4779969947375298,0.017808913795999505,0.0,0.0,none
lunarlander,heuristic,17,191,-0.22261614600817364,1.0,-0.3357260823249817,0.3187148876488209,1,main_engine,0.0,1.0,0.0,-3.905373266122874,0.014148922783269695,0.0,0.0,none
lunarlander,heuristic,17,192,-0.23177775243918103,1.0,-0.33914610743522644,0.3289403662085533,1,main_engine,0.0,1.0,0.0,-4.826389788334404,0.014384454978693612,0.0,0.0,none
lunarlander,heuristic,17,193,-0.24106311301390332,1.0,-0.34544724225997925,0.3379398286342621,1,main_engine,0.0,1.0,0.0,-7.641394118838471,0.02354682560585951,0.0,0.0,none
lunarlander,heuristic,17,194,-0.25059824188550317,1.0,-0.36541977524757385,0.3459792464971542,1,main_engine,0.0,1.0,0.0,-7.384567652301923,0.019381041456528112,0.0,0.0,none
lunarlander,heuristic,17,195,-0.2604001263777415,1.0,-0.3809543550014496,0.3521618559956551,1,main_engine,0.0,1.0,0.0,-5.737976728693522,0.014473747901409458,0.0,0.0,none
lunarlander,heuristic,17,196,-0.2703856925169627,1.0,-0.3886004686355591,0.3593252904713154,1,main_engine,0.0,1.0,0.0,-7.028089581915895,0.021541518901796456,0.0,0.0,none
lunarlander,heuristic,17,197,-0.28057475884755456,1.0,-0.40512198209762573,0.368666572868824,1,main_engine,0.0,1.0,0.0,-5.996254171478138,0.012184722624046155,0.0,0.0,none
lunarlander,heuristic,17,198,-0.2910011261701584,1.0,-0.4097449481487274,0.372954522818327,1,main_engine,0.0,1.0,0.0,-6.851203617509788,0.02711588748742896,0.0,0.0,none
lunarlander,heuristic,17,199,-0.3015476961930593,1.0,-0.4301322102546692,0.38739061504602434,1,main_engine,0.0,1.0,0.0,-3.8475381704708274,0.015681643477095657,0.0,0.0,none
lunarlander,heuristic,17,200,-0.31213772793610894,1.0,-0.4302452504634857,0.3989557519555092,1,main_engine,0.0,1.0,0.0,-8.748935580243618,0.01877321098765927,1.0,1.0,lunarlander_engine_fault
lunarlander,heuristic,17,201,-0.3231058021386465,1.0,-0.44509488344192505,0.4023650333285332,1,main_engine,0.0,1.0,0.0,-8.313154245409459,0.018622529282210448,1.0,0.0,lunarlander_engine_fault
lunarlander,heuristic,17,202,-0.33441193401813507,1.0,-0.4592188596725464,0.40677901953458784,1,main_engine,0.0,1.0,0.0,-1.5818326737028245,0.019133889146349576,1.0,0.0,lunarlander_engine_fault
lunarlander,heuristic,17,203,-0.34571821490923565,1.0,-0.445883184671402,0.4145529180765152,1,main_engine,0.0,1.0,0.0,-6.97195553042497,0.012604607230456753,1.0,0.0,lunarlander_engine_fault
lunarlander,heuristic,17,204,-0.35734442373116815,1.0,-0.450519859790802,0.41603906601667406,1,main_engine,0.0,1.0,0.0,-6.748554304749463,0.017377072439802636,1.0,0.0,lunarlander_engine_fault
lunarlander,heuristic,17,205,-0.36919323106606805,1.0,-0.46096453070640564,0.4232831850647926,1,main_engine,0.0,1.0,0.0,-1.5851701380116128,0.01917040010214177,1.0,0.0,lunarlander_engine_fault
lunarlander,heuristic,17,206,-0.3810421129067739,1.0,-0.44762927293777466,0.4303030952811241,1,main_engine,0.0,1.0,0.0,-1.5618224127584404,0.019170521612668974,1.0,0.0,lunarlander_engine_fault
lunarlander,heuristic,17,207,-0.3928912182648977,1.0,-0.4342940151691437,0.43732296004891397,1,main_engine,0.0,1.0,0.0,-1.539263585311387,0.019170590922644254,1.0,0.0,lunarlander_engine_fault
lunarlander,heuristic,17,208,-0.40474042296409607,1.0,-0.4209587275981903,0.444342789798975,1,main_engine,0.0,1.0,0.0,-1.517616202448089,0.019170630651691795,1.0,0.0,lunarlander_engine_fault
lunarlander,heuristic,17,209,-0.41658977667490643,1.0,-0.4076234996318817,0.4513625897467136,1,main_engine,0.0,1.0,0.0,-4.484604073297668,0.016225165001496258,1.0,0.0,lunarlander_engine_fault
lunarlander,heuristic,17,210,-0.4285278916358948,1.0,-0.41069185733795166,0.4619135409593582,1,main_engine,0.0,1.0,0.0,-1.5621613777770131,0.01939141491096463,1.0,0.0,lunarlander_engine_fault
lunarlander,heuristic,17,211,-0.4404662052790324,1.0,-0.3973563611507416,0.4693746522068977,1,main_engine,0.0,1.0,0.0,-1.54195036392176,0.01939151467700141,1.0,0.0,lunarlander_engine_fault
lunarlander,heuristic,17,212,-0.452404667933782,1.0,-0.3840208649635315,0.47683578431606294,1,main_engine,0.0,1.0,0.0,-1.5226316542923155,0.019391578520639267,1.0,0.0,lunarlander_engine_fault
lunarlander,heuristic,17,213,-0.4643433292706808,1.0,-0.3706854283809662,0.4842968709766865,1,main_engine,0.0,1.0,0.0,-4.341933746670402,0.014468919646044237,1.0,0.0,lunarlander_engine_fault
lunarlander,heuristic,17,214,-0.47641128301620483,1.0,-0.36945831775665283,0.49218409657478335,1,main_engine,0.0,1.0,0.0,-8.170907287654705,0.015808564316725917,1.0,0.0,lunarlander_engine_fault
lunarlander,heuristic,17,215,-0.48888176679611206,1.0,-0.3789481520652771,0.49426755160093305,1,main_engine,0.0,1.0,0.0,-1.5231547206966525,0.019495327065756237,1.0,0.0,lunarlander_engine_fault
lunarlander,heuristic,17,216,-0.5013524989287059,1.0,-0.36561304330825806,0.5011030100286007,1,main_engine,0.0,1.0,0.0,-6.265310334081193,0.02174062809529169,1.0,0.0,lunarlander_engine_fault
lunarlander,heuristic,17,217,-0.5140042304992676,1.0,-0.37830156087875366,0.5134152039885521,1,main_engine,0.0,1.0,0.0,-1.6210507905759415,0.01986090956759039,1.0,0.0,lunarlander_engine_fault
lunarlander,heuristic,17,218,-0.5266561607519786,1.0,-0.36496609449386597,0.5209351591765881,1,main_engine,0.0,1.0,0.0,-4.743627196784309,0.014266187409856362,1.0,0.0,lunarlander_engine_fault
lunarlander,heuristic,17,219,-0.5394909282525381,1.0,-0.3617575764656067,0.5262735351920128,1,main_engine,0.0,1.0,0.0,-5.66929853446326,0.0169665902888633,1.0,0.0,lunarlander_engine_fault
lunarlander,heuristic,17,220,-0.5525152881940206,1.0,-0.36727288365364075,0.5356443740427494,1,main_engine,0.0,1.0,0.0,-1.655615569493457,0.020097536085571535,1.0,0.0,lunarlander_engine_fault
lunarlander,heuristic,17,221,-0.5655398468176525,1.0,-0.3539374768733978,0.54315694719553,1,main_engine,0.0,1.0,0.0,-4.894191115630208,0.016935170342464806,1.0,0.0,lunarlander_engine_fault
lunarlander,heuristic,17,222,-0.5787046253681183,1.0,-0.35646021366119385,0.5535070389509201,1,main_engine,0.0,1.0,0.0,-1.6978315000723956,0.020323631085383858,1.0,0.0,lunarlander_engine_fault
lunarlander,heuristic,17,223,-0.5918696522712708,1.0,-0.3431245982646942,0.5613742753863334,1,main_engine,0.0,1.0,0.0,-5.768921120342923,0.01595098410744829,1.0,0.0,lunarlander_engine_fault
lunarlander,heuristic,17,224,-0.6052548189957937,1.0,-0.3461434543132782,0.5695080146193504,1,main_engine,0.0,1.0,0.0,-1.7168590848045573,0.020479860463646953,1.0,0.0,lunarlander_engine_fault
lunarlander,heuristic,17,225,-0.6186402340730032,1.0,-0.33280786871910095,0.5774084895849227,1,main_engine,0.0,1.0,0.0,-1.6999986954843758,0.020479986733229944,1.0,0.0,lunarlander_engine_fault
lunarlander,heuristic,17,226,-0.6320258478323619,1.0,-0.3194722533226013,0.5853089049458504,1,main_engine,0.0,1.0,0.0,-4.810577655002614,0.017565614023182952,1.0,0.0,lunarlander_engine_fault
lunarlander,heuristic,17,227,-0.645553469657898,1.0,-0.32135406136512756,0.5963548563420773,1,main_engine,0.0,1.0,0.0,-1.746478572638539,0.02072753435888275,1.0,0.0,lunarlander_engine_fault
lunarlander,heuristic,17,228,-0.659081389506658,1.0,-0.3080182671546936,0.6046483874320984,1,main_engine,0.0,1.0,0.0,-1.7308631449080212,0.020727710161397846,1.0,0.0,lunarlander_engine_fault
lunarlander,heuristic,17,229,-0.6726095577081045,1.0,-0.29468247294425964,0.6129419527947902,1,main_engine,0.0,1.0,0.0,-1.7160207319138954,0.02072786271285542,1.0,0.0,lunarlander_engine_fault
lunarlander,heuristic,17,230,-0.6861379742622375,1.0,-0.2813466787338257,0.6212354943156242,1,main_engine,0.0,1.0,0.0,-5.886128808013386,0.017251207556479128,1.0,0.0,lunarlander_engine_fault
lunarlander,heuristic,17,231,-0.6999018788337708,1.0,-0.2851921021938324,0.6308984033763408,1,main_engine,0.0,1.0,0.0,-1.7532973846391906,0.02095099055145613,1.0,0.0,lunarlander_engine_fault
lunarlander,heuristic,17,232,-0.7136660814285278,1.0,-0.2718562185764313,0.6393627367913723,1,main_engine,0.0,1.0,0.0,-6.887240566580871,0.014356333567060802,1.0,0.0,lunarlander_engine_fault
lunarlander,heuristic,17,233,-0.7277955611546835,1.0,-0.27087315917015076,0.6417070299386978,1,main_engine,0.0,1.0,0.0,-1.7004937809940635,0.02089890153533356,1.0,0.0,lunarlander_engine_fault
lunarlander,heuristic,17,234,-0.7419252892335256,1.0,-0.25753775238990784,0.6494064971804618,1,main_engine,0.0,1.0,0.0,-8.425479676810138,0.022824831822730797,1.0,0.0,lunarlander_engine_fault
lunarlander,heuristic,17,235,-0.7564606269200643,1.0,-0.271944135427475,0.6595135755836964,1,main_engine,0.0,1.0,0.0,-8.364164279939468,0.021896385016147525,1.0,0.0,lunarlander_engine_fault
lunarlander,heuristic,17,236,-0.771396557490031,1.0,-0.28461989760398865,0.6692959427833557,1,main_engine,0.0,1.0,0.0,-4.227239801166549,0.020503940975501195,1.0,0.0,lunarlander_engine_fault
lunarlander,heuristic,17,237,-0.7864236334959667,1.0,-0.2852916121482849,0.6832296207547188,1,main_engine,0.0,1.0,0.0,-1.9560864781564213,0.021989610678195447,1.0,0.0,lunarlander_engine_fault
lunarlander,heuristic,17,238,-0.8014511068662008,1.0,-0.27195554971694946,0.69216648042202,1,main_engine,0.0,1.0,0.0,-1.9412253311288827,0.02198974984970356,1.0,0.0,lunarlander_engine_fault
lunarlander,heuristic,17,239,-0.8164788782596588,1.0,-0.258619487285614,0.7011031813919544,1,main_engine,0.0,1.0,0.0,-1.927046795212059,0.0219899474965379,1.0,0.0,lunarlander_engine_fault
lunarlander,heuristic,17,240,-0.831506997346878,1.0,-0.24528342485427856,0.710039784014225,1,main_engine,0.0,1.0,0.0,-100.03843318372965,1.0711314298512056,1.0,0.0,lunarlander_engine_fault
lunarlander,heuristic,17,241,-0.0030802884915222726,0.9469532171885172,-0.21132110059261322,0.033974456228315825,1,main_engine,0.0,1.0,0.0,0.6162358742111315,0.015001478789427463,1.0,0.0,lunarlander_engine_fault
lunarlander,heuristic,17,242,-0.006160974347343048,0.95290740331014,-0.19846408069133759,0.03782133124768734,1,main_engine,0.0,1.0,0.0,0.6474683933185668,0.015326667981620403,1.0,0.0,lunarlander_engine_fault
lunarlander,heuristic,17,243,-0.009241739753633738,0.9584623177846273,-0.18515372276306152,0.041991814784705636,1,main_engine,0.0,1.0,0.0,0.6417613341269134,0.0152125031428569,1.0,0.0,lunarlander_engine_fault
lunarlander,heuristic,17,244,-0.012322664260864258,0.9636174837748209,-0.17181791365146637,0.046176144480705256,1,main_engine,0.0,1.0,0.0,0.6245425435462642,0.015080704283803651,1.0,0.0,lunarlander_engine_fault
lunarlander,heuristic,17,245,-0.015403747869034609,0.9683727423350016,-0.15848274528980255,0.050358890742063525,1,main_engine,0.0,1.0,0.0,0.5988345379104578,0.014958980749497926,1.0,0.0,lunarlander_engine_fault
lunarlander,heuristic,17,246,-0.01848483147720496,0.9727282524108887,-0.14514793455600739,0.05454104132950306,1,main_engine,0.0,1.0,0.0,0.5639061093756231,0.01484725010212421,1.0,0.0,lunarlander_engine_fault
lunarlander,heuristic,17,247,-0.021566073410212994,0.976683775583903,-0.1318131685256958,0.05872250460088253,1,main_engine,0.0,1.0,0.0,0.5188887041901649,0.014745655184968088,1.0,0.0,lunarlander_engine_fault
lunarlander,heuristic,17,248,-0.024647473668058716,0.980239470799764,-0.11847835034132004,0.06290329098701478,1,main_engine,0.0,1.0,0.0,0.4631025246366744,0.014654242674990166,1.0,0.0,lunarlander_engine_fault
lunarlander,heuristic,17,249,-0.027728956192731857,0.9833952585856119,-0.1051434800028801,0.06708342619240285,1,main_engine,0.0,1.0,0.0,-4.096784553480704,0.021486125518965792,1.0,0.0,lunarlander_engine_fault
lunarlander,heuristic,17,250,-0.03087600072224935,0.9871734778086344,-0.12588931620121002,0.06974520012736321,1,main_engine,0.0,1.0,0.0,0.49175634392359596,0.01467080376446597,1.0,0.0,lunarlander_engine_fault
lunarlander,heuristic,17,251,-0.034023125966389976,0.9905517896016439,-0.11254812777042389,0.07373616322875023,1,main_engine,0.0,1.0,0.0,0.4304580802050043,0.014574842180975605,1.0,0.0,lunarlander_engine_fault
lunarlander,heuristic,17,252,-0.03717033192515373,0.9935301939646403,-0.09921606630086899,0.07772444151341915,1,main_engine,0.0,1.0,0.0,0.3594680518942812,0.01450098929272257,1.0,0.0,lunarlander_engine_fault
lunarlander,heuristic,17,253,-0.040317693104346596,0.9961086908976237,-0.08588124811649323,0.0817127726972103,1,main_engine,0.0,1.0,0.0,-3.6978663898183526,0.011406256679757544,1.0,0.0,lunarlander_engine_fault
lunarlander,heuristic,17,254,-0.04363290344675382,0.9989959398905436,-0.09618069976568222,0.07954547926783562,1,main_engine,0.0,1.0,0.0,-3.940466632530632,0.018106079335865072,1.0,0.0,lunarlander_engine_fault
lunarlander,heuristic,17,255,-0.04706414416432381,1.0,-0.11393029987812042,0.07952950429171324,1,main_engine,0.0,1.0,0.0,0.4696845808937337,0.014057196761431353,1.0,0.0,lunarlander_engine_fault
lunarlander,heuristic,17,256,-0.0504953848818938,1.0,-0.10059208422899246,0.08234435264021159,1,main_engine,0.0,1.0,0.0,-3.627686050324017,0.014770427646302651,1.0,0.0,lunarlander_engine_fault
lunarlander,heuristic,17,257,-0.0540471076965332,1.0,-0.11491427570581436,0.08169195000082255,1,main_engine,0.0,1.0,0.0,0.48309964564288405,0.014008737154079057,1.0,0.0,lunarlander_engine_fault
lunarlander,heuristic,17,258,-0.057598749796549484,1.0,-0.10157463699579239,0.08407618869096041,1,main_engine,0.0,1.0,0.0,0.4186096984428025,0.014001090736324788,1.0,0.0,lunarlander_engine_fault
lunarlander,heuristic,17,259,-0.06115047261118889,1.0,-0.08824218064546585,0.08645556140691042,1,main_engine,0.0,1.0,0.0,0.34640318058012326,0.014003300107265323,1.0,0.0,lunarlander_engine_fault
lunarlander,heuristic,17,260,-0.0647023506462574,1.0,-0.07490763813257217,0.08883601352572441,1,main_engine,0.0,1.0,0.0,0.2655807260027279,0.014003403330223794,1.0,0.0,lunarlander_engine_fault
lunarlander,heuristic,17,261,-0.06825415417551994,1.0,-0.061572909355163574,0.09121614061295986,1,main_engine,0.0,1.0,0.0,0.17704775155008975,0.014003440899007185,1.0,0.0,lunarlander_engine_fault
lunarlander,heuristic,17,262,-0.0718061129252116,1.0,-0.0482381135225296,0.09359588138759137,1,main_engine,0.0,1.0,0.0,0.0817450040577262,0.014003428179205519,1.0,0.0,lunarlander_engine_fault
lunarlander,heuristic,17,263,-0.07535815238952637,1.0,-0.034903302788734436,0.09597534332424403,1,main_engine,0.0,1.0,0.0,-0.09896130477180234,0.009319583620380408,1.0,0.0,lunarlander_engine_fault
lunarlander,heuristic,17,264,-0.07883183037241301,1.0,-0.03933035582304001,0.10340430028736591,1,main_engine,0.0,1.0,0.0,-0.041454759578908804,0.014106771302183017,1.0,0.0,lunarlander_engine_fault
lunarlander,heuristic,17,265,-0.08230558906992277,1.0,-0.02599223330616951,0.10640904400497675,1,main_engine,0.0,1.0,0.0,-0.12841697508477637,0.014553670721658132,1.0,0.0,lunarlander_engine_fault
lunarlander,heuristic,17,266,-0.08577839781840643,1.0,-0.01218352373689413,0.10942043419927358,1,main_engine,0.0,1.0,0.0,-1.3730738995214415,0.015331985143885755,1.0,0.0,lunarlander_engine_fault
lunarlander,heuristic,17,267,-0.08927814041574797,1.0,-0.026409737765789032,0.11394109837710857,1,main_engine,0.0,1.0,0.0,-0.16800615668599903,0.014152033914367253,1.0,0.0,lunarlander_engine_fault
lunarlander,heuristic,17,268,-0.09277780850728354,1.0,-0.013075978495180607,0.1171416062861681,1,main_engine,0.0,1.0,0.0,-1.5519840925875497,0.008620159149269425,1.0,0.0,lunarlander_engine_fault
lunarlander,heuristic,17,269,-0.09633572772145271,1.0,-0.020414380356669426,0.11993377618491649,1,main_engine,0.0,1.0,0.0,-0.21665776885476135,0.014155085565707493,1.0,0.0,lunarlander_engine_fault
lunarlander,heuristic,17,270,-0.0998936469356219,1.0,-0.0070806327275931835,0.1230831939727068,1,main_engine,0.0,1.0,0.0,-0.3231119311612611,0.014155094499452795,1.0,0.0,lunarlander_engine_fault
lunarlander,heuristic,17,271,-0.10345157235860825,1.0,0.006253111641854048,0.12623265869915484,1,main_engine,0.0,1.0,0.0,-0.4296357704334969,0.01415511055032269,1.0,0.0,lunarlander_engine_fault
lunarlander,heuristic,17,272,-0.10700957228740057,1.0,0.019586855545639992,0.1293821133673191,1,main_engine,0.0,1.0,0.0,-0.5343829578006808,0.01415508199164337,1.0,0.0,lunarlander_engine_fault
lunarlander,heuristic,17,273,-0.1105674852927526,1.0,0.03292060270905495,0.13253152407705784,1,main_engine,0.0,1.0,0.0,-2.616108802079972,0.007002981161474687,1.0,0.0,lunarlander_engine_fault
lunarlander,heuristic,17,274,-0.11432544638713202,1.0,0.028133593499660492,0.12906684279441832,1,main_engine,0.0,1.0,0.0,-1.7673216119390462,0.01209517296119487,1.0,0.0,lunarlander_engine_fault
lunarlander,heuristic,17,275,-0.11821302274862926,1.0,0.016684265807271004,0.12876212261617184,1,main_engine,0.0,1.0,0.0,-0.3803981267691631,0.014031105088417845,1.0,0.0,lunarlander_engine_fault
lunarlander,heuristic,17,276,-0.1221005121866862,1.0,0.03001776523888111,0.1307563966140151,1,main_engine,0.0,1.0,0.0,-0.47030026578603157,0.014031129035770263,1.0,0.0,lunarlander_engine_fault
lunarlander,heuristic,17,277,-0.12598808854818344,1.0,0.04335126653313637,0.1327506572008133,1,main_engine,0.0,1.0,0.0,-0.5564546762444138,0.014031102679274399,1.0,0.0,lunarlander_engine_fault
lunarlander,heuristic,17,278,-0.1298755779862404,1.0,0.056684765964746475,0.1347449142485857,1,main_engine,0.0,1.0,0.0,-0.6377153866484297,0.014031144413754299,1.0,0.0,lunarlander_engine_fault
lunarlander,heuristic,17,279,-0.13376315434773764,1.0,0.07001826912164688,0.13673927057534457,1,main_engine,0.0,1.0,0.0,-0.713248733419664,0.0140311207415531,1.0,0.0,lunarlander_engine_fault
lunarlander,heuristic,17,280,-0.1376507307092349,1.0,0.08335176110267639,0.13873353507369757,1,main_engine,0.0,1.0,0.0,-1.3618583714238468,0.008679203969153849,1.0,0.0,lunarlander_engine_fault
lunarlander,heuristic,17,281,-0.14168818791707358,1.0,0.07586847245693207,0.13699344545602798,1,main_engine,0.0,1.0,0.0,-1.5305585011216545,0.017481394558532364,1.0,0.0,lunarlander_engine_fault
lunarlander,heuristic,17,282,-0.14592107385396957,1.0,0.05915476009249687,0.1341066390275955,1,main_engine,0.0,1.0,0.0,-1.3419820393225097,0.014496450426770278,1.0,0.0,lunarlander_engine_fault
lunarlander,heuristic,17,283,-0.15029724687337875,1.0,0.04541957378387451,0.1325766580644995,1,main_engine,0.0,1.0,0.0,-0.3919337549049999,0.01404877744453049,1.0,0.0,lunarlander_engine_fault
lunarlander,heuristic,17,284,-0.15467341989278793,1.0,0.05875292792916298,0.13323917193338275,1,main_engine,0.0,1.0,0.0,-2.301256257717207,0.02161475045858164,1.0,0.0,lunarlander_engine_fault
lunarlander,heuristic,17,285,-0.1592956359187762,1.0,0.038333818316459656,0.12786399574833923,1,main_engine,0.0,1.0,0.0,-1.6014608998064024,0.014833761320323921,1.0,0.0,lunarlander_engine_fault
lunarlander,heuristic,17,286,-0.16406115144491196,1.0,0.024519117549061775,0.12531755128875374,1,main_engine,0.0,1.0,0.0,-0.1622148055567345,0.014165022235541887,1.0,0.0,lunarlander_engine_fault
lunarlander,heuristic,17,287,-0.1688267042239507,1.0,0.037852462381124496,0.12491845577023923,1,main_engine,0.0,1.0,0.0,-0.4042052605800086,0.014491215945471612,1.0,0.0,lunarlander_engine_fault
lunarlander,heuristic,17,288,-0.1736259087920189,1.0,0.024313678964972496,0.12683269679546355,1,main_engine,0.0,1.0,0.0,-0.1930215018291483,0.014171168569232397,1.0,0.0,lunarlander_engine_fault
lunarlander,heuristic,17,289,-0.1784251133600871,1.0,0.037647005170583725,0.12672284950967877,1,main_engine,0.0,1.0,0.0,-1.2720386998692903,0.015104116439280502,1.0,0.0,lunarlander_engine_fault
lunarlander,heuristic,17,290,-0.183334785203139,1.0,0.023404568433761597,0.12563544360455126,1,main_engine,0.0,1.0,0.0,-0.17712930363397505,0.01421044121905157,1.0,0.0,lunarlander_engine_fault
lunarlander,heuristic,17,291,-0.18824445704619092,1.0,0.03673790767788887,0.125403437926434,1,main_engine,0.0,1.0,0.0,0.017610121764754478,0.01653502308830279,1.0,0.0,lunarlander_engine_fault
lunarlander,heuristic,17,292,-0.1931453992923101,0.9994470278422037,0.021516215056180954,0.12957261640112847,1,main_engine,0.0,1.0,0.0,-0.2287354367894693,0.014247468241976091,1.0,0.0,lunarlander_engine_fault
lunarlander,heuristic,17,293,-0.19804632912079495,0.998401959737142,0.03484955057501793,0.1298907904420048,1,main_engine,0.0,1.0,0.0,-0.2902616516817966,0.01428238373531617,1.0,0.0,lunarlander_engine_fault
lunarlander,heuristic,17,294,-0.20294725894927979,0.9969569047292074,0.0481828898191452,0.1302089925855398,1,main_engine,0.0,1.0,0.0,-0.3496819462465976,0.014328368205967399,1.0,0.0,lunarlander_engine_fault
lunarlander,heuristic,17,295,-0.20784815152486166,0.9951118628184,0.061516229063272476,0.13052722576539963,1,main_engine,0.0,1.0,0.0,-0.4064310137891016,0.014385385802110197,1.0,0.0,lunarlander_engine_fault
lunarlander,heuristic,17,296,-0.21274909377098083,0.9928666750590006,0.07484956830739975,0.13084548085462303,1,main_engine,0.0,1.0,0.0,-0.4600023120970229,0.014453187953466498,1.0,0.0,lunarlander_engine_fault
lunarlander,heuristic,17,297,-0.21765001118183136,0.9902215798695883,0.08818290382623672,0.13116373536176978,1,main_engine,0.0,1.0,0.0,-0.5099628531682038,0.014531696899024282,1.0,0.0,lunarlander_engine_fault
lunarlander,heuristic,17,298,-0.22255095342795056,0.9871765772501627,0.1015162318944931,0.13148201438598334,1,main_engine,0.0,1.0,0.0,-0.5559147350643979,0.01462077937117406,1.0,0.0,lunarlander_engine_fault
lunarlander,heuristic,17,299,-0.22745187083880108,0.9837314287821451,0.11484956741333008,0.1318003128748387,1,main_engine,0.0,1.0,0.0,-0.08004376403662035,0.01780884319810174,1.0,0.0,lunarlander_engine_fault
lunarlander,heuristic,17,300,-0.23245975375175476,0.9807914098103842,0.09801425784826279,0.13173215806018562,1,main_engine,0.0,1.0,0.0,-0.6117269477578304,0.11039592353326497,1.0,1.0,lunarlander_engine_fault|lunarlander_navigation_noise
lunarlander,heuristic,17,301,-0.3272536722016165,0.9649697889735787,0.151430175448697,0.12184332503078153,1,main_engine,0.0,1.0,0.0,-1.6574793856826207,0.12838190157174975,1.0,0.0,lunarlander_navigation_noise
lunarlander,heuristic,17,302,-0.2347561616891226,0.8965277614552933,0.09654928756677396,0.1066808643252235,1,main_engine,0.0,1.0,0.0,1.0144483574163108,0.09142590418193994,1.0,0.0,lunarlander_navigation_noise
lunarlander,heuristic,17,303,-0.19926735829364,0.9796692327328654,0.09231802177496844,0.09368729158167853,1,main_engine,0.0,1.0,0.0,-1.956573168632058,0.1298341234170299,1.0,0.0,lunarlander_navigation_noise
lunarlander,heuristic,17,304,-0.29688969898566386,0.9686560813970733,0.1445399339681,0.02676673729656541,1,main_engine,0.0,1.0,0.0,-0.4602907920502116,0.17549463736112392,1.0,0.0,lunarlander_navigation_noise
lunarlander,heuristic,17,305,-0.4052080459020546,1.0,0.14103433879029625,0.16119431271498647,1,main_engine,0.0,1.0,0.0,-1.918855320163591,0.23105149352470056,1.0,0.0,lunarlander_navigation_noise
lunarlander,heuristic,17,306,-0.2440774732447146,0.9460620557775378,0.02091257636859187,0.06077921633565428,1,main_engine,0.0,1.0,0.0,-0.7389238137151642,0.09880764922378225,1.0,0.0,lunarlander_navigation_noise
lunarlander,heuristic,17,307,-0.23707460995831212,0.9558084911996177,-0.07033327828027047,0.09673908920645106,1,main_engine,0.0,1.0,0.0,-2.565228251909658,0.21904891728849935,1.0,0.0,lunarlander_navigation_noise
lunarlander,heuristic,17,308,-0.3036421295213787,0.9318606512700489,0.12188634784970905,0.17438771957198443,1,main_engine,0.0,1.0,0.0,-2.19770610476177,0.1675177444674103,1.0,0.0,lunarlander_navigation_noise
lunarlander,heuristic,17,309,-0.44727633688992186,0.991823567349779,0.06048347385226685,0.18248370284323737,1,main_engine,0.0,1.0,0.0,-1.643900974512402,0.251447824854926,1.0,0.0,lunarlander_navigation_noise
lunarlander,heuristic,17,310,-0.24468253903252407,0.8610543412116374,0.0499660478388119,0.11198154018653249,1,main_engine,0.0,1.0,0.0,0.7021968894489123,0.20957266135920397,1.0,0.0,lunarlander_navigation_noise
lunarlander,heuristic,17,311,-0.21521555435035988,0.9912705885030637,-0.07757376793356235,0.2111264923374495,1,main_engine,0.0,1.0,0.0,0.1388815546836918,0.21756632162267234,1.0,0.0,lunarlander_navigation_noise
lunarlander,heuristic,17,312,-0.3613402279911739,1.0,0.024312755149321415,0.086524655084607,1,main_engine,0.0,1.0,0.0,-0.7833576915922424,0.13274729643363672,1.0,0.0,lunarlander_navigation_noise
lunarlander,heuristic,17,313,-0.4241418914526943,0.9211413070854233,-0.059363487115454534,0.10791130534023988,1,main_engine,0.0,1.0,0.0,-2.6911440382484555,0.15566614701002132,1.0,0.0,lunarlander_navigation_noise
lunarlander,heuristic,17,314,-0.32214151767813487,1.0,-0.004426316971193542,0.1756688655320055,1,main_engine,0.0,1.0,0.0,-2.161798853234112,0.08450621685586417,1.0,0.0,lunarlander_navigation_noise
lunarlander,heuristic,17,315,-0.3786834650191062,0.9450352078620621,0.021626764605602512,0.16003500984099786,1,main_engine,0.0,1.0,0.0,-2.6624751152991393,0.1544406233771775,1.0,0.0,lunarlander_navigation_noise
lunarlander,heuristic,17,316,-0.2875968454295821,0.9461045639094795,-0.09736319791308409,0.19738978434613869,1,main_engine,0.0,1.0,0.0,-0.05964353427377658,0.17496436602567308,1.0,0.0,lunarlander_navigation_noise
lunarlander,heuristic,17,317,-0.3671124377654639,0.9507209776349989,0.03254722364892819,0.11141437479122786,1,main_engine,0.0,1.0,0.0,-0.6681499122293542,0.13155307920161455,1.0,0.0,lunarlander_navigation_noise
lunarlander,heuristic,17,318,-0.37076333118489885,1.0,-0.0686669302014942,0.17938610891475118,1,main_engine,0.0,1.0,0.0,-0.8051498837283134,0.1481971907403091,1.0,0.0,lunarlander_navigation_noise
lunarlander,heuristic,17,319,-0.35038028298697227,0.9307616220866582,0.060760019712391394,0.18067076816855232,1,main_engine,0.0,1.0,0.0,-2.467601935268018,0.23420291606182642,1.0,0.0,lunarlander_navigation_noise
lunarlander,heuristic,17,320,-0.34254766991654956,0.970300173471766,-0.14768067520162764,0.08178277232234261,1,main_engine,0.0,1.0,0.0,-2.0417480725370525,0.16212672574869225,1.0,0.0,lunarlander_navigation_noise
lunarlander,heuristic,17,321,-0.4242504876044835,1.0,-0.011166975852742914,0.09135643296595308,1,main_engine,0.0,1.0,0.0,-1.1424429238922336,0.10259962865982729,1.0,0.0,lunarlander_navigation_noise
lunarlander,heuristic,17,322,-0.3898930769613502,1.0,-0.09329589179961956,0.14235734766779387,1,main_engine,0.0,1.0,0.0,-1.4393471761994374,0.08946924736117,1.0,0.0,lunarlander_navigation_noise
lunarlander,heuristic,17,323,-0.3441645373920623,1.0,-0.07467937941771734,0.06774453134935716,1,main_engine,0.0,1.0,0.0,-2.141247295104633,0.13181778389755744,1.0,0.0,lunarlander_navigation_noise
lunarlander,heuristic,17,324,-0.3391603811585403,0.8819644653198342,-0.11619232581986529,0.10891702709388813,1,main_engine,0.0,1.0,0.0,-2.4249431619817527,0.1316976365326193,1.0,0.0,lunarlander_navigation_noise
lunarlander,heuristic,17,325,-0.36406692688898945,0.9814926149583636,-0.10840943241763105,0.02671297945707829,1,main_engine,0.0,1.0,0.0,-3.281084995779972,0.11824710534996898,1.0,0.0,lunarlander_navigation_noise
lunarlander,heuristic,17,326,-0.41845252203612704,0.952732111413157,-0.10872506175539258,0.12769475394181196,1,main_engine,0.0,1.0,0.0,-1.8239956155133326,0.0704708092815572,1.0,0.0,lunarlander_navigation_noise
lunarlander,heuristic,17,327,-0.4215900632120035,0.9711905203119052,-0.17520595499519315,0.11369944147184051,1,main_engine,0.0,1.0,0.0,-2.1717556955236645,0.06693661900719519,1.0,0.0,lunarlander_navigation_noise
lunarlander,heuristic,17,328,-0.3823118230511308,1.0,-0.16077908250258374,0.07011492536620434,1,main_engine,0.0,1.0,0.0,-5.423174077073406,0.10478973093675584,1.0,0.0,lunarlander_navigation_noise
lunarlander,heuristic,17,329,-0.4560156277735084,1.0,-0.22796077903735162,0.10229032792706863,1,main_engine,0.0,1.0,0.0,-3.5908531696371595,0.09532534676101709,1.0,0.0,lunarlander_navigation_noise
lunarlander,heuristic,17,330,-0.5410190828114094,1.0,-0.18736360459571946,0.0876888282067187,1,main_engine,0.0,1.0,0.0,-3.220733488759124,0.1139771912467055,1.0,0.0,lunarlander_navigation_noise
lunarlander,heuristic,17,331,-0.43843958390042453,1.0,-0.20641087137201308,0.13357399090679015,1,main_engine,0.0,1.0,0.0,-2.824077044560913,0.12385812458229492,1.0,0.0,lunarlander_navigation_noise
lunarlander,heuristic,17,332,-0.43432919692447375,0.9352670004938973,-0.30267197823412634,0.17678715816602897,1,main_engine,0.0,1.0,0.0,-5.691453566567616,0.17282642619890487,1.0,0.0,lunarlander_navigation_noise
lunarlander,heuristic,17,333,-0.4706361203192413,1.0,-0.16964604239311784,0.09515064626811168,1,main_engine,0.0,1.0,0.0,-2.7772439770221147,0.047734530324457666,1.0,0.0,lunarlander_navigation_noise
lunarlander,heuristic,17,334,-0.4831510665194689,0.9687857964922347,-0.14762685511645118,0.12089536219105154,1,main_engine,0.0,1.0,0.0,-2.1835335975863246,0.14755172776395606,1.0,0.0,lunarlander_navigation_noise
lunarlander,heuristic,17,335,-0.4696246377588249,1.0,-0.28835623666898486,0.09244430318916137,1,main_engine,0.0,1.0,0.0,-5.424346627128054,0.04355998379767814,1.0,0.0,lunarlander_navigation_noise
lunarlander,heuristic,17,336,-0.4941054824122764,0.995234754135996,-0.323302144602964,0.08507976762790553,1,main_engine,0.0,1.0,0.0,-4.636332454654662,0.0804157532607507,1.0,0.0,lunarlander_navigation_noise
lunarlander,heuristic,17,337,-0.46434205677723256,0.9456202238101635,-0.328089643879335,0.14072426509339572,1,main_engine,0.0,1.0,0.0,-2.951212498675172,0.11770337372189321,1.0,0.0,lunarlander_navigation_noise
lunarlander,heuristic,17,338,-0.5324534890319332,0.9871836340223316,-0.24271135969396654,0.12665484780530267,1,main_engine,0.0,1.0,0.0,-3.8447054267714385,0.19767744104876106,1.0,0.0,lunarlander_navigation_noise
lunarlander,heuristic,17,339,-0.3915683923834359,0.9928397112474897,-0.38003830541235906,0.14501455945910283,1,main_engine,0.0,1.0,0.0,-2.734146538157474,0.09542422475446462,1.0,0.0,lunarlander_navigation_noise
lunarlander,heuristic,17,340,-0.4830944776955766,1.0,-0.37593662154595403,0.11931115828598837,1,main_engine,0.0,1.0,0.0,-3.356583315330065,0.12732458036841893,1.0,0.0,lunarlander_navigation_noise
lunarlander,heuristic,17,341,-0.4446537579515959,1.0,-0.2567183617850161,0.09648866124617622,1,main_engine,0.0,1.0,0.0,-3.2496153522993607,0.04763055670091804,1.0,0.0,lunarlander_navigation_noise
lunarlander,heuristic,17,342,-0.4853039168190798,0.9990108958295323,-0.23603881155385564,0.0827914939892372,1,main_engine,0.0,1.0,0.0,-5.8271166269949415,0.0981128456810334,1.0,0.0,lunarlander_navigation_noise
lunarlander,heuristic,17,343,-0.4548885367404126,1.0,-0.328500158622719,0.09507791386858572,1,main_engine,0.0,1.0,0.0,-4.4634231947325995,0.15047818963287998,1.0,0.0,lunarlander_navigation_noise
lunarlander,heuristic,17,344,-0.5818414406172903,0.9213886196276726,-0.3243091785028639,0.07693039850120051,1,main_engine,0.0,1.0,0.0,-4.7636768368777025,0.17267473446690387,1.0,0.0,lunarlander_navigation_noise
lunarlander,heuristic,17,345,-0.4742962281752277,1.0,-0.3309770476862004,0.18659525887369433,1,main_engine,0.0,1.0,0.0,-4.483594990797271,0.16592461648000928,1.0,0.0,lunarlander_navigation_noise
lunarlander,heuristic,17,346,-0.5462985258034888,1.0,-0.45600507403669793,0.10465235120506954,1,main_engine,0.0,1.0,0.0,-5.129258833344808,0.16770306421031736,1.0,0.0,lunarlander_navigation_noise
lunarlander,heuristic,17,347,-0.4986751372401353,0.9921235821274951,-0.29791168391496564,0.1329502777826321,1,main_engine,0.0,1.0,0.0,-4.119498980402182,0.13131595732484258,1.0,0.0,lunarlander_navigation_noise
lunarlander,heuristic,17,348,-0.6024119825941038,1.0,-0.37504703053145405,0.11125585665648585,1,main_engine,0.0,1.0,0.0,-4.476694774136831,0.08174291002175683,1.0,0.0,lunarlander_navigation_noise
lunarlander,heuristic,17,349,-0.5712105384215089,0.9593555128675026,-0.41252363830866423,0.16275248524146108,1,main_engine,0.0,1.0,0.0,-4.3966372357769545,0.07243603770752205,1.0,0.0,lunarlander_navigation_noise
lunarlander,heuristic,17,350,-0.611179348877747,0.9910844313530726,-0.450458051016909,0.12805767563403586,1,main_engine,0.0,1.0,0.0,-5.389172705138878,0.07356672232960017,1.0,0.0,lunarlander_navigation_noise
lunarlander,heuristic,17,351,-0.5568948367537734,1.0,-0.4361132452319944,0.08136727447407952,1,main_engine,0.0,1.0,0.0,-5.812818049139614,0.17990202691361887,1.0,0.0,lunarlander_navigation_noise
lunarlander,heuristic,17,352,-0.57814689271272,1.0,-0.39888356710934425,0.25608716593475467,1,main_engine,0.0,1.0,0.0,-5.384105776859951,0.11471685549050259,1.0,0.0,lunarlander_navigation_noise
lunarlander,heuristic,17,353,-0.5952266226352882,0.9721050162264425,-0.4645918947696224,0.1679252392556974,1,main_engine,0.0,1.0,0.0,-3.29102307482186,0.11878998093093593,1.0,0.0,lunarlander_navigation_noise
lunarlander,heuristic,17,354,-0.6596925045287129,0.9912983762314058,-0.543180832719363,0.10952486763935539,1,main_engine,0.0,1.0,0.0,-6.039675765852464,0.13904554906298952,1.0,0.0,lunarlander_navigation_noise
lunarlander,heuristic,17,355,-0.5836736537046902,1.0,-0.4488498821953161,0.17720612465075297,1,main_engine,0.0,1.0,0.0,-3.0998297342557337,0.16639049544100343,1.0,0.0,lunarlander_navigation_noise
lunarlander,heuristic,17,356,-0.6658249014269667,1.0,-0.3932593955920607,0.043614705502706574,1,main_engine,0.0,1.0,0.0,-4.934871220395146,0.1615334606443544,1.0,0.0,lunarlander_navigation_noise
lunarlander,heuristic,17,357,-0.6959242402467696,1.0,-0.44973605418202645,0.19193016573819363,1,main_engine,0.0,1.0,0.0,-7.139274988399772,0.12367729458762848,1.0,0.0,lunarlander_navigation_noise
lunarlander,heuristic,17,358,-0.6382540995742098,0.9480471563124451,-0.5459245032554882,0.19627900109271423,1,main_engine,0.0,1.0,0.0,-4.353323929138623,0.06372356645702307,1.0,0.0,lunarlander_navigation_noise
lunarlander,heuristic,17,359,-0.6567635196515422,0.9103903034249059,-0.5227450318771572,0.15429367237385294,1,main_engine,0.0,1.0,0.0,-6.851195451861706,0.10142390863916519,1.0,0.0,lunarlander_navigation_noise
lunarlander,heuristic,17,360,-0.6667850509540315,1.0,-0.5030211310287198,0.11225264278323115,1,main_engine,0.0,1.0,0.0,-7.616799663212095,0.07493674226684646,1.0,0.0,lunarlander_navigation_noise
lunarlander,heuristic,17,361,-0.7295969591381553,1.0,-0.5103513560205779,0.07204757676654962,1,main_engine,0.0,1.0,0.0,-3.3390572896778097,0.1102837034137902,1.0,0.0,lunarlander_navigation_noise
lunarlander,heuristic,17,362,-0.6310950079776482,1.0,-0.5081190327451641,0.12159429804079704,1,main_engine,0.0,1.0,0.0,-5.69361426125904,0.0915038364109002,1.0,0.0,lunarlander_navigation_noise
lunarlander,heuristic,17,363,-0.6929014134955666,0.9561356627626411,-0.48068104048327936,0.07828151916167857,1,main_engine,0.0,1.0,0.0,-5.806565514604351,0.08108771158530195,1.0,0.0,lunarlander_navigation_noise
lunarlander,heuristic,17,364,-0.7425276062691665,1.0,-0.52651164730342,0.06890424033658579,1,main_engine,0.0,1.0,0.0,-4.5609681587754105,0.08384107997798461,1.0,0.0,lunarlander_navigation_noise
lunarlander,heuristic,17,365,-0.7025020931833695,1.0,-0.5396071113669231,-0.0035926134920805236,1,main_engine,0.0,1.0,0.0,-5.4652908328594165,0.12726145921924734,1.0,0.0,lunarlander_navigation_noise
lunarlander,heuristic,17,366,-0.776296471911848,0.9290380717858346,-0.5872354669710702,0.05510843553826118,1,main_engine,0.0,1.0,0.0,-2.99937370972395,0.09676645655388973,1.0,0.0,lunarlander_navigation_noise
lunarlander,heuristic,17,367,-0.7146108340692586,1.0,-0.5673370914770571,0.0438350777964155,1,main_engine,0.0,1.0,0.0,-5.590899757279715,0.1706548911125825,1.0,0.0,lunarlander_navigation_noise
lunarlander,heuristic,17,368,-0.7505984288372156,1.0,-0.6979796719474894,0.14756791276920184,1,main_engine,0.0,1.0,0.0,-4.628925130912385,0.15556200142126358,1.0,0.0,lunarlander_navigation_noise
lunarlander,heuristic,17,369,-0.7459090247830412,1.0,-0.5509448045365487,0.09698833644384118,1,main_engine,0.0,1.0,0.0,-2.7023836251055715,0.12549240372386772,1.0,0.0,lunarlander_navigation_noise
lunarlander,heuristic,17,370,-0.699198657469471,1.0,-0.6670495524567174,0.08770542266530995,1,main_engine,0.0,1.0,0.0,-6.818662951512133,0.17203661630237477,1.0,0.0,lunarlander_navigation_noise
lunarlander,heuristic,17,371,-0.7818655581834428,1.0,-0.539464060384433,0.007177644304114092,1,main_engine,0.0,1.0,0.0,-6.754522593915972,0.15803218082938808,1.0,0.0,lunarlander_navigation_noise
lunarlander,heuristic,17,372,-0.7895406948912396,0.9653978409123755,-0.6390310867418323,0.12466960276523054,1,main_engine,0.0,1.0,0.0,-4.862661188256152,0.09468727378592724,1.0,0.0,lunarlander_navigation_noise
lunarlander,heuristic,17,373,-0.7154690269359976,0.9158610333325783,-0.6552082134634514,0.15230061956111313,1,main_engine,0.0,1.0,0.0,-7.657638792318519,0.15981998531598443,1.0,0.0,lunarlander_navigation_noise
lunarlander,heuristic,17,374,-0.8513179598568119,1.0,-0.6580323257161528,0.1526928042117563,1,main_engine,0.0,1.0,0.0,-3.423530638238951,0.16607831086410943,1.0,0.0,lunarlander_navigation_noise
lunarlander,heuristic,17,375,-0.7981146226607905,0.8839775177422343,-0.7398789084772575,0.08493344506662934,1,main_engine,0.0,1.0,0.0,-5.0405245911203425,0.1714790753474984,1.0,0.0,lunarlander_navigation_noise
lunarlander,heuristic,17,376,-0.8486654420786229,0.9789072112139607,-0.6266652316906819,0.0140765143961043,1,main_engine,0.0,1.0,0.0,-100.08521929014474,1.1423032131042457,1.0,0.0,lunarlander_navigation_noise
lunarlander,heuristic,17,377,0.004116244536444071,0.9839029991980588,0.13285057998628602,0.04110981899136158,1,main_engine,0.0,1.0,0.0,1.5699124699109994,0.22076011057090136,1.0,0.0,lunarlander_navigation_noise
lunarlander,heuristic,17,378,-0.019003899862930995,0.8925725641816811,0.3276651708564381,-0.0025538062136429424,1,main_engine,0.0,1.0,0.0,3.129985501590569,0.19170864052509218,1.0,0.0,lunarlander_navigation_noise
lunarlander,heuristic,17,379,0.027505804879294528,0.8758067004938663,0.14889684946897286,0.04592137609524152,1,main_engine,0.0,1.0,0.0,0.5674778000018,0.08281260784737651,1.0,0.0,lunarlander_navigation_noise
lunarlander,heuristic,17,380,0.04462499117555607,0.9074898635471029,0.22136949983702306,0.028349990076784314,1,main_engine,0.0,1.0,0.0,2.0144542435502535,0.05971089381293385,1.0,0.0,lunarlander_navigation_noise
lunarlander,heuristic,17,381,0.0402266939529661,0.9209427303688106,0.18672969422087032,0.07488116309696263,1,main_engine,0.0,1.0,0.0,2.725981994724524,0.06886290989831033,1.0,0.0,lunarlander_navigation_noise
lunarlander,heuristic,17,382,0.0066800910944851445,0.9114366069393837,0.13307691690239076,0.049430447985667446,1,main_engine,0.0,1.0,0.0,3.197064457623551,0.08580553070392138,1.0,0.0,lunarlander_navigation_noise
lunarlander,heuristic,17,383,-0.041283976372782014,0.9676388996317079,0.1294765029348354,0.09290890985778971,1,main_engine,0.0,1.0,0.0,1.074509235113902,0.12474636608507418,1.0,0.0,lunarlander_navigation_noise
lunarlander,heuristic,17,384,-0.05282409171368886,0.9251751411032878,0.03867378541036608,0.019559218030479546,1,main_engine,0.0,1.0,0.0,0.9961680670089071,0.09641408900510845,1.0,0.0,lunarlander_navigation_noise
lunarlander,heuristic,17,385,0.03319484111231952,0.9068226776280084,0.0027914656531534132,0.03605364034195542,1,main_engine,0.0,1.0,0.0,0.53440163798061,0.10412254187623005,1.0,0.0,lunarlander_navigation_noise
lunarlander,heuristic,17,386,-0.04198461204342739,0.8530641039632121,0.02985022506567009,-0.0035366721922030636,1,main_engine,0.0,1.0,0.0,0.16011551482850567,0.1717440194024378,1.0,0.0,lunarlander_navigation_noise
lunarlander,heuristic,17,387,0.04782571422494322,0.8629550350648867,0.13295999771986297,0.09990731149566706,1,main_engine,0.0,1.0,0.0,1.8152390473412343,0.16324489805100248,1.0,0.0,lunarlander_navigation_noise
lunarlander,heuristic,17,388,-0.08089868779302378,0.8923073022324457,0.07914700053765246,0.020399256487443868,1,main_engine,0.0,1.0,0.0,-0.9769934752223025,0.06041357406068238,1.0,0.0,lunarlander_navigation_noise
lunarlander,heuristic,17,389,-0.03350037660624511,0.8835966600430181,0.0723315107195451,0.05618855430975221,1,main_engine,0.0,1.0,0.0,-1.108022347275064,0.10269105665955199,1.0,0.0,lunarlander_navigation_noise
lunarlander,heuristic,17,390,-0.07108341354412565,0.879354338227674,0.00852601813575072,0.12720848302089383,1,main_engine,0.0,1.0,0.0,-0.48857653885863217,0.05215143210141104,1.0,0.0,lunarlander_navigation_noise
lunarlander,heuristic,17,391,-0.03214467277128755,0.877531194265771,0.02912043376169262,0.09935004572850539,1,main_engine,0.0,1.0,0.0,-0.4986379801045587,0.08540367641176738,1.0,0.0,lunarlander_navigation_noise
lunarlander,heuristic,17,392,-0.05060985154311883,0.8525995621481521,0.05707419210310945,0.173847201594428,1,main_engine,0.0,1.0,0.0,-0.028649160436286812,0.15154875804387302,1.0,0.0,lunarlander_navigation_noise
lunarlander,heuristic,17,393,0.04693507951481627,0.9100020242258285,0.005951112174379637,0.2606999536266157,1,main_engine,0.0,1.0,0.0,-0.43139911850955853,0.17830696169443574,1.0,0.0,lunarlander_navigation_noise
lunarlander,heuristic,17,394,-0.03814175479345115,0.8931314253594935,-0.027405601317826274,0.1085223685108218,1,main_engine,0.0,1.0,0.0,0.17522977077556445,0.07610527881010799,1.0,0.0,lunarlander_navigation_noise
lunarlander,heuristic,17,395,-0.08513662378529797,0.8454753287789099,0.006947379833674139,0.12002301614085399,1,main_engine,0.0,1.0,0.0,-2.327117231172011,0.12131006877319994,1.0,0.0,lunarlander_navigation_noise
lunarlander,heuristic,17,396,-0.058798142149714905,0.8811242682617858,-0.10441136217896595,0.13875269478195917,1,main_engine,0.0,1.0,0.0,-1.9591710458811078,0.05266268409640626,1.0,0.0,lunarlander_navigation_noise
lunarlander,heuristic,17,397,-0.10849139351749745,0.8691865590694607,-0.09171385915948188,0.13830149521865073,1,main_engine,0.0,1.0,0.0,-1.7832001219128006,0.08772540671255726,1.0,0.0,lunarlander_navigation_noise
lunarlander,heuristic,17,398,-0.05366347382473411,0.8638759478466206,-0.045840361623252515,0.08773405671044783,1,main_engine,0.0,1.0,0.0,-1.4439246505727852,0.07279390482294006,1.0,0.0,lunarlander_navigation_noise
lunarlander,heuristic,17,399,0.0002421874838782062,0.8461993518846744,-0.09145328804949669,0.08737190165446099,1,main_engine,0.0,1.0,0.0,-1.2099480361618682,0.108740706178203,1.0,0.0,lunarlander_navigation_noise
lunarlander,heuristic,17,400,-0.07419156454114183,0.8627590890424917,-0.041948425099967,0.14703094446629625,1,main_engine,0.0,1.0,0.0,-2.0828347046544367,0.1336685989676363,1.0,0.0,lunarlander_navigation_noise
lunarlander,heuristic,17,401,-0.014189740452007424,0.9773658040542493,-0.06422835666815224,0.12181228114965524,1,main_engine,0.0,1.0,0.0,-3.03203116004085,0.11754142343053192,0.0,0.0,none
lunarlander,heuristic,17,402,-0.08272274086872737,0.8844513893127441,-0.050864920020103455,0.13934921845793724,1,main_engine,0.0,1.0,0.0,-4.468276508991903,0.0179960005220242,0.0,0.0,none
lunarlander,heuristic,17,403,-0.08655190467834473,0.886502186457316,-0.06822127848863602,0.1374141238629818,1,main_engine,0.0,1.0,0.0,-3.821173800717016,0.01905590030500329,0.0,0.0,none
lunarlander,heuristic,17,404,-0.09052427485585213,0.8891049226125082,-0.08663217723369598,0.13868384175002574,1,main_engine,0.0,1.0,0.0,-2.0755253199338823,0.008043252688809652,0.0,0.0,none
lunarlander,heuristic,17,405,-0.09455005327860515,0.8918704191843668,-0.09204919636249542,0.14207426272332668,1,main_engine,0.0,1.0,0.0,-0.4264733228675493,0.01003253351104586,0.0,0.0,none
lunarlander,heuristic,17,406,-0.09849715357025465,0.8946682612101237,-0.09309649467468262,0.15080050900578498,1,main_engine,0.0,1.0,0.0,-1.2397402894206893,0.009975507047383874,0.0,0.0,none
lunarlander,heuristic,17,407,-0.10241397346059482,0.897586981455485,-0.0971023216843605,0.15852085128426552,1,main_engine,0.0,1.0,0.0,-1.0656194265483772,0.011644983498337843,0.0,0.0,none
lunarlander,heuristic,17,408,-0.10627150535583496,0.9006385008494059,-0.10148903727531433,0.1681213743984699,1,main_engine,0.0,1.0,0.0,-2.517669982485107,0.010413089450862341,0.0,0.0,none
lunarlander,heuristic,17,409,-0.11018173148234686,0.9039002259572347,-0.10848893970251083,0.17390973158180714,1,main_engine,0.0,1.0,0.0,-3.7297694889651822,0.01905781121998754,0.0,0.0,none
lunarlander,heuristic,17,410,-0.11416276295979819,0.9076717694600424,-0.1254628449678421,0.18061894588172436,1,main_engine,0.0,1.0,0.0,-4.308732809249708,0.016974835002939732,0.0,0.0,none
lunarlander,heuristic,17,411,-0.11827103793621063,0.9119028250376383,-0.14077886939048767,0.184953073784709,1,main_engine,0.0,1.0,0.0,-1.6712942895956064,0.00893715523396977,0.0,0.0,none
lunarlander,heuristic,17,412,-0.1223946362733841,0.9161213239034017,-0.14034010469913483,0.19165235981345177,1,main_engine,0.0,1.0,0.0,-5.270833393899108,0.015198598417026619,0.0,0.0,none
lunarlander,heuristic,17,413,-0.1267515867948532,0.920753002166748,-0.15414324402809143,0.19146453775465488,1,main_engine,0.0,1.0,0.0,-3.3011094950246362,0.00915445233373523,0.0,0.0,none
lunarlander,heuristic,17,414,-0.13122526307900748,0.9255545934041342,-0.1598084568977356,0.19440397694706918,1,main_engine,0.0,1.0,0.0,-3.532221452564621,0.022576761404955365,0.0,0.0,none
lunarlander,heuristic,17,415,-0.13568011422952017,0.9309099515279134,-0.17821604013442993,0.2054649658501148,1,main_engine,0.0,1.0,0.0,-6.28178880066278,0.019112590882549803,0.0,0.0,none
lunarlander,heuristic,17,416,-0.14040343463420868,0.9367907842000326,-0.19576354324817657,0.20477047599852086,1,main_engine,0.0,1.0,0.0,-3.717820613230683,0.01883026956194681,0.0,0.0,none
lunarlander,heuristic,17,417,-0.1451437423626582,0.9431060155232748,-0.2102058082818985,0.21391636952757836,1,main_engine,0.0,1.0,0.0,-3.3297572215168576,0.01488773230001249,0.0,0.0,none
lunarlander,heuristic,17,418,-0.14991220086812973,0.9496997992197672,-0.21945740282535553,0.22227318659424783,1,main_engine,0.0,1.0,0.0,-2.3248045886929014,0.009790464457094574,0.0,0.0,none
lunarlander,heuristic,17,419,-0.1547429586450259,0.956248919169108,-0.2179597169160843,0.2275060575455427,1,main_engine,0.0,1.0,0.0,-3.2756290983274448,0.016868398380106973,0.0,0.0,none
lunarlander,heuristic,17,420,-0.15957077344258627,0.963104248046875,-0.228115051984787,0.2380468688905239,1,main_engine,0.0,1.0,0.0,-6.80326569177057,0.01941028513491692,0.0,0.0,none
lunarlander,heuristic,17,421,-0.16468524932861328,0.9704747994740804,-0.24532637000083923,0.23826322332024574,1,main_engine,0.0,1.0,0.0,-4.1036497026952015,0.01580478731503219,0.0,0.0,none
lunarlander,heuristic,17,422,-0.16987212002277374,0.9781575202941895,-0.25570496916770935,0.24575643055140972,1,main_engine,0.0,1.0,0.0,-4.835316900226185,0.017746082439129045,0.0,0.0,none
lunarlander,heuristic,17,423,-0.17516370862722397,0.9862333933512369,-0.26878586411476135,0.2528693057596684,1,main_engine,0.0,1.0,0.0,-6.723918143140152,0.022501504307974905,0.0,0.0,none
lunarlander,heuristic,17,424,-0.18066799889008206,0.9948960145314535,-0.2883456349372864,0.2571582268923521,1,main_engine,0.0,1.0,0.0,-5.811201507037754,0.016850910839034144,0.0,0.0,none
lunarlander,heuristic,17,425,-0.18635186056296033,1.0,-0.3026792109012604,0.2616465277969837,1,main_engine,0.0,1.0,0.0,-4.939997345599286,0.011689759035470076,0.0,0.0,none
lunarlander,heuristic,17,426,-0.19219084332386654,1.0,-0.3118426203727722,0.2659579861909151,1,main_engine,0.0,1.0,0.0,-2.2211150231737724,0.01098974777595319,0.0,0.0,none
lunarlander,heuristic,17,427,-0.1980134223898252,1.0,-0.31138211488723755,0.27526712492108346,1,main_engine,0.0,1.0,0.0,-4.95606082575098,0.008951691524206017,0.0,0.0,none
lunarlander,heuristic,17,428,-0.20403437316417694,1.0,-0.31759071350097656,0.27757672145962714,1,main_engine,0.0,1.0,0.0,-3.1592745904118575,0.013353695921493186,0.0,0.0,none
lunarlander,heuristic,17,429,-0.2100478857755661,1.0,-0.32292598485946655,0.28823944814503194,1,main_engine,0.0,1.0,0.0,-5.9570860813246505,0.017974133346120285,0.0,0.0,none
lunarlander,heuristic,17,430,-0.21621259550253552,1.0,-0.33816373348236084,0.29551109448075297,1,main_engine,0.0,1.0,0.0,-4.357890168134183,0.01618063701306264,0.0,0.0,none
lunarlander,heuristic,17,431,-0.22241170207659405,1.0,-0.3480745553970337,0.30669857412576673,1,main_engine,0.0,1.0,0.0,-3.959024039780254,0.008063821501096252,0.0,0.0,none
lunarlander,heuristic,17,432,-0.22874859472115835,1.0,-0.34885090589523315,0.31162465661764144,1,main_engine,0.0,1.0,0.0,-6.347160650013374,0.01095727333298598,0.0,0.0,none
lunarlander,heuristic,17,433,-0.23537881672382355,1.0,-0.35756391286849976,0.31205535903573034,1,main_engine,0.0,1.0,0.0,-6.308353425057878,0.01175912328891628,0.0,0.0,none
lunarlander,heuristic,17,434,-0.24228612581888836,1.0,-0.36705154180526733,0.312797624990344,1,main_engine,0.0,1.0,0.0,-6.117559815246597,0.016552845952823966,0.0,0.0,none
lunarlander,heuristic,17,435,-0.24937165280183157,1.0,-0.38084250688552856,0.3185942877084017,1,main_engine,0.0,1.0,0.0,-6.549423141817356,0.022752485477010743,0.0,0.0,none
lunarlander,heuristic,17,436,-0.25658185283343,1.0,-0.39997294545173645,0.3285800240933895,1,main_engine,0.0,1.0,0.0,-3.131198482430868,0.011649227880962862,0.0,0.0,none
lunarlander,heuristic,17,437,-0.2638151993354162,1.0,-0.4001293182373047,0.3377101257443428,1,main_engine,0.0,1.0,0.0,-6.084746157368322,0.020899065157832013,0.0,0.0,none
lunarlander,heuristic,17,438,-0.27114724119504297,1.0,-0.41597980260849,0.34918942153453825,1,main_engine,0.0,1.0,0.0,-7.732581823158539,0.01571047713040159,0.0,0.0,none
lunarlander,heuristic,17,439,-0.2788100639979045,1.0,-0.42958587408065796,0.3509142570197582,1,main_engine,0.0,1.0,0.0,-4.6156912703520945,0.008091179755098024,0.0,0.0,none
lunarlander,heuristic,17,440,-0.28668264547983807,1.0,-0.42841431498527527,0.3523692827671766,1,main_engine,0.0,1.0,0.0,-6.355115350358005,0.01772274890685579,0.0,0.0,none
lunarlander,heuristic,17,441,-0.2947180966536204,1.0,-0.44203633069992065,0.36036728508770466,1,main_engine,0.0,1.0,0.0,-7.7188742929331005,0.014645049634577155,0.0,0.0,none
lunarlander,heuristic,17,442,-0.3031039237976074,1.0,-0.4540427625179291,0.36033602952957156,1,main_engine,0.0,1.0,0.0,-8.007262451921607,0.022626485093485763,0.0,0.0,none
lunarlander,heuristic,17,443,-0.3117343286673228,1.0,-0.47387754917144775,0.3669734369963408,1,main_engine,0.0,1.0,0.0,-5.17581934099195,0.0162444852340273,0.0,0.0,none
lunarlander,heuristic,17,444,-0.3204383452733358,1.0,-0.4828896224498749,0.37731296941637993,1,main_engine,0.0,1.0,0.0,-3.964732301601859,0.011824989516703376,0.0,0.0,none
lunarlander,heuristic,17,445,-0.32921428481737774,1.0,-0.4830321669578552,0.3852371692657471,1,main_engine,0.0,1.0,0.0,-6.743890432293521,0.011452671437002501,0.0,0.0,none
lunarlander,heuristic,17,446,-0.33828213810920715,1.0,-0.48986321687698364,0.3867453061044216,1,main_engine,0.0,1.0,0.0,-6.109343197564865,0.018273748653221605,0.0,0.0,none
lunarlander,heuristic,17,447,-0.34747011959552765,1.0,-0.5018893480300903,0.39698654897511004,1,main_engine,0.0,1.0,0.0,-5.71875260007578,0.01068122663446749,0.0,0.0,none
lunarlander,heuristic,17,448,-0.35687168439229333,1.0,-0.505297839641571,0.4007390636950731,1,main_engine,0.0,1.0,0.0,-7.84008909553771,0.019662977115953738,0.0,0.0,none
lunarlander,heuristic,17,449,-0.3665265192588171,1.0,-0.5210441946983337,0.40748214423656465,1,main_engine,0.0,1.0,0.0,-6.45132477850141,0.014200415788248618,0.0,0.0,none
lunarlander,heuristic,17,450,-0.37638716399669647,1.0,-0.5292835831642151,0.41352631263434886,1,main_engine,0.0,1.0,0.0,-7.325546595845551,0.012418119793487475,0.0,0.0,none
lunarlander,heuristic,17,451,-0.3865758081277212,1.0,-0.536354124546051,0.41416558921337127,1,main_engine,0.0,1.0,0.0,-5.776125098639074,0.010594546999240078,0.0,0.0,none
lunarlander,heuristic,17,452,-0.39704588552316034,1.0,-0.5353521704673767,0.4128935854882002,1,main_engine,0.0,1.0,0.0,-5.217779723036101,0.011126769511717005,0.0,0.0,none
lunarlander,heuristic,17,453,-0.4077639927466711,1.0,-0.5326798558235168,0.4115572053939104,1,main_engine,0.0,1.0,0.0,-8.593524822657514,0.020019788125214245,0.0,0.0,none
lunarlander,heuristic,17,454,-0.4188175996144613,1.0,-0.549195408821106,0.4139750972390175,1,main_engine,0.0,1.0,0.0,-8.675467478066128,0.02198800819591481,0.0,0.0,none
lunarlander,heuristic,17,455,-0.4301777482032776,1.0,-0.5675144791603088,0.41831458918750286,1,main_engine,0.0,1.0,0.0,-5.8319882087067025,0.01807137675297059,0.0,0.0,none
lunarlander,heuristic,17,456,-0.44163251916567486,1.0,-0.577511191368103,0.42808334678411486,1,main_engine,0.0,1.0,0.0,-8.338156946106858,0.015110557781316654,0.0,0.0,none
lunarlander,heuristic,17,457,-0.4534805814425151,1.0,-0.586665153503418,0.426044387742877,1,main_engine,0.0,1.0,0.0,-7.247057708023212,0.013703191274729656,0.0,0.0,none
lunarlander,heuristic,17,458,-0.4656420151392619,1.0,-0.5929403305053711,0.4253378927707672,1,main_engine,0.0,1.0,0.0,-5.15745294451013,0.013178779506893973,0.0,0.0,none
lunarlander,heuristic,17,459,-0.477940042813619,1.0,-0.5950182676315308,0.42959476038813593,1,main_engine,0.0,1.0,0.0,-6.681369764689855,0.016229085344495128,0.0,0.0,none
lunarlander,heuristic,17,460,-0.49043580889701843,1.0,-0.6040694117546082,0.4346262443810701,1,main_engine,0.0,1.0,0.0,-5.722501414061676,0.012830195160533648,0.0,0.0,none
lunarlander,heuristic,17,461,-0.5031739175319672,1.0,-0.6029298305511475,0.43359869830310344,1,main_engine,0.0,1.0,0.0,-5.177854447129129,0.013058853943017042,0.0,0.0,none
lunarlander,heuristic,17,462,-0.5160789688428243,1.0,-0.6027872562408447,0.43559193424880505,1,main_engine,0.0,1.0,0.0,-5.1364877503049815,0.013685360098531862,0.0,0.0,none
lunarlander,heuristic,17,463,-0.5291206638018291,1.0,-0.6042355298995972,0.43947854936122893,1,main_engine,0.0,1.0,0.0,-4.4416464156434765,0.014040945335524574,0.0,0.0,none
lunarlander,heuristic,17,464,-0.5422527094682058,1.0,-0.6032921075820923,0.4443578399717808,1,main_engine,0.0,1.0,0.0,-5.352055975067346,0.01345363751965079,0.0,0.0,none
lunarlander,heuristic,17,465,-0.555588702360789,1.0,-0.6015231013298035,0.44450708124786614,1,main_engine,0.0,1.0,0.0,-4.911066635169464,0.014409023508206272,0.0,0.0,none
lunarlander,heuristic,17,466,-0.5690349141756694,1.0,-0.6027666926383972,0.44953428991138933,1,main_engine,0.0,1.0,0.0,-5.153186612301624,0.013903830495561932,0.0,0.0,none
lunarlander,heuristic,17,467,-0.5826735496520996,1.0,-0.6000699996948242,0.44971309695392847,1,main_engine,0.0,1.0,0.0,-7.110695117637965,0.021823103501403558,0.0,0.0,none
lunarlander,heuristic,17,468,-0.5964741110801697,1.0,-0.6143591403961182,0.4587470777332783,1,main_engine,0.0,1.0,0.0,-6.801059050142334,0.021143704427071586,0.0,0.0,none
lunarlander,heuristic,17,469,-0.6104127069314321,1.0,-0.6267222166061401,0.4687433835119009,1,main_engine,0.0,1.0,0.0,-6.7040071290120835,0.021104171944138793,0.0,0.0,none
lunarlander,heuristic,17,470,-0.6244772672653198,1.0,-0.6380420923233032,0.4796719986945391,1,main_engine,0.0,1.0,0.0,-4.962533018672406,0.018000366767418802,0.0,0.0,none
lunarlander,heuristic,17,471,-0.6385882198810577,1.0,-0.6405584812164307,0.4905606169253588,1,main_engine,0.0,1.0,0.0,-5.332187033378346,0.01517517742295819,0.0,0.0,none
lunarlander,heuristic,17,472,-0.6528721749782562,1.0,-0.6369079947471619,0.4941562511026859,1,main_engine,0.0,1.0,0.0,-10.18433986044072,0.020540380152608284,0.0,0.0,none
lunarlander,heuristic,17,473,-0.6676100691159567,1.0,-0.6511868238449097,0.49505998380482197,1,main_engine,0.0,1.0,0.0,-5.52749368882859,0.01553799941606658,0.0,0.0,none
lunarlander,heuristic,17,474,-0.6825455029805502,1.0,-0.6472749710083008,0.49680916890501975,1,main_engine,0.0,1.0,0.0,-5.1578345268356545,0.016078136629080444,0.0,0.0,none
lunarlander,heuristic,17,475,-0.697607547044754,1.0,-0.645599365234375,0.5021788664162159,1,main_engine,0.0,1.0,0.0,-9.356632299587487,0.020793051258302355,0.0,0.0,none
lunarlander,heuristic,17,476,-0.7130412260691326,1.0,-0.6591036319732666,0.5056121319532394,1,main_engine,0.0,1.0,0.0,-6.81633820762132,0.02051750558790186,0.0,0.0,none
lunarlander,heuristic,17,477,-0.7286234200000763,1.0,-0.6679828763008118,0.5155781887471675,1,main_engine,0.0,1.0,0.0,-7.77820616585957,0.019190455852646608,0.0,0.0,none
lunarlander,heuristic,17,478,-0.7444532712300619,1.0,-0.676540195941925,0.5222461484372616,1,main_engine,0.0,1.0,0.0,-6.731611643095775,0.016247804429787467,0.0,0.0,none
lunarlander,heuristic,17,479,-0.7605336606502533,1.0,-0.6763584017753601,0.5245654534548521,1,main_engine,0.0,1.0,0.0,-6.020737445819541,0.01684225696611544,0.0,0.0,none
lunarlander,heuristic,17,480,-0.7767978310585022,1.0,-0.6754399538040161,0.5288426995277404,1,main_engine,0.0,1.0,0.0,-7.624469174921969,0.01664162025652638,0.0,0.0,none
lunarlander,heuristic,17,481,-0.7933912674585979,1.0,-0.676658570766449,0.5285015750676394,1,main_engine,0.0,1.0,0.0,-7.4059581208187275,0.016936372397981934,0.0,0.0,none
lunarlander,heuristic,17,482,-0.8103007078170776,1.0,-0.6773226261138916,0.5278155960142612,1,main_engine,0.0,1.0,0.0,-9.658023177656574,0.02740867565552839,0.0,0.0,none
lunarlander,heuristic,17,483,-0.8275176584720612,1.0,-0.6965848803520203,0.5369686104357243,1,main_engine,0.0,1.0,0.0,-100.0279207661003,1.2055862981339451,0.0,0.0,none
lunarlander,heuristic,17,484,-0.0010050137643702328,0.9405061403910319,0.0035778582096099854,0.011090496624819934,1,main_engine,0.0,1.0,0.0,-0.3339263087324639,0.001874207163254465,0.0,0.0,none
lunarlander,heuristic,17,485,-0.0020035903435200453,0.9403987725575765,0.0035793432034552097,0.01267288951203227,1,main_engine,0.0,1.0,0.0,-0.6557827037900155,0.01879994047040877,0.0,0.0,none
lunarlander,heuristic,17,486,-0.002982854881944756,0.9408499399820963,-0.015035946853458881,0.015070018358528614,1,main_engine,0.0,1.0,0.0,-1.512323555623243,0.014185612078760238,0.0,0.0,none
lunarlander,heuristic,17,487,-0.003957668862616023,0.9417211214701334,-0.029036371037364006,0.016943649388849735,1,main_engine,0.0,1.0,0.0,-2.180306649819622,0.014110334955303155,0.0,0.0,none
lunarlander,heuristic,17,488,-0.004941701966648301,0.9430108865102133,-0.042989276349544525,0.01828012643381953,1,main_engine,0.0,1.0,0.0,-2.5715655469711587,0.010230665517892517,0.0,0.0,none
lunarlander,heuristic,17,489,-0.006004492364202937,0.9445969263712565,-0.052864234894514084,0.016407517343759538,1,main_engine,0.0,1.0,0.0,-2.3114095563054113,0.016638607998141465,0.0,0.0,none
lunarlander,heuristic,17,490,-0.006987492088228464,0.9466535250345866,-0.0685502216219902,0.02146688587963581,1,main_engine,0.0,1.0,0.0,-0.20060887552788242,0.00563301106251922,0.0,0.0,none
lunarlander,heuristic,17,491,-0.007896344177424908,0.948697010676066,-0.06810387969017029,0.02661758940666914,1,main_engine,0.0,1.0,0.0,-4.3547003400499475,0.016676518682832164,0.0,0.0,none
lunarlander,heuristic,17,492,-0.008954207102457683,0.9512162208557129,-0.08397047221660614,0.022271093912422657,1,main_engine,0.0,1.0,0.0,-1.1626938256695678,0.004229019351184283,0.0,0.0,none
lunarlander,heuristic,17,493,-0.010105133211861055,0.9536870320638021,-0.08235757797956467,0.01946865962818265,1,main_engine,0.0,1.0,0.0,-1.2980056005505924,0.004029924490934285,0.0,0.0,none
lunarlander,heuristic,17,494,-0.011269648869832357,0.9562438329060873,-0.08522067219018936,0.019855513190850615,1,main_engine,0.0,1.0,0.0,-1.737523076048342,0.01274931008317016,0.0,0.0,none
lunarlander,heuristic,17,495,-0.012312730153401693,0.9591142336527506,-0.09567698836326599,0.026479948312044144,1,main_engine,0.0,1.0,0.0,-4.496799998047615,0.02005094295405773,0.0,0.0,none
lunarlander,heuristic,17,496,-0.013384342504044374,0.9625759124755859,-0.11538326740264893,0.027235796488821504,1,main_engine,0.0,1.0,0.0,-0.8128871127284447,0.00839662196420431,0.0,0.0,none
lunarlander,heuristic,17,497,-0.014334440541764101,0.9661087195078532,-0.11774346977472305,0.03441558014601469,1,main_engine,0.0,1.0,0.0,-3.5852122667885418,0.01714782840796579,0.0,0.0,none
lunarlander,heuristic,17,498,-0.015201171239217123,0.9701017538706461,-0.133082315325737,0.040901895798742774,1,main_engine,0.0,1.0,0.0,-5.42155803905557,0.021304429612048266,0.0,0.0,none
lunarlander,heuristic,17,499,-0.01614435575902462,0.9747180143992106,-0.15385915338993073,0.04094946514815092,1,main_engine,0.0,1.0,0.0,-3.5978037801856213,0.0137418325030473,0.0,0.0,none
lunarlander,heuristic,17,500,-0.01708165742456913,0.9797045389811198,-0.16619807481765747,0.044242642447352404,1,main_engine,0.0,1.0,0.0,-2.1230339551558743,0.011032556653280835,0.0,0.0,none
lunarlander,heuristic,17,501,-0.017912864374617737,0.9848652680714926,-0.17199666798114777,0.05203812792897224,1,main_engine,0.0,1.0,0.0,-3.3112607048622213,0.01056519760984536,0.0,0.0,none
lunarlander,heuristic,17,502,-0.018802086512247723,0.9902941385904948,-0.1809297502040863,0.05328716412186622,1,main_engine,0.0,1.0,0.0,-4.703669972941981,0.01632316230767832,0.0,0.0,none
lunarlander,heuristic,17,503,-0.019803762746353946,0.9961775143941244,-0.19608211517333984,0.05217630974948406,1,main_engine,0.0,1.0,0.0,-2.1660062278400787,0.008304031466012118,0.0,0.0,none
lunarlander,heuristic,17,504,-0.020746390024820965,1.0,-0.20062491297721863,0.05790518261492252,1,main_engine,0.0,1.0,0.0,-2.6257116527424715,0.008749039781082346,0.0,0.0,none
lunarlander,heuristic,17,505,-0.02163743910690149,1.0,-0.20698164403438568,0.06385023929178715,1,main_engine,0.0,1.0,0.0,-3.121155367049871,0.007353388871219882,0.0,0.0,none
lunarlander,heuristic,17,506,-0.022586823130647343,1.0,-0.2141110599040985,0.0653807383030653,1,main_engine,0.0,1.0,0.0,-2.3164949791255522,0.0036013639087357787,0.0,0.0,none
lunarlander,heuristic,17,507,-0.023686409307022892,1.0,-0.21583499014377594,0.06241614781320095,1,main_engine,0.0,1.0,0.0,-5.494104250428526,0.021534365652965556,0.0,0.0,none
lunarlander,heuristic,17,508,-0.024746179891129337,1.0,-0.23655082285404205,0.06820061542093754,1,main_engine,0.0,1.0,0.0,-1.3047311511864097,0.0033985197615563163,0.0,0.0,none
lunarlander,heuristic,17,509,-0.02582256061335405,1.0,-0.23459221422672272,0.07076092660427094,1,main_engine,0.0,1.0,0.0,-4.044230951592426,0.01054791718037182,0.0,0.0,none
lunarlander,heuristic,17,510,-0.02706479902068774,1.0,-0.24451844394207,0.06741647385060787,1,main_engine,0.0,1.0,0.0,-4.532424382034731,0.01594070571291857,0.0,0.0,none
lunarlander,heuristic,17,511,-0.028281292567650478,1.0,-0.2596821188926697,0.07217979244887829,1,main_engine,0.0,1.0,0.0,-3.879558422875435,0.011154705993775505,0.0,0.0,none
lunarlander,heuristic,17,512,-0.029516300807396572,1.0,-0.2703690230846405,0.07512806300073863,1,main_engine,0.0,1.0,0.0,-5.80837054622972,0.019152853267138864,0.0,0.0,none
lunarlander,heuristic,17,513,-0.03084985539317131,1.0,-0.28947514295578003,0.07522606253623962,1,main_engine,0.0,1.0,0.0,-5.865217590480506,0.020853415382577012,0.0,0.0,none
lunarlander,heuristic,17,514,-0.03218118411799272,1.0,-0.3098072111606598,0.07966447435319424,1,main_engine,0.0,1.0,0.0,-2.7042076579562875,0.004284336891940667,0.0,0.0,none
lunarlander,heuristic,17,515,-0.0335426318148772,1.0,-0.31321918964385986,0.08186910711228848,1,main_engine,0.0,1.0,0.0,-5.840617931832532,0.0218149998478877,0.0,0.0,none
lunarlander,heuristic,17,516,-0.03482969477772713,1.0,-0.3334420621395111,0.0899482849985361,1,main_engine,0.0,1.0,0.0,-2.9546939982424165,0.007029608156450367,0.0,0.0,none
lunarlander,heuristic,17,517,-0.036094666769107185,1.0,-0.3377729654312134,0.0953388798981905,1,main_engine,0.0,1.0,0.0,-2.8394067040114828,0.008988753913882585,0.0,0.0,none
lunarlander,heuristic,17,518,-0.037286439910531044,1.0,-0.34174859523773193,0.10331206880509854,1,main_engine,0.0,1.0,0.0,-2.4558214683615596,0.004675683829704161,0.0,0.0,none
lunarlander,heuristic,17,519,-0.03849379097421964,1.0,-0.3425866365432739,0.1077507633715868,1,main_engine,0.0,1.0,0.0,-6.275791748996085,0.020249786330650485,0.0,0.0,none
lunarlander,heuristic,17,520,-0.03973992541432381,1.0,-0.3621222674846649,0.1129334382712841,1,main_engine,0.0,1.0,0.0,-5.30111315732654,0.01609693879375148,0.0,0.0,none
lunarlander,heuristic,17,521,-0.04098431207239628,1.0,-0.37665075063705444,0.11975151114165783,1,main_engine,0.0,1.0,0.0,-4.4534666145528785,0.01021470221295851,0.0,0.0,none
lunarlander,heuristic,17,522,-0.042288461700081825,1.0,-0.3859361410140991,0.12380377724766731,1,main_engine,0.0,1.0,0.0,-2.791235091183457,0.007747627045063023,0.0,0.0,none
lunarlander,heuristic,17,523,-0.04355899368723234,1.0,-0.3876103162765503,0.1312608953565359,1,main_engine,0.0,1.0,0.0,-6.959726044392487,0.019868175977112407,0.0,0.0,none
lunarlander,heuristic,17,524,-0.04505626236399015,1.0,-0.4073541462421417,0.129622670263052,1,main_engine,0.0,1.0,0.0,-3.793403760879141,0.004879214163262465,0.0,0.0,none
lunarlander,heuristic,17,525,-0.046721218774716064,1.0,-0.411714106798172,0.1281995065510273,1,main_engine,0.0,1.0,0.0,-4.823361114966656,0.010967747380946904,0.0,0.0,none
lunarlander,heuristic,17,526,-0.04846986072758834,1.0,-0.4222715497016907,0.13060244917869568,1,main_engine,0.0,1.0,0.0,-4.885218557668529,0.009936762937316794,0.0,0.0,none
lunarlander,heuristic,17,527,-0.05039302632212639,1.0,-0.4318615198135376,0.1288494046777487,1,main_engine,0.0,1.0,0.0,-4.620234468369176,0.008982299115142492,0.0,0.0,none
lunarlander,heuristic,17,528,-0.05252154543995857,1.0,-0.4396737217903137,0.124960882589221,1,main_engine,0.0,1.0,0.0,-2.826618596272949,0.0036529326713964205,0.0,0.0,none
lunarlander,heuristic,17,529,-0.05467247838775317,1.0,-0.4410301148891449,0.1275834009051323,1,main_engine,0.0,1.0,0.0,-4.4451705595943825,0.008279088571164642,0.0,0.0,none
lunarlander,heuristic,17,530,-0.05699134121338527,1.0,-0.4484272599220276,0.12467678291723132,1,main_engine,0.0,1.0,0.0,-2.765187803876174,0.002417358289727086,0.0,0.0,none
lunarlander,heuristic,17,531,-0.05938021466135979,1.0,-0.4487941861152649,0.12462913924828171,1,main_engine,0.0,1.0,0.0,-6.526015458586626,0.019231610621205347,0.0,0.0,none
lunarlander,heuristic,17,532,-0.06186962127685547,1.0,-0.46784406900405884,0.12550072614103555,1,main_engine,0.0,1.0,0.0,-6.847566933507671,0.02128543661554605,0.0,0.0,none
lunarlander,heuristic,17,533,-0.06441537290811539,1.0,-0.48875129222869873,0.12857919614762067,1,main_engine,0.0,1.0,0.0,-4.115593813806654,0.007180409173317692,0.0,0.0,none
lunarlander,heuristic,17,534,-0.06715854008992514,1.0,-0.4930570721626282,0.12353008049540222,1,main_engine,0.0,1.0,0.0,-5.637249669566184,0.016033298347168646,0.0,0.0,none
lunarlander,heuristic,17,535,-0.06990727037191391,1.0,-0.5083158612251282,0.12761425655335187,1,main_engine,0.0,1.0,0.0,-5.757201896119122,0.018087250019839726,0.0,0.0,none
lunarlander,heuristic,17,536,-0.07259630908568701,1.0,-0.5245208740234375,0.13518493976444007,1,main_engine,0.0,1.0,0.0,-3.7013288892717218,0.004270661733644613,0.0,0.0,none
lunarlander,heuristic,17,537,-0.07535441468159358,1.0,-0.527627170085907,0.13617606535553933,1,main_engine,0.0,1.0,0.0,-3.4666558476119644,0.0033231826319774387,0.0,0.0,none
lunarlander,heuristic,17,538,-0.07822164023915927,1.0,-0.5288950204849243,0.13507374245673417,1,main_engine,0.0,1.0,0.0,-5.138920686249087,0.010651151016904234,0.0,0.0,none
lunarlander,heuristic,17,539,-0.08117627973357837,1.0,-0.5390989184379578,0.13584678191691638,1,main_engine,0.0,1.0,0.0,-5.9327372240399585,0.014809799372264836,0.0,0.0,none
lunarlander,heuristic,17,540,-0.08419887473185858,1.0,-0.553432822227478,0.13802239196375013,1,main_engine,0.0,1.0,0.0,-6.8314891724360605,0.018298774289148584,0.0,0.0,none
lunarlander,heuristic,17,541,-0.08732374757528305,1.0,-0.5714130997657776,0.13936027456074954,1,main_engine,0.0,1.0,0.0,-7.280385582098575,0.019364824486450126,0.0,0.0,none
lunarlander,heuristic,17,542,-0.0906003328661124,1.0,-0.590487539768219,0.13870746921747923,1,main_engine,0.0,1.0,0.0,-6.02819696865203,0.012779984109090339,0.0,0.0,none
lunarlander,heuristic,17,543,-0.09406280393401782,1.0,-0.6023061275482178,0.13529275534674526,1,main_engine,0.0,1.0,0.0,-5.844926105042818,0.012145060757335091,0.0,0.0,none
lunarlander,heuristic,17,544,-0.09771402925252914,1.0,-0.6130836009979248,0.1310480974672828,1,main_engine,0.0,1.0,0.0,-7.45532931052463,0.020661919564398456,0.0,0.0,none
lunarlander,heuristic,17,545,-0.10147865861654282,1.0,-0.6333991885185242,0.130908851174172,1,main_engine,0.0,1.0,0.0,-4.835654105351218,0.00798464577385835,0.0,0.0,none
lunarlander,heuristic,17,546,-0.10539253552754721,1.0,-0.6391966342926025,0.1270584280602634,1,main_engine,0.0,1.0,0.0,-3.5613741867089446,0.006148113760416052,0.0,0.0,none
lunarlander,heuristic,17,547,-0.10944128036499023,1.0,-0.6387335658073425,0.12245489293709397,1,main_engine,0.0,1.0,0.0,-5.891553062342566,0.0129474312560094,0.0,0.0,none
lunarlander,heuristic,17,548,-0.11362290630737941,1.0,-0.6505401134490967,0.11917534824460745,1,main_engine,0.0,1.0,0.0,-4.415854890588305,0.009905510484893985,0.0,0.0,none
lunarlander,heuristic,17,549,-0.11773681888977687,1.0,-0.6582513451576233,0.12383708255365491,1,main_engine,0.0,1.0,0.0,-6.62052465716607,0.016584396280653627,0.0,0.0,none
lunarlander,heuristic,17,550,-0.12191923956076305,1.0,-0.6742895841598511,0.12440668507479131,1,main_engine,0.0,1.0,0.0,-7.109418461119726,0.017490588863212857,0.0,0.0,none
lunarlander,heuristic,17,551,-0.1262461394071579,1.0,-0.6910437345504761,0.1218577478080988,1,main_engine,0.0,1.0,0.0,-7.114155866959388,0.017279049463394282,0.0,0.0,none
lunarlander,heuristic,17,552,-0.1307254657149315,1.0,-0.7074135541915894,0.11861272221431136,1,main_engine,0.0,1.0,0.0,-4.120344830312754,0.006856168106827935,0.0,0.0,none
lunarlander,heuristic,17,553,-0.13516577581564587,1.0,-0.711581826210022,0.12176172137260437,1,main_engine,0.0,1.0,0.0,-7.834126520406451,0.020722483829029595,0.0,0.0,none
lunarlander,heuristic,17,554,-0.13971957067648572,1.0,-0.7317799925804138,0.12091415799222886,1,main_engine,0.0,1.0,0.0,-6.037535556112302,0.011592920143583804,0.0,0.0,none
lunarlander,heuristic,17,555,-0.14442022889852524,1.0,-0.7416727542877197,0.11711509553715586,1,main_engine,0.0,1.0,0.0,-6.125147267681766,0.015793564141816104,0.0,0.0,none
lunarlander,heuristic,17,556,-0.1490592211484909,1.0,-0.7557222247123718,0.12264038285939023,1,main_engine,0.0,1.0,0.0,-6.383476592139672,0.013897481892143449,0.0,0.0,none
lunarlander,heuristic,17,557,-0.15373126914103827,1.0,-0.768656313419342,0.1246457057306543,1,main_engine,0.0,1.0,0.0,-6.73151749846327,0.015302602269585268,0.0,0.0,none
lunarlander,heuristic,17,558,-0.1584331939617793,1.0,-0.7829830646514893,0.12725448673591017,1,main_engine,0.0,1.0,0.0,-5.460534322162,0.007826376761864266,0.0,0.0,none
lunarlander,heuristic,17,559,-0.16325092564026517,1.0,-0.7888068556785583,0.12522345429752021,1,main_engine,0.0,1.0,0.0,-6.491482845158571,0.012245546213937794,0.0,0.0,none
lunarlander,heuristic,17,560,-0.16818758100271225,1.0,-0.7998752593994141,0.12347037843428552,1,main_engine,0.0,1.0,0.0,-7.70255029622765,0.017219670176377384,0.0,0.0,none
lunarlander,heuristic,17,561,-0.17335422337055206,1.0,-0.8150350451469421,0.11714552715420723,1,main_engine,0.0,1.0,0.0,-3.7844850751829537,0.005572598519797054,0.0,0.0,none
lunarlander,heuristic,17,562,-0.178562601407369,1.0,-0.8134011626243591,0.11602433118969202,1,main_engine,0.0,1.0,0.0,-7.830684821755119,0.020637619618171756,0.0,0.0,none
lunarlander,heuristic,17,563,-0.18378754456837973,1.0,-0.8331626653671265,0.11886938335373998,1,main_engine,0.0,1.0,0.0,-6.047290751734922,0.012569891663072945,0.0,0.0,none
lunarlander,heuristic,17,564,-0.18898232529560727,1.0,-0.8438359498977661,0.12300428685266525,1,main_engine,0.0,1.0,0.0,-6.316775478973488,0.011745895183760575,0.0,0.0,none
lunarlander,heuristic,17,565,-0.19421163946390152,1.0,-0.854196310043335,0.12481626495718956,1,main_engine,0.0,1.0,0.0,-7.769491594565607,0.017369529453427034,0.0,0.0,none
lunarlander,heuristic,17,566,-0.19952960312366486,1.0,-0.8707247376441956,0.12529678237624467,1,main_engine,0.0,1.0,0.0,-5.055619691018475,0.007734320829416742,0.0,0.0,none
lunarlander,heuristic,17,567,-0.2050214633345604,1.0,-0.8713721036911011,0.11988937011919916,1,main_engine,0.0,1.0,0.0,-7.963710203534619,0.02089072942240808,0.0,0.0,none
lunarlander,heuristic,17,568,-0.21048915882905325,1.0,-0.8908642530441284,0.12504524011164903,1,main_engine,0.0,1.0,0.0,-8.541038502528146,0.02015070136259611,0.0,0.0,none
lunarlander,heuristic,17,569,-0.21606119970480603,1.0,-0.9102284908294678,0.12521676525939257,1,main_engine,0.0,1.0,0.0,-7.446205868787092,0.01823809893982577,0.0,0.0,none
lunarlander,heuristic,17,570,-0.22157875200112662,1.0,-0.9262624979019165,0.13193208258599043,1,main_engine,0.0,1.0,0.0,-4.832859565405647,0.00627737951120771,0.0,0.0,none
lunarlander,heuristic,17,571,-0.22721615930398306,1.0,-0.9250968098640442,0.1294288239441812,1,main_engine,0.0,1.0,0.0,-6.193323059848081,0.008834293562591316,0.0,0.0,none
lunarlander,heuristic,17,572,-0.23302117983500165,1.0,-0.930288553237915,0.12525841867318377,1,main_engine,0.0,1.0,0.0,-7.578434187650996,0.017238978716825542,0.0,0.0,none
lunarlander,heuristic,17,573,-0.23881740868091583,1.0,-0.9459034204483032,0.12970387032255531,1,main_engine,0.0,1.0,0.0,-8.524926775648932,0.017777447671011467,0.0,0.0,none
lunarlander,heuristic,17,574,-0.24480188886324566,1.0,-0.9622583389282227,0.12613451685756444,1,main_engine,0.0,1.0,0.0,-8.56998162666902,0.020039978928117617,0.0,0.0,none
lunarlander,heuristic,17,575,-0.25083407759666443,1.0,-0.981208860874176,0.1286025469424203,1,main_engine,0.0,1.0,0.0,-5.408695419353917,0.00705272693095304,0.0,0.0,none
lunarlander,heuristic,17,576,-0.2569955587387085,1.0,-0.9818429350852966,0.12522985407267698,1,main_engine,0.0,1.0,0.0,-6.0399200383448255,0.011002132592204346,0.0,0.0,none
lunarlander,heuristic,17,577,-0.2630994220574697,1.0,-0.9892734289169312,0.13057565013878047,1,main_engine,0.0,1.0,0.0,-8.877056294524538,0.012576505609898493,0.0,0.0,none
lunarlander,heuristic,17,578,-0.26926947136720025,1.0,-1.0,0.13282056832686068,1,main_engine,0.0,1.0,0.0,-5.624598190775918,0.007366459620553619,0.0,0.0,none
lunarlander,heuristic,17,579,-0.27558788657188416,1.0,-1.0,0.1290334379300475,1,main_engine,0.0,1.0,0.0,-5.723601853322512,0.006476966927848509,0.0,0.0,none
lunarlander,heuristic,17,580,-0.2819359302520752,1.0,-1.0,0.1303193002939224,1,main_engine,0.0,1.0,0.0,-5.766372850372231,0.00892350286598875,0.0,0.0,none
lunarlander,heuristic,17,581,-0.2882082015275955,1.0,-1.0,0.13666654508560896,1,main_engine,0.0,1.0,0.0,-7.308623283691508,0.007314990230459163,0.0,0.0,none
lunarlander,heuristic,17,582,-0.29465431968371075,1.0,-1.0,0.13320870720781386,1,main_engine,0.0,1.0,0.0,-8.633101486902016,0.006593618813499559,0.0,0.0,none
lunarlander,heuristic,17,583,-0.3012219568093618,1.0,-1.0,0.13262394089251756,1,main_engine,0.0,1.0,0.0,-9.470295620979186,0.007176143492256819,0.0,0.0,none
lunarlander,heuristic,17,584,-0.3078491985797882,1.0,-1.0,0.13537652185186744,1,main_engine,0.0,1.0,0.0,-6.915714074774614,0.007475226670990236,0.0,0.0,none
lunarlander,heuristic,17,585,-0.31462664405504864,1.0,-1.0,0.13222291334532202,1,main_engine,0.0,1.0,0.0,-8.309598791124541,0.008130956518438948,0.0,0.0,none
lunarlander,heuristic,17,586,-0.321589062611262,1.0,-1.0,0.1280232488643378,1,main_engine,0.0,1.0,0.0,-8.765584090179756,0.007155293020059421,0.0,0.0,none
lunarlander,heuristic,17,587,-0.3286125262578329,1.0,-1.0,0.12939042720245197,1,main_engine,0.0,1.0,0.0,-7.585974870660825,0.007438568267034196,0.0,0.0,none
lunarlander,heuristic,17,588,-0.33565933505694073,1.0,-1.0,0.13177260763477533,1,main_engine,0.0,1.0,0.0,-7.180377692154902,0.009608317383899508,0.0,0.0,none
lunarlander,heuristic,17,589,-0.3429143379131953,1.0,-1.0,0.12547302856110037,1,main_engine,0.0,1.0,0.0,-8.78332312288424,0.008820552696584785,0.0,0.0,none
lunarlander,heuristic,17,590,-0.35014331340789795,1.0,-1.0,0.13052714205114171,1,main_engine,0.0,1.0,0.0,-9.411282111029905,0.0074016257955377175,0.0,0.0,none
lunarlander,heuristic,17,591,-0.3574521839618683,1.0,-1.0,0.13169524976983665,1,main_engine,0.0,1.0,0.0,-8.33716043001813,0.007403346442040513,0.0,0.0,none
lunarlander,heuristic,17,592,-0.36484015484650933,1.0,-1.0,0.13217214047908782,1,main_engine,0.0,1.0,0.0,-8.087764298405556,0.008370774618929183,0.0,0.0,none
lunarlander,heuristic,17,593,-0.37239067256450653,1.0,-1.0,0.12855834055226295,1,main_engine,0.0,1.0,0.0,-7.933679573965587,0.007849981243070134,0.0,0.0,none
lunarlander,heuristic,17,594,-0.38005021711190545,1.0,-1.0,0.12683974145911633,1,main_engine,0.0,1.0,0.0,-7.10085493278289,0.007762905388353919,0.0,0.0,none
lunarlander,heuristic,17,595,-0.3877417991558711,1.0,-1.0,0.12788962989579886,1,main_engine,0.0,1.0,0.0,-6.476032898637508,0.007766213374754741,0.0,0.0,none
lunarlander,heuristic,17,596,-0.3954630345106125,1.0,-1.0,0.12872425243258476,1,main_engine,0.0,1.0,0.0,-9.239791330664985,0.008969697588723112,0.0,0.0,none
lunarlander,heuristic,17,597,-0.40318017204602563,1.0,-1.0,0.13329604235477746,1,main_engine,0.0,1.0,0.0,-7.695640467262878,0.007801710945949346,0.0,0.0,none
lunarlander,heuristic,17,598,-0.4109803835550944,1.0,-1.0,0.13314309106208383,1,main_engine,0.0,1.0,0.0,-6.068896486954059,0.009912206022528021,0.0,0.0,none
lunarlander,heuristic,17,599,-0.41869933406511944,1.0,-1.0,0.1393615821376443,1,main_engine,0.0,1.0,0.0,-6.0661135237880215,0.007790883226930658,0.0,0.0,none
