env,policy,seed,t,q,mu,sigma,rho,a,action_label,p0,p1,p2,r,state_delta,intervention_active,intervention_start,intervention_name
lunarlander,heuristic,11,0,0.002166668612820407,0.936588446299235,0.13416214287281036,-0.02388331298716366,1,main_engine,0.0,1.0,0.0,1.9246011541448012,0.015258261663983667,0.0,0.0,none
lunarlander,heuristic,11,1,0.004339138589178523,0.9329973061879476,0.11971209198236465,-0.026412080507725477,1,main_engine,0.0,1.0,0.0,1.9265643005477704,0.01787924433803163,0.0,0.0,none
lunarlander,heuristic,11,2,0.006531317873547475,0.9299262364705404,0.10237690806388855,-0.028630561381578445,1,main_engine,0.0,1.0,0.0,2.926045407352991,0.022551609727765057,0.0,0.0,none
lunarlander,heuristic,11,3,0.008641004872818788,0.9274913469950358,0.08117503672838211,-0.035607400722801684,1,main_engine,0.0,1.0,0.0,0.780641637258592,0.0121455928929583,0.0,0.0,none
lunarlander,heuristic,11,4,0.010753313545137644,0.9253931045532227,0.0699554905295372,-0.03918129783123732,1,main_engine,0.0,1.0,0.0,-0.11061783635163464,0.0074350701879129484,0.0,0.0,none
lunarlander,heuristic,11,5,0.012901305841902893,0.9234909216562907,0.06342475861310959,-0.04127835258841514,1,main_engine,0.0,1.0,0.0,-1.036421745183368,0.004814958700777452,0.0,0.0,none
lunarlander,heuristic,11,6,0.0151493555555741,0.921700636545817,0.05969318002462387,-0.040278202481567854,1,main_engine,0.0,1.0,0.0,1.870287352967848,0.020358167736957353,0.0,0.0,none
lunarlander,heuristic,11,7,0.017301559758683048,0.9204691251118978,0.0410785898566246,-0.048139717802405356,1,main_engine,0.0,1.0,0.0,0.5482918831509482,0.011501007953336532,0.0,0.0,none
lunarlander,heuristic,11,8,0.019399961456656456,0.9195154507954916,0.031822945922613144,-0.054565716162323946,1,main_engine,0.0,1.0,0.0,-1.9157379110112585,0.0030068535330078252,0.0,0.0,none
lunarlander,heuristic,11,9,0.02162869709233443,0.9185651143391927,0.03170572966337204,-0.05278891380876302,1,main_engine,0.0,1.0,0.0,0.7705914874014251,0.011801051885743201,0.0,0.0,none
lunarlander,heuristic,11,10,0.02376739246149858,0.9178687731424967,0.02325054258108139,-0.060708240047097205,1,main_engine,0.0,1.0,0.0,0.4063361470408563,0.016236481446335223,0.0,0.0,none
lunarlander,heuristic,11,11,0.025839566563566528,0.9175962607065836,0.009138604626059532,-0.0684611987322569,1,main_engine,0.0,1.0,0.0,-0.2453259858698948,0.02112895523239532,0.0,0.0,none
lunarlander,heuristic,11,12,0.02785801887512207,0.9179067611694336,-0.010287107899785042,-0.07651749327778816,1,main_engine,0.0,1.0,0.0,0.013127217256108008,0.009013640077151518,0.0,0.0,none
lunarlander,heuristic,11,13,0.029799224187930427,0.9181946118672689,-0.009512092918157578,-0.08528070747852326,1,main_engine,0.0,1.0,0.0,-1.22279468850345,0.008703868097988142,0.0,0.0,none
lunarlander,heuristic,11,14,0.03175536791483562,0.9186738332112631,-0.015881184488534927,-0.09086065739393234,1,main_engine,0.0,1.0,0.0,-2.9311463344757556,0.01955761580517411,0.0,0.0,none
lunarlander,heuristic,11,15,0.03381609916687012,0.9197307427724203,-0.03514023497700691,-0.09335578046739101,1,main_engine,0.0,1.0,0.0,-0.1940318625136274,0.013412686278876693,0.0,0.0,none
lunarlander,heuristic,11,16,0.03575921058654785,0.9209841092427572,-0.041657883673906326,-0.10484811700880528,1,main_engine,0.0,1.0,0.0,-3.014903399635924,0.003175784631093738,0.0,0.0,none
lunarlander,heuristic,11,17,0.037878115351001426,0.9222861131032308,-0.0432928130030632,-0.10374012663960457,1,main_engine,0.0,1.0,0.0,-2.6647801256756405,0.009496957820843744,0.0,0.0,none
lunarlander,heuristic,11,18,0.040094057718912765,0.9238528410593668,-0.05211350694298744,-0.10598122663795947,1,main_engine,0.0,1.0,0.0,0.1538986163373818,0.011182268649157452,0.0,0.0,none
lunarlander,heuristic,11,19,0.04219277761876583,0.9254189332326254,-0.05206691846251488,-0.11685245893895627,1,main_engine,0.0,1.0,0.0,-3.6065790606982455,0.018564519742924068,0.0,0.0,none
lunarlander,heuristic,11,20,0.04438082377115886,0.927520751953125,-0.06991595774888992,-0.12095709070563315,1,main_engine,0.0,1.0,0.0,-1.609714650216897,0.009992721077880727,0.0,0.0,none
lunarlander,heuristic,11,21,0.04655345343053341,0.9297916094462076,-0.07553396373987198,-0.1286000855267048,1,main_engine,0.0,1.0,0.0,-0.6755633359619014,0.01040500724522406,0.0,0.0,none
lunarlander,heuristic,11,22,0.04865813379486402,0.9320837656656901,-0.07621509581804276,-0.13850546665489674,1,main_engine,0.0,1.0,0.0,-2.377790129775916,0.0038037109970786662,0.0,0.0,none
lunarlander,heuristic,11,23,0.05089505575597286,0.9343293507893881,-0.07466895133256912,-0.1399306621402502,1,main_engine,0.0,1.0,0.0,-1.7512318548065606,0.01454485540925056,0.0,0.0,none
lunarlander,heuristic,11,24,0.05307658265034358,0.9368610382080078,-0.084173284471035,-0.15042122788727283,1,main_engine,0.0,1.0,0.0,-3.0490698415224573,0.018723554623600005,0.0,0.0,none
lunarlander,heuristic,11,25,0.05524269615610441,0.9398519198099772,-0.09945116937160492,-0.16059572100639344,1,main_engine,0.0,1.0,0.0,-1.9931462483701206,0.006464836116236086,0.0,0.0,none
lunarlander,heuristic,11,26,0.05747596422831218,0.9428295294443766,-0.09899456799030304,-0.16586183682084082,1,main_engine,0.0,1.0,0.0,-3.6723389988781614,0.023794414158278435,0.0,0.0,none
lunarlander,heuristic,11,27,0.059664566069841385,0.9463968276977539,-0.11860767006874084,-0.17866749092936515,1,main_engine,0.0,1.0,0.0,-4.15147738835536,0.021221290920045953,0.0,0.0,none
lunarlander,heuristic,11,28,0.06185706704854965,0.9504839579264323,-0.1358945369720459,-0.19006905779242517,1,main_engine,0.0,1.0,0.0,-1.1926399517769575,0.015020829041101377,0.0,0.0,none
lunarlander,heuristic,11,29,0.06395133212208748,0.9546062151590983,-0.1370035707950592,-0.20431744009256364,1,main_engine,0.0,1.0,0.0,-3.535704226240705,0.008613787551270572,0.0,0.0,none
lunarlander,heuristic,11,30,0.06618046512206396,0.9588658014933268,-0.1415749192237854,-0.2098117098212242,1,main_engine,0.0,1.0,0.0,-4.625985759566134,0.01084160299604397,0.0,0.0,none
lunarlander,heuristic,11,31,0.06860351810852687,0.9633925755818685,-0.1504926234483719,-0.21322521790862084,1,main_engine,0.0,1.0,0.0,-2.4291084532119203,0.011879633436380828,0.0,0.0,none
lunarlander,heuristic,11,32,0.07103784630695979,0.9680255254109701,-0.1539972871541977,-0.2232975982129574,1,main_engine,0.0,1.0,0.0,-3.9827471766257916,0.006434419464918111,0.0,0.0,none
lunarlander,heuristic,11,33,0.0736893837650617,0.9727524121602377,-0.15715286135673523,-0.22473634630441666,1,main_engine,0.0,1.0,0.0,-5.566808860506453,0.02287461840658344,0.0,0.0,none
lunarlander,heuristic,11,34,0.07643954207499823,0.9780817826588949,-0.17720462381839752,-0.23396724164485933,1,main_engine,0.0,1.0,0.0,-3.557256405946789,0.014438261184027003,0.0,0.0,none
lunarlander,heuristic,11,35,0.0792333297431469,0.9836673736572266,-0.18570847809314728,-0.2438233956694603,1,main_engine,0.0,1.0,0.0,-4.565885678173634,0.02234452926936214,0.0,0.0,none
lunarlander,heuristic,11,36,0.08202719812591872,0.9897410074869791,-0.20190303027629852,-0.2576913349330425,1,main_engine,0.0,1.0,0.0,-2.3802329759605776,0.011817165796111015,0.0,0.0,none
lunarlander,heuristic,11,37,0.08485777924458186,0.9958110650380453,-0.20174898207187653,-0.26742600947618483,1,main_engine,0.0,1.0,0.0,-3.97542509763368,0.0070898511789919735,0.0,0.0,none
lunarlander,heuristic,11,38,0.08788052946329117,1.0,-0.20458152890205383,-0.2713704325258732,1,main_engine,0.0,1.0,0.0,-5.672785853215323,0.01686973099703006,0.0,0.0,none
lunarlander,heuristic,11,39,0.09107136478026709,1.0,-0.21940220892429352,-0.27877001613378527,1,main_engine,0.0,1.0,0.0,-5.656721205470534,0.014072070799371386,0.0,0.0,none
lunarlander,heuristic,11,40,0.09446907167633375,1.0,-0.23196785151958466,-0.2841163598001003,1,main_engine,0.0,1.0,0.0,-6.656255562653927,0.0151661090633323,0.0,0.0,none
lunarlander,heuristic,11,41,0.09816408157348633,1.0,-0.24656033515930176,-0.2859649233520031,1,main_engine,0.0,1.0,0.0,-3.3015183375870367,0.0065309144193657345,0.0,0.0,none
lunarlander,heuristic,11,42,0.1019853726029396,1.0,-0.24759608507156372,-0.291158939152956,1,main_engine,0.0,1.0,0.0,-2.9676297648100545,0.008518787813342817,0.0,0.0,none
lunarlander,heuristic,11,43,0.10588082174460094,1.0,-0.2489728182554245,-0.29860875979065893,1,main_engine,0.0,1.0,0.0,-6.722077410752285,0.015224868499411133,0.0,0.0,none
lunarlander,heuristic,11,44,0.11007865269978842,1.0,-0.2635352909564972,-0.30006107687950134,1,main_engine,0.0,1.0,0.0,-5.160755366209,0.02099032005108912,0.0,0.0,none
lunarlander,heuristic,11,45,0.1143267129858335,1.0,-0.2799471616744995,-0.3124383956193924,1,main_engine,0.0,1.0,0.0,-3.7301179955514816,0.014085414272842978,0.0,0.0,none
lunarlander,heuristic,11,46,0.11860681076844534,1.0,-0.2869626581668854,-0.3238779090344906,1,main_engine,0.0,1.0,0.0,-6.835747668198628,0.025069201596699984,0.0,0.0,none
lunarlander,heuristic,11,47,0.12301715711752574,1.0,-0.30837878584861755,-0.33614017590880396,1,main_engine,0.0,1.0,0.0,-3.8042073362029325,0.011587971092576593,0.0,0.0,none
lunarlander,heuristic,11,48,0.1275055358807246,1.0,-0.3121698498725891,-0.34612833708524704,1,main_engine,0.0,1.0,0.0,-3.8001680011865093,0.0060841126373785675,0.0,0.0,none
lunarlander,heuristic,11,49,0.13219483196735382,1.0,-0.31014737486839294,-0.3494353786110878,1,main_engine,0.0,1.0,0.0,-5.394329483949316,0.018603558315444378,0.0,0.0,none
lunarlander,heuristic,11,50,0.13697830339272818,1.0,-0.32329103350639343,-0.36170138940215113,1,main_engine,0.0,1.0,0.0,-4.774393311007468,0.018000950850069846,0.0,0.0,none
lunarlander,heuristic,11,51,0.14181382954120636,1.0,-0.3336114287376404,-0.37563485130667684,1,main_engine,0.0,1.0,0.0,-5.710376803911094,0.018246236057910994,0.0,0.0,none
lunarlander,heuristic,11,52,0.1467712720235189,1.0,-0.3458632826805115,-0.38821423798799515,1,main_engine,0.0,1.0,0.0,-2.8914531291292973,0.015418272459767105,0.0,0.0,none
lunarlander,heuristic,11,53,0.15171742687622708,1.0,-0.34584322571754456,-0.40281760320067406,1,main_engine,0.0,1.0,0.0,-6.264829116639298,0.013509738286926469,0.0,0.0,none
lunarlander,heuristic,11,54,0.15690382570028305,1.0,-0.3552330732345581,-0.41103009730577467,1,main_engine,0.0,1.0,0.0,-5.20105087219187,0.010444947054543017,0.0,0.0,none
lunarlander,heuristic,11,55,0.16229264438152313,1.0,-0.35944417119026184,-0.4189246654510498,1,main_engine,0.0,1.0,0.0,-4.635261701131564,0.016968518220113263,0.0,0.0,none
lunarlander,heuristic,11,56,0.16774750004212063,1.0,-0.36622053384780884,-0.4334936760365963,1,main_engine,0.0,1.0,0.0,-4.95406752851319,0.013782659867837244,0.0,0.0,none
lunarlander,heuristic,11,57,0.17334111034870148,1.0,-0.37107810378074646,-0.44511594995856285,1,main_engine,0.0,1.0,0.0,-7.643524948037627,0.025193380475467902,0.0,0.0,none
lunarlander,heuristic,11,58,0.17912579079469046,1.0,-0.3900220990180969,-0.46068415269255636,1,main_engine,0.0,1.0,0.0,-4.280237091539927,0.011839272204950542,0.0,0.0,none
lunarlander,heuristic,11,59,0.18505573272705078,1.0,-0.38908496499061584,-0.47088836431503295,1,main_engine,0.0,1.0,0.0,-9.229783989222032,0.018355193989813386,0.0,0.0,none
lunarlander,heuristic,11,60,0.1914277921120326,1.0,-0.4054184556007385,-0.4763222478330135,1,main_engine,0.0,1.0,0.0,-6.806730885418071,0.02252083410794306,0.0,0.0,none
lunarlander,heuristic,11,61,0.19795450071493786,1.0,-0.4197668433189392,-0.4924068309366703,1,main_engine,0.0,1.0,0.0,-8.36571448405671,0.017495579989131586,0.0,0.0,none
lunarlander,heuristic,11,62,0.2048397809267044,1.0,-0.4334229826927185,-0.5009037770330906,1,main_engine,0.0,1.0,0.0,-4.746372140349206,0.013178563381393137,0.0,0.0,none
lunarlander,heuristic,11,63,0.21187081933021545,1.0,-0.4339158236980438,-0.5120391324162483,1,main_engine,0.0,1.0,0.0,-4.762750109581978,0.010351113690598109,0.0,0.0,none
lunarlander,heuristic,11,64,0.21912073095639548,1.0,-0.43069666624069214,-0.5186890468001366,1,main_engine,0.0,1.0,0.0,-8.2276724468139,0.014525875691099603,0.0,0.0,none
lunarlander,heuristic,11,65,0.22676135102907818,1.0,-0.4414390027523041,-0.5247902102768421,1,main_engine,0.0,1.0,0.0,-7.759048948736404,0.02071531657655394,0.0,0.0,none
lunarlander,heuristic,11,66,0.2346626917521159,1.0,-0.4556497037410736,-0.5376256741583347,1,main_engine,0.0,1.0,0.0,-8.044073869089248,0.02162201608977589,0.0,0.0,none
lunarlander,heuristic,11,67,0.2428347369035085,1.0,-0.4704568684101105,-0.5510970190167427,1,main_engine,0.0,1.0,0.0,-4.958467527622617,0.014597833060877084,0.0,0.0,none
lunarlander,heuristic,11,68,0.25114839275678,1.0,-0.4709048271179199,-0.5630878150463104,1,main_engine,0.0,1.0,0.0,-6.785597574808591,0.018088886585949506,0.0,0.0,none
lunarlander,heuristic,11,69,0.25967756907145184,1.0,-0.4792666733264923,-0.5766723833978176,1,main_engine,0.0,1.0,0.0,-7.898389432195461,0.015752740368370998,0.0,0.0,none
lunarlander,heuristic,11,70,0.2685430149237315,1.0,-0.4879830777645111,-0.5863459035754204,1,main_engine,0.0,1.0,0.0,-6.045223387026439,0.013007761870007753,0.0,0.0,none
lunarlander,heuristic,11,71,0.2776517967383067,1.0,-0.4889970123767853,-0.595576499402523,1,main_engine,0.0,1.0,0.0,-6.859067092745286,0.012332615544399458,0.0,0.0,none
lunarlander,heuristic,11,72,0.2870712180932363,1.0,-0.4916348457336426,-0.6030871413648129,1,main_engine,0.0,1.0,0.0,-6.614187798462122,0.011592773075271057,0.0,0.0,none
lunarlander,heuristic,11,73,0.2968025207519531,1.0,-0.4924268424510956,-0.6093374915421009,1,main_engine,0.0,1.0,0.0,-6.966399226948024,0.014277724584232846,0.0,0.0,none
lunarlander,heuristic,11,74,0.3068225334088008,1.0,-0.49705320596694946,-0.6183956108987332,1,main_engine,0.0,1.0,0.0,-8.383730773042108,0.01714521810273133,0.0,0.0,none
lunarlander,heuristic,11,75,0.3172052651643753,1.0,-0.5069068670272827,-0.627832917124033,1,main_engine,0.0,1.0,0.0,-6.836826919212567,0.011283131949833696,0.0,0.0,none
lunarlander,heuristic,11,76,0.3279462705055873,1.0,-0.5055760145187378,-0.6310217574238777,1,main_engine,0.0,1.0,0.0,-5.031532458511529,0.015632495321572154,0.0,0.0,none
lunarlander,heuristic,11,77,0.338829904794693,1.0,-0.5050331354141235,-0.6422300890088082,1,main_engine,0.0,1.0,0.0,-7.186166415541161,0.02158127539592427,0.0,0.0,none
lunarlander,heuristic,11,78,0.3499280661344528,1.0,-0.5151527523994446,-0.6577276892960071,1,main_engine,0.0,1.0,0.0,-6.215049519937274,0.013076911300437413,0.0,0.0,none
lunarlander,heuristic,11,79,0.3613138943910599,1.0,-0.5125899910926819,-0.6636269077658653,1,main_engine,0.0,1.0,0.0,-9.473421120440829,0.01755011534578369,0.0,0.0,none
lunarlander,heuristic,11,80,0.3731553504864375,1.0,-0.5230926871299744,-0.6712084539234638,1,main_engine,0.0,1.0,0.0,-10.374492951564967,0.018044672553950713,0.0,0.0,none
lunarlander,heuristic,11,81,0.385526567697525,1.0,-0.534903347492218,-0.6769592359662056,1,main_engine,0.0,1.0,0.0,-6.932768543519212,0.014418891558864971,0.0,0.0,none
lunarlander,heuristic,11,82,0.39820266266663873,1.0,-0.5357959270477295,-0.6837727777659893,1,main_engine,0.0,1.0,0.0,-7.336948480863166,0.014032809502521473,0.0,0.0,none
lunarlander,heuristic,11,83,0.411226823925972,1.0,-0.5366553664207458,-0.6889256730675697,1,main_engine,0.0,1.0,0.0,-6.7892398786407915,0.019257278676767815,0.0,0.0,none
lunarlander,heuristic,11,84,0.4244708021481832,1.0,-0.5423259735107422,-0.7017039373517037,1,main_engine,0.0,1.0,0.0,-10.415201396947728,0.018688242639601362,0.0,0.0,none
lunarlander,heuristic,11,85,0.4382409155368805,1.0,-0.5533820986747742,-0.7078192040324212,1,main_engine,0.0,1.0,0.0,-9.57236085935604,0.018624513800977297,0.0,0.0,none
lunarlander,heuristic,11,86,0.45246427257855737,1.0,-0.5627321004867554,-0.7153787076473236,1,main_engine,0.0,1.0,0.0,-9.728279926788606,0.02024687233900184,0.0,0.0,none
lunarlander,heuristic,11,87,0.46713208158810937,1.0,-0.5734285116195679,-0.7243440859019756,1,main_engine,0.0,1.0,0.0,-8.09190823646581,0.022659013968314445,0.0,0.0,none
lunarlander,heuristic,11,88,0.482079287370046,1.0,-0.5827527642250061,-0.7385943584144116,1,main_engine,0.0,1.0,0.0,-9.18619608096888,0.016542415193394683,0.0,0.0,none
lunarlander,heuristic,11,89,0.4974856475989024,1.0,-0.5863351225852966,-0.7434381455183029,1,main_engine,0.0,1.0,0.0,-10.060490684090851,0.017670673598815353,0.0,0.0,none
lunarlander,heuristic,11,90,0.5134072403113048,1.0,-0.5925639271736145,-0.7479055367410183,1,main_engine,0.0,1.0,0.0,-8.997781718082612,0.016725334214240654,0.0,0.0,none
lunarlander,heuristic,11,91,0.5297883351643881,1.0,-0.5942910313606262,-0.7508061654865742,1,main_engine,0.0,1.0,0.0,-6.755564134904562,0.017667598850408393,0.0,0.0,none
lunarlander,heuristic,11,92,0.5464849372704824,1.0,-0.5890076160430908,-0.7531413421034813,1,main_engine,0.0,1.0,0.0,-7.191916487665148,0.02155338292742455,0.0,0.0,none
lunarlander,heuristic,11,93,0.5634166300296783,1.0,-0.5941983461380005,-0.7654263906180858,1,main_engine,0.0,1.0,0.0,-9.24998630539355,0.020281579610267855,0.0,0.0,none
lunarlander,heuristic,11,94,0.5807647605737051,1.0,-0.6009311079978943,-0.7734920434653759,1,main_engine,0.0,1.0,0.0,-8.753277635484606,0.01800375263831757,0.0,0.0,none
lunarlander,heuristic,11,95,0.5985504885514578,1.0,-0.6011592149734497,-0.77627609744668,1,main_engine,0.0,1.0,0.0,-6.742962979244749,0.019098413418800784,0.0,0.0,none
lunarlander,heuristic,11,96,0.616610050201416,1.0,-0.5980215668678284,-0.7816386334598064,1,main_engine,0.0,1.0,0.0,-8.251787550539152,0.01961930520311149,0.0,0.0,none
lunarlander,heuristic,11,97,0.6350329518318176,1.0,-0.6002713441848755,-0.7879988484084606,1,main_engine,0.0,1.0,0.0,-8.286815217427593,0.02304682528305376,0.0,0.0,none
lunarlander,heuristic,11,98,0.6537672877311707,1.0,-0.6069775819778442,-0.799626711010933,1,main_engine,0.0,1.0,0.0,-9.456540435471867,0.019399631339374595,0.0,0.0,none
lunarlander,heuristic,11,99,0.6729836265246074,1.0,-0.6080694198608398,-0.8020528003573417,1,main_engine,0.0,1.0,0.0,-6.328937582004705,0.023575580342170936,0.0,0.0,none
lunarlander,heuristic,11,100,0.6923602521419525,1.0,-0.6100022196769714,-0.8153425954282284,1,main_engine,0.0,1.0,0.0,-6.428373519015326,0.021470883421550697,0.0,0.0,none
lunarlander,heuristic,11,101,0.7119568188985189,1.0,-0.6065511107444763,-0.8234087750315666,1,main_engine,0.0,1.0,0.0,-11.315181410828513,0.028591977517941538,0.0,0.0,none
lunarlander,heuristic,11,102,0.7320523262023926,1.0,-0.6215516328811646,-0.8371439889073372,1,main_engine,0.0,1.0,0.0,-12.250596228540127,0.024785204908766928,0.0,0.0,none
lunarlander,heuristic,11,103,0.7527661323547363,1.0,-0.6326558589935303,-0.8450142353773117,1,main_engine,0.0,1.0,0.0,-7.004099020225258,0.023094557661900203,0.0,0.0,none
lunarlander,heuristic,11,104,0.7737185060977936,1.0,-0.6301913857460022,-0.8544101387262344,1,main_engine,0.0,1.0,0.0,-7.947074568716689,0.022290346713652286,0.0,0.0,none
lunarlander,heuristic,11,105,0.7950112223625183,1.0,-0.626623809337616,-0.8599556043744088,1,main_engine,0.0,1.0,0.0,-9.427729855017443,0.024852231341780634,0.0,0.0,none
lunarlander,heuristic,11,106,0.8166961868604025,1.0,-0.6319053173065186,-0.8708872735500336,1,main_engine,0.0,1.0,0.0,-100.0456716914475,1.452229840454843,0.0,0.0,none
lunarlander,heuristic,11,107,-0.0036524930813660226,0.936299721399943,0.1437952071428299,0.040282591897994276,1,main_engine,0.0,1.0,0.0,2.25983238080224,0.022980114566603572,0.0,0.0,none
lunarlander,heuristic,11,108,-0.007278919219970703,0.9326337178548177,0.12221212685108185,0.04625467378646135,1,main_engine,0.0,1.0,0.0,-0.7818491099845472,0.01239354026323213,0.0,0.0,none
lunarlander,heuristic,11,109,-0.011060794349759817,0.9293035666147867,0.11102505028247833,0.044506339915096754,1,main_engine,0.0,1.0,0.0,1.4904713073974971,0.0185534849648668,0.0,0.0,none
lunarlander,heuristic,11,110,-0.01479657522092263,0.926470677057902,0.0944562703371048,0.051414741575717925,1,main_engine,0.0,1.0,0.0,-0.8924218938419904,0.01711944366842059,0.0,0.0,none
lunarlander,heuristic,11,111,-0.018690666183829308,0.924129327138265,0.07807490229606628,0.04939477406442165,1,main_engine,0.0,1.0,0.0,-0.9615076553971846,0.008635280712890788,0.0,0.0,none
lunarlander,heuristic,11,112,-0.022683064453303814,0.9220085144042969,0.07071962207555771,0.049219174310564995,1,main_engine,0.0,1.0,0.0,1.2638630136711446,0.016885060732704873,0.0,0.0,none
lunarlander,heuristic,11,113,-0.02658502198755741,0.9203112920125326,0.056614574044942856,0.05746823847293854,1,main_engine,0.0,1.0,0.0,-1.4455049893458887,0.016313731450919928,0.0,0.0,none
lunarlander,heuristic,11,114,-0.030630348871151607,0.9190839926401774,0.04094535484910011,0.05581219792366028,1,main_engine,0.0,1.0,0.0,-1.7448853438383969,0.021651028689491893,0.0,0.0,none
lunarlander,heuristic,11,115,-0.03483120662470659,0.9184886614481608,0.01987103931605816,0.053235641494393346,1,main_engine,0.0,1.0,0.0,-0.8539669430982076,0.007966615594821333,0.0,0.0,none
lunarlander,heuristic,11,116,-0.03906989159683387,0.9180898666381836,0.01332430075854063,0.05481097977608442,1,main_engine,0.0,1.0,0.0,-0.7895537935023936,0.013793207050905644,0.0,0.0,none
lunarlander,heuristic,11,117,-0.04333368812998136,0.9180781046549479,0.00042187474900856614,0.05717738308012485,1,main_engine,0.0,1.0,0.0,-0.12133557472058781,0.008392977546168665,0.0,0.0,none
lunarlander,heuristic,11,118,-0.047552346562345825,0.9182163079579672,-0.004569581709802151,0.062441531196236605,1,main_engine,0.0,1.0,0.0,-1.1173879587326587,0.008897651675836787,0.0,0.0,none
lunarlander,heuristic,11,119,-0.051806848496198654,0.9185799757639567,-0.012079753912985325,0.06457049287855625,1,main_engine,0.0,1.0,0.0,-2.4455746694940808,0.009602474623639556,0.0,0.0,none
lunarlander,heuristic,11,120,-0.0562123457590739,0.9191815058390299,-0.020019911229610443,0.06150599028915167,1,main_engine,0.0,1.0,0.0,-0.49911824833333296,0.009531260995881113,0.0,0.0,none
lunarlander,heuristic,11,121,-0.060589549442132316,0.9200000762939453,-0.027248280122876167,0.06583792399615049,1,main_engine,0.0,1.0,0.0,-2.5986832058865468,0.012005727477617974,0.0,0.0,none
lunarlander,heuristic,11,122,-0.06511338676015536,0.9211376508076986,-0.03789053484797478,0.06281786989420653,1,main_engine,0.0,1.0,0.0,-2.2726423300766987,0.020188290600404654,0.0,0.0,none
lunarlander,heuristic,11,123,-0.0697122390071551,0.9228625297546387,-0.05747182294726372,0.06294270725920796,1,main_engine,0.0,1.0,0.0,-1.4783122346376467,0.007936774644784823,0.0,0.0,none
lunarlander,heuristic,11,124,-0.07435123125712077,0.9247704346974691,-0.06357590109109879,0.0636991934850812,1,main_engine,0.0,1.0,0.0,-2.3884872455850004,0.01847931599813499,0.0,0.0,none
lunarlander,heuristic,11,125,-0.07904926935831706,0.9272092978159586,-0.08127183467149734,0.06426438298076391,1,main_engine,0.0,1.0,0.0,-1.8418688846223688,0.009893329345058759,0.0,0.0,none
lunarlander,heuristic,11,126,-0.08379220962524414,0.9298952420552572,-0.08950923383235931,0.06482424167916179,1,main_engine,0.0,1.0,0.0,-0.6580579817478633,0.012004125652854806,0.0,0.0,none
lunarlander,heuristic,11,127,-0.08845480158925056,0.9328432083129883,-0.09823095053434372,0.07095615994185209,1,main_engine,0.0,1.0,0.0,-3.5508279083314642,0.012255860158555358,0.0,0.0,none
lunarlander,heuristic,11,128,-0.09329898903767268,0.9360796610514323,-0.1078653410077095,0.06611427497118712,1,main_engine,0.0,1.0,0.0,-0.6884741082240726,0.00685060232988502,0.0,0.0,none
lunarlander,heuristic,11,129,-0.09810884793599448,0.9393505255381266,-0.10900063812732697,0.06955063287168742,1,main_engine,0.0,1.0,0.0,-1.5712000492846734,0.019965656374760797,0.0,0.0,none
lunarlander,heuristic,11,130,-0.10283263400197029,0.9431503613789877,-0.12661975622177124,0.07672288529574871,1,main_engine,0.0,1.0,0.0,-3.302559976167049,0.011276261704637122,0.0,0.0,none
lunarlander,heuristic,11,131,-0.1076944669087728,0.9472185770670573,-0.13557784259319305,0.07413078797981143,1,main_engine,0.0,1.0,0.0,-1.0789191683918966,0.007850227468935574,0.0,0.0,none
lunarlander,heuristic,11,132,-0.11252737293640773,0.9513630867004395,-0.13811323046684265,0.07796014025807381,1,main_engine,0.0,1.0,0.0,-1.8106133417026262,0.01873797016575732,0.0,0.0,none
lunarlander,heuristic,11,133,-0.11726967990398407,0.9559783140818278,-0.1537836492061615,0.08581887446343898,1,main_engine,0.0,1.0,0.0,-2.030891476184896,0.006773336233608277,0.0,0.0,none
lunarlander,heuristic,11,134,-0.12207690626382828,0.9606195290883383,-0.15465545654296875,0.08650278504937887,1,main_engine,0.0,1.0,0.0,-2.695189834875615,0.010140799801469598,0.0,0.0,none
lunarlander,heuristic,11,135,-0.12695097674926123,0.9654823144276937,-0.16204336285591125,0.08742550741881132,1,main_engine,0.0,1.0,0.0,-4.776158273858979,0.021297129317120595,0.0,0.0,none
lunarlander,heuristic,11,136,-0.13196722914775214,0.9709420204162598,-0.18194986879825592,0.0858998728916049,1,main_engine,0.0,1.0,0.0,-3.0468734583377826,0.008805513192110523,0.0,0.0,none
lunarlander,heuristic,11,137,-0.13713455448548,0.9764757951100668,-0.1844371259212494,0.08215464912354946,1,main_engine,0.0,1.0,0.0,-4.127655484317512,0.014882165155520002,0.0,0.0,none
lunarlander,heuristic,11,138,-0.14246391753355664,0.98236616452535,-0.19633454084396362,0.07805199199356139,1,main_engine,0.0,1.0,0.0,-2.126199862823657,0.009422013504469647,0.0,0.0,none
lunarlander,heuristic,11,139,-0.14782269795735678,0.9884014129638672,-0.20116446912288666,0.07860460393130779,1,main_engine,0.0,1.0,0.0,-2.2074152809926897,0.013333803099790995,0.0,0.0,none
lunarlander,heuristic,11,140,-0.1531529426574707,0.994731585184733,-0.2109879106283188,0.08218339048326015,1,main_engine,0.0,1.0,0.0,-4.423873780430349,0.01597962787890064,0.0,0.0,none
lunarlander,heuristic,11,141,-0.15863998482624692,1.0,-0.22448953986167908,0.07828586706891656,1,main_engine,0.0,1.0,0.0,-3.1500309938627833,0.018691104997805776,0.0,0.0,none
lunarlander,heuristic,11,142,-0.16408252219359082,1.0,-0.2417258620262146,0.08304458446800708,1,main_engine,0.0,1.0,0.0,-2.145290981743022,0.006092910017988409,0.0,0.0,none
lunarlander,heuristic,11,143,-0.1695545886953672,1.0,-0.24427838623523712,0.0838598518166691,1,main_engine,0.0,1.0,0.0,-3.9379069620842446,0.02248408747285665,0.0,0.0,none
lunarlander,heuristic,11,144,-0.1749833052357038,1.0,-0.2653467357158661,0.08953328784555196,1,main_engine,0.0,1.0,0.0,-2.2860456705261765,0.010529702233723771,0.0,0.0,none
lunarlander,heuristic,11,145,-0.1803609107931455,1.0,-0.27257099747657776,0.09498911313712596,1,main_engine,0.0,1.0,0.0,-3.314886120455984,0.007768961786817416,0.0,0.0,none
lunarlander,heuristic,11,146,-0.18582920233408612,1.0,-0.2780733108520508,0.09456590823829174,1,main_engine,0.0,1.0,0.0,-4.392889608826799,0.022233429972895687,0.0,0.0,none
lunarlander,heuristic,11,147,-0.19126180559396744,1.0,-0.2986881136894226,0.10087797082960606,1,main_engine,0.0,1.0,0.0,-5.840915929106267,0.017262450171826257,0.0,0.0,none
lunarlander,heuristic,11,148,-0.19690069059530896,1.0,-0.31445738673210144,0.09669166104868054,1,main_engine,0.0,1.0,0.0,-2.520073767648034,0.005850219697107159,0.0,0.0,none
lunarlander,heuristic,11,149,-0.20262142022450766,1.0,-0.3137722313404083,0.09567732131108642,1,main_engine,0.0,1.0,0.0,-4.626141244906227,0.013951133760824555,0.0,0.0,none
lunarlander,heuristic,11,150,-0.20845564703146618,1.0,-0.32636669278144836,0.09427180653437972,1,main_engine,0.0,1.0,0.0,-5.277406428132081,0.017034636695753936,0.0,0.0,none
lunarlander,heuristic,11,151,-0.21442286670207977,1.0,-0.3421638309955597,0.092030922556296,1,main_engine,0.0,1.0,0.0,-1.4576496769995266,0.008039800285335876,0.0,0.0,none
lunarlander,heuristic,11,152,-0.2203072359164556,1.0,-0.34278014302253723,0.0974745194427669,1,main_engine,0.0,1.0,0.0,-4.293729365198187,0.017511526101291797,0.0,0.0,none
lunarlander,heuristic,11,153,-0.22617643078168234,1.0,-0.35861942172050476,0.10209224056452512,1,main_engine,0.0,1.0,0.0,-3.145315489485458,0.006577895001077769,0.0,0.0,none
lunarlander,heuristic,11,154,-0.23211697737375897,1.0,-0.36144381761550903,0.10205486863851547,1,main_engine,0.0,1.0,0.0,-6.097931301905103,0.020560588172386325,0.0,0.0,none
lunarlander,heuristic,11,155,-0.23818785945574444,1.0,-0.3810579180717468,0.10097355460748077,1,main_engine,0.0,1.0,0.0,-4.904081395472942,0.01204931363459569,0.0,0.0,none
lunarlander,heuristic,11,156,-0.24442362288633984,1.0,-0.3905946910381317,0.09705549706704915,1,main_engine,0.0,1.0,0.0,-3.64545189103178,0.014256485382312311,0.0,0.0,none
lunarlander,heuristic,11,157,-0.25060844918092096,1.0,-0.4023176431655884,0.10230599157512188,1,main_engine,0.0,1.0,0.0,-5.205993493061293,0.014051301855787785,0.0,0.0,none
lunarlander,heuristic,11,158,-0.2569262186686198,1.0,-0.4146779179573059,0.10012689093127847,1,main_engine,0.0,1.0,0.0,-2.064982572903045,0.00869324053757811,0.0,0.0,none
lunarlander,heuristic,11,159,-0.2631631245215734,1.0,-0.41648536920547485,0.10590673144906759,1,main_engine,0.0,1.0,0.0,-2.794869877893627,0.008560253348310058,0.0,0.0,none
lunarlander,heuristic,11,160,-0.26936737199624383,1.0,-0.42026710510253906,0.11043262630701065,1,main_engine,0.0,1.0,0.0,-5.331477329677032,0.014680635639287171,0.0,0.0,none
lunarlander,heuristic,11,161,-0.275679479042689,1.0,-0.4335198700428009,0.1102262556552887,1,main_engine,0.0,1.0,0.0,-5.155943382784453,0.018811952516209485,0.0,0.0,none
lunarlander,heuristic,11,162,-0.28198222319285077,1.0,-0.45046618580818176,0.1154211912304163,1,main_engine,0.0,1.0,0.0,-4.995970229469894,0.011510038720602805,0.0,0.0,none
lunarlander,heuristic,11,163,-0.28840454916159314,1.0,-0.4599837064743042,0.11461402280256153,1,main_engine,0.0,1.0,0.0,-5.819701159658525,0.019082159293558595,0.0,0.0,none
lunarlander,heuristic,11,164,-0.29487187663714093,1.0,-0.47766244411468506,0.11773887705057859,1,main_engine,0.0,1.0,0.0,-2.444988143514888,0.009259515840044185,0.0,0.0,none
lunarlander,heuristic,11,165,-0.30126675963401794,1.0,-0.47863608598709106,0.12436429224908352,1,main_engine,0.0,1.0,0.0,-7.063067345703023,0.019515266951532557,0.0,0.0,none
lunarlander,heuristic,11,166,-0.30785128474235535,1.0,-0.49686840176582336,0.12211210783571005,1,main_engine,0.0,1.0,0.0,-4.2336770370339645,0.00999186877546728,0.0,0.0,none
lunarlander,heuristic,11,167,-0.3144706040620804,1.0,-0.5038447380065918,0.12482370994985104,1,main_engine,0.0,1.0,0.0,-4.1594103963728255,0.0079495430790283,0.0,0.0,none
lunarlander,heuristic,11,168,-0.3212644159793854,1.0,-0.5044405460357666,0.12073905970901251,1,main_engine,0.0,1.0,0.0,-4.52996264324752,0.013660640627368636,0.0,0.0,none
lunarlander,heuristic,11,169,-0.32804543773333233,1.0,-0.5153133869171143,0.1254732098430395,1,main_engine,0.0,1.0,0.0,-3.0420831012937217,0.0073005230967324196,0.0,0.0,none
lunarlander,heuristic,11,170,-0.3348407646020254,1.0,-0.5153975486755371,0.12814043443650008,1,main_engine,0.0,1.0,0.0,-7.419121042896522,0.02011777806910118,0.0,0.0,none
lunarlander,heuristic,11,171,-0.34185623129208886,1.0,-0.5338438749313354,0.1242364276200533,1,main_engine,0.0,1.0,0.0,-4.270832808020941,0.011190370078107904,0.0,0.0,none
lunarlander,heuristic,11,172,-0.34887293974558514,1.0,-0.5417267084121704,0.12795813707634807,1,main_engine,0.0,1.0,0.0,-6.51285755253948,0.017891127494814328,0.0,0.0,none
lunarlander,heuristic,11,173,-0.35600793858369195,1.0,-0.5581334829330444,0.12800268409773707,1,main_engine,0.0,1.0,0.0,-3.7529968046354996,0.0072788454091132875,0.0,0.0,none
lunarlander,heuristic,11,174,-0.36322315533955896,1.0,-0.5589743852615356,0.12753887278959156,1,main_engine,0.0,1.0,0.0,-4.596171781151774,0.009488275360147652,0.0,0.0,none
lunarlander,heuristic,11,175,-0.3705174972613653,1.0,-0.5650416612625122,0.1276289125904441,1,main_engine,0.0,1.0,0.0,-4.536184021396821,0.01402209238861395,0.0,0.0,none
lunarlander,heuristic,11,176,-0.37776753306388855,1.0,-0.5754233598709106,0.13365190103650093,1,main_engine,0.0,1.0,0.0,-3.3666962491003867,0.011812172263305078,0.0,0.0,none
lunarlander,heuristic,11,177,-0.3849213570356369,1.0,-0.5800094604492188,0.141856649518013,1,main_engine,0.0,1.0,0.0,-5.741305369542715,0.011946668960691154,0.0,0.0,none
lunarlander,heuristic,11,178,-0.3922089685996374,1.0,-0.5894683003425598,0.14147722255438566,1,main_engine,0.0,1.0,0.0,-5.836049825917034,0.018772910086925537,0.0,0.0,none
lunarlander,heuristic,11,179,-0.39947330951690674,1.0,-0.6052352786064148,0.14862242378294468,1,main_engine,0.0,1.0,0.0,-4.2494661632134285,0.008587574215206086,0.0,0.0,none
lunarlander,heuristic,11,180,-0.40677880247433984,1.0,-0.6084029674530029,0.15183831416070462,1,main_engine,0.0,1.0,0.0,-3.701610496009584,0.008253710484288168,0.0,0.0,none
lunarlander,heuristic,11,181,-0.4141067713499069,1.0,-0.6088817119598389,0.1556059941649437,1,main_engine,0.0,1.0,0.0,-4.799624959895629,0.012988344625254646,0.0,0.0,none
lunarlander,heuristic,11,182,-0.4214178522427877,1.0,-0.6171541213989258,0.1624479554593563,1,main_engine,0.0,1.0,0.0,-6.00936677832039,0.010497011046439814,0.0,0.0,none
lunarlander,heuristic,11,183,-0.42893240849177044,1.0,-0.624047040939331,0.15995670165866613,1,main_engine,0.0,1.0,0.0,-3.8278123275640925,0.008450158908220717,0.0,0.0,none
lunarlander,heuristic,11,184,-0.4364716013272604,1.0,-0.6247870326042175,0.16370078623294831,1,main_engine,0.0,1.0,0.0,-6.843960708839693,0.019864999246097116,0.0,0.0,none
lunarlander,heuristic,11,185,-0.4440595706303915,1.0,-0.6422887444496155,0.169244340993464,1,main_engine,0.0,1.0,0.0,-6.283217085251831,0.012428959910145062,0.0,0.0,none
lunarlander,heuristic,11,186,-0.4518015185991923,1.0,-0.6520114541053772,0.1693453511223197,1,main_engine,0.0,1.0,0.0,-7.1214802741590075,0.02359471753970937,0.0,0.0,none
lunarlander,heuristic,11,187,-0.45953134695688885,1.0,-0.6724579930305481,0.1782278899103403,1,main_engine,0.0,1.0,0.0,-6.911150879331567,0.021314409710464177,0.0,0.0,none
lunarlander,heuristic,11,188,-0.4672581454118093,1.0,-0.6902063488960266,0.18714957758784295,1,main_engine,0.0,1.0,0.0,-5.646367158490079,0.008592575956010807,0.0,0.0,none
lunarlander,heuristic,11,189,-0.4751981298128764,1.0,-0.6923612356185913,0.1846705712378025,1,main_engine,0.0,1.0,0.0,-5.450588597452088,0.013179485522266545,0.0,0.0,none
lunarlander,heuristic,11,190,-0.4831530650456747,1.0,-0.7005852460861206,0.19121148064732552,1,main_engine,0.0,1.0,0.0,-7.487414164223558,0.024082004755876546,0.0,0.0,none
lunarlander,heuristic,11,191,-0.4910985132058462,1.0,-0.7208563685417175,0.20150198116898538,1,main_engine,0.0,1.0,0.0,-7.516023460361173,0.017795176682706547,0.0,0.0,none
lunarlander,heuristic,11,192,-0.49916113416353863,1.0,-0.7359869480133057,0.2062693726271391,1,main_engine,0.0,1.0,0.0,-7.626376446256627,0.020092877272034158,0.0,0.0,none
lunarlander,heuristic,11,193,-0.5072941382726034,1.0,-0.7528393864631653,0.21358874961733817,1,main_engine,0.0,1.0,0.0,-4.724375113183125,0.013589468724704058,0.0,0.0,none
lunarlander,heuristic,11,194,-0.5153796076774597,1.0,-0.7563470005989075,0.22393261194229125,1,main_engine,0.0,1.0,0.0,-6.182535062912868,0.012366585245841121,0.0,0.0,none
lunarlander,heuristic,11,195,-0.5235497156778972,1.0,-0.7633741497993469,0.22999898977577687,1,main_engine,0.0,1.0,0.0,-5.015417121847554,0.009942254990797083,0.0,0.0,none
lunarlander,heuristic,11,196,-0.5317901571591696,1.0,-0.7640007734298706,0.23552627675235271,1,main_engine,0.0,1.0,0.0,-6.927747126536446,0.01803537300256598,0.0,0.0,none
lunarlander,heuristic,11,197,-0.5400634805361431,1.0,-0.7766498923301697,0.2453663270920515,1,main_engine,0.0,1.0,0.0,-7.418442305070761,0.01710366066641636,0.0,0.0,none
lunarlander,heuristic,11,198,-0.5484333634376526,1.0,-0.7893737554550171,0.25314987227320673,1,main_engine,0.0,1.0,0.0,-7.5240332934793015,0.01676553150285288,0.0,0.0,none
lunarlander,heuristic,11,199,-0.5569141606489818,1.0,-0.8017613887786865,0.2606134951114655,1,main_engine,0.0,1.0,0.0,-6.280635878205489,0.010409579857776867,0.0,0.0,none
lunarlander,heuristic,11,200,-0.5655390520890554,1.0,-0.8056543469429016,0.26495117619633674,1,main_engine,0.0,1.0,0.0,-7.707375740357402,0.013007042663699193,1.0,1.0,lunarlander_engine_fault
lunarlander,heuristic,11,201,-0.5743891000747681,1.0,-0.8149756789207458,0.26694430932402613,1,main_engine,0.0,1.0,0.0,-4.417768851722585,0.01454613538159844,1.0,0.0,lunarlander_engine_fault
lunarlander,heuristic,11,202,-0.5831801891326904,1.0,-0.814926028251648,0.27853328436613084,1,main_engine,0.0,1.0,0.0,-8.926416960276283,0.02459639870618157,1.0,0.0,lunarlander_engine_fault
lunarlander,heuristic,11,203,-0.5920633673667908,1.0,-0.8350178003311157,0.2895964063704014,1,main_engine,0.0,1.0,0.0,-2.325966038427123,0.017493684272360973,1.0,0.0,lunarlander_engine_fault
lunarlander,heuristic,11,204,-0.6009465456008911,1.0,-0.821682333946228,0.2966166250407696,1,main_engine,0.0,1.0,0.0,-5.335593584559933,0.013190109392972991,1.0,0.0,lunarlander_engine_fault
lunarlander,heuristic,11,205,-0.6098611156145732,1.0,-0.8229244947433472,0.30625853687524796,1,main_engine,0.0,1.0,0.0,-2.320432354147997,0.017643602644149832,1.0,0.0,lunarlander_engine_fault
lunarlander,heuristic,11,206,-0.6187757849693298,1.0,-0.8095890283584595,0.3136063747107983,1,main_engine,0.0,1.0,0.0,-8.426695314186668,0.02229197726960341,1.0,0.0,lunarlander_engine_fault
lunarlander,heuristic,11,207,-0.6277879575888317,1.0,-0.8262151479721069,0.32540828734636307,1,main_engine,0.0,1.0,0.0,-2.3998114715830887,0.017931764501680793,1.0,0.0,lunarlander_engine_fault
lunarlander,heuristic,11,208,-0.636800229549408,1.0,-0.8128792643547058,0.333312801271677,1,main_engine,0.0,1.0,0.0,-2.3533130467679486,0.017931828555327413,1.0,0.0,lunarlander_engine_fault
lunarlander,heuristic,11,209,-0.6458126505215963,1.0,-0.7995433807373047,0.341217290610075,1,main_engine,0.0,1.0,0.0,-2.3072350234849957,0.01793184071483547,1.0,0.0,lunarlander_engine_fault
lunarlander,heuristic,11,210,-0.6548251708348592,1.0,-0.7862074971199036,0.3491216942667961,1,main_engine,0.0,1.0,0.0,-2.261567678298802,0.01793189000543313,1.0,0.0,lunarlander_engine_fault
lunarlander,heuristic,11,211,-0.6638378898302715,1.0,-0.7728716731071472,0.35702608376741407,1,main_engine,0.0,1.0,0.0,-2.216377497796407,0.017931913661684243,1.0,0.0,lunarlander_engine_fault
lunarlander,heuristic,11,212,-0.6728507081667583,1.0,-0.7595358490943909,0.3649304136633873,1,main_engine,0.0,1.0,0.0,-2.1716509297031643,0.017932072961570192,1.0,0.0,lunarlander_engine_fault
lunarlander,heuristic,11,213,-0.681863675514857,1.0,-0.7462000250816345,0.37283493503928183,1,main_engine,0.0,1.0,0.0,-4.4573771156792965,0.016321819652206086,1.0,0.0,lunarlander_engine_fault
lunarlander,heuristic,11,214,-0.6908474862575531,1.0,-0.7457138299942017,0.386453178524971,1,main_engine,0.0,1.0,0.0,-2.1958303306209563,0.018243998732492328,1.0,0.0,lunarlander_engine_fault
lunarlander,heuristic,11,215,-0.6998314956823986,1.0,-0.7323776483535767,0.39507160782814027,1,main_engine,0.0,1.0,0.0,-2.152058922901738,0.01824419120811982,1.0,0.0,lunarlander_engine_fault
lunarlander,heuristic,11,216,-0.7088156541188558,1.0,-0.7190412878990173,0.4036900125443935,1,main_engine,0.0,1.0,0.0,-2.1088915826892163,0.018244241781313727,1.0,0.0,lunarlander_engine_fault
lunarlander,heuristic,11,217,-0.7178000609079997,1.0,-0.7057049870491028,0.41230835765600204,1,main_engine,0.0,1.0,0.0,-2.0662503133374277,0.01824426490565049,1.0,0.0,lunarlander_engine_fault
lunarlander,heuristic,11,218,-0.7267846167087555,1.0,-0.692368745803833,0.4209266886115074,1,main_engine,0.0,1.0,0.0,-6.738792381240851,0.009807654558318881,1.0,0.0,lunarlander_engine_fault
lunarlander,heuristic,11,219,-0.7360513011614482,1.0,-0.6940394043922424,0.4236703261733055,1,main_engine,0.0,1.0,0.0,-1.988679647879444,0.01805205686960213,1.0,0.0,lunarlander_engine_fault
lunarlander,heuristic,11,220,-0.7453181346257528,1.0,-0.6807035803794861,0.43155438303947447,1,main_engine,0.0,1.0,0.0,-1.9475614019524528,0.0180519422678261,1.0,0.0,lunarlander_engine_fault
lunarlander,heuristic,11,221,-0.7545851667722067,1.0,-0.6673678755760193,0.4394381456077099,1,main_engine,0.0,1.0,0.0,-6.271195717933624,0.01851580121129416,1.0,0.0,lunarlander_engine_fault
lunarlander,heuristic,11,222,-0.7639267047246298,1.0,-0.6754681468009949,0.4532206043601036,1,main_engine,0.0,1.0,0.0,-2.016832917409315,0.018424013287931407,1.0,0.0,lunarlander_engine_fault
lunarlander,heuristic,11,223,-0.7732683916886648,1.0,-0.6621319651603699,0.46184170693159105,1,main_engine,0.0,1.0,0.0,-1.9766858917439594,0.018424117947154123,1.0,0.0,lunarlander_engine_fault
lunarlander,heuristic,11,224,-0.7826103270053864,1.0,-0.6487957835197449,0.4704627640545368,1,main_engine,0.0,1.0,0.0,-10.03238255829951,0.017950390746303512,1.0,0.0,lunarlander_engine_fault
lunarlander,heuristic,11,225,-0.7924007872740428,1.0,-0.6635851263999939,0.47322659343481066,1,main_engine,0.0,1.0,0.0,-1.9622957852745322,0.0183284106528998,1.0,0.0,lunarlander_engine_fault
lunarlander,heuristic,11,226,-0.8021913965543112,1.0,-0.6502494812011719,0.48111552074551583,1,main_engine,0.0,1.0,0.0,-8.467894824844958,0.017982675680687933,1.0,0.0,lunarlander_engine_fault
lunarlander,heuristic,11,227,-0.8122681081295013,1.0,-0.6627109050750732,0.48927330374717715,1,main_engine,0.0,1.0,0.0,-1.999086060952236,0.01849734289421465,1.0,0.0,lunarlander_engine_fault
lunarlander,heuristic,11,228,-0.8223450183868408,1.0,-0.6493751406669617,0.4971957378089428,1,main_engine,0.0,1.0,0.0,-1.9606470428755574,0.018497350466216093,1.0,0.0,lunarlander_engine_fault
lunarlander,heuristic,11,229,-0.8324220776557922,1.0,-0.6360394358634949,0.5051181003451347,1,main_engine,0.0,1.0,0.0,-100.02763269409537,1.114518834656618,1.0,0.0,lunarlander_engine_fault
lunarlander,heuristic,11,230,-0.004772424775486192,0.9419709046681722,-0.04524536803364754,0.05263243382796645,1,main_engine,0.0,1.0,0.0,-0.3846208478902793,0.014972044777145008,1.0,0.0,lunarlander_engine_fault
lunarlander,heuristic,11,231,-0.009545326077689728,0.9429436524709066,-0.032402850687503815,0.05859104506671428,1,main_engine,0.0,1.0,0.0,-0.5117548454042423,0.015571249122675481,1.0,0.0,lunarlander_engine_fault
lunarlander,heuristic,11,232,-0.014318306930363178,0.9435170491536459,-0.01907629892230034,0.06505298651754857,1,main_engine,0.0,1.0,0.0,-0.5759683056953849,0.015579288735713449,1.0,0.0,lunarlander_engine_fault
lunarlander,heuristic,11,233,-0.019091526046395302,0.9436906973520914,-0.005739206448197365,0.0715354572981596,1,main_engine,0.0,1.0,0.0,-0.641225100033588,0.015577780963021972,1.0,0.0,lunarlander_engine_fault
lunarlander,heuristic,11,234,-0.023864984201888245,0.9434646765391032,0.007596431765705347,0.07801550552248954,1,main_engine,0.0,1.0,0.0,-0.706448664560553,0.0155882756734085,1.0,0.0,lunarlander_engine_fault
lunarlander,heuristic,11,235,-0.028638523072004318,0.9428390661875407,0.02093210257589817,0.0844944067299366,1,main_engine,0.0,1.0,0.0,0.44611512395951197,0.02197169674637357,1.0,0.0,lunarlander_engine_fault
lunarlander,heuristic,11,236,-0.033293484399716064,0.9427208105723063,0.004047101363539696,0.09775975793600082,1,main_engine,0.0,1.0,0.0,-2.440277065202549,0.011290590288370088,1.0,0.0,lunarlander_engine_fault
lunarlander,heuristic,11,237,-0.038070042307178184,0.942896286646525,-0.005734996870160103,0.10075002312660217,1,main_engine,0.0,1.0,0.0,-2.163087475595422,0.006355922450952743,1.0,0.0,lunarlander_engine_fault
lunarlander,heuristic,11,238,-0.042946577693025276,0.9431472619374593,-0.008245239965617657,0.10395202934741973,1,main_engine,0.0,1.0,0.0,-1.1758871626313943,0.023291093653509003,1.0,0.0,lunarlander_engine_fault
lunarlander,heuristic,11,239,-0.047801416367292404,0.9440177281697592,-0.028871335089206696,0.11358074024319648,1,main_engine,0.0,1.0,0.0,-0.5796088038573453,0.01572279264675024,1.0,0.0,lunarlander_engine_fault
lunarlander,heuristic,11,240,-0.052656413366397224,0.9444883664449056,-0.015530443750321865,0.12032123953104018,1,main_engine,0.0,1.0,0.0,-0.6427178533297387,0.015711074421215766,1.0,0.0,lunarlander_engine_fault
lunarlander,heuristic,11,241,-0.057511646300554276,0.9445594946543375,-0.0021971939131617546,0.12706541940569877,1,main_engine,0.0,1.0,0.0,-0.7060092597644405,0.015716133146597863,1.0,0.0,lunarlander_engine_fault
lunarlander,heuristic,11,242,-0.062367121378580734,0.9442309538523356,0.011139129288494587,0.13380750715732576,1,main_engine,0.0,1.0,0.0,-0.769192574202442,0.01572925469248015,1.0,0.0,lunarlander_engine_fault
lunarlander,heuristic,11,243,-0.06722275167703629,0.9435029029846191,0.024475552141666412,0.14054858088493347,1,main_engine,0.0,1.0,0.0,-1.3944977317096368,0.007993930768206587,1.0,0.0,lunarlander_engine_fault
lunarlander,heuristic,11,244,-0.07211923599243164,0.9427531560262045,0.025209341198205948,0.1467796966433525,1,main_engine,0.0,1.0,0.0,-0.8290206066533153,0.015741433846374192,1.0,0.0,lunarlander_engine_fault
lunarlander,heuristic,11,245,-0.07701595624287924,0.9416037400563558,0.03854817524552345,0.15345571488142012,1,main_engine,0.0,1.0,0.0,-0.21413606346686834,0.012787738762766884,1.0,0.0,lunarlander_engine_fault
lunarlander,heuristic,11,246,-0.08185617004831633,0.9405617713928223,0.034997183829545975,0.16469863951206207,1,main_engine,0.0,1.0,0.0,-0.9375227595834326,0.015996309920300038,1.0,0.0,lunarlander_engine_fault
lunarlander,heuristic,11,247,-0.08669662599762282,0.9391202131907145,0.04833720996975899,0.17193863466382026,1,main_engine,0.0,1.0,0.0,-3.0835921821582324,0.01984847590228401,1.0,0.0,lunarlander_engine_fault
lunarlander,heuristic,11,248,-0.09177001193165779,0.9382520516713461,0.029209313914179802,0.1732006326317787,1,main_engine,0.0,1.0,0.0,-0.1285897201072555,0.019328546727725174,1.0,0.0,lunarlander_engine_fault
lunarlander,heuristic,11,249,-0.09677791347106299,0.937781016031901,0.01602640375494957,0.1864105775952339,1,main_engine,0.0,1.0,0.0,-0.8663817921593,0.01604388761935953,1.0,0.0,lunarlander_engine_fault
lunarlander,heuristic,11,250,-0.10178605715433757,0.9369101524353027,0.029365509748458862,0.19373414739966394,1,main_engine,0.0,1.0,0.0,-0.9249113371114503,0.016071586531789906,1.0,0.0,lunarlander_engine_fault
lunarlander,heuristic,11,251,-0.10679436226685843,0.9356398582458496,0.04270080849528313,0.20106687769293785,1,main_engine,0.0,1.0,0.0,-2.7236703617642957,0.010302634171001206,1.0,0.0,lunarlander_engine_fault
lunarlander,heuristic,11,252,-0.11197749525308609,0.934616486231486,0.03445840999484062,0.20427545681595802,1,main_engine,0.0,1.0,0.0,-0.8903115612587907,0.015917215381998924,1.0,0.0,lunarlander_engine_fault
lunarlander,heuristic,11,253,-0.11716080208619437,0.9331935246785482,0.04779956862330437,0.2110930621623993,1,main_engine,0.0,1.0,0.0,-0.9098399067845288,0.010649584381566485,1.0,0.0,lunarlander_engine_fault
lunarlander,heuristic,11,254,-0.12234178682168326,0.931731383005778,0.049128808081150055,0.22018516361713408,1,main_engine,0.0,1.0,0.0,-0.9723918907606219,0.0164738751502458,1.0,0.0,lunarlander_engine_fault
lunarlander,heuristic,11,255,-0.12752095858256024,0.9298558235168457,0.06293726712465286,0.2272825911641121,1,main_engine,0.0,1.0,0.0,-1.0305076065178833,0.016134095765868793,1.0,0.0,lunarlander_engine_fault
lunarlander,heuristic,11,256,-0.13270020484924316,0.9275806744893392,0.07627268135547638,0.2343871586024761,1,main_engine,0.0,1.0,0.0,-1.0782385354908728,0.016195281101632316,1.0,0.0,lunarlander_engine_fault
lunarlander,heuristic,11,257,-0.13787945111592612,0.9249058564503988,0.0896080955862999,0.24149170741438866,1,main_engine,0.0,1.0,0.0,-2.1433793696241388,0.009683224211537732,1.0,0.0,lunarlander_engine_fault
lunarlander,heuristic,11,258,-0.14321478704611462,0.92241899172465,0.0833369717001915,0.2459400251507759,1,main_engine,0.0,1.0,0.0,-1.05724959494681,0.016139761142198176,1.0,0.0,lunarlander_engine_fault
lunarlander,heuristic,11,259,-0.1485501105586688,0.9195326964060465,0.0966721922159195,0.25271257311105727,1,main_engine,0.0,1.0,0.0,-1.0982741021521043,0.016215951712119446,1.0,0.0,lunarlander_engine_fault
lunarlander,heuristic,11,260,-0.15388544648885727,0.9162467320760092,0.1100074052810669,0.25948500335216523,1,main_engine,0.0,1.0,0.0,-1.1360526330911296,0.01630167775333818,1.0,0.0,lunarlander_engine_fault
lunarlander,heuristic,11,261,-0.15922085692485174,0.9125610192616781,0.1233426034450531,0.2662574551999569,1,main_engine,0.0,1.0,0.0,-1.3406984612147779,0.021773345155818108,1.0,0.0,lunarlander_engine_fault
lunarlander,heuristic,11,262,-0.16473150501648587,0.9094635645548502,0.10375788807868958,0.27336773052811625,1,main_engine,0.0,1.0,0.0,-0.8234119151399637,0.018515637607711247,1.0,0.0,lunarlander_engine_fault
lunarlander,heuristic,11,263,-0.1703118532896042,0.9067842165629069,0.08986995369195938,0.2839334733784199,1,main_engine,0.0,1.0,0.0,-1.1208529642416283,0.01647741766894615,1.0,0.0,lunarlander_engine_fault
lunarlander,heuristic,11,264,-0.1758923133214315,0.9037052790323893,0.10320544242858887,0.29121692329645155,1,main_engine,0.0,1.0,0.0,-1.1579273801897818,0.016556710957753313,1.0,0.0,lunarlander_engine_fault
lunarlander,heuristic,11,265,-0.18147282302379608,0.900226910909017,0.11654093116521835,0.2985003486275673,1,main_engine,0.0,1.0,0.0,-1.1920402382542692,0.016645292731818518,1.0,0.0,lunarlander_engine_fault
lunarlander,heuristic,11,266,-0.18705344448486966,0.8963488737742106,0.12987641990184784,0.30578375458717344,1,main_engine,0.0,1.0,0.0,-1.2230698757505878,0.01674289643206743,1.0,0.0,lunarlander_engine_fault
lunarlander,heuristic,11,267,-0.1926341901222865,0.8920713265736898,0.14321188628673553,0.31306714564561844,1,main_engine,0.0,1.0,0.0,-2.598267265799636,0.018516327861685746,1.0,0.0,lunarlander_engine_fault
lunarlander,heuristic,11,268,-0.1985103264451027,0.8882980346679688,0.12637868523597717,0.3163429707288742,1,main_engine,0.0,1.0,0.0,-1.1401097861308755,0.016606382389748514,1.0,0.0,lunarlander_engine_fault
lunarlander,heuristic,11,269,-0.20438654969135922,0.8841251532236735,0.13971389830112457,0.3231253810226917,1,main_engine,0.0,1.0,0.0,-1.166987629570866,0.01671130955219439,1.0,0.0,lunarlander_engine_fault
lunarlander,heuristic,11,270,-0.2102628101905187,0.8795525232950846,0.15304908156394958,0.3299078121781349,1,main_engine,0.0,1.0,0.0,-1.1910417261752946,0.016825054372138885,1.0,0.0,lunarlander_engine_fault
lunarlander,heuristic,11,271,-0.21613923211892447,0.874580462773641,0.16638429462909698,0.3366902031004429,1,main_engine,0.0,1.0,0.0,-1.212138336174146,0.016947451285116415,1.0,0.0,lunarlander_engine_fault
lunarlander,heuristic,11,272,-0.22201570371786755,0.8692086537679037,0.1797194629907608,0.3434725433588028,1,main_engine,0.0,1.0,0.0,-2.382480736553606,0.008676823942367967,1.0,0.0,lunarlander_engine_fault
lunarlander,heuristic,11,273,-0.2281022568543752,0.8638848463694254,0.17808730900287628,0.34616220742464066,1,main_engine,0.0,1.0,0.0,-1.1560136344906322,0.01693953710221141,1.0,0.0,lunarlander_engine_fault
lunarlander,heuristic,11,274,-0.23418883482615155,0.8581612904866537,0.1914222240447998,0.35243296772241595,1,main_engine,0.0,1.0,0.0,-1.171417401328573,0.01707879750209251,1.0,0.0,lunarlander_engine_fault
lunarlander,heuristic,11,275,-0.24027553697427115,0.8520379861195883,0.20475713908672333,0.358703738451004,1,main_engine,0.0,1.0,0.0,-1.1842088729232705,0.017226126045800455,1.0,0.0,lunarlander_engine_fault
lunarlander,heuristic,11,276,-0.24636236329873404,0.8455150922139486,0.21809203922748566,0.3649744845926762,1,main_engine,0.0,1.0,0.0,-1.194468017006177,0.017381417958492327,1.0,0.0,lunarlander_engine_fault
lunarlander,heuristic,11,277,-0.25244923929373425,0.838592529296875,0.23142693936824799,0.3712452255189419,1,main_engine,0.0,1.0,0.0,-1.202249638797216,0.017544448224788945,1.0,0.0,lunarlander_engine_fault
lunarlander,heuristic,11,278,-0.2585362146298091,0.8312702973683676,0.24476183950901031,0.3775159314274788,1,main_engine,0.0,1.0,0.0,-1.2076770708539128,0.017714987311139803,1.0,0.0,lunarlander_engine_fault
lunarlander,heuristic,11,279,-0.26462328930695855,0.8235483964284261,0.25809672474861145,0.3837866075336933,1,main_engine,0.0,1.0,0.0,0.22172400380440538,0.017679762207354482,1.0,0.0,lunarlander_engine_fault
lunarlander,heuristic,11,280,-0.27076907455921173,0.8160897890726725,0.24941591918468475,0.39577894285321236,1,main_engine,0.0,1.0,0.0,-2.475552841618615,0.012576397685371058,1.0,0.0,lunarlander_engine_fault
lunarlander,heuristic,11,281,-0.2772398293018341,0.8088657061258951,0.24153080582618713,0.397169167548418,1,main_engine,0.0,1.0,0.0,-1.1857212248619544,0.01781379609548472,1.0,0.0,lunarlander_engine_fault
lunarlander,heuristic,11,282,-0.2837106833855311,0.801241954167684,0.25486570596694946,0.4034555196762085,1,main_engine,0.0,1.0,0.0,-1.8162003890691676,0.011022807437908885,1.0,0.0,lunarlander_engine_fault
lunarlander,heuristic,11,283,-0.29037820796171826,0.7936735153198242,0.25299888849258423,0.40749038346111777,1,main_engine,0.0,1.0,0.0,-1.1498316530718693,0.01793938768512995,1.0,0.0,lunarlander_engine_fault
lunarlander,heuristic,11,284,-0.29704583187898004,0.7857054869333903,0.2663336396217346,0.41349532790482046,1,main_engine,0.0,1.0,0.0,-1.1542000767790115,0.01812058809614997,1.0,0.0,lunarlander_engine_fault
lunarlander,heuristic,11,285,-0.3037136048078537,0.7773376305898031,0.2796683609485626,0.4195003844797611,1,main_engine,0.0,1.0,0.0,-1.9223051063508592,0.012008012697000482,1.0,0.0,lunarlander_engine_fault
lunarlander,heuristic,11,286,-0.3106325368086497,0.7691030502319336,0.2751876711845398,0.4224048387259245,1,main_engine,0.0,1.0,0.0,-1.1046473814603155,0.01821506393255329,1.0,0.0,lunarlander_engine_fault
lunarlander,heuristic,11,287,-0.3175515681505203,0.7604688803354899,0.28852227330207825,0.4280222274363041,1,main_engine,0.0,1.0,0.0,-1.1075998439260024,0.018407972678330744,1.0,0.0,lunarlander_engine_fault
lunarlander,heuristic,11,288,-0.32447072366873425,0.7514348824818929,0.3018568456172943,0.43363959416747094,1,main_engine,0.0,1.0,0.0,-1.1145172148022358,0.014419859882169319,1.0,0.0,lunarlander_engine_fault
lunarlander,heuristic,11,289,-0.3315886606772741,0.7425993283589681,0.2952568233013153,0.43960952050983904,1,main_engine,0.0,1.0,0.0,-1.1124826952922466,0.01859620655414058,1.0,0.0,lunarlander_engine_fault
lunarlander,heuristic,11,290,-0.33870669702688855,0.7333641052246094,0.30859142541885376,0.4452709246426821,1,main_engine,0.0,1.0,0.0,-1.1151155397891876,0.018797944103369022,1.0,0.0,lunarlander_engine_fault
lunarlander,heuristic,11,291,-0.34582480788230896,0.723729133605957,0.3219259977340698,0.45093234702944757,1,main_engine,0.0,1.0,0.0,-2.2987891818558475,0.012216988939094587,1.0,0.0,lunarlander_engine_fault
lunarlander,heuristic,11,292,-0.35322142144044244,0.7141322294871012,0.320584237575531,0.45173486657440665,1,main_engine,0.0,1.0,0.0,-1.0472270346546815,0.01892075012631972,1.0,0.0,lunarlander_engine_fault
lunarlander,heuristic,11,293,-0.36061810950438183,0.7041354179382324,0.33391857147216797,0.45678888373076915,1,main_engine,0.0,1.0,0.0,-1.0501308693735587,0.019134937155583145,1.0,0.0,lunarlander_engine_fault
lunarlander,heuristic,11,294,-0.36801489690939587,0.6937389373779297,0.34725287556648254,0.46184288039803506,1,main_engine,0.0,1.0,0.0,-1.0526480503611675,0.01935516219423202,1.0,0.0,lunarlander_engine_fault
lunarlander,heuristic,11,295,-0.3754117588202159,0.6829425493876139,0.3605871796607971,0.4668968964368105,1,main_engine,0.0,1.0,0.0,-1.0550041589632428,0.019580977042615504,1.0,0.0,lunarlander_engine_fault
lunarlander,heuristic,11,296,-0.38280869523684186,0.6717464129130045,0.3739214837551117,0.4719508904963732,1,main_engine,0.0,1.0,0.0,-1.0573823650608778,0.01981220030069007,1.0,0.0,lunarlander_engine_fault
lunarlander,heuristic,11,297,-0.3902057061592738,0.6601506471633911,0.3872557580471039,0.47700488455593587,1,main_engine,0.0,1.0,0.0,-1.0599331761079112,0.02004897172680466,1.0,0.0,lunarlander_engine_fault
lunarlander,heuristic,11,298,-0.39760276675224304,0.6481548547744751,0.40059003233909607,0.48205887861549856,1,main_engine,0.0,1.0,0.0,-1.0629390536363303,0.020290681852858157,1.0,0.0,lunarlander_engine_fault
lunarlander,heuristic,11,299,-0.4049999266862869,0.6357593536376953,0.41392430663108826,0.4871128350496292,1,main_engine,0.0,1.0,0.0,-1.0665930394656515,0.020537357053288692,1.0,0.0,lunarlander_engine_fault
lunarlander,heuristic,11,300,-0.41239718596140545,0.622964104016622,0.42725858092308044,0.4921667747199535,1,main_engine,0.0,1.0,0.0,-1.1511200336350658,0.09561727440365567,1.0,1.0,lunarlander_engine_fault|lunarlander_navigation_noise
lunarlander,heuristic,11,301,-0.4809982031985655,0.6286483966170452,0.4903428365986196,0.4715602441554253,1,main_engine,0.0,1.0,0.0,-1.3153441009863491,0.09757513247401511,1.0,0.0,lunarlander_navigation_noise
lunarlander,heuristic,11,302,-0.493974599568312,0.5935573548607174,0.4557919570507054,0.5547910985634993,1,main_engine,0.0,1.0,0.0,-0.0722865394635437,0.07784178524943115,1.0,0.0,lunarlander_navigation_noise
lunarlander,heuristic,11,303,-0.4961081567950842,0.5193099593602252,0.4654775109955231,0.5336178661566569,1,main_engine,0.0,1.0,0.0,-2.7026176213821347,0.1729637942131013,1.0,0.0,lunarlander_navigation_noise
lunarlander,heuristic,11,304,-0.3667329118615207,0.6201468864025342,0.4265920813030723,0.49490924167489553,1,main_engine,0.0,1.0,0.0,-0.228721614335534,0.10039582128436302,1.0,0.0,lunarlander_navigation_noise
lunarlander,heuristic,11,305,-0.3230524927018389,0.5436747090277496,0.39187073591505056,0.4614760818571122,1,main_engine,0.0,1.0,0.0,-1.9544209595526083,0.1456664069450564,1.0,0.0,lunarlander_navigation_noise
lunarlander,heuristic,11,306,-0.45520106896414725,0.552477107628037,0.41364650544116965,0.5180781095995407,1,main_engine,0.0,1.0,0.0,-1.464510398701241,0.07030168959909015,1.0,0.0,lunarlander_navigation_noise
lunarlander,heuristic,11,307,-0.45496446819186276,0.5671055548295828,0.479813266212125,0.5367928065543975,1,main_engine,0.0,1.0,0.0,-1.743559003720625,0.16783378650680114,1.0,0.0,lunarlander_navigation_noise
lunarlander,heuristic,11,308,-0.5669150659466268,0.5547783761144772,0.35624755825394777,0.5221367485140569,1,main_engine,0.0,1.0,0.0,-1.3544487089800215,0.0565888341139464,1.0,0.0,lunarlander_navigation_noise
lunarlander,heuristic,11,309,-0.5602752227229846,0.5075272011962352,0.3709103403681396,0.548792665640628,1,main_engine,0.0,1.0,0.0,-1.6202142343154151,0.25192416530158235,1.0,0.0,lunarlander_navigation_noise
lunarlander,heuristic,11,310,-0.33093392813874745,0.4928739473312138,0.44693526892701363,0.4789797151936623,1,main_engine,0.0,1.0,0.0,-2.2215228106772384,0.21690863439944336,1.0,0.0,lunarlander_navigation_noise
lunarlander,heuristic,11,311,-0.5199684049001932,0.5164528865717704,0.39544676836729026,0.5690257601204624,1,main_engine,0.0,1.0,0.0,-3.577483377995402,0.11467613475985282,1.0,0.0,lunarlander_navigation_noise
lunarlander,heuristic,11,312,-0.5104363450480272,0.4212899696416022,0.4200536160206913,0.5107310089987801,1,main_engine,0.0,1.0,0.0,-2.4001252669189057,0.09217682295800979,1.0,0.0,lunarlander_navigation_noise
lunarlander,heuristic,11,313,-0.4323430992430903,0.43489255673986926,0.4166147223413814,0.557647480357765,1,main_engine,0.0,1.0,0.0,-2.6605141939643318,0.06102001503248637,1.0,0.0,lunarlander_navigation_noise
lunarlander,heuristic,11,314,-0.4888429395665479,0.4185854764962216,0.43276361384472467,0.5555255201486332,1,main_engine,0.0,1.0,0.0,-3.5796420487489033,0.08297372124131688,1.0,0.0,lunarlander_navigation_noise
lunarlander,heuristic,11,315,-0.4842756591303927,0.4689396849034425,0.37333049944764085,0.5273131651460004,1,main_engine,0.0,1.0,0.0,-3.060476126510439,0.0815512672526519,1.0,0.0,lunarlander_navigation_noise
lunarlander,heuristic,11,316,-0.5203279409117847,0.4504554740802178,0.43903442155643974,0.5536223030762336,1,main_engine,0.0,1.0,0.0,-2.993112324927188,0.09706515391094973,1.0,0.0,lunarlander_navigation_noise
lunarlander,heuristic,11,317,-0.5425919468476481,0.4422946734363072,0.353456273014109,0.5928108213993512,1,main_engine,0.0,1.0,0.0,-4.301151070886919,0.10051802233252283,1.0,0.0,lunarlander_navigation_noise
lunarlander,heuristic,11,318,-0.5731367462311173,0.3767812818404033,0.2900549341084735,0.5634994960993979,1,main_engine,0.0,1.0,0.0,-2.5384679000530173,0.15652654061778953,1.0,0.0,lunarlander_navigation_noise
lunarlander,heuristic,11,319,-0.5647999936289494,0.47229226992116435,0.382132454056697,0.6461459597251574,1,main_engine,0.0,1.0,0.0,-3.9021577777583296,0.07191207491689365,1.0,0.0,lunarlander_navigation_noise
lunarlander,heuristic,11,320,-0.5678972643526515,0.42202859946822385,0.3311756544212799,0.63992330463017,1,main_engine,0.0,1.0,0.0,-4.778947284433384,0.10902760685704826,1.0,0.0,lunarlander_navigation_noise
lunarlander,heuristic,11,321,-0.5308689784229332,0.36134152587016793,0.27907764859503925,0.704101197904375,1,main_engine,0.0,1.0,0.0,-4.6419466767374455,0.19579655732145354,1.0,0.0,lunarlander_navigation_noise
lunarlander,heuristic,11,322,-0.6204495017063631,0.41712709016557403,0.34956233894430194,0.5549988808539288,1,main_engine,0.0,1.0,0.0,-5.749714340707016,0.14710351611255573,1.0,0.0,lunarlander_navigation_noise
lunarlander,heuristic,11,323,-0.5245797258826049,0.44850728878699436,0.30524229563454575,0.6524639896451307,1,main_engine,0.0,1.0,0.0,-6.244706287812755,0.19452357072926713,1.0,0.0,lunarlander_navigation_noise
lunarlander,heuristic,11,324,-0.6539751956296899,0.3071068986472813,0.27544248176658104,0.6378307145514611,1,main_engine,0.0,1.0,0.0,-5.68045708962496,0.09561063283610946,1.0,0.0,lunarlander_navigation_noise
lunarlander,heuristic,11,325,-0.6189909638230342,0.3786246937491786,0.2757046822453869,0.6907706132186427,1,main_engine,0.0,1.0,0.0,-5.487871503687879,0.14300011405467286,1.0,0.0,lunarlander_navigation_noise
lunarlander,heuristic,11,326,-0.7276246907105747,0.37477809500048603,0.3241319258829287,0.6114752681225437,1,main_engine,0.0,1.0,0.0,-7.25681844491206,0.1317504352815682,1.0,0.0,lunarlander_navigation_noise
lunarlander,heuristic,11,327,-0.7944450776265776,0.282029853265459,0.27225237586202566,0.6514688805371277,1,main_engine,0.0,1.0,0.0,-3.667950705502178,0.15382243394608297,1.0,0.0,lunarlander_navigation_noise
lunarlander,heuristic,11,328,-0.6429996198670689,0.2695303031180779,0.25455887542047534,0.6674787461626693,1,main_engine,0.0,1.0,0.0,-3.816764186449543,0.16071254379571742,1.0,0.0,lunarlander_navigation_noise
lunarlander,heuristic,11,329,-0.7439401475570702,0.19363344220321746,0.2953262978237665,0.7581276037220255,1,main_engine,0.0,1.0,0.0,-5.618831754634957,0.14334102084406058,1.0,0.0,lunarlander_navigation_noise
lunarlander,heuristic,11,330,-0.7018300823675809,0.258982345926587,0.22261020054978903,0.66213135043186,1,main_engine,0.0,1.0,0.0,-5.606034017476213,0.11820788273344998,1.0,0.0,lunarlander_navigation_noise
lunarlander,heuristic,11,331,-0.6438910326888709,0.328609359777034,0.24393835379678167,0.7350241407749076,1,main_engine,0.0,1.0,0.0,-5.461223400364693,0.1872236173335729,1.0,0.0,lunarlander_navigation_noise
lunarlander,heuristic,11,332,-0.7890114040174768,0.38384458593680937,0.1990040036019266,0.6405639127603603,1,main_engine,0.0,1.0,0.0,-5.139751319045431,0.08593762896539443,1.0,0.0,lunarlander_navigation_noise
lunarlander,heuristic,11,333,-0.7657152037057041,0.35522555887050955,0.25958502154450264,0.6890763305319705,1,main_engine,0.0,1.0,0.0,-5.117856546793259,0.19802351114352892,1.0,0.0,lunarlander_navigation_noise
lunarlander,heuristic,11,334,-0.9099014862252846,0.24171088952706338,0.19259822436785354,0.6566600422395454,1,main_engine,0.0,1.0,0.0,-100.116543841362,1.3626695237619868,1.0,0.0,lunarlander_navigation_noise
lunarlander,heuristic,11,335,0.03234045391156629,0.9246493463660627,0.012886551385509391,-0.029158546019125747,1,main_engine,0.0,1.0,0.0,-1.2930582447160226,0.06592372427770149,1.0,0.0,lunarlander_navigation_noise
lunarlander,heuristic,11,336,-0.010592430927278868,0.948358211640426,-0.01329022380634037,0.006272668608858924,1,main_engine,0.0,1.0,0.0,0.39444192967635333,0.09665277152038995,1.0,0.0,lunarlander_navigation_noise
lunarlander,heuristic,11,337,-0.01493098844502522,0.9319068233600469,-0.10453485326095079,0.033230127327680284,1,main_engine,0.0,1.0,0.0,-2.676776530529969,0.17725139900681836,1.0,0.0,lunarlander_navigation_noise
lunarlander,heuristic,11,338,0.08449678561908598,0.9362106909380155,-0.07758219009457751,-0.1109475646591237,1,main_engine,0.0,1.0,0.0,-1.3089744683839923,0.14898903212777215,1.0,0.0,lunarlander_navigation_noise
lunarlander,heuristic,11,339,0.02327983393244208,0.9575482028889282,0.03973866905686213,-0.04590340187507253,1,main_engine,0.0,1.0,0.0,-3.109975765700558,0.14562628892722185,1.0,0.0,lunarlander_navigation_noise
lunarlander,heuristic,11,340,-0.021116168849300385,0.8273560264713093,-0.007965847700083656,-0.049110775309537606,1,main_engine,0.0,1.0,0.0,-0.6413963347348488,0.25813512502979935,1.0,0.0,lunarlander_navigation_noise
lunarlander,heuristic,11,341,-0.05974433457716764,0.9609364533189277,-0.15804589574783584,0.1082863540411689,1,main_engine,0.0,1.0,0.0,-2.7188419616258135,0.32379625223487535,1.0,0.0,lunarlander_navigation_noise
lunarlander,heuristic,11,342,0.0796381123443084,0.9832739721690547,-0.09980802297072816,-0.17724110852163008,1,main_engine,0.0,1.0,0.0,-2.8858820273468413,0.12278562268662256,1.0,0.0,lunarlander_navigation_noise
lunarlander,heuristic,11,343,0.0204177587066959,0.8799210697041027,-0.07010065146622976,-0.17945661838204466,1,main_engine,0.0,1.0,0.0,-4.054364480072737,0.13637146175900586,1.0,0.0,lunarlander_navigation_noise
lunarlander,heuristic,11,344,-0.015554682609633764,1.0,-0.03921415925231385,-0.13552218831013002,1,main_engine,0.0,1.0,0.0,-0.9382520031149295,0.04903537073531037,1.0,0.0,lunarlander_navigation_noise
lunarlander,heuristic,11,345,-0.04383008276263783,1.0,-0.07922541702250288,-0.13350511593058623,1,main_engine,0.0,1.0,0.0,-3.1827901800171534,0.13666338088566538,1.0,0.0,lunarlander_navigation_noise
lunarlander,heuristic,11,346,0.0012795426069739588,0.934154341683996,-0.18935265346011274,-0.12015062418958189,1,main_engine,0.0,1.0,0.0,-2.7169953847312738,0.1956940570779293,1.0,0.0,lunarlander_navigation_noise
lunarlander,heuristic,11,347,0.10166835315307224,1.0,-0.03673266983103207,-0.09586604944035784,1,main_engine,0.0,1.0,0.0,-2.33363582171457,0.16565377546265575,1.0,0.0,lunarlander_navigation_noise
lunarlander,heuristic,11,348,0.03549824910706618,0.9283111260403211,-0.15244430586866142,-0.16320261670853065,1,main_engine,0.0,1.0,0.0,-4.897994984628331,0.16591933295715416,1.0,0.0,lunarlander_navigation_noise
lunarlander,heuristic,11,349,-0.04327598369641976,1.0,-0.08760382132984691,-0.05374823255543147,1,main_engine,0.0,1.0,0.0,-5.478007762177061,0.2072490227811513,1.0,0.0,lunarlander_navigation_noise
lunarlander,heuristic,11,350,0.1156989718860785,1.0,-0.2153459884005004,-0.0906407750725598,1,main_engine,0.0,1.0,0.0,-1.3922018605458346,0.1431302924329599,1.0,0.0,lunarlander_navigation_noise
lunarlander,heuristic,11,351,0.033805797351945006,0.9374773958872884,-0.26598582428148543,-0.1761177870323763,1,main_engine,0.0,1.0,0.0,-3.861797560544544,0.16832278463354716,1.0,0.0,lunarlander_navigation_noise
lunarlander,heuristic,11,352,0.05579018970427919,1.0,-0.2138226350402128,-0.030449767265392294,1,main_engine,0.0,1.0,0.0,-5.760007044899367,0.12941076597801401,1.0,0.0,lunarlander_navigation_noise
lunarlander,heuristic,11,353,0.0687346698253982,1.0,-0.1495480201304392,-0.14202198900364835,1,main_engine,0.0,1.0,0.0,-2.9157490403549913,0.17858066857159663,1.0,0.0,lunarlander_navigation_noise
lunarlander,heuristic,11,354,-0.03493784915602503,1.0,-0.25096661468000164,-0.03782346370162529,1,main_engine,0.0,1.0,0.0,-4.600872273874389,0.21694022322109557,1.0,0.0,lunarlander_navigation_noise
lunarlander,heuristic,11,355,0.08425964220071507,1.0,-0.19511569332195894,-0.21026386815758907,1,main_engine,0.0,1.0,0.0,-3.419053245494199,0.12304982318985047,1.0,0.0,lunarlander_navigation_noise
lunarlander,heuristic,11,356,0.10725708651160412,0.9663441383319394,-0.2778894224805153,-0.12885029878007467,1,main_engine,0.0,1.0,0.0,-4.746836581231849,0.10201810679326528,1.0,0.0,lunarlander_navigation_noise
lunarlander,heuristic,11,357,0.11359017748920927,1.0,-0.2103951124294472,-0.19725634499283365,1,main_engine,0.0,1.0,0.0,-3.5681656440247105,0.18513836978584217,1.0,0.0,lunarlander_navigation_noise
lunarlander,heuristic,11,358,0.04957200024512906,0.8812282114544627,-0.27515664108296495,-0.08827425654955529,1,main_engine,0.0,1.0,0.0,-4.637485721219743,0.11998264987582809,1.0,0.0,lunarlander_navigation_noise
lunarlander,heuristic,11,359,0.044865176685966235,1.0,-0.2732412256460779,-0.07204848961523827,1,main_engine,0.0,1.0,0.0,-3.091890806731949,0.07581590402285199,1.0,0.0,lunarlander_navigation_noise
lunarlander,heuristic,11,360,0.04606826538653641,0.9585497419822149,-0.32476655659764575,-0.03498610624650027,1,main_engine,0.0,1.0,0.0,-5.040067219611867,0.13955432773154242,1.0,0.0,lunarlander_navigation_noise
lunarlander,heuristic,11,361,0.14582695984410673,0.9938190080848189,-0.2905100243307922,-0.11928428021460945,1,main_engine,0.0,1.0,0.0,-1.836303236177155,0.09167599799314308,1.0,0.0,lunarlander_navigation_noise
lunarlander,heuristic,11,362,0.10552653916973287,0.9895681424550893,-0.32020612189047165,-0.19596828527845087,1,main_engine,0.0,1.0,0.0,-2.003285522775128,0.08214298330710969,1.0,0.0,lunarlander_navigation_noise
lunarlander,heuristic,11,363,0.06730535350806943,1.0,-0.2779668481693467,-0.13771340756951284,1,main_engine,0.0,1.0,0.0,-5.325717913337722,0.04708145822790802,1.0,0.0,lunarlander_navigation_noise
lunarlander,heuristic,11,364,0.09287335917781601,1.0,-0.29815711895645924,-0.17170302010747984,1,main_engine,0.0,1.0,0.0,-3.0122478231047056,0.06937019291931004,1.0,0.0,lunarlander_navigation_noise
lunarlander,heuristic,11,365,0.11757955397286429,1.0,-0.36089973271450015,-0.18798773758187026,1,main_engine,0.0,1.0,0.0,-5.422376962102173,0.13289937983551103,1.0,0.0,lunarlander_navigation_noise
lunarlander,heuristic,11,366,0.06191661338310526,0.946833083195537,-0.2991578647622326,-0.27701078462496165,1,main_engine,0.0,1.0,0.0,-5.610203498779083,0.15640032836455467,1.0,0.0,lunarlander_navigation_noise
lunarlander,heuristic,11,367,0.102749019571972,0.9694437609997569,-0.3887472819168976,-0.15761115773907436,1,main_engine,0.0,1.0,0.0,-5.882269347519079,0.09090436254766256,1.0,0.0,lunarlander_navigation_noise
lunarlander,heuristic,11,368,0.17675267918607843,1.0,-0.38262290969664037,-0.2002241817691067,1,main_engine,0.0,1.0,0.0,-2.7395301423841123,0.06774426139848427,1.0,0.0,lunarlander_navigation_noise
lunarlander,heuristic,11,369,0.11821327505945604,1.0,-0.3945050455674279,-0.2321809958167288,1,main_engine,0.0,1.0,0.0,-4.601802375166158,0.14426522015894513,1.0,0.0,lunarlander_navigation_noise
lunarlander,heuristic,11,370,0.06585128867490186,0.9446641947191122,-0.4523960569345549,-0.12421222446973462,1,main_engine,0.0,1.0,0.0,-4.738270595042004,0.18872651770222582,1.0,0.0,lunarlander_navigation_noise
lunarlander,heuristic,11,371,0.1513406959535714,0.9881316232877018,-0.3174258358128724,-0.21478198648305236,1,main_engine,0.0,1.0,0.0,-3.3130950330532207,0.16013082985904323,1.0,0.0,lunarlander_navigation_noise
lunarlander,heuristic,11,372,0.17585181716027767,1.0,-0.46786920185946074,-0.2623952499221743,1,main_engine,0.0,1.0,0.0,-3.151643461059789,0.1602122327697852,1.0,0.0,lunarlander_navigation_noise
lunarlander,heuristic,11,373,0.09643199541336499,1.0,-0.32899571056877097,-0.2537578394593586,1,main_engine,0.0,1.0,0.0,-4.277935235743587,0.1413152687126604,1.0,0.0,lunarlander_navigation_noise
lunarlander,heuristic,11,374,0.1999725975893144,0.980848516968508,-0.417758243998146,-0.22207531700190966,1,main_engine,0.0,1.0,0.0,-5.423683411705447,0.11317411533874996,1.0,0.0,lunarlander_navigation_noise
lunarlander,heuristic,11,375,0.13614793149482593,0.9090835065752562,-0.46162198072183785,-0.2628251423331528,1,main_engine,0.0,1.0,0.0,-5.471947584526772,0.2109523052583527,1.0,0.0,lunarlander_navigation_noise
lunarlander,heuristic,11,376,0.1818943675530494,1.0,-0.28264317659513066,-0.2169021897004399,1,main_engine,0.0,1.0,0.0,-3.9646810186254196,0.24359357444859442,1.0,0.0,lunarlander_navigation_noise
lunarlander,heuristic,11,377,0.07639033273413745,0.9796473310569221,-0.4706686194730736,-0.10537223925205305,1,main_engine,0.0,1.0,0.0,-4.060225536012387,0.16848156287600138,1.0,0.0,lunarlander_navigation_noise
lunarlander,heuristic,11,378,0.1962335192261095,0.9635665558149096,-0.37925372677195024,-0.17891388555296475,1,main_engine,0.0,1.0,0.0,-6.667242447316021,0.13049064507432795,1.0,0.0,lunarlander_navigation_noise
lunarlander,heuristic,11,379,0.09186765740226291,0.9734250625334001,-0.4526826445140351,-0.20434180765028925,1,main_engine,0.0,1.0,0.0,-5.536196173450489,0.10153167359272698,1.0,0.0,lunarlander_navigation_noise
lunarlander,heuristic,11,380,0.18520756170718514,0.9830481924220494,-0.4464774179920458,-0.2426201767619037,1,main_engine,0.0,1.0,0.0,-6.628733671515079,0.06649628433440002,1.0,0.0,lunarlander_navigation_noise
lunarlander,heuristic,11,381,0.1393155352516437,1.0,-0.456984936398207,-0.19882627290680555,1,main_engine,0.0,1.0,0.0,-3.976851957528797,0.09489210662686791,1.0,0.0,lunarlander_navigation_noise
lunarlander,heuristic,11,382,0.11008392500196347,0.9916898725749544,-0.4338718590179214,-0.28569831845937727,1,main_engine,0.0,1.0,0.0,-5.519797393808084,0.15308742231978165,1.0,0.0,lunarlander_navigation_noise
lunarlander,heuristic,11,383,0.2504338173656073,0.980528884869864,-0.4685405552983981,-0.23659454632639706,1,main_engine,0.0,1.0,0.0,-2.9190816545205096,0.09506072233378317,1.0,0.0,lunarlander_navigation_noise
lunarlander,heuristic,11,384,0.2121007463114641,1.0,-0.5101943638211978,-0.16275043684355772,1,main_engine,0.0,1.0,0.0,-5.256881939434117,0.16196433857574077,1.0,0.0,lunarlander_navigation_noise
lunarlander,heuristic,11,385,0.16772089554584788,0.9534145155152882,-0.4656608141100212,-0.304558163719584,1,main_engine,0.0,1.0,0.0,-6.653020192188526,0.06959779848608601,1.0,0.0,lunarlander_navigation_noise
lunarlander,heuristic,11,386,0.19404801639746816,1.0,-0.45601649152817175,-0.34800371514934403,1,main_engine,0.0,1.0,0.0,-4.7960941088500615,0.08891053449351558,1.0,0.0,lunarlander_navigation_noise
lunarlander,heuristic,11,387,0.24376779223531597,1.0,-0.4591373004158649,-0.2743607413742222,1,main_engine,0.0,1.0,0.0,-4.576519186955136,0.13521526897754413,1.0,0.0,lunarlander_navigation_noise
lunarlander,heuristic,11,388,0.19432907494951002,0.985172854765698,-0.5834848774574104,-0.28688344259646614,1,main_engine,0.0,1.0,0.0,-3.353824367520658,0.12078501546655745,1.0,0.0,lunarlander_navigation_noise
lunarlander,heuristic,11,389,0.22087024510793013,0.9927154410745057,-0.46621824477157325,-0.2956145649857957,1,main_engine,0.0,1.0,0.0,-4.052739801864279,0.1325852202006483,1.0,0.0,lunarlander_navigation_noise
lunarlander,heuristic,11,390,0.16317874963003998,1.0,-0.5829248368976354,-0.31963619109147284,1,main_engine,0.0,1.0,0.0,-6.405881429960825,0.07461111711451364,1.0,0.0,lunarlander_navigation_noise
lunarlander,heuristic,11,391,0.23532497178214712,0.9827922890006852,-0.5910102420135211,-0.3191240070127057,1,main_engine,0.0,1.0,0.0,-6.935102210415368,0.14043076569282117,1.0,0.0,lunarlander_navigation_noise
lunarlander,heuristic,11,392,0.35733868544494013,0.9696554922864944,-0.5600502030280121,-0.25827703346930103,1,main_engine,0.0,1.0,0.0,-7.525466719971555,0.18280282789224608,1.0,0.0,lunarlander_navigation_noise
lunarlander,heuristic,11,393,0.2916318719308805,1.0,-0.5260894427948791,-0.4226709693648911,1,main_engine,0.0,1.0,0.0,-4.655883477070722,0.1751016793299424,1.0,0.0,lunarlander_navigation_noise
lunarlander,heuristic,11,394,0.21760997120003228,1.0,-0.543340576335941,-0.2649251145606939,1,main_engine,0.0,1.0,0.0,-5.039168536340751,0.11296561404681249,1.0,0.0,lunarlander_navigation_noise
lunarlander,heuristic,11,395,0.2908533255571902,0.9880867997241394,-0.5679736584445663,-0.34645994101235295,1,main_engine,0.0,1.0,0.0,-6.408147545870754,0.05174429638175195,1.0,0.0,lunarlander_navigation_noise
lunarlander,heuristic,11,396,0.2863927912832045,1.0,-0.59754960219454,-0.3869681507051894,1,main_engine,0.0,1.0,0.0,-4.933102346591276,0.1180474029948839,1.0,0.0,lunarlander_navigation_noise
lunarlander,heuristic,11,397,0.237975821509212,1.0,-0.5218235609462835,-0.31044003124176495,1,main_engine,0.0,1.0,0.0,-7.032926493661471,0.1241783768212389,1.0,0.0,lunarlander_navigation_noise
lunarlander,heuristic,11,398,0.3303272788027753,1.0,-0.599375903582999,-0.34005610385901514,1,main_engine,0.0,1.0,0.0,-7.366242620866673,0.10234249081873889,1.0,0.0,lunarlander_navigation_noise
lunarlander,heuristic,11,399,0.24179812563213626,0.9898445246598473,-0.6489386524206605,-0.34882962733271805,1,main_engine,0.0,1.0,0.0,-9.360900081668015,0.05787482317662323,1.0,0.0,lunarlander_navigation_noise
lunarlander,heuristic,11,400,0.27268995060593026,0.9945913693793751,-0.6084347485959959,-0.3217724370187758,1,main_engine,0.0,1.0,0.0,-8.83266376058512,0.13487841862238792,1.0,0.0,lunarlander_navigation_noise
lunarlander,heuristic,11,401,0.2697025885906876,0.9530627593254065,-0.6019797285634036,-0.4499011642489729,1,main_engine,0.0,1.0,0.0,-8.716318915785024,0.09985262301028937,0.0,0.0,none
lunarlander,heuristic,11,402,0.31720273196697235,1.0,-0.6580647826194763,-0.40126326903700826,1,main_engine,0.0,1.0,0.0,-6.783862853845553,0.01550653288990598,0.0,0.0,none
lunarlander,heuristic,11,403,0.32525929311911267,1.0,-0.6667236089706421,-0.41129168421030043,1,main_engine,0.0,1.0,0.0,-5.502280671351448,0.008989302908282919,0.0,0.0,none
lunarlander,heuristic,11,404,0.3335716823736827,1.0,-0.6637734770774841,-0.4130261793732643,1,main_engine,0.0,1.0,0.0,-5.341422470393306,0.012146695074479486,0.0,0.0,none
lunarlander,heuristic,11,405,0.3420018404722214,1.0,-0.6654297113418579,-0.421612885594368,1,main_engine,0.0,1.0,0.0,-9.695241025382314,0.019621944315346522,0.0,0.0,none
lunarlander,heuristic,11,406,0.35080956916014355,1.0,-0.6824605464935303,-0.4257836490869522,1,main_engine,0.0,1.0,0.0,-5.661033817816458,0.0096666505239128,0.0,0.0,none
lunarlander,heuristic,11,407,0.35983475546042126,1.0,-0.6816107630729675,-0.4291404351592064,1,main_engine,0.0,1.0,0.0,-8.388147936898772,0.016197640945140424,0.0,0.0,none
lunarlander,heuristic,11,408,0.3691585113604864,1.0,-0.6938536763191223,-0.43419436663389205,1,main_engine,0.0,1.0,0.0,-6.167847366170911,0.012486791047341897,0.0,0.0,none
lunarlander,heuristic,11,409,0.3786486883958181,1.0,-0.6978920698165894,-0.4412333913147449,1,main_engine,0.0,1.0,0.0,-7.889140615228598,0.014680542343430235,0.0,0.0,none
lunarlander,heuristic,11,410,0.38841399053732556,1.0,-0.7075571417808533,-0.4464048109948635,1,main_engine,0.0,1.0,0.0,-9.997195763807706,0.01852551615002145,0.0,0.0,none
lunarlander,heuristic,11,411,0.3986139347155889,1.0,-0.7229815721511841,-0.4475196361541748,1,main_engine,0.0,1.0,0.0,-6.161835231822528,0.012272475865656064,0.0,0.0,none
lunarlander,heuristic,11,412,0.4089890420436859,1.0,-0.7259868383407593,-0.45334537103772166,1,main_engine,0.0,1.0,0.0,-9.24573588573328,0.015808321743908765,0.0,0.0,none
lunarlander,heuristic,11,413,0.41977206865946454,1.0,-0.7375441789627075,-0.4535846430808306,1,main_engine,0.0,1.0,0.0,-7.410854076973001,0.012106746871959827,0.0,0.0,none
lunarlander,heuristic,11,414,0.43085883061091107,1.0,-0.7423241138458252,-0.45448422729969024,1,main_engine,0.0,1.0,0.0,-9.57073269237309,0.021259358301850783,0.0,0.0,none
lunarlander,heuristic,11,415,0.4422713816165924,1.0,-0.759473443031311,-0.4597391776740551,1,main_engine,0.0,1.0,0.0,-4.547513787685393,0.015519943937695117,0.0,0.0,none
lunarlander,heuristic,11,416,0.4536902904510498,1.0,-0.7593114376068115,-0.47024874165654185,1,main_engine,0.0,1.0,0.0,-6.674227157685268,0.014403731042065049,0.0,0.0,none
lunarlander,heuristic,11,417,0.46528249979019165,1.0,-0.7643052339553833,-0.4771877724677324,1,main_engine,0.0,1.0,0.0,-6.922516875001625,0.019390405538115555,0.0,0.0,none
lunarlander,heuristic,11,418,0.47697673241297406,1.0,-0.7737330198287964,-0.4894494853913784,1,main_engine,0.0,1.0,0.0,-6.052847158132149,0.014773932436725168,0.0,0.0,none
lunarlander,heuristic,11,419,0.48879941304524743,1.0,-0.7757647633552551,-0.49807301834225653,1,main_engine,0.0,1.0,0.0,-6.624316712453756,0.013631886186443122,0.0,0.0,none
lunarlander,heuristic,11,420,0.5008223652839661,1.0,-0.7777613997459412,-0.5041796036064625,1,main_engine,0.0,1.0,0.0,-10.471022798036193,0.019087027375613106,0.0,0.0,none
lunarlander,heuristic,11,421,0.5132958292961121,1.0,-0.7920418381690979,-0.5063696693629026,1,main_engine,0.0,1.0,0.0,-8.440549118484347,0.0196884543978376,0.0,0.0,none
lunarlander,heuristic,11,422,0.5259982744852703,1.0,-0.8037472367286682,-0.515817778557539,1,main_engine,0.0,1.0,0.0,-8.234528901804106,0.01372742372431793,0.0,0.0,none
lunarlander,heuristic,11,423,0.5390496055285137,1.0,-0.8077791929244995,-0.5171772819012403,1,main_engine,0.0,1.0,0.0,-8.96057833452986,0.02016449596146264,0.0,0.0,none
lunarlander,heuristic,11,424,0.5523702502250671,1.0,-0.8203486800193787,-0.5256138283759355,1,main_engine,0.0,1.0,0.0,-6.118048097836136,0.014370040987374539,0.0,0.0,none
lunarlander,heuristic,11,425,0.5659271776676178,1.0,-0.8157764673233032,-0.5269564628601074,1,main_engine,0.0,1.0,0.0,-9.601041135020274,0.021202844902526316,0.0,0.0,none
lunarlander,heuristic,11,426,0.5797988673051199,1.0,-0.8299286961555481,-0.5344964414834976,1,main_engine,0.0,1.0,0.0,-8.027445430489243,0.014506950304770581,0.0,0.0,none
lunarlander,heuristic,11,427,0.593999872605006,1.0,-0.8325854539871216,-0.5358097173273564,1,main_engine,0.0,1.0,0.0,-6.615042254006975,0.017969984738207906,0.0,0.0,none
lunarlander,heuristic,11,428,0.6083200871944427,1.0,-0.8368269801139832,-0.5458027780056,1,main_engine,0.0,1.0,0.0,-9.194590772661178,0.01566729741423727,0.0,0.0,none
lunarlander,heuristic,11,429,0.6230550010999044,1.0,-0.8421410322189331,-0.5454751033335924,1,main_engine,0.0,1.0,0.0,-6.969003897805924,0.015118785264447036,0.0,0.0,none
lunarlander,heuristic,11,430,0.6380499402681987,1.0,-0.8410144448280334,-0.547043627500534,1,main_engine,0.0,1.0,0.0,-8.63822394517441,0.020291454010281637,0.0,0.0,none
lunarlander,heuristic,11,431,0.6532934308052063,1.0,-0.8516368269920349,-0.5552010841667652,1,main_engine,0.0,1.0,0.0,-10.301533483211653,0.019425122266935307,0.0,0.0,none
lunarlander,heuristic,11,432,0.6689664721488953,1.0,-0.8629273772239685,-0.5572540394961834,1,main_engine,0.0,1.0,0.0,-7.375922640209696,0.01599750118615266,0.0,0.0,none
lunarlander,heuristic,11,433,0.6849306325117748,1.0,-0.8619481325149536,-0.5575807012617588,1,main_engine,0.0,1.0,0.0,-9.811699270437353,0.0178679190019783,0.0,0.0,none
lunarlander,heuristic,11,434,0.7013445099194845,1.0,-0.868748128414154,-0.5556814346462489,1,main_engine,0.0,1.0,0.0,-7.957620717669747,0.01681222929780573,0.0,0.0,none
lunarlander,heuristic,11,435,0.718085914850235,1.0,-0.8698698878288269,-0.5546240460127592,1,main_engine,0.0,1.0,0.0,-6.503742534678822,0.017104791054084145,0.0,0.0,none
lunarlander,heuristic,11,436,0.7350306709607443,1.0,-0.8682621717453003,-0.5563164899125695,1,main_engine,0.0,1.0,0.0,-10.82191079357824,0.020706273659804226,0.0,0.0,none
lunarlander,heuristic,11,437,0.7524784406026205,1.0,-0.8790369629859924,-0.5534478705376387,1,main_engine,0.0,1.0,0.0,-8.937705050320357,0.01957174392768943,0.0,0.0,none
lunarlander,heuristic,11,438,0.7702522476514181,1.0,-0.8870435953140259,-0.5551910808309912,1,main_engine,0.0,1.0,0.0,-9.687627579280274,0.019607317698137835,0.0,0.0,none
lunarlander,heuristic,11,439,0.7884592811266582,1.0,-0.8935638070106506,-0.5519603411667049,1,main_engine,0.0,1.0,0.0,-10.094998330202326,0.0206603358007894,0.0,0.0,none
lunarlander,heuristic,11,440,0.8071244756380718,1.0,-0.9014672636985779,-0.5479609210044145,1,main_engine,0.0,1.0,0.0,-9.328214013400185,0.020273859394935673,0.0,0.0,none
lunarlander,heuristic,11,441,0.8261993527412415,1.0,-0.9068869948387146,-0.5437413294799626,1,main_engine,0.0,1.0,0.0,-100.02755495371296,1.4550126384544428,0.0,0.0,none
lunarlander,heuristic,11,442,0.003864765167236328,0.9351559480031332,0.18191400170326233,-0.04260737234726548,1,main_engine,0.0,1.0,0.0,2.116294658044192,0.01735944135771076,0.0,0.0,none
lunarlander,heuristic,11,443,0.007681290153414011,0.9301331837972006,0.16744397580623627,-0.04983056634664535,1,main_engine,0.0,1.0,0.0,0.8027264650873257,0.013874125114658555,0.0,0.0,none
lunarlander,heuristic,11,444,0.011540810422350964,0.9254666169484457,0.1555754542350769,-0.05369796864688396,1,main_engine,0.0,1.0,0.0,2.5160485402032147,0.02371780696030529,0.0,0.0,none
lunarlander,heuristic,11,445,0.015344301549096903,0.9214426676432291,0.1341647058725357,-0.06226858757436275,1,main_engine,0.0,1.0,0.0,1.291098058374198,0.014079847266666822,0.0,0.0,none
lunarlander,heuristic,11,446,0.019056876190006733,0.9176531632741293,0.12637051939964294,-0.07272560447454451,1,main_engine,0.0,1.0,0.0,1.3437812438408798,0.017124078436507484,0.0,0.0,none
lunarlander,heuristic,11,447,0.02270873325566451,0.9142541090647379,0.11337544023990631,-0.08269918709993362,1,main_engine,0.0,1.0,0.0,2.1012650170639486,0.024238186801747785,0.0,0.0,none
lunarlander,heuristic,11,448,0.02625799116988977,0.9114576975504557,0.09331469237804413,-0.09553035795688629,1,main_engine,0.0,1.0,0.0,0.44219104372971857,0.017800502191020685,0.0,0.0,none
lunarlander,heuristic,11,449,0.029794853180646896,0.909095843633016,0.0788496807217598,-0.10499257594347,1,main_engine,0.0,1.0,0.0,0.45874705876680877,0.014325578655974986,0.0,0.0,none
lunarlander,heuristic,11,450,0.033234357833862305,0.90684707959493,0.07511542737483978,-0.11819827258586883,1,main_engine,0.0,1.0,0.0,-2.1334363673019743,0.005727574232773257,0.0,0.0,none
lunarlander,heuristic,11,451,0.03681190932790439,0.9046648343404134,0.0729091465473175,-0.12141950875520706,1,main_engine,0.0,1.0,0.0,-0.9473955063706081,0.009436648761319591,0.0,0.0,none
lunarlander,heuristic,11,452,0.04042426745096843,0.9025991757710775,0.06904158741235733,-0.1289545103907585,1,main_engine,0.0,1.0,0.0,0.6697953015415304,0.020084952286363006,0.0,0.0,none
lunarlander,heuristic,11,453,0.04395922025044759,0.9009618759155273,0.05479798838496208,-0.14256878793239594,1,main_engine,0.0,1.0,0.0,-0.2354809656173711,0.017761745354126984,0.0,0.0,none
lunarlander,heuristic,11,454,0.04746921981374423,0.8997007211049398,0.04229830205440521,-0.15462394580245017,1,main_engine,0.0,1.0,0.0,-2.0331859596706283,0.008925914962139285,0.0,0.0,none
lunarlander,heuristic,11,455,0.05108348404367765,0.8985968430836996,0.037071213126182556,-0.16079387664794922,1,main_engine,0.0,1.0,0.0,-3.0883972704073854,0.014950792956610436,0.0,0.0,none
lunarlander,heuristic,11,456,0.0549108162522316,0.897921085357666,0.02279556915163994,-0.1629449412226677,1,main_engine,0.0,1.0,0.0,-2.265171344761917,0.006050790630485685,0.0,0.0,none
lunarlander,heuristic,11,457,0.05884846051534017,0.8972007433573405,0.02428334206342697,-0.1672315090894699,1,main_engine,0.0,1.0,0.0,-3.071501969253611,0.008947813084719133,0.0,0.0,none
lunarlander,heuristic,11,458,0.06298295532663664,0.8967146873474121,0.01646871492266655,-0.16852172762155532,1,main_engine,0.0,1.0,0.0,-0.4863848931510836,0.011798748209838485,0.0,0.0,none
lunarlander,heuristic,11,459,0.06707374006509781,0.8963080247243246,0.013849541544914246,-0.17926651686429979,1,main_engine,0.0,1.0,0.0,-3.259726974630513,0.017219489785424574,0.0,0.0,none
lunarlander,heuristic,11,460,0.0713630517323812,0.8963956038157145,-0.002625420456752181,-0.18185120075941086,1,main_engine,0.0,1.0,0.0,-1.3528963443743056,0.021233618267804164,0.0,0.0,none
lunarlander,heuristic,11,461,0.07565156867106756,0.8970083395640055,-0.02009284496307373,-0.19312013164162636,1,main_engine,0.0,1.0,0.0,-2.041025555148105,0.009882428052009827,0.0,0.0,none
lunarlander,heuristic,11,462,0.08000493049621582,0.8977751731872559,-0.02521323412656784,-0.20032458901405334,1,main_engine,0.0,1.0,0.0,-2.7857548845155256,0.00823051867887239,0.0,0.0,none
lunarlander,heuristic,11,463,0.08448767786224684,0.8986960252126058,-0.030345844104886055,-0.20484728291630744,1,main_engine,0.0,1.0,0.0,-1.842608206357012,0.02370931442396932,0.0,0.0,none
lunarlander,heuristic,11,464,0.08895937353372574,0.900196393330892,-0.04960491135716438,-0.21784623488783836,1,main_engine,0.0,1.0,0.0,-4.45770174763179,0.01625911438984834,0.0,0.0,none
lunarlander,heuristic,11,465,0.0936479556063811,0.902149518330892,-0.0647081658244133,-0.22107934579253197,1,main_engine,0.0,1.0,0.0,-2.316295163848865,0.014806112900092297,0.0,0.0,none
lunarlander,heuristic,11,466,0.09836999699473381,0.9043926397959391,-0.07433755695819855,-0.23103758543729783,1,main_engine,0.0,1.0,0.0,-3.351662455799031,0.018136309373436844,0.0,0.0,none
lunarlander,heuristic,11,467,0.1031792163848877,0.9070767561594645,-0.08900465816259384,-0.24017371088266373,1,main_engine,0.0,1.0,0.0,-0.8495913045166084,0.014707371839689714,0.0,0.0,none
lunarlander,heuristic,11,468,0.10791460673014323,0.9097712834676107,-0.08927944302558899,-0.25383192747831346,1,main_engine,0.0,1.0,0.0,-4.51201517973534,0.008956697546792987,0.0,0.0,none
lunarlander,heuristic,11,469,0.11288007100423178,0.9126559098561605,-0.09564357250928879,-0.2564287297427654,1,main_engine,0.0,1.0,0.0,-6.09429925026737,0.01939693639451965,0.0,0.0,none
lunarlander,heuristic,11,470,0.11814601719379425,0.916087786356608,-0.11392047256231308,-0.25806827247142794,1,main_engine,0.0,1.0,0.0,-3.4830611376508473,0.0161703039245517,0.0,0.0,none
lunarlander,heuristic,11,471,0.12349883715311687,0.9198738733927408,-0.12569215893745422,-0.26700801476836206,1,main_engine,0.0,1.0,0.0,-4.505014630761467,0.01142009286740985,0.0,0.0,none
lunarlander,heuristic,11,472,0.12905494620402655,0.9239120483398438,-0.13410744071006775,-0.2705328337848186,1,main_engine,0.0,1.0,0.0,-2.4579239332635288,0.016449672572237447,0.0,0.0,none
lunarlander,heuristic,11,473,0.1346091429392497,0.9282080332438151,-0.1426365077495575,-0.28272062093019484,1,main_engine,0.0,1.0,0.0,-5.5508954438489555,0.0158215446840967,0.0,0.0,none
lunarlander,heuristic,11,474,0.14041153093179068,0.9329086144765218,-0.15614627301692963,-0.2861911177635193,1,main_engine,0.0,1.0,0.0,-5.528717193108646,0.020643665537092848,0.0,0.0,none
lunarlander,heuristic,11,475,0.1464126134912173,0.9381466706593832,-0.1740497648715973,-0.29268539845943453,1,main_engine,0.0,1.0,0.0,-6.39756815166917,0.020082467108360518,0.0,0.0,none
lunarlander,heuristic,11,476,0.15268730620543164,0.943919817606608,-0.19190454483032227,-0.29612215906381606,1,main_engine,0.0,1.0,0.0,-5.285190147314702,0.020470696270959585,0.0,0.0,none
lunarlander,heuristic,11,477,0.1591238131125768,0.9501941998799642,-0.20858433842658997,-0.30387053936719893,1,main_engine,0.0,1.0,0.0,-1.7327764664952656,0.015877179998281442,0.0,0.0,none
lunarlander,heuristic,11,478,0.1655073215564092,0.9565103848775228,-0.20989564061164856,-0.3168982774019241,1,main_engine,0.0,1.0,0.0,-4.39014419092512,0.009206760005628863,0.0,0.0,none
lunarlander,heuristic,11,479,0.1721270134051641,0.9628049532572428,-0.2092336267232895,-0.31783862635493276,1,main_engine,0.0,1.0,0.0,-4.5031899985488595,0.0172446864060248,0.0,0.0,none
lunarlander,heuristic,11,480,0.17886924246946972,0.9694448312123617,-0.22069929540157318,-0.3265777349472046,1,main_engine,0.0,1.0,0.0,-2.2361468280748564,0.014400434228937845,0.0,0.0,none
lunarlander,heuristic,11,481,0.18561410407225293,0.9760886828104655,-0.22076943516731262,-0.3374282494187355,1,main_engine,0.0,1.0,0.0,-5.154685306313504,0.014132539046493859,0.0,0.0,none
lunarlander,heuristic,11,482,0.19256519774595898,0.9829907417297363,-0.22938206791877747,-0.3428683869540691,1,main_engine,0.0,1.0,0.0,-6.372671288810211,0.019912151231838666,0.0,0.0,none
lunarlander,heuristic,11,483,0.1997633030017217,0.9903712272644043,-0.24532818794250488,-0.34886261224746706,1,main_engine,0.0,1.0,0.0,-5.116323602844777,0.023834710073979318,0.0,0.0,none
lunarlander,heuristic,11,484,0.20705421765645346,0.998260498046875,-0.2621924579143524,-0.36183534413576124,1,main_engine,0.0,1.0,0.0,-7.578514284381044,0.01702937335740955,0.0,0.0,none
lunarlander,heuristic,11,485,0.2147038777669271,1.0,-0.27716928720474243,-0.36387273818254473,1,main_engine,0.0,1.0,0.0,-3.955725216060018,0.015228142409192895,0.0,0.0,none
lunarlander,heuristic,11,486,0.2224216361840566,1.0,-0.28412926197052,-0.37500338405370715,1,main_engine,0.0,1.0,0.0,-4.397050070702701,0.016978561732316644,0.0,0.0,none
lunarlander,heuristic,11,487,0.23021856943766278,1.0,-0.2931560277938843,-0.3870863012969494,1,main_engine,0.0,1.0,0.0,-4.154067262875069,0.00965730774025966,0.0,0.0,none
lunarlander,heuristic,11,488,0.23818557461102804,1.0,-0.2920117974281311,-0.3924230754375458,1,main_engine,0.0,1.0,0.0,-3.837363345191813,0.016855219508829265,0.0,0.0,none
lunarlander,heuristic,11,489,0.2461949239174525,1.0,-0.2985309660434723,-0.4057440809905529,1,main_engine,0.0,1.0,0.0,-7.0020793426319505,0.025044704640927343,0.0,0.0,none
lunarlander,heuristic,11,490,0.2544029553731283,1.0,-0.31847938895225525,-0.4184690907597542,1,main_engine,0.0,1.0,0.0,-5.39536726637817,0.011237469276149782,0.0,0.0,none
lunarlander,heuristic,11,491,0.2628297110398611,1.0,-0.3221757113933563,-0.42491949424147607,1,main_engine,0.0,1.0,0.0,-5.848314009822584,0.018153724934253646,0.0,0.0,none
lunarlander,heuristic,11,492,0.27142579356829327,1.0,-0.33340921998023987,-0.43629813119769095,1,main_engine,0.0,1.0,0.0,-7.9852086729428695,0.015674562916248053,0.0,0.0,none
lunarlander,heuristic,11,493,0.28039892514546716,1.0,-0.3456990122795105,-0.440057896822691,1,main_engine,0.0,1.0,0.0,-3.393237193640334,0.017119099430631002,0.0,0.0,none
lunarlander,heuristic,11,494,0.2893822143475215,1.0,-0.34791243076324463,-0.4544615373015404,1,main_engine,0.0,1.0,0.0,-6.601294224706937,0.011242825712874792,0.0,0.0,none
lunarlander,heuristic,11,495,0.29867783188819885,1.0,-0.3528333306312561,-0.45843361094594004,1,main_engine,0.0,1.0,0.0,-4.7308688519188555,0.011535196168572582,0.0,0.0,none
lunarlander,heuristic,11,496,0.30815561612447107,1.0,-0.35236960649490356,-0.46499236971139907,1,main_engine,0.0,1.0,0.0,-6.377518134066356,0.01527047592471382,0.0,0.0,none
lunarlander,heuristic,11,497,0.3178764879703522,1.0,-0.36102327704429626,-0.4729802399873734,1,main_engine,0.0,1.0,0.0,-7.166957959129372,0.023794697297792322,0.0,0.0,none
lunarlander,heuristic,11,498,0.3278105954329173,1.0,-0.37813347578048706,-0.48619925007224085,1,main_engine,0.0,1.0,0.0,-7.1963440734344335,0.016993525676893325,0.0,0.0,none
lunarlander,heuristic,11,499,0.33802755177021027,1.0,-0.3888294994831085,-0.49456518068909644,1,main_engine,0.0,1.0,0.0,-4.3170051000667895,0.0177953030911528,0.0,0.0,none
lunarlander,heuristic,11,500,0.34830617407957715,1.0,-0.3922185003757477,-0.5086909517645836,1,main_engine,0.0,1.0,0.0,-7.401665381558319,0.017567448025747372,0.0,0.0,none
lunarlander,heuristic,11,501,0.3588744749625524,1.0,-0.4028182029724121,-0.5178872853517532,1,main_engine,0.0,1.0,0.0,-6.240885545242877,0.012728090640088745,0.0,0.0,none
lunarlander,heuristic,11,502,0.36970987915992737,1.0,-0.40507838129997253,-0.5241713844239712,1,main_engine,0.0,1.0,0.0,-7.361111714107674,0.02027949753982736,0.0,0.0,none
lunarlander,heuristic,11,503,0.3808015088240306,1.0,-0.4174994230270386,-0.5357451260089874,1,main_engine,0.0,1.0,0.0,-6.435854822720632,0.01201896742230212,0.0,0.0,none
lunarlander,heuristic,11,504,0.3922002265850703,1.0,-0.41743576526641846,-0.5395557373762131,1,main_engine,0.0,1.0,0.0,-6.304156624907138,0.012223198577113724,0.0,0.0,none
lunarlander,heuristic,11,505,0.40389751394589746,1.0,-0.41719990968704224,-0.5430947236716748,1,main_engine,0.0,1.0,0.0,-6.283296335644895,0.013742572284697248,0.0,0.0,none
lunarlander,heuristic,11,506,0.4158564408620199,1.0,-0.42005184292793274,-0.5492354758083821,1,main_engine,0.0,1.0,0.0,-4.037108810342406,0.016217500251028343,0.0,0.0,none
lunarlander,heuristic,11,507,0.42789672811826074,1.0,-0.4182616174221039,-0.5599515333771705,1,main_engine,0.0,1.0,0.0,-3.9679805628420626,0.0176657090641773,0.0,0.0,none
lunarlander,heuristic,11,508,0.4399922490119934,1.0,-0.4176623523235321,-0.572812969237566,1,main_engine,0.0,1.0,0.0,-8.656633420304143,0.01570471557389411,0.0,0.0,none
lunarlander,heuristic,11,509,0.45251473784446716,1.0,-0.4262255132198334,-0.5768746979534626,1,main_engine,0.0,1.0,0.0,-8.824840220882578,0.019061055667918825,0.0,0.0,none
lunarlander,heuristic,11,510,0.46543702483177185,1.0,-0.43846043944358826,-0.5837044067680836,1,main_engine,0.0,1.0,0.0,-7.973209780801903,0.024492418259676595,0.0,0.0,none
lunarlander,heuristic,11,511,0.4786267876625061,1.0,-0.4537925720214844,-0.597518689930439,1,main_engine,0.0,1.0,0.0,-10.417383342762498,0.018691616159032445,0.0,0.0,none
lunarlander,heuristic,11,512,0.49235711495081586,1.0,-0.46620047092437744,-0.6001452222466469,1,main_engine,0.0,1.0,0.0,-6.468520014693436,0.014784599236912029,0.0,0.0,none
lunarlander,heuristic,11,513,0.5063686271508535,1.0,-0.46586740016937256,-0.6048517033457756,1,main_engine,0.0,1.0,0.0,-9.385566268004647,0.018379004137296838,0.0,0.0,none
lunarlander,heuristic,11,514,0.5208362142244976,1.0,-0.47640863060951233,-0.609018138051033,1,main_engine,0.0,1.0,0.0,-5.303384195059286,0.017730547198952566,0.0,0.0,none
lunarlander,heuristic,11,515,0.5354496836662292,1.0,-0.4772335886955261,-0.6190250486135482,1,main_engine,0.0,1.0,0.0,-10.355168310007492,0.01836634861310361,0.0,0.0,none
lunarlander,heuristic,11,516,0.5506115158398946,1.0,-0.48755499720573425,-0.6199790574610233,1,main_engine,0.0,1.0,0.0,-7.36071510829604,0.02291961961002279,0.0,0.0,none
lunarlander,heuristic,11,517,0.5660063525040945,1.0,-0.49870565533638,-0.6327841654419899,1,main_engine,0.0,1.0,0.0,-7.773795298192413,0.01892781367157018,0.0,0.0,none
lunarlander,heuristic,11,518,0.5817122260729473,1.0,-0.5054517388343811,-0.6409130044281482,1,main_engine,0.0,1.0,0.0,-6.5558075514727445,0.018221670807618526,0.0,0.0,none
lunarlander,heuristic,11,519,0.5976503590742748,1.0,-0.5076770186424255,-0.6494601286947728,1,main_engine,0.0,1.0,0.0,-6.013911950865631,0.017449911781599638,0.0,0.0,none
lunarlander,heuristic,11,520,0.6138143440087637,1.0,-0.5051711797714233,-0.6555384330451488,1,main_engine,0.0,1.0,0.0,-7.925473331931416,0.021553430366309956,0.0,0.0,none
lunarlander,heuristic,11,521,0.6302717328071594,1.0,-0.5140100121498108,-0.6662892356514931,1,main_engine,0.0,1.0,0.0,-7.496109015853239,0.017045289534977755,0.0,0.0,none
lunarlander,heuristic,11,522,0.6470893323421478,1.0,-0.5119431614875793,-0.6681435197591782,1,main_engine,0.0,1.0,0.0,-10.329942633282508,0.019975141096892787,0.0,0.0,none
lunarlander,heuristic,11,523,0.6644301613171896,1.0,-0.5214502811431885,-0.670957162976265,1,main_engine,0.0,1.0,0.0,-5.560429941257343,0.019129819938498677,0.0,0.0,none
lunarlander,heuristic,11,524,0.6819457809130351,1.0,-0.5187494158744812,-0.6781584411859513,1,main_engine,0.0,1.0,0.0,-8.327743051926827,0.020080999271395793,0.0,0.0,none
lunarlander,heuristic,11,525,0.6998158991336823,1.0,-0.5249377489089966,-0.6849119544029236,1,main_engine,0.0,1.0,0.0,-7.8780435856293884,0.01855995376550156,0.0,0.0,none
lunarlander,heuristic,11,526,0.7180444399515789,1.0,-0.525971531867981,-0.6882471419870854,1,main_engine,0.0,1.0,0.0,-6.822476140072845,0.019016017467334695,0.0,0.0,none
lunarlander,heuristic,11,527,0.7365783055623373,1.0,-0.5220270752906799,-0.689842763543129,1,main_engine,0.0,1.0,0.0,-6.609922454818674,0.020702926676441955,0.0,0.0,none
lunarlander,heuristic,11,528,0.7553354899088542,1.0,-0.5244532823562622,-0.6982625454664231,1,main_engine,0.0,1.0,0.0,-6.4418058178180075,0.021466734868836074,0.0,0.0,none
lunarlander,heuristic,11,529,0.7742921511332195,1.0,-0.5269293785095215,-0.7080264918506145,1,main_engine,0.0,1.0,0.0,-6.63706346543272,0.02030139743404289,0.0,0.0,none
lunarlander,heuristic,11,530,0.7935490707556407,1.0,-0.520530641078949,-0.7086380012333393,1,main_engine,0.0,1.0,0.0,-7.137814314041934,0.020001403831783903,0.0,0.0,none
lunarlander,heuristic,11,531,0.8131365974744161,1.0,-0.5165194869041443,-0.7091816872358322,1,main_engine,0.0,1.0,0.0,-7.761518028979567,0.020012587593112644,0.0,0.0,none
lunarlander,heuristic,11,532,0.8330834905306499,1.0,-0.5162320733070374,-0.7107762131839991,1,main_engine,0.0,1.0,0.0,-100.03737902507186,1.1904377128791184,0.0,0.0,none
lunarlander,heuristic,11,533,-0.004959901173909506,0.9454560279846191,-0.16141322255134583,0.05469995243474841,1,main_engine,0.0,1.0,0.0,-3.2872898098495487,0.00944053945441167,0.0,0.0,none
lunarlander,heuristic,11,534,-0.010030507886161407,0.9504806200663248,-0.1674637347459793,0.055947954580187795,1,main_engine,0.0,1.0,0.0,-2.6566029318085214,0.017254670336036834,0.0,0.0,none
lunarlander,heuristic,11,535,-0.015059709548950195,0.9558993975321451,-0.18059124052524567,0.06435843743383884,1,main_engine,0.0,1.0,0.0,-0.8973042518914895,0.013962043966075845,0.0,0.0,none
lunarlander,heuristic,11,536,-0.019978840524951618,0.9613566398620605,-0.181852787733078,0.07616385258734226,1,main_engine,0.0,1.0,0.0,-2.002873722373763,0.01987757358371022,0.0,0.0,none
lunarlander,heuristic,11,537,-0.024765411702295147,0.9671744505564371,-0.19384294748306274,0.09011361300945281,1,main_engine,0.0,1.0,0.0,-2.7384672666881746,0.017589464785979444,0.0,0.0,none
lunarlander,heuristic,11,538,-0.029492061585187912,0.9733133316040039,-0.20452140271663666,0.1017468750476837,1,main_engine,0.0,1.0,0.0,-3.6336126698783264,0.016396526587364808,0.0,0.0,none
lunarlander,heuristic,11,539,-0.034235796580712005,0.9797903696695963,-0.21576540172100067,0.11057657077908516,1,main_engine,0.0,1.0,0.0,-5.096876596976074,0.02469495669568563,0.0,0.0,none
lunarlander,heuristic,11,540,-0.039004006733496986,0.9869035879770914,-0.23694977164268494,0.11994298174977303,1,main_engine,0.0,1.0,0.0,-5.013968495508342,0.013137521753190511,0.0,0.0,none
lunarlander,heuristic,11,541,-0.04395190936823686,0.9943011601765951,-0.24641765654087067,0.12187891006469725,1,main_engine,0.0,1.0,0.0,-3.7837526418185106,0.021051637998145377,0.0,0.0,none
lunarlander,heuristic,11,542,-0.04883940952519576,1.0,-0.261451780796051,0.13455889970064164,1,main_engine,0.0,1.0,0.0,-4.035728215806722,0.008414341080991882,0.0,0.0,none
lunarlander,heuristic,11,543,-0.05384715273976326,1.0,-0.2665144205093384,0.1390414573252201,1,main_engine,0.0,1.0,0.0,-2.29509067578413,0.010097194247077834,0.0,0.0,none
lunarlander,heuristic,11,544,-0.058862604200839996,1.0,-0.26566699147224426,0.1477638676762581,1,main_engine,0.0,1.0,0.0,-5.478398938392335,0.023670976417330288,0.0,0.0,none
lunarlander,heuristic,11,545,-0.06390389055013657,1.0,-0.2863508462905884,0.1581117518246174,1,main_engine,0.0,1.0,0.0,-3.3292013496313473,0.013461526635164677,0.0,0.0,none
lunarlander,heuristic,11,546,-0.06893762076894443,1.0,-0.2925699055194855,0.1689375340938568,1,main_engine,0.0,1.0,0.0,-3.039533752313696,0.011455203927399328,0.0,0.0,none
lunarlander,heuristic,11,547,-0.0739849420885245,1.0,-0.2951868176460266,0.17888228222727776,1,main_engine,0.0,1.0,0.0,-6.485184632284058,0.01781292517050667,0.0,0.0,none
lunarlander,heuristic,11,548,-0.07922490437825522,1.0,-0.31171685457229614,0.18295671194791793,1,main_engine,0.0,1.0,0.0,-4.314100454974138,0.011967790582090526,0.0,0.0,none
lunarlander,heuristic,11,549,-0.08454283078511557,1.0,-0.3192388117313385,0.19059659615159036,1,main_engine,0.0,1.0,0.0,-3.9385213574008113,0.017203233624821304,0.0,0.0,none
lunarlander,heuristic,11,550,-0.08983238289753596,1.0,-0.3293296992778778,0.20348635464906692,1,main_engine,0.0,1.0,0.0,-3.4128680530331983,0.018171072882069282,0.0,0.0,none
lunarlander,heuristic,11,551,-0.09504667793711027,1.0,-0.3373192846775055,0.2189513325691223,1,main_engine,0.0,1.0,0.0,-6.244700693656586,0.015540210200061926,0.0,0.0,none
lunarlander,heuristic,11,552,-0.10044272989034653,1.0,-0.35059863328933716,0.22495463639497756,1,main_engine,0.0,1.0,0.0,-4.201504072971433,0.009343334101620799,0.0,0.0,none
lunarlander,heuristic,11,553,-0.10595440864562988,1.0,-0.353577196598053,0.23188626319169997,1,main_engine,0.0,1.0,0.0,-6.218296404792941,0.026472858655162017,0.0,0.0,none
lunarlander,heuristic,11,554,-0.11147300402323405,1.0,-0.37464964389801025,0.24692984372377397,1,main_engine,0.0,1.0,0.0,-6.377380296070794,0.018724840097655574,0.0,0.0,none
lunarlander,heuristic,11,555,-0.11712233225504558,1.0,-0.38974300026893616,0.25646374747157097,1,main_engine,0.0,1.0,0.0,-6.078644445381697,0.023375861790364726,0.0,0.0,none
lunarlander,heuristic,11,556,-0.12279907862345378,1.0,-0.4069128930568695,0.2712759129703045,1,main_engine,0.0,1.0,0.0,-4.608828082462421,0.017664389820007193,0.0,0.0,none
lunarlander,heuristic,11,557,-0.12848091622193655,1.0,-0.41484692692756653,0.2859999917447567,1,main_engine,0.0,1.0,0.0,-4.142749864312054,0.019925743688627432,0.0,0.0,none
lunarlander,heuristic,11,558,-0.13415114333232245,1.0,-0.4195949137210846,0.304502435028553,1,main_engine,0.0,1.0,0.0,-6.125434899017284,0.01304743338124101,0.0,0.0,none
lunarlander,heuristic,11,559,-0.13999111950397491,1.0,-0.42893487215042114,0.31149495765566826,1,main_engine,0.0,1.0,0.0,-5.547555744777482,0.012195436632984417,0.0,0.0,none
lunarlander,heuristic,11,560,-0.14599554240703583,1.0,-0.4346230924129486,0.32045708522200583,1,main_engine,0.0,1.0,0.0,-4.652515926297001,0.008393065364001742,0.0,0.0,none
lunarlander,heuristic,11,561,-0.15220013757546744,1.0,-0.43315809965133667,0.3259160540997982,1,main_engine,0.0,1.0,0.0,-6.558494520682636,0.013343092747206136,0.0,0.0,none
lunarlander,heuristic,11,562,-0.15863196303447089,1.0,-0.4426449239253998,0.3327475920319557,1,main_engine,0.0,1.0,0.0,-4.848161242210017,0.009909633075740248,0.0,0.0,none
lunarlander,heuristic,11,563,-0.1652250314752261,1.0,-0.4442581534385681,0.33996768668293953,1,main_engine,0.0,1.0,0.0,-7.470167293345766,0.02368518294620741,0.0,0.0,none
lunarlander,heuristic,11,564,-0.17196539789438248,1.0,-0.4629954397678375,0.3527922511100769,1,main_engine,0.0,1.0,0.0,-6.549984196835026,0.014599870490447045,0.0,0.0,none
lunarlander,heuristic,11,565,-0.17890803515911102,1.0,-0.47268763184547424,0.36121943444013593,1,main_engine,0.0,1.0,0.0,-8.564756565898444,0.017417684336690317,0.0,0.0,none
lunarlander,heuristic,11,566,-0.1862033208211263,1.0,-0.4880134165287018,0.3651277408003807,1,main_engine,0.0,1.0,0.0,-5.28133439218861,0.017373546637989977,0.0,0.0,none
lunarlander,heuristic,11,567,-0.19355647265911102,1.0,-0.49595406651496887,0.37871881723403933,1,main_engine,0.0,1.0,0.0,-7.6291175968718585,0.01284802731785724,0.0,0.0,none
lunarlander,heuristic,11,568,-0.2012401446700096,1.0,-0.5056641697883606,0.38214619010686873,1,main_engine,0.0,1.0,0.0,-7.987118397445495,0.023972968330861655,0.0,0.0,none
lunarlander,heuristic,11,569,-0.20910402139027914,1.0,-0.5245500802993774,0.39464359134435656,1,main_engine,0.0,1.0,0.0,-4.955127546321637,0.010731658201975136,0.0,0.0,none
lunarlander,heuristic,11,570,-0.2171308547258377,1.0,-0.5243043899536133,0.4017624445259571,1,main_engine,0.0,1.0,0.0,-6.445338134208169,0.01679745505927397,0.0,0.0,none
lunarlander,heuristic,11,571,-0.22531131903330487,1.0,-0.5339477062225342,0.41281870752573013,1,main_engine,0.0,1.0,0.0,-9.618457848357666,0.019236328376467198,0.0,0.0,none
lunarlander,heuristic,11,572,-0.23391003410021466,1.0,-0.5508506894111633,0.4160416856408119,1,main_engine,0.0,1.0,0.0,-9.063094020155742,0.021801174777443373,0.0,0.0,none
lunarlander,heuristic,11,573,-0.24281926453113556,1.0,-0.5691392421722412,0.42388041466474535,1,main_engine,0.0,1.0,0.0,-9.364649129960613,0.020099655373324348,0.0,0.0,none
lunarlander,heuristic,11,574,-0.2520942687988281,1.0,-0.5861748456954956,0.42914906293153765,1,main_engine,0.0,1.0,0.0,-6.545999636732581,0.019791497003072814,0.0,0.0,none
lunarlander,heuristic,11,575,-0.2614762882391612,1.0,-0.5972017049789429,0.44264311492443087,1,main_engine,0.0,1.0,0.0,-5.436528353706962,0.016116450073574536,0.0,0.0,none
lunarlander,heuristic,11,576,-0.27094535529613495,1.0,-0.6013308167457581,0.4550135299563408,1,main_engine,0.0,1.0,0.0,-8.166651138831638,0.022136948721281764,0.0,0.0,none
lunarlander,heuristic,11,577,-0.2806219210227331,1.0,-0.6165998578071594,0.4677910476922989,1,main_engine,0.0,1.0,0.0,-5.8923976662877156,0.01201049949800727,0.0,0.0,none
lunarlander,heuristic,11,578,-0.29050772388776147,1.0,-0.6165848970413208,0.47461180835962297,1,main_engine,0.0,1.0,0.0,-9.287981854584594,0.01858732817915175,0.0,0.0,none
lunarlander,heuristic,11,579,-0.30076051751772565,1.0,-0.6306851506233215,0.4810578800737858,1,main_engine,0.0,1.0,0.0,-8.023407803764403,0.01416380832135138,0.0,0.0,none
lunarlander,heuristic,11,580,-0.3113366663455963,1.0,-0.63846755027771,0.4863675691187382,1,main_engine,0.0,1.0,0.0,-5.1196600300570205,0.01836373329256842,0.0,0.0,none
lunarlander,heuristic,11,581,-0.32194919884204865,1.0,-0.641645610332489,0.5010134145617485,1,main_engine,0.0,1.0,0.0,-8.269467326471707,0.015648051973676302,0.0,0.0,none
lunarlander,heuristic,11,582,-0.3328799456357956,1.0,-0.6505109071731567,0.5078535035252572,1,main_engine,0.0,1.0,0.0,-8.055765023115185,0.014123191144047646,0.0,0.0,none
lunarlander,heuristic,11,583,-0.34414008259773254,1.0,-0.6571941375732422,0.5131457880139351,1,main_engine,0.0,1.0,0.0,-6.8230016939779805,0.01831980538950931,0.0,0.0,none
lunarlander,heuristic,11,584,-0.35555779933929443,1.0,-0.6645391583442688,0.5254462629556655,1,main_engine,0.0,1.0,0.0,-6.266203717009339,0.013955889978786967,0.0,0.0,none
lunarlander,heuristic,11,585,-0.36718125144640607,1.0,-0.6651615500450134,0.5331452794373035,1,main_engine,0.0,1.0,0.0,-6.5249259571377936,0.015961667431962395,0.0,0.0,none
lunarlander,heuristic,11,586,-0.378986323873202,1.0,-0.6686875820159912,0.5432932935655117,1,main_engine,0.0,1.0,0.0,-5.889954006919254,0.016348640668098033,0.0,0.0,none
lunarlander,heuristic,11,587,-0.3909292320410411,1.0,-0.6699976325035095,0.5543806180357933,1,main_engine,0.0,1.0,0.0,-9.177975672382367,0.01830571531347657,0.0,0.0,none
lunarlander,heuristic,11,588,-0.4032312333583832,1.0,-0.6810228228569031,0.562267642468214,1,main_engine,0.0,1.0,0.0,-11.016295393732213,0.020646573785740356,0.0,0.0,none
lunarlander,heuristic,11,589,-0.41603056093057,1.0,-0.6964570879936218,0.5671912267804146,1,main_engine,0.0,1.0,0.0,-7.883653074178792,0.020238987200500703,0.0,0.0,none
lunarlander,heuristic,11,590,-0.4290480415026347,1.0,-0.7057981491088867,0.5795567587018013,1,main_engine,0.0,1.0,0.0,-5.243214098717126,0.017976533470408108,0.0,0.0,none
lunarlander,heuristic,11,591,-0.4421497384707133,1.0,-0.704074501991272,0.5917440608143807,1,main_engine,0.0,1.0,0.0,-10.337568256695613,0.02136751594405394,0.0,0.0,none
lunarlander,heuristic,11,592,-0.45566553870836896,1.0,-0.7181075811386108,0.6005171202123165,1,main_engine,0.0,1.0,0.0,-10.628146375761045,0.026244234994500185,0.0,0.0,none
lunarlander,heuristic,11,593,-0.46954939762751263,1.0,-0.7361244559288025,0.6136087417602539,1,main_engine,0.0,1.0,0.0,-7.818998613698905,0.020404823026638923,0.0,0.0,none
lunarlander,heuristic,11,594,-0.48364803194999695,1.0,-0.7427322268486023,0.6267967164516449,1,main_engine,0.0,1.0,0.0,-9.813447348285573,0.021980448400291577,0.0,0.0,none
lunarlander,heuristic,11,595,-0.4980991780757904,1.0,-0.7545012831687927,0.638449776172638,1,main_engine,0.0,1.0,0.0,-10.79461167189305,0.02717303826655891,0.0,0.0,none
lunarlander,heuristic,11,596,-0.5129141608874004,1.0,-0.7716547250747681,0.6534380957484245,1,main_engine,0.0,1.0,0.0,-10.60655906927294,0.017813336885076688,0.0,0.0,none
lunarlander,heuristic,11,597,-0.5282215774059296,1.0,-0.7791386246681213,0.6586332105100154,1,main_engine,0.0,1.0,0.0,-6.906625160789104,0.017243597956960628,0.0,0.0,none
lunarlander,heuristic,11,598,-0.5437952280044556,1.0,-0.7742480635643005,0.6641906820237636,1,main_engine,0.0,1.0,0.0,-10.305819008266894,0.02298743736037463,0.0,0.0,none
lunarlander,heuristic,11,599,-0.5597529311974844,1.0,-0.7862411737442017,0.6755897738039494,1,main_engine,0.0,1.0,0.0,-7.1354405760846245,0.02302297153198487,0.0,0.0,none
