env,policy,seed,t,q,mu,sigma,rho,a,action_label,p0,p1,p2,r,state_delta,intervention_active,intervention_start,intervention_name
cartpole,pg,19,0,-0.003317550290375948,0.014195644607146582,-0.10793795698013398,-0.01257003950221198,2,stabilize,0.08731801679315833,0.03141541002869207,0.8812665731781496,1.0,0.10433544889589215,0.0,0.0,none
cartpole,pg,19,1,-0.0029626591519142194,-0.05073452492554983,-0.11213796840078222,0.06899093730109078,1,push_right,0.09087402449475188,0.031195871283638966,0.8779301042216092,1.0,0.11011094992217466,0.0,0.0,none
cartpole,pg,19,2,-0.004231022127593557,0.014415313800175985,-0.08908610319749836,-0.016723253897258213,2,stabilize,0.08811305324254202,0.03130572610072984,0.8805812206567282,1.0,0.10469713465999425,0.0,0.0,none
cartpole,pg,19,3,-0.0038706394843757153,-0.05053450167179108,-0.09467382526340803,0.06520146131515503,2,stabilize,0.09163977229792232,0.031089766824881265,0.8772704608771964,1.0,0.10959188291299324,0.0,0.0,none
cartpole,pg,19,4,-0.005134001839905977,0.01459872970978419,-0.07288813199803483,-0.020190754107066562,2,stabilize,0.08881747297235722,0.031213763195896485,0.8799687638317464,1.0,0.10501940693558781,0.0,0.0,none
cartpole,pg,19,5,-0.004769033597161373,-0.050367847084999084,-0.07963444601948905,0.06204533151217869,2,stabilize,0.09231978275684154,0.03100031022656118,0.8766799070165973,1.0,0.10916132928129794,0.0,0.0,none
cartpole,pg,19,6,-0.006028229836374521,0.014750958730777105,-0.05890330775398628,-0.02306854086262839,2,stabilize,0.08944433923763037,0.03113578691666361,0.879419873845706,1.0,0.10530427199737089,0.0,0.0,none
cartpole,pg,19,7,-0.005659455976759395,-0.05023000637690226,-0.06661117343601008,0.05943549956594195,2,stabilize,0.0929269917819002,0.03092408301924893,0.8761489251988509,1.0,0.10880278645590695,0.0,0.0,none
cartpole,pg,19,8,-0.006915205934395393,0.014876222858826319,-0.04675205539120695,-0.025436543992587497,2,stabilize,0.09000584295387545,0.03106891677602707,0.8789252402700974,1.0,0.10555469711508385,0.0,0.0,none
cartpole,pg,19,9,-0.006543300890674194,-0.050117174784342446,-0.055251140725356584,0.05729966078485761,0,push_left,0.09347349369963667,0.03085844478876363,0.8756680615115997,1.0,0.10681583001996456,0.0,0.0,none
cartpole,pg,19,10,-0.007796230105062326,-0.11510201295216878,-0.03610566916357646,0.13987370899745397,2,stabilize,0.0988450572524067,0.030663989951258904,0.8704909527963344,1.0,0.11633673767620256,0.0,0.0,none
cartpole,pg,19,11,-0.010673780149469774,-0.050026064117749534,0.010630175880287598,0.05557164549827576,2,stabilize,0.09701619242221869,0.030600848237988684,0.8723829593397926,1.0,0.10739922148291577,0.0,0.0,none
cartpole,pg,19,12,-0.011924431504060825,0.015003943194945654,0.029198267454890476,-0.02785108983516693,2,stabilize,0.09396732497626198,0.030775900911458005,0.8752567741122801,1.0,0.1067986368472489,0.0,0.0,none
cartpole,pg,19,13,-0.011549333576112986,-0.05006575087706248,0.01989241449389082,0.05632220847266061,2,stabilize,0.09758093602520788,0.03057026518406168,0.8718487987907303,1.0,0.10730103348853338,0.0,0.0,none
cartpole,pg,19,14,-0.012800976789246004,0.014954945693413416,0.03871129190011355,-0.02692503801413945,2,stabilize,0.09453289640463185,0.030746795069687985,0.8747203085256803,1.0,0.10691843930072543,0.0,0.0,none
cartpole,pg,19,15,-0.012427103550483784,-0.05012413362661997,0.02971485808385016,0.057426550558635166,2,stabilize,0.09819157731058295,0.030542011929329118,0.8712664107600878,1.0,0.10721584447984925,0.0,0.0,none
cartpole,pg,19,16,-0.01368020661175251,0.014886653671662012,0.04890272593868092,-0.025634212153298513,2,stabilize,0.09514931915589026,0.0307197211816231,0.8741309596624867,1.0,0.10703956325550383,0.0,0.0,none
cartpole,pg,19,17,-0.013308040797710419,-0.050202444195747375,0.040337594497175375,0.05890795162745884,0,push_left,0.09886307017351963,0.03051601544396233,0.870620914382518,1.0,0.10837332832805542,0.0,0.0,none
cartpole,pg,19,18,-0.014563101964692276,-0.11528303225835164,0.060020441407235545,0.1432898555483137,2,stabilize,0.10468299736179117,0.030362804930710943,0.8649541977074979,1.0,0.11544110708977424,0.0,0.0,none
cartpole,pg,19,19,-0.01744517746071021,-0.05030221243699392,0.1078977256230921,0.060805908271244595,2,stabilize,0.10296467657718274,0.030359330153858687,0.8666759932689586,1.0,0.10622016115742643,0.0,0.0,none
cartpole,pg,19,20,-0.018702733019987743,0.014628319690624872,0.12821472985647744,-0.020756255303110396,2,stabilize,0.09990283820011206,0.03055703693327637,0.8695401248666116,1.0,0.10416175953487254,0.0,0.0,none
cartpole,pg,19,21,-0.018337024375796318,0.07953724265098572,0.12127946626599478,-0.10192442791802543,2,stabilize,0.09559042967567166,0.03093458545735201,0.8734749848669764,1.0,0.11307052572501528,0.0,0.0,none
cartpole,pg,19,22,-0.016348593247433506,0.014379311352968216,0.08722357363006665,-0.016042939254215786,2,stabilize,0.09761822698975994,0.030668789937722922,0.8717129830725171,1.0,0.1047145047195531,0.0,0.0,none
cartpole,pg,19,23,-0.015989110494653385,0.07933106025060017,0.08186316539962422,-0.09800350666046143,2,stabilize,0.09346904251285272,0.031040856229683354,0.8754901012574638,1.0,0.11210811228008843,0.0,0.0,none
cartpole,pg,19,24,-0.014005834236741066,0.01421049361427625,0.049117361339862706,-0.012848826391356332,2,stabilize,0.0955309152756385,0.03078731757494936,0.8736817671494121,1.0,0.10678594215386449,0.0,0.0,none
cartpole,pg,19,25,-0.013650571927428246,-0.050878832737604775,0.04482419543448382,0.07169737134660993,1,push_right,0.09952145778641545,0.030588415970824404,0.8698901262427602,1.0,0.10794135916964076,0.0,0.0,none
cartpole,pg,19,26,-0.014922542807956537,0.014116700738668442,0.06878035929863095,-0.011075824499130249,2,stabilize,0.09667601673346267,0.030749295355047314,0.87257468791149,1.0,0.10493216557826449,0.0,0.0,none
cartpole,pg,19,27,-0.014569625879327457,0.07908749580383301,0.06507960790523766,-0.09339067765644618,2,stabilize,0.0926381215382115,0.03111437312260142,0.8762475053391872,1.0,0.11142077698812382,0.0,0.0,none
cartpole,pg,19,28,-0.012592438142746687,0.013983034839232763,0.03387508491556514,-0.008547485939094,2,stabilize,0.09477114369547289,0.03086654261130369,0.8743623136932234,1.0,0.10650289560455072,0.0,0.0,none
cartpole,pg,19,29,-0.01224286233385404,-0.05109129846096039,0.03101912311551679,0.07571353231157575,2,stabilize,0.09880814262911132,0.030667167087711635,0.870524690283177,1.0,0.1084566660311874,0.0,0.0,none
cartpole,pg,19,30,-0.01352014485746622,0.01391823465625445,0.05631720055970486,-0.007322513099227633,2,stabilize,0.0960327070006027,0.03081677242158557,0.8731505205778118,1.0,0.10509067845738883,0.0,0.0,none
cartpole,pg,19,31,-0.013172188773751259,0.07890182733535767,0.053870538360748205,-0.08987598759787423,2,stabilize,0.09207501729663031,0.031176261699040152,0.8767487210043294,1.0,0.11093185229868802,0.0,0.0,none
cartpole,pg,19,32,-0.011199642904102802,0.013808199514945349,0.023840377574035263,-0.005241514848811286,0,push_left,0.09426199269008464,0.0309319614286081,0.8748060458813072,1.0,0.10632397674336168,0.0,0.0,none
cartpole,pg,19,33,-0.010854438102493685,-0.05125620464483897,0.022089035474741944,0.07883122137614659,2,stabilize,0.09833730235617041,0.03073198936836213,0.8709307082754675,1.0,0.10883940959021773,0.0,0.0,none
cartpole,pg,19,34,-0.01213584328070283,0.013762333740790686,0.04842882277999687,-0.0043744295835494995,2,stabilize,0.09561492154592827,0.030873281375544688,0.873511797078527,1.0,0.10519577855803361,0.0,0.0,none
cartpole,pg,19,35,-0.011791784781962633,0.07875399788220723,0.04696719757412385,-0.08707860537937709,2,stabilize,0.0917163976155895,0.031228283906426596,0.8770553184779839,1.0,0.11058000586498692,0.0,0.0,none
cartpole,pg,19,36,-0.00982293471073111,0.013667069375514984,0.01787172457056569,-0.002572945718254362,2,stabilize,0.09394753452451841,0.03098610556157744,0.8750663599139042,1.0,0.10566588899248595,0.0,0.0,none
cartpole,pg,19,37,-0.009481258069475492,0.07868975400924683,0.01701202825920963,-0.08585844721112933,0,push_left,0.09013638351155756,0.031337413466770395,0.8785262030216722,1.0,0.11002715206764527,0.0,0.0,none
cartpole,pg,19,38,-0.00751401452968518,0.013632231702407202,-0.011675758842992328,-0.001914216870708125,2,stabilize,0.0923483431839349,0.03110151527572922,0.8765501415403358,1.0,0.10576072567986684,0.0,0.0,none
cartpole,pg,19,39,-0.007173208675036828,-0.051396697759628296,-0.012315354067698868,0.08148868594850812,2,stabilize,0.09638181091431762,0.030896146159688487,0.872722042925994,1.0,0.10957501901686854,0.0,0.0,none
cartpole,pg,19,40,-0.00845812571545442,0.013656187802553177,0.014912369294283214,-0.002367184098277773,2,stabilize,0.09372053485879768,0.03101922864330373,0.8752602364978985,1.0,0.10571140583611627,0.0,0.0,none
cartpole,pg,19,41,-0.008116721486051878,0.07868185639381409,0.014121425260294024,-0.08570877994809832,2,stabilize,0.08992141381756816,0.03137047248598911,0.8787081136964426,1.0,0.10997094410382184,0.0,0.0,none
cartpole,pg,19,42,-0.006149674688155453,0.013627192626396814,-0.014516353820559519,-0.0018189259405647004,2,stabilize,0.0921299613625626,0.03113503491718854,0.8767350037202488,1.0,0.10571635282084996,0.0,0.0,none
cartpole,pg,19,43,-0.005808994950105747,-0.05139887829621633,-0.015124109593666824,0.0815301707812718,2,stabilize,0.09615328556972108,0.030928890263817833,0.872917824166461,1.0,0.10962057196106204,0.0,0.0,none
cartpole,pg,19,44,-0.00709396709377567,0.013656788816054663,0.012117475804679433,-0.002378558473927634,2,stabilize,0.09349668833347208,0.031050857226413424,0.8754524544401145,1.0,0.10575490761905752,0.0,0.0,none
cartpole,pg,19,45,-0.006752547342330217,0.0786852737267812,0.011322730907676897,-0.08577309335981097,2,stabilize,0.0897064649615207,0.03140242462748481,0.8788911104109945,1.0,0.10993472129224215,0.0,0.0,none
cartpole,pg,19,46,-0.004785415173197786,0.013633379091819128,-0.01733653749692696,-0.0019359257338302477,0,push_left,0.09190761639276873,0.03116739298815622,0.8769249906190749,1.0,0.10567270126942455,0.0,0.0,none
cartpole,pg,19,47,-0.004444580990821123,-0.051389843225479126,-0.017983386590899035,0.08135972704206194,2,stabilize,0.09591653546774606,0.03096046523144293,0.873122999300811,1.0,0.10964928705718217,0.0,0.0,none
cartpole,pg,19,48,-0.0057293269007156295,0.013668648898601532,0.009201246987236997,-0.0026027876883745193,0,push_left,0.09326167173093007,0.03108166033045862,0.8756566679386113,1.0,0.1060864832305453,0.0,0.0,none
cartpole,pg,19,49,-0.005387610678250591,-0.051381200551986694,0.008331580634333353,0.08119450296674456,2,stabilize,0.09733485589870841,0.030878978502083605,0.8717861655992081,1.0,0.10924045887938372,0.0,0.0,none
cartpole,pg,19,50,-0.006672140831748645,0.013651137550671896,0.035461007232882244,-0.0022717599890061785,2,stabilize,0.094664377185962,0.03101129542767808,0.8743243273863599,1.0,0.10539095494389812,0.0,0.0,none
cartpole,pg,19,51,-0.006330862330893676,0.07865601281325023,0.034701945993667,-0.08522311278751918,0,push_left,0.09083406935129827,0.03136403100575309,0.8778018996429486,1.0,0.11023590799895791,0.0,0.0,none
cartpole,pg,19,52,-0.004364462026084463,0.01358107104897499,0.006226443758941209,-0.0009468622239572662,2,stabilize,0.09307544985570415,0.031124218559345506,0.8758003315849503,1.0,0.10584396558374114,0.0,0.0,none
cartpole,pg,19,53,-0.004024935187771916,0.07861547668774922,0.005910069701708587,-0.08445288453783308,2,stabilize,0.08932218530306944,0.03147383603939921,0.8792039786575314,1.0,0.10973950658555644,0.0,0.0,none
cartpole,pg,19,54,-0.002059548278339207,0.01356895143787066,-0.02230807854338307,-0.0007176934741437435,2,stabilize,0.09153640086818872,0.03123971144312487,0.8772238876886864,1.0,0.10559357493531056,0.0,0.0,none
cartpole,pg,19,55,-0.0017203245079144835,-0.051449254155159,-0.02254787965862165,0.08248364925384521,2,stabilize,0.09554814792597147,0.03103143152136427,0.8734204205526642,1.0,0.1098113164849976,0.0,0.0,none
cartpole,pg,19,56,-0.0030065558773155017,0.013613743086655935,0.005012290298867624,-0.0015646360282387053,0,push_left,0.09291660308511107,0.031148933899652804,0.8759344630152361,1.0,0.10601924617506502,0.0,0.0,none
cartpole,pg,19,57,-0.002666212191494803,-0.05143191913763682,0.004489500484560441,0.08215366091047015,2,stabilize,0.09699146205586961,0.030945189651842456,0.8720633482922879,1.0,0.10937824840395328,0.0,0.0,none
cartpole,pg,19,58,-0.003952010301873088,0.01360425353050232,0.03193941207375902,-0.001385231502354145,2,stabilize,0.0943420935009666,0.03107454934057261,0.8745833571584608,1.0,0.10544418791822334,0.0,0.0,none
cartpole,pg,19,59,-0.003611904103308916,0.07861270507176717,0.031476566981444215,-0.08440359149660383,2,stabilize,0.0905378216682776,0.031426498088131624,0.8780356802435908,1.0,0.1101173834526936,0.0,0.0,none
cartpole,pg,19,60,-0.0016465862669671576,0.0135409248371919,0.0032748899762663182,-0.00018777056331081049,2,stabilize,0.09278580000715905,0.03118717549870912,0.8760270244941318,1.0,0.1058893568135551,0.0,0.0,none
cartpole,pg,19,61,-0.0013080632197670639,0.07857829332351685,0.003212150453027507,-0.08374959230422974,2,stabilize,0.08905529927487288,0.03153614901254476,0.8794085517125824,1.0,0.10963887080614158,0.0,0.0,none
cartpole,pg,19,62,0.0006563941618272414,0.013534446557362875,-0.024771006657855324,-6.528185830185456e-05,0,push_left,0.09127421377523187,0.031302288367403584,0.8774234978573646,1.0,0.10555493329845111,0.0,0.0,none
cartpole,pg,19,63,0.0009947553432236116,-0.051481266816457115,-0.024792820499734265,0.08308930907930646,2,stabilize,0.095284277647666,0.031092991639680156,0.8736227307126537,1.0,0.10989585618667266,0.0,0.0,none
cartpole,pg,19,64,-0.0002922763815149665,0.013583942006031672,0.002969717351288528,-0.0010011353796081884,0,push_left,0.09266774250271086,0.03120867392819015,0.8761235835690989,1.0,0.10598680205827608,0.0,0.0,none
cartpole,pg,19,65,4.7322167423165716e-05,-0.051459680000940956,0.0026352091765738045,0.08267862456185478,2,stabilize,0.09674042082432752,0.03100406696756847,0.872255512208104,1.0,0.10945026055103751,0.0,0.0,none
cartpole,pg,19,66,-0.0012391698934758704,0.013578344136476517,0.030260524203498496,-0.0008953059358256203,2,stabilize,0.09410499041483643,0.031131997919148214,0.8747630116660153,1.0,0.10546977815883833,0.0,0.0,none
cartpole,pg,19,67,-0.0008997112551393609,0.0785884956518809,0.029961378502532804,-0.08394558940614973,2,stabilize,0.09031803143647991,0.031483903965148365,0.8781980645983717,1.0,0.11005566784238897,0.0,0.0,none
cartpole,pg,19,68,0.0010650011245161295,0.013518205533425013,0.0019127322163050527,0.00024182482489517758,0,push_left,0.09256776528473218,0.031244643873807015,0.8761875908414608,1.0,0.10596990175873408,0.0,0.0,none
cartpole,pg,19,69,0.001402956258971244,-0.05152436097462972,0.0019935329237992837,0.0839016352381025,2,stabilize,0.096659282733674,0.03103977900224976,0.8723009382640763,1.0,0.10956376288265064,0.0,0.0,none
cartpole,pg,19,70,0.00011484728020150214,0.013514303912719091,0.030027491291695962,0.0003155828120985201,2,stabilize,0.09404438289461117,0.031165476845655328,0.8747901402597335,1.0,0.10547303771046078,0.0,0.0,none
cartpole,pg,19,71,0.0004527048925713947,0.07852469384670258,0.030132937456229993,-0.08273913179125104,2,stabilize,0.09027771673975583,0.03151578658272713,0.878206496677517,1.0,0.10995616574539317,0.0,0.0,none
cartpole,pg,19,72,0.0024158222367987037,0.013454228639602661,0.0024874042275057203,0.001451506678547178,2,stabilize,0.09254855287718501,0.03127654509214783,0.8761749020306672,1.0,0.10590267077160244,0.0,0.0,none
cartpole,pg,19,73,0.0027521779217446847,0.07849238812923431,0.0029723943480088207,-0.08212519543511528,2,stabilize,0.08885188650993726,0.03162381589946227,0.8795242975906004,1.0,0.10949796488672281,0.0,0.0,none
cartpole,pg,19,74,0.004714487586170435,0.013448777298132578,-0.024468006748430485,0.001554591448179313,2,stabilize,0.09109362083723098,0.03138962150849267,0.8775167576542763,1.0,0.10556091995294174,0.0,0.0,none
cartpole,pg,19,75,0.0050507070651898784,-0.05156724154949188,-0.023948571029028063,0.08471493210111346,2,stabilize,0.09512547741676111,0.03117949411010924,0.8736950284731296,1.0,0.1100217365045051,0.0,0.0,none
cartpole,pg,19,76,0.003761526119584839,0.013497127840916315,0.004357134040916308,0.0006403496621974877,2,stabilize,0.09253951659568188,0.03129290203748168,0.8761675813668365,1.0,0.10587274379498715,0.0,0.0,none
cartpole,pg,19,77,0.004098953989644846,0.07853341102600098,0.004571093455277081,-0.082901018006461,2,stabilize,0.08883302635279398,0.03164218306009084,0.8795247905871151,1.0,0.10958720955033577,0.0,0.0,none
cartpole,pg,19,78,0.006062289467081428,0.013488213221232096,-0.023128529277081138,0.0008089273635830198,2,stabilize,0.09105965576342885,0.031407461193244036,0.8775328830433271,1.0,0.10558086706926795,0.0,0.0,none
cartpole,pg,19,79,0.006399494595825672,-0.05152916411558787,-0.022858243462293985,0.08399470363344465,2,stabilize,0.09507618177330932,0.031197178501903528,0.8737266397247871,1.0,0.1099437769198628,0.0,0.0,none
cartpole,pg,19,80,0.005111265539502105,0.01353413611650467,0.005206810577210208,-5.941139949884798e-05,1,push_right,0.09248261568846694,0.031312471915474115,0.8762049123960589,1.0,0.10585933486251728,0.0,0.0,none
cartpole,pg,19,81,0.005449619299421708,0.07856956621011098,0.005186959958873103,-0.08358471734183175,2,stabilize,0.0887694921159549,0.03166348997261242,0.8795670179114325,1.0,0.10965442155100873,0.0,0.0,none
cartpole,pg,19,82,0.00741385854780674,0.013523757457733154,-0.022741107976948734,0.00013684329210913608,2,stabilize,0.09098146596337857,0.031428438292697154,0.8775900957439243,1.0,0.10558656461048192,0.0,0.0,none
cartpole,pg,19,83,0.007751951925456524,-0.05149401227633158,-0.022695384261716238,0.08332996709006173,2,stabilize,0.09498144188616021,0.031217844895646822,0.8738007132181929,1.0,0.10988484464420019,0.0,0.0,none
cartpole,pg,19,84,0.00646460180481275,0.013569130251804987,0.005147566014193977,-0.0007210853509604931,2,stabilize,0.0923814362005114,0.03133452343610722,0.8762840403633814,1.0,0.10586052375868724,0.0,0.0,none
cartpole,pg,19,85,0.0068038298437992735,0.07860461870829265,0.004906630196868662,-0.08424750396183558,2,stabilize,0.08866381856470691,0.03168716178790304,0.8796490196473901,1.0,0.10970684396048275,0.0,0.0,none
cartpole,pg,19,86,0.008768946087608736,0.0135590893526872,-0.023242895244698535,-0.0005312375724315643,2,stabilize,0.09086038929129162,0.0314519657268572,0.8776876449818513,1.0,0.10557889028679505,0.0,0.0,none
cartpole,pg,19,87,0.009107922669500113,-0.05145817001660665,-0.02342039554742185,0.08265236445835658,2,stabilize,0.09484138629585621,0.031240900899446224,0.8739177128046975,1.0,0.10983853346429176,0.0,0.0,none
cartpole,pg,19,88,0.007821468946834406,0.013605687767267227,0.00419614526503197,-0.0014123103714415006,2,stabilize,0.09223514601829846,0.03135861359339538,0.8764062403883061,1.0,0.10600635001572596,0.0,0.0,none
cartpole,pg,19,89,0.008161611234148344,-0.05143916110197703,0.0037242514514731055,0.08229058980941772,2,stabilize,0.09627863621106594,0.031152177609031783,0.8725691861799022,1.0,0.10940124020801371,0.0,0.0,none
cartpole,pg,19,90,0.006875631709893545,0.013597776492436727,0.031219915373513124,-0.001262763382068702,2,stabilize,0.09365415069329021,0.031281949493225,0.8750638998134848,1.0,0.10545523762524507,0.0,0.0,none
cartpole,pg,19,91,0.0072155760911603774,0.07860695819060008,0.03079798846085487,-0.0842948045049395,0,push_left,0.08988386923801782,0.031637175116929796,0.8784789556450523,1.0,0.11009795250970701,0.0,0.0,none
cartpole,pg,19,92,0.009180750542630753,0.01353584478298823,0.002632661098014199,-9.170616145378776e-05,2,stabilize,0.09211264122245362,0.03139669577610309,0.8764906630014434,1.0,0.10589931935275339,0.0,0.0,none
cartpole,pg,19,93,0.009519146600117287,0.0785738577445348,0.0026020194183777228,-0.08366566896438599,2,stabilize,0.08841518890735248,0.031748932447687575,0.87983587864496,1.0,0.10962257279035176,0.0,0.0,none
cartpole,pg,19,94,0.0114834929505984,0.013530616958936056,-0.025353096603351447,7.135009842126497e-06,2,stabilize,0.09061466149302051,0.03151390395762211,0.8778714345493573,1.0,0.10554585850276617,0.0,0.0,none
cartpole,pg,19,95,0.011821757846822342,-0.05148451030254364,-0.025350711617378747,0.0831506678036281,2,stabilize,0.09459263294616692,0.031301834835228956,0.8741055322186042,1.0,0.10990937506594331,0.0,0.0,none
cartpole,pg,19,96,0.010534645213435095,0.013581249862909317,0.002432328388806175,-0.00095024545277868,2,stabilize,0.09199968122772821,0.03141803978468825,0.8765822789875835,1.0,0.10597840999606503,0.0,0.0,none
cartpole,pg,19,97,0.010874176708360514,-0.05146183570226034,0.002114823936020204,0.08271936859403338,0,push_left,0.09603966042109793,0.03121073812083295,0.8727496014580691,1.0,0.10952499699616758,0.0,0.0,none
cartpole,pg,19,98,0.00958763062953949,-0.11650458971659343,0.029753755804746988,0.16638297694069998,2,stabilize,0.1021444132993836,0.03104106829727414,0.8668145184033423,1.0,0.11926725104598933,0.0,0.0,none
cartpole,pg,19,99,0.00667501629019777,-0.0514932374159495,0.08534711201037314,0.08332217591149467,2,stabilize,0.10081053768505861,0.030980314599180128,0.8682091477157612,1.0,0.10825590946689115,0.0,0.0,none
cartpole,pg,19,100,0.0053876851840565605,0.013460931678613028,0.11318746002875536,0.0013248853917632783,2,stabilize,0.09816862491302521,0.031143479046730278,0.8706878960402444,1.0,0.10416888856481085,0.0,0.0,none
cartpole,pg,19,101,0.005724208507065972,0.07838559647401173,0.11363013831983033,-0.08013452802385602,2,stabilize,0.09428184901095239,0.031500426380843605,0.874217724608204,1.0,0.11098204628881964,0.0,0.0,none
cartpole,pg,19,102,0.007683848186085622,0.013234496116638184,0.08685488547231815,0.0056069110121045795,2,stabilize,0.09671163715709699,0.031245260613485308,0.8720431022294177,1.0,0.10459967058334908,0.0,0.0,none
cartpole,pg,19,103,0.008014710620045662,0.07818660636742909,0.08872831529250862,-0.07636073657444545,2,stabilize,0.09293921381430684,0.031594538152428825,0.8754662480332643,1.0,0.11031511102990892,0.0,0.0,none
cartpole,pg,19,104,0.009969375872363647,0.013059195131063461,0.06321398430194947,0.00892139651945659,2,stabilize,0.09540597110323411,0.031345430633252416,0.8732485982635135,1.0,0.10499640035935211,0.0,0.0,none
cartpole,pg,19,105,0.010295855657507976,0.07803571224212646,0.0661948833587915,-0.07350010531289237,2,stabilize,0.09172611764842795,0.03168798938558447,0.8765858929659877,1.0,0.10976159549854389,0.0,0.0,none
cartpole,pg,19,106,0.01224674905339877,0.012929990887641907,0.0416363738388321,0.011364059788840157,2,stabilize,0.09421221931585808,0.03144342610998751,0.8743443545741544,1.0,0.10536017783563853,0.0,0.0,none
cartpole,pg,19,107,0.012569998701413473,0.0779285877943039,0.04543343598916593,-0.0714696730886187,2,stabilize,0.09060709744343544,0.03178033681880754,0.8776125657377571,1.0,0.10930033584617863,0.0,0.0,none
cartpole,pg,19,108,0.0145182137688001,0.012843062480290731,0.02155335162163919,0.013007447123527527,2,stabilize,0.09309704574846746,0.03153927067063915,0.8753636835808933,1.0,0.10569440452775322,0.0,0.0,none
cartpole,pg,19,109,0.014839290330807369,0.07786203424135844,0.02589951400469482,-0.07020822593144008,2,stabilize,0.08955186425183745,0.03187169921139812,0.8785764365367645,1.0,0.1089147820772957,0.0,0.0,none
cartpole,pg,19,110,0.016785839882989727,0.012795690447092056,0.0024409192283071026,0.013903045228549413,2,stabilize,0.09203150974725288,0.0316334262473485,0.8763350640053985,1.0,0.10600407002467858,0.0,0.0,none
cartpole,pg,19,111,0.01710573211312294,0.07783389588197072,0.007086328446402755,-0.06967453871454511,2,stabilize,0.08853393571918507,0.03196262420896928,0.8795034400718458,1.0,0.10859217769788584,0.0,0.0,none
cartpole,pg,19,112,0.019051580068965755,0.01278618723154068,-0.016193946952395906,0.014082843703883035,0,push_left,0.09099003857310167,0.03172674558985356,0.8772832158370447,1.0,0.10579313689709284,0.0,0.0,none
cartpole,pg,19,113,0.01937123481184244,-0.05223819116751353,-0.011488461871420285,0.09740015438624791,2,stabilize,0.09525918793378402,0.03151575626086144,0.8732250558053545,1.0,0.11100354963452158,0.0,0.0,none
cartpole,pg,19,114,0.018065279970566433,0.012813845028479895,0.021055743080477158,0.013559890644890922,2,stabilize,0.09287564387547978,0.03161309772951403,0.8755112583950062,1.0,0.10570989553811694,0.0,0.0,none
cartpole,pg,19,115,0.01838562699655692,0.0778333197037379,0.02558649404236696,-0.06966522336006165,2,stabilize,0.0893481192337161,0.031945583599380954,0.878706297166903,1.0,0.10887111293430336,0.0,0.0,none
cartpole,pg,19,116,0.020331459430356823,0.01276728386680285,0.0023093306001604743,0.014440172484942846,2,stabilize,0.09183060673639254,0.03170694160095543,0.8764624516626521,1.0,0.106014126864811,0.0,0.0,none
cartpole,pg,19,117,0.020650640750924747,0.07780562341213226,0.0071342093180998415,-0.06913989782333374,2,stabilize,0.08834964450207605,0.03203620040606705,0.879614155091857,1.0,0.10855473425409841,0.0,0.0,none
cartpole,pg,19,118,0.022595782453815143,0.012757865091164907,-0.015967426630434958,0.014618387179715293,2,stabilize,0.09080884816291818,0.031799852766801806,0.87739129907028,1.0,0.10629993155400316,0.0,0.0,none
cartpole,pg,19,119,0.022914727839330833,0.07781444986661275,-0.01108300203106284,-0.06930632250649589,2,stabilize,0.08736424375719963,0.03212718902487322,0.880508567217927,1.0,0.10829041199115726,0.0,0.0,none
cartpole,pg,19,120,0.024860089955230556,0.012784880896409353,-0.03424024560571001,0.014107861689158849,2,stabilize,0.08978759448856465,0.03189299281276318,0.8783194126986721,1.0,0.10657443646660857,0.0,0.0,none
cartpole,pg,19,121,0.02517971210181713,0.07785957058270772,-0.029526399737468484,-0.07016000151634216,2,stabilize,0.08637064394747786,0.03221979934001136,0.8814095567125109,1.0,0.1080715752600161,0.0,0.0,none
cartpole,pg,19,122,0.02712620111803214,0.01284855231642723,-0.052968884744905916,0.012904394950185503,2,stabilize,0.08874567770012635,0.03198783753184221,0.8792664847680314,1.0,0.106845822066439,0.0,0.0,none
cartpole,pg,19,123,0.027447414274017017,0.07794165114561717,-0.04865715017893434,-0.07171371153422765,2,stabilize,0.08534897193629294,0.03231567023183926,0.8823353578318679,1.0,0.10789426691133006,0.0,0.0,none
cartpole,pg,19,124,0.02939595530430476,0.012950015564759573,-0.07261877306036847,0.010986372828483582,2,stabilize,0.08766305498573189,0.03208628742204325,0.8802506575922249,1.0,0.10487083059002605,0.0,0.0,none
cartpole,pg,19,125,0.029719707866509758,-0.05201682448387146,-0.0689479084529854,0.09322760786328997,2,stabilize,0.09166998733133913,0.03185940851246166,0.8764706041561992,1.0,0.11145254635629728,0.0,0.0,none
cartpole,pg,19,126,0.028419286633531254,0.013091374188661575,-0.03779787116801824,0.008312493562698364,2,stabilize,0.08926323136368271,0.03193756779724041,0.8787992008390768,1.0,0.10538830243994132,0.0,0.0,none
cartpole,pg,19,127,0.028746568908294044,-0.051911125580469765,-0.03502042941873569,0.09121935708182198,2,stabilize,0.09332206039830561,0.03171894492506595,0.8749589946766284,1.0,0.11076517828671935,0.0,0.0,none
cartpole,pg,19,128,0.027448792631427448,0.013164096822341284,-0.0045414075482112124,0.006937181310994285,2,stabilize,0.09087689375438737,0.03181697191811452,0.877306134327498,1.0,0.10603596214873684,0.0,0.0,none
cartpole,pg,19,129,0.02777789408961932,0.07820929090181987,-0.0022234949994574442,-0.0767722385270255,2,stabilize,0.08733112773177747,0.032161550260346596,0.8805073220078758,1.0,0.1089850381570694,0.0,0.0,none
cartpole,pg,19,130,0.029733128224809967,0.013170856982469559,-0.02787531595810501,0.006809468780245099,0,push_left,0.08961863367982392,0.03192529556765922,0.8784560707525169,1.0,0.10553104912583916,0.0,0.0,none
cartpole,pg,19,131,0.03006239732106527,-0.05184171597162882,-0.02560007490377722,0.08990509169442314,2,stabilize,0.09367240507966411,0.03170837011520229,0.8746192248051335,1.0,0.11050521423897035,0.0,0.0,none
cartpole,pg,19,132,0.02876635640859604,0.013224263985951742,0.004439810868841652,0.005799526082617896,2,stabilize,0.0912091773818701,0.03181335293001241,0.8769774696881175,1.0,0.1058889548143941,0.0,0.0,none
cartpole,pg,19,133,0.029096963504950207,0.07826046645641327,0.006377599746664555,-0.07774027756282262,2,stabilize,0.08763779726553043,0.032161261182624315,0.8802009415518454,1.0,0.10919118255460816,0.0,0.0,none
cartpole,pg,19,134,0.031053473552068077,0.013213466852903366,-0.019597672014930654,0.006003734256540026,2,stabilize,0.08991674062586133,0.03192331191397186,0.8781599474601667,1.0,0.10626281619566293,0.0,0.0,none
cartpole,pg,19,135,0.0313838105648756,0.07827366391817729,-0.017591650977837443,-0.07798926319394793,2,stabilize,0.08639406817872262,0.032269504240254994,0.8813364275810224,1.0,0.10884966419925085,0.0,0.0,none
cartpole,pg,19,136,0.033340652783711754,0.013250606755415598,-0.043650115517841606,0.005301664450338909,2,stabilize,0.08863084471611259,0.03203542975256115,0.8793337255313262,1.0,0.1052751964595116,0.0,0.0,none
cartpole,pg,19,137,0.03367191801468532,-0.05174593130747477,-0.04187867774456953,0.08809701034000941,2,stabilize,0.0925984255149585,0.03181433661570327,0.8755872378693382,1.0,0.11058453138771922,0.0,0.0,none
cartpole,pg,19,138,0.032378267496824265,0.013336018969615301,-0.012442923033152106,0.003686459202851568,2,stabilize,0.09012329351510265,0.03191557464374183,0.8779611318411554,1.0,0.10614026533899809,0.0,0.0,none
cartpole,pg,19,139,0.03271166856090228,0.07838909824689229,-0.011211170021417886,-0.0801719001361302,2,stabilize,0.0865638084787121,0.032267260122058,0.8811689313992298,1.0,0.10912276757146057,0.0,0.0,none
cartpole,pg,19,140,0.034671397879719734,0.01335964227716128,-0.03799891681688213,0.0032398756593465805,2,stabilize,0.08876666654314977,0.032031967072841436,0.8792013663840088,1.0,0.10535413645871895,0.0,0.0,none
cartpole,pg,19,141,0.03500538878142834,-0.05164265135924021,-0.036916382130688874,0.08614290612084526,2,stabilize,0.09270568848498828,0.03181171023640253,0.8754826012786092,1.0,0.11033868137348862,0.0,0.0,none
cartpole,pg,19,142,0.03371432113150756,0.013434456040461859,-0.008133548447475514,0.0018251954710909299,2,stabilize,0.09020532780196729,0.03191907401858239,0.8778755981794503,1.0,0.10581560222048739,0.0,0.0,none
cartpole,pg,19,143,0.03405018399159114,-0.05159803728262583,-0.00752369775425705,0.08529514074325562,2,stabilize,0.09420355531297475,0.031704548036314686,0.8740918966507106,1.0,0.10982634004571318,0.0,0.0,none
cartpole,pg,19,144,0.03276023082435131,0.013450092325607935,0.020975871611751067,0.0015295370082770074,2,stabilize,0.0916788354930169,0.0318264875230907,0.8764946769838925,1.0,0.10561528148150397,0.0,0.0,none
cartpole,pg,19,145,0.03309648483991623,0.07846964399019878,0.021486934318889584,-0.08169708933149065,2,stabilize,0.0880359688118736,0.03218474308402898,0.8797792881040974,1.0,0.10973977073244955,0.0,0.0,none
cartpole,pg,19,146,0.03505822581549486,0.013407691071430842,-0.00581042207599682,0.002331271767616272,2,stabilize,0.0902534813781905,0.03194319697856398,0.8778033216432455,1.0,0.10603318075692532,0.0,0.0,none
cartpole,pg,19,147,0.035393418123324714,0.0784541517496109,-0.005031476877540848,-0.08140208039964948,2,stabilize,0.0866733358771739,0.03229882394714079,0.8810278401756854,1.0,0.10931738069522384,0.0,0.0,none
cartpole,pg,19,148,0.03735477104783058,0.013418519248565039,-0.03223026478062951,0.002126568928360939,2,stabilize,0.08885682162070879,0.03206207293267442,0.8790811054466168,1.0,0.1054410120204372,0.0,0.0,none
cartpole,pg,19,149,0.03769023343920708,-0.051589637994766235,-0.03151971677891679,0.08513939380645752,2,stabilize,0.09278219298691621,0.03184219847943987,0.8753756085336438,1.0,0.11017126074191655,0.0,0.0,none
cartpole,pg,19,150,0.036400494476159416,0.013482181976238886,-0.0030721856174470417,0.0009227714368275233,2,stabilize,0.09027175566917009,0.03195410886038074,0.8777741354704492,1.0,0.10598830242471577,0.0,0.0,none
cartpole,pg,19,151,0.036737549429138504,0.078525905807813,-0.0027638611657131544,-0.08275892053331647,2,stabilize,0.08667314670101962,0.03231304030239713,0.8810138129965833,1.0,0.10946514611735825,0.0,0.0,none
cartpole,pg,19,152,0.0387006967018048,0.013488010813792547,-0.030416006173467295,0.0008125779485063893,1,push_right,0.08883211529720252,0.03207569683595442,0.879092187866843,1.0,0.10641149139546405,0.0,0.0,none
cartpole,pg,19,153,0.03903789756198724,0.07855892678101857,-0.030144502304334346,-0.08338358572551183,2,stabilize,0.08528570663763317,0.032433907288435454,0.8822803860739313,1.0,0.10910634794985505,0.0,0.0,none
cartpole,pg,19,154,0.041001870607336365,0.01354848345120748,-0.058005366092081005,-0.00033087655901908875,2,stabilize,0.08739396664490551,0.03220169316319613,0.8804043401918983,1.0,0.10503578228558046,0.0,0.0,none
cartpole,pg,19,155,0.041340580210089684,-0.051433379451433815,-0.05811592008305051,0.08219030925205775,2,stabilize,0.09118953187741605,0.031976265471093016,0.8768342026514909,1.0,0.11031753099431915,0.0,0.0,none
cartpole,pg,19,156,0.040054746593038246,0.013664436837037405,-0.030653766825403973,-0.002523377537727356,2,stabilize,0.0886587719228273,0.03208275838119373,0.879258469695979,1.0,0.10546659960790938,0.0,0.0,none
cartpole,pg,19,157,0.04039635881781578,-0.05134531855583191,-0.03149690048720217,0.08051942927496773,0,push_left,0.09248874024373432,0.03186248010629762,0.875648779649968,1.0,0.1088353196540102,0.0,0.0,none
cartpole,pg,19,158,0.03911272622644901,-0.11635438601175944,-0.004593033436908074,0.16354642595563615,2,stabilize,0.09827617116349638,0.03166405938891238,0.8700597694475912,1.0,0.11930163248157126,0.0,0.0,none
cartpole,pg,19,159,0.03620386434098085,-0.051309242844581604,0.05005254701384497,0.07983616420200892,2,stabilize,0.09689689854663469,0.03157698405359535,0.8715261173997699,1.0,0.10849828002068927,0.0,0.0,none
cartpole,pg,19,160,0.03492113513251146,0.013681024312973022,0.07672811500496968,-0.002837354051215308,2,stabilize,0.09427615970428062,0.031733322950570575,0.8739905173451488,1.0,0.10474637578918189,0.0,0.0,none
cartpole,pg,19,161,0.03526316024363041,0.07864361504713695,0.07578007752400309,-0.08499968903405326,2,stabilize,0.09048197690253361,0.03210339571182439,0.8774146273856421,1.0,0.11082679449130792,0.0,0.0,none
cartpole,pg,19,162,0.03722925049563249,0.013528741896152496,0.04737922001567832,4.2403212449114237e-05,2,stabilize,0.09270347608442668,0.031849870091398766,0.8754466538241746,1.0,0.10520201460682692,0.0,0.0,none
cartpole,pg,19,163,0.03756746960182985,0.0785214751958847,0.047393387676992395,-0.08268180063792638,2,stabilize,0.08900740183729614,0.03221410021551129,0.8787784979471925,1.0,0.11020886457558479,0.0,0.0,none
cartpole,pg,19,164,0.03953050511578719,0.013434103379646936,0.019767012687173267,0.001831853629222938,2,stabilize,0.09123231685188793,0.031966729240425464,0.8768009539076866,1.0,0.10563464154486832,0.0,0.0,none
cartpole,pg,19,165,0.03986635866264503,0.07845487693945567,0.020379087218663574,-0.0814177053315299,2,stabilize,0.08761422942010744,0.032326622254616307,0.8800591483252763,1.0,0.10969999243430936,0.0,0.0,none
cartpole,pg,19,166,0.041827730213602386,0.013394014288981756,-0.0068249196472059855,0.002589839111481394,2,stabilize,0.0898228479421912,0.032084421460543154,0.8780927305972656,1.0,0.10604958424438674,0.0,0.0,none
cartpole,pg,19,167,0.04216258103648822,0.07844149072964986,-0.005959579276547796,-0.08116264854158674,2,stabilize,0.08626625339536483,0.032441720468045374,0.8812920261365899,1.0,0.1092835428597756,0.0,0.0,none
cartpole,pg,19,168,0.04412361731131872,0.01340678334236145,-0.03307836401434104,0.002348461055329868,2,stabilize,0.0884403675531535,0.032204251479238215,0.8793553809676083,1.0,0.10542830743202646,0.0,0.0,none
cartpole,pg,19,169,0.0444587878882885,-0.05160051087538401,-0.03229367473387206,0.08534515755517143,2,stabilize,0.0923480981615832,0.031982428753856026,0.8756694730845609,1.0,0.11020057274427811,0.0,0.0,none
cartpole,pg,19,170,0.043168775737285614,0.01347206657131513,-0.0037773954626483964,0.0011140256454902036,2,stabilize,0.08985439722155436,0.03209415174418904,0.8780514510342566,1.0,0.10599944919197611,0.0,0.0,none
cartpole,pg,19,171,0.04350557612876098,0.07851649820804596,-0.0034051673344574285,-0.08258097512381417,2,stabilize,0.08627805581841624,0.03245493732858052,0.8812670068530032,1.0,0.10944050920436642,0.0,0.0,none
cartpole,pg,19,172,0.04546848746637504,0.013479240238666534,-0.030997856064457315,0.0009784087804811342,2,stabilize,0.08842702830715403,0.03221683898839358,0.8793561327044525,1.0,0.1054583538420059,0.0,0.0,none
cartpole,pg,19,173,0.045805471017956734,-0.05153016746044159,-0.030670941836225107,0.0840146711894444,2,stabilize,0.09230961161771681,0.03199505010374132,0.875695338278542,1.0,0.11006214621013535,0.0,0.0,none
cartpole,pg,19,174,0.044517215962211296,0.013540823012590408,-0.002599213503496744,-0.00018604552107197897,2,stabilize,0.08980023029167482,0.03211018375558463,0.8780895859527407,1.0,0.10589985191178293,0.0,0.0,none
cartpole,pg,19,175,0.04485573619604111,-0.05149722099304199,-0.002661376784784555,0.08338854994092669,1,push_right,0.09374171607067128,0.031893612424235336,0.8743646715050933,1.0,0.10958984359132465,0.0,0.0,none
cartpole,pg,19,176,0.04356830691297849,0.013546076913674673,0.025201144323713173,-0.0002853746658989361,2,stabilize,0.09121070046489924,0.0320221125436069,0.8767671869914939,1.0,0.10554827263569536,0.0,0.0,none
cartpole,pg,19,177,0.04390695753196876,0.07856135567029317,0.025105791562070143,-0.08343179736818586,2,stabilize,0.08756733047127138,0.03238753023641693,0.8800451392923118,1.0,0.10993950709918915,0.0,0.0,none
cartpole,pg,19,178,0.04587099266548952,0.013495838890473047,-0.002771179494059029,0.0006645212082990579,2,stabilize,0.08973680964585719,0.03214369006462583,0.8781195002895169,1.0,0.1059834188162944,0.0,0.0,none
cartpole,pg,19,179,0.04620838599900405,0.07853926221529643,-0.0025491438014766197,-0.08301149095807757,2,stabilize,0.08616062124268291,0.032506306417640254,0.8813330723396768,1.0,0.10948972556391073,0.0,0.0,none
cartpole,pg,19,180,0.0481718685477972,0.013501152396202087,-0.030285681026647655,0.0005640647640185696,2,stabilize,0.08829784611553543,0.03226769028935817,0.8794344635951065,1.0,0.10546912546895879,0.0,0.0,none
cartpole,pg,19,181,0.048509398475289345,-0.051508973042170204,-0.03009720934390453,0.08361387252807617,2,stabilize,0.09216646619500694,0.03204532366489974,0.8757882101400932,1.0,0.11001949789837044,0.0,0.0,none
cartpole,pg,19,182,0.04722167427341144,0.013561452428499857,-0.0021594016966109916,-0.0005760931276849338,0,push_left,0.08965696259940108,0.03216171453142824,0.8781813228691706,1.0,0.10590683710820455,0.0,0.0,none
cartpole,pg,19,183,0.04756070983906587,-0.05147703488667806,-0.002351890958241034,0.08300680773598808,2,stabilize,0.09358393917264704,0.03194446959353894,0.874471591233814,1.0,0.10955283306883384,0.0,0.0,none
cartpole,pg,19,184,0.04627378347019355,0.013565956304470697,0.02538308118934563,-0.000661272622112717,2,stabilize,0.09105303661789002,0.03207405672754433,0.8768729066545657,1.0,0.1055456275135485,0.0,0.0,none
cartpole,pg,19,185,0.04661293389896552,0.07858105003833771,0.02516213102101711,-0.08380424124853951,0,push_left,0.0874120855847866,0.032441091099141735,0.8801468233160716,1.0,0.10997197609877944,0.0,0.0,none
cartpole,pg,19,186,0.048577459529042244,0.013515481104453405,-0.0028392852357364213,0.0002931344123291118,1,push_right,0.08956964257947324,0.03219683973386312,0.8782335176866636,1.0,0.10598429032335502,0.0,0.0,none
cartpole,pg,19,187,0.048915346463521324,0.07855897148450215,-0.002741340496677345,-0.08338416474206108,2,stabilize,0.08599645856932887,0.03256108031409565,0.8814424611165754,1.0,0.10951846124962862,0.0,0.0,none
cartpole,pg,19,188,0.050879319508870445,0.013521054138739904,-0.03060239738382417,0.00018776224793068,1,push_right,0.08812168269691334,0.03232216817395658,0.8795561491291302,1.0,0.10641405128701434,0.0,0.0,none
cartpole,pg,19,189,0.05121734614173572,0.07859215637048085,-0.030539660916834858,-0.08401190383093697,2,stabilize,0.08460150534931528,0.03268572198828628,0.8827127726623984,1.0,0.10915422042146229,0.0,0.0,none
cartpole,pg,19,190,0.053182151168584824,0.01358210543791453,-0.05861046348380587,-0.0009666950707989079,2,stabilize,0.08667614012306948,0.03245213832690004,0.8808717215500305,1.0,0.1050267472360195,0.0,0.0,none
cartpole,pg,19,191,0.053521705170472465,-0.05139913658301035,-0.058933465712679316,0.08154291766030448,2,stabilize,0.09042343668303932,0.032223413791250405,0.8773531495257103,1.0,0.11027605331477162,0.0,0.0,none
cartpole,pg,19,192,0.052236722161372505,0.013699479401111603,-0.031687621569576586,-0.0031860084938151495,1,push_right,0.08790958784932375,0.03233191653380491,0.8797584956168713,1.0,0.10643612819622006,0.0,0.0,none
cartpole,pg,19,193,0.05257921293377876,0.07877165575822194,-0.03275215883599261,-0.08740602220807757,2,stabilize,0.08435511293202506,0.03270282296545762,0.8829420641025172,1.0,0.10941822009886318,0.0,0.0,none
cartpole,pg,19,194,0.05454850072662036,0.013763820131619772,-0.06195703668070864,-0.004402858338185719,2,stabilize,0.08636448267526525,0.03247008044615141,0.8811654368785834,1.0,0.10498414027972625,0.0,0.0,none
cartpole,pg,19,195,0.05489259958267212,-0.05121398468812307,-0.0634281573759343,0.07804271153041295,0,push_left,0.09003360344159365,0.03224094992066365,0.8777254466377427,1.0,0.10814929649976776,0.0,0.0,none
cartpole,pg,19,196,0.05361224835117658,-0.11619060238202412,-0.03735183655931159,0.16046052319662912,2,stabilize,0.09557603052641431,0.03201996478939378,0.8724040046841919,1.0,0.11928407756796222,0.0,0.0,none
cartpole,pg,19,197,0.05070748428503673,-0.0511136402686437,0.016262659220678426,0.0761353884424482,2,stabilize,0.09413798839906762,0.03191075932834545,0.8739512522725869,1.0,0.10871302259178695,0.0,0.0,none
cartpole,pg,19,198,0.049429641415675483,0.01391074558099111,0.04170169089176205,-0.00718071631022862,2,stabilize,0.09150985374066413,0.03206075379580386,0.876429392463532,1.0,0.10531812479691825,0.0,0.0,none
cartpole,pg,19,199,0.04977741278707981,0.07890927294890086,0.03930240833958464,-0.09001320600509644,1,push_right,0.08776457245371057,0.03244119479880255,0.8797942327474868,1.0,0.10955579485375982,0.0,0.0,none
cartpole,pg,19,200,0.0517501433690389,0.14391050736109415,0.009226396586523706,-0.17289175306047713,2,stabilize,0.08307549754173033,0.03305732349798766,0.8838671789602821,1.0,0.10989705564347114,1.0,1.0,cartpole_gravity_shift
cartpole,pg,19,201,0.055347904562950134,0.08666250109672546,-0.048541728416035455,-0.09906812225069318,2,stabilize,0.08309301667954608,0.03285638975642154,0.8840505935640324,1.0,0.09799477828248457,1.0,0.0,cartpole_gravity_shift
cartpole,pg,19,202,0.057514471312363945,0.029492393136024475,-0.08164324879930811,-0.026720692004476274,2,stabilize,0.08443255496196075,0.03266502317818756,0.8829024218598517,1.0,0.09195103950239802,1.0,0.0,cartpole_gravity_shift
cartpole,pg,19,203,0.05825178076823553,-0.027631841599941254,-0.09057140933585338,0.04477448122841971,2,stabilize,0.08711350572072185,0.032455511011561314,0.880430983267717,1.0,0.09629231812540241,1.0,0.0,cartpole_gravity_shift
cartpole,pg,19,204,0.05756098156174024,0.029724694788455963,-0.0756109546789975,-0.03110796638897487,0,push_left,0.08459038718395873,0.03261707268934987,0.8827925401266913,1.0,0.0922309274236154,1.0,0.0,cartpole_gravity_shift
cartpole,pg,19,205,0.058304102470477424,-0.027407877147197723,-0.086005030284349,0.040542743035725186,2,stabilize,0.08720620474562392,0.03240996511633905,0.8803838301380371,1.0,0.09598849008401608,1.0,0.0,cartpole_gravity_shift
cartpole,pg,19,206,0.05761890361706416,0.029942673941453297,-0.07245852778663499,-0.03522484430244991,2,stabilize,0.08462885669436071,0.03258201771765367,0.8827891255879856,1.0,0.09246181293740587,1.0,0.0,cartpole_gravity_shift
cartpole,pg,19,207,0.05836746965845426,-0.027194259067376454,-0.08422816461196662,0.03650710838181632,2,stabilize,0.08717817423431003,0.03237680942084344,0.8804450163448466,1.0,0.09577071688794969,1.0,0.0,cartpole_gravity_shift
cartpole,pg,19,208,0.057687610387802124,0.030153969923655193,-0.07203008383868134,-0.03921577760151455,2,stabilize,0.08455076168666614,0.032558030587690676,0.8828912077256432,1.0,0.09264997804647065,1.0,0.0,cartpole_gravity_shift
cartpole,pg,19,209,0.05844146013259888,-0.02698357154925664,-0.0851332056636173,0.03252723387309483,2,stabilize,0.08703048582628234,0.032354443228142786,0.8806150709455749,1.0,0.0956292008526393,1.0,0.0,cartpole_gravity_shift
cartpole,pg,19,210,0.05776687214771907,0.030365871886412304,-0.07426492016326841,-0.0432184636592865,2,stabilize,0.08435588332420725,0.03254401288606778,0.8831001037897249,1.0,0.0928022679342885,1.0,0.0,cartpole_gravity_shift
cartpole,pg,19,211,0.0585260180135568,-0.02676861236492793,-0.08870545676898274,0.028467003788266863,2,stabilize,0.08676117966442262,0.03234198243648941,0.880896837899088,1.0,0.09555868021345429,1.0,0.0,cartpole_gravity_shift
cartpole,pg,19,212,0.0578568068643411,0.030585557222366333,-0.07919380374626214,-0.0473686158657074,2,stabilize,0.08404109479687033,0.03253951063018238,0.8834193945729473,1.0,0.09292618606376478,1.0,0.0,cartpole_gravity_shift
cartpole,pg,19,213,0.0586214413245519,-0.026542159418265026,-0.09502103298831385,0.024189851113728116,2,stabilize,0.08636522493880049,0.03233917008031238,0.8812956049808872,1.0,0.09555827385541175,1.0,0.0,cartpole_gravity_shift
cartpole,pg,19,214,0.057957886407772705,0.030820342401663463,-0.0869385044586118,-0.05180461917604719,1,push_right,0.08360035624175421,0.032544737742238275,0.8838549060160075,1.0,0.09661108115014451,1.0,0.0,cartpole_gravity_shift
cartpole,pg,19,215,0.058728400617837906,0.088172048330307,-0.10424791913043913,-0.12759560346603394,1,push_right,0.07999937409922894,0.03298922384311693,0.8870114020576542,1.0,0.1045194929227049,1.0,0.0,cartpole_gravity_shift
cartpole,pg,19,216,0.060932698349157974,0.14554530382156372,-0.14688129712402964,-0.2038200753075736,2,stabilize,0.07573019919637707,0.033694066747999234,0.8905757340556236,1.0,0.11304058101160211,1.0,0.0,cartpole_gravity_shift
cartpole,pg,19,217,0.0645713321864605,0.08850685755411784,-0.21498348021564165,-0.13400860343660628,2,stabilize,0.07537618011623895,0.03361923744401446,0.8910045824397466,1.0,0.09939787137751026,1.0,0.0,cartpole_gravity_shift
cartpole,pg,19,218,0.06678400561213493,0.03156658013661703,-0.2597596202943661,-0.06597961698259626,2,stabilize,0.07608543711132258,0.03350988891212024,0.8904046739765571,1.0,0.09049762955008218,1.0,0.0,cartpole_gravity_shift
cartpole,pg,19,219,0.06757316490014395,-0.025307312607765198,-0.2818053192625751,0.000867564430726426,2,stabilize,0.0778333289201776,0.03332914580709238,0.88883752527273,1.0,0.08730523802954687,1.0,0.0,cartpole_gravity_shift
cartpole,pg,19,220,0.06694048643112183,-0.082148477435112,-0.28151544011009055,0.06713069336754936,2,stabilize,0.08067479920205328,0.033064662749137906,0.8862605380488088,1.0,0.09016884524173378,1.0,0.0,cartpole_gravity_shift
cartpole,pg,19,221,0.06488677114248276,-0.138991117477417,-0.2590851382594689,0.13340284994670323,2,stabilize,0.08474603597050866,0.032726518287870716,0.8825274457416207,1.0,0.10827186346076914,1.0,0.0,cartpole_gravity_shift
cartpole,pg,19,222,0.061411994198958084,-0.08142198622226715,-0.21451139080211484,0.05334225722721645,2,stabilize,0.08325336893988138,0.03245810257454606,0.8842885284855725,1.0,0.09932839059166364,1.0,0.0,cartpole_gravity_shift
cartpole,pg,19,223,0.05937644590934118,-0.02390557775894801,-0.19668819725086695,-0.025627244796071733,2,stabilize,0.08088620719219472,0.03249591908182644,0.8866178737259788,1.0,0.08950632561932476,1.0,0.0,cartpole_gravity_shift
cartpole,pg,19,224,0.058778803795576096,-0.0808687557776769,-0.20525099482911868,0.04287749954632351,2,stabilize,0.08351263329142557,0.03228157180192712,0.8842057949066473,1.0,0.09008341671433165,1.0,0.0,cartpole_gravity_shift
cartpole,pg,19,225,0.056757088750600815,-0.13781997561454773,-0.190924381868367,0.11115810700825282,2,stabilize,0.08744293986194054,0.03201263068967014,0.8805444294483894,1.0,0.10411541282325658,1.0,0.0,cartpole_gravity_shift
cartpole,pg,19,226,0.05331158638000488,-0.08033503592014313,-0.15378325537451698,0.032773375511169434,2,stabilize,0.08571012038850355,0.03185078522236498,0.8824390943891314,1.0,0.09068275256230503,1.0,0.0,cartpole_gravity_shift
cartpole,pg,19,227,0.05130321097870668,-0.13735883434613547,-0.14283272453310383,0.10239880425589425,2,stabilize,0.08963684043281538,0.03161350499419709,0.8787496545729875,1.0,0.10216775491148629,1.0,0.0,cartpole_gravity_shift
cartpole,pg,19,228,0.04786924148599307,-0.07993507385253906,-0.10861832479588457,0.025208490235464915,2,stabilize,0.08780249719575156,0.03150167260835903,0.8806958301958895,1.0,0.09135767212365777,1.0,0.0,cartpole_gravity_shift
cartpole,pg,19,229,0.045870865384737655,-0.13702193895975748,-0.10019544343106218,0.09600662333624703,2,stabilize,0.09174409908656503,0.03128714687505724,0.8769687540383778,1.0,0.10063160118352821,1.0,0.0,cartpole_gravity_shift
cartpole,pg,19,230,0.042445315048098564,-0.0796533574660619,-0.06811685753466122,0.019883072801998684,2,stabilize,0.08982922715503036,0.031213301641833828,0.8789574712031358,1.0,0.09490579222945002,1.0,0.0,cartpole_gravity_shift
cartpole,pg,19,231,0.040453982849915825,-0.02232637753089269,-0.06147334463272004,-0.05543375866753714,2,stabilize,0.08692840691845602,0.03136700688989776,0.8817045861916463,1.0,0.09378633618825023,1.0,0.0,cartpole_gravity_shift
cartpole,pg,19,232,0.039895822604497276,-0.0794785072406133,-0.0799953635239658,0.01658106063093458,2,stabilize,0.08933684602808918,0.0311832493606174,0.8794799046112934,1.0,0.09173717179612367,1.0,0.0,cartpole_gravity_shift
cartpole,pg,19,233,0.03790885830918948,-0.1366049846013387,-0.07445515446844989,0.08811868940080915,0,push_left,0.09322351058466619,0.030983814552103712,0.87579267486323,1.0,0.09633839326737037,1.0,0.0,cartpole_gravity_shift
cartpole,pg,19,234,0.03449373568097751,-0.19373957316080728,-0.045012153667311115,0.15979972907475062,2,stabilize,0.09878852356487651,0.030780674668300746,0.8704308017668229,1.0,0.10835999032229676,1.0,0.0,cartpole_gravity_shift
cartpole,pg,19,235,0.02965024672448635,-0.13644428054491678,0.0083815503136426,0.08506827695029122,2,stabilize,0.09783121513515369,0.03056929896104034,0.871599485903806,1.0,0.09735548991720416,1.0,0.0,cartpole_gravity_shift
cartpole,pg,19,236,0.02623913809657097,-0.07921980321407318,0.03680531691253043,0.011693182800497328,2,stabilize,0.09575866728072505,0.03057170497958678,0.8736696277396883,1.0,0.09255878966608325,1.0,0.0,cartpole_gravity_shift
cartpole,pg,19,237,0.02425864338874817,-0.02203403413295746,0.04071234625392996,-0.060954804931368144,2,stabilize,0.09260437094419416,0.03075603618167177,0.8766395928741342,1.0,0.09625994330691554,1.0,0.0,cartpole_gravity_shift
cartpole,pg,19,238,0.023707792473336063,-0.07932441929976146,0.020345588501427224,0.01366878513778959,0,push_left,0.09511577092485349,0.03057148859673324,0.8743127404784133,1.0,0.09378530701119696,1.0,0.0,cartpole_gravity_shift
cartpole,pg,19,239,0.021724682301282883,-0.13658761978149414,0.024912723280080463,0.0877755880355835,2,stabilize,0.0992985982791312,0.03040514909876204,0.8702962526221067,1.0,0.0972933722968406,1.0,0.0,cartpole_gravity_shift
cartpole,pg,19,240,0.018309991185863815,-0.07938548425833385,0.054241080272738294,0.014822840690612793,2,stabilize,0.09725849151057792,0.030411738548708264,0.8723297699407139,1.0,0.09224354876640697,1.0,0.0,cartpole_gravity_shift
cartpole,pg,19,241,0.016325355196992557,-0.022223569452762604,0.05919382260636669,-0.05737770880971636,2,stabilize,0.09411240442924544,0.030593104419587742,0.8752944911511668,1.0,0.09639277001376151,1.0,0.0,cartpole_gravity_shift
cartpole,pg,19,242,0.015769765401879948,-0.0795385589202245,0.04002227401249733,0.017713576555252075,2,stabilize,0.09674467078750182,0.030409393573936506,0.8728459356385617,1.0,0.09259832027156874,1.0,0.0,cartpole_gravity_shift
cartpole,pg,19,243,0.01378130167722702,-0.02235718071460724,0.045940888987805226,-0.05485194495746067,2,stabilize,0.09364903104486598,0.030583445811442123,0.875767523143692,1.0,0.0959566162330859,1.0,0.0,cartpole_gravity_shift
cartpole,pg,19,244,0.013222371538480123,-0.07965455949306488,0.027613269791967262,0.01990411537034171,2,stabilize,0.09631342721787434,0.030401083583933834,0.8732854891981917,1.0,0.09290768282073975,1.0,0.0,cartpole_gravity_shift
cartpole,pg,19,245,0.011231007520109415,-0.022456251084804535,0.03426381095639277,-0.0529793245451791,2,stabilize,0.09325543488648455,0.030568995669885392,0.8761755694436302,1.0,0.09559911411872292,1.0,0.0,cartpole_gravity_shift
cartpole,pg,19,246,0.010669601615518332,-0.07973805069923401,0.01656188827390318,0.021480817879949297,2,stabilize,0.09594102384915548,0.030387601057920058,0.8736713750929245,1.0,0.09317795763183412,1.0,0.0,cartpole_gravity_shift
cartpole,pg,19,247,0.008676149882376194,-0.022524714469909668,0.023739250167884234,-0.05168527790478298,2,stabilize,0.09291004666244793,0.030550451362742388,0.8765395019748096,1.0,0.09530342840579409,1.0,0.0,cartpole_gravity_shift
cartpole,pg,19,248,0.008113032672554255,-0.07979242503643036,0.006469705659976154,0.022507703730038235,0,push_left,0.09560696418405883,0.03036979726554641,0.8740232385503947,1.0,0.0936860853571214,1.0,0.0,cartpole_gravity_shift
cartpole,pg,19,249,0.0061182215965042515,-0.13703693946202597,0.01399017990453431,0.09626142467771258,2,stabilize,0.09998044768101698,0.030204753815536917,0.869814798503446,1.0,0.09840191369752285,1.0,0.0,cartpole_gravity_shift
cartpole,pg,19,250,0.002692298342784246,-0.07982000708580017,0.04615390179834389,0.023029482790402005,2,stabilize,0.09804418495783045,0.03019371623004241,0.8717620988121272,1.0,0.09260074031743923,1.0,0.0,cartpole_gravity_shift
cartpole,pg,19,251,0.000696798088029027,-0.022647003332773846,0.053848715627961626,-0.04937875270843506,0,push_left,0.09499060981863543,0.03035922368862539,0.8746501664927392,1.0,0.09578708008790587,1.0,0.0,cartpole_gravity_shift
cartpole,pg,19,252,0.00013062301150057465,-0.07995493213335673,0.03734984944145549,0.025577453630311147,2,stabilize,0.09780967184370974,0.030179752633336585,0.8720105755229538,1.0,0.09285939000921208,1.0,0.0,cartpole_gravity_shift
cartpole,pg,19,253,-0.0018682503529513876,-0.02276989072561264,0.04589601657697864,-0.04705659406525748,2,stabilize,0.09479544938158789,0.030339263414301883,0.8748652872041103,1.0,0.09549254756969792,1.0,0.0,cartpole_gravity_shift
cartpole,pg,19,254,-0.0024374976055696607,-0.08006724218527476,0.03017304656329189,0.027698367834091187,2,stabilize,0.09765201159108834,0.030160711198736433,0.8721872772101753,1.0,0.0930771527615089,1.0,0.0,cartpole_gravity_shift
cartpole,pg,19,255,-0.004439178543786208,-0.022872410714626312,0.03942787238265563,-0.04511954954692295,2,stabilize,0.0946690752637658,0.030315106938432056,0.875015817797802,1.0,0.09525458874374743,1.0,0.0,cartpole_gravity_shift
cartpole,pg,19,256,-0.005010988873740038,-0.0801611344019572,0.02435212932651538,0.029471561312675476,2,stabilize,0.09755785940179745,0.030137274055197238,0.8723048665430052,1.0,0.09325936830150584,1.0,0.0,cartpole_gravity_shift
cartpole,pg,19,257,-0.007015017326921225,-0.02295838048060735,0.034199427448764336,-0.043495344264166694,2,stabilize,0.09459974124651767,0.030287315055681458,0.8751129436978009,1.0,0.0950621436590187,1.0,0.0,cartpole_gravity_shift
cartpole,pg,19,258,-0.0075889766837159795,-0.08024012049039204,0.019666376503668995,0.030963197350502014,2,stabilize,0.09751671095152682,0.03011009383353999,0.8723731952149333,1.0,0.093410998275632,1.0,0.0,cartpole_gravity_shift
cartpole,pg,19,259,-0.009594979540755352,-0.02303099383910497,0.030012074457859368,-0.04212355187961033,2,stabilize,0.09457822052298019,0.030256419055092063,0.8751653604219277,1.0,0.09490652290598856,1.0,0.0,cartpole_gravity_shift
cartpole,pg,19,260,-0.010170754976570606,-0.08030713101228078,0.015937379808087338,0.03222874232700893,2,stabilize,0.09752025637318314,0.03007974540864876,0.872399998218168,1.0,0.09353646621419152,1.0,0.0,cartpole_gravity_shift
cartpole,pg,19,261,-0.012178432662039995,-0.02309294044971466,0.02670593266342022,-0.04095332111631121,2,stabilize,0.0945972899407186,0.030222906366406465,0.875179803692875,1.0,0.0947808766535718,1.0,0.0,cartpole_gravity_shift
cartpole,pg,19,262,-0.01275575642163555,-0.08036464949448903,0.013022245683647283,0.03331503910677774,2,stabilize,0.09756206114972373,0.03004672946085871,0.8723912093894176,1.0,0.09363965194078179,1.0,0.0,cartpole_gravity_shift
cartpole,pg,19,263,-0.01476487300048272,-0.023146502673625946,0.0241537620635761,-0.03994150246892657,2,stabilize,0.09465132848088754,0.03018719210001446,0.8751614794190979,1.0,0.0946797892196245,1.0,0.0,cartpole_gravity_shift
cartpole,pg,19,264,-0.015343534760177135,-0.08041479190190633,0.010808151846569308,0.03426203770296914,0,push_left,0.09763720065106454,0.030011505366877286,0.8723512939820582,1.0,0.0941733302643887,1.0,0.0,cartpole_gravity_shift
cartpole,pg,19,265,-0.01735390474398931,-0.1376651426156362,0.02225608896099582,0.10812621457236153,2,stabilize,0.10235477955015344,0.029855801690952713,0.8677894187588938,1.0,0.09960734094866248,1.0,0.0,cartpole_gravity_shift
cartpole,pg,19,266,-0.02079553436487913,-0.08045933643976848,0.05838418099362412,0.03510543491159167,2,stabilize,0.10057655028015264,0.029833501782412813,0.8695899479374345,1.0,0.09276872211156871,1.0,0.0,cartpole_gravity_shift
cartpole,pg,19,267,-0.022807017279167972,-0.023303061723709106,0.07011391987095016,-0.03698869262422834,2,stabilize,0.09764309113650078,0.0299820527709084,0.8723748560925909,1.0,0.09549854150785542,1.0,0.0,cartpole_gravity_shift
cartpole,pg,19,268,-0.023389593698084354,-0.08063263197739919,0.057754927005858867,0.03837846006665911,2,stabilize,0.10081052959154953,0.02980991482885054,0.8693795555795999,1.0,0.09292653008015589,1.0,0.0,cartpole_gravity_shift
cartpole,pg,19,269,-0.025405408814549446,-0.02347548057635625,0.0705782830857434,-0.03373185864516667,2,stabilize,0.09792225438608157,0.029953642730510047,0.8721241028834084,1.0,0.0953734954777474,1.0,0.0,cartpole_gravity_shift
cartpole,pg,19,270,-0.0259922972569863,-0.08080567916234334,0.05930749286046176,0.041647029774529595,2,stabilize,0.1011669998816744,0.029783013293144527,0.8690499868251811,1.0,0.09305141329938016,1.0,0.0,cartpole_gravity_shift
cartpole,pg,19,271,-0.028012438366810482,-0.02365064372618993,0.07322296802496854,-0.03042339427130563,2,stabilize,0.09832287329089144,0.029922577795883813,0.8717545489132248,1.0,0.09530414029279942,1.0,0.0,cartpole_gravity_shift
cartpole,pg,19,272,-0.02860370402534803,-0.08098435898621877,0.06305763324575948,0.04502221941947937,2,stabilize,0.10165176826724312,0.02975365159977906,0.8685945801329779,1.0,0.09314915776827545,1.0,0.0,cartpole_gravity_shift
cartpole,pg,19,273,-0.03062831237912178,-0.023834457000096638,0.07810085336177616,-0.02695178134100778,2,stabilize,0.09885285225065399,0.029889666744596165,0.87125748100475,1.0,0.09528883317839479,1.0,0.0,cartpole_gravity_shift
cartpole,pg,19,274,-0.031224175666769348,-0.08117463688055675,0.06909548862879487,0.04861682227679661,0,push_left,0.10227583128407884,0.02972278858562468,0.8680013801302965,1.0,0.09607724335852186,1.0,0.0,cartpole_gravity_shift
cartpole,pg,19,275,-0.033253539974490806,-0.13850279649098715,0.08533976812066782,0.12395820447376796,2,stabilize,0.10759644653761888,0.029596728210149737,0.8628068252522313,1.0,0.10044043008818654,1.0,0.0,cartpole_gravity_shift
cartpole,pg,19,276,-0.036716110383470855,-0.08138262728850047,0.1267577857134735,0.05255705118179321,2,stabilize,0.10611951839191258,0.029593699405794156,0.8642867822022933,1.0,0.09227479470171938,1.0,0.0,cartpole_gravity_shift
cartpole,pg,19,277,-0.03875067767997583,-0.02432080606619517,0.14431861747136265,-0.017771207860537937,0,push_left,0.10340200379215249,0.02974082811959415,0.8668571680882534,1.0,0.09642502783799528,1.0,0.0,cartpole_gravity_shift
cartpole,pg,19,278,-0.03935869783163071,-0.08174770573774974,0.13838074479012047,0.05945773209844317,0,push_left,0.10722797706536849,0.029585993780968618,0.8631860291536629,1.0,0.09816896842202442,1.0,0.0,cartpole_gravity_shift
cartpole,pg,19,279,-0.041402388984958335,-0.13916653394699097,0.15824729118825143,0.13653800317219325,2,stabilize,0.11313619518014052,0.029495388328524226,0.8573684164913352,1.0,0.10087915149119446,1.0,0.0,cartpole_gravity_shift
cartpole,pg,19,280,-0.04488155245780945,-0.08214668432871501,0.20386858316480688,0.06702589562961034,2,stabilize,0.11197763276397793,0.02952905990053224,0.8584933073354897,1.0,0.09174287060400725,1.0,0.0,cartpole_gravity_shift
cartpole,pg,19,281,-0.046935221180319786,-0.025193048020203907,0.22626387262116754,-0.0012915331338133132,2,stabilize,0.10949614407603427,0.02969234210871093,0.8608115138152548,1.0,0.08847443877447872,1.0,0.0,cartpole_gravity_shift
cartpole,pg,19,282,-0.047565046697854996,0.031727915008862816,0.22583232574644976,-0.06902001585279192,2,stabilize,0.105740750028948,0.029963524735938944,0.864295725235113,1.0,0.10061037097148212,1.0,0.0,cartpole_gravity_shift
cartpole,pg,19,283,-0.04677184857428074,-0.02580242355664571,0.20277075167203007,0.010227959070886885,2,stabilize,0.10836734586296261,0.029755794802440075,0.8618768593345972,1.0,0.08903357558541787,1.0,0.0,cartpole_gravity_shift
cartpole,pg,19,284,-0.04741690742472808,0.03115202486515045,0.20618820318458758,-0.05811729175703866,2,stabilize,0.1048456850898843,0.03001551859244452,0.8651387963176712,1.0,0.09944028136412213,1.0,0.0,cartpole_gravity_shift
cartpole,pg,19,285,-0.04663810754815738,-0.026353749136130016,0.1867695362584972,0.020646687064852034,2,stabilize,0.10769545552191999,0.029819331950034438,0.8624852125280456,1.0,0.08957096448712691,1.0,0.0,cartpole_gravity_shift
cartpole,pg,19,286,-0.04729695307711761,0.03062344839175542,0.19366818709134487,-0.04811762911932809,2,stabilize,0.10437324203399637,0.03006812677674819,0.8655586311892555,1.0,0.09858659071898239,1.0,0.0,cartpole_gravity_shift
cartpole,pg,19,287,-0.046531365563472114,-0.026866587499777477,0.17759070547213135,0.03033707184450967,0,push_left,0.1074341069423041,0.029881033354331323,0.8626848597033646,1.0,0.09746177388270136,1.0,0.0,cartpole_gravity_shift
cartpole,pg,19,288,-0.047203029195467636,-0.08433629075686137,0.1877271937015233,0.10839366061346871,2,stabilize,0.11256769316412749,0.02977086304760078,0.8576614437882717,1.0,0.09637425395024428,1.0,0.0,cartpole_gravity_shift
cartpole,pg,19,289,-0.04931143795450529,-0.027358680963516235,0.2239446438013227,0.03965211766106742,2,stabilize,0.11086610937751447,0.02989852287538568,0.8592353677470999,1.0,0.08950904017675138,1.0,0.0,cartpole_gravity_shift
cartpole,pg,19,290,-0.04999540435771148,0.029565885663032532,0.23719357206599526,-0.028137705155781338,2,stabilize,0.10785345375039067,0.030143430805389598,0.8620031154442198,1.0,0.08874388107807983,1.0,0.0,cartpole_gravity_shift
cartpole,pg,19,291,-0.04925625709195932,0.0864713688691457,0.22779195291614762,-0.0955788322857448,2,stabilize,0.10361480733232174,0.030492535717507104,0.8658926569501711,1.0,0.1030640833035109,1.0,0.0,cartpole_gravity_shift
cartpole,pg,19,292,-0.047094474236170455,0.028939401110013325,0.19585629280540995,-0.01628369837999344,1,push_right,0.10545128317600032,0.03024641573545212,0.8643023010885476,1.0,0.08928007038623102,1.0,0.0,cartpole_gravity_shift
cartpole,pg,19,293,-0.046370988711714745,0.08590369423230489,0.1904154485336067,-0.08481014626366752,2,stabilize,0.1014976676489264,0.030586324307674214,0.8679160080433994,1.0,0.10126461919426007,1.0,0.0,cartpole_gravity_shift
cartpole,pg,19,294,-0.044223396107554436,0.02841857820749283,0.16207792096035578,-0.006436956248113087,2,stabilize,0.10352829772267644,0.030356567660530232,0.8661151346167933,1.0,0.08985055763353698,1.0,0.0,cartpole_gravity_shift
cartpole,pg,19,295,-0.043512930472691856,0.08543058236440022,0.15992715705835164,-0.07584605898175921,2,stabilize,0.09979866533251398,0.030686265066511634,0.8695150696009742,1.0,0.09985619571831256,1.0,0.0,cartpole_gravity_shift
cartpole,pg,19,296,-0.041377165665229164,0.02798422674338023,0.13458479844869464,0.001770816876419953,2,stabilize,0.10198045161815537,0.030467586806043803,0.8675519615758007,1.0,0.09040506831269074,1.0,0.0,cartpole_gravity_shift
cartpole,pg,19,297,-0.04067756235599518,0.0850348174571991,0.13517647946080047,-0.06835383602551051,1,push_right,0.09842905292286222,0.030787049711126405,0.8707838973660113,1.0,0.09325384372989777,1.0,0.0,cartpole_gravity_shift
cartpole,pg,19,298,-0.03855169129868349,0.1420850952466329,0.11233748925898696,-0.1384637951850891,2,stabilize,0.09384422938563779,0.03124709385680146,0.8749086767575608,1.0,0.10624021138378417,1.0,0.0,cartpole_gravity_shift
cartpole,pg,19,299,-0.03499956180651983,0.0847016175587972,0.06607273562426784,-0.062036876167569845,2,stabilize,0.09452603718847515,0.030995141311721396,0.8744788214998035,1.0,0.09687628358892116,1.0,0.0,cartpole_gravity_shift
cartpole,pg,19,300,-0.03288202298184236,0.02737754335006078,0.04534442022193873,0.01322810777596065,0,push_left,0.09683493433003976,0.030792384453092642,0.8723726812168675,1.0,0.15736309346942248,1.0,1.0,cartpole_gravity_shift|cartpole_sensor_noise
cartpole,pg,19,301,-0.016368688482475434,-0.10091928983710093,-0.010085795673855508,0.08364022839357493,2,stabilize,0.09863628057349545,0.030161006780892452,0.8712027126456122,1.0,0.19384098339426115,1.0,0.0,cartpole_sensor_noise
cartpole,pg,19,302,-0.04126742820341016,0.06802837142875728,0.07591573426703774,0.05178423674073435,2,stabilize,0.09897397636899068,0.031410169073324785,0.8696158545576845,1.0,0.10416613525611274,1.0,0.0,cartpole_sensor_noise
cartpole,pg,19,303,-0.0352845688937785,0.12848620393721175,0.057265453392780115,-0.03074943299693629,2,stabilize,0.09374386104197656,0.031816605217355666,0.8744395337406677,1.0,0.1340298713419952,1.0,0.0,cartpole_sensor_noise
cartpole,pg,19,304,-0.022687657847773622,0.056849530098634346,0.07729339411724828,0.0800313992608749,2,stabilize,0.09900576950097233,0.03182579167018541,0.8691684388288423,1.0,0.16112858673631025,1.0,0.0,cartpole_sensor_noise
cartpole,pg,19,305,-0.03990840816810948,-0.00768253891661895,0.03445534840371423,-0.06020547581162901,2,stabilize,0.09578314391575948,0.02979406759292111,0.8744227884913194,1.0,0.046827882579216856,1.0,0.0,cartpole_sensor_noise
cartpole,pg,19,306,-0.024054155357881857,-0.025419937889064527,0.005660223260765297,-0.031961561416196715,2,stabilize,0.09454243563565426,0.030081675132890482,0.8753758892314552,1.0,0.10937129851086562,1.0,0.0,cartpole_sensor_noise
cartpole,pg,19,307,0.028106699285821775,0.007887047143291054,0.07857850740788536,-0.08501714327037675,2,stabilize,0.09290882846403033,0.030998935235851253,0.8760922363001186,1.0,0.18076616957940514,1.0,0.0,cartpole_sensor_noise
cartpole,pg,19,308,-0.035428658106704855,-0.07242801564255019,-0.01281234207768249,0.032613081355043524,2,stabilize,0.0973902627161679,0.0297915819018171,0.872818155382015,1.0,0.28231761910234393,1.0,0.0,cartpole_sensor_noise
cartpole,pg,19,309,0.05228110362584257,0.15708047302664718,0.08239970361646627,-0.06873165573550367,2,stabilize,0.08832756067394905,0.033744654128776266,0.8779277851972747,1.0,0.18570619964487564,1.0,0.0,cartpole_sensor_noise
cartpole,pg,19,310,0.030622579638983835,0.08162139169469344,-0.0651092020236607,0.012291493590122892,2,stabilize,0.08627262711812576,0.03306738505434473,0.8806599878275295,1.0,0.12550342979800863,1.0,0.0,cartpole_sensor_noise
cartpole,pg,19,311,0.06549185031584773,0.005644320631953692,-0.002967419279965559,-0.057716565686577986,2,stabilize,0.08745876348083592,0.03204560480823433,0.8804956317109297,1.0,0.13878839084861166,1.0,0.0,cartpole_sensor_noise
cartpole,pg,19,312,0.05475871054033115,0.09613533175877242,-0.029836680983638408,0.04345871205285659,2,stabilize,0.08697802819379742,0.03394465888457157,0.879077312921631,1.0,0.1964987734697993,1.0,0.0,cartpole_sensor_noise
cartpole,pg,19,313,-0.09561430139658789,0.15557175430161643,-0.07251776336873418,-0.059717652187699366,2,stabilize,0.089630979013192,0.0311917625450446,0.8791772584417633,1.0,0.1659628698123432,1.0,0.0,cartpole_sensor_noise
cartpole,pg,19,314,0.026706195341315332,0.04631137144234506,-0.08566652540522383,-0.08141209913835003,2,stabilize,0.08431720266745973,0.03192437220577506,0.8837584251267653,1.0,0.17869069413786726,1.0,0.0,cartpole_sensor_noise
cartpole,pg,19,315,0.05323567843577069,-0.0013384177596833767,-0.04957347624473429,0.08488083543649765,2,stabilize,0.08963323396568673,0.032885436174413196,0.8774813298599001,1.0,0.11550649294584685,1.0,0.0,cartpole_sensor_noise
cartpole,pg,19,316,-0.01656122211706955,0.05985175962191011,0.011201217119077598,0.05275076502870582,2,stabilize,0.0942553515936175,0.03188877729457904,0.8738558711118035,1.0,0.22746260937752813,1.0,0.0,cartpole_sensor_noise
cartpole,pg,19,317,0.05182972465559566,0.15402634592747658,0.056844599231189556,-0.13727488068238122,0,push_right,0.08570853850687488,0.03330297651716085,0.8809884849759642,1.0,0.22546717972872762,1.0,0.0,cartpole_sensor_noise
cartpole,pg,19,318,0.04977766074127171,0.16821113191602202,-0.11836887790369349,-0.27844947983279805,2,stabilize,0.07575013762855382,0.03335305087678694,0.8908968114946594,1.0,0.262391360991055,1.0,0.0,cartpole_sensor_noise
cartpole,pg,19,319,-0.07762359535727788,0.06609997573053629,-0.046910777616922084,-0.08587430502275412,0,push_left,0.09138930186482844,0.030088602728409283,0.8785220954067623,1.0,0.20136050268314912,1.0,0.0,cartpole_sensor_noise
cartpole,pg,19,320,0.09328139317962035,0.07405412519026425,-0.13539791320931957,-0.027186186335594296,2,stabilize,0.07931598794642283,0.03433853411619047,0.8863454779373866,1.0,0.2821623780475707,1.0,0.0,cartpole_sensor_noise
cartpole,pg,19,321,-0.10080933182152095,-0.04480483561139421,-0.0748116957451128,0.128204468932093,2,stabilize,0.100403032395919,0.02983832186965674,0.8697586457344243,1.0,0.354097079881696,1.0,0.0,cartpole_sensor_noise
cartpole,pg,19,322,-0.0112803479160377,0.15956590132077256,-0.10355957099320058,-0.14524655881532536,2,stabilize,0.08170713717788199,0.03249101419548003,0.885801848626638,1.0,0.329251352994374,1.0,0.0,cartpole_sensor_noise
cartpole,pg,19,323,-0.022224018855967767,-0.0744221559177043,-0.14284548669823413,0.08277294783260306,2,stabilize,0.09163210542359032,0.030769423450816846,0.8775984711255929,1.0,0.24026162555188335,1.0,0.0,cartpole_sensor_noise
cartpole,pg,19,324,0.1055448574987069,0.08005457319731157,-0.01349928657349865,0.05436056280221268,2,stabilize,0.08562543329111012,0.03489851752798543,0.8794760491809044,1.0,0.2771904178080076,1.0,0.0,cartpole_sensor_noise
cartpole,pg,19,325,-0.12195786327083025,-0.039440427452696644,-0.05563596533812319,0.14934732445549362,2,stabilize,0.1033729995698854,0.02966430098133448,0.86696269944878,1.0,0.20825120091345092,1.0,0.0,cartpole_sensor_noise
cartpole,pg,19,326,-0.02816337963407871,0.08693274431754174,-0.13219426608351978,0.03647657729345485,2,stabilize,0.08703334784763209,0.032357894831635946,0.8806087573207318,1.0,0.13355972658615148,1.0,0.0,cartpole_sensor_noise
cartpole,pg,19,327,0.07243818935631936,0.020338324366088383,-0.08546213301857578,0.06962496870190109,2,push_right,0.08596712055242375,0.033610253042073907,0.8804226264055023,1.0,0.07296635651707534,1.0,0.0,cartpole_sensor_noise
cartpole,pg,19,328,0.05139718890419179,0.07122449557073053,-0.09138414550865293,0.02211820253591449,2,push_right,0.08446252461713537,0.03353277126969783,0.8820047041131668,1.0,0.21025908215630384,1.0,0.0,cartpole_sensor_noise
cartpole,pg,19,329,-0.026272873467590455,0.26371601765156016,-0.12399857295268499,0.014400943315295511,2,stabilize,0.08292413665443268,0.035026150015292176,0.8820497133302753,1.0,0.31642665227557737,1.0,0.0,cartpole_sensor_noise
cartpole,pg,19,330,-0.0379726399990466,-0.029881437665236703,-0.04564615363010423,-0.07306547510479602,2,stabilize,0.09198437395575304,0.029676837890106434,0.8783387881541405,1.0,0.08358103216933459,1.0,0.0,cartpole_sensor_noise
cartpole,pg,19,331,-0.013605019150137124,-0.03918684760411834,-0.06271483049462281,0.0044850091530030806,2,stabilize,0.0918485469752434,0.03051402404959589,0.8776374289751608,1.0,0.07144184671799385,1.0,0.0,cartpole_sensor_noise
cartpole,pg,19,332,-0.012363099286217273,-0.07761923180315791,-0.007823340140155417,0.02922912419015393,2,stabilize,0.09625857267867415,0.030103947145781216,0.8736374801755447,1.0,0.10963595394373306,1.0,0.0,cartpole_sensor_noise
cartpole,pg,19,333,-0.05265694813991558,-0.06412501247088491,0.055460545319880816,0.10802953045434267,2,stabilize,0.104227585417893,0.030003165173008994,0.8657692494090982,1.0,0.2137409708181899,1.0,0.0,cartpole_sensor_noise
cartpole,pg,19,334,-0.0477320863700006,0.008964818195619867,0.04284095285829358,-0.09236899968521363,0,push_left,0.09544250415237428,0.029670080147401634,0.8748874157002241,1.0,0.24931021723257893,1.0,0.0,cartpole_sensor_noise
cartpole,pg,19,335,-0.07532449233470359,0.08287288391123585,0.03337032383527882,0.1439404342308265,2,stabilize,0.1013046858741875,0.031798268748667945,0.8668970453771445,1.0,0.16322963482572592,1.0,0.0,cartpole_sensor_noise
cartpole,pg,19,336,-0.09078200640026306,-0.01783846527489074,0.0759954513498268,0.02375182581167777,2,push_left,0.10395661436865583,0.029277284591187086,0.866766101040157,1.0,0.225883380564994,1.0,0.0,cartpole_sensor_noise
cartpole,pg,19,337,-0.03421101604389815,0.0023121687637221756,-0.04387748028357452,0.20554142087978328,2,push_right,0.09874604419243602,0.032223600830259234,0.8690303549773046,1.0,0.21327102913085733,1.0,0.0,cartpole_sensor_noise
cartpole,pg,19,338,0.0442138838923133,0.04253924986208869,0.0576818347333498,0.04000727208827626,2,stabilize,0.09309175406299776,0.03267232626518441,0.8742359196718178,1.0,0.16713293830850637,1.0,0.0,cartpole_sensor_noise
cartpole,pg,19,339,-0.02535536275983077,0.11659197489051584,0.03928165613883666,-0.0914125374209538,2,stabilize,0.09106699458325787,0.03148824771181129,0.8774447577049308,1.0,0.10218581444450801,1.0,0.0,cartpole_sensor_noise
cartpole,pg,19,340,-0.014483643586240547,0.01931932920205971,0.04808533729695352,-0.06340764508528665,2,push_left,0.09408743245497607,0.030532082434577033,0.8753804851104469,1.0,0.21443652126241808,1.0,0.0,cartpole_sensor_noise
cartpole,pg,19,341,-0.0020976246706094657,-0.1446305267812859,0.09004399154893997,0.06770118086839051,2,stabilize,0.10416168878988227,0.029638013003111745,0.866200298207006,1.0,0.15000949900978894,1.0,0.0,cartpole_sensor_noise
cartpole,pg,19,342,0.0021332133147025957,-0.025041707664094387,0.13588916095108233,-0.010283975332994542,2,push_left,0.10046206878956719,0.03049766922009796,0.8690402619903348,1.0,0.24026842186780992,1.0,0.0,cartpole_sensor_noise
cartpole,pg,19,343,0.057140258433502296,0.06654841300119388,0.06278637778853292,0.1921274186757258,0,push_left,0.09644151995403343,0.03469718206439648,0.8688612979815701,1.0,0.22866580679166126,1.0,0.0,cartpole_sensor_noise
cartpole,pg,19,344,-0.03842660938755514,-0.12625630914303076,0.06727444469980182,0.26933636469134115,2,stabilize,0.11165369577186982,0.03094948371886109,0.8573968205092691,1.0,0.2752341257748326,1.0,0.0,cartpole_sensor_noise
cartpole,pg,19,345,-0.007023814671504923,-0.0013103677464641056,0.26109480574167565,0.12240145444472422,2,stabilize,0.11218881070039458,0.031624197720403764,0.8561869915792015,1.0,0.18162882668296268,1.0,0.0,cartpole_sensor_noise
cartpole,pg,19,346,-0.14994399231490152,0.07566138797734953,0.24162232618380985,0.04328745527092617,2,stabilize,0.11623315623527021,0.029582698416344175,0.8541841453483856,1.0,0.1807090055954238,1.0,0.0,cartpole_sensor_noise
cartpole,pg,19,347,-0.034495511251324794,0.13867511116682915,0.22480231658587607,-0.07948774943395277,2,stabilize,0.10141909398994545,0.031571644272965806,0.8670092617370887,1.0,0.2288853127769793,1.0,0.0,cartpole_sensor_noise
cartpole,pg,19,348,0.13838205362548694,0.07164104747815302,0.2136027453449724,0.054238978921607534,2,stabilize,0.0955452607154714,0.03513647585872621,0.8693182634258025,1.0,0.23538208964425417,1.0,0.0,cartpole_sensor_noise
cartpole,pg,19,349,-0.007321350999581806,0.03344644601857605,0.09627068760837902,-0.0834185913482472,2,stabilize,0.09529079858371346,0.030656191075626015,0.8740530103406605,1.0,0.09634700455271299,1.0,0.0,cartpole_sensor_noise
cartpole,pg,19,350,0.04507703578345824,0.04191674319693658,0.16017407430421718,-0.034615255567505054,2,push_right,0.0965516381833654,0.03200690725255025,0.8714414545640844,1.0,0.10431275550463485,1.0,0.0,cartpole_sensor_noise
cartpole,pg,19,351,0.01512573311704336,0.08639559401557197,0.15349707288569994,-0.12384036364513774,2,stabilize,0.09459911460854127,0.031507295908441216,0.8738935894830177,1.0,0.1535423142261046,1.0,0.0,cartpole_sensor_noise
cartpole,pg,19,352,0.04307513178901857,0.01049599594312537,0.12376310854527522,0.0032392009938168494,2,stabilize,0.09654614616828094,0.03183091296635919,0.8716229408653597,1.0,0.11714295079787755,1.0,0.0,cartpole_sensor_noise
cartpole,pg,19,353,0.02275353750131669,0.06111143453427525,0.22742596409088311,0.0019768683926485314,2,stabilize,0.1022996455641068,0.032079017273745784,0.8656213371621474,1.0,0.09071924124944708,1.0,0.0,cartpole_sensor_noise
cartpole,pg,19,354,-0.025053486727993214,0.03198759764469405,0.21413085026511752,0.07211609593617485,2,stabilize,0.10769193513921564,0.03130346689637083,0.8610045979644135,1.0,0.056566537708270276,1.0,0.0,cartpole_sensor_noise
cartpole,pg,19,355,-0.023950033591735472,0.06510305084906481,0.2044428912659531,0.02730464886093653,2,stabilize,0.10462281189746969,0.031431777367471846,0.8639454107350584,1.0,0.17004319690226077,1.0,0.0,cartpole_sensor_noise
cartpole,pg,19,356,0.11372792978572072,-0.028834099049721888,0.18416211426819323,0.054211323985092374,2,stabilize,0.09812036489727655,0.033083288352849786,0.8687963467498737,1.0,0.2313919298142572,1.0,0.0,cartpole_sensor_noise
cartpole,pg,19,357,-0.001310615030473826,0.03401698795988392,0.11785810032926446,-0.12456752539882057,0,push_left,0.09508454695465264,0.03052609860831008,0.8743893544370372,1.0,0.18299558513368425,1.0,0.0,cartpole_sensor_noise
cartpole,pg,19,358,0.0010520714630781365,-0.024481158130051306,0.2458248502683742,-0.007587699338877152,2,stabilize,0.1071929948749394,0.030486074170612644,0.862320930954448,1.0,0.2266641142652718,1.0,0.0,cartpole_sensor_noise
cartpole,pg,19,359,-0.013068612349476143,0.027407251675128974,0.02967476004488545,-0.04958720420016575,2,stabilize,0.09317996484186152,0.030777810615579604,0.8760422245425589,1.0,0.25857149146379427,1.0,0.0,cartpole_sensor_noise
cartpole,pg,19,360,0.07981515345315444,0.12555263434233582,0.18492026204964102,-0.20610602165203662,2,stabilize,0.08976978450758355,0.032926611955774565,0.8773036035366419,1.0,0.27302848398094354,1.0,0.0,cartpole_sensor_noise
cartpole,pg,19,361,-0.08534809409054686,0.10990199620151156,0.03543003556356501,-0.04902838340687753,2,stabilize,0.09570451705169788,0.03056130468253283,0.8737341782657694,1.0,0.23533828566686,1.0,0.0,cartpole_sensor_noise
cartpole,pg,19,362,0.1283909564279689,0.061968044999229505,0.06096653229691092,0.03312969982773191,2,stabilize,0.08780925262837047,0.03476575087920571,0.8774249964924239,1.0,0.17454497936955835,1.0,0.0,cartpole_sensor_noise
cartpole,pg,19,363,0.02894853642887709,-0.01834080295975936,0.0833641885226115,-0.08360071121814389,2,stabilize,0.09387145388157307,0.030683517314422544,0.8754450288040044,1.0,0.24619726670787553,1.0,0.0,cartpole_sensor_noise
cartpole,pg,19,364,0.0978301539771659,0.21289660515989653,0.12634603081841272,-0.10705788959327332,2,stabilize,0.08591685622295935,0.03539744646651147,0.8786856973105293,1.0,0.26846006963057983,1.0,0.0,cartpole_sensor_noise
cartpole,pg,19,365,0.12713280755162606,-0.013290804740152526,0.01999099310641128,-0.01356978855609908,2,stabilize,0.08666859800502709,0.03334395215001464,0.8799874498449584,1.0,0.1326462314105681,1.0,0.0,cartpole_sensor_noise
cartpole,pg,19,366,0.06988588136423039,0.07092434589814806,0.09978687696953853,-0.0428654788704014,1,push_right,0.0909055485449054,0.03293979068307669,0.8761546607720179,1.0,0.1007502449772494,1.0,0.0,cartpole_sensor_noise
cartpole,pg,19,367,-0.0069701608643790505,0.10070522104896601,0.04363977939361437,-0.05716105668247372,2,stabilize,0.09141563519865374,0.031814004075562036,0.8767703607257842,1.0,0.15701861713826984,1.0,0.0,cartpole_sensor_noise
cartpole,pg,19,368,0.08782321591987086,0.16711759043101884,0.08260435447313216,-0.15585361429341107,2,stabilize,0.08435092965228917,0.03414558972879542,0.8815034806189154,1.0,0.15027389467510274,1.0,0.0,cartpole_sensor_noise
cartpole,pg,19,369,0.08095426385041757,0.09931452939877133,-0.02565455687977662,-0.07700049802251294,0,push_left,0.08292628091326264,0.03366989939420494,0.8834038196925323,1.0,0.21046129926974314,1.0,0.0,cartpole_sensor_noise
cartpole,pg,19,370,-0.005737866287130029,0.10919349329406283,0.1258470096583182,0.04016653860204991,2,stabilize,0.09801937788473067,0.032537029197083324,0.869443592918186,1.0,0.09615707827095904,1.0,0.0,cartpole_sensor_noise
cartpole,pg,19,371,-0.0048808102090909244,0.13476121871878669,0.07035980624516082,-0.0340824400473515,2,stabilize,0.09235794878195054,0.03246032521902989,0.8751817259990196,1.0,0.08160653890538605,1.0,0.0,cartpole_sensor_noise
cartpole,pg,19,372,0.020271601042087403,0.20701834242573036,0.07706270950076456,-0.06166798992248247,2,stabilize,0.08887680822037683,0.03392977735584925,0.877193414423774,1.0,0.19271609872883408,1.0,0.0,cartpole_sensor_noise
cartpole,pg,19,373,0.12952127093162188,0.08144187333808979,-0.003731963531894089,-0.0077534690647757505,2,stabilize,0.0833038557709934,0.034943980798096505,0.88175216343091,1.0,0.1381073176902301,1.0,0.0,cartpole_sensor_noise
cartpole,pg,19,374,0.047426952903935796,0.023861148943915552,-0.015770867485258792,0.08644673856240036,0,push_left,0.09097685735734778,0.03302658019742525,0.875996562445227,1.0,0.1559280847060186,1.0,0.0,cartpole_sensor_noise
cartpole,pg,19,375,0.06686309420272399,-0.05825744065067366,0.10471898845928086,0.13816265360758118,2,push_left,0.09991925440197812,0.032507304199114316,0.8675734413989075,1.0,0.22578216146174176,1.0,0.0,cartpole_sensor_noise
cartpole,pg,19,376,-0.024836088290047437,-0.17708552571292158,0.059029626535248014,0.30052401838352577,1,push_right,0.11315018653030295,0.030956359565564476,0.8558934539041325,1.0,0.2519315952011674,1.0,0.0,cartpole_sensor_noise
cartpole,pg,19,377,0.16492914925330143,-0.06862860004546448,0.18143112850553555,0.2738097736646003,2,stabilize,0.10295843524612405,0.03588954669445043,0.8611520180594255,1.0,0.37957422038950017,1.0,0.0,cartpole_sensor_noise
cartpole,pg,19,378,0.02748868736320846,0.10087373323857377,0.27463629459811967,-0.022447655347155204,2,stabilize,0.10303610880495226,0.032597527556119756,0.8643663636389279,1.0,0.13723154012960526,1.0,0.0,cartpole_sensor_noise
cartpole,pg,19,379,-0.029744852604557295,0.10219741147807457,0.32093849186741524,0.09335895894173216,2,stabilize,0.1135980032488193,0.032460459936665506,0.8539415368145152,1.0,0.14682801208755397,1.0,0.0,cartpole_sensor_noise
cartpole,pg,19,380,-0.0692762280360246,0.08672458889746072,0.25425002646806194,-0.030370487166085626,2,stabilize,0.10846076872597493,0.03055491633498071,0.8609843149390445,1.0,0.15437024176830177,1.0,0.0,cartpole_sensor_noise
cartpole,pg,19,381,0.05989293751041246,0.09070093060743604,0.20103686277705995,0.03518899828217893,2,stabilize,0.09852601597332133,0.033524818835972595,0.867949165190706,1.0,0.21947857642243146,1.0,0.0,cartpole_sensor_noise
cartpole,pg,19,382,0.09942692193628533,0.15447476497393045,0.20198491887968778,-0.17106305340132102,2,stabilize,0.08958698191457826,0.03397867256322785,0.8764343455221939,1.0,0.26701052775405787,1.0,0.0,cartpole_sensor_noise
cartpole,pg,19,383,0.056781068718573455,0.10029275557955798,0.1835273773397077,0.08622974119876481,2,stabilize,0.0989604060331679,0.03404825483948467,0.8669913391273475,1.0,0.21747367281021115,1.0,0.0,cartpole_sensor_noise
cartpole,pg,19,384,0.06041896328411516,0.2464885648427,0.185736468284927,-0.07471580661099453,2,stabilize,0.09095416910838158,0.035306129108048076,0.8737397017835703,1.0,0.14486027541223181,1.0,0.0,cartpole_sensor_noise
cartpole,pg,19,385,0.11151286827417453,0.1239985352836904,0.12821104527084232,-0.08252161413219378,2,stabilize,0.08780782998657972,0.03436531413563233,0.8778268558777879,1.0,0.0937080920084362,1.0,0.0,cartpole_sensor_noise
cartpole,pg,19,386,0.040930267383103874,0.16635061580577268,0.15540237000042617,-0.0469374028269708,2,stabilize,0.09300508022212675,0.03371481662119319,0.8732801031566799,1.0,0.07095879484057334,1.0,0.0,cartpole_sensor_noise
cartpole,pg,19,387,0.048551620379671756,0.13515113160772219,0.2168504151452641,-0.03184450789651293,2,stabilize,0.09710400991512892,0.03346305130535431,0.8694329387795168,1.0,0.11139383584228296,1.0,0.0,cartpole_sensor_noise
cartpole,pg,19,388,0.14225832128706425,0.09723237061459333,0.20359244222927986,-0.07672250459439336,2,stabilize,0.09077159661506087,0.03460680955160896,0.87462159383333,1.0,0.23450206826622416,1.0,0.0,cartpole_sensor_noise
cartpole,pg,19,389,0.15110153310784885,0.20400996881650252,0.1703615676414163,-0.2826527625027127,2,stabilize,0.08219887470927442,0.035464019623525196,0.8823371056672005,1.0,0.33577206033918633,1.0,0.0,cartpole_sensor_noise
cartpole,pg,19,390,0.10043239587092158,0.12939501601149,0.20378867026899705,0.03904702404356177,2,stabilize,0.09533391450326456,0.03507695755209764,0.8695891279446378,1.0,0.13430437431558892,1.0,0.0,cartpole_sensor_noise
cartpole,pg,19,391,0.16341698778481803,0.18103211635900573,0.18064274008071468,0.1432990356556237,2,stabilize,0.09221276815632361,0.03863907468405125,0.8691481571596252,1.0,0.31800042865117223,1.0,0.0,cartpole_sensor_noise
cartpole,pg,19,392,0.05599731926504104,0.14819347456483828,0.1334615593245896,-0.15043698056472798,2,stabilize,0.08905937354189565,0.033108928246703015,0.8778316982114014,1.0,0.20327378699126944,1.0,0.0,cartpole_sensor_noise
cartpole,pg,19,393,0.02400938736689713,0.10831282912577793,0.11588657784273561,0.045516225165436394,2,stabilize,0.09580931470427576,0.033181469804853904,0.8710092154908704,1.0,0.07265719806436632,1.0,0.0,cartpole_sensor_noise
cartpole,pg,19,394,0.03263237370166244,0.07918312318823127,0.17647068868261723,0.019329620135994215,2,stabilize,0.09867552601463643,0.03266939427746235,0.8686550797079012,1.0,0.22966979972041168,1.0,0.0,cartpole_sensor_noise
cartpole,pg,19,395,0.16537205047251752,0.18565748110303118,0.19373525477870754,-0.1339464085786347,2,stabilize,0.0857268167261267,0.03629443696153461,0.8779787463123389,1.0,0.1900590589797405,1.0,0.0,cartpole_sensor_noise
cartpole,pg,19,396,0.14549327894430825,0.15411894480941646,0.1040382404971002,0.02941529654289982,2,stabilize,0.0867626827553545,0.036621522849785204,0.8766157943948603,1.0,0.11673182094364659,1.0,0.0,cartpole_sensor_noise
cartpole,pg,19,397,0.10678093262609428,0.14428407856788716,0.061600666401593514,-0.0717281657977668,2,stabilize,0.08463181331341213,0.034782691550630754,0.8805854951359571,1.0,0.13880623458887775,1.0,0.0,cartpole_sensor_noise
cartpole,pg,19,398,0.1701302557092191,0.15549715244646894,0.0809720459605579,0.04973397091087355,2,stabilize,0.08484304935053026,0.03752229053206114,0.8776346601174086,1.0,0.14034700928705676,1.0,0.0,cartpole_sensor_noise
cartpole,pg,19,399,0.15385918090431053,0.026771264164271655,0.10254764350930934,0.09868981241000256,2,stabilize,0.09108022640366775,0.035319831822383414,0.8735999417739487,1.0,0.17496498485524653,1.0,0.0,cartpole_sensor_noise
cartpole,pg,19,400,0.09980396223932031,0.1359993790088268,0.09161260763407292,-0.02637186508709765,2,push_left,0.08765418418060027,0.03475699125706814,0.8775888245623316,1.0,0.23815210319707306,1.0,0.0,cartpole_sensor_noise
cartpole,pg,19,401,0.08782615136964583,0.012750823110886586,0.13395158381936792,0.172600899050643,2,stabilize,0.09928390397023724,0.034247817647557466,0.8664682783822052,1.0,0.24737862001035926,0.0,0.0,none
cartpole,pg,19,402,0.14331355690956116,0.15729600191116333,0.08271687924150636,-0.013407234634671892,0,push_left,0.08475222720237598,0.036294912747762635,0.8789528600498614,1.0,0.1073804788451234,0.0,0.0,none
cartpole,pg,19,403,0.14724596093098324,0.09217397371927898,0.07823713319398339,0.0717641030039106,2,stabilize,0.08789879637950335,0.03602408780920281,0.8760771158112939,1.0,0.10745331275540981,0.0,0.0,none
cartpole,pg,19,404,0.14955031375090283,0.15713533759117126,0.10221559100902167,-0.010369685079370226,2,stabilize,0.08543052235051826,0.03643554921606978,0.8781339284334119,1.0,0.10447191221079825,0.0,0.0,none
cartpole,pg,19,405,0.15347869445880255,0.22207148869832358,0.09875077763150017,-0.09204121998378209,2,stabilize,0.08191640972796754,0.037093968889446785,0.8809896213825856,1.0,0.11191080923985888,0.0,0.0,none
cartpole,pg,19,406,0.159030482172966,0.15693469842274985,0.06799715035428296,-0.0065741512392248425,2,stabilize,0.08342754124927432,0.036779157147503426,0.8797933016032222,1.0,0.10497492027872586,0.0,0.0,none
cartpole,pg,19,407,0.16295384615659714,0.22190630435943604,0.06580053604161255,-0.08890401465552193,2,stabilize,0.08004998934230755,0.03743492228027526,0.8825150883774172,1.0,0.11114192740320908,0.0,0.0,none
cartpole,pg,19,408,0.16850149879852933,0.1568010946114858,0.03609513788348451,-0.004047355747648648,2,stabilize,0.0815696358688349,0.037129252549280505,0.8813011115818846,1.0,0.1054593200235898,0.0,0.0,none
cartpole,pg,19,409,0.1724215348561605,0.2218053142229716,0.03474279971424321,-0.08698663541248866,2,stabilize,0.07830434331171032,0.03778398581034257,0.883911670877947,1.0,0.11051186162911147,0.0,0.0,none
cartpole,pg,19,410,0.17796666671832403,0.15673035383224487,0.005678052020421461,-0.002709633537701198,2,stabilize,0.07981146730714754,0.037485955329408516,0.8827025773634439,1.0,0.10610397730299491,0.0,0.0,none
cartpole,pg,19,411,0.18188492705424628,0.09168402353922527,0.004772685339278708,0.08102122374943324,2,stabilize,0.0828889033002924,0.03719884713016903,0.8799122495695385,1.0,0.1092961165932394,0.0,0.0,none
cartpole,pg,19,412,0.18417702366908392,0.15671991308530173,0.031844217125726486,-0.002512318215199879,2,stabilize,0.08065115511375243,0.03757086949015111,0.8817779753960965,1.0,0.10552021322448776,0.0,0.0,none
cartpole,pg,19,413,0.18809502323468527,0.2217284639676412,0.03100477763605004,-0.08553248643875122,0,push_left,0.07745157503419989,0.038231688142982355,0.8843167368228178,1.0,0.11032936394989698,0.0,0.0,none
cartpole,pg,19,414,0.19363823036352795,0.15665714939435324,0.0024259049858817907,-0.0013255184250218527,2,stabilize,0.07895712455681952,0.03793319053035162,0.8831096849128288,1.0,0.10605056263635285,0.0,0.0,none
cartpole,pg,19,415,0.19755466530720395,0.09161406755447388,0.001983011090296692,0.08234397854123797,2,stabilize,0.08201434679707117,0.03764144992862954,0.8803442032742993,1.0,0.10944829699519144,0.0,0.0,none
cartpole,pg,19,416,0.19984501103560132,0.15665274858474731,0.02949651295145827,-0.0012422716245055199,2,stabilize,0.07982434181432475,0.03801440221064279,0.8821612559750324,1.0,0.10555421907883561,0.0,0.0,none
cartpole,pg,19,417,0.20376133422056836,0.22166367371877035,0.029081432037677858,-0.08430708306176322,2,stabilize,0.07668321855915591,0.038681993723259554,0.8846347877175845,1.0,0.11019527681112902,0.0,0.0,none
cartpole,pg,19,418,0.20930292705694836,0.15659424662590027,0.000912003396390126,-0.00013616927234189852,2,stabilize,0.07818515719867229,0.0383824700212042,0.8834323727801235,1.0,0.10599781926849366,0.0,0.0,none
cartpole,pg,19,419,0.21321778496106467,0.2216339906056722,0.0008665053573990494,-0.08374263559068952,2,stabilize,0.07512790470408992,0.03905124071507473,0.8858208545808354,1.0,0.10972549973003233,0.0,0.0,none
cartpole,pg,19,420,0.21875863273938498,0.15659246842066446,-0.027114327614660195,-0.0001025873186465885,2,stabilize,0.07659674722961668,0.03875783456653287,0.8846454182038505,1.0,0.10559046328496999,0.0,0.0,none
cartpole,pg,19,421,0.222673440972964,0.09157912929852803,-0.027148606509041388,0.08300748893192836,2,stabilize,0.07954640984299689,0.03845378238069001,0.881999807776313,1.0,0.1099404689786661,0.0,0.0,none
cartpole,pg,19,422,0.2249629298845927,0.15664665897687277,0.0005865945794168406,-0.0011271660083106586,2,stabilize,0.07742631264950346,0.038819081733779175,0.8837546056167173,1.0,0.10602176468720473,0.0,0.0,none
cartpole,pg,19,423,0.22887907922267914,0.09160542488098145,0.00020997585361458914,0.08250760180609566,2,stabilize,0.08040953759050264,0.03851864771331469,0.8810718146961827,1.0,0.10948865822011838,0.0,0.0,none
cartpole,pg,19,424,0.23116921385129294,0.15664586424827576,0.027778149451304735,-0.0011121244169771671,2,stabilize,0.07828193216342957,0.038900856468600024,0.8828172113679703,1.0,0.10558081741418437,0.0,0.0,none
cartpole,pg,19,425,0.2350853631893794,0.22165852785110474,0.027406556189486977,-0.08420958689280919,2,stabilize,0.07522420707770179,0.039587718370966536,0.8851880745513316,1.0,0.11016197045810326,0.0,0.0,none
cartpole,pg,19,426,0.2406268318494161,0.15659074982007345,-0.0007302994308615357,-7.009867113083601e-05,2,stabilize,0.07668313333730428,0.03928564649857683,0.884031220164119,1.0,0.10600062013218743,0.0,0.0,none
cartpole,pg,19,427,0.2445415904124578,0.09155083696047465,-0.0007537214156586971,0.08353980098451887,2,stabilize,0.0796455053737336,0.038980466063987314,0.881374028562279,1.0,0.10959042804048655,0.0,0.0,none
cartpole,pg,19,428,0.24683035910129547,0.15659223000208536,0.027159337834555097,-9.811966447159648e-05,0,push_left,0.07755961318962117,0.039365220137326754,0.8830751666730521,1.0,0.10643232024430672,0.0,0.0,none
cartpole,pg,19,429,0.2507451673348745,0.09152454137802124,0.02712655483538325,0.08403693778174263,2,stabilize,0.08057370357616442,0.03906343311413009,0.8803628633097056,1.0,0.10921405189416573,0.0,0.0,none
cartpole,pg,19,430,0.2530332903067271,0.15653802951176962,0.05520572152371054,0.0009268879491303648,2,stabilize,0.07849225712768805,0.03946360434521556,0.8820441385270965,1.0,0.10515231212804459,0.0,0.0,none
cartpole,pg,19,431,0.25694673260053,0.2215227484703064,0.05551542295476417,-0.08164783035005842,2,stabilize,0.07546547555281205,0.04016261423785283,0.884371910209335,1.0,0.11036536518131836,0.0,0.0,none
cartpole,pg,19,432,0.2624847988287608,0.15642746289571127,0.02823452418558922,0.0030173928077731815,2,stabilize,0.07696526804035918,0.03985092976020368,0.8831838021994372,1.0,0.10557767480432033,0.0,0.0,none
cartpole,pg,19,433,0.26639548440774286,0.22143967946370444,0.02924272199305828,-0.08007139819008964,2,stabilize,0.0740277680362838,0.040548626152780216,0.885423605810936,1.0,0.10984416660581964,0.0,0.0,none
cartpole,pg,19,434,0.27193148930867517,0.15637007355690002,0.0024885550443625396,0.004102555768830436,2,stabilize,0.07551194424833282,0.04024208951628603,0.8842459662353812,1.0,0.10598200060567917,0.0,0.0,none
cartpole,pg,19,435,0.27584073444207513,0.22140822807947794,0.003859337401489654,-0.0794741255896432,2,stabilize,0.07264866680996995,0.040940561393290754,0.8864107717967393,1.0,0.10941516829488036,0.0,0.0,none
cartpole,pg,19,436,0.2813759446144104,0.1563637355963389,-0.022695264234463185,0.00422239543071815,2,stabilize,0.07410262981720858,0.04063879554389993,0.8852585746388915,1.0,0.10566848304114737,0.0,0.0,none
cartpole,pg,19,437,0.2852850407361984,0.09134592612584432,-0.021284439452081423,0.08741639341626849,0,push_left,0.07699337772179332,0.040316023422539864,0.8826905988556668,1.0,0.1095973863601738,0.0,0.0,none
cartpole,pg,19,438,0.28756869335969293,0.026326547066370647,0.007923902512521334,0.17063733509608678,1,push_right,0.08151554064355847,0.03997993810834051,0.8785045212481011,1.0,0.12020125296077123,0.0,0.0,none
cartpole,pg,19,439,0.2882268528143565,0.09135944644610088,0.06493876703741443,0.08716317585536412,2,stabilize,0.08054547199062284,0.0400785859693265,0.8793759420400508,1.0,0.10891797415400384,0.0,0.0,none
cartpole,pg,19,440,0.2905108282963435,0.1563345988591512,0.09406250423633968,0.004774183567081179,2,stabilize,0.0785539531900908,0.040506112452529545,0.8809399343573797,1.0,0.10455419732834499,0.0,0.0,none
cartpole,pg,19,441,0.2944192041953405,0.22127922375996908,0.09565769310213786,-0.07705463681902204,2,stabilize,0.0755986430408319,0.041226571778215836,0.8831747851809523,1.0,0.1105930278642926,0.0,0.0,none
cartpole,pg,19,442,0.2999511857827505,0.15614518523216248,0.06991151391321833,0.008355586656502314,2,stabilize,0.07716591403442125,0.04090097049631193,0.8819331154692668,1.0,0.10495832008678496,0.0,0.0,none
cartpole,pg,19,443,0.3038548181454341,0.22111481428146362,0.07270335671014035,-0.07393756934574672,2,stabilize,0.0743105133835871,0.04161676021160939,0.8840727264048035,1.0,0.11001328529574952,0.0,0.0,none
cartpole,pg,19,444,0.30938267707824707,0.15600279966990152,0.047998680668685206,0.011047548481396266,0,push_left,0.07588912677412715,0.041295133241130925,0.8828157399847418,1.0,0.1068168608444163,0.0,0.0,none
cartpole,pg,19,445,0.3132827579975128,0.09091456731160481,0.05168998547271783,0.09557285479136876,0,push_left,0.07900319578649838,0.04097848294575986,0.8800183212677417,1.0,0.11143573052557361,0.0,0.0,none
cartpole,pg,19,446,0.3155556072791418,0.02582310140132904,0.0836236362383303,0.18016658510480607,2,stabilize,0.083867911761946,0.04067614127602005,0.8754559469620339,1.0,0.12071947456340527,0.0,0.0,none
cartpole,pg,19,447,0.31620120008786523,0.0907808244228363,0.14382249593450233,0.09813387053353446,2,stabilize,0.08312748392363307,0.040832275646307786,0.8760402404300591,1.0,0.10876942544109151,0.0,0.0,none
cartpole,pg,19,448,0.3184707214434942,0.15567436814308167,0.17661185210530683,0.017267788095133647,0,push_left,0.08130258325919641,0.041296244714642445,0.8774011720261612,1.0,0.10886306850104527,0.0,0.0,none
cartpole,pg,19,449,0.32236258188883465,0.09046357870101929,0.1823815177050297,0.10416016408375331,2,stabilize,0.08485518148390404,0.041009243542276,0.87413557497382,1.0,0.10881312561048812,0.0,0.0,none
cartpole,pg,19,450,0.3246241559584936,0.15531647205352783,0.21718444218214486,0.024047491805894033,2,stabilize,0.08311855756035601,0.04149072015945944,0.8753907222801846,1.0,0.10290183876171806,0.0,0.0,none
cartpole,pg,19,451,0.32850707570711773,0.22013020515441895,0.22521940435600737,-0.05537750891276768,0,push_left,0.08029808333948533,0.04222600855596886,0.8774759081045458,1.0,0.1110583211434495,0.0,0.0,none
cartpole,pg,19,452,0.33401032288869226,0.15487552682558695,0.20671618084349894,0.03238992605890546,2,stabilize,0.08236974307836452,0.04187999903876457,0.875750257882871,1.0,0.10332303473774794,0.0,0.0,none
cartpole,pg,19,453,0.33788221577803296,0.21970069408416748,0.21753858481500485,-0.047241921935762675,2,stabilize,0.0796930681795575,0.042606123862870555,0.877700807957572,1.0,0.1038625024935359,0.0,0.0,none
cartpole,pg,19,454,0.3433747341235479,0.2845143477121989,0.2017537029660118,-0.12666030441011703,2,stabilize,0.07605934748999654,0.04358378018826476,0.8803568723217388,1.0,0.11715633504435981,0.0,0.0,none
cartpole,pg,19,455,0.3504876047372818,0.2192831039428711,0.1594328225939257,-0.03931706292288644,2,stabilize,0.07668870267671778,0.043191240061154636,0.8801200572621276,1.0,0.10931195104869652,0.0,0.0,none
cartpole,pg,19,456,0.3559696674346924,0.15408841768900552,0.1462958664199902,0.0472630900996072,2,stabilize,0.07890371961409826,0.04285637829674303,0.8782399020891587,1.0,0.1049108743362081,0.0,0.0,none
cartpole,pg,19,457,0.35982189079125726,0.21897846460342407,0.16208782543145955,-0.0335536641733987,2,stabilize,0.07652644570818931,0.04355038719734709,0.8799231670944636,1.0,0.10414306105726502,0.0,0.0,none
cartpole,pg,19,458,0.365296353896459,0.2838515837987264,0.15087658650550753,-0.11406201124191284,2,stabilize,0.07323501310199122,0.04452834185102721,0.8822366450469815,1.0,0.11498169981489015,0.0,0.0,none
cartpole,pg,19,459,0.3723926345507304,0.21866633494695029,0.11276516858888412,-0.027639576366969516,2,stabilize,0.07402870651642184,0.044164223539376386,0.8818070699442019,1.0,0.10820714304005874,0.0,0.0,none
cartpole,pg,19,460,0.37785929938157403,0.1535155177116394,0.10352998722993674,0.058086637939725606,1,push_right,0.07632083954072078,0.04382829300200622,0.879850867457273,1.0,0.10617970485889065,0.0,0.0,none
cartpole,pg,19,461,0.38169716795285547,0.21845056613286337,0.12293841183043323,-0.023559874721935818,2,stabilize,0.0741523989778138,0.044496517602715585,0.8813510834194707,1.0,0.10445377079585987,0.0,0.0,none
cartpole,pg,19,462,0.38715844353040063,0.28336505095163983,0.11506637553895573,-0.10483044385910034,2,stabilize,0.07110355007255395,0.045474887337895134,0.883421562589551,1.0,0.1134807421203779,0.0,0.0,none
cartpole,pg,19,463,0.39424257973829907,0.21821304162343344,0.08003949798945881,-0.01906315769468035,2,stabilize,0.07200006703199129,0.045126197607641284,0.8828737353603674,1.0,0.10502491245364438,0.0,0.0,none
cartpole,pg,19,464,0.3996978948513667,0.28317222992579144,0.07366994506988435,-0.10116190569741386,2,stabilize,0.06910707625939334,0.046105059701930975,0.8847878640386757,1.0,0.11250666115406452,0.0,0.0,none
cartpole,pg,19,465,0.40677718818187714,0.2180595596631368,0.03986883028310353,-0.01615921620811735,2,stabilize,0.07002007590992133,0.04577178461452435,0.8842081394755543,1.0,0.1068323736913752,0.0,0.0,none
cartpole,pg,19,466,0.4122286786635717,0.15297933419545492,0.034469568786302446,0.0682140588760376,0,push_left,0.07229867807986118,0.04542179592582334,0.8822795259943156,1.0,0.10895233942150354,0.0,0.0,none
cartpole,pg,19,467,0.4160531610250473,0.08790454268455505,0.05726185505031686,0.15248605183192662,2,stabilize,0.0760968403330787,0.04505171056868604,0.8788514490982353,1.0,0.11677305533995333,0.0,0.0,none
cartpole,pg,19,468,0.41825080911318463,0.15288827816645303,0.10821185028069344,0.06994921820504325,0,push_left,0.07508754607876457,0.045370154568179256,0.8795422993530561,1.0,0.11017899261626612,0.0,0.0,none
cartpole,pg,19,469,0.42207300662994385,0.08774217963218689,0.1315839037405847,0.1555911132267543,2,stabilize,0.07914444377671719,0.045038335917585146,0.8758172203056976,1.0,0.11618414377168526,0.0,0.0,none
cartpole,pg,19,470,0.42426655689875287,0.15265016754468283,0.18357138787362912,0.07448502097811018,2,stabilize,0.07822572749268493,0.04542265657605826,0.8763516159312568,1.0,0.10608353624819922,0.0,0.0,none
cartpole,pg,19,471,0.42808279395103455,0.2175009846687317,0.2084589765578295,-0.005603258098874774,2,stabilize,0.07628595434075339,0.04612651029924728,0.8775875353599993,1.0,0.10281452595558829,0.0,0.0,none
cartpole,pg,19,472,0.4335203270117442,0.28232409556706745,0.20658676479198484,-0.0852004885673523,2,stabilize,0.0733928312996522,0.047118436606876375,0.8794887320934713,1.0,0.11296235585692868,0.0,0.0,none
cartpole,pg,19,473,0.4405784110228221,0.21708699067433676,0.17811882538556484,0.0022316214495471547,2,stabilize,0.07462179756050363,0.04673666541954941,0.878641537019947,1.0,0.10328308975985316,0.0,0.0,none
cartpole,pg,19,474,0.44600561261177063,0.28194280465443927,0.17886447024516103,-0.07796257734298706,2,stabilize,0.07189631715532724,0.04772061178304194,0.8803830710616309,1.0,0.11197344796672586,0.0,0.0,none
cartpole,pg,19,475,0.45305415987968445,0.21673079331715903,0.1528149288423306,0.008969499596527644,2,stabilize,0.07320093607791402,0.04734821546425863,0.8794508484578273,1.0,0.10372504916425107,0.0,0.0,none
cartpole,pg,19,476,0.45847242077191674,0.28161364793777466,0.1558118937692665,-0.07171979120799474,2,stabilize,0.07061526751434344,0.048324788479593574,0.8810599440060629,1.0,0.11116778372440529,0.0,0.0,none
cartpole,pg,19,477,0.46551277240117395,0.21642281611760458,0.13184824820634575,0.014793841966560908,1,push_right,0.07197928852362503,0.04795807538324669,0.8800626360931284,1.0,0.10413064768995837,0.0,0.0,none
cartpole,pg,19,478,0.4709233343601227,0.28132788340250653,0.13679129055974593,-0.06630373001098633,2,stabilize,0.0695116350776904,0.04892825402475796,0.8815601108975516,1.0,0.11051010321279602,0.0,0.0,none
cartpole,pg,19,479,0.47795653343200684,0.21615473429361978,0.1146373003365601,0.019862843411309377,2,stabilize,0.07092289014921753,0.04856451090548337,0.8805125989452991,1.0,0.10449564005517602,0.0,0.0,none
cartpole,pg,19,480,0.4833604395389557,0.28107790152231854,0.12127405170324594,-0.06156855395862034,2,stabilize,0.06855606523412654,0.04952953221831183,0.8819144025475617,1.0,0.10997263398962547,0.0,0.0,none
cartpole,pg,19,481,0.4903873801231384,0.21591931581497192,0.10070222516617514,0.024313696793147495,2,stabilize,0.07000552068407961,0.049166755056090666,0.8808277242598298,1.0,0.1048192190294686,0.0,0.0,none
cartpole,pg,19,482,0.4957853754361471,0.2808570663134257,0.10882613198000378,-0.05738710505621774,2,stabilize,0.06772594281191653,0.05012789360030847,0.882146163587775,1.0,0.10953347050563865,0.0,0.0,none
cartpole,pg,19,483,0.5028067529201508,0.2157102425893148,0.08965144045028596,0.02826628940446036,0,push_left,0.06920698176586897,0.04976462067663573,0.8810283975574954,1.0,0.10787058825551425,0.0,0.0,none
cartpole,pg,19,484,0.5081995328267416,0.15058156847953796,0.09909602046581897,0.11356598138809204,2,stabilize,0.07210595395758357,0.049382537954623065,0.8785115080877934,1.0,0.11113780051264523,0.0,0.0,none
cartpole,pg,19,485,0.5119640628496807,0.215522030989329,0.13704170297324517,0.031832875949995856,2,stabilize,0.07078365401480245,0.04999541878812457,0.8792209271970731,1.0,0.10447295330920033,0.0,0.0,none
cartpole,pg,19,486,0.5173521240552267,0.2804216941197713,0.14767798468435012,-0.04916385241917202,0,push_left,0.06858225734278268,0.050968530508617396,0.8804492121486,1.0,0.1096674316930044,0.0,0.0,none
cartpole,pg,19,487,0.5243626733620962,0.21523811419804892,0.1312509214678926,0.03720194101333618,2,stabilize,0.0702084467321602,0.05059521478822741,0.8791963384796124,1.0,0.10476142604376734,0.0,0.0,none
cartpole,pg,19,488,0.5297436316808065,0.280143936475118,0.14368115717585161,-0.04390739968844822,2,stabilize,0.06809280817358014,0.051564285134858,0.8803429066915619,1.0,0.10935796522693568,0.0,0.0,none
cartpole,pg,19,489,0.5367472271124523,0.21496403217315674,0.12901043052605057,0.04238549726349967,2,stabilize,0.06977639838088759,0.05118878515092946,0.879034816468183,1.0,0.10501581971973546,0.0,0.0,none
cartpole,pg,19,490,0.5421213308970134,0.27987225850423175,0.14317265060465775,-0.038767414433615546,2,stabilize,0.06773962483994315,0.052155106251044275,0.8801052689090124,1.0,0.10913285871278267,0.0,0.0,none
cartpole,pg,19,491,0.5491181214650472,0.21469277143478394,0.13021933612789346,0.04751625657081604,2,stabilize,0.0694828790974571,0.05177668029730428,0.8787404406052387,1.0,0.10524157537511174,0.0,0.0,none
cartpole,pg,19,492,0.5544854203859966,0.27959978580474854,0.14609589212549615,-0.03361324327332633,2,stabilize,0.06752038431384517,0.052741521998800694,0.879738093687354,1.0,0.10448767998271545,0.0,0.0,none
cartpole,pg,19,493,0.5614754557609558,0.34448989232381183,0.13486473756644493,-0.11443372283663068,2,stabilize,0.06477916830157311,0.054068258502845336,0.8811525731955815,1.0,0.11489863932835113,0.0,0.0,none
cartpole,pg,19,494,0.5700876812140148,0.27931952476501465,0.09662912256108833,-0.02830365938799722,2,stabilize,0.06529250732660333,0.053707367217794205,0.8810001254556024,1.0,0.10806885747707838,0.0,0.0,none
cartpole,pg,19,495,0.5770706633726757,0.2141841451327006,0.08717205082033017,0.05712503620556423,1,push_right,0.06707971895727516,0.05332091118895565,0.8795993698537692,1.0,0.10644011827567117,0.0,0.0,none
cartpole,pg,19,496,0.5824252963066101,0.27913616100947064,0.10625917580076505,-0.024836808443069458,2,stabilize,0.06529578703334747,0.05426427665423998,0.8804399363124125,1.0,0.10483902720198227,0.0,0.0,none
cartpole,pg,19,497,0.5894036591053009,0.34406812985738117,0.09796048263376823,-0.10643028361456734,1,push_right,0.06276584112428234,0.055600804881099496,0.8816333539946181,1.0,0.11063388761658305,0.0,0.0,none
cartpole,pg,19,498,0.5980054040749868,0.4090096155802409,0.062399048153711105,-0.18818512984684535,2,stabilize,0.05962821022821632,0.057344651577654435,0.8830271381941294,1.0,0.12444229753554631,0.0,0.0,none
cartpole,pg,19,499,0.6082306305567424,0.3439091444015503,-0.00047903522673487523,-0.10339358874729701,2,stabilize,0.05913562383479494,0.057097525021341786,0.8837668511438633,0.0,0.7077154893318361,0.0,0.0,none
cartpole,pg,19,500,0.014437239927550157,-0.013933812578519186,-0.09870890145654611,-0.0005834014820201057,2,stabilize,0.0877420410309902,0.03144573677490218,0.8808122221941077,1.0,0.10439651694043245,0.0,0.0,none
cartpole,pg,19,501,0.014088894240558147,-0.07887359956900279,-0.09890383460641192,0.08115580252238683,2,stabilize,0.09159926186582029,0.03122811593155383,0.8771726222026258,1.0,0.11084750015292016,0.0,0.0,none
cartpole,pg,19,502,0.012117054623862108,-0.013736514995495478,-0.07178733538756223,-0.004314284771680832,2,stabilize,0.08900695814890662,0.03128416930815458,0.8797088725429388,1.0,0.10482957605113473,0.0,0.0,none
cartpole,pg,19,503,0.01177364184210698,-0.07870420813560486,-0.07322886269672958,0.07794289078031268,0,push_left,0.09287188153247725,0.031072648928721122,0.8760554695388015,1.0,0.10800247876633975,0.0,0.0,none
cartpole,pg,19,504,0.009806036638716858,-0.14367077747980753,-0.04718589167464036,0.16017288821084158,2,stabilize,0.0986592540113219,0.03087161179682589,0.8704691341918521,1.0,0.1193947361171352,0.0,0.0,none
cartpole,pg,19,505,0.006214266953368982,-0.07858435312906902,0.006332493949512593,0.07566406045641218,2,stabilize,0.09715098997640069,0.03073101095948873,0.8721179990641106,1.0,0.10883661079599014,0.0,0.0,none
cartpole,pg,19,506,0.004249658280362686,-0.013550023237864176,0.031614040418001234,-0.007839996367692947,2,stabilize,0.09441766705244181,0.030839515964842974,0.8747428169827153,1.0,0.10646188460865402,0.0,0.0,none
cartpole,pg,19,507,0.003910907544195652,-0.07862212260564168,0.028994472292840908,0.07637863499777657,2,stabilize,0.09851856855266478,0.03064472190551802,0.8708367095418171,1.0,0.10854967533049213,0.0,0.0,none
cartpole,pg,19,508,0.0019453543548782668,-0.013610545545816422,0.05451478241878364,-0.00669589319399425,2,stabilize,0.09577997366154971,0.030760857953214718,0.8734591683852355,1.0,0.10511419847120683,0.0,0.0,none
cartpole,pg,19,509,0.0016050908016040921,0.05137489239374796,0.05227748775823589,-0.08928382396697998,2,stabilize,0.09186032153500799,0.03108853487124015,0.8770511435937518,1.0,0.11084476212228075,0.0,0.0,none
cartpole,pg,19,510,0.00288946321234107,-0.01371718943119049,0.02244518523000021,-0.004679058811494282,1,push_right,0.09411733825843287,0.03085185734204305,0.875030804399524,1.0,0.1056027545279714,0.0,0.0,none
cartpole,pg,19,511,0.0025465335541715226,0.05130087832609812,0.020881776913538184,-0.08787780148642403,2,stabilize,0.0902873356919977,0.03117512709029213,0.8785375372177102,1.0,0.11025257457018194,0.0,0.0,none
cartpole,pg,19,512,0.0038290555433680615,-0.01376045991977056,-0.008480734500793967,-0.0038608357842479435,2,stabilize,0.09253019903742532,0.030945398713488132,0.8765244022490865,1.0,0.10581633611944832,0.0,0.0,none
cartpole,pg,19,513,0.0034850439988076687,-0.07879260182380676,-0.009770751852977816,0.07960253953933716,2,stabilize,0.09660324673636671,0.030745962027011995,0.8726507912366214,1.0,0.10939209340239545,0.0,0.0,none
cartpole,pg,19,514,0.0015152288445581994,-0.013742237041393915,0.01682675619185113,-0.0042054107678788045,2,stabilize,0.09392766110169262,0.030841059873163188,0.8752312790251442,1.0,0.10621033002649505,0.0,0.0,none
cartpole,pg,19,515,0.001171672968969991,-0.07879967987537384,0.015421607142629943,0.07973546641213554,2,stabilize,0.09807228054232395,0.030645868531429633,0.8712818509262464,1.0,0.1090237792255669,0.0,0.0,none
cartpole,pg,19,516,-0.0007983190880622715,-0.013774443417787552,0.04206352860517889,-0.003596581518650055,2,stabilize,0.09538304144056504,0.03075092065429159,0.8738660379051433,1.0,0.10529198257555303,0.0,0.0,none
cartpole,pg,19,517,-0.0011426801211200655,0.05122371514638265,0.04086180685670393,-0.08642217091151647,2,stabilize,0.09152068982916257,0.031072234928121858,0.8774070752427154,1.0,0.11042163008204876,0.0,0.0,none
cartpole,pg,19,518,0.0001379126721682648,-0.013857254137595495,0.011985665876284989,-0.0020306287333369255,2,stabilize,0.09382486854472546,0.0308390255184484,0.8753361059368262,1.0,0.10575616282289813,0.0,0.0,none
cartpole,pg,19,519,-0.000208518686122261,0.05117136240005493,0.011307174042045075,-0.08542765889848981,2,stabilize,0.09004066154808335,0.031156390569554986,0.8788029478823616,1.0,0.10989429697354897,0.0,0.0,none
cartpole,pg,19,520,0.0010707653321636221,-0.013880517333745956,-0.01723667482238681,-0.0015907841069357736,0,push_left,0.0923235701420292,0.03092925526476601,0.8767471745932047,1.0,0.10567363523804482,0.0,0.0,none
cartpole,pg,19,521,0.0007237524550873786,-0.07890384395917256,-0.017768202176170873,0.08170676231384277,2,stabilize,0.09642700280354059,0.030729393398512623,0.8728436037979468,1.0,0.10968508331604361,0.0,0.0,none
cartpole,pg,19,522,-0.0012488436186686158,-0.013845562934875488,0.009532385507958601,-0.0022517056869609015,2,stabilize,0.09377868196451147,0.030817323057267136,0.8754039949782213,1.0,0.10579480953496796,0.0,0.0,none
cartpole,pg,19,523,-0.001594982653235396,0.05118552347024282,0.008780025790372157,-0.08569518157414027,0,push_left,0.08999204199226164,0.031134539281318877,0.8788734187264196,1.0,0.10987977000613733,0.0,0.0,none
cartpole,pg,19,524,-0.00031534463535839074,-0.013863851626714071,-0.019853210036680637,-0.0019059042845453536,2,stabilize,0.09226915072262432,0.030908059907967328,0.8768227893694083,1.0,0.10563348349799863,0.0,0.0,none
cartpole,pg,19,525,-0.000661940915354838,-0.07888453702131908,-0.020490027964115143,0.08134202446256365,0,push_left,0.09636280381602497,0.030708090640545093,0.87292910554343,1.0,0.10907989129695915,0.0,0.0,none
cartpole,pg,19,526,-0.0026340543990954757,-0.14390469590822855,0.006688690937717661,0.1645780120577131,2,stabilize,0.10250587000433395,0.030538838121196624,0.8669552918744694,1.0,0.11932365147958683,0.0,0.0,none
cartpole,pg,19,527,-0.006231671820084254,-0.07887059946854909,0.06167895576265376,0.08108053888593401,0,push_left,0.10110529329758516,0.030433911801869277,0.8684607949005456,1.0,0.11028900674385707,0.0,0.0,none
cartpole,pg,19,528,-0.008203436930974325,-0.1439718802769979,0.08877030704926193,0.16586060183388845,0,push_left,0.1076418068345863,0.0303065856616183,0.8620516075037954,1.0,0.12082381720277918,0.0,0.0,none
cartpole,pg,19,529,-0.011802733254929384,-0.20909772316614786,0.14418912140167983,0.25114142894744873,2,stabilize,0.11681776044377065,0.030267532534439985,0.8529147070217894,1.0,0.13349262157325503,0.0,0.0,none
cartpole,pg,19,530,-0.01703017701705297,-0.14419813950856528,0.22810272570157109,0.1702742236001151,2,stabilize,0.11733127682042269,0.030121890578381133,0.8525468326011962,1.0,0.11715374807835846,0.0,0.0,none
cartpole,pg,19,531,-0.02063513112564882,-0.07939089337984721,0.2849962660122601,0.09105837345123291,2,stabilize,0.1163347973756568,0.030183839102158917,0.8534813635221843,1.0,0.10591110375111189,0.0,0.0,none
cartpole,pg,19,532,-0.022619902156293392,-0.014649889121452967,0.31542148538876263,0.012980649513857705,2,stabilize,0.11375110754562999,0.030395376471488367,0.8558535159828817,1.0,0.10102648007075113,0.0,0.0,none
cartpole,pg,19,533,-0.022986149415373802,0.05005518098672231,0.31975871907782727,-0.06448326366288322,2,stabilize,0.10962033247452523,0.030725649084495484,0.8596540184409793,1.0,0.1031473145347052,0.0,0.0,none
cartpole,pg,19,534,-0.02173477007697026,0.114756445089976,0.2982129914094839,-0.14186110666819982,2,stabilize,0.10410277398827804,0.031169545279467345,0.8647276807322547,1.0,0.12021716849642373,0.0,0.0,none
cartpole,pg,19,535,-0.018865858825544517,0.0494415412346522,0.2508130911426499,-0.052804103919437954,2,stabilize,0.10526313016828756,0.030792365556796274,0.8639445042749162,1.0,0.103498013126605,0.0,0.0,none
cartpole,pg,19,536,-0.017629821474353474,0.11421897013982137,0.23316972508919837,-0.1315626416887556,0,push_left,0.10016764946933723,0.03123886101944705,0.8685934895112158,1.0,0.11801170349904316,0.0,0.0,none
cartpole,pg,19,537,-0.01477434610327085,0.04895992080370585,0.18921083724015084,-0.04365654928343637,2,stabilize,0.10153593323016273,0.0309003597137001,0.8675637070561371,1.0,0.10399677044516677,0.0,0.0,none
cartpole,pg,19,538,-0.013550349200765293,0.11380412181218465,0.17462393406751903,-0.12363330807004656,2,stabilize,0.09677045079873839,0.031346383875946585,0.871883165325315,1.0,0.11623263175642355,0.0,0.0,none
cartpole,pg,19,539,-0.010705245658755302,0.04859735071659088,0.13331446556601148,-0.036779782601765225,2,stabilize,0.09827427466930624,0.03103725595560962,0.870688469375084,1.0,0.108689700004142,0.0,0.0,none
cartpole,pg,19,540,-0.009490312077105045,-0.016572879006465275,0.12102528410765892,0.04932359712464469,2,stabilize,0.1018169526100715,0.03081802193417718,0.8673650254557513,1.0,0.10534196247075507,0.0,0.0,none
cartpole,pg,19,541,-0.009904634207487106,0.048343807458877563,0.1375057194426407,-0.03198431432247162,2,stabilize,0.09859243703843742,0.031076284944077368,0.8703312780174853,1.0,0.10433879018126235,0.0,0.0,none
cartpole,pg,19,542,-0.008696038275957108,0.11324299375216167,0.12681883957619314,-0.11297202110290527,2,stabilize,0.09414791164947638,0.03151480855950206,0.8743372797910216,1.0,0.11433331833240959,0.0,0.0,none
cartpole,pg,19,543,-0.00586496355632941,0.0480801115433375,0.0890716199089633,-0.026989238602774485,2,stabilize,0.09583309991078433,0.03122907119311831,0.8729378288960973,1.0,0.10769701874593346,0.0,0.0,none
cartpole,pg,19,544,-0.004662961000576615,-0.017048009981711704,0.08005374122348777,0.05829973305974688,2,stabilize,0.09947364711197222,0.031014428273271197,0.8695119246147567,1.0,0.10648737734801596,0.0,0.0,none
cartpole,pg,19,545,-0.0050891609862446785,0.04791137079397837,0.09953336421231382,-0.02379900642803737,2,stabilize,0.09643454243561717,0.03124934974645046,0.8723161078179323,1.0,0.104692152187749,0.0,0.0,none
cartpole,pg,19,546,-0.00389137693370382,0.11285034815470378,0.0915814253339335,-0.10552236863545009,2,stabilize,0.09220985376076318,0.03168057696670858,0.8761095692725283,1.0,0.11302624137455736,0.0,0.0,none
cartpole,pg,19,547,-0.0010701181599870324,0.04772060612837473,0.0563233575132411,-0.02018798461982182,2,stabilize,0.09400730544166654,0.031409156601094904,0.8745835379572386,1.0,0.10702932228758452,0.0,0.0,none
cartpole,pg,19,548,0.00012289692676858976,-0.01737576723098755,0.04957796814618077,0.0644926769392831,2,stabilize,0.09769908239824218,0.03119500918306413,0.8711059084186937,1.0,0.10735323183931517,0.0,0.0,none
cartpole,pg,19,549,-0.00031149723023797077,0.04761489232381185,0.07112683430491883,-0.01818977722099849,2,stabilize,0.09478597115206958,0.031411513475784164,0.8738025153721463,1.0,0.10721628894697724,0.0,0.0,none
cartpole,pg,19,550,0.0008788751438260078,-0.017495902876059215,0.06504910320114692,0.06676645364080157,0,push_left,0.0985567072938754,0.03119911697236797,0.8702441757337567,1.0,0.10924652310376946,0.0,0.0,none
cartpole,pg,19,551,0.0004414775078961005,-0.08260056873162587,0.08735770186262655,0.15160936968667166,2,stabilize,0.10446425585145065,0.031045764550647593,0.8644899795979016,1.0,0.11621871756706122,0.0,0.0,none
cartpole,pg,19,552,-0.0016235366153220336,-0.017647302399079006,0.13801477725010783,0.0696492578302111,1,push_right,0.10292767187433478,0.031087948566122844,0.8659843795595424,1.0,0.10635394138967039,0.0,0.0,none
cartpole,pg,19,553,-0.0020647192529092235,0.04725179076194763,0.16128659461733835,-0.011329112308365958,2,stabilize,0.1000341562741666,0.03132984141800264,0.8686360023078308,1.0,0.10348153453563799,0.0,0.0,none
cartpole,pg,19,554,-0.0008834244605774681,0.11212563514709473,0.15750121956508883,-0.09185294594083514,2,stabilize,0.09586590808300445,0.03174716941650347,0.8723869225004921,1.0,0.1126481519523395,0.0,0.0,none
cartpole,pg,19,555,0.0019197164025778572,0.046933660904566445,0.12681049990483287,-0.005309114498751504,2,stabilize,0.09801217339773019,0.03146498426970303,0.8705228423325667,1.0,0.10397388249786552,0.0,0.0,none
cartpole,pg,19,556,0.0030930578941479325,0.11184402306874593,0.12503656823196957,-0.08650449344090053,0,push_left,0.0940144010512297,0.03187483475748924,0.874110764191281,1.0,0.11169976637725797,0.0,0.0,none
cartpole,pg,19,557,0.0058891585407157745,0.04668225347995758,0.09613292100605932,-0.0005536784883588552,2,stabilize,0.0962253612550874,0.03160328913444947,0.8721713496104632,1.0,0.10444301443892239,0.0,0.0,none
cartpole,pg,19,558,0.00705621438100934,0.11162471771240234,0.09594791900002018,-0.08234257357461112,2,stabilize,0.09236548022514014,0.03200617113877514,0.8756283486360846,1.0,0.11091902678813897,0.0,0.0,none
cartpole,pg,19,559,0.009846832447995743,0.04649047553539276,0.06843488530071368,0.003072919324040413,2,stabilize,0.09461592452086416,0.03174255693852157,0.8736415185406143,1.0,0.10488316612465383,0.0,0.0,none
cartpole,pg,19,560,0.011009094305336475,0.11146161953608195,0.06946163843241399,-0.07924854755401611,2,stabilize,0.09086780401147393,0.03213934615710879,0.8769928498314173,1.0,0.11027376306424774,0.0,0.0,none
cartpole,pg,19,561,0.013795634731650352,0.046352783838907875,0.0429824083545612,0.005676289222070149,2,stabilize,0.09313635258313555,0.0318817249177627,0.8749819224991018,1.0,0.10529365984013893,0.0,0.0,none
cartpole,pg,19,562,0.014954454575975737,0.11134999990463257,0.044879021216406176,-0.0771317822592599,2,stabilize,0.08947874832056035,0.032273546493277086,0.8782477051861626,1.0,0.10973887085038046,0.0,0.0,none
cartpole,pg,19,563,0.01773820413897435,0.04626505573590597,0.019107065063530052,0.00733493800674166,2,stabilize,0.09174673980680419,0.032020601881696725,0.8762326583114992,1.0,0.1056773613185508,0.0,0.0,none
cartpole,pg,19,564,0.018894830718636513,0.11128649115562439,0.02155787931635158,-0.07592713832855225,2,stabilize,0.08816221697730244,0.032408760921801345,0.8794290221008962,1.0,0.10929506209421352,0.0,0.0,none
cartpole,pg,19,565,0.021676993928849697,0.04622445503870646,-0.0038115704445466224,0.008102574518748693,2,stabilize,0.0904127941414853,0.03215965087795071,0.877427554980564,1.0,0.10603965387014698,0.0,0.0,none
cartpole,pg,19,566,0.022832605366905533,0.11126891771952312,-0.0011042661482561602,-0.07559307132448469,2,stabilize,0.08688699018456555,0.032545653024966446,0.880567356790468,1.0,0.10892783921846418,0.0,0.0,none
cartpole,pg,19,567,0.025614327751100063,0.0462293674548467,-0.026362094592507528,0.008009770619017738,2,stabilize,0.08910444180942668,0.03229995853573239,0.8785955996548409,1.0,0.10638792519289385,0.0,0.0,none
cartpole,pg,19,568,0.02677006336549918,0.11129627625147502,-0.02368579803119127,-0.07611032043184553,2,stabilize,0.08562535855720993,0.032685441920068545,0.8816891995227215,1.0,0.10862687807468727,0.0,0.0,none
cartpole,pg,19,569,0.029552470271786056,0.04627934594949087,-0.04911645446728408,0.007065020501613617,2,stabilize,0.0877946593148806,0.032443123603866995,0.8797622170812524,1.0,0.10520715742471286,0.0,0.0,none
cartpole,pg,19,570,0.030709452306230865,-0.018711614112059276,-0.0467558295814974,0.0897560715675354,2,stabilize,0.09167059880698655,0.03221206737060274,0.8761173338224107,1.0,0.11079909022193218,0.0,0.0,none
cartpole,pg,19,571,0.030241661394635837,0.04637508591016134,-0.01676573344730819,0.005254384130239487,0,push_left,0.08922431593294383,0.032349711158571125,0.8784259729084851,1.0,0.1056999945108609,0.0,0.0,none
cartpole,pg,19,572,0.03140104003250599,-0.01864871382713318,-0.015010091482810588,0.0885608536856515,2,stabilize,0.09315475170216532,0.032125015505802934,0.8747202327920317,1.0,0.11021961790352858,0.0,0.0,none
cartpole,pg,19,573,0.03093481995165348,0.046406825383504234,0.014580647307748157,0.004654287759746824,2,stabilize,0.0906827534726981,0.03227961420717041,0.8770376323201315,1.0,0.10573086216402536,0.0,0.0,none
cartpole,pg,19,574,0.03209499331812064,0.11143283049265544,0.01613577930056679,-0.07869359425136022,2,stabilize,0.08710842494234937,0.032676906793554394,0.8802146682640961,1.0,0.1094320199542216,0.0,0.0,none
cartpole,pg,19,575,0.03488081196943919,0.04637615382671356,-0.010158023119043905,0.005234178155660629,2,stabilize,0.08927476570421605,0.03242684410975846,0.8782983901860255,1.0,0.10611794029366592,0.0,0.0,none
cartpole,pg,19,576,0.036040215442578,0.11142695943514506,-0.008409132687530541,-0.07858113731656756,2,stabilize,0.08576042214852804,0.03282244575438322,0.8814171320970888,1.0,0.10905372428155886,0.0,0.0,none
cartpole,pg,19,577,0.038825891291101776,0.04639470080534617,-0.0346653599087549,0.004883649625948497,2,stabilize,0.08788858957029735,0.03257642419334147,0.8795349862363612,1.0,0.10541909792375465,0.0,0.0,none
cartpole,pg,19,578,0.03998575732111931,-0.018610982845226925,-0.033033591626225337,0.08785014493124825,2,stabilize,0.09173606804234076,0.03234599768090931,0.87591793427675,1.0,0.11042454525217892,0.0,0.0,none
cartpole,pg,19,579,0.03952048408488433,0.046462307373682656,-0.003680321199014819,0.0036051680466958453,0,push_left,0.0892783652227501,0.03249467750703671,0.8782269572702132,1.0,0.10589572186601519,0.0,0.0,none
cartpole,pg,19,580,0.04068204201757908,-0.01857465257247289,-0.002475730465782855,0.08715932709830147,2,stabilize,0.0931861077358964,0.03226995540616462,0.874543936857939,1.0,0.10990758713798902,0.0,0.0,none
cartpole,pg,19,581,0.040217675268650055,0.046468461553255715,0.0266467169958538,0.003488911581890924,1,push_right,0.09070928836228104,0.03243395999611327,0.8768567516416057,1.0,0.10553798440898651,0.0,0.0,none
cartpole,pg,19,582,0.04137938531736533,0.11148227254549663,0.02781246390931646,-0.07963005134037562,2,stabilize,0.08712524016791089,0.032837755108667696,0.8800370047234215,1.0,0.10968269185781443,0.0,0.0,none
cartpole,pg,19,583,0.04416644262770812,0.04641408224900564,0.0012057643330395933,0.004517077867473874,2,stabilize,0.08927278173707705,0.03258426159951194,0.878142956663411,1.0,0.10593803472332465,0.0,0.0,none
cartpole,pg,19,584,0.04532679604987304,0.11145352323849995,0.0027150506384866335,-0.0790838428906032,2,stabilize,0.08575594814610309,0.03298555363254382,0.881258498221353,1.0,0.10926177289193889,0.0,0.0,none
cartpole,pg,19,585,0.04811313313742479,0.04641016821066538,-0.023709145554637,0.004591094596045358,2,stabilize,0.08787291366840629,0.03273634277608029,0.8793907435555133,1.0,0.10558845335278215,0.0,0.0,none
cartpole,pg,19,586,0.04927338721851508,-0.01860661928852399,-0.02217512835608462,0.08776584693363734,2,stabilize,0.09171888912707789,0.03250567263839663,0.8757754382345255,1.0,0.11025541394391422,0.0,0.0,none
cartpole,pg,19,587,0.04880822263658047,0.0464559942483902,0.007149976231424507,0.0037245803645678927,2,stabilize,0.08927479618500025,0.03266056863470844,0.8780646351802913,1.0,0.1058422882413221,0.0,0.0,none
cartpole,pg,19,588,0.04996962224443754,0.11148947477340698,0.008394466024025528,-0.07976397446223668,2,stabilize,0.08575083893804153,0.0330655680609252,0.8811835930010332,1.0,0.10940232396533227,0.0,0.0,none
cartpole,pg,19,589,0.05275685961047809,0.04644047220547994,-0.018256980934689325,0.004018048888870648,2,stabilize,0.08785450603913696,0.032814704747540904,0.8793307892133222,1.0,0.10567075067905345,0.0,0.0,none
cartpole,pg,19,590,0.0539178711672624,-0.018581822514533997,-0.016914434988842944,0.0872962474822998,2,stabilize,0.09169123556245921,0.0325838625431512,0.8757249018943897,1.0,0.11013533893407913,0.0,0.0,none
cartpole,pg,19,591,0.0534533274670442,0.04647559920946757,0.012253762305067377,0.0033538551735026495,2,stabilize,0.08924825801560077,0.03274263438189533,0.878009107602504,1.0,0.10576157617422569,0.0,0.0,none
cartpole,pg,19,592,0.054615214467048645,0.11150394876797994,0.01337438230547245,-0.08003810473850795,2,stabilize,0.08572373622844788,0.033150470225890225,0.881125793545662,1.0,0.10949943861037101,0.0,0.0,none
cartpole,pg,19,593,0.05740281194448471,0.04645001391569773,-0.013368658783683344,0.0038377062550612857,2,stabilize,0.08782057524013227,0.032898078652135634,0.879281346107732,1.0,0.10616103368257976,0.0,0.0,none
cartpole,pg,19,594,0.05856406564513843,0.11150401830673218,-0.012086370964323422,-0.08003808770860944,2,stabilize,0.08435620496343876,0.03330446776018154,0.8823393272763796,1.0,0.10911662855753186,0.0,0.0,none
cartpole,pg,19,595,0.06135166312257449,0.046475435296694435,-0.0388294076080254,0.003357123849647386,2,stabilize,0.08641284431343411,0.03305646875381589,0.88053068693275,1.0,0.10534745804568085,0.0,0.0,none
cartpole,pg,19,596,0.06251355012257895,-0.018526016424099605,-0.03770769513734485,0.08624433619635445,2,stabilize,0.09015523545530026,0.032819368788976996,0.8770253957557227,1.0,0.11035272355653913,0.0,0.0,none
cartpole,pg,19,597,0.0620503971974055,0.046551868319511414,-0.008890970425595817,0.0019118135262812888,2,stabilize,0.08772364261728957,0.032971725850844374,0.879304631531866,1.0,0.10580987209089551,0.0,0.0,none
cartpole,pg,19,598,0.0632141965130965,-0.01847986380259196,-0.008252178716666659,0.0853674326624189,0,push_left,0.0915185581467644,0.032740121765131205,0.8757413200881043,1.0,0.10958968908104534,0.0,0.0,none
cartpole,pg,19,599,0.06275219842791557,-0.08351228634516399,0.020271545022654932,0.1688351971762521,2,stabilize,0.0972795072866862,0.03253667183330482,0.870183820880009,1.0,0.119764142030173,0.0,0.0,none
