env,policy,seed,t,q,mu,sigma,rho,a,action_label,p0,p1,p2,r,state_delta,intervention_active,intervention_start,intervention_name
lunarlander,random,13,0,-0.005555709358304739,0.9392181237538656,0.04652352258563042,0.061269670724868774,0,left_thruster,0.3333333333333333,0.3333333333333333,0.3333333333333333,-2.2314379883910407,0.02940985652979881,0.0,0.0,none
lunarlander,random,13,1,-0.011189937746773165,0.9374380111694336,0.059378914535045624,0.0870527122169733,0,left_thruster,0.3333333333333333,0.3333333333333333,0.3333333333333333,-2.3787172558286236,0.029543134068623737,0.0,0.0,none
lunarlander,random,13,2,-0.016890048670272034,0.9352626005808512,0.07260502874851227,0.1127556886523962,1,main_engine,0.3333333333333333,0.3333333333333333,0.3333333333333333,-0.29560063162260575,0.01736213378734141,0.0,0.0,none
lunarlander,random,13,3,-0.022519190485278767,0.9332143465677897,0.06841980665922165,0.12850513383746148,0,left_thruster,0.3333333333333333,0.3333333333333333,0.3333333333333333,-2.631990430904063,0.03146611382027031,0.0,0.0,none
lunarlander,random,13,4,-0.028213181843360267,0.9307721455891927,0.0816400870680809,0.15637903958559035,1,main_engine,0.3333333333333333,0.3333333333333333,0.3333333333333333,0.2996097879479862,0.027049703608797906,0.0,0.0,none
lunarlander,random,13,5,-0.0337982177734375,0.9288056691487631,0.06587287038564682,0.17754556238651276,0,left_thruster,0.3333333333333333,0.3333333333333333,0.3333333333333333,-2.899732498122913,0.03380988627162468,0.0,0.0,none
lunarlander,random,13,6,-0.03944547846913338,0.926428476969401,0.0796959400177002,0.2077860742807388,2,right_thruster,0.3333333333333333,0.3333333333333333,0.3333333333333333,-1.0600418171273316,0.01488323085579665,0.0,0.0,none
lunarlander,random,13,7,-0.0450410849104325,0.923666795094808,0.09255287796258926,0.21194203495979308,2,right_thruster,0.3333333333333333,0.3333333333333333,0.3333333333333333,-0.7048408193857313,0.014626812631967965,0.0,0.0,none
lunarlander,random,13,8,-0.05057008937001228,0.9205107688903809,0.10569445043802261,0.21109803915023803,0,left_thruster,0.3333333333333333,0.3333333333333333,0.3333333333333333,-2.8440484179986307,0.03258377679508696,0.0,0.0,none
lunarlander,random,13,9,-0.05616338923573494,0.9169512589772543,0.11929275095462799,0.239956896007061,0,left_thruster,0.3333333333333333,0.3333333333333333,0.3333333333333333,-3.3458152568744275,0.03808844470867459,0.0,0.0,none
lunarlander,random,13,10,-0.06183703740437826,0.9129820664723715,0.1331450343132019,0.27475487142801286,2,right_thruster,0.3333333333333333,0.3333333333333333,0.3333333333333333,-1.165299866845578,0.014958420990876835,0.0,0.0,none
lunarlander,random,13,11,-0.06745298703511557,0.9086299737294515,0.14591580629348755,0.27794581800699236,2,right_thruster,0.3333333333333333,0.3333333333333333,0.3333333333333333,-0.6762494333390032,0.01526144426931185,0.0,0.0,none
lunarlander,random,13,12,-0.07298906644185385,0.9038888613382975,0.15881618857383728,0.274289932847023,1,main_engine,0.3333333333333333,0.3333333333333333,0.3333333333333333,-1.4537925945450583,0.01974011578119356,0.0,0.0,none
lunarlander,random,13,13,-0.07865977163116138,0.8995442390441895,0.14566053450107574,0.287157267332077,0,left_thruster,0.3333333333333333,0.3333333333333333,0.3333333333333333,-2.9511911995034166,0.03349599625795659,0.0,0.0,none
lunarlander,random,13,14,-0.08439676215251288,0.8947893778483073,0.1595264971256256,0.316724057495594,2,right_thruster,0.3333333333333333,0.3333333333333333,0.3333333333333333,-0.8378662413442066,0.015000580871945158,0.0,0.0,none
lunarlander,random,13,15,-0.09006595859924953,0.889647642771403,0.1723479926586151,0.3152924671769142,2,right_thruster,0.3333333333333333,0.3333333333333333,0.3333333333333333,-0.5767039259226215,0.01543220782501795,0.0,0.0,none
lunarlander,random,13,16,-0.09566466013590495,0.8841305573781332,0.18474574387073517,0.31053167805075643,1,main_engine,0.3333333333333333,0.3333333333333333,0.3333333333333333,0.06967591999868206,0.021909076935059082,0.0,0.0,none
lunarlander,random,13,17,-0.10127854223052661,0.8789658546447754,0.17309650778770447,0.32744655683636664,0,left_thruster,0.3333333333333333,0.3333333333333333,0.3333333333333333,-2.610181187879112,0.029463554104481596,0.0,0.0,none
lunarlander,random,13,18,-0.10694622993469238,0.8733936150868734,0.18686136603355408,0.35225496590137484,2,right_thruster,0.3333333333333333,0.3333333333333333,0.3333333333333333,-0.8910705031313182,0.015100947475756129,0.0,0.0,none
lunarlander,random,13,19,-0.1125581314166387,0.8674386342366537,0.19952403008937836,0.3513945482671261,2,right_thruster,0.3333333333333333,0.3333333333333333,0.3333333333333333,-0.5260522537983888,0.016056618047835685,0.0,0.0,none
lunarlander,random,13,20,-0.11810239404439926,0.8611074288686117,0.2119010090827942,0.34558056816458704,0,left_thruster,0.3333333333333333,0.3333333333333333,0.3333333333333333,-2.5909685193259326,0.03036206921318888,0.0,0.0,none
lunarlander,random,13,21,-0.12370705604553223,0.8543509642283121,0.226301908493042,0.3708274945616722,1,main_engine,0.3333333333333333,0.3333333333333333,0.3333333333333333,-2.831428789685959,0.011631618206697744,0.0,0.0,none
lunarlander,random,13,22,-0.12961411227782568,0.8477720419565836,0.22033613920211792,0.37546738758683207,2,right_thruster,0.3333333333333333,0.3333333333333333,0.3333333333333333,-0.5393490944970313,0.01616686119078587,0.0,0.0,none
lunarlander,random,13,23,-0.13546172529459,0.8408146699269613,0.2327897548675537,0.37060166522860527,2,right_thruster,0.3333333333333333,0.3333333333333333,0.3333333333333333,-0.5480653763208579,0.016001265923751395,0.0,0.0,none
lunarlander,random,13,24,-0.14126316954692206,0.8334835370381674,0.24510511755943298,0.36648218855261805,2,right_thruster,0.3333333333333333,0.3333333333333333,0.3333333333333333,0.04127754868404508,0.0201300495906155,0.0,0.0,none
lunarlander,random,13,25,-0.1469879100720088,0.8257750670115153,0.25743353366851807,0.35379219688475133,1,main_engine,0.3333333333333333,0.3333333333333333,0.3333333333333333,-1.4055459082063613,0.013712664522212639,0.0,0.0,none
lunarlander,random,13,26,-0.15300535907347998,0.818360169728597,0.24759909510612488,0.3541535723954439,0,left_thruster,0.3333333333333333,0.3333333333333333,0.3333333333333333,-2.2070729071913635,0.028988380522640203,0.0,0.0,none
lunarlander,random,13,27,-0.15909679234027863,0.8105204900105795,0.26202401518821716,0.37725512534379957,2,right_thruster,0.3333333333333333,0.3333333333333333,0.3333333333333333,0.00929111364761525,0.0195008716957555,0.0,0.0,none
lunarlander,random,13,28,-0.16512036323547363,0.8023060957590739,0.2742801010608673,0.3660162340849638,2,right_thruster,0.3333333333333333,0.3333333333333333,0.3333333333333333,0.10163879299797486,0.01999732124653405,0.0,0.0,none
lunarlander,random,13,29,-0.1710829387108485,0.7937162717183431,0.286579966545105,0.35421501453965903,2,right_thruster,0.3333333333333333,0.3333333333333333,0.3333333333333333,0.05735791851921135,0.01950243947869441,0.0,0.0,none
lunarlander,random,13,30,-0.176997110247612,0.7847433884938558,0.29916757345199585,0.3438996260520071,1,main_engine,0.3333333333333333,0.3333333333333333,0.3333333333333333,0.877478370405339,0.013603831024759266,0.0,0.0,none
lunarlander,random,13,31,-0.18298463275035223,0.7759776910146078,0.29232731461524963,0.3489580051973462,0,left_thruster,0.3333333333333333,0.3333333333333333,0.3333333333333333,-1.9351010371266353,0.027753679320053813,0.0,0.0,none
lunarlander,random,13,32,-0.18904844919840497,0.7667852242787679,0.3068312406539917,0.36990153715014457,2,right_thruster,0.3333333333333333,0.3333333333333333,0.3333333333333333,0.09187257660151658,0.020274160046170525,0.0,0.0,none
lunarlander,random,13,33,-0.19505533079306286,0.7572182019551595,0.31910213828086853,0.35837521534413097,2,right_thruster,0.3333333333333333,0.3333333333333333,0.3333333333333333,0.5955647639723076,0.02496568331282696,0.0,0.0,none
lunarlander,random,13,34,-0.20098507404327393,0.7472829023996989,0.3310893774032593,0.3397816839627922,0,left_thruster,0.3333333333333333,0.3333333333333333,0.3333333333333333,-1.4645174584252119,0.02423878390945569,0.0,0.0,none
lunarlander,random,13,35,-0.2069777250289917,0.7369256814320883,0.3453831076622009,0.35527439285069706,0,left_thruster,0.3333333333333333,0.3333333333333333,0.3333333333333333,-1.438426161842815,0.023612080565225197,0.0,0.0,none
lunarlander,random,13,36,-0.213019202152888,0.7261475721995035,0.35960304737091064,0.36951014287769796,0,left_thruster,0.3333333333333333,0.3333333333333333,0.3333333333333333,-1.648291255714405,0.025655445420797462,0.0,0.0,none
lunarlander,random,13,37,-0.21911298235257468,0.7149446805318197,0.37397390604019165,0.3865113593637943,1,main_engine,0.3333333333333333,0.3333333333333333,0.3333333333333333,1.0153811160511281,0.02066087380791492,0.0,0.0,none
lunarlander,random,13,38,-0.22538748880227408,0.7041781743367513,0.35947945713996887,0.3943532705307007,0,left_thruster,0.3333333333333333,0.3333333333333333,0.3333333333333333,-1.917145136973967,0.027777494941283603,0.0,0.0,none
lunarlander,random,13,39,-0.23171750207742056,0.6929861704508463,0.37389227747917175,0.41431648209691047,0,left_thruster,0.3333333333333333,0.3333333333333333,0.3333333333333333,-2.268339036651273,0.03175461284895222,0.0,0.0,none
lunarlander,random,13,40,-0.23811673124631247,0.681368907292684,0.3883645236492157,0.4392764218151569,1,main_engine,0.3333333333333333,0.3333333333333333,0.3333333333333333,-0.2792051299613661,0.02108920612788203,0.0,0.0,none
lunarlander,random,13,41,-0.2447909116744995,0.6701714197794596,0.37438881397247314,0.4481930211186409,2,right_thruster,0.3333333333333333,0.3333333333333333,0.3333333333333333,-0.3350530188828066,0.019341810226966377,0.0,0.0,none
lunarlander,random,13,42,-0.2514058848222097,0.6586040655771891,0.3864881098270416,0.44111127629876135,1,main_engine,0.3333333333333333,0.3333333333333333,0.3333333333333333,0.11568914170122754,0.018134824851999725,0.0,0.0,none
lunarlander,random,13,43,-0.2581445872783661,0.647237499554952,0.379863440990448,0.4516173079609871,0,left_thruster,0.3333333333333333,0.3333333333333333,0.3333333333333333,-2.4298586649547493,0.033498382138309066,0.0,0.0,none
lunarlander,random,13,44,-0.26495277881622314,0.635434627532959,0.3947445750236511,0.4783574312925339,0,left_thruster,0.3333333333333333,0.3333333333333333,0.3333333333333333,-2.526949475471938,0.03395195068182776,0.0,0.0,none
lunarlander,random,13,45,-0.2718258649110794,0.623204231262207,0.4093228876590729,0.5056225344538688,0,left_thruster,0.3333333333333333,0.3333333333333333,0.3333333333333333,-2.4293255640093205,0.03197718121575169,0.0,0.0,none
lunarlander,random,13,46,-0.27874516944090527,0.6105520327885946,0.4236504137516022,0.5303066834807396,1,main_engine,0.3333333333333333,0.3333333333333333,0.3333333333333333,-1.0992228258254613,0.022828439214785855,0.0,0.0,none
lunarlander,random,13,47,-0.28593982259432477,0.5982329448064169,0.41261497139930725,0.5443007424473763,0,left_thruster,0.3333333333333333,0.3333333333333333,0.3333333333333333,-2.76063336559906,0.0354580697993234,0.0,0.0,none
lunarlander,random,13,48,-0.29318650563557946,0.5854819218317667,0.42734670639038086,0.5730261266231537,0,left_thruster,0.3333333333333333,0.3333333333333333,0.3333333333333333,-2.927266229241495,0.03692939307989041,0.0,0.0,none
lunarlander,random,13,49,-0.30048919220765435,0.572308341662089,0.4417959749698639,0.6034912914037704,1,main_engine,0.3333333333333333,0.3333333333333333,0.3333333333333333,-2.3863507065120597,0.02428718698440168,0.0,0.0,none
lunarlander,random,13,50,-0.3081843505303065,0.55949334303538,0.4298859238624573,0.6184772342443466,0,left_thruster,0.3333333333333333,0.3333333333333333,0.3333333333333333,-3.311189505461473,0.04133321782094116,0.0,0.0,none
lunarlander,random,13,51,-0.3159407029549281,0.5462383429209391,0.44501620531082153,0.6537427052855491,0,left_thruster,0.3333333333333333,0.3333333333333333,0.3333333333333333,-3.2501754006246752,0.039417183712260793,0.0,0.0,none
lunarlander,random,13,52,-0.3237437705198924,0.532555103302002,0.4596917927265167,0.686761224269867,0,left_thruster,0.3333333333333333,0.3333333333333333,0.3333333333333333,-3.8031522661555277,0.04656608128617063,0.0,0.0,none
lunarlander,random,13,53,-0.33161334693431854,0.5184289216995239,0.4750341773033142,0.7276455968618393,1,main_engine,0.3333333333333333,0.3333333333333333,0.3333333333333333,-3.7947652471267244,0.02658233113827499,0.0,0.0,none
lunarlander,random,13,54,-0.33986774583657586,0.5044710238774618,0.4695071578025818,0.747970812022686,2,right_thruster,0.3333333333333333,0.3333333333333333,0.3333333333333333,-1.8362902265879553,0.02145760656114254,0.0,0.0,none
lunarlander,random,13,55,-0.348075677951177,0.4901580015818278,0.48111259937286377,0.7552858546376229,1,main_engine,0.3333333333333333,0.3333333333333333,0.3333333333333333,-3.6758669347140605,0.029637431759481508,0.0,0.0,none
lunarlander,random,13,56,-0.35678346951802575,0.47626856962839764,0.46709492802619934,0.7756117075681687,0,left_thruster,0.3333333333333333,0.3333333333333333,0.3333333333333333,-3.7117910559338814,0.043954913654522934,0.0,0.0,none
lunarlander,random,13,57,-0.36554416020711267,0.46194028854370117,0.4822741746902466,0.8132889628410339,1,main_engine,0.3333333333333333,0.3333333333333333,0.3333333333333333,-2.546161604320032,0.034690351518591074,0.0,0.0,none
lunarlander,random,13,58,-0.3745146095752716,0.4478294452031453,0.4753335118293762,0.8428805634379387,0,left_thruster,0.3333333333333333,0.3333333333333333,0.3333333333333333,-3.990112645541924,0.04573197591355882,0.0,0.0,none
lunarlander,random,13,59,-0.3835281232992808,0.4332747459411621,0.4906996190547943,0.882405412197113,0,left_thruster,0.3333333333333333,0.3333333333333333,0.3333333333333333,-4.5847750294143435,0.053137464058957924,0.0,0.0,none
lunarlander,random,13,60,-0.392603079477946,0.41826172669728595,0.5067628622055054,0.9299219012260437,0,left_thruster,0.3333333333333333,0.3333333333333333,0.3333333333333333,-4.518827010081354,0.05018447679999343,0.0,0.0,none
lunarlander,random,13,61,-0.40172132352987927,0.4028055667877197,0.5221863389015198,0.9741775542497635,2,right_thruster,0.3333333333333333,0.3333333333333333,0.3333333333333333,-2.638995615902588,0.02333451458172384,0.0,0.0,none
lunarlander,random,13,62,-0.410794938604037,0.3870200316111247,0.5327854156494141,0.9842097789049149,0,left_thruster,0.3333333333333333,0.3333333333333333,0.3333333333333333,-4.690198182252214,0.029081647452504515,0.0,0.0,none
lunarlander,random,13,63,-0.41991616288820904,0.37078285217285156,0.5485831499099731,1.0,1,main_engine,0.3333333333333333,0.3333333333333333,0.3333333333333333,-5.33246141202517,0.019328869623572404,0.0,0.0,none
lunarlander,random,13,64,-0.42932202418645227,0.354425311088562,0.5527743101119995,1.0,0,left_thruster,0.3333333333333333,0.3333333333333333,0.3333333333333333,-5.272296317721423,0.02540825531670131,0.0,0.0,none
lunarlander,random,13,65,-0.43878306945165,0.3376001516977946,0.5692964792251587,1.0,1,main_engine,0.3333333333333333,0.3333333333333333,0.3333333333333333,-4.956173833038374,0.019496779943971036,0.0,0.0,none
lunarlander,random,13,66,-0.44852331280708313,0.3208534320195516,0.5671057105064392,1.0,2,right_thruster,0.3333333333333333,0.3333333333333333,0.3333333333333333,-3.6046221527980515,0.022531076281069522,0.0,0.0,none
lunarlander,random,13,67,-0.45823584000269574,0.303766409556071,0.5781216025352478,1.0,2,right_thruster,0.3333333333333333,0.3333333333333333,0.3333333333333333,-3.159217684482778,0.0223971940520358,0.0,0.0,none
lunarlander,random,13,68,-0.4679052035013835,0.28635460138320923,0.5883669257164001,1.0,1,main_engine,0.3333333333333333,0.3333333333333333,0.3333333333333333,-7.052208062698973,0.022708451351737782,0.0,0.0,none
lunarlander,random,13,69,-0.4779434700806936,0.2686392466227214,0.5984204411506653,1.0,0,left_thruster,0.3333333333333333,0.3333333333333333,0.3333333333333333,-5.126340325997622,0.026169194303542958,0.0,0.0,none
lunarlander,random,13,70,-0.48801223436991376,0.2504688302675883,0.614335298538208,1.0,0,left_thruster,0.3333333333333333,0.3333333333333333,0.3333333333333333,-5.8173444970827,0.02697658730006843,0.0,0.0,none
lunarlander,random,13,71,-0.4981312155723572,0.23182807366053262,0.6310045719146729,1.0,1,main_engine,0.3333333333333333,0.3333333333333333,0.3333333333333333,-8.07197050182658,0.021476058245768398,0.0,0.0,none
lunarlander,random,13,72,-0.5088154971599579,0.2132246494293213,0.6300147175788879,1.0,1,main_engine,0.3333333333333333,0.3333333333333333,0.3333333333333333,0.2823527302183129,0.023247679695396806,0.0,0.0,none
lunarlander,random,13,73,-0.5201080441474915,0.19438982009887695,0.6376424431800842,1.0,0,left_thruster,0.3333333333333333,0.3333333333333333,0.3333333333333333,1.076490058282343,0.12829687042961604,0.0,0.0,none
lunarlander,random,13,74,-0.5300637582937877,0.18162075678507486,0.5103713870048523,1.0,0,left_thruster,0.3333333333333333,0.3333333333333333,0.3333333333333333,-100.1299366724491,1.4669290002361137,0.0,0.0,none
lunarlander,random,13,75,-0.006334384282430014,0.9449686209360758,-0.14515849947929382,0.06985547319054602,2,right_thruster,0.3333333333333333,0.3333333333333333,0.3333333333333333,0.31281082543349836,0.015267763884516073,0.0,0.0,none
lunarlander,random,13,76,-0.012619892756144207,0.9489427407582601,-0.13244326412677765,0.06583973430097104,2,right_thruster,0.3333333333333333,0.3333333333333333,0.3333333333333333,0.5252752126428857,0.01649167760959557,0.0,0.0,none
lunarlander,random,13,77,-0.018848817174633346,0.9525184631347656,-0.11915511637926102,0.05922042392194271,2,right_thruster,0.3333333333333333,0.3333333333333333,0.3333333333333333,0.6732202593972727,0.017070706686420183,0.0,0.0,none
lunarlander,random,13,78,-0.025022427241007488,0.9556923707326254,-0.10576974600553513,0.05121706612408161,1,main_engine,0.3333333333333333,0.3333333333333333,0.3333333333333333,-1.6347517982303634,0.007302567627402503,0.0,0.0,none
lunarlander,random,13,79,-0.031247219691673916,0.9588262240091959,-0.10442962497472763,0.05293825529515743,1,main_engine,0.3333333333333333,0.3333333333333333,0.3333333333333333,-3.3721460312046063,0.011964295263412365,0.0,0.0,none
lunarlander,random,13,80,-0.037633099903663,0.962229331334432,-0.1134103387594223,0.0497554050758481,0,left_thruster,0.3333333333333333,0.3333333333333333,0.3333333333333333,-1.154674459581712,0.023657418614593476,0.0,0.0,none
lunarlander,random,13,81,-0.04408208653330803,0.9652227560679117,-0.09972507506608963,0.06769522093236446,2,right_thruster,0.3333333333333333,0.3333333333333333,0.3333333333333333,1.0744330496700114,0.020547683097733513,0.0,0.0,none
lunarlander,random,13,82,-0.050454220424095794,0.967814048131307,-0.08635154366493225,0.0536938976496458,1,main_engine,0.3333333333333333,0.3333333333333333,0.3333333333333333,-2.899883898758803,0.00909665547535883,0.0,0.0,none
lunarlander,random,13,83,-0.056993961334228516,0.9705038070678711,-0.08963993936777115,0.049010674376040696,0,left_thruster,0.3333333333333333,0.3333333333333333,0.3333333333333333,-1.307445680347099,0.024710805464871526,0.0,0.0,none
lunarlander,random,13,84,-0.06360785414775214,0.9727832476298014,-0.07593036442995071,0.06834282465279103,2,right_thruster,0.3333333333333333,0.3333333333333333,0.3333333333333333,1.0238497961279063,0.020304678530235484,0.0,0.0,none
lunarlander,random,13,85,-0.0701494204501311,0.974667469660441,-0.06278376281261444,0.05444662179797888,1,main_engine,0.3333333333333333,0.3333333333333333,0.3333333333333333,-2.3999573695628293,0.008487956150803116,0.0,0.0,none
lunarlander,random,13,86,-0.07683245465159416,0.9766248861948649,-0.06523622572422028,0.050258973333984616,2,right_thruster,0.3333333333333333,0.3333333333333333,0.3333333333333333,1.1356718681492952,0.020928112619367473,0.0,0.0,none
lunarlander,random,13,87,-0.08345190435647964,0.978179931640625,-0.051855381578207016,0.03567461092025041,1,main_engine,0.3333333333333333,0.3333333333333333,0.3333333333333333,-0.1943160140080954,0.007063989175706103,0.0,0.0,none
lunarlander,random,13,88,-0.09003885711232822,0.9797859986623129,-0.053548965603113174,0.03670626897364855,0,left_thruster,0.3333333333333333,0.3333333333333333,0.3333333333333333,-1.0622594543533774,0.02128059375231415,0.0,0.0,none
lunarlander,random,13,89,-0.09669224421183269,0.9809917608896891,-0.04017623886466026,0.05181627981364727,2,right_thruster,0.3333333333333333,0.3333333333333333,0.3333333333333333,0.9191520294879615,0.01941093375180973,0.0,0.0,none
lunarlander,random,13,90,-0.10328872750202815,0.9818045298258463,-0.027104981243610382,0.039098088582977655,2,right_thruster,0.3333333333333333,0.3333333333333333,0.3333333333333333,1.4191717391272936,0.02411055184661605,0.0,0.0,none
lunarlander,random,13,91,-0.10980860640605292,0.9822230339050293,-0.01399045530706644,0.019950139522552493,1,main_engine,0.3333333333333333,0.3333333333333333,0.3333333333333333,-1.7446230526389037,0.01842319876083415,0.0,0.0,none
lunarlander,random,13,92,-0.11645046373208365,0.9831098715464274,-0.029606757685542107,0.012833637371659282,2,right_thruster,0.3333333333333333,0.3333333333333333,0.3333333333333333,1.7132701887118629,0.026591663362934153,0.0,0.0,none
lunarlander,random,13,93,-0.12301492194334666,0.9836034774780273,-0.016520949080586433,-0.009359659254550928,0,left_thruster,0.3333333333333333,0.3333333333333333,0.3333333333333333,-0.6889411405185388,0.01813487517892477,0.0,0.0,none
lunarlander,random,13,94,-0.12964613735675812,0.9836979707082113,-0.003187750233337283,0.0009901020675897598,2,right_thruster,0.3333333333333333,0.3333333333333333,0.3333333333333333,1.7462157627303565,0.027613724866539503,0.0,0.0,none
lunarlander,random,13,95,-0.13619629045327505,0.9833961327870687,0.010009494610130787,-0.022362733259797096,1,main_engine,0.3333333333333333,0.3333333333333333,0.3333333333333333,-0.1708261305823373,0.015640159761026833,0.0,0.0,none
lunarlander,random,13,96,-0.1427832494179408,0.9834601084391276,-0.002172015607357025,-0.029631384089589118,0,left_thruster,0.3333333333333333,0.3333333333333333,0.3333333333333333,-0.5308337120407715,0.01676733755708561,0.0,0.0,none
lunarlander,random,13,97,-0.1494288444519043,0.983126719792684,0.011091544292867184,-0.021824559755623342,2,right_thruster,0.3333333333333333,0.3333333333333333,0.3333333333333333,1.5544134090335933,0.02595824684790192,0.0,0.0,none
lunarlander,random,13,98,-0.15600578238566717,0.9823870658874512,0.024640114977955818,-0.04295424530282616,2,right_thruster,0.3333333333333333,0.3333333333333333,0.3333333333333333,0.6460242536334977,0.026378345333790233,0.0,0.0,none
lunarlander,random,13,99,-0.16251945247252783,0.9812511603037516,0.03786289319396019,-0.06480045914649962,2,right_thruster,0.3333333333333333,0.3333333333333333,0.3333333333333333,-0.3465764155599175,0.024001581904843996,0.0,0.0,none
lunarlander,random,13,100,-0.16897185395161313,0.979712963104248,0.05130203068256378,-0.0835478851571679,1,main_engine,0.3333333333333333,0.3333333333333333,0.3333333333333333,-0.2662660535400755,0.019332776924062843,0.0,0.0,none
lunarlander,random,13,101,-0.1753712942202886,0.9786133766174316,0.036720093339681625,-0.09445482976734637,1,main_engine,0.3333333333333333,0.3333333333333333,0.3333333333333333,0.7061331446860344,0.013842735806572378,0.0,0.0,none
lunarlander,random,13,102,-0.1816188544034958,0.9778652985890707,0.025027453899383545,-0.09836787059903145,1,main_engine,0.3333333333333333,0.3333333333333333,0.3333333333333333,-0.30210982059960884,0.015735365664807814,0.0,0.0,none
lunarlander,random,13,103,-0.18779508769512177,0.977497418721517,0.012377794831991196,-0.10538974106311798,2,right_thruster,0.3333333333333333,0.3333333333333333,0.3333333333333333,-0.35170220063825586,0.027558121482032436,0.0,0.0,none
lunarlander,random,13,104,-0.19391139348347983,0.9767328103383383,0.025658775120973587,-0.1287365138530731,1,main_engine,0.3333333333333333,0.3333333333333333,0.3333333333333333,-1.3985050586033254,0.025759214447476204,0.0,0.0,none
lunarlander,random,13,105,-0.20003533611694974,0.9766084353129069,0.004364352207630873,-0.14187297224998474,0,left_thruster,0.3333333333333333,0.3333333333333333,0.3333333333333333,-2.060099295285639,0.01517089597888338,0.0,0.0,none
lunarlander,random,13,106,-0.20622535298268002,0.976097583770752,0.017241623252630234,-0.1367980636656284,1,main_engine,0.3333333333333333,0.3333333333333333,0.3333333333333333,0.08211882994012172,0.017217842011438212,0.0,0.0,none
lunarlander,random,13,107,-0.21230464180310568,0.976030429204305,0.0024658420588821173,-0.14321430176496505,1,main_engine,0.3333333333333333,0.3333333333333333,0.3333333333333333,0.540316721052934,0.009545173744332005,0.0,0.0,none
lunarlander,random,13,108,-0.2182283749183019,0.9761597315470377,-0.004077257122844458,-0.14684622436761857,0,left_thruster,0.3333333333333333,0.3333333333333333,0.3333333333333333,-1.791524103472343,0.016882359612088362,0.0,0.0,none
lunarlander,random,13,109,-0.22422194480895996,0.9758957227071127,0.008988926187157631,-0.13799770250916482,0,left_thruster,0.3333333333333333,0.3333333333333333,0.3333333333333333,-1.5855721159019482,0.017733493154222162,0.0,0.0,none
lunarlander,random,13,110,-0.23028229673703512,0.9752346674601237,0.022164735943078995,-0.12781389392912387,2,right_thruster,0.3333333333333333,0.3333333333333333,0.3333333333333333,0.028352326672745676,0.02264949677308145,0.0,0.0,none
lunarlander,random,13,111,-0.23628798623879751,0.9741710821787516,0.03564869239926338,-0.14495982937514781,1,main_engine,0.3333333333333333,0.3333333333333333,0.3333333333333333,-1.6536754778133753,0.01736210651047271,0.0,0.0,none
lunarlander,random,13,112,-0.24237195650736493,0.9734402497609457,0.02459520846605301,-0.15686421617865562,0,left_thruster,0.3333333333333333,0.3333333333333333,0.3333333333333333,-1.5117419277296653,0.015900466075999757,0.0,0.0,none
lunarlander,random,13,113,-0.24850865205128989,0.972312847773234,0.0377664640545845,-0.15050711147487164,2,right_thruster,0.3333333333333333,0.3333333333333333,0.3333333333333333,-0.1005836548864761,0.023943421400245014,0.0,0.0,none
lunarlander,random,13,114,-0.25458867351214093,0.9707769552866617,0.05146165192127228,-0.1691190332174301,0,left_thruster,0.3333333333333333,0.3333333333333333,0.3333333333333333,-1.6115853221392127,0.01597825477641806,0.0,0.0,none
lunarlander,random,13,115,-0.26072315871715546,0.9688515663146973,0.0643865242600441,-0.16226970702409743,0,left_thruster,0.3333333333333333,0.3333333333333333,0.3333333333333333,-1.7186153721604456,0.020089333241693163,0.0,0.0,none
lunarlander,random,13,116,-0.26693443457285565,0.9665462176005045,0.07695046067237854,-0.14806286953389644,1,main_engine,0.3333333333333333,0.3333333333333333,0.3333333333333333,-0.21995428506749248,0.00756623523752997,0.0,0.0,none
lunarlander,random,13,117,-0.2731301387151083,0.9642215569814047,0.07760237157344818,-0.1516728738322854,2,right_thruster,0.3333333333333333,0.3333333333333333,0.3333333333333333,0.03272352223783059,0.02347678510563092,0.0,0.0,none
lunarlander,random,13,118,-0.27926420172055566,0.9614849885304769,0.0914255902171135,-0.1694200575351715,2,right_thruster,0.3333333333333333,0.3333333333333333,0.3333333333333333,-0.08511276858337169,0.027028853000422254,0.0,0.0,none
lunarlander,random,13,119,-0.285325696070989,0.958338181177775,0.10521166026592255,-0.19164299741387367,1,main_engine,0.3333333333333333,0.3333333333333333,0.3333333333333333,0.4190890054233103,0.015750948599463948,0.0,0.0,none
lunarlander,random,13,120,-0.29133930802345276,0.9555350144704183,0.0937851294875145,-0.2002165324985981,1,main_engine,0.3333333333333333,0.3333333333333333,0.3333333333333333,1.2052049632136879,0.010053261534849853,0.0,0.0,none
lunarlander,random,13,121,-0.2972091486056646,0.952930768330892,0.08715315163135529,-0.20419746339321138,0,left_thruster,0.3333333333333333,0.3333333333333333,0.3333333333333333,-1.8010250787345148,0.01672873533315263,0.0,0.0,none
lunarlander,random,13,122,-0.30313963691393536,0.9499358336130778,0.10008414089679718,-0.195921004191041,2,right_thruster,0.3333333333333333,0.3333333333333333,0.3333333333333333,-0.26030415146604013,0.02533783253763728,0.0,0.0,none
lunarlander,random,13,123,-0.30900582671165466,0.9465359846750895,0.11370160430669785,-0.21618425399065017,1,main_engine,0.3333333333333333,0.3333333333333333,0.3333333333333333,0.7390050293875038,0.015463774687178878,0.0,0.0,none
lunarlander,random,13,124,-0.3148037691911062,0.9434756437937418,0.1024131327867508,-0.22447382062673568,0,left_thruster,0.3333333333333333,0.3333333333333333,0.3333333333333333,-1.9023856705724473,0.01720776234424279,0.0,0.0,none
lunarlander,random,13,125,-0.3206672271092733,0.9400362968444824,0.11493022739887238,-0.21481876075267792,2,right_thruster,0.3333333333333333,0.3333333333333333,0.3333333333333333,-0.4905914397681147,0.023958459934244815,0.0,0.0,none
lunarlander,random,13,126,-0.3264777362346649,0.9361801942189535,0.1289365589618683,-0.23296260088682175,2,right_thruster,0.3333333333333333,0.3333333333333333,0.3333333333333333,-0.49301205497463346,0.029706094570144777,0.0,0.0,none
lunarlander,random,13,127,-0.332213764389356,0.9319044748942057,0.14309340715408325,-0.25807936638593676,2,right_thruster,0.3333333333333333,0.3333333333333333,0.3333333333333333,-0.9787114693745276,0.02806216875101844,0.0,0.0,none
lunarlander,random,13,128,-0.33789304395516717,0.9272109667460123,0.15716591477394104,-0.28121303468942643,1,main_engine,0.3333333333333333,0.3333333333333333,0.3333333333333333,2.474663377441509,0.015154640574965282,0.0,0.0,none
lunarlander,random,13,129,-0.34334950149059296,0.9228688875834147,0.1454545557498932,-0.2878372795879841,1,main_engine,0.3333333333333333,0.3333333333333333,0.3333333333333333,-1.2970590907861856,0.01798181799081373,0.0,0.0,none
lunarlander,random,13,130,-0.34886106848716736,0.9186120827992758,0.14270542562007904,-0.30418629497289656,1,main_engine,0.3333333333333333,0.3333333333333333,0.3333333333333333,0.7451668503594282,0.009462575850087503,0.0,0.0,none
lunarlander,random,13,131,-0.3541968762874603,0.9142781893412272,0.1452648937702179,-0.3101642534136772,0,left_thruster,0.3333333333333333,0.3333333333333333,0.3333333333333333,-2.343124699807483,0.01580820877721315,0.0,0.0,none
lunarlander,random,13,132,-0.3595987459023794,0.9095719655354818,0.15753331780433655,-0.3032319739460945,0,left_thruster,0.3333333333333333,0.3333333333333333,0.3333333333333333,-2.1143571259730956,0.016554149500631655,0.0,0.0,none
lunarlander,random,13,133,-0.36506342391173047,0.9044849077860514,0.17007741332054138,-0.29542526714503764,2,right_thruster,0.3333333333333333,0.3333333333333333,0.3333333333333333,-0.9651354169058243,0.024656186336032945,0.0,0.0,none
lunarlander,random,13,134,-0.3704806665579478,0.8989764054616293,0.18427422642707825,-0.31404482424259184,2,right_thruster,0.3333333333333333,0.3333333333333333,0.3333333333333333,-1.0405141435584506,0.02812942574758903,0.0,0.0,none
lunarlander,random,13,135,-0.3758374353249868,0.8930502732594808,0.19838766753673553,-0.3370287612080574,2,right_thruster,0.3333333333333333,0.3333333333333333,0.3333333333333333,-1.2799351824482732,0.028911009815165586,0.0,0.0,none
lunarlander,random,13,136,-0.3811357915401459,0.8867135842641195,0.21226482093334198,-0.3610088549554348,2,right_thruster,0.3333333333333333,0.3333333333333333,0.3333333333333333,-1.6141225026138046,0.030061353603843224,0.0,0.0,none
lunarlander,random,13,137,-0.38638194402058923,0.8799557685852051,0.2265147566795349,-0.38605749011039736,1,main_engine,0.3333333333333333,0.3333333333333333,0.3333333333333333,2.1757251592099944,0.01791771188973493,0.0,0.0,none
lunarlander,random,13,138,-0.3914313018321991,0.8735028902689616,0.21639205515384674,-0.3983635723590851,0,left_thruster,0.3333333333333333,0.3333333333333333,0.3333333333333333,-2.7529154131885183,0.016294834759368552,0.0,0.0,none
lunarlander,random,13,139,-0.39655660589536035,0.8666733900705973,0.2287488579750061,-0.39204532504081724,2,right_thruster,0.3333333333333333,0.3333333333333333,0.3333333333333333,-1.5430288696986236,0.03031207847741057,0.0,0.0,none
lunarlander,random,13,140,-0.40162344773610437,0.8594279289245605,0.2428489625453949,-0.41737987771630286,0,left_thruster,0.3333333333333333,0.3333333333333333,0.3333333333333333,-2.665696203580853,0.017174623819943072,0.0,0.0,none
lunarlander,random,13,141,-0.40676904221375787,0.8518093427022299,0.2550528645515442,-0.40953688845038416,1,main_engine,0.3333333333333333,0.3333333333333333,0.3333333333333333,4.253215229214122,0.014292474905341952,0.0,0.0,none
lunarlander,random,13,142,-0.41154940923055017,0.8445116678873698,0.24429188668727875,-0.41305373758077624,1,main_engine,0.3333333333333333,0.3333333333333333,0.3333333333333333,1.2391311721650515,0.016312615750212398,0.0,0.0,none
lunarlander,random,13,143,-0.4162318011124929,0.83740234375,0.23809249699115753,-0.4255117356777191,0,left_thruster,0.3333333333333333,0.3333333333333333,0.3333333333333333,-2.1669299432089235,0.015583759045441996,0.0,0.0,none
lunarlander,random,13,144,-0.42096222440401715,0.8299226760864258,0.2502603828907013,-0.42145294696092606,2,right_thruster,0.3333333333333333,0.3333333333333333,0.3333333333333333,-1.510190383250664,0.02840706698921254,0.0,0.0,none
lunarlander,random,13,145,-0.4256388545036316,0.8220148086547852,0.2647799849510193,-0.444074559956789,0,left_thruster,0.3333333333333333,0.3333333333333333,0.3333333333333333,-2.306981352427116,0.018442105350352306,0.0,0.0,none
lunarlander,random,13,146,-0.4303895433743795,0.813742478688558,0.276640385389328,-0.4336610272526741,0,left_thruster,0.3333333333333333,0.3333333333333333,0.3333333333333333,-1.9467386079699953,0.016994158895488748,0.0,0.0,none
lunarlander,random,13,147,-0.4351901014645895,0.8050875663757324,0.28920066356658936,-0.4279088117182255,2,right_thruster,0.3333333333333333,0.3333333333333333,0.3333333333333333,-1.254329388437062,0.031704832428428226,0.0,0.0,none
lunarlander,random,13,148,-0.4399178425470988,0.7959915002187093,0.3042496144771576,-0.45386330112814904,0,left_thruster,0.3333333333333333,0.3333333333333333,0.3333333333333333,-2.025689001279645,0.019778375659234012,0.0,0.0,none
lunarlander,random,13,149,-0.44471745689709985,0.7865344683329264,0.3159714341163635,-0.4419758565723896,1,main_engine,0.3333333333333333,0.3333333333333333,0.3333333333333333,0.1299081738150244,0.015220509540816713,0.0,0.0,none
lunarlander,random,13,150,-0.44950922330220544,0.77706511815389,0.3164795935153961,-0.4528742998838425,1,main_engine,0.3333333333333333,0.3333333333333333,0.3333333333333333,4.048968591255781,0.012141426755026634,0.0,0.0,none
lunarlander,random,13,151,-0.4539260268211365,0.7677865028381348,0.3100210428237915,-0.45255726501345633,1,main_engine,0.3333333333333333,0.3333333333333333,0.3333333333333333,2.5625279627231934,0.018695672566895295,0.0,0.0,none
lunarlander,random,13,152,-0.45823290944099426,0.7588305473327637,0.29938751459121704,-0.46429173871874807,2,right_thruster,0.3333333333333333,0.3333333333333333,0.3333333333333333,-1.5112265493870678,0.02553120508177575,0.0,0.0,none
lunarlander,random,13,153,-0.4624919096628825,0.7494579950968424,0.31349843740463257,-0.4829127073287964,2,right_thruster,0.3333333333333333,0.3333333333333333,0.3333333333333333,-1.7651222305623913,0.031214986176789798,0.0,0.0,none
lunarlander,random,13,154,-0.4666911562283834,0.7396459579467773,0.3284762501716614,-0.508134339749813,0,left_thruster,0.3333333333333333,0.3333333333333333,0.3333333333333333,-2.091162648521208,0.016758433018836356,0.0,0.0,none
lunarlander,random,13,155,-0.4709367950757345,0.7294697761535645,0.3403930962085724,-0.503980578482151,0,left_thruster,0.3333333333333333,0.3333333333333333,0.3333333333333333,-1.9023955419237042,0.017436132707403365,0.0,0.0,none
lunarlander,random,13,156,-0.4752283294995626,0.7189258734385172,0.3524187505245209,-0.49852061420679095,1,main_engine,0.3333333333333333,0.3333333333333333,0.3333333333333333,4.9001609023944015,0.024279262542451198,0.0,0.0,none
lunarlander,random,13,157,-0.4792595903078715,0.7089377244313558,0.3339957594871521,-0.5100991204380989,2,right_thruster,0.3333333333333333,0.3333333333333333,0.3333333333333333,-1.7689658319782313,0.027364769902219817,0.0,0.0,none
lunarlander,random,13,158,-0.48324406147003174,0.6985235214233398,0.3484704792499542,-0.5304702147841454,0,left_thruster,0.3333333333333333,0.3333333333333333,0.3333333333333333,-2.0637574825731644,0.018969777753287197,0.0,0.0,none
lunarlander,random,13,159,-0.4872936507066091,0.6877423922220866,0.36037081480026245,-0.5212180495262146,2,right_thruster,0.3333333333333333,0.3333333333333333,0.3333333333333333,-1.694154547307537,0.02861077515901791,0.0,0.0,none
lunarlander,random,13,160,-0.4912898937861125,0.6765323479970297,0.3749796450138092,-0.5427476450800895,1,main_engine,0.3333333333333333,0.3333333333333333,0.3333333333333333,0.8976910897795175,0.013224952240304481,0.0,0.0,none
lunarlander,random,13,161,-0.49501240253448486,0.6651579936345419,0.38034337759017944,-0.5444496221840381,2,right_thruster,0.3333333333333333,0.3333333333333333,0.3333333333333333,-1.8889565342913033,0.030589207140864823,0.0,0.0,none
lunarlander,random,13,162,-0.4986784855524699,0.6533503532409668,0.39512544870376587,-0.5682052411139011,0,left_thruster,0.3333333333333333,0.3333333333333333,0.3333333333333333,-2.0067417072996467,0.019519036268633456,0.0,0.0,none
lunarlander,random,13,163,-0.5024099846680959,0.6411799589792887,0.4068652391433716,-0.559198159724474,0,left_thruster,0.3333333333333333,0.3333333333333333,0.3333333333333333,-1.7244280681162127,0.01881227622009257,0.0,0.0,none
lunarlander,random,13,164,-0.5061861375967662,0.6286396980285645,0.4189329147338867,-0.5531355310231447,2,right_thruster,0.3333333333333333,0.3333333333333333,0.3333333333333333,-1.6692980108792654,0.028483561688344154,0.0,0.0,none
lunarlander,random,13,165,-0.5099116265773773,0.6156684160232544,0.43361836671829224,-0.5734706573188305,2,right_thruster,0.3333333333333333,0.3333333333333333,0.3333333333333333,-1.8974667645682848,0.030375686184617355,0.0,0.0,none
lunarlander,random,13,166,-0.5135873456796011,0.6022616624832153,0.44847095012664795,-0.5960279427468776,2,right_thruster,0.3333333333333333,0.3333333333333333,0.3333333333333333,-2.0280675953444236,0.031758381180871056,0.0,0.0,none
lunarlander,random,13,167,-0.5172095199426016,0.5884270668029785,0.4630810618400574,-0.6203306838870049,2,right_thruster,0.3333333333333333,0.3333333333333333,0.3333333333333333,-2.3335563202819958,0.03546600876761128,0.0,0.0,none
lunarlander,random,13,168,-0.5207764108975729,0.5741502046585083,0.47824832797050476,-0.6488129645586014,0,left_thruster,0.3333333333333333,0.3333333333333333,0.3333333333333333,-2.2030869582629835,0.019394365074620362,0.0,0.0,none
lunarlander,random,13,169,-0.5243984361489614,0.5595076481501261,0.49011775851249695,-0.6460318699479103,1,main_engine,0.3333333333333333,0.3333333333333333,0.3333333333333333,1.7697914353609439,0.016879560441118855,0.0,0.0,none
lunarlander,random,13,170,-0.5276938776175182,0.5448976755142212,0.4889863431453705,-0.6537343516945839,0,left_thruster,0.3333333333333333,0.3333333333333333,0.3333333333333333,-1.8374815125292459,0.019946502455398783,0.0,0.0,none
lunarlander,random,13,171,-0.5310379465421041,0.5299344062805176,0.5004088282585144,-0.6480503767728806,1,main_engine,0.3333333333333333,0.3333333333333333,0.3333333333333333,2.1599403338957384,0.016972989554433902,0.0,0.0,none
lunarlander,random,13,172,-0.5340659618377686,0.5150553782780966,0.4975847005844116,-0.6550897181034088,1,main_engine,0.3333333333333333,0.3333333333333333,0.3333333333333333,3.8699014292990275,0.019755214783945194,0.0,0.0,none
lunarlander,random,13,173,-0.5366724729537964,0.5004898309707642,0.48713845014572144,-0.6629761174321175,0,left_thruster,0.3333333333333333,0.3333333333333333,0.3333333333333333,-1.685389398004777,0.020395060428363032,0.0,0.0,none
lunarlander,random,13,174,-0.5393269658088684,0.48556435108184814,0.49877339601516724,-0.6558507934212685,0,left_thruster,0.3333333333333333,0.3333333333333333,0.3333333333333333,-1.489429074149266,0.02125452710914298,0.0,0.0,none
lunarlander,random,13,175,-0.5420281489690145,0.4702780644098918,0.5104477405548096,-0.6472195912152529,2,right_thruster,0.3333333333333333,0.3333333333333333,0.3333333333333333,-1.8976164121084549,0.029968731442027143,0.0,0.0,none
lunarlander,random,13,176,-0.544681449731191,0.45455074310302734,0.5255369544029236,-0.6676169402897358,1,main_engine,0.3333333333333333,0.3333333333333333,0.3333333333333333,2.9767352888025633,0.019339868696529643,0.0,0.0,none
lunarlander,random,13,177,-0.5470081667105358,0.4390534559885661,0.5179263949394226,-0.6760151773691178,2,right_thruster,0.3333333333333333,0.3333333333333333,0.3333333333333333,-2.2227672340693334,0.032743702133568905,0.0,0.0,none
lunarlander,random,13,178,-0.5492804944515228,0.42311402161916095,0.5331117510795593,-0.7001466080546379,2,right_thruster,0.3333333333333333,0.3333333333333333,0.3333333333333333,-2.418976638090953,0.0321832571508621,0.0,0.0,none
lunarlander,random,13,179,-0.5515109996000926,0.4067363739013672,0.5480989217758179,-0.7233402334153652,2,right_thruster,0.3333333333333333,0.3333333333333333,0.3333333333333333,-2.729450961383188,0.037098668968055144,0.0,0.0,none
lunarlander,random,13,180,-0.5536889533201854,0.38990803559621173,0.5636295080184937,-0.7524465158581733,2,right_thruster,0.3333333333333333,0.3333333333333333,0.3333333333333333,-2.929923568920483,0.03730357765167861,0.0,0.0,none
lunarlander,random,13,181,-0.5558208624521892,0.3726348082224528,0.5789297819137573,-0.7816791877150535,0,left_thruster,0.3333333333333333,0.3333333333333333,0.3333333333333333,-2.2886536852523225,0.021227364738264975,0.0,0.0,none
lunarlander,random,13,182,-0.5580044786135356,0.355007807413737,0.5903156399726868,-0.7793374121189117,1,main_engine,0.3333333333333333,0.3333333333333333,0.3333333333333333,3.344128630666462,0.022665003155116454,0.0,0.0,none
lunarlander,random,13,183,-0.559583306312561,0.33771292368570965,0.5791940093040466,-0.7887398585677147,0,left_thruster,0.3333333333333333,0.3333333333333333,0.3333333333333333,-1.9658864326682601,0.021784355539624232,0.0,0.0,none
lunarlander,random,13,184,-0.5612117052078247,0.3200744191805522,0.5901658535003662,-0.7823831096291542,0,left_thruster,0.3333333333333333,0.3333333333333333,0.3333333333333333,-1.7770744451368046,0.022435934618086004,0.0,0.0,none
lunarlander,random,13,185,-0.5628834664821625,0.3020917574564616,0.6011753082275391,-0.7749003186821938,1,main_engine,0.3333333333333333,0.3333333333333333,0.3333333333333333,1.9107533466051858,0.019003490499134267,0.0,0.0,none
lunarlander,random,13,186,-0.564070741335551,0.2842387358347575,0.5967782139778137,-0.7795541569590568,0,left_thruster,0.3333333333333333,0.3333333333333333,0.3333333333333333,-1.5662809709270074,0.023857058850385884,0.0,0.0,none
lunarlander,random,13,187,-0.5653048555056255,0.26604119936625165,0.6077607274055481,-0.7687898509204387,0,left_thruster,0.3333333333333333,0.3333333333333333,0.3333333333333333,-1.3504400713074756,0.026563548681795356,0.0,0.0,none
lunarlander,random,13,188,-0.5665971835454305,0.24750147263209024,0.618583083152771,-0.7531979570165277,1,main_engine,0.3333333333333333,0.3333333333333333,0.3333333333333333,2.565959013474226,0.01948533558046726,0.0,0.0,none
lunarlander,random,13,189,-0.5673226714134216,0.22914820909500122,0.6122543215751648,-0.7516958037391305,2,right_thruster,0.3333333333333333,0.3333333333333333,0.3333333333333333,-2.565724458361142,0.034143900400410064,0.0,0.0,none
lunarlander,random,13,190,-0.5679961542288463,0.2103277842203776,0.6284337639808655,-0.7751344386488199,1,main_engine,0.3333333333333333,0.3333333333333333,0.3333333333333333,3.3776175150436396,0.026172845364619106,0.0,0.0,none
lunarlander,random,13,191,-0.5682183305422466,0.1919585863749186,0.6135842800140381,-0.7864053688943387,0,left_thruster,0.3333333333333333,0.3333333333333333,0.3333333333333333,-1.7412112094311942,0.023892458883195213,0.0,0.0,none
lunarlander,random,13,192,-0.5684818824132284,0.1732311248779297,0.6251046061515808,-0.7770595461130142,1,main_engine,0.3333333333333333,0.3333333333333333,0.3333333333333333,0.15055844762195192,0.018998588984864093,0.0,0.0,none
lunarlander,random,13,193,-0.5684282382329305,0.15448275208473206,0.625783383846283,-0.7800564251840114,0,left_thruster,0.3333333333333333,0.3333333333333333,0.3333333333333333,-1.5641150239615673,0.026132718796673813,0.0,0.0,none
lunarlander,random,13,194,-0.5684213836987814,0.13538532455762228,0.6369125247001648,-0.7661154987290502,2,right_thruster,0.3333333333333333,0.3333333333333333,0.3333333333333333,-2.804753654262172,0.03189026922248126,0.0,0.0,none
lunarlander,random,13,195,-0.5683693289756775,0.11583171288172404,0.6526479721069336,-0.785788793489337,0,left_thruster,0.3333333333333333,0.3333333333333333,0.3333333333333333,-1.663432158066364,0.027933824951757728,0.0,0.0,none
lunarlander,random,13,196,-0.5683695276578268,0.09593754013379414,0.6634193658828735,-0.7694028988480568,0,left_thruster,0.3333333333333333,0.3333333333333333,0.3333333333333333,8.58637936487399,0.17102111128633304,0.0,0.0,none
lunarlander,random,13,197,-0.5684232711791992,0.07570462922255199,0.6741074919700623,-0.5999195341952145,2,right_thruster,0.3333333333333333,0.3333333333333333,0.3333333333333333,49.4587479771492,0.4249045920496702,0.0,0.0,none
lunarlander,random,13,198,-0.5715112884839376,0.06761775414148967,0.33069995045661926,-0.85,2,right_thruster,0.3333333333333333,0.3333333333333333,0.3333333333333333,-14.722476571561899,0.021147866376644352,0.0,0.0,none
lunarlander,random,13,199,-0.5746535460154216,0.060269887248675026,0.3111201822757721,-0.85,0,left_thruster,0.3333333333333333,0.3333333333333333,0.3333333333333333,-19.21307741046778,0.01419761361001584,0.0,0.0,none
lunarlander,random,13,200,-0.5775596698125204,0.05239086846510569,0.32256779074668884,-0.85,0,left_thruster,0.3333333333333333,0.3333333333333333,0.3333333333333333,-29.78773624871615,0.15123794703285495,1.0,1.0,lunarlander_engine_fault
lunarlander,random,13,201,-0.5802188813686371,0.043872122963269554,0.3396930992603302,-1.0,1,main_engine,0.3333333333333333,0.3333333333333333,0.3333333333333333,-15.827058145561306,0.01486416542746173,1.0,0.0,lunarlander_engine_fault
lunarlander,random,13,202,-0.5818542838096619,0.034949357310930886,0.35146820545196533,-1.0,1,main_engine,0.3333333333333333,0.3333333333333333,0.3333333333333333,-100.09163908362389,1.589123676050044,1.0,0.0,lunarlander_engine_fault
lunarlander,random,13,203,-0.0036005179087320966,0.9459447860717773,-0.17770639061927795,0.03971064034849405,0,left_thruster,0.3333333333333333,0.3333333333333333,0.3333333333333333,1.4596034189994702,0.019179931903913764,1.0,0.0,lunarlander_engine_fault
lunarlander,random,13,204,-0.007130543235689402,0.9508830706278483,-0.16460470855236053,0.02708653714507818,2,right_thruster,0.3333333333333333,0.3333333333333333,0.3333333333333333,-0.2335381445552832,0.021002005720538397,1.0,0.0,lunarlander_engine_fault
lunarlander,random,13,205,-0.010712862325211367,0.9554282029469808,-0.15149171650409698,0.04243718683719635,0,left_thruster,0.3333333333333333,0.3333333333333333,0.3333333333333333,1.3769057413327277,0.01805765135043086,1.0,0.0,lunarlander_engine_fault
lunarlander,random,13,206,-0.014232555404305458,0.9595715204874674,-0.13809798657894135,0.03161445837467909,2,right_thruster,0.3333333333333333,0.3333333333333333,0.3333333333333333,-0.3077862964067538,0.021418171074353336,1.0,0.0,lunarlander_engine_fault
lunarlander,random,13,207,-0.017807483673095703,0.9633096059163412,-0.12457919120788574,0.04740137793123722,1,main_engine,0.3333333333333333,0.3333333333333333,0.3333333333333333,-0.7681341137134496,0.010237674345936176,1.0,0.0,lunarlander_engine_fault
lunarlander,random,13,208,-0.021295547485351562,0.9671281973520914,-0.12725041806697845,0.055823152884840965,1,main_engine,0.3333333333333333,0.3333333333333333,0.3333333333333333,0.3296358586629185,0.01494272308786627,1.0,0.0,lunarlander_engine_fault
lunarlander,random,13,209,-0.02478385033706824,0.9705467224121094,-0.1139124408364296,0.060463063046336175,0,left_thruster,0.3333333333333333,0.3333333333333333,0.3333333333333333,-0.7920998493532989,0.02418803121228361,1.0,0.0,lunarlander_engine_fault
lunarlander,random,13,210,-0.02833437795440356,0.9735661347707113,-0.10057877749204636,0.08009852021932601,2,right_thruster,0.3333333333333333,0.3333333333333333,0.3333333333333333,-1.0827923914761426,0.025467264451468078,1.0,0.0,lunarlander_engine_fault
lunarlander,random,13,211,-0.031946419427792236,0.9761895338694254,-0.08733801543712616,0.10139017850160598,2,right_thruster,0.3333333333333333,0.3333333333333333,0.3333333333333333,-1.615908952593842,0.030658176949799165,1.0,0.0,lunarlander_engine_fault
lunarlander,random,13,212,-0.03563578861455123,0.9784018198649088,-0.07357165962457657,0.12844393253326414,0,left_thruster,0.3333333333333333,0.3333333333333333,0.3333333333333333,-1.6760758721889237,0.029006514084509997,1.0,0.0,lunarlander_engine_fault
lunarlander,random,13,213,-0.039385079095760986,0.9802049001057943,-0.059853069484233856,0.15366039276123045,1,main_engine,0.3333333333333333,0.3333333333333333,0.3333333333333333,-2.8761604498712243,0.027563666375466894,1.0,0.0,lunarlander_engine_fault
lunarlander,random,13,214,-0.043097417801618576,0.9826518694559733,-0.08124861866235733,0.17045971006155014,1,main_engine,0.3333333333333333,0.3333333333333333,0.3333333333333333,-0.8187342960692103,0.019131413099037552,1.0,0.0,lunarlander_engine_fault
lunarlander,random,13,215,-0.046810150767366096,0.9847001234690348,-0.0679011270403862,0.18349334746599197,1,main_engine,0.3333333333333333,0.3333333333333333,0.3333333333333333,-0.8983183050394655,0.01908657464961632,1.0,0.0,lunarlander_engine_fault
lunarlander,random,13,216,-0.05052320038278898,0.9863499800364176,-0.05456266924738884,0.1965269237756729,2,right_thruster,0.3333333333333333,0.3333333333333333,0.3333333333333333,-2.4279549342696236,0.035766379653162414,1.0,0.0,lunarlander_engine_fault
lunarlander,random,13,217,-0.05431699876983961,0.9875859419504801,-0.04061506688594818,0.22921909093856813,1,main_engine,0.3333333333333333,0.3333333333333333,0.3333333333333333,-1.3357752360990434,0.020799206582251394,1.0,0.0,lunarlander_engine_fault
lunarlander,random,13,218,-0.05811134974161784,0.9884239832560221,-0.02727026864886284,0.24469242095947263,1,main_engine,0.3333333333333333,0.3333333333333333,0.3333333333333333,-4.313378007320607,0.01954475642362898,1.0,0.0,lunarlander_engine_fault
lunarlander,random,13,219,-0.062065838525692626,0.9896949132283529,-0.04163031280040741,0.2572834253311157,2,right_thruster,0.3333333333333333,0.3333333333333333,0.3333333333333333,-0.3960851032783717,0.013798893433036639,1.0,0.0,lunarlander_engine_fault
lunarlander,random,13,220,-0.0659679559369882,0.9905745188395182,-0.028605932369828224,0.25946854501962663,0,left_thruster,0.3333333333333333,0.3333333333333333,0.3333333333333333,-2.4672712759455475,0.03369436718744138,1.0,0.0,lunarlander_engine_fault
lunarlander,random,13,221,-0.06993754456440608,0.9910351435343424,-0.014455458149313927,0.2897852838039398,1,main_engine,0.3333333333333333,0.3333333333333333,0.3333333333333333,-2.1089441935389255,0.021365295396862934,1.0,0.0,lunarlander_engine_fault
lunarlander,random,13,222,-0.07389926662047705,0.9916934172312418,-0.020926374942064285,0.30974711030721663,0,left_thruster,0.3333333333333333,0.3333333333333333,0.3333333333333333,-2.7015374142206587,0.034453370385951025,1.0,0.0,lunarlander_engine_fault
lunarlander,random,13,223,-0.07792361701528232,0.9919443925221761,-0.00712595134973526,0.34105724692344663,0,left_thruster,0.3333333333333333,0.3333333333333333,0.3333333333333333,-3.0216507152019196,0.03673321619525194,1.0,0.0,lunarlander_engine_fault
lunarlander,random,13,224,-0.08201273158192635,0.9917853673299154,0.006798556074500084,0.37480174452066417,1,main_engine,0.3333333333333333,0.3333333333333333,0.3333333333333333,-4.748306004068785,0.014357686000956363,1.0,0.0,lunarlander_engine_fault
lunarlander,random,13,225,-0.08631690094868343,0.9915379683176676,0.00980347953736782,0.3881631255149841,1,main_engine,0.3333333333333333,0.3333333333333333,0.3333333333333333,-2.0516811404392854,0.023762338949440232,1.0,0.0,lunarlander_engine_fault
lunarlander,random,13,226,-0.0906221071879069,0.9908934434254965,0.02315884456038475,0.4073290526866913,0,left_thruster,0.3333333333333333,0.3333333333333333,0.3333333333333333,-3.559777517091651,0.04161539699264387,1.0,0.0,lunarlander_engine_fault
lunarlander,random,13,227,-0.09500360737244289,0.9898223876953125,0.03773711994290352,0.4460455924272537,2,right_thruster,0.3333333333333333,0.3333333333333333,0.3333333333333333,-0.9875879108260575,0.013667896133437881,1.0,0.0,lunarlander_engine_fault
lunarlander,random,13,228,-0.09930356095234553,0.988364060719808,0.05054052919149399,0.4475515067577362,2,right_thruster,0.3333333333333333,0.3333333333333333,0.3333333333333333,-1.2192064227297499,0.013628490615503416,1.0,0.0,lunarlander_engine_fault
lunarlander,random,13,229,-0.10354820638895035,0.9865369002024332,0.0627426952123642,0.4514869064092636,2,right_thruster,0.3333333333333333,0.3333333333333333,0.3333333333333333,-0.8853558562780256,0.013086362772913668,1.0,0.0,lunarlander_engine_fault
lunarlander,random,13,230,-0.10772498945395152,0.9843395551045736,0.07492216676473618,0.45068720579147337,1,main_engine,0.3333333333333333,0.3333333333333333,0.3333333333333333,-1.984166901715681,0.020639467715649316,1.0,0.0,lunarlander_engine_fault
lunarlander,random,13,231,-0.11190231889486313,0.9817438920338949,0.0882643386721611,0.4656467020511627,1,main_engine,0.3333333333333333,0.3333333333333333,0.3333333333333333,-2.0442878724251603,0.020693246338088146,1.0,0.0,lunarlander_engine_fault
lunarlander,random,13,232,-0.11608028163512549,0.9787501494089762,0.10160647332668304,0.4806059807538986,0,left_thruster,0.3333333333333333,0.3333333333333333,0.3333333333333333,-2.996176919681912,0.031565242874970284,1.0,0.0,lunarlander_engine_fault
lunarlander,random,13,233,-0.12030339489380519,0.9753318627675375,0.11602915078401566,0.5081528782844543,1,main_engine,0.3333333333333333,0.3333333333333333,0.3333333333333333,-2.2984299019635035,0.021994511770359694,1.0,0.0,lunarlander_engine_fault
lunarlander,random,13,234,-0.12452737738688788,0.971515973409017,0.12937308847904205,0.5246845096349716,1,main_engine,0.3333333333333333,0.3333333333333333,0.3333333333333333,-2.3401699508223626,0.02206682306639292,1.0,0.0,lunarlander_engine_fault
lunarlander,random,13,235,-0.12875215460856756,0.9673022429148356,0.14271694421768188,0.5412157505750657,1,main_engine,0.3333333333333333,0.3333333333333333,0.3333333333333333,-2.723073574027412,0.01948471608236052,1.0,0.0,lunarlander_engine_fault
lunarlander,random,13,236,-0.13312704861164093,0.9631961186726888,0.13924714922904968,0.5594260424375535,1,main_engine,0.3333333333333333,0.3333333333333333,0.3333333333333333,-4.2057173388852185,0.024566507423151945,1.0,0.0,lunarlander_engine_fault
lunarlander,random,13,237,-0.13788525015115738,0.9596198399861654,0.12164972722530365,0.5755012959241868,1,main_engine,0.3333333333333333,0.3333333333333333,0.3333333333333333,-2.4170245338324503,0.024444383846131474,1.0,0.0,lunarlander_engine_fault
lunarlander,random,13,238,-0.14275908470153809,0.956278403600057,0.1140228658914566,0.5979610249400139,0,left_thruster,0.3333333333333333,0.3333333333333333,0.3333333333333333,-3.3953255903179294,0.03731466591760896,1.0,0.0,lunarlander_engine_fault
lunarlander,random,13,239,-0.14768743266661963,0.9525003433227539,0.12899135053157806,0.6315730229020119,0,left_thruster,0.3333333333333333,0.3333333333333333,0.3333333333333333,-3.8902935111172336,0.042922485910741236,1.0,0.0,lunarlander_engine_fault
lunarlander,random,13,240,-0.15268421421448392,0.9482782681783041,0.1443183273077011,0.6711284250020981,0,left_thruster,0.3333333333333333,0.3333333333333333,0.3333333333333333,-3.963170459140549,0.04234859028771957,1.0,0.0,lunarlander_engine_fault
lunarlander,random,13,241,-0.157740352054437,0.9436225096384684,0.15929092466831207,0.7101410359144211,2,right_thruster,0.3333333333333333,0.3333333333333333,0.3333333333333333,-4.07553982881055,0.043291171242447204,1.0,0.0,lunarlander_engine_fault
lunarlander,random,13,242,-0.1628467192252477,0.9385276635487875,0.17444771528244019,0.7500454813241959,0,left_thruster,0.3333333333333333,0.3333333333333333,0.3333333333333333,-4.6102374412013,0.04932966980598367,1.0,0.0,lunarlander_engine_fault
lunarlander,random,13,243,-0.16802489757537842,0.9329952398935953,0.1897096186876297,0.7963387787342071,0,left_thruster,0.3333333333333333,0.3333333333333333,0.3333333333333333,-4.800729346463241,0.051399282256585715,1.0,0.0,lunarlander_engine_fault
lunarlander,random,13,244,-0.17326815674702328,0.927018960316976,0.2052173763513565,0.8446935921907425,0,left_thruster,0.3333333333333333,0.3333333333333333,0.3333333333333333,-2.4725558727856556,0.017325957839768272,1.0,0.0,lunarlander_engine_fault
lunarlander,random,13,245,-0.17845169951518378,0.9207009474436442,0.21634556353092194,0.8551609635353088,1,main_engine,0.3333333333333333,0.3333333333333333,0.3333333333333333,-3.515833768988059,0.03256750522740067,1.0,0.0,lunarlander_engine_fault
lunarlander,random,13,246,-0.18363889306783676,0.9139886697133383,0.22970609366893768,0.8836245715618134,2,right_thruster,0.3333333333333333,0.3333333333333333,0.3333333333333333,-2.6703784841465334,0.020287920169968773,1.0,0.0,lunarlander_engine_fault
lunarlander,random,13,247,-0.18878913174072903,0.9069215456644694,0.241350919008255,0.8977500289678574,0,left_thruster,0.3333333333333333,0.3333333333333333,0.3333333333333333,-2.197297594187678,0.01593615486648464,1.0,0.0,lunarlander_engine_fault
lunarlander,random,13,248,-0.19388814767201742,0.8995131651560465,0.25235480070114136,0.9049605458974839,2,right_thruster,0.3333333333333333,0.3333333333333333,0.3333333333333333,-1.848707101648115,0.014139443096755577,1.0,0.0,lunarlander_engine_fault
lunarlander,random,13,249,-0.1989346742630005,0.8917760848999023,0.2628226578235626,0.9072006300091744,1,main_engine,0.3333333333333333,0.3333333333333333,0.3333333333333333,-2.8548854632604503,0.02704942822311062,1.0,0.0,lunarlander_engine_fault
lunarlander,random,13,250,-0.2039835477868716,0.8836418787638346,0.27617019414901733,0.9286915212869644,0,left_thruster,0.3333333333333333,0.3333333333333333,0.3333333333333333,-3.7564458429987506,0.04070958857779158,1.0,0.0,lunarlander_engine_fault
lunarlander,random,13,251,-0.20907297730445862,0.8750664393107096,0.29144519567489624,0.9650852635502816,2,right_thruster,0.3333333333333333,0.3333333333333333,0.3333333333333333,-4.052970973717267,0.039557840664571964,1.0,0.0,lunarlander_engine_fault
lunarlander,random,13,252,-0.2142118662595749,0.8660477002461752,0.3068736791610718,1.0,0,left_thruster,0.3333333333333333,0.3333333333333333,0.3333333333333333,-4.14525111471291,0.01879989563016901,1.0,0.0,lunarlander_engine_fault
lunarlander,random,13,253,-0.219393124183019,0.8565860589345297,0.3222706913948059,1.0,1,main_engine,0.3333333333333333,0.3333333333333333,0.3333333333333333,-3.389969041522895,0.01738925183902174,1.0,0.0,lunarlander_engine_fault
lunarlander,random,13,254,-0.22457862893740338,0.8467291196187338,0.3356249928474426,1.0,2,right_thruster,0.3333333333333333,0.3333333333333333,0.3333333333333333,-4.443854896177802,0.01969379327733089,1.0,0.0,lunarlander_engine_fault
lunarlander,random,13,255,-0.22980935871601105,0.8364171187082926,0.35156700015068054,1.0,0,left_thruster,0.3333333333333333,0.3333333333333333,0.3333333333333333,-2.52371260545857,0.015927055688003098,1.0,0.0,lunarlander_engine_fault
lunarlander,random,13,256,-0.2350013206402461,0.8257712523142496,0.3622150123119354,1.0,2,right_thruster,0.3333333333333333,0.3333333333333333,0.3333333333333333,-2.4488656489931757,0.01622804006579968,1.0,0.0,lunarlander_engine_fault
lunarlander,random,13,257,-0.24016782641410828,0.8147887388865153,0.3729872405529022,1.0,0,left_thruster,0.3333333333333333,0.3333333333333333,0.3333333333333333,-2.347070127316954,0.01687404762372242,1.0,0.0,lunarlander_engine_fault
lunarlander,random,13,258,-0.24530517558256787,0.8034529685974121,0.384382039308548,1.0,1,main_engine,0.3333333333333333,0.3333333333333333,0.3333333333333333,-2.916410389012535,0.01849889573906849,1.0,0.0,lunarlander_engine_fault
lunarlander,random,13,259,-0.2504458775122961,0.791719913482666,0.3977281153202057,1.0,0,left_thruster,0.3333333333333333,0.3333333333333333,0.3333333333333333,-3.9332046606473727,0.020961380786238333,1.0,0.0,lunarlander_engine_fault
lunarlander,random,13,260,-0.255622665087382,0.7795234521230062,0.41397085785865784,1.0,2,right_thruster,0.3333333333333333,0.3333333333333333,0.3333333333333333,-2.1373874439231075,0.017091666185196745,1.0,0.0,lunarlander_engine_fault
lunarlander,random,13,261,-0.26077230771382653,0.7669963836669922,0.42439576983451843,1.0,1,main_engine,0.3333333333333333,0.3333333333333333,0.3333333333333333,-4.091283757957817,0.013918313193034708,1.0,0.0,lunarlander_engine_fault
lunarlander,random,13,262,-0.266380583246549,0.7545617421468099,0.4216305613517761,1.0,2,right_thruster,0.3333333333333333,0.3333333333333333,0.3333333333333333,-1.7970196625276709,0.017187070117170643,1.0,0.0,lunarlander_engine_fault
lunarlander,random,13,263,-0.27195557951927185,0.7418028513590494,0.4317065477371216,1.0,2,right_thruster,0.3333333333333333,0.3333333333333333,0.3333333333333333,-3.74979982164562,0.021919908303248546,1.0,0.0,lunarlander_engine_fault
lunarlander,random,13,264,-0.2775700887044271,0.7285738786061605,0.44825810194015503,1.0,0,left_thruster,0.3333333333333333,0.3333333333333333,0.3333333333333333,-1.7425190806219508,0.01770672975587393,1.0,0.0,lunarlander_engine_fault
lunarlander,random,13,265,-0.2831529825925827,0.7150235176086426,0.4581952691078186,1.0,2,right_thruster,0.3333333333333333,0.3333333333333333,0.3333333333333333,-1.5976792926442795,0.018043647061847242,1.0,0.0,lunarlander_engine_fault
lunarlander,random,13,266,-0.28871548672517144,0.7011481920878092,0.46830007433891296,1.0,2,right_thruster,0.3333333333333333,0.3333333333333333,0.3333333333333333,-1.1917834893852728,0.017986019518960797,1.0,0.0,lunarlander_engine_fault
lunarlander,random,13,267,-0.2942560116449992,0.6869596640268961,0.4778648614883423,1.0,1,main_engine,0.3333333333333333,0.3333333333333333,0.3333333333333333,-1.9914056428351001,0.020528109595284446,1.0,0.0,lunarlander_engine_fault
lunarlander,random,13,268,-0.2997982998689016,0.6723719437917074,0.4912022054195404,1.0,0,left_thruster,0.3333333333333333,0.3333333333333333,0.3333333333333333,-1.0942903516394176,0.019070268224316043,1.0,0.0,lunarlander_engine_fault
lunarlander,random,13,269,-0.305316299200058,0.6574482917785645,0.5017146468162537,1.0,2,right_thruster,0.3333333333333333,0.3333333333333333,0.3333333333333333,-0.5647238704612982,0.018775618266596936,1.0,0.0,lunarlander_engine_fault
lunarlander,random,13,270,-0.31080459554990136,0.6422112385431925,0.5112138390541077,1.0,1,main_engine,0.3333333333333333,0.3333333333333333,0.3333333333333333,-4.379435831610308,0.01654938950133152,1.0,0.0,lunarlander_engine_fault
lunarlander,random,13,271,-0.3169618050257365,0.6269302368164062,0.5127829313278198,1.0,0,left_thruster,0.3333333333333333,0.3333333333333333,0.3333333333333333,-2.48563534955736,0.023850471983223855,1.0,0.0,lunarlander_engine_fault
lunarlander,random,13,272,-0.32314228514830273,0.6111715237299601,0.5295850038528442,1.0,1,main_engine,0.3333333333333333,0.3333333333333333,0.3333333333333333,-4.247055615699906,0.019599443322340315,1.0,0.0,lunarlander_engine_fault
lunarlander,random,13,273,-0.3297465294599533,0.5951375961303711,0.5387192964553833,1.0,0,left_thruster,0.3333333333333333,0.3333333333333333,0.3333333333333333,-0.7864110678076077,0.020439339351895472,1.0,0.0,lunarlander_engine_fault
lunarlander,random,13,274,-0.3363349537054698,0.5787718693415324,0.5490402579307556,1.0,0,left_thruster,0.3333333333333333,0.3333333333333333,0.3333333333333333,-2.1607633611445225,0.023986534579479357,1.0,0.0,lunarlander_engine_fault
lunarlander,random,13,275,-0.3429407626390457,0.5619519154230753,0.5648138523101807,1.0,1,main_engine,0.3333333333333333,0.3333333333333333,0.3333333333333333,-1.5868559936508473,0.022759549966274096,1.0,0.0,lunarlander_engine_fault
lunarlander,random,13,276,-0.34954771399497986,0.5447322924931844,0.578149139881134,1.0,1,main_engine,0.3333333333333333,0.3333333333333333,0.3333333333333333,-3.840611130607176,0.021359756407394133,1.0,0.0,lunarlander_engine_fault
lunarlander,random,13,277,-0.35651730994383496,0.5272111097971598,0.5881826877593994,1.0,1,main_engine,0.3333333333333333,0.3333333333333333,0.3333333333333333,-1.5799705517707365,0.023400154212362054,1.0,0.0,lunarlander_engine_fault
lunarlander,random,13,278,-0.3634880483150482,0.509290337562561,0.6015176773071289,1.0,2,right_thruster,0.3333333333333333,0.3333333333333333,0.3333333333333333,-0.8130407271501418,0.022240452140804983,1.0,0.0,lunarlander_engine_fault
lunarlander,random,13,279,-0.3704410791397095,0.49103033542633057,0.612141489982605,1.0,0,left_thruster,0.3333333333333333,0.3333333333333333,0.3333333333333333,-2.1969143464432337,0.02555723044039233,1.0,0.0,lunarlander_engine_fault
lunarlander,random,13,280,-0.37741079926490784,0.4723122517267863,0.6280860304832458,1.0,2,right_thruster,0.3333333333333333,0.3333333333333333,0.3333333333333333,-0.8512779061008132,0.022751286651271373,1.0,0.0,lunarlander_engine_fault
lunarlander,random,13,281,-0.38437411189079285,0.45326260725657147,0.6383935213088989,1.0,1,main_engine,0.3333333333333333,0.3333333333333333,0.3333333333333333,-1.4323438355923828,0.0245881803507614,1.0,0.0,lunarlander_engine_fault
lunarlander,random,13,282,-0.3913381944100062,0.433813214302063,0.6517277359962463,1.0,1,main_engine,0.3333333333333333,0.3333333333333333,0.3333333333333333,-1.4697260488691382,0.024905792907815326,1.0,0.0,lunarlander_engine_fault
lunarlander,random,13,283,-0.3983030219872793,0.4139640728632609,0.6650619506835938,1.0,2,right_thruster,0.3333333333333333,0.3333333333333333,0.3333333333333333,-0.7277689922580157,0.023745543852120424,1.0,0.0,lunarlander_engine_fault
lunarlander,random,13,284,-0.40525649984677636,0.3937806685765584,0.6754605174064636,1.0,2,right_thruster,0.3333333333333333,0.3333333333333333,0.3333333333333333,-0.35654843036377093,0.02361923417243899,1.0,0.0,lunarlander_engine_fault
lunarlander,random,13,285,-0.4122028003136317,0.373284379641215,0.6849219799041748,1.0,1,main_engine,0.3333333333333333,0.3333333333333333,0.3333333333333333,-1.124707097009675,0.025742740132704448,1.0,0.0,lunarlander_engine_fault
lunarlander,random,13,286,-0.41914929946263635,0.3523881832758586,0.6982555389404297,1.0,0,left_thruster,0.3333333333333333,0.3333333333333333,0.3333333333333333,-2.20009055365801,0.02809188144623811,1.0,0.0,lunarlander_engine_fault
lunarlander,random,13,287,-0.4261089364687602,0.33101340134938556,0.7151029706001282,1.0,2,right_thruster,0.3333333333333333,0.3333333333333333,0.3333333333333333,-2.5053705438290352,0.02847214336919943,1.0,0.0,lunarlander_engine_fault
lunarlander,random,13,288,-0.4330737888813019,0.30915923913319904,0.7319715619087219,1.0,2,right_thruster,0.3333333333333333,0.3333333333333333,0.3333333333333333,-2.9390856268647756,0.028957503895642993,1.0,0.0,lunarlander_engine_fault
lunarlander,random,13,289,-0.44004733363787335,0.2868218421936035,0.749028742313385,1.0,2,right_thruster,0.3333333333333333,0.3333333333333333,0.3333333333333333,-3.1055762896745227,0.02877539939456685,1.0,0.0,lunarlander_engine_fault
lunarlander,random,13,290,-0.44703175624211633,0.26402268807093304,0.7651358842849731,1.0,2,right_thruster,0.3333333333333333,0.3333333333333333,0.3333333333333333,-1.6521951490462652,0.025972689801582922,1.0,0.0,lunarlander_engine_fault
lunarlander,random,13,291,-0.45400470495224,0.24090786774953207,0.7747099995613098,1.0,2,right_thruster,0.3333333333333333,0.3333333333333333,0.3333333333333333,-3.3673321986250695,0.029597732826547363,1.0,0.0,lunarlander_engine_fault
lunarlander,random,13,292,-0.46098142862319946,0.2173230250676473,0.7911753058433533,1.0,1,main_engine,0.3333333333333333,0.3333333333333333,0.3333333333333333,-2.9289055689198222,0.028315606977703446,1.0,0.0,lunarlander_engine_fault
lunarlander,random,13,293,-0.4679599404335022,0.19333831469217935,0.8045097589492798,1.0,1,main_engine,0.3333333333333333,0.3333333333333333,0.3333333333333333,-3.1165400309142,0.028655255847926636,1.0,0.0,lunarlander_engine_fault
lunarlander,random,13,294,-0.47494004170099896,0.16895381609598795,0.8178438544273376,1.0,1,main_engine,0.3333333333333333,0.3333333333333333,0.3333333333333333,-3.321732756002602,0.028996660415934822,1.0,0.0,lunarlander_engine_fault
lunarlander,random,13,295,-0.4819217324256897,0.14416942993799844,0.8311778903007507,1.0,1,main_engine,0.3333333333333333,0.3333333333333333,0.3333333333333333,-3.54360692294199,0.029339568170528314,1.0,0.0,lunarlander_engine_fault
lunarlander,random,13,296,-0.4889051616191864,0.11898513634999593,0.8445118069648743,1.0,2,right_thruster,0.3333333333333333,0.3333333333333333,0.3333333333333333,-3.075642155190139,0.02844875090230857,1.0,0.0,lunarlander_engine_fault
lunarlander,random,13,297,-0.4958904286225637,0.0934653381506602,0.8549653887748718,1.0,0,left_thruster,0.3333333333333333,0.3333333333333333,0.3333333333333333,-2.9169926823784724,0.028505206719298112,1.0,0.0,lunarlander_engine_fault
lunarlander,random,13,298,-0.5028731127580007,0.06762457390626271,0.8647655844688416,1.0,1,main_engine,0.3333333333333333,0.3333333333333333,0.3333333333333333,-3.801330300776517,0.03025102888564885,1.0,0.0,lunarlander_engine_fault
lunarlander,random,13,299,-0.5098565419514974,0.041383845110734306,0.8780990242958069,1.0,1,main_engine,0.3333333333333333,0.3333333333333333,0.3333333333333333,-4.066533083132717,0.030598863466918542,1.0,0.0,lunarlander_engine_fault
lunarlander,random,13,300,-0.5168407658735912,0.014743048697710037,0.8914324045181274,1.0,1,main_engine,0.3333333333333333,0.3333333333333333,0.3333333333333333,-4.415999011146641,0.10541520626275144,1.0,1.0,lunarlander_engine_fault|lunarlander_navigation_noise
lunarlander,random,13,301,-0.5281266344941837,0.06360690359506527,0.8656166253868216,0.9109446008750115,0,left_thruster,0.3333333333333333,0.3333333333333333,0.3333333333333333,-5.480073124320309,0.13745992231138457,1.0,0.0,lunarlander_navigation_noise
lunarlander,random,13,302,-0.5165883770437607,-0.006515741124287613,0.942519482558139,1.0,0,left_thruster,0.3333333333333333,0.3333333333333333,0.3333333333333333,16.712202463509442,0.45738364586199864,1.0,0.0,lunarlander_navigation_noise
lunarlander,random,13,303,-0.5454272035524861,-0.079917429299458,0.49203715841292184,0.9932184519929157,2,right_thruster,0.3333333333333333,0.3333333333333333,0.3333333333333333,-31.033278381676404,0.116673956885619,1.0,0.0,lunarlander_navigation_noise
lunarlander,random,13,304,-0.5696480696619265,-0.01690290262011014,0.5720176735904144,0.9416583076993194,1,main_engine,0.3333333333333333,0.3333333333333333,0.3333333333333333,-16.094334033745433,0.10505980711009064,1.0,0.0,lunarlander_navigation_noise
lunarlander,random,13,305,-0.5276819058181248,-0.07937763364878915,0.6163973883780464,1.0,2,right_thruster,0.3333333333333333,0.3333333333333333,0.3333333333333333,-31.300946966879373,0.12891799400403403,1.0,0.0,lunarlander_navigation_noise
lunarlander,random,13,306,-0.5474717309037151,-0.18281672670789023,0.603911669592017,0.9267014812249749,1,main_engine,0.3333333333333333,0.3333333333333333,0.3333333333333333,-27.760035455976453,0.09343914560432125,1.0,0.0,lunarlander_navigation_noise
lunarlander,random,13,307,-0.5099429170395199,-0.14283777944277953,0.5851640568860506,1.0,2,right_thruster,0.3333333333333333,0.3333333333333333,0.3333333333333333,-21.661644440891582,0.18697794305598164,1.0,0.0,lunarlander_navigation_noise
lunarlander,random,13,308,-0.6917338228643393,-0.1251019396740232,0.5510091939163064,0.9792225345132624,1,main_engine,0.3333333333333333,0.3333333333333333,0.3333333333333333,-100.30320357561111,1.6025073643762129,1.0,0.0,lunarlander_navigation_noise
lunarlander,random,13,309,-0.041179192254425234,0.9752732354890736,0.16598461423938038,0.0928032926184436,1,main_engine,0.3333333333333333,0.3333333333333333,0.3333333333333333,0.9193676853329475,0.16660525370356102,1.0,0.0,lunarlander_navigation_noise
lunarlander,random,13,310,0.025371034575317322,0.8490838410890078,0.2504687484476862,0.07646176029875713,1,main_engine,0.3333333333333333,0.3333333333333333,0.3333333333333333,-1.4334236108379164,0.15083022338409374,1.0,0.0,lunarlander_navigation_noise
lunarlander,random,13,311,-0.09714254896036514,0.8971858431667774,0.2223414391478867,0.14454428377581868,0,left_thruster,0.3333333333333333,0.3333333333333333,0.3333333333333333,-2.498436180777684,0.06364795472305115,1.0,0.0,lunarlander_navigation_noise
lunarlander,random,13,312,-0.05446077757413867,0.930226128649854,0.20363836713926586,0.1726131840820047,0,left_thruster,0.3333333333333333,0.3333333333333333,0.3333333333333333,-2.6825228718313983,0.08744099554439101,1.0,0.0,lunarlander_navigation_noise
lunarlander,random,13,313,-0.032846952138092154,0.968844333597033,0.15986197527768484,0.11120445494637371,2,right_thruster,0.3333333333333333,0.3333333333333333,0.3333333333333333,-0.7798377774136509,0.09542888485948915,1.0,0.0,lunarlander_navigation_noise
lunarlander,random,13,314,0.0014714191777765867,0.9495632229595535,0.21612288328802717,0.17747564369524757,2,right_thruster,0.3333333333333333,0.3333333333333333,0.3333333333333333,-0.6161429239596486,0.08094440673300408,1.0,0.0,lunarlander_navigation_noise
lunarlander,random,13,315,-0.02809645693937563,0.9451371884808786,0.29099811688517707,0.17027513705720104,0,left_thruster,0.3333333333333333,0.3333333333333333,0.3333333333333333,-2.2785770476024196,0.16069483453420103,1.0,0.0,lunarlander_navigation_noise
lunarlander,random,13,316,-0.003222894008036277,0.8788072272042284,0.2169033294264921,0.04652363435292946,0,left_thruster,0.3333333333333333,0.3333333333333333,0.3333333333333333,-2.4088277564803695,0.08976216903421122,1.0,0.0,lunarlander_navigation_noise
lunarlander,random,13,317,-0.03063124215393205,0.8928974418389908,0.28616192994189593,0.09459380751502357,1,main_engine,0.3333333333333333,0.3333333333333333,0.3333333333333333,-0.15676731194990678,0.2138556948371344,1.0,0.0,lunarlander_navigation_noise
lunarlander,random,13,318,-0.08279019586969054,0.8558186298393431,0.14913154711487414,0.24579413041324213,2,right_thruster,0.3333333333333333,0.3333333333333333,0.3333333333333333,-0.5979204131847484,0.16172394431541776,1.0,0.0,lunarlander_navigation_noise
lunarlander,random,13,319,-0.0023051812080698147,0.8118917469453701,0.2767722897178174,0.28393946258958325,0,left_thruster,0.3333333333333333,0.3333333333333333,0.3333333333333333,-2.6652070808597284,0.18730281182507996,1.0,0.0,lunarlander_navigation_noise
lunarlander,random,13,320,-0.1330207694139358,0.9193827614544676,0.3487762765978171,0.31939205051720304,0,left_thruster,0.3333333333333333,0.3333333333333333,0.3333333333333333,-3.0050111683593537,0.1271261972638859,1.0,0.0,lunarlander_navigation_noise
lunarlander,random,13,321,-0.14738569159046672,0.8064208962555375,0.2922754702283212,0.31797962989497136,2,right_thruster,0.3333333333333333,0.3333333333333333,0.3333333333333333,-0.9176884708539024,0.05534475712601227,1.0,0.0,lunarlander_navigation_noise
lunarlander,random,13,322,-0.14869087437448014,0.8137200352598356,0.23769457655883314,0.3125956485360163,1,main_engine,0.3333333333333333,0.3333333333333333,0.3333333333333333,-0.1825953931867434,0.11429762087554346,1.0,0.0,lunarlander_navigation_noise
lunarlander,random,13,323,-0.11953215533505901,0.872716545664691,0.3288509258159551,0.3331783352399661,0,left_thruster,0.3333333333333333,0.3333333333333333,0.3333333333333333,-2.853161888800239,0.06291846542209528,1.0,0.0,lunarlander_navigation_noise
lunarlander,random,13,324,-0.07622729518271137,0.8516728824847679,0.3690090417282855,0.3278951217672021,0,left_thruster,0.3333333333333333,0.3333333333333333,0.3333333333333333,-2.8807211439884575,0.10806556842022594,1.0,0.0,lunarlander_navigation_noise
lunarlander,random,13,325,-0.16887182853763882,0.7973648381547609,0.3700227112410983,0.3399270090922669,0,left_thruster,0.3333333333333333,0.3333333333333333,0.3333333333333333,-3.2409979815817995,0.14816540438583475,1.0,0.0,lunarlander_navigation_noise
lunarlander,random,13,326,-0.1290499001780457,0.8274751926353031,0.5073083191618811,0.3646904799600301,2,right_thruster,0.3333333333333333,0.3333333333333333,0.3333333333333333,-1.5226423746895263,0.18835424470545695,1.0,0.0,lunarlander_navigation_noise
lunarlander,random,13,327,-0.09298259600022651,0.8280856997728573,0.33641737140171724,0.435205601193534,0,left_thruster,0.3333333333333333,0.3333333333333333,0.3333333333333333,-3.3422216710539554,0.06000502834265877,1.0,0.0,lunarlander_navigation_noise
lunarlander,random,13,328,-0.0805599571750377,0.8144228778824064,0.29527400948249155,0.47478883677370887,1,main_engine,0.3333333333333333,0.3333333333333333,0.3333333333333333,-0.5658958393802447,0.10390546174723372,1.0,0.0,lunarlander_navigation_noise
lunarlander,random,13,329,-0.0921955900973431,0.7794972757234649,0.20991544353855257,0.42836605614573725,0,left_thruster,0.3333333333333333,0.3333333333333333,0.3333333333333333,-3.449197266234747,0.16743603028571657,1.0,0.0,lunarlander_navigation_noise
lunarlander,random,13,330,-0.2007125648883747,0.7613161683482886,0.3360824160121798,0.42516717954710026,0,left_thruster,0.3333333333333333,0.3333333333333333,0.3333333333333333,-3.4627298197553364,0.1521496238794714,1.0,0.0,lunarlander_navigation_noise
lunarlander,random,13,331,-0.09357903015637054,0.7678871313034333,0.44003600440453794,0.4538444822216088,0,left_thruster,0.3333333333333333,0.3333333333333333,0.3333333333333333,-4.020265828434883,0.10805521233976795,1.0,0.0,lunarlander_navigation_noise
lunarlander,random,13,332,-0.1625047950983035,0.8205169622749204,0.4082412879637201,0.5099191176579844,1,main_engine,0.3333333333333333,0.3333333333333333,0.3333333333333333,-2.8457374951855487,0.1563046663250694,1.0,0.0,lunarlander_navigation_noise
lunarlander,random,13,333,-0.2057828555982754,0.708757826516768,0.38280143574395037,0.6069802720297472,1,main_engine,0.3333333333333333,0.3333333333333333,0.3333333333333333,-3.6051591877357554,0.08842217309667079,1.0,0.0,lunarlander_navigation_noise
lunarlander,random,13,334,-0.1601853346683594,0.7665423562858921,0.4312968037729298,0.6000164958071407,0,left_thruster,0.3333333333333333,0.3333333333333333,0.3333333333333333,-3.867853949068094,0.07023896782808875,1.0,0.0,lunarlander_navigation_noise
lunarlander,random,13,335,-0.10907857103208458,0.7538981143399232,0.39308712658024286,0.6265071550406079,1,main_engine,0.3333333333333333,0.3333333333333333,0.3333333333333333,-4.355783021108066,0.13410199998709948,1.0,0.0,lunarlander_navigation_noise
lunarlander,random,13,336,-0.18422234439391405,0.6663267940745248,0.3325893430893324,0.6582568288207902,1,main_engine,0.3333333333333333,0.3333333333333333,0.3333333333333333,-2.663038367144686,0.08150895144037698,1.0,0.0,lunarlander_navigation_noise
lunarlander,random,13,337,-0.2177346870568478,0.7226342443006463,0.3687842188703737,0.6905063880484709,1,main_engine,0.3333333333333333,0.3333333333333333,0.3333333333333333,-3.5952206947011747,0.07677480504421864,1.0,0.0,lunarlander_navigation_noise
lunarlander,random,13,338,-0.18972724551375117,0.6571668406834961,0.3930916990970659,0.6752381407212259,0,left_thruster,0.3333333333333333,0.3333333333333333,0.3333333333333333,-4.305485425995714,0.11065751772492,1.0,0.0,lunarlander_navigation_noise
lunarlander,random,13,339,-0.23055263983827884,0.7107713937288006,0.4184378119860024,0.7592768214671909,1,main_engine,0.3333333333333333,0.3333333333333333,0.3333333333333333,-5.488232291556788,0.1254412979359518,1.0,0.0,lunarlander_navigation_noise
lunarlander,random,13,340,-0.25787753835032706,0.6937027280607239,0.5010716865625532,0.670568464623313,2,right_thruster,0.3333333333333333,0.3333333333333333,0.3333333333333333,-2.0012040275345453,0.20767318922652928,1.0,0.0,lunarlander_navigation_noise
lunarlander,random,13,341,-0.1725064801364627,0.6570621751142467,0.46660376791957714,0.8530770080046035,2,right_thruster,0.3333333333333333,0.3333333333333333,0.3333333333333333,-2.077904207807453,0.16381786845852547,1.0,0.0,lunarlander_navigation_noise
lunarlander,random,13,342,-0.28756001073714105,0.7228348003917131,0.3914110202189891,0.7929189530164373,2,right_thruster,0.3333333333333333,0.3333333333333333,0.3333333333333333,-1.7111293208572966,0.14192007332995027,1.0,0.0,lunarlander_navigation_noise
lunarlander,random,13,343,-0.21199977909767778,0.6164647546467712,0.4469251199512096,0.7869560084662041,0,left_thruster,0.3333333333333333,0.3333333333333333,0.3333333333333333,-3.425391093668659,0.17140052861647218,1.0,0.0,lunarlander_navigation_noise
lunarlander,random,13,344,-0.3063694812950564,0.6085281523613235,0.3921503620929583,0.9189000752631492,1,main_engine,0.3333333333333333,0.3333333333333333,0.3333333333333333,-4.909470462415384,0.17358446387012877,1.0,0.0,lunarlander_navigation_noise
lunarlander,random,13,345,-0.24999314472894557,0.6669303602059946,0.3725095170138596,0.7667268381420598,0,left_thruster,0.3333333333333333,0.3333333333333333,0.3333333333333333,-3.7844131392586724,0.2409725983725762,1.0,0.0,lunarlander_navigation_noise
lunarlander,random,13,346,-0.3890119481345811,0.562143108512531,0.3856228597464381,0.9328269211974418,2,right_thruster,0.3333333333333333,0.3333333333333333,0.3333333333333333,-1.7783856081351246,0.12130822585206431,1.0,0.0,lunarlander_navigation_noise
lunarlander,random,13,347,-0.35625426652744213,0.49686484575696005,0.4769976871297782,0.9007020198375902,0,left_thruster,0.3333333333333333,0.3333333333333333,0.3333333333333333,-3.856503064359474,0.14199709468843164,1.0,0.0,lunarlander_navigation_noise
lunarlander,random,13,348,-0.25597441208610555,0.5955044259691331,0.49642259452374693,0.9008805737000037,0,left_thruster,0.3333333333333333,0.3333333333333333,0.3333333333333333,-3.970667978667186,0.14683471458144093,1.0,0.0,lunarlander_navigation_noise
lunarlander,random,13,349,-0.34479073500116564,0.6558321394202316,0.4820003717483645,1.0,0,left_thruster,0.3333333333333333,0.3333333333333333,0.3333333333333333,-4.118436869864956,0.14203108999833947,1.0,0.0,lunarlander_navigation_noise
lunarlander,random,13,350,-0.30342504039795853,0.5232740033018308,0.500307803267309,0.9764439320746159,1,main_engine,0.3333333333333333,0.3333333333333333,0.3333333333333333,-7.0582463072643895,0.1548217167803134,1.0,0.0,lunarlander_navigation_noise
lunarlander,random,13,351,-0.3465255526531008,0.40650535436274066,0.58937120572355,0.99978708520364,2,right_thruster,0.3333333333333333,0.3333333333333333,0.3333333333333333,-2.319144548922884,0.14882303164178004,1.0,0.0,lunarlander_navigation_noise
lunarlander,random,13,352,-0.3974803789930549,0.5214165877972825,0.5487512141983178,0.9312500504066947,0,left_thruster,0.3333333333333333,0.3333333333333333,0.3333333333333333,-4.43069540474661,0.08340009924869433,1.0,0.0,lunarlander_navigation_noise
lunarlander,random,13,353,-0.36691170769558634,0.555967152209897,0.5587929182114398,1.0,1,main_engine,0.3333333333333333,0.3333333333333333,0.3333333333333333,-8.152414754158555,0.1284790645817289,1.0,0.0,lunarlander_navigation_noise
lunarlander,random,13,354,-0.30008025032301366,0.4572183094274827,0.5109484578174915,1.0,1,main_engine,0.3333333333333333,0.3333333333333333,0.3333333333333333,-7.967460790441778,0.08660022437171497,1.0,0.0,lunarlander_navigation_noise
lunarlander,random,13,355,-0.3721073811206241,0.4445737929005613,0.5573360368887872,1.0,0,left_thruster,0.3333333333333333,0.3333333333333333,0.3333333333333333,-4.426836400530651,0.10946757577385936,1.0,0.0,lunarlander_navigation_noise
lunarlander,random,13,356,-0.4375249900595773,0.5298716211775395,0.5366486717170943,1.0,1,main_engine,0.3333333333333333,0.3333333333333333,0.3333333333333333,-8.680981253866326,0.19375114340330554,1.0,0.0,lunarlander_navigation_noise
lunarlander,random,13,357,-0.3604172418926091,0.37054304744423444,0.6153594647613895,0.9964059224887895,0,left_thruster,0.3333333333333333,0.3333333333333333,0.3333333333333333,-4.915558856305457,0.19358520410372676,1.0,0.0,lunarlander_navigation_noise
lunarlander,random,13,358,-0.4428432766037974,0.3995991729661055,0.44266318736615373,1.0,0,left_thruster,0.3333333333333333,0.3333333333333333,0.3333333333333333,-5.224363180994883,0.08563941402345247,1.0,0.0,lunarlander_navigation_noise
lunarlander,random,13,359,-0.4483902196416735,0.371618949136096,0.5234124767230108,1.0,2,right_thruster,0.3333333333333333,0.3333333333333333,0.3333333333333333,-3.4139570121091856,0.15579290815202254,1.0,0.0,lunarlander_navigation_noise
lunarlander,random,13,360,-0.40498919114706106,0.4229789101890059,0.6639469399578983,1.0,1,main_engine,0.3333333333333333,0.3333333333333333,0.3333333333333333,-9.119852262754327,0.14056361943561133,1.0,0.0,lunarlander_navigation_noise
lunarlander,random,13,361,-0.4315316519845551,0.3662436212187349,0.5401751101191435,0.9773004404149412,2,right_thruster,0.3333333333333333,0.3333333333333333,0.3333333333333333,-3.719304626445628,0.09308988799206809,1.0,0.0,lunarlander_navigation_noise
lunarlander,random,13,362,-0.4104970035503505,0.2892080402962448,0.493389086230542,0.987293340507251,2,right_thruster,0.3333333333333333,0.3333333333333333,0.3333333333333333,-3.7140873460887587,0.13465537492895155,1.0,0.0,lunarlander_navigation_noise
lunarlander,random,13,363,-0.44898444149599903,0.39087810581599214,0.5670133918780806,0.9574027648559783,0,left_thruster,0.3333333333333333,0.3333333333333333,0.3333333333333333,-5.124079759087777,0.12441130261497119,1.0,0.0,lunarlander_navigation_noise
lunarlander,random,13,364,-0.4700714121379118,0.2894550882759444,0.6324978678072092,0.9788192728080138,0,left_thruster,0.3333333333333333,0.3333333333333333,0.3333333333333333,-5.512439975564171,0.07096973673560288,1.0,0.0,lunarlander_navigation_noise
lunarlander,random,13,365,-0.47777553590563293,0.2491132057387783,0.6863612070860597,1.0,0,left_thruster,0.3333333333333333,0.3333333333333333,0.3333333333333333,-5.895504337918667,0.1081176323521037,1.0,0.0,lunarlander_navigation_noise
lunarlander,random,13,366,-0.47171285762357434,0.23714530410209295,0.5790791690373372,1.0,2,right_thruster,0.3333333333333333,0.3333333333333333,0.3333333333333333,-4.463348987568152,0.15200620277389953,1.0,0.0,lunarlander_navigation_noise
lunarlander,random,13,367,-0.516685442416607,0.29652094593129436,0.7115853404262342,1.0,0,left_thruster,0.3333333333333333,0.3333333333333333,0.3333333333333333,-5.985158076576404,0.1322248834383351,1.0,0.0,lunarlander_navigation_noise
lunarlander,random,13,368,-0.5293100024956369,0.16977308554758408,0.6761026661859271,1.0,0,left_thruster,0.3333333333333333,0.3333333333333333,0.3333333333333333,-6.593204624071952,0.1029256521960159,1.0,0.0,lunarlander_navigation_noise
lunarlander,random,13,369,-0.5612265814890913,0.14468232470014936,0.7607350608841232,0.9577763886779519,2,right_thruster,0.3333333333333333,0.3333333333333333,0.3333333333333333,-5.224332168389599,0.13469063935235265,1.0,0.0,lunarlander_navigation_noise
lunarlander,random,13,370,-0.4686283558060148,0.23965359418751203,0.78379675801533,0.9617453969771094,2,right_thruster,0.3333333333333333,0.3333333333333333,0.3333333333333333,-5.276365426775326,0.1904505604886917,1.0,0.0,lunarlander_navigation_noise
lunarlander,random,13,371,-0.5341434245073684,0.08737413434248406,0.6966873990429713,0.9270738315056024,1,main_engine,0.3333333333333333,0.3333333333333333,0.3333333333333333,-12.071330086174706,0.13531486363754844,1.0,0.0,lunarlander_navigation_noise
lunarlander,random,13,372,-0.6173241812741411,0.11137434558923218,0.7708280615285029,1.0,2,right_thruster,0.3333333333333333,0.3333333333333333,0.3333333333333333,-5.644652714611073,0.1021988451802935,1.0,0.0,lunarlander_navigation_noise
lunarlander,random,13,373,-0.612630356416264,0.1009631618990036,0.6844025864668696,0.9466631789574174,0,left_thruster,0.3333333333333333,0.3333333333333333,0.3333333333333333,-6.728834338128855,0.13040073712143777,1.0,0.0,lunarlander_navigation_noise
lunarlander,random,13,374,-0.6985253609447165,0.08244616881855654,0.7788629033749128,0.9656571236704607,0,left_thruster,0.3333333333333333,0.3333333333333333,0.3333333333333333,-7.389889070399991,0.13540075192079556,1.0,0.0,lunarlander_navigation_noise
lunarlander,random,13,375,-0.6029020781597302,0.012243671807778592,0.7146572418295927,0.9774382038042546,0,left_thruster,0.3333333333333333,0.3333333333333333,0.3333333333333333,2.350207695231479,0.10854789866236982,1.0,0.0,lunarlander_navigation_noise
lunarlander,random,13,376,-0.5904569514974478,0.021161932692823248,0.8217276130353077,0.9866123718337013,0,left_thruster,0.3333333333333333,0.3333333333333333,0.3333333333333333,-14.218561884634914,0.21853551256918047,1.0,0.0,lunarlander_navigation_noise
lunarlander,random,13,377,-0.7064222218076099,-0.07240322869305872,0.6648935163682177,0.9556534791981889,0,left_thruster,0.3333333333333333,0.3333333333333333,0.3333333333333333,-100.24102212905883,1.7540310391355491,1.0,0.0,lunarlander_navigation_noise
lunarlander,random,13,378,0.04820790894359977,0.9690647183916289,-0.1349784749635889,0.07094586382944865,1,main_engine,0.3333333333333333,0.3333333333333333,0.3333333333333333,-0.863204723042627,0.17174957917943023,1.0,0.0,lunarlander_navigation_noise
lunarlander,random,13,379,0.027095783128472727,0.8013902320444899,-0.11496133720053225,0.04777741727221187,1,main_engine,0.3333333333333333,0.3333333333333333,0.3333333333333333,-3.186065738359674,0.1714304418908889,1.0,0.0,lunarlander_navigation_noise
lunarlander,random,13,380,-0.08296010955212055,0.9139601097911029,-0.04711500097825136,0.04678033226630799,2,right_thruster,0.3333333333333333,0.3333333333333333,0.3333333333333333,1.6218835959789646,0.1662622401780867,1.0,0.0,lunarlander_navigation_noise
lunarlander,random,13,381,0.018446882127349018,0.9836837764253894,-0.1046979596311112,0.1426060476636359,1,main_engine,0.3333333333333333,0.3333333333333333,0.3333333333333333,-1.3709389135627363,0.09816111968720603,1.0,0.0,lunarlander_navigation_noise
lunarlander,random,13,382,0.019874859724421455,1.0,-0.07670727956798051,0.049956876182747724,0,left_thruster,0.3333333333333333,0.3333333333333333,0.3333333333333333,-0.4665997053972365,0.06765825785824507,1.0,0.0,lunarlander_navigation_noise
lunarlander,random,13,383,0.00843967683909356,0.94872108143076,-0.034122724929531084,0.05193289880560606,0,left_thruster,0.3333333333333333,0.3333333333333333,0.3333333333333333,-1.0897615804021348,0.04691094395537589,1.0,0.0,lunarlander_navigation_noise
lunarlander,random,13,384,0.02995950916884768,0.9735927951451484,-0.03394595371618587,0.08538286275373792,0,left_thruster,0.3333333333333333,0.3333333333333333,0.3333333333333333,-1.4568609124563523,0.0523881780209391,1.0,0.0,lunarlander_navigation_noise
lunarlander,random,13,385,0.05948588155672063,0.9618447771494634,0.007311126446123022,0.09108829346667616,0,left_thruster,0.3333333333333333,0.3333333333333333,0.3333333333333333,-1.8896153961348763,0.19892158160174597,1.0,0.0,lunarlander_navigation_noise
lunarlander,random,13,386,-0.11501128178973893,0.9132132037568096,-0.05631175506099677,0.039053356846507056,1,main_engine,0.3333333333333333,0.3333333333333333,0.3333333333333333,-0.3969510642527939,0.11175278088924716,1.0,0.0,lunarlander_navigation_noise
lunarlander,random,13,387,-0.049603964400192296,0.8702204398458876,-0.0023201664913909473,0.0977653444079355,1,main_engine,0.3333333333333333,0.3333333333333333,0.3333333333333333,-3.029851750434068,0.1641428286693664,1.0,0.0,lunarlander_navigation_noise
lunarlander,random,13,388,0.040911453408546926,0.9791208402087466,-0.08251415519165906,0.11920022998357223,1,main_engine,0.3333333333333333,0.3333333333333333,0.3333333333333333,-3.636051893144041,0.09576087347788453,1.0,0.0,lunarlander_navigation_noise
lunarlander,random,13,389,-0.02120703513514624,0.9266779979377198,-0.0498567117704341,0.08053916489193039,2,right_thruster,0.3333333333333333,0.3333333333333333,0.3333333333333333,0.7690815972770372,0.12359716814363331,1.0,0.0,lunarlander_navigation_noise
lunarlander,random,13,390,-0.06288798992878782,0.9753885812498198,-0.03543972008004939,0.18522148147219294,0,left_thruster,0.3333333333333333,0.3333333333333333,0.3333333333333333,-1.7128618417327641,0.09747776268017687,1.0,0.0,lunarlander_navigation_noise
lunarlander,random,13,391,-0.13517410816158187,0.9217147956590263,-0.02378314540723883,0.22071627454410875,0,left_thruster,0.3333333333333333,0.3333333333333333,0.3333333333333333,-2.2601430950444215,0.197775147759258,1.0,0.0,lunarlander_navigation_noise
lunarlander,random,13,392,0.024454080691158037,0.999390656942557,0.057315227682389835,0.2527063487995308,0,left_thruster,0.3333333333333333,0.3333333333333333,0.3333333333333333,-2.2606321744850617,0.11178126319052704,1.0,0.0,lunarlander_navigation_noise
lunarlander,random,13,393,-0.0004297329621166454,0.9489665490062184,0.031212504424840477,0.1596907383037477,1,main_engine,0.3333333333333333,0.3333333333333333,0.3333333333333333,-1.873602077370789,0.08830946707498091,1.0,0.0,lunarlander_navigation_noise
lunarlander,random,13,394,-0.048530134913738955,0.9788315643988404,-0.008858794042483058,0.21434680111383883,0,left_thruster,0.3333333333333333,0.3333333333333333,0.3333333333333333,-2.9250798569858327,0.11047653599766115,1.0,0.0,lunarlander_navigation_noise
lunarlander,random,13,395,-0.061888250097802744,0.8933286096541729,-0.04233227783140413,0.27430842532246064,2,right_thruster,0.3333333333333333,0.3333333333333333,0.3333333333333333,-0.9065397658774554,0.1389332659938797,1.0,0.0,lunarlander_navigation_noise
lunarlander,random,13,396,-0.041452319115496385,0.9995834779760793,0.03761621076913444,0.23962460700618468,2,right_thruster,0.3333333333333333,0.3333333333333333,0.3333333333333333,-0.9192236504276946,0.11725891292054028,1.0,0.0,lunarlander_navigation_noise
lunarlander,random,13,397,-0.03255600014834169,0.9393634383561864,0.12437903598440757,0.28978701481306723,2,right_thruster,0.3333333333333333,0.3333333333333333,0.3333333333333333,-0.9780341581129312,0.10023931891991746,1.0,0.0,lunarlander_navigation_noise
lunarlander,random,13,398,-0.02880049914474149,0.901933905385694,0.04106162650067495,0.2486645561284054,1,main_engine,0.3333333333333333,0.3333333333333333,0.3333333333333333,-1.8524901229102466,0.06620460119905434,1.0,0.0,lunarlander_navigation_noise
lunarlander,random,13,399,0.006340119148194857,0.9502790644064586,0.056003094801225964,0.27290675673389053,1,main_engine,0.3333333333333333,0.3333333333333333,0.3333333333333333,-2.5016068518422387,0.09422648900425624,1.0,0.0,lunarlander_navigation_noise
lunarlander,random,13,400,-0.049039742230428236,0.9429194996325515,-0.0073643461993536385,0.3146453049972219,2,right_thruster,0.3333333333333333,0.3333333333333333,0.3333333333333333,-0.5042639176747048,0.14939162050102672,1.0,0.0,lunarlander_navigation_noise
lunarlander,random,13,401,-0.0605918470068799,0.9228811294699414,0.0564114548582411,0.181545657845755,2,right_thruster,0.3333333333333333,0.3333333333333333,0.3333333333333333,-0.23901470149991155,0.061420408614229316,0.0,0.0,none
lunarlander,random,13,402,-0.06291993583242099,0.9444991747538248,0.07226867973804474,0.23675666339695453,0,left_thruster,0.3333333333333333,0.3333333333333333,0.3333333333333333,-2.7558594619438894,0.029500022534310257,0.0,0.0,none
lunarlander,random,13,403,-0.0658156101902326,0.9419143994649252,0.08669853955507278,0.26219215989112854,0,left_thruster,0.3333333333333333,0.3333333333333333,0.3333333333333333,-2.9894057566528485,0.0309802921050857,0.0,0.0,none
lunarlander,random,13,404,-0.06878821179270744,0.9389088948567709,0.10091879963874817,0.28938946276903155,0,left_thruster,0.3333333333333333,0.3333333333333333,0.3333333333333333,-3.059904589532291,0.03052227179346011,0.0,0.0,none
lunarlander,random,13,405,-0.07182606185475986,0.9354864756266276,0.11500129103660583,0.31607936769723893,0,left_thruster,0.3333333333333333,0.3333333333333333,0.3333333333333333,-3.244363437477518,0.031814420372762955,0.0,0.0,none
lunarlander,random,13,406,-0.07492613668243091,0.9316462675730387,0.1291416734457016,0.3441480204463005,2,right_thruster,0.3333333333333333,0.3333333333333333,0.3333333333333333,-1.537245633330648,0.013668473954711824,0.0,0.0,none
lunarlander,random,13,407,-0.07797567173838615,0.9274264176686605,0.14171937108039856,0.3453816756606102,1,main_engine,0.3333333333333333,0.3333333333333333,0.3333333333333333,-0.6557935204886042,0.025257677121343115,0.0,0.0,none
lunarlander,random,13,408,-0.08120703821380934,0.9238151709238688,0.12150578945875168,0.35973014384508134,1,main_engine,0.3333333333333333,0.3333333333333333,0.3333333333333333,-3.130194020988831,0.01050674318291742,0.0,0.0,none
lunarlander,random,13,409,-0.08469629411896071,0.9203704992930094,0.11594437062740326,0.3671747125685215,1,main_engine,0.3333333333333333,0.3333333333333333,0.3333333333333333,-1.9055973424365436,0.022399290947196532,0.0,0.0,none
lunarlander,random,13,410,-0.08839869250853857,0.9174614747365316,0.09813887625932693,0.379923141002655,1,main_engine,0.3333333333333333,0.3333333333333333,0.3333333333333333,-3.083320566027528,0.02050568178606836,0.0,0.0,none
lunarlander,random,13,411,-0.09237909068663916,0.915067195892334,0.08100808411836624,0.39019167572259905,1,main_engine,0.3333333333333333,0.3333333333333333,0.3333333333333333,-3.0005341800459164,0.014386844015766996,0.0,0.0,none
lunarlander,random,13,412,-0.0965571403503418,0.9129189650217692,0.0728352814912796,0.4010597750544548,1,main_engine,0.3333333333333333,0.3333333333333333,0.3333333333333333,-3.723757098319951,0.009196711477479377,0.0,0.0,none
lunarlander,random,13,413,-0.10096931209166846,0.9108401934305826,0.07050549983978271,0.40850041136145593,0,left_thruster,0.3333333333333333,0.3333333333333333,0.3333333333333333,-2.698002196409095,0.030593936269002735,0.0,0.0,none
lunarlander,random,13,414,-0.10544173419475555,0.9083441893259684,0.084673672914505,0.43512782603502276,2,right_thruster,0.3333333333333333,0.3333333333333333,0.3333333333333333,-0.8115248250036029,0.013605306821204121,0.0,0.0,none
lunarlander,random,13,415,-0.10985874881347021,0.9054687817891439,0.09716164320707321,0.43395437598228453,0,left_thruster,0.3333333333333333,0.3333333333333333,0.3333333333333333,-3.0166892179622207,0.033873577667175546,0.0,0.0,none
lunarlander,random,13,416,-0.11434459437926611,0.902161439259847,0.11188237369060516,0.4639486759901047,2,right_thruster,0.3333333333333333,0.3333333333333333,0.3333333333333333,-1.0171459742729416,0.013621934309680565,0.0,0.0,none
lunarlander,random,13,417,-0.1187791054447492,0.8984790643056234,0.12422330677509308,0.4637651242315769,1,main_engine,0.3333333333333333,0.3333333333333333,0.3333333333333333,-1.6219791874454985,0.02416372894809533,0.0,0.0,none
lunarlander,random,13,418,-0.12335475534200668,0.8952556451161703,0.10906942933797836,0.48173506557941437,0,left_thruster,0.3333333333333333,0.3333333333333333,0.3333333333333333,-2.922766785821692,0.03174598421621508,0.0,0.0,none
lunarlander,random,13,419,-0.1279877871274948,0.8916117350260416,0.1233823150396347,0.5094515904784203,1,main_engine,0.3333333333333333,0.3333333333333333,0.3333333333333333,-4.274510102120404,0.015280454216099207,0.0,0.0,none
lunarlander,random,13,420,-0.1329510162274043,0.8882333437601725,0.11453289538621902,0.5203663915395736,1,main_engine,0.3333333333333333,0.3333333333333333,0.3333333333333333,-2.2573276320588205,0.019413633997850604,0.0,0.0,none
lunarlander,random,13,421,-0.13801217079162598,0.8849743207295736,0.11068839579820633,0.5384183302521706,2,right_thruster,0.3333333333333333,0.3333333333333333,0.3333333333333333,-0.6380845724515826,0.014108054999528675,0.0,0.0,none
lunarlander,random,13,422,-0.14300528913736343,0.8813616434733073,0.12217267602682114,0.5330177880823612,1,main_engine,0.3333333333333333,0.3333333333333333,0.3333333333333333,-3.086559319896852,0.017260260314550142,0.0,0.0,none
lunarlander,random,13,423,-0.1482241104046504,0.8780072530110677,0.11364088952541351,0.5466793097555638,0,left_thruster,0.3333333333333333,0.3333333333333333,0.3333333333333333,-2.9074433161421847,0.033295191740628484,0.0,0.0,none
lunarlander,random,13,424,-0.153501828511556,0.8742190996805826,0.12846098840236664,0.5757779359817505,0,left_thruster,0.3333333333333333,0.3333333333333333,0.3333333333333333,-3.365950668578139,0.03805718237289344,0.0,0.0,none
lunarlander,random,13,425,-0.1588513826330503,0.8699951171875,0.1434500813484192,0.6100885242223739,2,right_thruster,0.3333333333333333,0.3333333333333333,0.3333333333333333,-1.058812352619725,0.013474257735518058,0.0,0.0,none
lunarlander,random,13,426,-0.16414284706115723,0.8654197057088217,0.1548728495836258,0.608624966442585,0,left_thruster,0.3333333333333333,0.3333333333333333,0.3333333333333333,-3.057801947473108,0.03383279374148858,0.0,0.0,none
lunarlander,random,13,427,-0.169483224550883,0.8604094187418619,0.1697421669960022,0.6381196901202202,0,left_thruster,0.3333333333333333,0.3333333333333333,0.3333333333333333,-3.30177520110323,0.03570655997969973,0.0,0.0,none
lunarlander,random,13,428,-0.17487859974304837,0.8549722830454508,0.18438145518302917,0.6697737127542496,0,left_thruster,0.3333333333333333,0.3333333333333333,0.3333333333333333,-3.3440085781620517,0.035997981665151224,0.0,0.0,none
lunarlander,random,13,429,-0.180316095550855,0.8491012255350748,0.1992398351430893,0.7015706866979599,1,main_engine,0.3333333333333333,0.3333333333333333,0.3333333333333333,-3.40986410131115,0.03268384083128682,0.0,0.0,none
lunarlander,random,13,430,-0.18606742223103842,0.8437594572703043,0.18186555802822113,0.728117921948433,2,right_thruster,0.3333333333333333,0.3333333333333333,0.3333333333333333,-1.6587127830043005,0.015296760586840458,0.0,0.0,none
lunarlander,random,13,431,-0.19176820913950604,0.8380545775095621,0.19372154772281647,0.7334453761577606,1,main_engine,0.3333333333333333,0.3333333333333333,0.3333333333333333,-5.168099319621999,0.02248316413923817,0.0,0.0,none
lunarlander,random,13,432,-0.1979008068641027,0.8326675097147623,0.18320819735527039,0.751565334200859,0,left_thruster,0.3333333333333333,0.3333333333333333,0.3333333333333333,-3.3529964872693903,0.03704282008949771,0.0,0.0,none
lunarlander,random,13,433,-0.20407911390066147,0.82684858640035,0.19805364310741425,0.7844249129295349,2,right_thruster,0.3333333333333333,0.3333333333333333,0.3333333333333333,-1.553770412909803,0.014626792436584914,0.0,0.0,none
lunarlander,random,13,434,-0.21021023392677307,0.8206814130147299,0.2093338668346405,0.7877528175711632,2,right_thruster,0.3333333333333333,0.3333333333333333,0.3333333333333333,-1.0584431654763125,0.014444061949893882,0.0,0.0,none
lunarlander,random,13,435,-0.21627776324748993,0.8141728242238363,0.2202303111553192,0.7844784036278725,0,left_thruster,0.3333333333333333,0.3333333333333333,0.3333333333333333,-3.1625497518637187,0.036164666747896604,0.0,0.0,none
lunarlander,random,13,436,-0.22239188353220624,0.8072229226430258,0.2354302555322647,0.8159611165523529,2,right_thruster,0.3333333333333333,0.3333333333333333,0.3333333333333333,-1.4819736494973221,0.015400453540688109,0.0,0.0,none
lunarlander,random,13,437,-0.22846564650535583,0.7999137242635092,0.24709269404411316,0.8192545220255851,2,right_thruster,0.3333333333333333,0.3333333333333333,0.3333333333333333,-1.1030640386448318,0.01486789127768882,0.0,0.0,none
lunarlander,random,13,438,-0.23449366291364035,0.79226287206014,0.25803014636039734,0.8166944816708565,1,main_engine,0.3333333333333333,0.3333333333333333,0.3333333333333333,-5.919389279155919,0.013130472425647893,0.0,0.0,none
lunarlander,random,13,439,-0.24109813074270886,0.784740130106608,0.2536278963088989,0.823962140083313,2,right_thruster,0.3333333333333333,0.3333333333333333,0.3333333333333333,-1.016352738166629,0.0156695352248454,0.0,0.0,none
lunarlander,random,13,440,-0.2476637065410614,0.7768522898356119,0.2654609978199005,0.8235294356942177,1,main_engine,0.3333333333333333,0.3333333333333333,0.3333333333333333,-4.36837326728242,0.017774915775005024,0.0,0.0,none
lunarlander,random,13,441,-0.25468627611796063,0.7691990534464518,0.25769752264022827,0.8356862269341946,0,left_thruster,0.3333333333333333,0.3333333333333333,0.3333333333333333,-2.9877952813690194,0.03808774158890301,0.0,0.0,none
lunarlander,random,13,442,-0.26177016397317254,0.7610874970753988,0.2736460268497467,0.8685547903180122,2,right_thruster,0.3333333333333333,0.3333333333333333,0.3333333333333333,-0.722507912548092,0.016579994151902512,0.0,0.0,none
lunarlander,random,13,443,-0.2688021709521612,0.7526355584462484,0.2844409942626953,0.8624326586723328,2,right_thruster,0.3333333333333333,0.3333333333333333,0.3333333333333333,-0.8280178339789246,0.01630041632990275,0.0,0.0,none
lunarlander,random,13,444,-0.27580055097738904,0.7438319524129232,0.2957482635974884,0.8590609483420849,0,left_thruster,0.3333333333333333,0.3333333333333333,0.3333333333333333,-2.562276655144881,0.033773840157470446,0.0,0.0,none
lunarlander,random,13,445,-0.2828436344861984,0.7345741589864095,0.31145504117012024,0.8866046890616417,1,main_engine,0.3333333333333333,0.3333333333333333,0.3333333333333333,-6.3794280459303785,0.014606415185865229,0.0,0.0,none
lunarlander,random,13,446,-0.2905592073996862,0.7254830996195475,0.305751234292984,0.892820517718792,1,main_engine,0.3333333333333333,0.3333333333333333,0.3333333333333333,-3.156983472027873,0.020108619008378743,0.0,0.0,none
lunarlander,random,13,447,-0.2985656261444092,0.7164937655131022,0.3025372326374054,0.9086039230227471,2,right_thruster,0.3333333333333333,0.3333333333333333,0.3333333333333333,-0.7944143369750191,0.016992095244516496,0.0,0.0,none
lunarlander,random,13,448,-0.30654040475686395,0.7071571350097656,0.31366097927093506,0.9048324778676033,2,right_thruster,0.3333333333333333,0.3333333333333333,0.3333333333333333,-0.32373198497383104,0.019298119029680514,0.0,0.0,none
lunarlander,random,13,449,-0.3144686669111252,0.6974829832712809,0.3243075907230377,0.8947022996842862,1,main_engine,0.3333333333333333,0.3333333333333333,0.3333333333333333,-5.3790313251168325,0.015296738123171375,0.0,0.0,none
lunarlander,random,13,450,-0.32299076517423,0.6879905064900717,0.31821614503860474,0.9005462035536766,0,left_thruster,0.3333333333333333,0.3333333333333333,0.3333333333333333,-2.3933133562514035,0.03541174636713842,0.0,0.0,none
lunarlander,random,13,451,-0.3315588583548864,0.6780279477437338,0.33457720279693604,0.9290706276893616,1,main_engine,0.3333333333333333,0.3333333333333333,0.3333333333333333,-5.690722980159328,0.015947157665401876,0.0,0.0,none
lunarlander,random,13,452,-0.34069364269574487,0.6681767304738363,0.3308194875717163,0.936797247081995,0,left_thruster,0.3333333333333333,0.3333333333333333,0.3333333333333333,-2.204282986313726,0.031336042588454474,0.0,0.0,none
lunarlander,random,13,453,-0.3498580555121104,0.6578795512517294,0.3461636006832123,0.9603872321546078,2,right_thruster,0.3333333333333333,0.3333333333333333,0.3333333333333333,-0.47138083507017203,0.01948386236274231,0.0,0.0,none
lunarlander,random,13,454,-0.3589746604363124,0.6472410360972086,0.35692766308784485,0.9521735019981861,0,left_thruster,0.3333333333333333,0.3333333333333333,0.3333333333333333,-2.4038780609980765,0.0349823930954701,0.0,0.0,none
lunarlander,random,13,455,-0.36812901496887207,0.6361403465270996,0.37296947836875916,0.979730723798275,1,main_engine,0.3333333333333333,0.3333333333333333,0.3333333333333333,-5.942980753423319,0.01914950869025122,0.0,0.0,none
lunarlander,random,13,456,-0.377885972460111,0.625206192334493,0.3674423396587372,0.9907489120960236,1,main_engine,0.3333333333333333,0.3333333333333333,0.3333333333333333,-4.351434601786837,0.017845944119213038,0.0,0.0,none
lunarlander,random,13,457,-0.3880425790945689,0.6143834988276163,0.3638916015625,1.0,1,main_engine,0.3333333333333333,0.3333333333333333,0.3333333333333333,-5.087649430520068,0.016532667759492355,0.0,0.0,none
lunarlander,random,13,458,-0.3986787299315135,0.6037740707397461,0.356989324092865,1.0,2,right_thruster,0.3333333333333333,0.3333333333333333,0.3333333333333333,-0.9869637745351747,0.018936542813265195,0.0,0.0,none
lunarlander,random,13,459,-0.4092857489983241,0.5928136110305786,0.36821216344833374,1.0,2,right_thruster,0.3333333333333333,0.3333333333333333,0.3333333333333333,-0.6854551115605501,0.018833700771885654,0.0,0.0,none
lunarlander,random,13,460,-0.41986003518104553,0.5815136035283407,0.37894541025161743,1.0,1,main_engine,0.3333333333333333,0.3333333333333333,0.3333333333333333,-3.803655757045933,0.015748140264868475,0.0,0.0,none
lunarlander,random,13,461,-0.4307699203491211,0.5702663660049438,0.37737125158309937,1.0,2,right_thruster,0.3333333333333333,0.3333333333333333,0.3333333333333333,-0.5604456572660661,0.019207935206069775,0.0,0.0,none
lunarlander,random,13,462,-0.44164394338925683,0.5586773157119751,0.3881598711013794,1.0,1,main_engine,0.3333333333333333,0.3333333333333333,0.3333333333333333,-7.090711774013525,0.016352557264923788,0.0,0.0,none
lunarlander,random,13,463,-0.45318151513735455,0.5470981597900391,0.38769757747650146,1.0,2,right_thruster,0.3333333333333333,0.3333333333333333,0.3333333333333333,-0.16370547964012985,0.019338011377823195,0.0,0.0,none
lunarlander,random,13,464,-0.4646804928779602,0.5351957480112711,0.39770081639289856,1.0,0,left_thruster,0.3333333333333333,0.3333333333333333,0.3333333333333333,-2.201248242425845,0.023530186321727868,0.0,0.0,none
lunarlander,random,13,465,-0.4762223859628042,0.5228249629338583,0.414053738117218,1.0,2,right_thruster,0.3333333333333333,0.3333333333333333,0.3333333333333333,-0.5114917032190078,0.02031587999962977,0.0,0.0,none
lunarlander,random,13,466,-0.48773561914761865,0.5101104974746704,0.4249405562877655,1.0,0,left_thruster,0.3333333333333333,0.3333333333333333,0.3333333333333333,-2.409429988193901,0.024256443179147612,0.0,0.0,none
lunarlander,random,13,467,-0.499291072289149,0.49691784381866455,0.4416976571083069,1.0,2,right_thruster,0.3333333333333333,0.3333333333333333,0.3333333333333333,-0.30841988377213514,0.020265388130162782,0.0,0.0,none
lunarlander,random,13,468,-0.5108068883419037,0.4834071397781372,0.451471745967865,1.0,2,right_thruster,0.3333333333333333,0.3333333333333333,0.3333333333333333,-0.1981959825676995,0.020734005697515275,0.0,0.0,none
lunarlander,random,13,469,-0.5222852031389873,0.46956491470336914,0.46179357171058655,1.0,0,left_thruster,0.3333333333333333,0.3333333333333333,0.3333333333333333,-2.0698492518627742,0.02446260593161741,0.0,0.0,none
lunarlander,random,13,470,-0.5337977906068166,0.4552582899729411,0.47795525193214417,1.0,1,main_engine,0.3333333333333333,0.3333333333333333,0.3333333333333333,-7.156072223300603,0.018851513252000327,0.0,0.0,none
lunarlander,random,13,471,-0.5460301538308462,0.4409933090209961,0.47645220160484314,1.0,0,left_thruster,0.3333333333333333,0.3333333333333333,0.3333333333333333,-2.490441536676317,0.02524340734485541,0.0,0.0,none
lunarlander,random,13,472,-0.5583011607329051,0.4262583653132121,0.49286967515945435,1.0,0,left_thruster,0.3333333333333333,0.3333333333333333,0.3333333333333333,-2.8462360077705284,0.025778519338351607,0.0,0.0,none
lunarlander,random,13,473,-0.5706071853637695,0.4110443989435832,0.5096514821052551,1.0,1,main_engine,0.3333333333333333,0.3333333333333333,0.3333333333333333,-4.634914969582603,0.020120660040202378,0.0,0.0,none
lunarlander,random,13,474,-0.5832538505395254,0.3957354625066121,0.5128979086875916,1.0,2,right_thruster,0.3333333333333333,0.3333333333333333,0.3333333333333333,-1.3764845430649666,0.023007757212059415,0.0,0.0,none
lunarlander,random,13,475,-0.5958726008733114,0.38007549444834393,0.5240733027458191,1.0,1,main_engine,0.3333333333333333,0.3333333333333333,0.3333333333333333,-6.514298687918333,0.020522879134516166,0.0,0.0,none
lunarlander,random,13,476,-0.6090469658374786,0.36438071727752686,0.5252128839492798,1.0,2,right_thruster,0.3333333333333333,0.3333333333333333,0.3333333333333333,-1.127512621626904,0.02304494074904279,0.0,0.0,none
lunarlander,random,13,477,-0.6221931676069896,0.34836089611053467,0.5352931618690491,1.0,0,left_thruster,0.3333333333333333,0.3333333333333333,0.3333333333333333,-2.8544863089636237,0.026571042068430778,0.0,0.0,none
lunarlander,random,13,478,-0.6353649993737539,0.33187661568323773,0.5514422059059143,1.0,0,left_thruster,0.3333333333333333,0.3333333333333333,0.3333333333333333,-3.0960424569745713,0.026523923467896754,0.0,0.0,none
lunarlander,random,13,479,-0.6485665341218313,0.3149423599243164,0.5670136213302612,1.0,1,main_engine,0.3333333333333333,0.3333333333333333,0.3333333333333333,-7.455361045734285,0.022562678296662756,0.0,0.0,none
lunarlander,random,13,480,-0.6624448299407959,0.2981933156649272,0.5610188841819763,1.0,0,left_thruster,0.3333333333333333,0.3333333333333333,0.3333333333333333,-3.4811946083531597,0.027045746539120948,0.0,0.0,none
lunarlander,random,13,481,-0.6763466695944469,0.2809939980506897,0.5765879154205322,1.0,0,left_thruster,0.3333333333333333,0.3333333333333333,0.3333333333333333,-3.8548642272861935,0.02756131796684268,0.0,0.0,none
lunarlander,random,13,482,-0.6902732451756796,0.26333614190419513,0.5925214290618896,1.0,0,left_thruster,0.3333333333333333,0.3333333333333333,0.3333333333333333,-4.219068703107719,0.0279926853101147,0.0,0.0,none
lunarlander,random,13,483,-0.7042252520720165,0.24521517753601074,0.6086633801460266,1.0,2,right_thruster,0.3333333333333333,0.3333333333333333,0.3333333333333333,-2.9786970488758127,0.02560446554918645,0.0,0.0,none
lunarlander,random,13,484,-0.7181608180205028,0.22674904266993204,0.6196356415748596,1.0,1,main_engine,0.3333333333333333,0.3333333333333333,0.3333333333333333,-8.389988592677804,0.024253562971048775,0.0,0.0,none
lunarlander,random,13,485,-0.7326569159825643,0.20811382929484049,0.625187873840332,1.0,1,main_engine,0.3333333333333333,0.3333333333333333,0.3333333333333333,-9.331952631774818,0.02413861311644544,0.0,0.0,none
lunarlander,random,13,486,-0.7478720943133037,0.1895621418952942,0.6225410103797913,1.0,2,right_thruster,0.3333333333333333,0.3333333333333333,0.3333333333333333,-3.01514266211316,0.026427801566318118,0.0,0.0,none
lunarlander,random,13,487,-0.7630626857280731,0.17067418495814005,0.6330728530883789,1.0,1,main_engine,0.3333333333333333,0.3333333333333333,0.3333333333333333,-7.864724651378137,0.026071675068409954,0.0,0.0,none
lunarlander,random,13,488,-0.7786983748277029,0.15153446793556213,0.6413751840591431,1.0,0,left_thruster,0.3333333333333333,0.3333333333333333,0.3333333333333333,-4.550958402603319,0.029641239340080422,0.0,0.0,none
lunarlander,random,13,489,-0.7943487167358398,0.13193913300832114,0.6571768522262573,1.0,0,left_thruster,0.3333333333333333,0.3333333333333333,0.3333333333333333,-5.127601795164001,0.030462458816929567,0.0,0.0,none
lunarlander,random,13,490,-0.8100202679634094,0.11186757683753967,0.673895001411438,1.0,0,left_thruster,0.3333333333333333,0.3333333333333333,0.3333333333333333,-5.658990168079009,0.03110108393214892,0.0,0.0,none
lunarlander,random,13,491,-0.8257158597310384,0.09130778908729553,0.6911640763282776,1.0,0,left_thruster,0.3333333333333333,0.3333333333333333,0.3333333333333333,-100.07501946508884,1.6843981452087493,0.0,0.0,none
lunarlander,random,13,492,0.0012009938169891636,0.9390433629353842,0.05233323946595192,-0.013235011044889687,0,left_thruster,0.3333333333333333,0.3333333333333333,0.3333333333333333,-0.6414860356752116,0.01861359339640783,0.0,0.0,none
lunarlander,random,13,493,0.0023408730824788413,0.9370866616566976,0.0652218759059906,2.092309296131004e-06,2,right_thruster,0.3333333333333333,0.3333333333333333,0.3333333333333333,-2.652760760692432,0.023365546904812507,0.0,0.0,none
lunarlander,random,13,494,0.0035597484869261584,0.9347242514292399,0.07874711602926254,-0.01886454550549388,0,left_thruster,0.3333333333333333,0.3333333333333333,0.3333333333333333,-0.9334159552515985,0.02009993535505283,0.0,0.0,none
lunarlander,random,13,495,0.004707733945300182,0.931969960530599,0.09180872142314911,-0.0038812922924989835,2,right_thruster,0.3333333333333333,0.3333333333333333,0.3333333333333333,-2.4858556187910628,0.02058686925076321,0.0,0.0,none
lunarlander,random,13,496,0.0059184234123677015,0.9288119475046793,0.10526822507381439,-0.01908728228881955,1,main_engine,0.3333333333333333,0.3333333333333333,0.3333333333333333,3.6630388304932446,0.021036200423489537,0.0,0.0,none
lunarlander,random,13,497,0.0070324741924802465,0.926247755686442,0.0854792445898056,-0.02565247770398855,1,main_engine,0.3333333333333333,0.3333333333333333,0.3333333333333333,2.4908338591746486,0.018607180486879715,0.0,0.0,none
lunarlander,random,13,498,0.008142073638737202,0.9242302576700846,0.0672607496380806,-0.028654493391513824,0,left_thruster,0.3333333333333333,0.3333333333333333,0.3333333333333333,-1.0631153788680308,0.01834487881917639,0.0,0.0,none
lunarlander,random,13,499,0.00918897024045388,0.9218204816182455,0.08032985031604767,-0.01605170904658735,0,left_thruster,0.3333333333333333,0.3333333333333333,0.3333333333333333,-1.2401017717563048,0.01802906702553633,0.0,0.0,none
lunarlander,random,13,500,0.010184128768742085,0.9190124670664469,0.09359531849622726,-0.004211129434406758,0,left_thruster,0.3333333333333333,0.3333333333333333,0.3333333333333333,-0.9318787920646423,0.02456342988580014,0.0,0.0,none
lunarlander,random,13,501,0.011098305694758892,0.9158068497975668,0.10684018582105637,0.016205135546624658,2,right_thruster,0.3333333333333333,0.3333333333333333,0.3333333333333333,-2.2610332519000824,0.020350254507584195,0.0,0.0,none
lunarlander,random,13,502,0.012088537526627382,0.9122058550516764,0.12003414332866669,0.0011683599092066283,2,right_thruster,0.3333333333333333,0.3333333333333333,0.3333333333333333,-2.329029254875031,0.019441019672925847,0.0,0.0,none
lunarlander,random,13,503,0.013138453165690105,0.9081999460856119,0.13352932035923004,-0.012198906578123569,1,main_engine,0.3333333333333333,0.3333333333333333,0.3333333333333333,0.7556801899491995,0.005292617119775716,0.0,0.0,none
lunarlander,random,13,504,0.014202197392781576,0.9042962392171224,0.130127415060997,-0.01246035872027278,2,right_thruster,0.3333333333333333,0.3333333333333333,0.3333333333333333,-2.3745781333193485,0.02020244087420087,0.0,0.0,none
lunarlander,random,13,505,0.015324115132292112,0.8999994595845541,0.1432327777147293,-0.027179973945021627,0,left_thruster,0.3333333333333333,0.3333333333333333,0.3333333333333333,-1.5156412621199196,0.017702172089264438,0.0,0.0,none
lunarlander,random,13,506,0.016391913716991745,0.8953027725219727,0.15655812621116638,-0.016568521596491338,2,right_thruster,0.3333333333333333,0.3333333333333333,0.3333333333333333,-2.5106210883860998,0.024249891016322862,0.0,0.0,none
lunarlander,random,13,507,0.017537275950113933,0.8902038733164469,0.16997502744197845,-0.03608091119676828,2,right_thruster,0.3333333333333333,0.3333333333333333,0.3333333333333333,-2.5969343612980613,0.02409786102672192,0.0,0.0,none
lunarlander,random,13,508,0.01874907873570919,0.8847017288208008,0.18343231081962585,-0.055260754004120824,1,main_engine,0.3333333333333333,0.3333333333333333,0.3333333333333333,0.1613700774513143,0.007223987373506738,0.0,0.0,none
lunarlander,random,13,509,0.019986311284204326,0.879243532816569,0.18197837471961975,-0.05959081351757049,0,left_thruster,0.3333333333333333,0.3333333333333333,0.3333333333333333,-1.5454028634776138,0.018867818350301217,0.0,0.0,none
lunarlander,random,13,510,0.02115321190406879,0.8733848730723063,0.1953171193599701,-0.04765821490436792,0,left_thruster,0.3333333333333333,0.3333333333333333,0.3333333333333333,-1.3678677771676666,0.019010480338237618,0.0,0.0,none
lunarlander,random,13,511,0.022257408127188683,0.8671334584554037,0.2083914428949356,-0.03540419545024633,2,right_thruster,0.3333333333333333,0.3333333333333333,0.3333333333333333,-2.1310632744114875,0.02186485420703167,0.0,0.0,none
lunarlander,random,13,512,0.02342406970759233,0.8604866663614908,0.2215861827135086,-0.05147994570434093,0,left_thruster,0.3333333333333333,0.3333333333333333,0.3333333333333333,-1.2227377931471153,0.020842430507328733,0.0,0.0,none
lunarlander,random,13,513,0.024518330271045368,0.8534497419993082,0.2345723956823349,-0.03681538053788245,2,right_thruster,0.3333333333333333,0.3333333333333333,0.3333333333333333,-2.0637510567618516,0.024059424060427426,0.0,0.0,none
lunarlander,random,13,514,0.025687217712402344,0.8460177580515543,0.2477678656578064,-0.05547375064343214,0,left_thruster,0.3333333333333333,0.3333333333333333,0.3333333333333333,-1.2628007186363834,0.019503025868142367,0.0,0.0,none
lunarlander,random,13,515,0.026794193933407467,0.8381905555725098,0.2609182298183441,-0.04343442153185606,2,right_thruster,0.3333333333333333,0.3333333333333333,0.3333333333333333,-2.128152626864337,0.02632060154577071,0.0,0.0,none
lunarlander,random,13,516,0.027982632940014206,0.829952081044515,0.2746627926826477,-0.06428091302514076,2,right_thruster,0.3333333333333333,0.3333333333333333,0.3333333333333333,-2.221950230032795,0.023866664800021798,0.0,0.0,none
lunarlander,random,13,517,0.029226460804541908,0.8212889035542806,0.28884974122047424,-0.08136161640286446,2,right_thruster,0.3333333333333333,0.3333333333333333,0.3333333333333333,-2.2636277205140742,0.025911030245498817,0.0,0.0,none
lunarlander,random,13,518,0.030531246835986774,0.812217632929484,0.302488774061203,-0.10139578357338905,2,right_thruster,0.3333333333333333,0.3333333333333333,0.3333333333333333,-2.297915019452482,0.0265114430469577,0.0,0.0,none
lunarlander,random,13,519,0.031893172611792885,0.8027488390604655,0.3157912790775299,-0.12223773822188377,1,main_engine,0.3333333333333333,0.3333333333333333,0.3333333333333333,1.9639428174684814,0.01613901483114923,0.0,0.0,none
lunarlander,random,13,520,0.03329118092854818,0.7935771147410074,0.30592072010040283,-0.13101070299744605,1,main_engine,0.3333333333333333,0.3333333333333333,0.3333333333333333,2.181109780112878,0.01646257292712233,0.0,0.0,none
lunarlander,random,13,521,0.034808317820231124,0.7847862243652344,0.2932397723197937,-0.13654499724507332,1,main_engine,0.3333333333333333,0.3333333333333333,0.3333333333333333,2.5857572893852354,0.018461794294013636,0.0,0.0,none
lunarlander,random,13,522,0.036440134669343635,0.7764558792114258,0.2779013216495514,-0.14233397841453552,1,main_engine,0.3333333333333333,0.3333333333333333,0.3333333333333333,3.5284924854663746,0.023515215873226563,0.0,0.0,none
lunarlander,random,13,523,0.038171292593081795,0.7687569459279379,0.25686779618263245,-0.14928276985883712,2,right_thruster,0.3333333333333333,0.3333333333333333,0.3333333333333333,-2.781631881743046,0.029692644038052392,0.0,0.0,none
lunarlander,random,13,524,0.03997246424357097,0.7606491247812907,0.2705981433391571,-0.17426575794816018,0,left_thruster,0.3333333333333333,0.3333333333333333,0.3333333333333333,-1.5994792421897819,0.01706602583578919,0.0,0.0,none
lunarlander,random,13,525,0.04170409714182218,0.75214950243632,0.28360995650291443,-0.16743203103542328,1,main_engine,0.3333333333333333,0.3333333333333333,0.3333333333333333,0.34320628159551236,0.01487470612818821,0.0,0.0,none
lunarlander,random,13,526,0.04337970477839311,0.7436541716257731,0.2835081219673157,-0.17952617034316062,0,left_thruster,0.3333333333333333,0.3333333333333333,0.3333333333333333,-1.3791292309937342,0.01900441327818277,0.0,0.0,none
lunarlander,random,13,527,0.044976950933535896,0.7347679138183594,0.29645952582359314,-0.1689473193138838,1,main_engine,0.3333333333333333,0.3333333333333333,0.3333333333333333,3.916857284919844,0.023903452714780248,0.0,0.0,none
lunarlander,random,13,528,0.04654526710510254,0.7264512379964193,0.2775229811668396,-0.1808282122015953,1,main_engine,0.3333333333333333,0.3333333333333333,0.3333333333333333,1.1601852062837201,0.01247094559418997,0.0,0.0,none
lunarlander,random,13,529,0.04818471148610115,0.7183318138122559,0.2709563970565796,-0.18744573667645453,0,left_thruster,0.3333333333333333,0.3333333333333333,0.3333333333333333,-1.3614643914260263,0.018001177875953962,0.0,0.0,none
lunarlander,random,13,530,0.04975923026601474,0.7098221778869629,0.2838849723339081,-0.17839027792215348,1,main_engine,0.3333333333333333,0.3333333333333333,0.3333333333333333,0.005020607610499621,0.010009136348349056,0.0,0.0,none
lunarlander,random,13,531,0.05137968187530836,0.7012656529744467,0.28545570373535156,-0.1830674171447754,1,main_engine,0.3333333333333333,0.3333333333333333,0.3333333333333333,0.3307978345569302,0.009204901563993248,0.0,0.0,none
lunarlander,random,13,532,0.05310106401642164,0.6927461624145508,0.2842135727405548,-0.18583191484212874,1,main_engine,0.3333333333333333,0.3333333333333333,0.3333333333333333,3.8194876098572834,0.022951989281101527,0.0,0.0,none
lunarlander,random,13,533,0.05489230155944824,0.6848344008127848,0.26398390531539917,-0.19302565269172192,2,right_thruster,0.3333333333333333,0.3333333333333333,0.3333333333333333,-2.586432337379374,0.02922543626380123,0.0,0.0,none
lunarlander,random,13,534,0.05676142250498136,0.6765050093332926,0.2780439257621765,-0.21718283742666245,1,main_engine,0.3333333333333333,0.3333333333333333,0.3333333333333333,0.35628640149779245,0.010669492205748593,0.0,0.0,none
lunarlander,random,13,535,0.05874999488393466,0.6682928403218588,0.2741398215293884,-0.2223983809351921,1,main_engine,0.3333333333333333,0.3333333333333333,0.3333333333333333,2.1665591732178826,0.02014259614397754,0.0,0.0,none
lunarlander,random,13,536,0.06099017336964607,0.6606312990188599,0.25576335191726685,-0.22447489947080612,1,main_engine,0.3333333333333333,0.3333333333333333,0.3333333333333333,1.5560521602016797,0.017264886100150777,0.0,0.0,none
lunarlander,random,13,537,0.06343626727660498,0.6534252166748047,0.2405712753534317,-0.22753530852496623,1,main_engine,0.3333333333333333,0.3333333333333333,0.3333333333333333,0.0344500103056521,0.010091791354797632,0.0,0.0,none
lunarlander,random,13,538,0.06607325747609138,0.646414558092753,0.23403097689151764,-0.22925742864608764,0,left_thruster,0.3333333333333333,0.3333333333333333,0.3333333333333333,-0.7213460566896583,0.02027271973839369,0.0,0.0,none
lunarlander,random,13,539,0.06863260020812353,0.6390227476755778,0.24659042060375214,-0.215399057790637,0,left_thruster,0.3333333333333333,0.3333333333333333,0.3333333333333333,-0.8223062811977434,0.018489035480201577,0.0,0.0,none
lunarlander,random,13,540,0.07113718738158545,0.6312404870986938,0.25949826836586,-0.2049877484329045,2,right_thruster,0.3333333333333333,0.3333333333333333,0.3333333333333333,-2.017181190382805,0.02261183439877287,0.0,0.0,none
lunarlander,random,13,541,0.07369756698608398,0.623039722442627,0.2735639810562134,-0.220468145608902,0,left_thruster,0.3333333333333333,0.3333333333333333,0.3333333333333333,-0.6547279156782122,0.0198494760896373,0.0,0.0,none
lunarlander,random,13,542,0.07619619369506836,0.6144593159357706,0.28608882427215576,-0.20792767144739627,0,left_thruster,0.3333333333333333,0.3333333333333333,0.3333333333333333,-0.425732289732822,0.022012484579935314,0.0,0.0,none
lunarlander,random,13,543,0.07862854128082594,0.6054985920588175,0.29863080382347107,-0.1924022941850126,2,right_thruster,0.3333333333333333,0.3333333333333333,0.3333333333333333,-1.6395239870867226,0.021454084329690606,0.0,0.0,none
lunarlander,random,13,544,0.08111643915375075,0.5961219867070516,0.31260764598846436,-0.20547192515805363,0,left_thruster,0.3333333333333333,0.3333333333333333,0.3333333333333333,-0.5349999585157389,0.02011308798567465,0.0,0.0,none
lunarlander,random,13,545,0.08355395247538885,0.5863596200942993,0.32536187767982483,-0.19361356906592847,1,main_engine,0.3333333333333333,0.3333333333333333,0.3333333333333333,2.0278012239319447,0.01285341018318081,0.0,0.0,none
lunarlander,random,13,546,0.08611146360635757,0.5768417517344157,0.317209392786026,-0.19234216744080185,1,main_engine,0.3333333333333333,0.3333333333333333,0.3333333333333333,0.8967676991993835,0.01107845437501729,0.0,0.0,none
lunarlander,random,13,547,0.08882713193694751,0.5674151579538981,0.3141383230686188,-0.18821116788312792,0,left_thruster,0.3333333333333333,0.3333333333333333,0.3333333333333333,-0.07973797317251866,0.02435274414062874,0.0,0.0,none
lunarlander,random,13,548,0.09147508690754573,0.557607372601827,0.32670632004737854,-0.16999311968684197,0,left_thruster,0.3333333333333333,0.3333333333333333,0.3333333333333333,-0.03291527637307354,0.023972196375463314,0.0,0.0,none
lunarlander,random,13,549,0.09406654164195061,0.5474102894465128,0.3395785391330719,-0.1527224499732256,1,main_engine,0.3333333333333333,0.3333333333333333,0.3333333333333333,1.841393822268303,0.017571725513090157,0.0,0.0,none
lunarlander,random,13,550,0.09691317876180014,0.5374464988708496,0.33175620436668396,-0.14088200442492962,1,main_engine,0.3333333333333333,0.3333333333333333,0.3333333333333333,2.9066343830180768,0.01462826085694586,0.0,0.0,none
lunarlander,random,13,551,0.09983587389190993,0.527768055597941,0.32226476073265076,-0.1362253852188587,1,main_engine,0.3333333333333333,0.3333333333333333,0.3333333333333333,3.488435710098993,0.015491416125657093,0.0,0.0,none
lunarlander,random,13,552,0.10277875388662021,0.5184475978215536,0.31037235260009766,-0.13448667116463184,0,left_thruster,0.3333333333333333,0.3333333333333333,0.3333333333333333,0.24205784198438662,0.026702658310423916,0.0,0.0,none
lunarlander,random,13,553,0.1056568572918574,0.5087342262268066,0.32337304949760437,-0.1134776070713997,0,left_thruster,0.3333333333333333,0.3333333333333333,0.3333333333333333,0.5601073824902698,0.030386187525164293,0.0,0.0,none
lunarlander,random,13,554,0.10846051077047984,0.49863282839457196,0.33620211482048035,-0.08800533264875413,1,main_engine,0.3333333333333333,0.3333333333333333,0.3333333333333333,2.943759624884183,0.011791149810586394,0.0,0.0,none
lunarlander,random,13,555,0.11120835940043132,0.4886488119761149,0.33235684037208557,-0.08388055115938187,2,right_thruster,0.3333333333333333,0.3333333333333333,0.3333333333333333,-0.9759391896338252,0.020660083218813137,0.0,0.0,none
lunarlander,random,13,556,0.11403504759073257,0.4782473643620809,0.34640538692474365,-0.0945246621966362,2,right_thruster,0.3333333333333333,0.3333333333333333,0.3333333333333333,-0.9461753308254516,0.019725498243479102,0.0,0.0,none
lunarlander,random,13,557,0.11692301680644354,0.4674352804819743,0.3601941764354706,-0.1031108744442463,1,main_engine,0.3333333333333333,0.3333333333333333,0.3333333333333333,1.792944854326447,0.0139369728956191,0.0,0.0,none
lunarlander,random,13,558,0.11993361016114554,0.45674745241800946,0.35604459047317505,-0.09578101709485054,2,right_thruster,0.3333333333333333,0.3333333333333333,0.3333333333333333,-0.9722211635192912,0.019502815048701945,0.0,0.0,none
lunarlander,random,13,559,0.12299371262391409,0.4456452528635661,0.3699258863925934,-0.10320034027099609,0,left_thruster,0.3333333333333333,0.3333333333333333,0.3333333333333333,0.20878008825891584,0.025847481496953827,0.0,0.0,none
lunarlander,random,13,560,0.12599007536967596,0.43415860335032147,0.3826635479927063,-0.08409738317131996,1,main_engine,0.3333333333333333,0.3333333333333333,0.3333333333333333,2.4579855689820946,0.017211354503449915,0.0,0.0,none
lunarlander,random,13,561,0.12915126979351044,0.4229147831598918,0.3745618164539337,-0.07439294978976249,1,main_engine,0.3333333333333333,0.3333333333333333,0.3333333333333333,3.137663673201123,0.022277793693513664,0.0,0.0,none
lunarlander,random,13,562,0.13254490991433462,0.41210508346557617,0.3600705862045288,-0.06182561367750168,1,main_engine,0.3333333333333333,0.3333333333333333,0.3333333333333333,4.110917352389138,0.021197344989055445,0.0,0.0,none
lunarlander,random,13,563,0.13602979481220245,0.40179820855458576,0.34332266449928284,-0.05472220182418824,1,main_engine,0.3333333333333333,0.3333333333333333,0.3333333333333333,2.8613133888356175,0.013492965780195747,0.0,0.0,none
lunarlander,random,13,564,0.13951420783996582,0.3917004664738973,0.33637699484825134,-0.050282351672649384,2,right_thruster,0.3333333333333333,0.3333333333333333,0.3333333333333333,-1.0377443449977182,0.019822946223316283,0.0,0.0,none
lunarlander,random,13,565,0.1430618017911911,0.38119208812713623,0.3501374125480652,-0.05925947055220604,1,main_engine,0.3333333333333333,0.3333333333333333,0.3333333333333333,5.141447311151576,0.023123321329494018,0.0,0.0,none
lunarlander,random,13,566,0.14656146367390951,0.3713020086288452,0.3295556306838989,-0.0602679044008255,2,right_thruster,0.3333333333333333,0.3333333333333333,0.3333333333333333,-1.2920110542240582,0.0204906260921473,0.0,0.0,none
lunarlander,random,13,567,0.15012058118979138,0.3610028425852458,0.3432462513446808,-0.07093057408928871,1,main_engine,0.3333333333333333,0.3333333333333333,0.3333333333333333,1.661111232171347,0.011854240793970648,0.0,0.0,none
lunarlander,random,13,568,0.15355762094259262,0.3506680727005005,0.3444574177265167,-0.07545112604275346,1,main_engine,0.3333333333333333,0.3333333333333333,0.3333333333333333,1.0302632738829844,0.013028887803181548,0.0,0.0,none
lunarlander,random,13,569,0.1571373889843623,0.34046022097269696,0.3402102589607239,-0.06956057567149401,1,main_engine,0.3333333333333333,0.3333333333333333,0.3333333333333333,4.611168123417963,0.02298254632381274,0.0,0.0,none
lunarlander,random,13,570,0.16068680832783383,0.3308653036753337,0.31979793310165405,-0.07218232564628124,0,left_thruster,0.3333333333333333,0.3333333333333333,0.3333333333333333,-0.17816311338592528,0.024100576124418037,0.0,0.0,none
lunarlander,random,13,571,0.1641702651977539,0.32086960474650067,0.3331034779548645,-0.055101582780480385,1,main_engine,0.3333333333333333,0.3333333333333333,0.3333333333333333,1.1834084754010326,0.01077706266613278,0.0,0.0,none
lunarlander,random,13,572,0.16765070458253226,0.31086522340774536,0.3333992660045624,-0.05313778929412365,2,right_thruster,0.3333333333333333,0.3333333333333333,0.3333333333333333,-1.5483659703281238,0.022020743238939305,0.0,0.0,none
lunarlander,random,13,573,0.17119772732257843,0.3004491329193115,0.34717750549316406,-0.06632857918739318,0,left_thruster,0.3333333333333333,0.3333333333333333,0.3333333333333333,-0.1697360702980734,0.0243952942031549,0.0,0.0,none
lunarlander,random,13,574,0.17467816670735678,0.2896403868993123,0.36021628975868225,-0.049118755385279655,1,main_engine,0.3333333333333333,0.3333333333333333,0.3333333333333333,2.4415378729556805,0.014041707010699891,0.0,0.0,none
lunarlander,random,13,575,0.17818904171387356,0.27907506624857586,0.3521074950695038,-0.0463865876197815,1,main_engine,0.3333333333333333,0.3333333333333333,0.3333333333333333,3.4271857993532993,0.015503409307856599,0.0,0.0,none
lunarlander,random,13,576,0.1816188544034958,0.2688362201054891,0.34124284982681274,-0.04877773765474558,0,left_thruster,0.3333333333333333,0.3333333333333333,0.3333333333333333,-0.2810018274320817,0.023401282427203723,0.0,0.0,none
lunarlander,random,13,577,0.1849929491678874,0.2582027514775594,0.35436248779296875,-0.032933497428894044,2,right_thruster,0.3333333333333333,0.3333333333333333,0.3333333333333333,-1.441511736398295,0.02090077444433837,0.0,0.0,none
lunarlander,random,13,578,0.18842744330565137,0.24715834856033325,0.3681027293205261,-0.04362337812781334,0,left_thruster,0.3333333333333333,0.3333333333333333,0.3333333333333333,-0.14489276616388566,0.027413771156528127,0.0,0.0,none
lunarlander,random,13,579,0.19178462525208792,0.23571225007375082,0.38145026564598083,-0.022861049696803096,1,main_engine,0.3333333333333333,0.3333333333333333,0.3333333333333333,2.0258611517611453,0.011958125602276312,0.0,0.0,none
lunarlander,random,13,580,0.1950424537062645,0.22430525223414102,0.3801648020744324,-0.023642909899353984,0,left_thruster,0.3333333333333333,0.3333333333333333,0.3333333333333333,-0.005917112753753598,0.029558464150052918,0.0,0.0,none
lunarlander,random,13,581,0.19821898390849432,0.21250359217325845,0.39328911900520325,-0.00014640837907791554,1,main_engine,0.3333333333333333,0.3333333333333333,0.3333333333333333,3.553660001091811,0.014999697837640642,0.0,0.0,none
lunarlander,random,13,582,0.2012886976202329,0.2009749412536621,0.38420918583869934,0.000314909964799881,0,left_thruster,0.3333333333333333,0.3333333333333333,0.3333333333333333,-0.13125094165694803,0.028522045521757862,0.0,0.0,none
lunarlander,random,13,583,0.2042902261018753,0.18904515107472739,0.39756864309310913,0.022308157011866565,1,main_engine,0.3333333333333333,0.3333333333333333,0.3333333333333333,4.276985925669806,0.021054110940540396,0.0,0.0,none
lunarlander,random,13,584,0.20730853080749512,0.17758899927139282,0.38180187344551086,0.02967911250889301,0,left_thruster,0.3333333333333333,0.3333333333333333,0.3333333333333333,-0.20749801395230974,0.027178140446193676,0.0,0.0,none
lunarlander,random,13,585,0.21027438342571259,0.16573157906532288,0.39518865942955017,0.04992881827056407,1,main_engine,0.3333333333333333,0.3333333333333333,0.3333333333333333,2.672333727176913,0.014678841325736469,0.0,0.0,none
lunarlander,random,13,586,0.21319086352984112,0.15402512749036154,0.3901866674423218,0.05662968344986438,2,right_thruster,0.3333333333333333,0.3333333333333333,0.3333333333333333,-1.617603450671778,0.021284226997447087,0.0,0.0,none
lunarlander,random,13,587,0.21618947386741638,0.1419183313846588,0.4035559594631195,0.045734080031979825,2,right_thruster,0.3333333333333333,0.3333333333333333,0.3333333333333333,-2.466422679500191,0.021616188156779664,0.0,0.0,none
lunarlander,random,13,588,0.219260777036349,0.12941293915112814,0.41684913635253906,0.0345656736753881,0,left_thruster,0.3333333333333333,0.3333333333333333,0.3333333333333333,-1.978125932858411,0.025841536350296863,0.0,0.0,none
lunarlander,random,13,589,0.22227677206198376,0.11650171875953674,0.4303903877735138,0.05213336199522018,1,main_engine,0.3333333333333333,0.3333333333333333,0.3333333333333333,1.9430403978106534,0.019601092764398396,0.0,0.0,none
lunarlander,random,13,590,0.22532535096009573,0.10396972298622131,0.41776320338249207,0.05977615602314472,2,right_thruster,0.3333333333333333,0.3333333333333333,0.3333333333333333,-2.6704127968987987,0.021513305206702495,0.0,0.0,none
lunarlander,random,13,591,0.2284433941046397,0.09104372064272563,0.4308915436267853,0.04911476522684097,2,right_thruster,0.3333333333333333,0.3333333333333333,0.3333333333333333,-2.5886274506053426,0.022040084632535834,0.0,0.0,none
lunarlander,random,13,592,0.2316231777270635,0.07771564026673634,0.44428518414497375,0.03822316415607929,1,main_engine,0.3333333333333333,0.3333333333333333,0.3333333333333333,2.2997351279939466,0.018598371622873835,0.0,0.0,none
lunarlander,random,13,593,0.23477911949157715,0.06477337578932445,0.43142637610435486,0.03998052142560482,1,main_engine,0.3333333333333333,0.3333333333333333,0.3333333333333333,2.147461102285327,0.023096960151189852,0.0,0.0,none
lunarlander,random,13,594,0.23805824418862662,0.052348713080088295,0.41418007016181946,0.04840130507946014,0,left_thruster,0.3333333333333333,0.3333333333333333,0.3333333333333333,-2.4750969397702973,0.02836680392104769,0.0,0.0,none
lunarlander,random,13,595,0.24126196901003522,0.03951741009950638,0.4277648329734802,0.06950162723660469,0,left_thruster,0.3333333333333333,0.3333333333333333,0.3333333333333333,-2.80174812744813,0.03059988948518071,0.0,0.0,none
lunarlander,random,13,596,0.24438753724098206,0.026288896799087524,0.44104447960853577,0.09348581954836846,1,main_engine,0.3333333333333333,0.3333333333333333,0.3333333333333333,0.5177641675678114,0.015137638826973516,0.0,0.0,none
lunarlander,random,13,597,0.24739551047484082,0.013250261545181274,0.4347255825996399,0.09667419493198395,2,right_thruster,0.3333333333333333,0.3333333333333333,0.3333333333333333,6.452931640730288,0.13992778839616343,0.0,0.0,none
lunarlander,random,13,598,0.250479057431221,-0.00017947515395159522,0.4477374255657196,0.2353126160800457,1,main_engine,0.3333333333333333,0.3333333333333333,0.3333333333333333,7.876612031474145,0.1534985157479282,0.0,0.0,none
lunarlander,random,13,599,0.25348082184791565,-0.012396400173505148,0.4069136679172516,0.0878780499100685,2,right_thruster,0.3333333333333333,0.3333333333333333,0.3333333333333333,0.8427165926210529,0.1084260432798001,0.0,0.0,none
