env,policy,seed,t,q,mu,sigma,rho,a,action_label,p0,p1,p2,r,state_delta,intervention_active,intervention_start,intervention_name
inventory,ppo,19,0,0.0,12.31002376440775,0.5496121559987076,0.55,0,low_restock,0.8602439015299517,0.009665937157601967,0.1300901613124464,-2.462037160257345,1.2370201787978268,0.0,0.0,none
inventory,ppo,19,1,0.0,12.963230202324173,1.590398355640681,0.40750663576024015,0,low_restock,0.837363923719698,0.008302722021593724,0.1543333542587083,-2.0770285231152,0.5140888848934502,0.0,0.0,none
inventory,ppo,19,2,0.0,12.497822710309844,1.7976577905836002,0.3387550934134286,0,low_restock,0.8239189858290769,0.008139401258229598,0.16794161291269358,-1.7436155282459187,0.4537328472991528,0.0,0.0,none
inventory,ppo,19,3,0.0,12.114982271720582,2.0337974054544627,0.27921705861534263,2,high_restock,0.8086055707039413,0.007996910246505855,0.1833975190495528,-2.6214631112589526,0.13973630521575445,0.0,0.0,none
inventory,ppo,19,4,0.0,12.01116995219339,2.0478694263820323,0.37168984129624155,0,low_restock,0.8138718202438434,0.008001756231635829,0.1781264235245207,-1.7863745546173655,0.11233370574047963,0.0,0.0,none
inventory,ppo,19,5,0.0,12.084063613456587,2.037476259434964,0.28685259903881527,0,low_restock,0.8087666178317781,0.007997814568613712,0.18323556759960813,-1.2392172202857656,1.285683769388961,0.0,0.0,none
inventory,ppo,19,6,0.0,11.457049849928948,0.919312629874797,0.18914593219388673,0,low_restock,0.8286771677719473,0.009230391102046643,0.162092441126006,-0.705801243551254,0.3849882995806355,0.0,0.0,none
inventory,ppo,19,7,0.0,11.828068198909865,0.9578907263940954,0.09389307920558108,0,low_restock,0.822660768311028,0.00917708463167942,0.16816214705729274,-0.2562423282963395,0.5159453064534629,0.0,0.0,none
inventory,ppo,19,8,0.0,12.11843299987395,0.5390312945050268,0.013614701481489203,0,low_restock,0.8262541144314852,0.00982674243374806,0.16391914313476666,-2.4783738890153804,6.580269186642975,0.0,0.0,none
inventory,ppo,19,9,6.566782540043944,12.517014286156172,0.6741506439195029,0.0,2,high_restock,0.0060931527159609564,0.0033513926971007603,0.9905554545869383,-1.2567258223536175,4.529544581948315,0.0,0.0,none
inventory,ppo,19,10,2.047788063867479,12.82549399931691,0.6915664617929927,0.0,2,high_restock,0.14504907423886507,0.008519935216158295,0.8464309905449767,-0.5729654348693336,2.200363202615731,0.0,0.0,none
inventory,ppo,19,11,0.0,13.36562946354108,1.2885432587764838,0.005886684798095284,0,low_restock,0.8165476817266435,0.008737945113604973,0.1747143731597516,-2.314364224574936,6.0982955911629455,0.0,0.0,none
inventory,ppo,19,12,6.098183498785531,13.334139808635243,1.3070062193537118,0.0,2,high_restock,0.00636131989168882,0.003355435230682853,0.9902832448776284,-0.588609796993938,6.099183309534822,0.0,0.0,none
inventory,ppo,19,13,0.0,13.269081328256004,1.3958155916517363,0.008680320891774633,0,low_restock,0.8136394179712486,0.008604062738521434,0.17775651929023,-2.103521188660736,5.503434897537169,0.0,0.0,none
inventory,ppo,19,14,5.495774824744961,12.985798456940202,1.4585070103447222,0.0,2,high_restock,0.0068289577114486345,0.0033981494112379847,0.9897728928773135,-1.2416006259857655,3.4993956304568226,0.0,0.0,none
inventory,ppo,19,15,2.0045732171021875,13.191357030646941,1.5810908022116137,0.0,2,high_restock,0.12501767732382457,0.0073392316207787104,0.8676430910553967,-0.7873212670703958,2.1364025705478618,0.0,0.0,none
inventory,ppo,19,16,0.0,12.664110419497344,1.0653751173297121,0.0441645119768564,2,high_restock,0.821051895411945,0.009017688181244519,0.16993041640681053,-1.008154668952707,0.6802239596656199,0.0,0.0,none
inventory,ppo,19,17,0.0,13.209976627861128,1.4693301089268085,0.08359904802726911,0,low_restock,0.8178738738073164,0.008490407016333891,0.1736357191763497,-1.3989605091903983,3.58053305336481,0.0,0.0,none
inventory,ppo,19,18,3.482744311972567,14.018073354879357,1.2941162892320748,0.0,2,high_restock,0.022721371201587737,0.004534496575346347,0.9727441322230659,-0.7622715941287797,3.4855108451612575,0.0,0.0,none
inventory,ppo,19,19,0.0,13.945166049729057,1.40541332543062,0.039691356094424944,2,high_restock,0.8197473140053853,0.008587910175491391,0.17166477581912332,-1.5046993417866386,1.5690837411553018,0.0,0.0,none
inventory,ppo,19,20,0.0,12.787337002112965,2.456069875302962,0.17226773960475686,0,low_restock,0.7908572360009681,0.007687153889643524,0.20145561010938834,-0.5645189266538588,0.12506000359177805,0.0,0.0,none
inventory,ppo,19,21,0.0,12.857005851041341,2.4633183657780635,0.06866409404533194,0,low_restock,0.7826342066354183,0.007693796724683881,0.2096719966398979,-0.9452641002474298,2.2516396781518435,0.0,0.0,none
inventory,ppo,19,22,2.1864688578497997,12.407680443951726,2.175869075270302,0.0,2,high_restock,0.06884167384664537,0.005925150720415442,0.9252331754329393,-1.0319084511485421,2.4931181250906493,0.0,0.0,none
inventory,ppo,19,23,0.0,11.27368000973413,1.7999449748679854,0.08784079484795393,0,low_restock,0.7933130966347045,0.008294169836226736,0.19839273352906875,-0.24369419049830895,0.10950680892634648,0.0,0.0,none
inventory,ppo,19,24,0.0,11.196443509076175,1.7865626084246555,0.011373962588983742,0,low_restock,0.7859661653994474,0.00833173440758771,0.20570210019296487,-0.6440374872246308,1.3424799172928874,0.0,0.0,none
inventory,ppo,19,25,1.3258213920703739,11.076912632880672,1.959862831373888,0.0,0,low_restock,0.23573831453552652,0.008393025353734263,0.7558686601107393,-3.0082489780754185,6.756407812454119,0.0,0.0,none
inventory,ppo,19,26,8.080711365929767,10.9774395898206,1.856843013138454,0.0,2,high_restock,0.005553326888634959,0.003282446315886421,0.9911642267954786,-1.2274429768164672,6.123828507125914,0.0,0.0,none
inventory,ppo,19,27,1.9641227909041916,10.75553078661088,1.6584084606718168,0.0,2,high_restock,0.07721338893420762,0.0064294010588955225,0.9163572100068968,-0.9106210701042319,1.9975701507839212,0.0,0.0,none
inventory,ppo,19,28,0.0,11.103218452610776,1.5733123083588323,0.06618233394718424,2,high_restock,0.797634166955713,0.008519309628843634,0.19384652341544334,-1.3398646387575726,0.2930988940754601,0.0,0.0,none
inventory,ppo,19,29,0.0,11.359573879351842,1.6929515021724488,0.14283297120670935,0,low_restock,0.8027064007496907,0.008363245366824713,0.18893035388348464,-0.9090930433461184,0.5384984587778872,0.0,0.0,none
inventory,ppo,19,30,0.0,11.112103113220629,2.171050965056,0.13019518631180688,2,high_restock,0.7806949259485357,0.008070147751546904,0.2112349262999174,-1.950273632423121,0.6731265010757967,0.0,0.0,none
inventory,ppo,19,31,0.0,10.458173645756244,2.067709798949943,0.2518345772184144,0,low_restock,0.7872502872338938,0.008259997069305065,0.20448971569680127,-1.1778509741560024,0.18239529492460976,0.0,0.0,none
inventory,ppo,19,32,0.0,10.312548006429155,1.9862398632611749,0.17818767395642898,0,low_restock,0.7828961363417313,0.008334469642174434,0.20876939401609437,-0.700106516134396,0.160325585479683,0.0,0.0,none
inventory,ppo,19,33,0.0,10.426286384924591,2.0603331883084217,0.09287616359542784,0,low_restock,0.7736014979455872,0.008269471804841251,0.21812903024957148,-0.4596569260469866,0.7814283530612671,0.0,0.0,none
inventory,ppo,19,34,0.0,9.700519281776463,1.7738916404566822,0.04993873679410475,0,low_restock,0.7724475049465203,0.00862584361715057,0.21892665143632928,-0.3497566624658971,0.1809111643633239,0.0,0.0,none
inventory,ppo,19,35,0.0,9.798340952200553,1.6229789911713715,0.030313689726053056,2,high_restock,0.7781784807279545,0.008718360561075113,0.21310315871097035,-1.2132733209177318,0.4774901551314031,0.0,0.0,none
inventory,ppo,19,36,0.0,10.242500778763471,1.773426408044365,0.12022737873530924,0,low_restock,0.7859544920277164,0.0084898866532778,0.2055556213190059,-0.6933622508278072,0.64329577953206,0.0,0.0,none
inventory,ppo,19,37,0.0,9.611221808320488,1.8938460995631226,0.09167183050496558,0,low_restock,0.7697772091856151,0.00857130701754784,0.22165148379683688,-0.48697982952268654,0.9914074268215917,0.0,0.0,none
inventory,ppo,19,38,0.8770852272076759,9.875683335777524,2.261632132682965,0.0,2,high_restock,0.3825774693121152,0.008975817237258574,0.6084467134506263,-1.2533515630677843,0.9043821659667657,0.0,0.0,none
inventory,ppo,19,39,0.0,9.715763407448005,2.344260738425157,0.12738420769067577,2,high_restock,0.7525298034928395,0.008346603097504459,0.23912359340965597,-1.7108428539989633,0.9985476996675143,0.0,0.0,none
inventory,ppo,19,40,0.0,10.697284521167337,2.1798230313814853,0.20907908107124343,0,low_restock,0.7818206910477189,0.008147719410862835,0.21003158954141843,-0.794003699612394,0.31759231259917947,0.0,0.0,none
inventory,ppo,19,41,0.0,10.948174053263346,2.3472502945773885,0.10964351778792751,0,low_restock,0.7691089284720063,0.008022926191549798,0.22286814533644383,-0.4318572862790428,0.6887050612473218,0.0,0.0,none
inventory,ppo,19,42,0.0,11.453762411371912,1.8840948199645828,0.044974515406971935,0,low_restock,0.7881564016105248,0.008213784024510784,0.20362981436496458,-1.812501877009469,4.666944775182598,0.0,0.0,none
inventory,ppo,19,43,4.664291077169912,11.557441169992448,1.9935950026681402,0.0,2,high_restock,0.0075544651526317326,0.003464166576922668,0.9889813682704456,-0.8842875712842874,3.9353880299002713,0.0,0.0,none
inventory,ppo,19,44,0.9836787750979639,12.780114662689053,1.326180919825969,0.0,2,high_restock,0.4852030452254701,0.01001041869289201,0.5047865360816378,-0.8169006738877786,1.0173327876241882,0.0,0.0,none
inventory,ppo,19,45,0.0,13.034855450277963,1.3282395933283346,0.049446548908531895,1,balanced_restock,0.8174631598078089,0.008671522874575194,0.17386531731761584,-1.243024319850059,2.91173066390072,0.0,0.0,none
inventory,ppo,19,46,2.5229266281430256,14.039594574659588,2.3775589054752473,0.0,2,high_restock,0.05631652310532419,0.005502282380546747,0.9381811945141291,-1.379653965458413,1.5246163762776244,0.0,0.0,none
inventory,ppo,19,47,2.39901132988118,15.509445481673842,1.9920223899284453,0.0,2,high_restock,0.0977125224332689,0.00658325821525061,0.8957042193514806,-1.422927358184892,0.871126549721336,0.0,0.0,none
inventory,ppo,19,48,2.522649594813977,16.37167170352881,2.0038962022695315,0.0,0,low_restock,0.09680596802967281,0.006561324868465599,0.8966327071018615,-3.4874274651911277,6.9408079681612485,0.0,0.0,none
inventory,ppo,19,49,9.449792757688936,16.093222796518194,2.3385139813996614,0.0,2,high_restock,0.0055251143035102805,0.0032428697947694744,0.9912320159017202,-1.4189846692070132,6.987607228034818,0.0,0.0,none
inventory,ppo,19,50,2.5113847691628948,15.594528638552026,2.999160251996007,0.0,2,high_restock,0.0677136855503681,0.005611932574505599,0.9266743818751263,-0.6851071839129753,2.662653825296342,0.0,0.0,none
inventory,ppo,19,51,0.0,14.732646714588958,2.8012712625790375,0.025911997127317017,0,low_restock,0.783865657693478,0.007409607652129049,0.208724734654393,-1.401810421514877,3.738753889056974,0.0,0.0,none
inventory,ppo,19,52,3.490886918613935,13.418375117746553,2.548273431507419,0.0,2,high_restock,0.016458861481114143,0.003982724832927209,0.9795584136859586,-0.9583857703520355,2.495894635641406,0.0,0.0,none
inventory,ppo,19,53,1.1953879152915299,12.93454766409551,1.6961670102999862,0.0,0,low_restock,0.37034053017791235,0.009324250946513733,0.620335218875574,-2.6200502815895628,5.781105405729134,0.0,0.0,none
inventory,ppo,19,54,6.9715722331130365,12.70435589508482,1.7585063091670383,0.0,2,high_restock,0.005811289766568996,0.0032956523867557585,0.9908930578466751,-0.6012004889314472,6.975477659406635,0.0,0.0,none
inventory,ppo,19,55,0.0,12.544721823838804,1.928408348836945,0.010928658737758416,0,low_restock,0.7934841495865059,0.00808471594049453,0.1984311344729995,-1.6746475233860423,4.302985439922313,0.0,0.0,none
inventory,ppo,19,56,4.2704214953886925,12.016852258860178,1.907957561734811,0.0,2,high_restock,0.008924279645888579,0.0035668453890548794,0.9875088749650566,-0.7182592197009595,4.2707412587618325,0.0,0.0,none
inventory,ppo,19,57,0.0,12.056174567024813,1.8948567737647426,0.03183200351802848,0,low_restock,0.7922954690604778,0.008143737862769382,0.19956079307675278,-2.0803261107923943,5.498650071062267,0.0,0.0,none
inventory,ppo,19,58,5.429503173692556,11.646823051680204,1.1286544823999656,0.0,2,high_restock,0.006632769756458519,0.0034173829150574778,0.9899498473284839,-0.6680630426016424,5.432015116542033,0.0,0.0,none
inventory,ppo,19,59,0.0,11.485527946873287,1.155938885071265,0.022868400464578997,0,low_restock,0.8094543009669108,0.008958256863647674,0.18158744216944145,-0.7458728175222447,1.6520020027022366,0.0,0.0,none
inventory,ppo,19,60,1.6167794786349852,11.276357118055614,1.422133052980528,0.0,2,high_restock,0.1683953648053505,0.008168583210169311,0.8234360519844802,-0.9077058637376982,1.6250892862612447,0.0,0.0,none
inventory,ppo,19,61,0.0,11.426651041578015,1.4284239535804966,0.06566176138173181,0,low_restock,0.805055555709127,0.008630241419351243,0.18631420287152173,-0.5208603333699116,1.4749535831688565,0.0,0.0,none
inventory,ppo,19,62,0.0,10.393497215827619,2.4810674183361936,0.060867916673198484,0,low_restock,0.7504960126407642,0.008110127146382488,0.24139386021285325,-0.4162363614911405,1.332694597900869,0.0,0.0,none
inventory,ppo,19,63,0.0,9.123508461533637,2.0775151834550116,0.042185064551989386,0,low_restock,0.7483840353139761,0.008636932624308499,0.24297903206171537,-0.8477016312106556,1.9084045736218669,0.0,0.0,none
inventory,ppo,19,64,1.9077189463161588,9.10170139576734,2.0585070089336663,0.0,0,low_restock,0.053898805449383864,0.005802597511755819,0.9402985970388604,-2.659717534895532,5.194613782778438,0.0,0.0,none
inventory,ppo,19,65,7.084907242558662,9.493625552784735,2.223216306265543,0.0,2,high_restock,0.005661728699674829,0.0033461523832630166,0.9909921189170622,-0.9452179771144527,7.184214613461271,0.0,0.0,none
inventory,ppo,19,66,0.0,8.306219716558115,2.266347918927704,0.07236035305615225,0,low_restock,0.7251548572573284,0.008936101818907742,0.2659090409237638,-0.6226761471032731,0.22490478918254145,0.0,0.0,none
inventory,ppo,19,67,0.0,8.145460465666597,2.4234908006580578,0.07904931198272735,0,low_restock,0.7127841723687638,0.009001883200077264,0.2782139444311588,-0.3754623097666013,0.35966938865376513,0.0,0.0,none
inventory,ppo,19,68,0.0,8.501935129311345,2.4050768569944156,0.034903983886893086,0,low_restock,0.7175786124265224,0.008807546796825999,0.27361384077665146,-0.872238045316396,1.981746295348921,0.0,0.0,none
inventory,ppo,19,69,1.9778229866182748,8.414020808060423,2.3239140775856604,0.0,2,high_restock,0.04055152682749771,0.005413179528573713,0.9540352936439286,-1.3815686276713257,2.299433497235473,0.0,0.0,none
inventory,ppo,19,70,0.0,7.279096982309953,2.0690132351609773,0.1502801120841653,0,low_restock,0.721211671938807,0.00964565969149937,0.26914266836969375,-0.7699862121932992,0.6614786085702871,0.0,0.0,none
inventory,ppo,19,71,0.0,7.9380794123028835,2.0332667363670014,0.10535468074880343,0,low_restock,0.7341660064289632,0.009204535568145057,0.25662945800289166,-0.5947054575613296,0.6592326646423537,0.0,0.0,none
inventory,ppo,19,72,0.0,8.469926723854858,1.6450059414228433,0.07405454599309458,0,low_restock,0.7620789096745293,0.009133482755713521,0.22878760756975705,-0.5090157131305877,0.4066390415745078,0.0,0.0,none
inventory,ppo,19,73,0.0,8.066116491590034,1.690376231277344,0.05875280591617637,0,low_restock,0.7510727125349694,0.009289803760714404,0.23963748370431615,-0.3328816231591456,0.6282295102881302,0.0,0.0,none
inventory,ppo,19,74,0.0,7.6222313447784815,1.2469249563101295,0.02730028984984743,0,low_restock,0.7615836835691419,0.009888328631805336,0.22852798779905278,-0.7690161240846791,1.908250819184546,0.0,0.0,none
inventory,ppo,19,75,1.6829032116705118,8.440502211512419,0.8741710805473512,0.0,2,high_restock,0.0899769408805391,0.007559654757675586,0.9024634043617852,-0.9223794215738294,1.871251018559102,0.0,0.0,none
inventory,ppo,19,76,0.0,8.919016976548674,1.534306170754238,0.06828203956675523,0,low_restock,0.7736760099414226,0.009044588868846981,0.21727940118973038,-0.30652628967749207,0.21103673523464495,0.0,0.0,none
inventory,ppo,19,77,0.0,9.120447919709594,1.4910085958083328,0.022593980299552157,2,high_restock,0.7738703724028532,0.009018791129599007,0.21711083646754775,-1.0061937692517893,1.4219930577562494,0.0,0.0,none
inventory,ppo,19,78,0.0,10.457054859696996,1.9725344274448051,0.08324888736639094,0,low_restock,0.7769326000648352,0.008313899893319054,0.2147535000418457,-1.7420911147488627,4.797155804717586,0.0,0.0,none
inventory,ppo,19,79,4.463117470711037,12.074827552040071,2.657492379461453,0.0,2,high_restock,0.008320140781930122,0.003489564798186888,0.9881902944198829,-1.1103561111683624,3.0467428216704957,0.0,0.0,none
inventory,ppo,19,80,1.6295888890524637,13.18933713547639,2.549668510335659,0.0,0,low_restock,0.1812681611447379,0.007462130743467362,0.8112697081117948,-2.369338401119418,4.631383354646762,0.0,0.0,none
inventory,ppo,19,81,6.255252574626908,13.006999068859955,2.6900254664137955,0.0,2,high_restock,0.006137311981341281,0.0033144353000132834,0.9905482527186453,-1.8891003526786039,2.804422268487077,0.0,0.0,none
inventory,ppo,19,82,3.854572436224583,14.287230211438645,2.009931829744214,0.0,2,high_restock,0.015002575570265873,0.00392991271329588,0.9810675117164382,-1.0998386566979579,2.2904933719429703,0.0,0.0,none
inventory,ppo,19,83,1.5995390191370227,14.685392226956878,2.0614214804668554,0.0,2,high_restock,0.2499385172249292,0.008385503286738639,0.7416759794883322,-0.9774171350127001,1.9447291394375865,0.0,0.0,none
inventory,ppo,19,84,0.0,13.613833668326043,2.3243043511488235,0.07811020268083928,0,low_restock,0.7951685471769563,0.007713872193680943,0.19711758062936288,-1.083595059539245,2.594809343159401,0.0,0.0,none
inventory,ppo,19,85,2.5817001701121285,13.390422256211934,2.2154654970356487,0.0,2,high_restock,0.04706605514654416,0.005290698350265281,0.9476432465031905,-0.820274963076008,2.1222857226207363,0.0,0.0,none
inventory,ppo,19,86,0.8007856087885941,14.509106606832336,1.930886268379317,0.0,0,low_restock,0.5731079749730971,0.0091615910547945,0.4177304339721085,-4.850533170330808,12.571677527285441,0.0,0.0,none
inventory,ppo,19,87,13.344380486659453,15.097961610086974,2.5296793670767963,0.0,2,high_restock,0.0053836172619911235,0.0032124582643706305,0.9914039244736382,-5.293243192769688,0.6303394884411609,0.0,0.0,none
inventory,ppo,19,88,13.580694836484824,15.59623116346956,2.8349838887052785,0.0,2,high_restock,0.00538532812683443,0.0032193275368536233,0.991395344336312,-4.2941440369923525,3.1722691243677485,0.0,0.0,none
inventory,ppo,19,89,10.72612581997815,16.438768001527382,1.7373232836307535,0.0,2,high_restock,0.005464276943431941,0.0032313590662880493,0.9913043639902801,-3.248598867818715,3.0029744408269594,0.0,0.0,none
inventory,ppo,19,90,7.738853908053471,16.63143074758827,1.4986957857053573,0.0,2,high_restock,0.005931112443702482,0.0032874226658543082,0.9907814648904432,-3.115113647318697,0.4738645670158513,0.0,0.0,none
inventory,ppo,19,91,7.357467563767706,16.91133639099582,1.5259889176997634,0.0,2,high_restock,0.006131010947283978,0.0033019386999321933,0.9905670503527838,-0.7458782292477568,6.989749016353744,0.0,0.0,none
inventory,ppo,19,92,0.5882235121364481,15.448768605095399,2.4719391028148667,0.0,2,high_restock,0.6465189530913605,0.008376437219555418,0.345104609689084,-0.8792679150326661,1.2198474218873028,0.0,0.0,none
inventory,ppo,19,93,0.0,14.43569124512137,2.137238149911517,0.06058355625583321,0,low_restock,0.8053773401119046,0.00783266391694398,0.1867899959711515,-0.27032773974302854,1.4534431266710874,0.0,0.0,none
inventory,ppo,19,94,0.0,13.2289554866468,2.9461322152195324,0.016129953525540815,0,low_restock,0.7630485438433932,0.0074824823367219025,0.22946897381988487,-2.6970348189680644,7.1932352433811575,0.0,0.0,none
inventory,ppo,19,95,7.191528054194469,13.090534829228199,2.8744589387926727,0.0,2,high_restock,0.005779208860780811,0.0032921945110964486,0.9909285966281227,-1.255948407228448,5.341217685960175,0.0,0.0,none
inventory,ppo,19,96,2.045566877795565,12.137619862805574,1.8069183041671102,0.0,2,high_restock,0.08863189371117053,0.006540706992202596,0.9048273992966268,-1.1106779002048193,2.150457128432753,0.0,0.0,none
inventory,ppo,19,97,0.0,11.655660547060664,2.251274285692172,0.10190676789371772,0,low_restock,0.78120028804303,0.007942030264263326,0.21085768169270674,-0.5708134427542924,1.0032798756852122,0.0,0.0,none
inventory,ppo,19,98,0.0,10.671136180695934,2.441670381006817,0.0697881147775522,2,high_restock,0.7573602242369785,0.00805261529989655,0.23458716046312506,-1.5361255684570843,0.30762237103153944,0.0,0.0,none
inventory,ppo,19,99,0.0,10.935505428214862,2.3274046278605303,0.17787956579590788,0,low_restock,0.775648520295491,0.008031895856820718,0.21631958384768818,-0.7058648186438716,0.7605968418219218,0.0,0.0,none
inventory,ppo,19,100,0.0,10.447032342551427,1.7504732825002656,0.09390443190069137,0,low_restock,0.7868954872543019,0.008467346756729546,0.20463716598896864,-0.655324080846428,1.2458066689400222,0.0,0.0,none
inventory,ppo,19,101,0.0,9.202576422324817,1.8077643462474104,0.08487930015114785,0,low_restock,0.7670743346556416,0.008750385583855623,0.22417527976050283,-0.5049275436767988,0.20520816974065004,0.0,0.0,none
inventory,ppo,19,102,0.0,9.01437589132005,1.8850280515035216,0.05802277565657121,1,balanced_restock,0.757781617139367,0.00876990721489923,0.23344847564573382,-0.9074983937910668,0.20181050318035929,0.0,0.0,none
inventory,ppo,19,103,0.0,9.208287622408063,1.8457079416672686,0.09776757031983335,0,low_restock,0.7665895767230956,0.008725689085532302,0.224684734191372,-0.6388247221837423,0.666272731585984,0.0,0.0,none
inventory,ppo,19,104,0.0,8.543252115683355,1.883076291820558,0.0819329861042397,2,high_restock,0.7521096816110183,0.008959588204969378,0.23893073018401234,-1.4724014809864605,0.11813982050678692,0.0,0.0,none
inventory,ppo,19,105,0.0,8.583658344143528,1.9549979806368225,0.16650026446186794,0,low_restock,0.7570445887970058,0.008920962199812789,0.2340344490031815,-0.7225284052578285,0.8587940819425833,0.0,0.0,none
inventory,ppo,19,106,0.0,9.431989188971498,1.8409143194674589,0.09688007236746936,0,low_restock,0.7700956839920123,0.008656659329947991,0.22124765667803964,-0.20957606495465592,1.0305276534903614,0.0,0.0,none
inventory,ppo,19,107,0.08450304272758835,10.429219467737514,2.0667295161847226,0.0,0,low_restock,0.7426845103668093,0.008388023811736707,0.24892746582145392,-1.8116802101078064,4.586388351725114,0.0,0.0,none
inventory,ppo,19,108,4.661943457450876,10.701134675967841,1.9769548982197214,0.0,2,high_restock,0.007238025858000042,0.0034637771489326127,0.9892981969930674,-0.7112650149479443,4.86762102193732,0.0,0.0,none
inventory,ppo,19,109,0.0,11.518899268089495,0.8410220822607727,0.030583038383561474,0,low_restock,0.818119264216134,0.009384744432860621,0.17249599135100527,-0.26743602816534395,0.9796727940394339,0.0,0.0,none
inventory,ppo,19,110,0.24981722332955414,10.780967147132063,1.4342092373235227,0.0,0,low_restock,0.7268218507598788,0.009127798282404107,0.26405035095771706,-1.8623485145965606,4.557332755214091,0.0,0.0,none
inventory,ppo,19,111,4.806710041704459,10.717663021485464,1.4357163095139927,0.0,2,high_restock,0.007073256342123105,0.00347050179027141,0.9894562418676054,-0.762938907101514,4.855653076154193,0.0,0.0,none
inventory,ppo,19,112,0.0,10.225752123700698,0.9568174035319958,0.03981051912527036,0,low_restock,0.8063475118957006,0.009365790984724903,0.18428669711957446,-1.053351833307866,2.501173182633319,0.0,0.0,none
inventory,ppo,19,113,2.4952909523081885,10.366669498971461,1.0459676630198689,0.0,2,high_restock,0.03507053774298581,0.005392845594783967,0.9595366166622301,-1.1042894726966217,2.560427304470808,0.0,0.0,none
inventory,ppo,19,114,0.0,9.817438855628307,1.1782664273632282,0.10076597726725385,0,low_restock,0.8013589549789442,0.009148583751611589,0.18949246126944413,-0.9477014735759579,2.796280841964785,0.0,0.0,none
inventory,ppo,19,115,2.193432781645594,11.188723111663208,2.2353685447189453,0.0,2,high_restock,0.05181781492751078,0.00551134795985861,0.9426708371126307,-0.9908595925183405,2.1964335019932495,0.0,0.0,none
inventory,ppo,19,116,0.0,11.111509010363257,2.2623644748399436,0.08051064152113224,1,balanced_restock,0.7724141070632816,0.008029679425550128,0.2195562135111682,-0.7258972864663935,0.5376575993153424,0.0,0.0,none
inventory,ppo,19,117,0.0,11.642604051587801,2.344726884640366,0.06533880115471312,0,low_restock,0.7739840022092747,0.007903200883178974,0.21811279690754634,-2.5191329781527783,6.8453242448352585,0.0,0.0,none
inventory,ppo,19,118,6.683237080436509,12.837589225625663,3.2168205828753917,0.0,2,high_restock,0.005960674666349968,0.003312051238370574,0.9907272740952795,-1.5810351437065024,3.9822351082852676,0.0,0.0,none
inventory,ppo,19,119,2.9743861248757213,14.005600906716698,2.3575361364139753,0.0,2,high_restock,0.0315667408476134,0.004702103989124889,0.9637311551632617,-1.387110143295971,0.7969577149888865,0.0,0.0,none
inventory,ppo,19,120,2.4203146951313457,14.445376382697152,2.7246110346942793,0.0,2,high_restock,0.06554710890512948,0.005637803258103745,0.9288150878367668,-0.7605431406569017,2.580836038134332,0.0,0.0,none
inventory,ppo,19,121,0.0,14.975791129653595,2.0035696828111353,0.03938270368873244,0,low_restock,0.8104159511116882,0.00796275987217013,0.18162128901614163,-2.238704222292115,5.894451894632167,0.0,0.0,none
inventory,ppo,19,122,5.882012063691757,15.291145628904335,1.7902676360092775,0.0,2,high_restock,0.0069768114347793925,0.00336426950670114,0.9896589190585194,-1.2066352063171955,4.038107297516051,0.0,0.0,none
inventory,ppo,19,123,1.90467201804913,14.644286987522525,1.5282550301110704,0.0,2,high_restock,0.1888539892546229,0.008281401081100644,0.8028646096642765,-0.7408429360049854,1.9111111210882183,0.0,0.0,none
inventory,ppo,19,124,0.0,14.503015435012392,1.5859289814469966,0.03586481000089025,0,low_restock,0.8180184197637379,0.008390090833826967,0.17359148940243502,-2.05397494844335,5.492543658319704,0.0,0.0,none
inventory,ppo,19,125,5.354214138409571,13.786779888655648,0.5928795586377832,0.0,2,high_restock,0.007880991216045368,0.0035657468738898037,0.9885532619100648,-1.122383278257539,3.7093374347541643,0.0,0.0,none
inventory,ppo,19,126,1.6639522235929682,14.084148296360848,0.3632641518777362,0.0,2,high_restock,0.3323923443467046,0.011159266193215004,0.6564483894600804,-0.8578152533652874,1.3405927104898139,0.0,0.0,none
inventory,ppo,19,127,0.9080435810436782,14.605206303470386,1.3401415713960463,0.0,2,high_restock,0.5665669025157755,0.010032623509676368,0.42340047397454805,-0.847401105857164,0.9325837631837833,0.0,0.0,none
inventory,ppo,19,128,0.8782888738776116,15.394723371165696,1.8356109776900038,0.0,2,high_restock,0.5658207622699295,0.009374072155510537,0.4248051655745599,-1.0624562774888293,1.336431914144794,0.0,0.0,none
inventory,ppo,19,129,0.0,14.79596664629039,2.640250772899095,0.09329576383729093,2,high_restock,0.7953400623639609,0.007469235714684637,0.19719070192135435,-1.3219399393976974,0.1883641945061008,0.0,0.0,none
inventory,ppo,19,130,0.0,14.974307323823842,2.6011532858819,0.1396321320353031,0,low_restock,0.8016732312429905,0.007473201401597248,0.19085356735541223,-0.3869654340365609,0.2643091492975571,0.0,0.0,none
inventory,ppo,19,131,0.0,14.749795970190004,2.695556804631902,0.03695811322081445,0,low_restock,0.7884487401848205,0.0074578233846818815,0.20409343643049757,-1.2963958393273047,3.374543098055898,0.0,0.0,none
inventory,ppo,19,132,3.1897023980780137,13.656331763406865,2.567846747536371,0.0,2,high_restock,0.022563563430222738,0.0042907148266390135,0.9731457217431383,-1.060862889306652,3.74888217482657,0.0,0.0,none
inventory,ppo,19,133,0.0,11.722185001957849,2.2068185095070914,0.0930112302333307,0,low_restock,0.7829489193646103,0.007957551505536977,0.20909352912985255,-0.35119249034849914,0.08013947929814356,0.0,0.0,none
inventory,ppo,19,134,0.0,11.678159467850826,2.231009255479393,0.03057008756223199,0,low_restock,0.7759092826960936,0.007961239978269164,0.21612947732563717,-0.6663096879427739,1.8164069081275287,0.0,0.0,none
inventory,ppo,19,135,1.3894562512650683,10.632741098747257,1.706689424649866,0.0,2,high_restock,0.2065244846764577,0.008380620322474159,0.7850948950010681,-1.1108357237234046,1.6736336126729836,0.0,0.0,none
inventory,ppo,19,136,0.0,9.890324275782891,1.1509131008453255,0.10193495066489365,2,high_restock,0.803076557211186,0.009165270438237007,0.18775817235057712,-1.6810859099572735,0.3420685023240556,0.0,0.0,none
inventory,ppo,19,137,0.0,9.709344745491213,0.8790899202870209,0.20376534106379882,0,low_restock,0.817976695879343,0.009543884940653091,0.17247941918000412,-1.105203950604239,0.15075523161812932,0.0,0.0,none
inventory,ppo,19,138,0.0,9.789147346756033,0.7571368341621144,0.1652149911793284,0,low_restock,0.8186401974250008,0.009707160721150783,0.1716526418538485,-0.9590016069083687,0.5678443548579306,0.0,0.0,none
inventory,ppo,19,139,0.0,9.280477208600328,1.0081752717205161,0.13910742980506582,0,low_restock,0.8046813233716598,0.009485735924561612,0.18583294070377862,-0.8449621068025028,0.4765308665022059,0.0,0.0,none
inventory,ppo,19,140,0.0,8.85970348274073,1.2309227472586792,0.11874323335758977,0,low_restock,0.7901787863591886,0.009352859730096226,0.20046835391071513,-0.2932607343232149,1.0769368167989237,0.0,0.0,none
inventory,ppo,19,141,0.0,9.543937473500474,2.0567017351236525,0.020225131129145524,0,low_restock,0.7542225871633317,0.008506813285317551,0.23727059955135074,-0.4336879694923351,0.910059489311261,0.0,0.0,none
inventory,ppo,19,142,0.7248227699781005,8.997679328888802,1.9931941786994793,0.0,2,high_restock,0.43774915504477446,0.009442516515540688,0.5528083284396849,-0.8980596592379595,1.201484481259295,0.0,0.0,none
inventory,ppo,19,143,0.0,9.817860728415699,2.484530273671234,0.06393922486392131,2,high_restock,0.7412287667029007,0.008275425547319118,0.2504958077497801,-1.823280456546965,0.4221972317817223,0.0,0.0,none
inventory,ppo,19,144,0.0,9.539302875903509,2.755379009984942,0.2291572243833866,0,low_restock,0.7355583642407852,0.008366343058802928,0.25607529270041196,-1.0957191526355399,0.6684628096190353,0.0,0.0,none
inventory,ppo,19,145,0.0,10.173107385417406,2.553323834331461,0.1635212772563464,0,low_restock,0.7522874677902103,0.00815859409971835,0.23955393811007128,-0.7782962396288102,0.7031778598921266,0.0,0.0,none
inventory,ppo,19,146,0.0,9.587411236736012,2.1683482509845478,0.10683861421943039,0,low_restock,0.757579021196044,0.00844511575936981,0.2339758630445862,-0.3360338111449538,0.6827372087257246,0.0,0.0,none
inventory,ppo,19,147,0.0,10.264950918141995,2.139487253471823,0.027863180561598887,0,low_restock,0.761820337695451,0.008271640185945166,0.22990802211860384,-1.0167964834353256,2.4723760132606913,0.0,0.0,none
inventory,ppo,19,148,2.3908470955295016,9.7733185672008,1.7470403253121027,0.0,2,high_restock,0.03030853297132077,0.004969111020409895,0.9647223560082694,-0.6973082649719282,2.824635351209703,0.0,0.0,none
inventory,ppo,19,149,0.0,11.214930478937593,1.3188102024191553,0.02809076160213004,2,high_restock,0.8032053820313534,0.00878390087338786,0.1880107170952586,-1.1920592673790817,0.2608775419925105,0.0,0.0,none
inventory,ppo,19,150,0.0,11.459149713141146,1.2941399984335586,0.11643915488912174,0,low_restock,0.8136341013818085,0.00876508711625413,0.17760081150193738,-0.6739711649536559,0.7009317326608246,0.0,0.0,none
inventory,ppo,19,151,0.0,11.060812686687886,1.870192056215329,0.08820913659886713,0,low_restock,0.7885380143128369,0.008271269624568287,0.20319071606259476,-0.6658075176540856,1.4723578338543064,0.0,0.0,none
inventory,ppo,19,152,1.3880214790116732,11.46768882366472,2.1307777850910368,0.0,0,low_restock,0.21989435575134797,0.00811650277755904,0.7719891414710931,-3.291871167437366,7.529748882377058,0.0,0.0,none
inventory,ppo,19,153,8.891060478392475,12.100042676572595,2.1714300930433903,0.0,2,high_restock,0.005501887032077466,0.0032660466914780067,0.9912320662764447,-1.2157348489788742,6.980931419101283,0.0,0.0,none
inventory,ppo,19,154,1.9306709970824976,11.579404861846323,2.0476641343070945,0.0,2,high_restock,0.09014710241162426,0.006476867070135356,0.9033760305182404,-0.5957894247336373,2.12032418874709,0.0,0.0,none
inventory,ppo,19,155,0.0,12.290674606613612,2.5597971904846006,0.009962397273863794,0,low_restock,0.7676463197646898,0.0077279519136415195,0.2246257283216686,-3.652864206474004,10.09389174219192,0.0,0.0,none
inventory,ppo,19,156,9.922469161354297,14.019421744655,1.8945225641704293,0.0,2,high_restock,0.005469149167245876,0.0032403872063903236,0.9912904636263637,-2.0895647356350833,5.500047277219994,0.0,0.0,none
inventory,ppo,19,157,4.427327816100238,13.807861267417715,1.990354770685861,0.0,2,high_restock,0.009850309961137574,0.003587748999057665,0.9865619410398049,-0.6845904385201258,4.444182954240792,0.0,0.0,none
inventory,ppo,19,158,0.0,13.460311808021192,2.157905523658468,0.02581972116430816,0,low_restock,0.7947891118795445,0.007851851467227892,0.19735903665322746,-2.0358556062764888,5.328935222648014,0.0,0.0,none
inventory,ppo,19,159,5.3024445893613965,13.87435471845578,1.8269466225112951,0.0,2,high_restock,0.007338368761564221,0.003407064938893866,0.989254566299542,-1.5747472144511876,2.3472146479527183,0.0,0.0,none
inventory,ppo,19,160,2.956420612717679,13.930757684377628,1.876005872524108,0.0,2,high_restock,0.03522703122154023,0.004955718297185536,0.9598172504812742,-0.5794036854849987,3.0219001029391643,0.0,0.0,none
inventory,ppo,19,161,0.0,13.516996954016644,1.4067405527781927,0.007036372408035467,0,low_restock,0.8146385983650851,0.00859263929555849,0.1767687623393564,-1.9509032772624775,5.0664238428694945,0.0,0.0,none
inventory,ppo,19,162,5.059723649321365,13.326479166644225,1.5842246654549026,0.0,2,high_restock,0.007631394798807011,0.003454319499564435,0.9889142857016285,-1.0741311640085234,3.5788941510447256,0.0,0.0,none
inventory,ppo,19,163,1.5260890400243525,13.866693904305185,1.4107950556000666,0.0,0,low_restock,0.288249682260517,0.009292933205622769,0.7024573845338602,-3.8857957694952416,9.070307526623488,0.0,0.0,none
inventory,ppo,19,164,10.587987912843548,14.257108664696432,1.41741027967174,0.0,2,high_restock,0.00544916414964337,0.003228496356155365,0.9913223394942013,-3.214781710201955,2.9499436729172603,0.0,0.0,none
inventory,ppo,19,165,7.642233457719872,14.137162569000438,1.3158657198426915,0.0,2,high_restock,0.0057591892336216225,0.003280819426972459,0.9909599913394059,-1.4396932245960619,5.0823719914511445,0.0,0.0,none
inventory,ppo,19,166,2.570552070274463,13.81261962776739,1.3726534211757155,0.0,2,high_restock,0.06585391085929353,0.006170830297007454,0.927975258843699,-0.7379834027067158,2.222324913941663,0.0,0.0,none
inventory,ppo,19,167,0.5656668648763308,14.701188643110992,1.012641697376599,0.0,0,low_restock,0.7046025691957064,0.01008158593181161,0.285315844872482,-3.421296597760621,8.695303409667178,0.0,0.0,none
inventory,ppo,19,168,9.260847422173203,14.74695167642977,1.0061450091770863,0.0,2,high_restock,0.005552262710699564,0.003248140316196246,0.9911995969731042,-1.289267721845915,7.214201527168697,0.0,0.0,none
inventory,ppo,19,169,2.140764919559757,13.910555401343242,1.8121041282410657,0.0,2,high_restock,0.10957078175914788,0.006909976022674087,0.8835192422181781,-0.9212372181928044,2.290963834971064,0.0,0.0,none
inventory,ppo,19,170,0.0,13.118460262974015,1.995384023067805,0.0680780746772865,0,low_restock,0.8010546026168627,0.0079806052995872,0.19096479208355008,-1.741084940884898,4.487264032679052,0.0,0.0,none
inventory,ppo,19,171,4.460242688242566,13.577938123593622,2.156688493875215,0.0,2,high_restock,0.009401415933644314,0.0035476989631477345,0.9870508851032079,-0.8954149941047362,4.673828229759847,0.0,0.0,none
inventory,ppo,19,172,0.0,12.198329141762894,2.365390398774895,0.0634669632329886,0,low_restock,0.7791980705817544,0.007816351087302121,0.21298557833094345,-0.18080274695107504,0.9076536033685844,0.0,0.0,none
inventory,ppo,19,173,0.0,11.345823648187672,2.0603337370806254,0.00014334766983483047,0,low_restock,0.7761333707165203,0.00811557753866153,0.21575105174481812,-1.170928963792814,2.870454898474498,0.0,0.0,none
inventory,ppo,19,174,2.8312256108366114,10.93809213825537,2.2999748436939664,0.0,2,high_restock,0.020786128594141022,0.004338380536604782,0.9748754908692541,-0.8994891099645284,2.8331905911456605,0.0,0.0,none
inventory,ppo,19,175,0.0,10.854370270570689,2.3004031012115824,0.06419448392223721,0,low_restock,0.7659530481870088,0.008064707436207704,0.2259822443767835,-0.7161880185825054,2.017871141498899,0.0,0.0,none
inventory,ppo,19,176,1.531965767378587,10.214344615827205,1.1553567873978838,0.0,2,high_restock,0.16946262052051903,0.008522991797863071,0.8220143876816179,-1.347668138958645,1.8086228189090716,0.0,0.0,none
inventory,ppo,19,177,0.0,9.669367137865226,1.9340708988128388,0.1442264533854723,0,low_restock,0.7735579773233396,0.00853196901841047,0.2179100536582499,-0.9317036213029708,0.7919148989744461,0.0,0.0,none
inventory,ppo,19,178,0.0,8.92274781412026,2.1978680165204225,0.13423278951838763,0,low_restock,0.7471169486364325,0.008679962807199572,0.2442030885563678,-0.9670779731788413,0.7604102928764582,0.0,0.0,none
inventory,ppo,19,179,0.0,8.266059944885574,2.5812020136259166,0.1405496380676502,0,low_restock,0.7115851213402439,0.00894575053207858,0.2794691281276776,-0.9664563082731901,0.9555378155194876,0.0,0.0,none
inventory,ppo,19,180,0.0,7.332582004228345,2.3770661792642853,0.1404386264773554,2,high_restock,0.7014935512925604,0.00956694256872202,0.2889395061387176,-2.0303396874262862,1.2449175263032843,0.0,0.0,none
inventory,ppo,19,181,0.0,6.767757627958568,1.2747984144991942,0.2661320870404082,0,low_restock,0.7678779837509638,0.010541434576509969,0.22158058167252628,-1.4251535731062064,0.600103596716464,0.0,0.0,none
inventory,ppo,19,182,0.0,7.306286414631096,1.5359384173257533,0.222348852340394,0,low_restock,0.7606255543283116,0.00988878820136642,0.229485657470322,-0.8719949630093282,1.6731442230365337,0.0,0.0,none
inventory,ppo,19,183,0.0,8.549271645734105,2.651573729244429,0.12357052910880861,0,low_restock,0.7121858728843208,0.00878750728385463,0.2790266198318246,-0.6123800852411903,0.8714884024459796,0.0,0.0,none
inventory,ppo,19,184,0.0,9.286744719844126,2.1895388068181316,0.0772107295073554,0,low_restock,0.7487529174147792,0.008536895235876843,0.242710187349344,-0.2795627188220223,1.1126821496873467,0.0,0.0,none
inventory,ppo,19,185,0.0,10.117233973627918,1.451421579084318,0.01777905693250398,0,low_restock,0.7873243899788371,0.008806588445424528,0.20386902157573836,-0.2346777447138232,0.7958522714968781,0.0,0.0,none
inventory,ppo,19,186,0.0,9.589154856781155,2.0467778097426255,0.009763882984611286,0,low_restock,0.7543869505509919,0.008498590834357495,0.2371144586146505,-0.8476725526142459,1.9102933804226483,0.0,0.0,none
inventory,ppo,19,187,1.9076358646121312,9.494411105687941,2.0795573086705432,0.0,2,high_restock,0.05879864928784873,0.005890444339506236,0.9353109063726449,-1.0485828168399036,2.17260478340276,0.0,0.0,none
inventory,ppo,19,188,0.0,8.858530365423562,1.2619115036115467,0.09081836014998278,0,low_restock,0.7863262851584265,0.009321319292799966,0.20435239554877357,-0.39238787813644405,0.11318483468975583,0.0,0.0,none
inventory,ppo,19,189,0.0,8.949980517761865,1.302533144554988,0.0379264068100793,2,high_restock,0.7807738217559774,0.009252780692252173,0.20997339755177033,-1.027877765638297,1.5930032763515134,0.0,0.0,none
inventory,ppo,19,190,0.0,9.829212382959316,2.63000843802706,0.08712102957826728,0,low_restock,0.7357823089512907,0.00824798110535331,0.255969709943356,-0.18145155457744777,1.2112047688775405,0.0,0.0,none
inventory,ppo,19,191,0.0,10.933065475340939,2.13911092710833,0.00025920617454424646,0,low_restock,0.7680729026999967,0.008136134098380324,0.22379096320162287,-1.6809594584915761,4.311554566277131,0.0,0.0,none
inventory,ppo,19,192,4.288455595690218,11.276163946215618,1.8546205865446157,0.0,2,high_restock,0.008363486218698781,0.003547206953471045,0.9880893068278301,-0.6155478673697242,4.1584588654471775,0.0,0.0,none
inventory,ppo,19,193,0.21585104962778345,12.114627252025317,1.915049319929353,0.0,0,low_restock,0.7365127156978764,0.008435882931207324,0.2550514013709162,-2.1091199780795473,5.315294407845199,0.0,0.0,none
inventory,ppo,19,194,5.511771365941565,12.433323968529423,1.5925356795745802,0.0,2,high_restock,0.006634165849244444,0.00338300413436213,0.9899828300163934,-0.5893940264883218,5.552699669245362,0.0,0.0,none
inventory,ppo,19,195,0.0,11.896209347874938,1.1872208489554323,0.008820361872914618,0,low_restock,0.8102909995251256,0.008896214204955705,0.1808127862699187,-3.2945134853849383,8.95229795210895,0.0,0.0,none
inventory,ppo,19,196,8.89860995824268,12.583350878092157,1.884456930254624,0.0,2,high_restock,0.005510204282137449,0.0032573092976352653,0.9912324864202273,-1.3919674670974596,6.473891886754235,0.0,0.0,none
inventory,ppo,19,197,2.4341927631355986,12.829147433489078,1.63511671620721,0.0,2,high_restock,0.05926095962764149,0.005876432802389014,0.9348626075699694,-1.0482723131265588,1.3670286372937905,0.0,0.0,none
inventory,ppo,19,198,1.4522066089330252,13.447271111861047,2.3578847331889135,0.0,2,high_restock,0.2512276596678427,0.008142992140670805,0.7406293481914864,-0.7030079969422305,1.60782509967101,0.0,0.0,none
inventory,ppo,19,199,0.0,14.090125734456109,2.1087098118732372,0.02910857088254115,0,low_restock,0.8011701480376145,0.007870935395067558,0.19095891656731787,-1.3801408618095095,3.431214956107143,0.0,0.0,none
inventory,ppo,19,200,3.428973890884313,14.009279844397668,2.198100884184045,0.0,2,high_restock,0.020068756836943067,0.004203094302083886,0.9757281488609729,-3.7400710559708896,6.385878149459746,1.0,1.0,inventory_demand_spike
inventory,ppo,19,201,9.143060159916828,15.64889004033483,4.530553725117895,0.0,2,high_restock,0.005593681988948843,0.0032804681937935753,0.9911258498172576,-6.471868703282355,8.360482053711106,1.0,0.0,inventory_demand_spike
inventory,ppo,19,202,16.948196295092444,18.50280070639137,5.443079884726508,0.0,2,high_restock,0.005361253311707364,0.0032704526602106644,0.991368294028082,-8.481212736883855,5.903457056482011,1.0,0.0,inventory_demand_spike
inventory,ppo,19,203,22.689179248239583,19.84739452786131,5.732885689820282,0.0,2,high_restock,0.005324393597970357,0.003248051262516142,0.9914275551395134,-10.657760196714062,6.5351623656156645,1.0,0.0,inventory_demand_spike
inventory,ppo,19,204,28.907886276325897,21.789097247620756,5.217307769552179,0.0,2,high_restock,0.00532778159077156,0.003254815325428456,0.9914174030838001,-12.968034506326333,8.382403659727512,1.0,0.0,inventory_demand_spike
inventory,ppo,19,205,35.50867001807524,24.415939225438187,0.7682577211882713,0.0,2,high_restock,0.0053530703382593196,0.0031508104651832014,0.9914961191965574,-13.253176579622526,2.077979534116938,1.0,0.0,inventory_demand_spike
inventory,ppo,19,206,36.323361656064364,23.436060299229506,2.409633293436004,0.0,2,high_restock,0.005327937682966547,0.0032318769306013896,0.9914401853864321,-13.97321994969769,2.356903750228341,1.0,0.0,inventory_demand_spike
inventory,ppo,19,207,38.38062842770769,22.286486426523048,2.3760382145800647,0.0,2,high_restock,0.005315483207233091,0.003306377360960636,0.9913781394318062,-15.234030453747547,3.629300633022836,1.0,0.0,inventory_demand_spike
inventory,ppo,19,208,41.982944153564425,21.85875298106497,2.2656362411294357,0.0,2,high_restock,0.005282367412965889,0.003517698415642702,0.9911999341713914,-15.35596444469898,1.2246781175886987,1.0,0.0,inventory_demand_spike
inventory,ppo,19,209,42.331326984854236,20.684688141705667,2.2595004817382414,0.0,2,high_restock,0.005293702379335199,0.0037116941625330597,0.9909946034581317,-16.9020769273307,4.493054253929998,1.0,0.0,inventory_demand_spike
inventory,ppo,19,210,46.74879122094487,20.248024240573923,1.5646113617578825,0.0,2,high_restock,0.005358854937522273,0.003988825417394199,0.9906523196450835,-16.762629881484326,0.5407922741350427,1.0,0.0,inventory_demand_spike
inventory,ppo,19,211,46.35037108995522,20.005401886778166,1.838202436950311,0.0,2,high_restock,0.005365489676675023,0.004000091470509101,0.9906344188528159,-15.347733834566878,4.3887077381112976,1.0,0.0,inventory_demand_spike
inventory,ppo,19,212,42.30781095590537,18.78543650563953,3.0340902418768865,0.0,2,high_restock,0.005359091747826592,0.003923316752524273,0.9907175914996491,-14.003699248263008,4.119217593160247,1.0,0.0,inventory_demand_spike
inventory,ppo,19,213,38.46771213789431,17.296953596865976,3.1116355705562846,0.0,2,high_restock,0.005349106919894296,0.0038419885525470356,0.9908089045275587,-13.474923858150511,1.5563116902513556,1.0,0.0,inventory_demand_spike
inventory,ppo,19,214,36.95692530900146,16.925119664829445,3.074638789031677,0.0,2,high_restock,0.005335476283948475,0.003767643992809387,0.9908968797232421,-11.712808961679823,5.544113358261612,1.0,0.0,inventory_demand_spike
inventory,ppo,19,215,31.92231131908521,15.03470401962807,1.7269802305784376,0.0,2,high_restock,0.0053142269565494595,0.00377207033977726,0.9909137027036733,-11.540774993240962,0.49264605385742327,1.0,0.0,inventory_demand_spike
inventory,ppo,19,216,31.430785694974176,15.016082921003791,1.699485687309373,0.0,2,high_restock,0.005307777101851518,0.0037359231628599104,0.9909562997352886,-12.409030791494185,2.9543580694880056,1.0,0.0,inventory_demand_spike
inventory,ppo,19,217,33.91151654712625,16.32074111824418,2.633334192316056,0.0,2,high_restock,0.005308853740304922,0.00363320278563235,0.9910579434740628,-13.09715579560919,2.2844798959053714,1.0,0.0,inventory_demand_spike
inventory,ppo,19,218,35.87758798745483,17.481975169912108,2.7036688464133762,0.0,2,high_restock,0.005302197790101117,0.003608051204127863,0.9910897510057709,-13.956909453005842,2.5869351264839016,1.0,0.0,inventory_demand_spike
inventory,ppo,19,219,38.33402700858812,18.275420339917332,2.872741157231484,0.0,2,high_restock,0.005308096416442155,0.0036778783672651505,0.9910140252162928,-12.800878235175599,3.3792705809292083,1.0,0.0,inventory_demand_spike
inventory,ppo,19,220,35.03108067193028,18.621753870569016,2.2481867225834495,0.0,2,high_restock,0.005294761527415057,0.0034377984043050236,0.9912674400682799,-11.529222633041456,3.7335147697797946,1.0,0.0,inventory_demand_spike
inventory,ppo,19,221,31.397778951547018,17.993398651314568,2.834207936584761,0.0,2,high_restock,0.0053209200023348405,0.0033224882526984908,0.9913565917449668,-10.052155347335997,4.428791184159004,1.0,0.0,inventory_demand_spike
inventory,ppo,19,222,27.177586706674283,16.653214031909606,2.924063126256392,0.0,2,high_restock,0.00532659057946271,0.0032942341545289674,0.9913791752660084,-11.107707867229209,3.0340473383489064,1.0,0.0,inventory_demand_spike
inventory,ppo,19,223,30.19345104922631,16.863172612354298,3.180817703942863,0.0,2,high_restock,0.00532438402633284,0.003340488528036242,0.9913351274456308,-9.77249146888628,4.042196706505186,1.0,0.0,inventory_demand_spike
inventory,ppo,19,224,26.3785470539608,15.608904009074536,2.7196539674942413,0.0,2,high_restock,0.005324669019068323,0.00331467755910961,0.9913606534218222,-8.724847911510064,2.9939621537736523,1.0,0.0,inventory_demand_spike
inventory,ppo,19,225,23.385279747171616,15.670839815048268,2.7016494048956297,0.0,2,high_restock,0.005327935134564495,0.003261545903697015,0.9914105189617385,-9.510453784731197,2.5687946346279618,1.0,0.0,inventory_demand_spike
inventory,ppo,19,226,25.629867956374852,16.84641780096557,3.124196496976306,0.0,2,high_restock,0.005328311549897193,0.0032710226638204476,0.9914006657862823,-11.255055680225919,5.324774533072225,1.0,0.0,inventory_demand_spike
inventory,ppo,19,227,30.614444800645487,18.68737161879424,3.4678628355047914,0.0,2,high_restock,0.005328167121609348,0.0032924853055009595,0.9913793475728898,-12.016161956311517,2.1832909044259634,1.0,0.0,inventory_demand_spike
inventory,ppo,19,228,32.78903416089005,18.519116622332746,3.369829454322488,0.0,2,high_restock,0.005324660970364101,0.003325520250850084,0.9913498187787859,-11.628887090960152,1.3578162497904522,1.0,0.0,inventory_demand_spike
inventory,ppo,19,229,31.682534545600433,19.060797498327926,2.7989482073542256,0.0,2,high_restock,0.005323909875625214,0.0032913346173332417,0.9913847555070415,-11.325748457775074,1.1051514308255752,1.0,0.0,inventory_demand_spike
inventory,ppo,19,230,30.816424165071638,19.486228883580004,2.260226915554301,0.0,2,high_restock,0.005324380830603609,0.003255996152358786,0.9914196230170376,-13.36757248758681,5.909716728104518,1.0,0.0,inventory_demand_spike
inventory,ppo,19,231,36.650207107390884,20.204067830203208,2.8737704226133065,0.0,2,high_restock,0.00531303424029374,0.003349446563717435,0.9913375191959888,-15.173898229523392,5.161168411859083,1.0,0.0,inventory_demand_spike
inventory,ppo,19,232,41.81113779863826,20.239338599598558,2.9085518621911732,0.0,2,high_restock,0.0052980217754751945,0.003660604511229625,0.9910413737132951,-16.032625544283643,2.4541408481106246,1.0,0.0,inventory_demand_spike
inventory,ppo,19,233,44.26464441223898,20.29512205026979,2.9094496449555356,0.0,0,low_restock,0.005330842138446503,0.0038529676863514523,0.990816190175202,-22.704604492493612,20.176128938676474,1.0,0.0,inventory_demand_spike
inventory,ppo,19,234,64.35601283569603,22.13469565801912,3.0799276924662835,0.0,2,high_restock,0.00550586814599283,0.004287940175576119,0.990206191678431,-23.989042145024605,2.9009241042240386,1.0,0.0,inventory_demand_spike
inventory,ppo,19,235,66.99726327149888,22.83616782128545,2.1067403528436537,0.0,2,high_restock,0.0055019610033191155,0.004279445956178928,0.9902185930405021,-24.574160293497236,1.884052750989063,1.0,0.0,inventory_demand_spike
inventory,ppo,19,236,68.6690294099921,22.003764460520244,2.355652770540514,0.0,2,high_restock,0.005508577258784135,0.004293314079118363,0.9901981086620975,-27.45259305261119,8.265491879886625,1.0,0.0,inventory_demand_spike
inventory,ppo,19,237,76.89312300746055,22.616397041764458,2.9100189283715974,0.0,2,high_restock,0.005515833782320394,0.004309174983954457,0.990174991233725,-27.755771979242986,0.9672790157558545,1.0,0.0,inventory_demand_spike
inventory,ppo,19,238,77.75934851212283,22.29894081997677,3.2007139861941836,0.0,2,high_restock,0.0055209647558057155,0.004320489365615275,0.9901585458785789,-28.86513018196286,3.376551710124059,1.0,0.0,inventory_demand_spike
inventory,ppo,19,239,80.92894337703676,21.314586108268145,2.5795733861767913,0.0,2,high_restock,0.005528502887575053,0.0043369477590417425,0.9901345493533832,-29.381514889412784,1.4971102867822346,1.0,0.0,inventory_demand_spike
inventory,ppo,19,240,82.4043282554651,21.081412996793244,2.6806128407442023,0.0,2,high_restock,0.0055350410873285846,0.004351089017203635,0.9901138698954678,-31.080272554408353,4.895242449324464,1.0,0.0,inventory_demand_spike
inventory,ppo,19,241,87.25792158402388,21.717778434806355,2.6479101200572073,0.0,2,high_restock,0.005537150128340687,0.004355620443075866,0.9901072294285834,-32.22927598474088,3.6422608234942038,1.0,0.0,inventory_demand_spike
inventory,ppo,19,242,90.5407885278311,20.72953310407411,1.4181866950935167,0.0,2,high_restock,0.005540267872800061,0.00436230440401471,0.9900974277231852,-32.57022402649455,0.9747778330517134,1.0,0.0,inventory_demand_spike
inventory,ppo,19,243,91.51492578998443,20.75111545557232,1.390211341705087,0.0,2,high_restock,0.005541884912243966,0.004365759286651592,0.9900923558011043,-33.80377357712009,3.525255440007561,1.0,0.0,inventory_demand_spike
inventory,ppo,19,244,95.03935307748597,20.822081940089845,1.4185304252473563,0.0,2,high_restock,0.005550544633750222,0.004384155260962037,0.9900653001052878,-33.40983206826007,1.424756317901669,1.0,0.0,inventory_demand_spike
inventory,ppo,19,245,93.9138059093145,20.30189553076988,2.120299787061277,0.0,2,high_restock,0.005570666504207374,0.004426295864495253,0.9900030376312973,-35.295735547532395,5.391051767785262,1.0,0.0,inventory_demand_spike
inventory,ppo,19,246,99.30210156437828,20.40883599607088,2.255476831868027,0.0,2,high_restock,0.005592998961529845,0.004472271865086532,0.9899347291733838,-36.44786647828755,3.2918032178515353,1.0,0.0,inventory_demand_spike
inventory,ppo,19,247,102.59390422367872,20.410623139169523,2.256172101451428,0.0,2,high_restock,0.005607607075182605,0.004502001043286121,0.9898903918815312,-35.8211502111461,1.9544680785538529,1.0,0.0,inventory_demand_spike
inventory,ppo,19,248,100.80328631756028,19.85767210551517,2.811039778248861,0.0,2,high_restock,0.005630362936788278,0.004547876999414167,0.9898217600637976,-36.11825334589199,1.0101299734717921,1.0,0.0,inventory_demand_spike
inventory,ppo,19,249,101.65215241683428,19.322559867869664,2.695092368051491,0.0,2,high_restock,0.005645863798646413,0.004578887902594346,0.9897752482987592,-35.360324841231716,2.185843742116278,1.0,0.0,inventory_demand_spike
inventory,ppo,19,250,99.4866424035192,19.114567298840942,2.9077384082446356,0.0,2,high_restock,0.005647530277796895,0.004582214231681734,0.9897702554905213,-35.32285874262862,1.4468069753914319,1.0,0.0,inventory_demand_spike
inventory,ppo,19,251,99.37959640751035,18.015498968626417,1.9729441077168497,0.0,2,high_restock,0.005649673362650481,0.004586484365551083,0.9897638422717985,-34.451132725482104,2.8296749229717904,1.0,0.0,inventory_demand_spike
inventory,ppo,19,252,96.8889506442346,16.859009284111174,1.290100449782038,0.0,2,high_restock,0.005649432294580311,0.004586010933575428,0.9897645567718443,-33.20238778540158,3.600851777317596,1.0,0.0,inventory_demand_spike
inventory,ppo,19,253,93.32110795829023,16.503564328145988,1.6222012986870944,0.0,2,high_restock,0.005651980833728089,0.004591088366816112,0.9897569307994557,-32.68277228518563,1.6274241418790274,1.0,0.0,inventory_demand_spike
inventory,ppo,19,254,91.83649224338753,16.036867965310645,1.1461550598080448,0.0,2,high_restock,0.005643625528583782,0.0045744330888249085,0.9897819413825913,-30.961522126892536,4.974956844666326,1.0,0.0,inventory_demand_spike
inventory,ppo,19,255,86.9186346482644,15.486398448949037,1.65787333380141,0.0,2,high_restock,0.005650432176383132,0.004588013669838986,0.9897615541537779,-31.820726610728098,2.646338512974587,1.0,0.0,inventory_demand_spike
inventory,ppo,19,256,89.37350460208029,15.998781638913986,2.502967708262556,0.0,2,high_restock,0.005672580177144064,0.00463198958395599,0.9896954302389,-32.13562038139605,1.1487928644131076,1.0,0.0,inventory_demand_spike
inventory,ppo,19,257,90.27320108970301,16.676850089093683,2.727677415121688,0.0,2,high_restock,0.00566514453713337,0.0046172484332826025,0.989717607029584,-30.939475634281642,3.417774127757143,1.0,0.0,inventory_demand_spike
inventory,ppo,19,258,86.85564466937613,16.70690734221718,2.7034975932999528,0.0,2,high_restock,0.005647405156298915,0.004581967963578475,0.9897706268801226,-30.86766183140611,0.3293727563271708,1.0,0.0,inventory_demand_spike
inventory,ppo,19,259,86.65046237544604,16.962794026411704,2.7336413110546336,0.0,2,high_restock,0.0056402094504171526,0.004567601500579505,0.9897921890490033,-29.72319488174571,3.3133034562761043,1.0,0.0,inventory_demand_spike
inventory,ppo,19,260,83.38055680498775,17.29238443134467,2.3128473963729514,0.0,2,high_restock,0.005603497072759205,0.0044936668518752035,0.9899028360753656,-28.68076051369986,3.213456884267145,1.0,0.0,inventory_demand_spike
inventory,ppo,19,261,80.40217289628532,16.205733658841005,1.7887056807620316,0.0,2,high_restock,0.0056036822408012145,0.0044940483829969975,0.9899022693762018,-28.391870304437,0.9973383742080922,1.0,0.0,inventory_demand_spike
inventory,ppo,19,262,79.57677229839143,15.860714241737686,1.3478436984068545,0.0,2,high_restock,0.005596730413247977,0.004479902599903176,0.9899233669868488,-29.195786926327365,2.6545975241347546,1.0,0.0,inventory_demand_spike
inventory,ppo,19,263,81.8736769323639,17.003606452597555,2.029690097483643,0.0,2,high_restock,0.005596416279515119,0.004479254929199953,0.9899243287912849,-28.358578210140564,2.4317474108674837,1.0,0.0,inventory_demand_spike
inventory,ppo,19,264,79.48165202897304,16.566237930705398,2.0476095806379657,0.0,2,high_restock,0.005597457232312831,0.004481380717409516,0.9899211620502777,-30.123827437890537,5.3995953431194295,1.0,0.0,inventory_demand_spike
inventory,ppo,19,265,84.52522125111582,18.228932889225614,3.0240750668701106,0.0,2,high_restock,0.00560415977030136,0.004495007886796656,0.9899008323429019,-30.14489725531288,0.7474665058610216,1.0,0.0,inventory_demand_spike
inventory,ppo,19,266,84.58542072946538,18.836649566636012,2.5930731641042506,0.0,2,high_restock,0.005578331632278025,0.004442160028261458,0.9899795083394605,-30.09084155041373,0.21728319668305093,1.0,0.0,inventory_demand_spike
inventory,ppo,19,267,84.43097585832496,18.970840711986703,2.5199191768671083,0.0,2,high_restock,0.0055730725186941684,0.004431286774988053,0.9899956407063178,-31.100797391515368,2.8888847230726338,1.0,0.0,inventory_demand_spike
inventory,ppo,19,268,87.3165639757582,19.088577408678855,2.5918512975263495,0.0,2,high_restock,0.005583388438855543,0.004452574581929848,0.9899640369792145,-33.423958324369686,6.879477928546452,1.0,0.0,inventory_demand_spike
inventory,ppo,19,269,93.95416664105626,20.894502922416642,2.6817427087777252,0.0,2,high_restock,0.005571019002766182,0.004427029785776225,0.9900019512114576,-34.502267128425956,3.1127253060178646,1.0,0.0,inventory_demand_spike
inventory,ppo,19,270,97.03504893835989,20.501965537448815,2.4740470124146903,0.0,2,high_restock,0.0055868678754590105,0.004459721513131174,0.9899534106114098,-36.02384828127915,4.4391158848016525,1.0,0.0,inventory_demand_spike
inventory,ppo,19,271,101.38242366079758,21.359400586266442,2.207799010605722,0.0,2,high_restock,0.005577889755339986,0.004441246381938501,0.9899808638627215,-38.88472148915866,8.343124952601581,1.0,0.0,inventory_demand_spike
inventory,ppo,19,272,109.55634711188189,23.025074250711388,2.0655294280811347,0.0,2,high_restock,0.005569290630093163,0.0044234373585275155,0.9900072720113792,-40.510750308020974,4.66642918729773,1.0,0.0,inventory_demand_spike
inventory,ppo,19,273,114.20214373720279,23.377115952288918,1.8043748444117849,0.0,2,high_restock,0.00557296477090692,0.004431062177046907,0.9899959730520461,-41.6560718717053,3.3409964033997115,1.0,0.0,inventory_demand_spike
inventory,ppo,19,274,117.47449106201515,22.70406488419178,1.8360325931711396,0.0,2,high_restock,0.005603402550773639,0.0044934667754106174,0.9899031306738156,-42.35421650998655,2.0195368623882417,1.0,0.0,inventory_demand_spike
inventory,ppo,19,275,119.469190028533,22.486828218034624,2.0651906224750527,0.0,2,high_restock,0.005625150782576195,0.004537409796375579,0.9898374394210483,-43.94853079810448,4.55537342376684,1.0,0.0,inventory_demand_spike
inventory,ppo,19,276,124.02437370886994,22.528390009614476,2.0640566763047086,0.0,2,high_restock,0.005645903509377721,0.004578965960260938,0.9897751305303614,-45.78748817753918,5.361740478950965,1.0,0.0,inventory_demand_spike
inventory,ppo,19,277,129.27853765011196,21.944438107646015,1.1690581185623274,0.0,2,high_restock,0.005660621901148074,0.004608264702295577,0.9897311133965564,-47.4290927404424,4.690310376812246,1.0,0.0,inventory_demand_spike
inventory,ppo,19,278,133.968836401264,21.953338532812243,1.1745205544610846,0.0,2,high_restock,0.005681884691601389,0.004650382128158534,0.98966773318024,-47.84243386366507,1.3322580990649588,1.0,0.0,inventory_demand_spike
inventory,ppo,19,279,135.14981103904307,21.53506399540558,1.62757348603094,0.0,2,high_restock,0.005707578981729391,0.004701020783206958,0.9895914002350636,-47.61540775803053,1.0879549681602776,1.0,0.0,inventory_demand_spike
inventory,ppo,19,280,134.50116502294438,21.006394998882268,2.3228528907733477,0.0,2,high_restock,0.005729174338309003,0.004743423678163458,0.9895274019835275,-49.907212443144466,6.5707070221422486,1.0,0.0,inventory_demand_spike
inventory,ppo,19,281,141.0491784089842,21.404960940022846,2.6954876417499882,0.0,2,high_restock,0.0057450142674811055,0.004774450113373463,0.9894805356191455,-51.26202888106849,3.8831760179140464,1.0,0.0,inventory_demand_spike
inventory,ppo,19,282,144.92008251733856,21.128308973445318,2.5590286390533175,0.0,2,high_restock,0.005753405574195162,0.0047908687234918266,0.9894557257023131,-52.88216228271896,4.628974722265132,1.0,0.0,inventory_demand_spike
inventory,ppo,19,283,149.54903509348276,21.11603973844375,2.551646698251878,0.0,2,high_restock,0.005759948329777637,0.004803660540055916,0.9894363911301665,-54.31880542072878,4.150125503742184,1.0,0.0,inventory_demand_spike
inventory,ppo,19,284,153.6537297735108,21.700783746893546,2.369718896245605,0.0,2,high_restock,0.005759466371493041,0.004802719818421206,0.9894378138100859,-54.417337477221864,0.4762411405729382,1.0,0.0,inventory_demand_spike
inventory,ppo,19,285,153.93524993491963,21.886816982395047,2.033647984110372,0.0,2,high_restock,0.005755556885774867,0.0047950774572678365,0.9894493656569572,-53.67940391014213,2.7922718968430438,1.0,0.0,inventory_demand_spike
inventory,ppo,19,286,151.8268683146918,20.155537981141514,2.6287801620368763,0.0,2,high_restock,0.005767961000357183,0.0048193209959421085,0.9894127180037008,-54.95995589499353,3.659061688808961,1.0,0.0,inventory_demand_spike
inventory,ppo,19,287,155.48558827141008,20.1131011508143,2.6023257436401654,0.0,2,high_restock,0.005770438886686797,0.004824164190070956,0.9894053969232423,-55.911084555706296,2.7576578984661126,1.0,0.0,inventory_demand_spike
inventory,ppo,19,288,158.20309873058943,19.730812727421327,2.330904391195146,0.0,2,high_restock,0.005772162876684283,0.004827532389107514,0.9894003047342083,-54.41385831309436,4.636405280191801,1.0,0.0,inventory_demand_spike
inventory,ppo,19,289,153.9253094659839,18.05431593849461,2.952299150212712,0.0,2,high_restock,0.005775497254342957,0.004834057293791052,0.989390445451866,-54.395495168319066,0.08496503541526454,1.0,0.0,inventory_demand_spike
inventory,ppo,19,290,153.87284333805448,17.987518680626966,2.9501804231009348,0.0,2,high_restock,0.005775581176457459,0.004834222045789129,0.9893901967777533,-53.939403899927356,1.3167201242335627,1.0,0.0,inventory_demand_spike
inventory,ppo,19,291,152.56972542836388,18.148571422734413,2.851703962639941,0.0,2,high_restock,0.005774774475098802,0.004832641120963256,0.989392584403938,-52.1021548711303,5.543478869870251,1.0,0.0,inventory_demand_spike
inventory,ppo,19,292,147.32044248894374,16.36697084350673,2.884658153666104,0.0,2,high_restock,0.005776194199526413,0.004835457943612932,0.9893883478568607,-51.770073250477374,1.4767133364378804,1.0,0.0,inventory_demand_spike
inventory,ppo,19,293,146.3716378585068,15.633707825583475,2.022812809174995,0.0,2,high_restock,0.005775741822594638,0.004834612968684995,0.9893896452087203,-51.6764162761203,0.854809239800582,1.0,0.0,inventory_demand_spike
inventory,ppo,19,294,146.10404650320086,16.435747407443394,1.897010535173506,0.0,2,high_restock,0.005773956853569372,0.004831074518299461,0.9893949686281311,-51.050331306127006,1.8288782092794247,1.0,0.0,inventory_demand_spike
inventory,ppo,19,295,144.31523230322003,16.08847779303311,1.7409878533885288,0.0,2,high_restock,0.005773683421141107,0.004830553198118818,0.98939576338074,-49.95459447839463,3.1520450860134623,1.0,0.0,inventory_demand_spike
inventory,ppo,19,296,141.1845556525561,15.722966044838438,1.7665435803586813,0.0,2,high_restock,0.005773351795850527,0.004829921631294958,0.9893967265728545,-50.71839793192181,2.64036900471884,1.0,0.0,inventory_demand_spike
inventory,ppo,19,297,143.36685123406232,17.20928174902371,1.7668653110050652,0.0,2,high_restock,0.005770116916616066,0.004823550574272005,0.9894063325091118,-50.99618297263307,0.8729428015537367,1.0,0.0,inventory_demand_spike
inventory,ppo,19,298,144.16052277895164,17.557776984088967,1.8701401131317015,0.0,2,high_restock,0.005769755171235222,0.004822841680989678,0.9894074031477751,-50.309516018297614,1.9929449407240334,1.0,0.0,inventory_demand_spike
inventory,ppo,19,299,142.19861719513605,17.21891413838704,1.9591793671352553,0.0,2,high_restock,0.005770094600692923,0.004823507193834933,0.989406398205472,-51.173410261222806,2.6261531264780147,1.0,0.0,inventory_demand_spike
inventory,ppo,19,300,144.6668864606366,18.07033083148331,2.2409890394545244,0.0,2,high_restock,0.005769657863411126,0.004822641336486471,0.9894077008001023,-52.569594128209914,144.7600907517322,1.0,1.0,inventory_demand_spike|inventory_sensor_noise
inventory,ppo,19,301,0.9380029727465219,0.8741978016676448,0.9050310330366286,-0.012280074714332866,2,high_restock,0.0701455360537226,0.028661584453619417,0.901192879492658,-50.052636431501455,0.2208394693950228,1.0,0.0,inventory_sensor_noise
inventory,ppo,19,302,0.7871779374221111,1.0,0.9889041810843862,0.04394253544715958,2,high_restock,0.10280191665700816,0.03307227604411222,0.8641258072988797,-48.22953157883177,0.20965113351492828,1.0,0.0,inventory_sensor_noise
inventory,ppo,19,303,0.9956778206136773,1.0,0.9704828387783022,0.05586103538799175,2,high_restock,0.06476542367792823,0.02497641611814616,0.9102581602039257,-45.2370460079607,0.04170952702071861,1.0,0.0,inventory_sensor_noise
inventory,ppo,19,304,1.0,1.0,0.9611332679168376,0.09627871635005283,2,high_restock,0.0655009714505228,0.025286383720089862,0.9092126448293874,-42.51797462096646,0.03887221604262345,1.0,0.0,inventory_sensor_noise
inventory,ppo,19,305,1.0,1.0,1.0,0.09562578661411796,2,high_restock,0.0654664463352573,0.025226200440581027,0.9093073532241618,-41.9634429176034,0.2002911350839487,1.0,0.0,inventory_sensor_noise
inventory,ppo,19,306,0.9005124673362038,1.0,1.0,-0.07820968053136036,2,high_restock,0.07456677177234229,0.0268005361762058,0.898632692051452,-41.8407650116256,0.09950930731956957,1.0,0.0,inventory_sensor_noise
inventory,ppo,19,307,1.0,1.0,1.0,-0.08029128752852172,2,high_restock,0.06009311897397099,0.02347670219994736,0.9164301788260816,-41.77202514084728,0.06750861894166299,1.0,0.0,inventory_sensor_noise
inventory,ppo,19,308,0.9632541369715588,0.9434505926763718,1.0,-0.0772384670208469,2,high_restock,0.06470090782771251,0.02558868882538228,0.9097104033469053,-39.608868167043056,0.2257232504915342,1.0,0.0,inventory_sensor_noise
inventory,ppo,19,309,1.0,0.8083918664482583,1.0,0.09984870877796252,2,high_restock,0.06449640139570278,0.028766865568337494,0.9067367330359597,-39.06533387462036,0.09479413018157715,1.0,0.0,inventory_sensor_noise
inventory,ppo,19,310,0.983205366493887,0.8571243679878624,0.966286810882938,0.02779017995918326,2,high_restock,0.06472047585613751,0.02761280041866612,0.9076667237251963,-37.69900112408192,0.12604829612953575,1.0,0.0,inventory_sensor_noise
inventory,ppo,19,311,0.9736240293025435,0.973183752079543,0.9973836017302936,-0.009082301623163421,2,high_restock,0.0655625068293728,0.025430159092522074,0.9090073340781052,-35.85116598071181,0.09810662892282898,1.0,0.0,inventory_sensor_noise
inventory,ppo,19,312,0.912255909302625,1.0,1.0,0.0625620128326266,2,high_restock,0.07793714449386978,0.027966299168580226,0.8940965563375501,-35.88932017197102,0.16024117259701837,1.0,0.0,inventory_sensor_noise
inventory,ppo,19,313,0.9232197781134486,0.99996800139369,1.0,-0.09730363686128253,2,high_restock,0.07028237563145837,0.025799845485845522,0.9039177788826961,-33.649942799190434,0.13935165529105137,1.0,0.0,inventory_sensor_noise
inventory,ppo,19,314,1.0,0.9619349390928775,1.0,0.012592530184845354,2,high_restock,0.06257685615017317,0.02495985838621439,0.9124632854636124,-31.300333140979976,0.048099785600562196,1.0,0.0,inventory_sensor_noise
inventory,ppo,19,315,1.0,1.0,0.9965946138712436,0.041799444747516644,2,high_restock,0.06371547171677407,0.02465546453247114,0.9116290637507549,-29.60585635522521,0.13157529689474293,1.0,0.0,inventory_sensor_noise
inventory,ppo,19,316,0.9829069448574665,1.0,0.9918515585591432,-0.08857459271830866,2,high_restock,0.06206181626818361,0.023933822436895156,0.9140043612949212,-27.22322131213009,0.10637444782044216,1.0,0.0,inventory_sensor_noise
inventory,ppo,19,317,0.9619694705368669,1.0,1.0,0.015400155274957123,0,low_restock,0.06822503543332167,0.025632555204028244,0.9061424093626501,-29.244070744618178,0.16874835286248308,1.0,0.0,inventory_sensor_noise
inventory,ppo,19,318,0.9488490928062796,0.8765763898031759,0.8856957106611243,0.017637154766420474,2,high_restock,0.0695708932898709,0.028585529193224674,0.9018435775169044,-28.287004247450984,0.17794624513047685,1.0,0.0,inventory_sensor_noise
inventory,ppo,19,319,0.8831339168471424,0.995741883307593,1.0,0.00866517609509551,0,low_restock,0.08088921533144222,0.028520963034315713,0.8905898216342419,-30.32012598406288,0.12201852510735306,1.0,0.0,inventory_sensor_noise
inventory,ppo,19,320,0.9947635278805452,1.0,1.0,0.05774897028563031,2,high_restock,0.06494372874019556,0.02498876016928958,0.9100675110905149,-29.836619618158174,0.21083603171473386,1.0,0.0,inventory_sensor_noise
inventory,ppo,19,321,0.9618002562536184,1.0,0.8804452234222411,-0.1127558988246325,2,high_restock,0.06438499760170527,0.024540872407902842,0.9110741299903918,-27.591155767184453,0.06790974872004764,1.0,0.0,inventory_sensor_noise
inventory,ppo,19,322,0.9879014810897893,0.9725280937887626,0.9324774702655876,-0.09111335528590526,2,high_restock,0.06122393962733573,0.024250987574076868,0.9145250727985875,-24.22708254612212,0.08787930840551009,1.0,0.0,inventory_sensor_noise
inventory,ppo,19,323,1.0,1.0,0.8873985645034628,-0.1603201852264572,2,high_restock,0.058096001963930735,0.022929132774529334,0.9189748652615399,-21.829185086718763,0.09107071775320356,1.0,0.0,inventory_sensor_noise
inventory,ppo,19,324,1.0,0.955157581404283,0.8288437639480084,-0.10689389527028376,2,high_restock,0.059350094977235895,0.024168037683073237,0.916481867339691,-17.807595695977987,0.23786073092290844,1.0,0.0,inventory_sensor_noise
inventory,ppo,19,325,1.0,1.0,1.0,0.05207914543216263,2,high_restock,0.06404225189978671,0.024758548724360476,0.9111991993758528,-15.431689110855533,0.06803406906975354,1.0,0.0,inventory_sensor_noise
inventory,ppo,19,326,0.9686905900492814,0.9547625480086508,1.0,0.09210324242455226,2,high_restock,0.06957651549071393,0.027046411976156468,0.9033770725331296,-11.537303557241746,0.053342349966011775,1.0,0.0,inventory_sensor_noise
inventory,ppo,19,327,1.0,0.9567650879240034,0.9573063432982167,0.08590899834217915,2,high_restock,0.06487662595195809,0.025891433905349658,0.9092319401426923,-8.469245134744888,0.2867352230269206,1.0,0.0,inventory_sensor_noise
inventory,ppo,19,328,0.9883139509955369,1.0,0.9688330605936526,-0.19707227586008166,2,high_restock,0.0584854007760373,0.022873906261974237,0.9186406929619886,-5.196789918317547,0.31134115392726736,1.0,0.0,inventory_sensor_noise
inventory,ppo,19,329,0.9234587842450719,0.9063125884664676,0.9790408054863666,0.09248875801513361,2,high_restock,0.07647059188638092,0.029786200821156007,0.893743207292463,-3.261331953751262,0.10165895157938591,1.0,0.0,inventory_sensor_noise
inventory,ppo,19,330,0.9175903511294975,1.0,1.0,0.05957242446362499,2,high_restock,0.0768991211280486,0.027727247525980922,0.8953736313459705,-0.8762217799666401,0.8683086683512969,1.0,0.0,inventory_sensor_noise
inventory,ppo,19,331,0.05006038091577325,1.0,1.0,0.022807028845226236,2,high_restock,0.4842164606967326,0.08345527754736917,0.4323282617558983,-1.731221941330166,0.23638911161325546,1.0,0.0,inventory_sensor_noise
inventory,ppo,19,332,0.042122482249841886,0.9542985371810344,0.9235639587818174,0.24163506579015828,0,low_restock,0.5218646186643516,0.09403503607043233,0.3841003452652161,-1.225901368077296,0.11263113922839846,1.0,0.0,inventory_sensor_noise
inventory,ppo,19,333,-0.0345712399233962,1.0,0.8553823585142813,0.24978933977780923,0,low_restock,0.5815286320018653,0.09518269892450111,0.32328866907363357,-0.9412574286042803,0.2249658123374342,1.0,0.0,inventory_sensor_noise
inventory,ppo,19,334,0.03507450319251279,0.9935275366094747,0.9514753586161325,0.05878324109099135,0,low_restock,0.5030901966794472,0.08614947256600172,0.410760330754551,-0.7192462481686694,0.11129853297569735,1.0,0.0,inventory_sensor_noise
inventory,ppo,19,335,-0.019727883574041642,1.0,0.9548509383945977,0.15537917540527238,2,high_restock,0.552431609287532,0.0914156018786406,0.35615278883382734,-1.4085365650790058,0.07860984838389729,1.0,0.0,inventory_sensor_noise
inventory,ppo,19,336,-0.07202845681697782,1.0,0.9550349842831746,0.2140658385282553,0,low_restock,0.5917606874585526,0.09594033578254656,0.3122989767589009,-0.4208632302431299,0.13242927664065576,1.0,0.0,inventory_sensor_noise
inventory,ppo,19,337,-0.03343268071981575,1.0,0.8328485765242886,0.18062393161485835,2,high_restock,0.5746721307359102,0.09351245255121622,0.3318154167128736,-1.0663174483293545,0.16195873520174497,1.0,0.0,inventory_sensor_noise
inventory,ppo,19,338,0.05974243978041995,1.0,0.881442867928734,0.05738585441947469,0,low_restock,0.49205700446422485,0.08436369499950347,0.42357930053627174,-0.22781810221218868,0.14352444954479904,1.0,0.0,inventory_sensor_noise
inventory,ppo,19,339,-0.0173047999792669,0.9852728142021095,0.978921610868859,-0.012927694316443543,2,high_restock,0.5258751070329378,0.0886068336476941,0.385518059319368,-0.831426971569408,0.40883845013954956,1.0,0.0,inventory_sensor_noise
inventory,ppo,19,340,-0.04530126016469851,0.8994785464519929,0.6325779740428081,0.18468431286156262,0,low_restock,0.5907800592201335,0.10597025862489086,0.30324968215497566,-1.270895243974765,1.0689338709498362,1.0,0.0,inventory_sensor_noise
inventory,ppo,19,341,1.0,0.9446728970085869,0.8075154036849024,0.05308164438603678,2,high_restock,0.06399435162726722,0.026024181750640526,0.9099814666220922,-0.894006946049076,1.091761592366223,1.0,0.0,inventory_sensor_noise
inventory,ppo,19,342,-0.0733505262376861,0.9537807423358443,1.0,0.10531908044698415,2,high_restock,0.5727711159766923,0.09773513488781012,0.3294937491354976,-1.4828155115499448,0.20575514622678778,1.0,0.0,inventory_sensor_noise
inventory,ppo,19,343,-0.10059148945098914,0.969233633775678,0.9148131957013896,0.2899742364582834,0,low_restock,0.6169813362590816,0.1026792048057256,0.2803394589351928,-0.7024813248709063,0.08948557040016572,1.0,0.0,inventory_sensor_noise
inventory,ppo,19,344,-0.027447373469306428,0.944564078757766,0.8962219821603696,0.24870214611394084,2,high_restock,0.5691473254939287,0.0999097563330065,0.33094291817306476,-1.2018444408555236,0.1009686514100621,1.0,0.0,inventory_sensor_noise
inventory,ppo,19,345,0.015767580404160698,1.0,0.9647503814123609,0.22508322443522616,2,high_restock,0.5371195825774264,0.09091175145532313,0.3719686659672505,-1.3780098018845082,0.06611058397576633,1.0,0.0,inventory_sensor_noise
inventory,ppo,19,346,0.011495574000732653,0.9605699565208236,1.0,0.18564852733277404,0,low_restock,0.5291892664494053,0.09354739251491527,0.37726334103567943,-0.620254625438821,0.22299110616343373,1.0,0.0,inventory_sensor_noise
inventory,ppo,19,347,0.0681964602417029,1.0,0.8074867392034318,0.09680057284769256,1,balanced_restock,0.4977981096224334,0.08530541433103349,0.41689647604653296,-0.703111799701343,0.2523804899700576,1.0,0.0,inventory_sensor_noise
inventory,ppo,19,348,-0.09346076332331206,1.0,1.0,0.07440641726527245,2,high_restock,0.5847719318531647,0.0937769599055212,0.32145110824131407,-1.3972993741670496,0.07201320180722962,1.0,0.0,inventory_sensor_noise
inventory,ppo,19,349,-0.021801205096696,1.0,1.0,0.08153445691829078,0,low_restock,0.540582495174836,0.08957899250043357,0.3698385123247304,-0.3019186121239453,0.08801016444945295,1.0,0.0,inventory_sensor_noise
inventory,ppo,19,350,0.06478184930214324,1.0,1.0,0.06574953571521229,2,high_restock,0.48000787394914385,0.08343478963665943,0.4365573364141967,-1.008794328788743,0.11282054244816762,1.0,0.0,inventory_sensor_noise
inventory,ppo,19,351,-0.026402325119975326,0.9786967085995725,1.0,0.002820282511603406,0,low_restock,0.5317967164922711,0.09003225547638047,0.37817102803134844,-1.1550514212180507,1.027194136346143,1.0,0.0,inventory_sensor_noise
inventory,ppo,19,352,1.0,1.0,1.0,-0.031417569461254125,2,high_restock,0.061485842812066184,0.023926268047139095,0.9145878891407947,-0.6754330411310071,0.9232521505472534,1.0,0.0,inventory_sensor_noise
inventory,ppo,19,353,0.10283373703823939,0.8410482829020605,0.9875814367685123,0.11713330065480888,2,high_restock,0.451299838763775,0.09592691971527176,0.4527732415209532,-1.0357906288246808,0.22270901716305588,1.0,0.0,inventory_sensor_noise
inventory,ppo,19,354,-0.004430113229267485,0.9196699681422948,0.8136311113255353,0.07646774225716592,0,low_restock,0.5383354528559888,0.09700931849649035,0.36465522864752087,-0.6504592791215645,1.072728376016339,1.0,0.0,inventory_sensor_noise
inventory,ppo,19,355,1.0,1.0,0.4522774268604992,0.006919794378191457,2,high_restock,0.0652058333944713,0.025953134491355338,0.9088410321141733,-0.6089504165318471,1.331445525681089,1.0,0.0,inventory_sensor_noise
inventory,ppo,19,356,-0.19901574626697277,0.8356502185273216,1.0,-0.08306665050865282,0,low_restock,0.6136611029093567,0.11480862775612181,0.2715302693345215,-1.1375097014738156,1.221074354472217,1.0,0.0,inventory_sensor_noise
inventory,ppo,19,357,1.0,1.0,1.0,0.0793309131537321,0,low_restock,0.06492610922484937,0.025048436940941235,0.9100254538342094,-4.158001928016857,0.2661492140331558,1.0,0.0,inventory_sensor_noise
inventory,ppo,19,358,1.0,1.0,0.9034317802584821,-0.1686811491868333,2,high_restock,0.057857285801593376,0.022837358975173104,0.9193053552232335,-2.681339200587515,0.22501277952838902,1.0,0.0,inventory_sensor_noise
inventory,ppo,19,359,0.9717897197476061,0.9938538176783452,1.0,0.03249473012774977,2,high_restock,0.06732211407966228,0.0255844897181184,0.9070933962022193,-1.2482516858914552,0.06968077562386747,1.0,0.0,inventory_sensor_noise
inventory,ppo,19,360,0.9739581499005077,0.9361376165512688,1.0,-0.006486656836731263,2,high_restock,0.06536620947669497,0.02607497327645729,0.9085588172468477,-1.1513170715818362,0.8651039218403375,1.0,0.0,inventory_sensor_noise
inventory,ppo,19,361,0.12404315448425432,1.0,1.0,0.14173915781904994,2,high_restock,0.4492345545293636,0.08109713648850457,0.4696683089821318,-1.8769161930671405,0.1507747782520897,1.0,0.0,inventory_sensor_noise
inventory,ppo,19,362,0.048749379176622386,1.0,0.93917897197006,0.2573448830504238,2,high_restock,0.5214275141582458,0.08980738261632104,0.38876510322543323,-2.240189815190161,0.1121546551724815,1.0,0.0,inventory_sensor_noise
inventory,ppo,19,363,-0.026427169568029162,0.9726445498390243,1.0,0.30714081753882233,2,high_restock,0.5684045323290076,0.09814484598800455,0.33345062168298795,-2.6003220538704572,0.19661280727086752,1.0,0.0,inventory_sensor_noise
inventory,ppo,19,364,0.027599611731578523,1.0,0.985894988320221,0.49366274889634215,1,balanced_restock,0.5580621679023924,0.0978780620923845,0.34405977000522314,-2.764305943287548,0.06387673207406909,1.0,0.0,inventory_sensor_noise
inventory,ppo,19,365,-0.02189706326050408,1.0,0.9692097109623592,0.4568943169923056,0,low_restock,0.5858728113542448,0.09973143707518184,0.31439575157057337,-2.4018831764737385,0.18009526685170332,1.0,0.0,inventory_sensor_noise
inventory,ppo,19,366,0.14072861300750325,0.9937100301386389,1.0,0.5276020884243144,0,low_restock,0.48673309881848814,0.09197568273557458,0.4212912184459372,-2.2581970695299045,0.15994699385774255,1.0,0.0,inventory_sensor_noise
inventory,ppo,19,367,0.0214497551193119,1.0,0.9057081037258523,0.47835709394583037,0,low_restock,0.5671987454724889,0.09820516395902988,0.3345960905684812,-2.1271806886866926,0.1865514444109316,1.0,0.0,inventory_sensor_noise
inventory,ppo,19,368,0.17029814578048677,1.0,0.9996153750563569,0.41649416158207825,2,high_restock,0.4536183789657715,0.08564555211216546,0.46073606892206315,-2.919815651534381,0.3636969194101655,1.0,0.0,inventory_sensor_noise
inventory,ppo,19,369,-0.17310451840377558,1.0,0.9143688360130948,0.5006552392887046,0,low_restock,0.6728200327588961,0.10883028479845715,0.21834968244264666,-2.311878294423617,0.28188390855213424,1.0,0.0,inventory_sensor_noise
inventory,ppo,19,370,0.09759374353420879,0.9919441523957078,0.9703167133133566,0.44601160078106433,2,high_restock,0.5084123228102423,0.09265845689803856,0.3989292202917192,-3.420142275926271,0.2216363380845625,1.0,0.0,inventory_sensor_noise
inventory,ppo,19,371,-0.11194833955147844,0.9847650295244019,0.9560807885704179,0.516442988792075,0,low_restock,0.6401134398289422,0.10795154331965144,0.25193501685140646,-2.523650100167701,0.3857065588024859,1.0,0.0,inventory_sensor_noise
inventory,ppo,19,372,0.20692889514124965,1.0,0.9421915258668008,0.30042946432165696,2,high_restock,0.4172380611998275,0.07976613694475379,0.5029958018554187,-3.4546258621525134,0.478351962717641,1.0,0.0,inventory_sensor_noise
inventory,ppo,19,373,0.04586635290368256,0.9293298281072335,1.0,0.741500167097107,0,low_restock,0.562495117032402,0.11241503862550516,0.32508984434209287,-2.482622720066925,0.3841269867147196,1.0,0.0,inventory_sensor_noise
inventory,ppo,19,374,0.023501831396530823,0.9821148991127775,0.9354276343099833,0.36720413990950646,0,low_restock,0.5500288133419172,0.09620138254820196,0.35376980410988085,-2.021615947745738,0.12126047969304822,1.0,0.0,inventory_sensor_noise
inventory,ppo,19,375,0.1025554170853897,1.0,0.9490515764293236,0.27804615713451797,0,low_restock,0.4866124765404538,0.0866955331848193,0.42669199027472693,-1.6568131832361717,0.12307795392119271,1.0,0.0,inventory_sensor_noise
inventory,ppo,19,376,-0.005415285126138889,1.0,0.9694008661952266,0.22258070291840282,0,low_restock,0.5501806208491299,0.09214884168327224,0.3576705374675978,-1.485916055580261,0.2049755892610767,1.0,0.0,inventory_sensor_noise
inventory,ppo,19,377,0.03079406692646868,0.8273546165356187,0.9203403222671829,0.31472466427657964,0,low_restock,0.5283440088493478,0.10994775969250165,0.36170823145815045,-1.007598532530948,0.3713697620149689,1.0,0.0,inventory_sensor_noise
inventory,ppo,19,378,0.03540589548821626,1.0,1.0,-0.004245770855443448,2,high_restock,0.4905421760392281,0.08385818819233841,0.4255996357684335,-1.7935949060333236,0.1681733571537088,1.0,0.0,inventory_sensor_noise
inventory,ppo,19,379,0.0412732695627854,0.981028269634483,0.9762231271089318,0.16104967899202838,0,low_restock,0.5096587568375234,0.0891758264000094,0.40116541676246725,-0.7994801642596321,0.03974078930216643,1.0,0.0,inventory_sensor_noise
inventory,ppo,19,380,0.03688266096546971,1.0,1.0,0.13585470622037277,0,low_restock,0.5086388350247312,0.08705517576354493,0.4043059892117239,-1.0463898244836656,0.9435594869894571,1.0,0.0,inventory_sensor_noise
inventory,ppo,19,381,0.9737008480672299,1.0,0.9099614063384892,0.06825854172388528,2,high_restock,0.0684088651178687,0.02595364814388455,0.9056374867382467,-0.7591993708852025,1.1544016435551208,1.0,0.0,inventory_sensor_noise
inventory,ppo,19,382,-0.1794612393380399,0.9825817902742691,0.9555135933604713,0.04630497615129605,2,high_restock,0.6329166514624749,0.09985951768278765,0.26722383085473755,-1.0295883649962305,0.16462280724067738,1.0,0.0,inventory_sensor_noise
inventory,ppo,19,383,-0.016552997001884364,0.9947754890077358,0.9747051094700164,0.05298125231096501,0,low_restock,0.5352017262084614,0.08918453361909051,0.37561374017244803,-1.9305793732382397,0.9339578763294122,1.0,0.0,inventory_sensor_noise
inventory,ppo,19,384,0.9143578533647799,1.0,1.0,-0.017836658031880902,2,high_restock,0.07448119583195413,0.026950159578612153,0.8985686445894336,-2.415660906479272,0.10625473551009904,1.0,0.0,inventory_sensor_noise
inventory,ppo,19,385,0.9855628198851162,1.0,0.9215433773115043,-0.009806719210575172,2,high_restock,0.06412605615967377,0.024698590354682515,0.9111753534856436,-2.2434008866813047,0.08832433989042796,1.0,0.0,inventory_sensor_noise
inventory,ppo,19,386,1.0,0.9787357816676744,1.0,-0.04119379015452356,2,high_restock,0.06107780505132857,0.024160800461372884,0.9147613944872987,-0.5425824941360589,0.9781655756888716,1.0,0.0,inventory_sensor_noise
inventory,ppo,19,387,0.028732193857835552,0.9029509966467156,1.0,0.04657527372253797,2,high_restock,0.4956170689182684,0.09413801151189022,0.41024491956984144,-0.5763844641712067,0.11571176455395715,1.0,0.0,inventory_sensor_noise
inventory,ppo,19,388,0.050690464073931914,1.0,0.9897527736428141,-0.011592862962644817,0,low_restock,0.47976612011914693,0.08269408684929644,0.4375397930315568,-3.620246338773889,0.9431480911664544,1.0,0.0,inventory_sensor_noise
inventory,ppo,19,389,0.9917966765069668,1.0,0.9277265095757437,-0.011191170597751607,2,high_restock,0.06322517331117114,0.024473527563474873,0.9123012991253541,-2.3168158989225316,0.09174355928324804,1.0,0.0,inventory_sensor_noise
inventory,ppo,19,390,0.9235708200032844,1.0,0.9276861274713286,0.05014488359212457,2,high_restock,0.07565729329189744,0.027519227798408246,0.8968234789096944,-1.2342336469394484,0.19056609602513294,1.0,0.0,inventory_sensor_noise
inventory,ppo,19,391,1.0,0.9706223457671412,1.0,-0.1060014409594687,2,high_restock,0.05922958724858615,0.0236920488788908,0.917078363872523,-0.7144692405384093,0.5376109119262524,1.0,0.0,inventory_sensor_noise
inventory,ppo,19,392,0.5404550606713727,0.9549661104895134,0.9585031740314892,0.16945606409547764,2,high_restock,0.19637480609952973,0.05201552403108239,0.7516096698693879,-0.6398916695516016,0.48988579537619825,1.0,0.0,inventory_sensor_noise
inventory,ppo,19,393,0.0617855398985484,0.9836526435773483,0.9483303333138581,0.0697706663402429,2,high_restock,0.48577143741426804,0.08541919272927412,0.42880936985645773,-1.17427068394187,0.16521887458635262,1.0,0.0,inventory_sensor_noise
inventory,ppo,19,394,-0.09162358782645096,1.0,0.9157882284921091,0.11913352081602083,0,low_restock,0.5960723545694896,0.09496963350536845,0.30895801192514194,-0.26917903813685456,0.2587327360637781,1.0,0.0,inventory_sensor_noise
inventory,ppo,19,395,0.09334831287869025,0.9352837993119099,1.0,-0.027318572267614062,2,high_restock,0.44297089973983755,0.08441049831361151,0.4726186019465509,-0.9709703701877765,0.2029544602673252,1.0,0.0,inventory_sensor_noise
inventory,ppo,19,396,-0.030275262924721043,1.0,0.9028693525965542,0.08351993706675868,0,low_restock,0.5546356705032435,0.09064463918262464,0.35471969031413175,-0.3475453365856198,0.13953916011029868,1.0,0.0,inventory_sensor_noise
inventory,ppo,19,397,-0.11461845711897718,0.8955974089813836,0.9328245830257672,0.10718818490917076,2,high_restock,0.5984280029905401,0.10674421597798983,0.29482778103147006,-1.0647982967241365,0.2336706005772312,1.0,0.0,inventory_sensor_noise
inventory,ppo,19,398,0.08807416506634094,0.825351405479406,1.0,0.0433868304399911,0,low_restock,0.44951508315092426,0.0965689229016727,0.453915993947403,-0.42581903081714956,0.7161420937788192,1.0,0.0,inventory_sensor_noise
inventory,ppo,19,399,0.7981240028086912,0.8929958000215648,0.959569010439106,0.09316933112170418,2,high_restock,0.10164864033577861,0.036061806189242714,0.8622895534749787,-1.0319151642555344,0.7662215550105439,1.0,0.0,inventory_sensor_noise
inventory,ppo,19,400,0.03929261767631845,0.8601623928300602,1.0,0.18567718352453652,2,high_restock,0.5035400877232364,0.10124806454210601,0.3952118477346576,-1.3737336488788197,0.2053939846318723,1.0,0.0,inventory_sensor_noise
inventory,ppo,19,401,-0.025360692529515845,0.9579772913444239,1.0,0.01703886038590144,2,high_restock,0.5315587466823168,0.09217763637013208,0.376263616947551,-2.1531544644870033,11.084245765874819,0.0,0.0,none
inventory,ppo,19,402,0.0,11.985977180246541,2.0814921352449116,0.288063297229822,0,low_restock,0.8063329634322597,0.007981093786377926,0.18568594278136233,-1.6598255673891509,1.2433170872449006,0.0,0.0,none
inventory,ppo,19,403,0.0,10.812431823337464,2.491445570418612,0.26425456560520555,0,low_restock,0.7731956256099716,0.008010874255463898,0.21879350013456456,-1.101035997446723,0.12572919701001925,0.0,0.0,none
inventory,ppo,19,404,0.0,10.756941988773393,2.438796808175853,0.16447071382977196,0,low_restock,0.7669082443275682,0.008032278523917637,0.22505947714851418,-0.7816956668586483,0.238411318904747,0.0,0.0,none
inventory,ppo,19,405,0.0,10.525548743492216,2.445524784272872,0.10744565479618719,0,low_restock,0.7583678169280439,0.008085750366976414,0.23354643270497966,-0.857332025627654,1.744203390654576,0.0,0.0,none
inventory,ppo,19,406,0.0,8.791004058127914,2.6283300826151597,0.12095214743350964,2,high_restock,0.7186438127250082,0.008667107701879801,0.27268907957311206,-1.9782030008199019,0.14377739660716096,0.0,0.0,none
inventory,ppo,19,407,0.0,8.83737865916775,2.620537202384365,0.25682196443212535,0,low_restock,0.7318042835800486,0.00868494902626281,0.2595107673936886,-1.4852420578095096,0.02376440309465537,0.0,0.0,none
inventory,ppo,19,408,0.0,8.836458773949104,2.6209487894979593,0.23307893889455528,0,low_restock,0.7297819968216115,0.008677179909007793,0.2615408232693807,-1.0110218555240542,0.392832829305626,0.0,0.0,none
inventory,ppo,19,409,0.0,8.625035354806673,2.3008758319060014,0.14839675991500967,0,low_restock,0.7369053749525589,0.008788621926632692,0.2543060031208083,-0.42345002112147523,0.9655396124108974,0.0,0.0,none
inventory,ppo,19,410,0.0,9.295614114342934,2.987594057059122,0.043473218057406296,0,low_restock,0.7014118955645207,0.008438230588146764,0.2901498738473325,-0.345067814259144,0.6210230723553344,0.0,0.0,none
inventory,ppo,19,411,0.0,9.680660528421274,2.5005488801415563,0.02947639540341858,0,low_restock,0.734815038965384,0.00831564911467222,0.2568693119199439,-1.4504433281360989,3.686158535082911,0.0,0.0,none
inventory,ppo,19,412,3.629838080388854,10.321475118127525,2.5235284288138797,0.0,2,high_restock,0.010299317752885373,0.00371550024620614,0.9859851820009086,-0.6061802553162781,3.818507815437837,0.0,0.0,none
inventory,ppo,19,413,0.0,11.49765450623308,2.3760840973209607,0.011817902735049656,0,low_restock,0.7660920895577195,0.007920759768292148,0.2259871506739884,-0.6205083074317599,1.5120848495497679,0.0,0.0,none
inventory,ppo,19,414,1.2585951640907425,10.729273671628283,2.7104342660846723,0.0,2,high_restock,0.22994099417822758,0.007926654831148218,0.7621323509906242,-0.9839174851503325,1.3647130074216443,0.0,0.0,none
inventory,ppo,19,415,0.0,10.298831339927855,2.4157898762788568,0.0792709794911308,0,low_restock,0.7539147716850855,0.00815319431758854,0.23793203399732604,-0.4302158515028714,0.45714558507923164,0.0,0.0,none
inventory,ppo,19,416,0.0,10.58712990689068,2.06270407455732,0.04468140205408418,2,high_restock,0.7711516806730216,0.008238327205204263,0.2206099921217741,-1.3114911497620052,0.10415526100834924,0.0,0.0,none
inventory,ppo,19,417,0.0,10.545304509517218,2.041867552909549,0.1377662767432152,0,low_restock,0.7799353591758249,0.008251193730184684,0.21181344709399036,-0.3285232853289588,0.14160247839844284,0.0,0.0,none
inventory,ppo,19,418,0.0,10.5941424249683,2.114605673485909,0.026522015237314074,2,high_restock,0.7672839845003283,0.008210952223454413,0.22450506327621716,-0.9091988265697041,1.4496235609187142,0.0,0.0,none
inventory,ppo,19,419,0.0,12.025283900757591,2.3419593285917673,0.06592836188744715,0,low_restock,0.7784775657258894,0.007849673173314878,0.21367276110079558,-0.7235261086920142,1.566967668076668,0.0,0.0,none
inventory,ppo,19,420,1.5529317391200408,12.22038006069984,2.304789099834575,0.0,2,high_restock,0.183545463992132,0.007642582312149504,0.8088119536957185,-0.608499795270489,2.220288977133118,0.0,0.0,none
inventory,ppo,19,421,0.0,13.654290140580958,1.6252021561671244,0.01223210629830161,0,low_restock,0.8103522189877138,0.00834074777120914,0.18130703324107716,-3.042400637732076,8.217390719259726,0.0,0.0,none
inventory,ppo,19,422,8.17828753637736,14.364385381680483,1.255420694417168,0.0,2,high_restock,0.005664435545667067,0.0032670566950978005,0.991068507759235,-1.9089401845951368,4.267046711448027,0.0,0.0,none
inventory,ppo,19,423,3.9112576702718194,14.35355974737676,1.260574827193955,0.0,2,high_restock,0.016360641234344643,0.0041479701231199855,0.9794913886425353,-0.8569361860121999,3.0062960044020186,0.0,0.0,none
inventory,ppo,19,424,0.9055319600348568,14.304103458431232,1.2292268386175802,0.0,2,high_restock,0.5677336750232913,0.010185155823162949,0.42208116915354577,-0.6514784007562225,1.2025436664748408,0.0,0.0,none
inventory,ppo,19,425,0.31850971644634996,15.353115595465264,1.1962163604877007,0.0,0,low_restock,0.7675495450629438,0.009423584835897647,0.22302687010115846,-4.239578000881635,11.287789701829043,0.0,0.0,none
inventory,ppo,19,426,11.598794288233243,15.69100834582287,1.4311734235442648,0.0,2,high_restock,0.005432498442838005,0.0032220001896250392,0.991345501367537,-3.269700836984679,3.8049327385675444,0.0,0.0,none
inventory,ppo,19,427,7.799145248527655,15.524171542430059,1.542285084143762,0.0,2,high_restock,0.0058000785005663715,0.0032774640095759424,0.9909224574898577,-2.9212762140687207,1.2115089876691045,0.0,0.0,none
inventory,ppo,19,428,6.803646325910631,16.178477731127764,1.3217871619239676,0.0,1,balanced_restock,0.006399126819825399,0.0033333236779568374,0.9902675495022178,-3.409454185569831,1.9367240003217205,0.0,0.0,none
inventory,ppo,19,429,8.712726244485232,15.961438856890078,1.5651137839508216,0.0,2,high_restock,0.005631061725050104,0.0032558087975873558,0.9911131294773626,-2.1345415109544406,4.217776449392649,0.0,0.0,none
inventory,ppo,19,430,4.555832888441259,15.24746463439898,1.5543150272184658,0.0,2,high_restock,0.011420073746956264,0.0037273630223783943,0.9848525632306654,-0.6968877000469971,4.705410859812444,0.0,0.0,none
inventory,ppo,19,431,0.0,14.088021892235858,1.754778746223663,0.028015660722678044,0,low_restock,0.8109008288240243,0.008199683820594831,0.18089948735538086,-2.0218716345612653,5.266279188180476,0.0,0.0,none
inventory,ppo,19,432,5.262490384460758,13.892669027186619,1.7855004355034405,0.0,2,high_restock,0.007429154694277261,0.0034160214842033545,0.9891548238215194,-0.8214903138038533,5.488257606510076,0.0,0.0,none
inventory,ppo,19,433,0.0,12.335544950308241,1.7876062629212424,0.050266127464973796,0,low_restock,0.7998950659205781,0.00820745052154831,0.19189748355787362,-2.111402516677987,5.528317885695044,0.0,0.0,none
inventory,ppo,19,434,5.518292904794249,12.561113332061803,2.027052047548831,0.0,2,high_restock,0.006613722357059212,0.0033645961018781627,0.9900216815410626,-0.6801324260390931,5.553373341522138,0.0,0.0,none
inventory,ppo,19,435,0.0,11.938502357214016,2.0157260468977287,0.0250236475069809,0,low_restock,0.7863139880500962,0.008065626361472825,0.20562038558843096,-1.020423991558774,2.419336746959558,0.0,0.0,none
inventory,ppo,19,436,2.4012114044536403,11.67246153100822,2.142099233008618,0.0,2,high_restock,0.04259852584930361,0.0052234901018108825,0.9521779840488855,-0.6954825581886588,2.403896196635004,0.0,0.0,none
inventory,ppo,19,437,0.0,11.758795527636202,2.210482530796089,0.02776474253368905,0,low_restock,0.7773572792866867,0.007962181660001096,0.2146805390533121,-1.5474841989218304,3.9615580250366476,0.0,0.0,none
inventory,ppo,19,438,3.90709771120523,12.28514532675068,1.8222629165681339,0.0,2,high_restock,0.011048261533578144,0.0037304998682482016,0.9852212385981736,-0.8986327515406469,4.074002693489959,0.0,0.0,none
inventory,ppo,19,439,0.0,11.199759540189532,1.4350655583299168,0.06404156277511552,0,low_restock,0.8027967491300555,0.008647349224705983,0.18855590164523864,-0.8972365733550862,2.082602157752655,0.0,0.0,none
inventory,ppo,19,440,2.0492473524431034,11.560180535586353,1.4968103580739598,0.0,2,high_restock,0.08412854130420375,0.006639582050839114,0.9092318766449571,-1.0050664835069019,2.0509338477795236,0.0,0.0,none
inventory,ppo,19,441,0.0,11.557091510342017,1.4997245987480536,0.08304758634051816,0,low_restock,0.8054912469620297,0.008538046844045723,0.18597070619392467,-0.261072994162284,0.5381604118626163,0.0,0.0,none
inventory,ppo,19,442,0.2316371261779544,11.235033820707239,1.1456867284258492,0.0,0,low_restock,0.7499156787688838,0.0093925787979366,0.24069174243317956,-0.6608310787386437,1.672278945580582,0.0,0.0,none
inventory,ppo,19,443,1.3738030821104106,10.293341074181035,1.9236253970115773,0.0,2,high_restock,0.1922058484016055,0.008094106192938587,0.7997000454054559,-0.9677196522563076,1.4158717612953404,0.0,0.0,none
inventory,ppo,19,444,0.0,10.627282748210849,1.9209388237348846,0.0763785093314835,0,low_restock,0.7805517679166221,0.008312908593927717,0.2111353234894503,-0.6279112280049847,1.2823014675847324,0.0,0.0,none
inventory,ppo,19,445,1.2797463657285277,10.646099802657085,1.9398738428489928,0.0,0,low_restock,0.23895011471065944,0.008464097266750304,0.7525857880225902,-1.4597400806537422,2.4116703643582973,0.0,0.0,none
inventory,ppo,19,446,3.6564002304392638,10.293946254855106,2.148819367926906,0.0,2,high_restock,0.010096120066821163,0.0037125417133554526,0.9861913382198234,-0.7708700806086002,3.6594947545537155,0.0,0.0,none
inventory,ppo,19,447,0.0,10.176497373242908,2.0642893459778926,0.041226800108678595,0,low_restock,0.7652691275348189,0.008329444517316186,0.22640142794786489,-1.7753465752740591,4.741697541872441,0.0,0.0,none
inventory,ppo,19,448,4.558133072211598,11.436865998020235,1.7223979081796923,0.0,2,high_restock,0.007766214958750671,0.003499069845642666,0.9887347151956066,-0.7574171929170188,4.559717144850365,0.0,0.0,none
inventory,ppo,19,449,0.0,11.325756148348223,1.7467001026700055,0.038824498735181935,0,low_restock,0.7912603416816177,0.008341562381326632,0.2003980959370556,-1.4852779731493164,3.72982629034109,0.0,0.0,none
inventory,ppo,19,450,3.729365637569476,11.289923854368192,1.7213071421950221,0.0,2,high_restock,0.010955112427899667,0.0037676375449154378,0.9852772500271849,-1.0639893941371381,3.7397427568158057,0.0,0.0,none
inventory,ppo,19,451,0.0,11.158746468569301,1.9483425229386513,0.09356953466734608,0,low_restock,0.7870601697598769,0.00820002497944663,0.20473980526067634,-0.5260263565418778,0.7160788056848298,0.0,0.0,none
inventory,ppo,19,452,0.0,10.512109310166807,2.254315281933088,0.06179042081104961,2,high_restock,0.7631684639025148,0.008159001358692231,0.22867253473879287,-1.1743088723224282,0.32994242138972907,0.0,0.0,none
inventory,ppo,19,453,0.0,10.70260120475161,2.51874816559233,0.11326944148614787,2,high_restock,0.7579220839497188,0.008021505044244431,0.23405641100603672,-1.4571904799024624,0.8574717992136472,0.0,0.0,none
inventory,ppo,19,454,0.0,11.45056678253639,2.9349856685067217,0.1637840142682969,0,low_restock,0.7526985243465486,0.007770828740424415,0.23953064691302703,-0.7747922839157892,0.4868612266962303,0.0,0.0,none
inventory,ppo,19,455,0.0,10.967146162696633,2.9300942393937355,0.1062129078421052,0,low_restock,0.7408638143823907,0.007886446226777621,0.2512497393908318,-0.9402424610964524,2.686931868950193,0.0,0.0,none
inventory,ppo,19,456,2.1721213174184353,12.544397748826531,2.8802133507186083,0.0,2,high_restock,0.06513427835499208,0.0056401950644801285,0.9292255265805278,-0.9385030677357948,2.3352122152356265,0.0,0.0,none
inventory,ppo,19,457,0.0,13.068808222015207,2.2056506753584437,0.07116126209567764,2,high_restock,0.7940442094278093,0.007826338183098823,0.19812945238909188,-1.0268925646882519,0.6902705805718129,0.0,0.0,none
inventory,ppo,19,458,0.0,13.56854076908544,2.6815621442644026,0.08694510083718784,0,low_restock,0.7828986841302803,0.007524133145388839,0.20957718272433087,-2.1987210346658417,5.831279639516161,0.0,0.0,none
inventory,ppo,19,459,5.767774384759548,14.246531076708067,3.2005713666849083,0.0,2,high_restock,0.006836267989571979,0.0033343729788203893,0.9898293590316077,-1.4840264090394868,3.3180306044894947,0.0,0.0,none
inventory,ppo,19,460,2.6972183115413912,15.22642437209775,2.412649020763458,0.0,2,high_restock,0.05606261626987336,0.005469862682703729,0.9384675210474228,-0.7041294688735016,2.7403222514775574,0.0,0.0,none
inventory,ppo,19,461,0.0,14.755252064332558,2.519966635764903,0.029308833727411,2,high_restock,0.7934168481888597,0.007561129342550391,0.1990220224685899,-0.7793335226751126,1.5015894762607058,0.0,0.0,none
inventory,ppo,19,462,0.0,15.997923862651703,1.6771396007771044,0.04273812904912724,0,low_restock,0.8232739083014581,0.008355175054051847,0.16837091664448992,-3.3106644000393417,8.948639484337367,0.0,0.0,none
inventory,ppo,19,463,8.944755428683834,16.206182497457398,1.833026531040865,0.0,2,high_restock,0.005594151997625232,0.003250126400830102,0.9911557216015447,-1.6371633519145357,5.929662553132075,0.0,0.0,none
inventory,ppo,19,464,3.1347524340415305,15.073395609856396,2.181676876721886,0.0,2,high_restock,0.033814552267435745,0.0048054410114224165,0.9613800067211418,-0.5630098857015358,3.1355581232925043,0.0,0.0,none
inventory,ppo,19,465,0.0,15.003031623437883,2.190839196588226,0.004108908160988532,0,low_restock,0.8024496293100246,0.007810126500867678,0.18974024418910784,-3.501830785487522,9.506067501259833,0.0,0.0,none
inventory,ppo,19,466,9.49094510139292,15.508512692462338,2.012647090742583,0.0,2,high_restock,0.005514746106764703,0.0032425437319190246,0.9912427101613163,-3.3002299025167945,1.6124049161661844,0.0,0.0,none
inventory,ppo,19,467,7.886371150047985,15.375608036697377,1.9258807331022054,0.0,2,high_restock,0.005737895119417489,0.0032685221057281973,0.9909935827748544,-0.5438953265264269,8.053564648537442,0.0,0.0,none
inventory,ppo,19,468,0.0,13.801310597947165,2.357900087247752,0.0006955940225762244,0,low_restock,0.788756072807233,0.00770630929861983,0.2035376178941471,-3.6524125164531984,9.94999056124684,0.0,0.0,none
inventory,ppo,19,469,9.92117861843771,14.557285236879235,2.325824373754074,0.0,2,high_restock,0.005472795810389104,0.003243431928315646,0.9912837722612953,-2.6440507396736317,3.9108261093813605,0.0,0.0,none
inventory,ppo,19,470,6.011573541924662,14.45983942263877,2.3331262097815455,0.0,2,high_restock,0.0065440436992570145,0.0033258977844817916,0.9901300585162612,-1.6638512194438635,2.8034961393851265,0.0,0.0,none
inventory,ppo,19,471,3.2110034841253245,14.344011676546481,2.2785195422371336,0.0,2,high_restock,0.02630465776803987,0.004486822650922848,0.9692085195810373,-0.9909777145058802,3.55698273176219,0.0,0.0,none
inventory,ppo,19,472,0.0,12.895281483725702,2.7646041512300212,0.0805317347331929,2,high_restock,0.7721726721550339,0.007564258209907712,0.22026306963505823,-1.5565337370372545,0.25658204033928295,0.0,0.0,none
inventory,ppo,19,473,0.0,13.068403973722932,2.6044057331658115,0.18152388161379546,2,high_restock,0.7886269352387099,0.007589350996957109,0.203783713764333,-2.025627651969741,0.8878965412288148,0.0,0.0,none
inventory,ppo,19,474,0.0,12.301695146388104,2.1645182814591477,0.26529065213745373,0,low_restock,0.8045039743027437,0.007891838352624423,0.18760418734463194,-1.0377151713196693,0.1278912650466334,0.0,0.0,none
inventory,ppo,19,475,0.0,12.253397363315894,2.126426492154939,0.15316342344994094,0,low_restock,0.7965321978828235,0.007931714271219747,0.19553608784595672,-0.7536431536837069,1.2004944588258712,0.0,0.0,none
inventory,ppo,19,476,0.0,11.123691418965668,1.7234647301607902,0.10243627744351907,0,low_restock,0.7958804384004037,0.008374863109370276,0.195744698490226,-0.25310691595828444,0.8886594136753315,0.0,0.0,none
inventory,ppo,19,477,0.20887690273795556,11.969219666812291,1.5796774422201771,0.0,0,low_restock,0.7493292110157174,0.008761583602152673,0.24190920538213012,-1.5778347521654352,3.7973463551544877,0.0,0.0,none
inventory,ppo,19,478,3.99381357761553,11.740097058116243,1.7836297365345117,0.0,2,high_restock,0.009922748311449233,0.0036645554567502326,0.9864126962318005,-0.6511411881855944,3.9951430310635634,0.0,0.0,none
inventory,ppo,19,479,0.0,11.836216159460365,1.8150649893160578,0.01984664074742756,0,low_restock,0.7919243777253844,0.008232949160270422,0.19984267311434512,-2.1186484078667362,5.544861776799558,0.0,0.0,none
inventory,ppo,19,480,5.538995451047818,11.652087018508738,1.6397821111225552,0.0,2,high_restock,0.0064350846800253336,0.003376316776092043,0.9901885985438826,-1.0844594870602957,5.733843649651838,0.0,0.0,none
inventory,ppo,19,481,0.0,10.872959166558527,2.8967624210024097,0.09722490840362423,0,low_restock,0.7403043262477037,0.007913265594238127,0.2517824081580582,-0.6727360996622167,1.349319489462332,0.0,0.0,none
inventory,ppo,19,482,0.0,9.526384370296867,2.982284892457552,0.08798858922539585,2,high_restock,0.710456148129653,0.008349101960236995,0.2811947499101101,-1.8652166456133525,0.47128246825243175,0.0,0.0,none
inventory,ppo,19,483,0.0,9.088195670443513,3.0717211999334553,0.23664582957381297,0,low_restock,0.7082713604256679,0.008589491913140202,0.2831391476611918,-1.2255628429894567,0.8044240776621905,0.0,0.0,none
inventory,ppo,19,484,0.0,8.463945862990343,2.5668286837564804,0.18670765053383157,2,high_restock,0.7210894079794903,0.008852069039198985,0.2700585229813107,-2.1329937919955286,0.6908194274038654,0.0,0.0,none
inventory,ppo,19,485,0.0,8.109716429801615,1.9818527466796247,0.28446317714205865,0,low_restock,0.7571268967520893,0.0091861167252034,0.23368698652270722,-1.4132091475135167,1.00780857759235,0.0,0.0,none
inventory,ppo,19,486,0.0,9.078125848866948,1.7103134014991557,0.22021591919884229,0,low_restock,0.7820647087179267,0.008866708779775941,0.20906858250229726,-1.18354453982433,0.644089221131723,0.0,0.0,none
inventory,ppo,19,487,0.0,9.522978899594715,1.2463363095409419,0.1792043821114875,0,low_restock,0.8028914786099356,0.0091345466751553,0.1879739747149091,-1.028784560449912,0.12583815210413365,0.0,0.0,none
inventory,ppo,19,488,0.0,9.591080212908603,1.144190731323392,0.15156867150891284,1,balanced_restock,0.8046535443056008,0.009235144504229539,0.18611131119016958,-1.3332582171138054,0.19647455315669526,0.0,0.0,none
inventory,ppo,19,489,0.0,9.78076156468913,1.190333724227172,0.17379611019889382,0,low_restock,0.8070035744411299,0.009134302237135964,0.18386212332173418,-0.4017718416093814,1.627257858406545,0.0,0.0,none
inventory,ppo,19,490,0.0,10.628054875965367,2.573104187445992,0.03960211457310382,0,low_restock,0.7476576425910232,0.00802798891839496,0.24431436849058197,-0.4363321942166542,0.7609227964786418,0.0,0.0,none
inventory,ppo,19,491,0.7323776977618692,10.429498408336164,2.6135196758861046,0.0,0,low_restock,0.46164324788160577,0.008760616030601888,0.5295961360877923,-1.793747535580243,3.88461921088269,0.0,0.0,none
inventory,ppo,19,492,4.61070724451498,10.63100279846382,2.5228426606069196,0.0,2,high_restock,0.007356295039135519,0.003467577988137814,0.9891761269727267,-0.550735618532105,4.738632088680154,0.0,0.0,none
inventory,ppo,19,493,0.0,11.695122354794517,2.270535958545079,0.001917074737875879,2,high_restock,0.7718705960629381,0.007943616992597989,0.22018578694446414,-1.124491022430865,0.13340039591597397,0.0,0.0,none
inventory,ppo,19,494,0.0,11.77191798670735,2.233108714373076,0.1043733968626545,0,low_restock,0.7834304282930399,0.007934540499009154,0.208635031207951,-1.1860685563223055,2.8925782808911062,0.0,0.0,none
inventory,ppo,19,495,2.8744815894923015,11.929325921921912,2.4952034276192583,0.0,2,high_restock,0.023271919945116206,0.004390515461996704,0.972337564592887,-0.6291446975256262,3.021745276895541,0.0,0.0,none
inventory,ppo,19,496,0.0,12.83066271663356,2.2593248831788295,0.015918695986718946,2,high_restock,0.7851689392451147,0.00782357527523253,0.20700748547965284,-1.1797481266182537,0.39232161425749423,0.0,0.0,none
inventory,ppo,19,497,0.0,13.078488234551369,1.9715201960144495,0.1142407368961167,0,low_restock,0.8054699436826097,0.007989530538123896,0.1865405257792664,-0.36371541437119825,0.6001098875364863,0.0,0.0,none
inventory,ppo,19,498,0.5249011839177093,13.331819283113802,2.057444919514334,0.0,2,high_restock,0.6504490936843268,0.008701646211189717,0.3408492601044834,-0.6174549259111192,1.2582657980058143,0.0,0.0,none
inventory,ppo,19,499,0.0,14.467590241299366,1.9249889155558166,0.0138312367698427,2,high_restock,0.8073555614295732,0.008039560245413278,0.18460487832501343,-0.8051934445145483,0.13902197107292935,0.0,0.0,none
inventory,ppo,19,500,0.0,14.36212007081517,1.840850674006295,0.047355972234740765,0,low_restock,0.8119075791401158,0.00810765664554891,0.1799847642143352,-1.400059655062325,3.4962305539207708,0.0,0.0,none
inventory,ppo,19,501,3.4858847287495003,14.120038689563966,1.9475734962392857,0.0,2,high_restock,0.02023640374820979,0.0042482552594679856,0.9755153409923222,-1.9094411403415101,1.5240856297130303,0.0,0.0,none
inventory,ppo,19,502,3.9126889724043146,15.581908111026497,1.8874657688757253,0.0,2,high_restock,0.018272636629196256,0.004122116740106532,0.9776052466306971,-0.7379159330151887,3.9999448604251344,0.0,0.0,none
inventory,ppo,19,503,0.0,15.000229930678486,2.479770859144166,0.03534213089556939,0,low_restock,0.7968914856908087,0.007580434248480792,0.19552808006071054,-0.9658947597907146,2.5508959609357076,0.0,0.0,none
inventory,ppo,19,504,2.245413599402042,13.842720034658205,2.8320629901056042,0.0,2,high_restock,0.07430190030992227,0.005815060572012413,0.9198830391180652,-0.8283870757595558,2.3550268087305644,0.0,0.0,none
inventory,ppo,19,505,0.0,13.14201592188748,2.7289573573079373,0.05149769209992068,0,low_restock,0.7738159671945496,0.007553640766880455,0.21863039203856993,-2.7316247393225606,7.345441200313027,0.0,0.0,none
inventory,ppo,19,506,7.290356398064459,13.96089433386299,3.093643730189542,0.0,2,high_restock,0.0058107178374318955,0.0032836584118783665,0.9909056237506896,-1.5576321749046884,4.582575842008663,0.0,0.0,none
inventory,ppo,19,507,2.9075204997276813,12.998966305464673,2.163350602087662,0.0,2,high_restock,0.028847515661528222,0.004651322449767691,0.966501161888704,-0.6105881136047118,2.954789021562675,0.0,0.0,none
inventory,ppo,19,508,0.0,13.518319548526193,2.078403394978405,0.012605020286555657,0,low_restock,0.7965394254256801,0.007915171572983605,0.19554540300133633,-1.7666856208320953,4.538972110183147,0.0,0.0,none
inventory,ppo,19,509,4.533387488091702,13.657594777737932,1.9020253242732892,0.0,2,high_restock,0.009284722844700687,0.003555300211662948,0.9871599769436364,-0.7503617832543998,4.5487179039372485,0.0,0.0,none
inventory,ppo,19,510,0.0,13.39506323126289,2.1645106382113717,0.03756460415257139,0,low_restock,0.795115644310709,0.007846244578139917,0.19703811111115102,-1.0056150397371855,2.7432794563138594,0.0,0.0,none
inventory,ppo,19,511,2.3589001135348155,12.21370874309407,1.413402853937142,0.0,2,high_restock,0.061261588233028026,0.006062856885831747,0.9326755548811402,-1.1122472822295542,2.6068973446342567,0.0,0.0,none
inventory,ppo,19,512,0.0,11.18787769448058,1.8241734633496491,0.10218701468384894,0,low_restock,0.7928420747265739,0.008284643705360006,0.19887328156806613,-0.3290742696788482,0.9507387676019746,0.0,0.0,none
inventory,ppo,19,513,0.0,10.603784609814658,1.077829601438152,0.026620405299794314,0,low_restock,0.8049850259443342,0.009151029208518976,0.1858639448471468,-0.44554452100486097,0.9541795207430888,0.0,0.0,none
inventory,ppo,19,514,0.75869863144246,10.045062228670151,1.2260038207974437,0.0,2,high_restock,0.505527971739903,0.010222172363242545,0.4842498558968545,-0.8502333576786965,1.0912362148467023,0.0,0.0,none
inventory,ppo,19,515,0.0,10.55032106393926,1.823345719582775,0.05539881387119579,0,low_restock,0.781650234150154,0.00839819738669051,0.20995156846315557,-0.8138328903974761,1.8180194175316917,0.0,0.0,none
inventory,ppo,19,516,1.8109511154213607,10.69041020037731,1.8777209469396063,0.0,2,high_restock,0.09493652062642452,0.006705924225292568,0.898357555148283,-1.2958423211962782,1.9102584354957364,0.0,0.0,none
inventory,ppo,19,517,0.0,10.341012402583189,2.35651853299393,0.13497184307076396,0,low_restock,0.7623680106165476,0.008161122885933599,0.22947086649751872,-0.41196409513068005,0.30780057536970523,0.0,0.0,none
inventory,ppo,19,518,0.0,10.59277543637042,2.506868211359021,0.04142215984476429,0,low_restock,0.7505161074591132,0.00805359564100661,0.24143029689988016,-0.41268103733679073,0.7756262279010964,0.0,0.0,none
inventory,ppo,19,519,0.0,10.066557680369531,3.0766847627919978,0.041550185238712636,0,low_restock,0.7118614936102311,0.00815006308997038,0.2799884432997985,-1.4100590970962603,3.524537866602413,0.0,0.0,none
inventory,ppo,19,520,3.5144545631321726,9.878474306823176,2.8926344340887047,0.0,2,high_restock,0.010698743770911819,0.0037753767332585346,0.9855258794958296,-1.0042784492626184,3.5688368151780696,0.0,0.0,none
inventory,ppo,19,521,0.0,9.277113653759184,2.763416967868797,0.08290686593975326,0,low_restock,0.7174752967377063,0.008442693100702635,0.27408201016159117,-0.22882166478177757,1.0677571332445863,0.0,0.0,none
inventory,ppo,19,522,0.13949047080507881,10.31750389715171,2.586322933008887,0.0,0,low_restock,0.6993880547053508,0.008272604632164513,0.2923393406624847,-1.5393714049749454,3.794629573588312,0.0,0.0,none
inventory,ppo,19,523,3.883918299928416,9.756693897812383,2.333407971255474,0.0,2,high_restock,0.008738880547107137,0.0036260835039647575,0.9876350359489282,-0.9282685507288622,4.027886741329108,0.0,0.0,none
inventory,ppo,19,524,0.0,10.411031216519822,1.4931188805024462,0.06933366977301107,0,low_restock,0.7938660045447405,0.008700731324259142,0.1974332641310003,-0.3206688650590377,0.7499949173105231,0.0,0.0,none
inventory,ppo,19,525,0.0,9.74543692472597,1.1503044749921734,0.02511944018911387,0,low_restock,0.794476003236293,0.009212121427126524,0.19631187533658045,-1.3743523033991372,3.4487652054737183,0.0,0.0,none
inventory,ppo,19,526,3.412435152568964,10.243183153670339,1.1205475044801123,0.0,2,high_restock,0.01249350071835714,0.004026109334991025,0.9834803899466519,-0.7980313340042773,3.4186654442737296,0.0,0.0,none
inventory,ppo,19,527,0.0,10.12702357082829,0.9564024205978793,0.04607702392933522,0,low_restock,0.8060598196507852,0.009381650217113048,0.18455853013210166,-0.23129102733149837,0.300354244928481,0.0,0.0,none
inventory,ppo,19,528,0.0,9.89498877168557,1.1435109244502348,0.009159112023481849,0,low_restock,0.7947137775008448,0.009192715484363533,0.19609350701479172,-2.0353514407933146,5.331421769988718,0.0,0.0,none
inventory,ppo,19,529,5.301004116552328,10.43087220013262,1.3336648294527111,0.0,2,high_restock,0.0064537440756642535,0.003414349896974975,0.9901319060273608,-0.559639696292505,5.343393409379769,0.0,0.0,none
inventory,ppo,19,530,0.0,11.10257292191633,1.3374495861240026,0.003507088623661606,0,low_restock,0.7994049491261158,0.008782075306930481,0.19181297556695362,-3.5240867761373544,9.64859805364733,0.0,0.0,none
inventory,ppo,19,531,9.554533646106727,12.028419698707552,2.3116808997740232,0.0,2,high_restock,0.005459569229930626,0.0032611506967125956,0.9912792800733566,-1.3844378900679066,7.142663996146035,0.0,0.0,none
inventory,ppo,19,532,2.412679685908305,11.927614272192354,2.349220732273068,0.0,2,high_restock,0.042763979335245304,0.005168648097951382,0.9520673725668032,-0.8683042969096011,2.558601155013547,0.0,0.0,none
inventory,ppo,19,533,0.0,12.507466826054744,1.728132462516514,0.058625767305285896,2,high_restock,0.8038415011821952,0.00824902714038029,0.1879094716774245,-1.4303596066207789,0.24139259592217965,0.0,0.0,none
inventory,ppo,19,534,0.0,12.313900160137587,1.8317123475817516,0.15899278689656765,2,high_restock,0.8076790769100993,0.00814502172057337,0.18417590136932713,-1.7737414073416644,0.2721160212602459,0.0,0.0,none
inventory,ppo,19,535,0.0,12.5647457223771,1.9175244323492504,0.2203109655967258,0,low_restock,0.8118502415391718,0.0080449608954272,0.18010479756540088,-0.7626696138557527,0.6234782445548426,0.0,0.0,none
inventory,ppo,19,536,0.0,12.232419236139272,1.4029691052930093,0.10404814533138441,0,low_restock,0.8151396361898222,0.008588669702692085,0.17627169410748575,-0.363426920267386,0.8003308962776997,0.0,0.0,none
inventory,ppo,19,537,0.5240769150496742,12.822279445828276,1.3186373370948603,0.0,2,high_restock,0.6747768689397659,0.00957393210088934,0.3156491989593449,-1.0027126433977127,0.5337115728357312,0.0,0.0,none
inventory,ppo,19,538,0.0,12.863979133779722,1.2783222978124655,0.08262725774959154,0,low_restock,0.8204559661635772,0.008723483495654497,0.17082055034076823,-2.483770583227133,6.80778883082131,0.0,0.0,none
inventory,ppo,19,539,6.582201666363238,14.342339349824593,2.1883958092789513,0.0,2,high_restock,0.0061105687042362624,0.0033019920994698158,0.9905874391962939,-0.5497688731246928,6.608001283843756,0.0,0.0,none
inventory,ppo,19,540,0.0,13.859931335542427,2.51639223499954,0.0017444416294094163,0,low_restock,0.7840566618632322,0.007607424100936968,0.2083359140358308,-3.686959981051552,10.029277033294326,0.0,0.0,none
inventory,ppo,19,541,10.019885660147292,14.26065116666884,2.682854669215517,0.0,2,high_restock,0.005464822144305062,0.0032493744063913682,0.9912858034493036,-2.0087477081121787,5.834067086753891,0.0,0.0,none
inventory,ppo,19,542,4.196422023177654,13.934469021625597,2.814061566489935,0.0,2,high_restock,0.010867190142624637,0.0036112770205585423,0.9855215328368169,-0.6014438561252641,4.053041117412653,0.0,0.0,none
inventory,ppo,19,543,0.1755538746436116,14.391892383423004,2.589282787189043,0.0,0,low_restock,0.7483926229278746,0.0077441291636109345,0.24386324790851455,-2.6564061549085003,7.045929941965555,0.0,0.0,none
inventory,ppo,19,544,7.07544615688143,13.29864889810364,1.671985712949466,0.0,2,high_restock,0.00582646574262852,0.003292052891330189,0.9908814813660413,-1.3786089613139914,4.707765487115067,0.0,0.0,none
inventory,ppo,19,545,2.3960256037542607,13.703627303562584,1.3524991564956652,0.0,2,high_restock,0.08309733471081766,0.006637238169146396,0.910265427120036,-1.0180069386060258,2.7328009844143515,0.0,0.0,none
inventory,ppo,19,546,0.0,12.401005521455478,1.5046601435805114,0.08535838189393315,2,high_restock,0.8119231348029158,0.00847294189167168,0.17960392330541244,-1.6539251721279864,0.5204454559976784,0.0,0.0,none
inventory,ppo,19,547,0.0,11.975902665044504,1.7826095653956784,0.19891520930856896,0,low_restock,0.8097509445006363,0.008210014678709495,0.18203904082065414,-1.0892014150666964,1.0890111307381796,0.0,0.0,none
inventory,ppo,19,548,0.0,10.891885687404535,1.8801593542881987,0.16235739554762438,0,low_restock,0.7928189853298224,0.008283734861709318,0.19889727980846827,-0.5328444264768957,0.10063500252366082,0.0,0.0,none
inventory,ppo,19,549,0.0,10.902799702431475,1.8919055179141095,0.06300793329944564,0,low_restock,0.7836755246615769,0.008285154279072332,0.20803932105935072,-0.4499257143705881,1.2584663946414827,0.0,0.0,none
inventory,ppo,19,550,0.0,9.645980593322678,1.9545485442776345,0.0482010204233193,0,low_restock,0.7633553254379358,0.008527954920003463,0.22811671964206068,-1.0244030644987763,2.4578473515778634,0.0,0.0,none
inventory,ppo,19,551,2.412580184282218,10.077533383371508,2.1331803138437353,0.0,2,high_restock,0.029856803847708065,0.00484238396785326,0.9653008121844388,-1.1331285022977164,2.4475331978602255,0.0,0.0,none
inventory,ppo,19,552,0.0,9.701991674575675,2.265942795209102,0.10591580398173504,0,low_restock,0.7544066273031879,0.008373576365688336,0.23721979633112394,-0.7315888606250451,0.524029427846009,0.0,0.0,none
inventory,ppo,19,553,0.0,9.29403138610413,2.5947591886926493,0.0984980108259009,0,low_restock,0.7288036545114871,0.008447215893097514,0.2627491295954154,-0.24629997541279974,0.308730310946873,0.0,0.0,none
inventory,ppo,19,554,0.0,9.11636112766024,2.3576137717795227,0.011839281323714245,0,low_restock,0.7304600846349982,0.008547351483717127,0.2609925638812848,-1.689794336651415,4.3940123588298405,0.0,0.0,none
inventory,ppo,19,555,4.313698104718329,9.937553906870136,2.1999574313103114,0.0,2,high_restock,0.007638804982500423,0.003523946507693253,0.9888372485098063,-1.1412020174594035,4.463014744989908,0.0,0.0,none
inventory,ppo,19,556,0.0,8.814478919495048,2.394086807252239,0.10735750311775062,0,low_restock,0.7315772718163652,0.008675985015009633,0.2597467431686251,-0.6986948487311082,0.2507934826297002,0.0,0.0,none
inventory,ppo,19,557,0.0,8.586084133916518,2.496634937889279,0.09262408013055505,2,high_restock,0.7194835722824912,0.008766946798574664,0.2717494809189342,-1.6165669623922645,0.9121496247921697,0.0,0.0,none
inventory,ppo,19,558,0.0,9.487554745581951,2.3994571324595175,0.19224410042719006,0,low_restock,0.7513666266903148,0.008419628585475115,0.24021374472420995,-1.1266141595430241,0.9438072396591619,0.0,0.0,none
inventory,ppo,19,559,0.0,8.599214539674438,2.0815180307876786,0.16903824277554003,0,low_restock,0.7506853937835024,0.008865046790259859,0.24044955942623777,-0.7018249038323023,0.09275488994444954,0.0,0.0,none
inventory,ppo,19,560,0.0,8.63269811947558,2.123090911956879,0.09318301854148256,2,high_restock,0.7419509792349706,0.008821537995145236,0.24922748276988418,-1.692241903144408,0.8744645394001624,0.0,0.0,none
inventory,ppo,19,561,0.0,9.42240028578749,1.764781396022602,0.20575748270435856,0,low_restock,0.7832353597163119,0.008713512268394782,0.2080511280152934,-0.9826901897044729,0.8126619707818751,0.0,0.0,none
inventory,ppo,19,562,0.0,10.090011647566588,1.305631857890656,0.1433375338757987,0,low_restock,0.8036904621825157,0.008942111851961733,0.18736742596552267,-0.7666690317449156,0.46686820634042514,0.0,0.0,none
inventory,ppo,19,563,0.0,9.624744826618372,1.3034729604259239,0.10476232709730635,0,low_restock,0.795386869461869,0.009052638332821878,0.19556049220530922,-0.3644419276301639,0.7892075834536748,0.0,0.0,none
inventory,ppo,19,564,0.0,10.30543057978215,0.9105906595255021,0.03293605850538641,0,low_restock,0.8076743430729701,0.00941889377963491,0.18290676314739504,-2.2687904307293696,6.070663826229947,0.0,0.0,none
inventory,ppo,19,565,5.967972659226771,10.89815679142611,1.8507249498792249,0.0,2,high_restock,0.006046406833010392,0.003349186707724467,0.9906044064592651,-0.8247958889439991,5.982110727666075,0.0,0.0,none
inventory,ppo,19,566,0.0,10.568615035501022,2.0910725181447978,0.05085640873999984,0,low_restock,0.7702564235898501,0.008225842305940288,0.22151773410420952,-1.0779224232073015,2.5912457570527945,0.0,0.0,none
inventory,ppo,19,567,2.5654926377351472,10.919824001808212,2.1739458362053896,0.0,2,high_restock,0.028767960598611954,0.0047323905234692605,0.9664996488779187,-0.7615002339502253,2.696715418351746,0.0,0.0,none
inventory,ppo,19,568,0.0,11.712921994486726,1.929093515418965,0.039553613205397346,0,low_restock,0.7885870683537773,0.008150048907198238,0.20326288273902426,-0.3778511759107374,0.6978302972222706,0.0,0.0,none
inventory,ppo,19,569,0.5652890740306784,11.374162633881546,2.1551311091675025,0.0,0,low_restock,0.5880904475613871,0.008838074495714398,0.40307147794289855,-2.4489153976165627,5.9555743966085855,0.0,0.0,none
inventory,ppo,19,570,6.482615421761608,10.902928552506967,1.6734115553396474,0.0,2,high_restock,0.005849976072589271,0.003326337711710009,0.9908236862157007,-0.5865527823708987,6.402645831708014,0.0,0.0,none
inventory,ppo,19,571,0.13300794963113916,11.538591312286226,1.1515960208997973,0.0,0,low_restock,0.7787233322839131,0.00917979073369275,0.21209687698239418,-3.638727089736218,9.818851883009208,0.0,0.0,none
inventory,ppo,19,572,9.882077399246336,12.263316952302237,2.0682583980902547,0.0,2,high_restock,0.005446267591045753,0.0032474923799970384,0.9913062400289572,-3.3371650893086775,2.0793907214421177,0.0,0.0,none
inventory,ppo,19,573,7.99190025516765,12.952130635909095,2.594216424645666,0.0,2,high_restock,0.005609899644220316,0.0032777501635691594,0.9911123501922104,-2.6005489833809117,2.543501724926647,0.0,0.0,none
inventory,ppo,19,574,5.887282809659748,14.264398747125815,2.0303557707139306,0.0,2,high_restock,0.006635715561221506,0.0033423536832111168,0.9900219307555673,-1.2900670457705563,3.7901312999148575,0.0,0.0,none
inventory,ppo,19,575,2.1430487022015896,14.732086656087997,1.6738810325460234,0.0,2,high_restock,0.13224972769806734,0.007383491249355018,0.8603667810525777,-1.0795428922836052,1.461382679363095,0.0,0.0,none
inventory,ppo,19,576,1.5415511208103005,15.881708634235835,1.001415938669516,0.0,0,low_restock,0.38523665848835087,0.010475782886419295,0.6042875586252298,-4.761974004386629,11.557024938362385,0.0,0.0,none
inventory,ppo,19,577,13.091354298247513,16.241855379800235,1.194201596981429,0.0,2,high_restock,0.005406728727222719,0.0032046411843151775,0.991388630088462,-4.560107671978392,1.6063431302557616,0.0,0.0,none
inventory,ppo,19,578,11.486021919938263,16.29882433295412,1.1933380876312878,0.0,2,high_restock,0.005445419755677338,0.0032244665416539704,0.9913301137026688,-2.1235153659508987,7.139869502663379,0.0,0.0,none
inventory,ppo,19,579,4.524329617002568,15.327409361468563,2.445907346188362,0.0,2,high_restock,0.010816359693224394,0.003596387770089052,0.9855872525366867,-0.6702540932167808,4.565167913613968,0.0,0.0,none
inventory,ppo,19,580,0.0,14.84575502651773,2.818288449450575,0.023259659502996553,0,low_restock,0.7840003295676714,0.007397217527518325,0.2086024529048102,-3.3137288726472067,8.956006199824785,0.0,0.0,none
inventory,ppo,19,581,8.953511064706305,14.682391988779198,2.6861590748875956,0.0,2,high_restock,0.005539151563179484,0.0032543197088642176,0.9912065287279562,-1.3036895651796296,6.890516144493744,0.0,0.0,none
inventory,ppo,19,582,2.181970186227513,13.418123177595998,2.521625668890443,0.0,2,high_restock,0.07941964046436543,0.0060181096182620065,0.9145622499173726,-0.6905438024434005,2.276740201941816,0.0,0.0,none
inventory,ppo,19,583,0.0,12.926436109903847,2.097275347922959,0.02688282186489295,0,low_restock,0.7925574949457759,0.007924212155076002,0.19951829289914813,-3.0289794708658997,8.200926460716786,0.0,0.0,none
inventory,ppo,19,584,8.139941345331142,13.923122345665714,2.1467078269708417,0.0,2,high_restock,0.005615122483747837,0.0032636429932395112,0.9911212345230127,-0.8116275879376775,7.372856072484329,0.0,0.0,none
inventory,ppo,19,585,0.7760788226790787,13.680850997577767,2.4184430049384726,0.0,0,low_restock,0.5434510114520199,0.008654618620789357,0.4478943699271907,-2.281591160440597,5.349330893232679,0.0,0.0,none
inventory,ppo,19,586,6.004546172687419,12.61020702159622,2.0548613058876057,0.0,2,high_restock,0.006220540124092085,0.0033318609355141586,0.9904475989403938,-0.6870138788801035,6.011136539218983,0.0,0.0,none
inventory,ppo,19,587,0.0,12.396071265554239,2.2355390260473604,0.026252478371447046,0,low_restock,0.7828532799168785,0.007874090436397455,0.209272629646724,-1.3249852311992032,3.3216890280098825,0.0,0.0,none
inventory,ppo,19,588,3.271386374854867,11.830636781079473,2.1295020685217767,0.0,2,high_restock,0.015999940988152533,0.004047501269014878,0.9799525577428325,-0.9901800987802841,3.8035732603465333,0.0,0.0,none
inventory,ppo,19,589,0.0,10.446561483983064,0.7719035029984854,0.08038930335362215,0,low_restock,0.816461244909743,0.009585104724642267,0.17395365036561475,-0.5047640618637244,0.8553663844628951,0.0,0.0,none
inventory,ppo,19,590,0.0,9.832874080804874,1.3673343172295693,0.05799358247566505,0,low_restock,0.7910653389123439,0.008943478419106206,0.19999118266855004,-1.2732290553130983,3.191497732000336,0.0,0.0,none
inventory,ppo,19,591,3.1235115866088528,10.223793082784287,1.8899739827416635,0.0,2,high_restock,0.014404933317724777,0.004049872604541651,0.9815451940777337,-1.062831946294131,3.1493770913796695,0.0,0.0,none
inventory,ppo,19,592,0.0,9.860454831464931,2.0366713782617967,0.09336284755252337,0,low_restock,0.7669106307092572,0.008422553697660777,0.22466681559308213,-0.22807321836387323,0.44522799283194225,0.0,0.0,none
inventory,ppo,19,593,0.13735205246820925,10.17319313552267,2.306561191252032,0.0,0,low_restock,0.7115210401423289,0.008402916974886755,0.2800760428827843,-1.0901592765675954,2.4674685027792376,0.0,0.0,none
inventory,ppo,19,594,2.6004550759074156,10.045541262132193,2.3788751411659605,0.0,2,high_restock,0.02294695483399771,0.004497498512446681,0.9725555466535556,-1.2811782029472947,2.6418837021956225,0.0,0.0,none
inventory,ppo,19,595,0.0,9.758964647291075,2.7217152715701096,0.1323532505263026,2,high_restock,0.7334590278507275,0.008267573202945704,0.25827339894632684,-2.18184468218964,1.3695692871553387,0.0,0.0,none
inventory,ppo,19,596,0.0,8.47068597720413,2.285606626651407,0.2931865503910071,0,low_restock,0.7473187986097583,0.008915668673810523,0.2437655327164313,-1.6210412863119776,0.049279089778646035,0.0,0.0,none
inventory,ppo,19,597,0.0,8.504476649955382,2.2846895976664663,0.25732880112713885,0,low_restock,0.7450304697243321,0.008884143849190188,0.24608538642647773,-1.0349874630088223,0.2930015702166727,0.0,0.0,none
inventory,ppo,19,598,0.0,8.635060931984302,2.5252005668225084,0.15267633268014685,0,low_restock,0.7243076582973644,0.008755359372560655,0.266936982330075,-0.7771428471855781,0.15901010477978042,0.0,0.0,none
inventory,ppo,19,599,0.0,8.787051866854572,2.5331345785914063,0.10663265128313897,0,low_restock,0.7228849462605426,0.008671018756039291,0.2684440349834182,-0.6986241862215778,0.23317578799891875,0.0,0.0,none
