env,policy,seed,t,q,mu,sigma,rho,a,action_label,p0,p1,p2,r,state_delta,intervention_active,intervention_start,intervention_name
inventory,ppo,13,0,0.0,12.13072699036783,1.04575048492713,0.55,0,low_restock,0.04753623821481595,0.9399614266452074,0.012502335139976582,-2.9524424902621003,0.3961473708689938,0.0,0.0,none
inventory,ppo,13,1,0.0,11.892413971340199,1.357396646363158,0.4950790161182322,1,balanced_restock,0.048290929445895664,0.9386228211960793,0.013086249358025097,-3.318445070787893,0.6348947730036514,0.0,0.0,none
inventory,ppo,13,2,0.0,11.279201125654087,1.5185120065444486,0.5282937626406952,1,balanced_restock,0.04994220234975711,0.9360487856890002,0.014009011961242634,-3.4158140647970647,0.43268775098504897,0.0,0.0,none
inventory,ppo,13,3,0.0,10.888513106218271,1.3333654634696164,0.5456810829994758,1,balanced_restock,0.05060390782069541,0.9351725089980415,0.01422358318126307,-3.150976830115881,0.8310931879582542,0.0,0.0,none
inventory,ppo,13,4,0.0,11.271137263809285,2.0696249784970853,0.4983887196635502,1,balanced_restock,0.05151710448570634,0.9332122886330879,0.015270606881205786,-3.2392317428129003,0.03527507932291701,0.0,0.0,none
inventory,ppo,13,5,0.0,11.30192064296775,2.062672043235693,0.5141485255023036,0,low_restock,0.05138654430322079,0.9334417598123066,0.01517169588447275,-2.38154785686376,0.9484504818741524,0.0,0.0,none
inventory,ppo,13,6,0.0,12.227236583495852,2.2320948913882996,0.3931335458685285,1,balanced_restock,0.04958172487903793,0.9360095756724537,0.014408699448508479,-2.54269400099515,0.6398454188961511,0.0,0.0,none
inventory,ppo,13,7,0.0,12.739377674481858,1.8485556783561574,0.3897667858919911,1,balanced_restock,0.04755173444242844,0.9393842426648872,0.013064022892684175,-2.4534468835656966,0.5440412196654285,0.0,0.0,none
inventory,ppo,13,8,0.0,13.205917953078417,1.5691509009398337,0.37382980063673155,1,balanced_restock,0.04637187986751062,0.9413229084146287,0.01230521171786074,-2.2639703770674857,0.2941421203073889,0.0,0.0,none
inventory,ppo,13,9,0.0,13.017516132620987,1.3458136500349385,0.33999471019062244,1,balanced_restock,0.04640995989277702,0.9413539694628499,0.012236070644373025,-1.8084714135604019,1.4535370279687736,0.0,0.0,none
inventory,ppo,13,10,0.0,14.376900823131246,1.853974161676617,0.25865560956435746,1,balanced_restock,0.04530039425585634,0.9427374001743135,0.011962205569830223,-1.5001961290604346,0.2972001248436345,0.0,0.0,none
inventory,ppo,13,11,0.0,14.653379319508309,1.9480865703034294,0.20360645161793478,1,balanced_restock,0.04516084127713222,0.9428711802729123,0.011967978449955442,-1.579183080662896,0.41585359862038807,0.0,0.0,none
inventory,ppo,13,12,0.0,14.408777300830632,2.284100144732499,0.21771126440408856,1,balanced_restock,0.045991221912709275,0.9414306485697354,0.0125781295175553,-1.504416111703672,0.044190003340954014,0.0,0.0,none
inventory,ppo,13,13,0.0,14.372576929655063,2.3056415883580743,0.2043600199470843,1,balanced_restock,0.04609921430590843,0.9412415393141013,0.012659246379990467,-1.531883021151768,0.59444763056116,0.0,0.0,none
inventory,ppo,13,14,0.0,13.830218389789291,2.5489338870438747,0.20926482520567288,1,balanced_restock,0.04750557764394619,0.9389115141140795,0.013582908241974454,-1.1207201828475686,0.21082389657394854,0.0,0.0,none
inventory,ppo,13,15,0.0,13.719378076782084,2.3853173848825033,0.1358428897942087,1,balanced_restock,0.04737004691430241,0.9391457025488095,0.01348425053688798,-0.7788535170875404,0.13089498056146884,0.0,0.0,none
inventory,ppo,13,16,0.0,13.803356529932234,2.4650312705679926,0.07479527090848934,1,balanced_restock,0.047542659283578155,0.9387757429392711,0.01368159777715073,-0.47323811035345786,1.0300968433287792,0.0,0.0,none
inventory,ppo,13,17,0.0,14.764862425773595,2.099480210112386,0.020221091134546045,1,balanced_restock,0.045472137915185756,0.9421916188074809,0.012336243277333188,-1.0969767103220214,2.1781357305775098,0.0,0.0,none
inventory,ppo,13,18,2.1056477437772045,15.282169828014622,1.8933079544513494,0.0,1,balanced_restock,0.051912327949735625,0.91322819541016,0.034859476640104484,-1.9304531466310633,2.6348325888391675,0.0,0.0,none
inventory,ppo,13,19,4.487008990374466,15.827109350954316,0.9061391235253001,0.0,2,high_restock,0.08799492582202267,0.3150632740910575,0.5969418000869198,-1.2422337585739127,2.5174559391715374,0.0,0.0,none
inventory,ppo,13,20,2.0063821673540367,15.503076890589728,0.6249311307304849,0.0,1,balanced_restock,0.04793445621938569,0.9276754438357191,0.0243900999448952,-1.6846949396972333,1.8541397409651905,0.0,0.0,none
inventory,ppo,13,21,3.784842684849238,15.004102329688697,0.7859800497296128,0.0,1,balanced_restock,0.09137707592333845,0.5826440757327932,0.3259788483438683,-0.6351548846234809,3.674932985096378,0.0,0.0,none
inventory,ppo,13,22,0.7861568132099457,13.640326638525632,2.4148236126210825,0.0,1,balanced_restock,0.04923150717307677,0.9311864340809928,0.019582058745930574,-1.0886432193924993,1.3831190108880873,0.0,0.0,none
inventory,ppo,13,23,2.0818377696928554,13.195238005183132,2.2247573984827502,0.0,1,balanced_restock,0.06627910514684895,0.8644770446498778,0.06924385020327323,-0.3818699548920315,2.2134477014909715,0.0,0.0,none
inventory,ppo,13,24,0.0624855854058044,12.315095319006268,2.441359187533892,0.0,1,balanced_restock,0.05084562137251482,0.933003507765975,0.016150870861510114,-0.3734312872239016,0.9602290224253014,0.0,0.0,none
inventory,ppo,13,25,0.0,11.56514534846944,1.8449494154125534,0.0023984441471252894,1,balanced_restock,0.05059144910849947,0.9341816277112844,0.015226923180215984,-0.5375232098561475,0.8263274911237689,0.0,0.0,none
inventory,ppo,13,26,0.0,10.799223438389783,1.5362065847581887,0.031700573188597786,1,balanced_restock,0.05174741642576298,0.9325923964260365,0.01566018714820052,-0.8055569966018256,0.12122505967836024,0.0,0.0,none
inventory,ppo,13,27,0.0,10.728876145853446,1.6225540797446556,0.07956374939318313,1,balanced_restock,0.05216693699136082,0.9319250592665144,0.015908003742125,-1.1270745447008133,1.1116875358974234,0.0,0.0,none
inventory,ppo,13,28,0.0,9.665946084309393,1.302034951130079,0.13697759726800238,1,balanced_restock,0.05487921394925117,0.9279395440762648,0.017181241974484056,-1.4117374714538453,0.31955657345809135,0.0,0.0,none
inventory,ppo,13,29,0.0,9.358159204284226,1.371314675751843,0.18781026275961524,0,low_restock,0.05643636123007414,0.9254622040545303,0.01810143471539574,-1.1091770315496736,1.0133874149925808,0.0,0.0,none
inventory,ppo,13,30,0.0,8.510635639185569,0.8161760700509136,0.16592446991958457,1,balanced_restock,0.05889999433311552,0.9220204709296539,0.0190795347372305,-1.764208425101601,0.7888857443276804,0.0,0.0,none
inventory,ppo,13,31,0.0,7.733286961886367,0.9204551461491076,0.2507515044824287,1,balanced_restock,0.0644487418043013,0.9130643805199969,0.022486877675701716,-1.7752952669233775,1.185657736169816,0.0,0.0,none
inventory,ppo,13,32,0.0,8.37565432419612,1.9170215110227662,0.25273129766488883,1,balanced_restock,0.06583205460400268,0.9092515841050895,0.024916361290907862,-1.7796087931277196,0.9078262754382442,0.0,0.0,none
inventory,ppo,13,33,0.0,9.168664378932734,2.358929879514388,0.25350157020137853,1,balanced_restock,0.06363403951314026,0.9124345624832793,0.02393139800358045,-1.6381025124838966,1.2067639998088078,0.0,0.0,none
inventory,ppo,13,34,0.0,10.234087397424872,2.9250699872772974,0.22823259151498157,1,balanced_restock,0.06173368768171536,0.9149920489422319,0.023274263376052835,-1.6546795938271468,0.9056949928223426,0.0,0.0,none
inventory,ppo,13,35,0.0,11.086243594306316,2.6183054629319193,0.23119278461199053,1,balanced_restock,0.05516440325843479,0.9264851845090952,0.018350412232469932,-1.7243344620134882,2.009234291733202,0.0,0.0,none
inventory,ppo,13,36,0.0,12.099684907720281,0.8834266688050554,0.24363115393098006,0,low_restock,0.04747952818662933,0.9399043703935934,0.012616101419777127,-0.9724108270740015,0.28762082898000746,0.0,0.0,none
inventory,ppo,13,37,0.0,12.357211099623438,0.9607288295897305,0.14150193340607167,1,balanced_restock,0.04715024752423004,0.9402806985517417,0.012569053924028285,-1.414005659521119,1.0290157031533633,0.0,0.0,none
inventory,ppo,13,38,0.0,11.714007834016503,1.762589626843158,0.18821529634305695,2,high_restock,0.04969246311102988,0.9359021162634974,0.014405420625472558,-1.9488093754862417,0.08841043669768996,0.0,0.0,none
inventory,ppo,13,39,0.0,11.673232842494137,1.7163338839696927,0.2515731027654003,1,balanced_restock,0.049598703366509386,0.9361526955527683,0.014248601080722227,-1.7534046072377976,0.08104641150772608,0.0,0.0,none
inventory,ppo,13,40,0.0,11.753187466473374,1.7293035307957374,0.24882225129246385,1,balanced_restock,0.04944417526950789,0.9363827196294515,0.01417310510104056,-1.8705627134256892,0.13388680160664895,0.0,0.0,none
inventory,ppo,13,41,0.0,11.634429371469498,1.7874799735571576,0.2697433416831588,1,balanced_restock,0.049859948412933806,0.9357181006150964,0.014421950971969815,-1.9354064483541853,0.4266193208639218,0.0,0.0,none
inventory,ppo,13,42,0.0,11.242510946799541,1.6193433785602607,0.2813225800632474,1,balanced_restock,0.05040994310115913,0.9349844529313153,0.01460560396752568,-1.763205951758422,1.1131759549384328,0.0,0.0,none
inventory,ppo,13,43,0.0,12.326999269406741,1.3701442276226616,0.25057249138543247,1,balanced_restock,0.04758389596227094,0.9394814716581527,0.012934632379576528,-1.7355778624592566,0.2816699175017026,0.0,0.0,none
inventory,ppo,13,44,0.0,12.08307878256746,1.2293734982748359,0.24563890401058153,1,balanced_restock,0.04783973461654204,0.939165554973307,0.012994710410150758,-1.5533248386225584,0.5072260713894681,0.0,0.0,none
inventory,ppo,13,45,0.0,12.500199421538099,1.5161303135671895,0.21309372118259975,1,balanced_restock,0.04752439216109859,0.9394568282606067,0.013018779578294625,-1.26068562632335,1.0273492664081811,0.0,0.0,none
inventory,ppo,13,46,0.0,13.524692717755846,1.5720696281480915,0.16083671898631247,0,low_restock,0.04607617043989841,0.9416154452138209,0.012308384346280713,-0.43159904136849403,0.790729456323514,0.0,0.0,none
inventory,ppo,13,47,0.0,14.109518517464227,1.0526496451482563,0.04492840024437394,1,balanced_restock,0.04503828341896747,0.9433860499441613,0.011575666636871288,-0.6079503861876658,0.5072016753840719,0.0,0.0,none
inventory,ppo,13,48,0.0,13.688138913926892,1.3349479709022363,0.044276854676368896,1,balanced_restock,0.045703414919935424,0.942226199829605,0.012070385250459462,-0.37635584003663947,0.5277649263674052,0.0,0.0,none
inventory,ppo,13,49,0.0,14.198055056056543,1.2052906811398505,0.0029206857208284834,1,balanced_restock,0.04506754422135948,0.9432417689978312,0.011690686780809454,-0.5467813801977085,0.6297297505015067,0.0,0.0,none
inventory,ppo,13,50,0.5336610862791673,13.89004431381223,1.3352378085227068,0.0,1,balanced_restock,0.04552229169463076,0.9403532717238651,0.014124436581504151,-0.7383395155105665,0.8719987952309426,0.0,0.0,none
inventory,ppo,13,51,1.0809700443159045,13.267908074671556,1.0636106683381226,0.0,2,high_restock,0.04800396930740813,0.9328854595196081,0.019110571172983707,-0.9374253611103738,1.1664593554383145,0.0,0.0,none
inventory,ppo,13,52,0.0,12.8354342006453,1.0714187946625409,0.0709688144839953,1,balanced_restock,0.04656011529243388,0.9410667407482232,0.012373143959342964,-0.6778915272626398,0.2046097130330394,0.0,0.0,none
inventory,ppo,13,53,0.0,13.025147147312563,0.9961033090648621,0.056766344154042817,1,balanced_restock,0.04624933613257895,0.941571711456595,0.012178952410826066,-0.8171804273953973,0.9276540826753361,0.0,0.0,none
inventory,ppo,13,54,0.0,12.097938531603104,0.9816945256371277,0.08163936203489237,1,balanced_restock,0.047634607818406366,0.9394765750791362,0.012888817102457565,-0.6214836578595351,0.5159189763388521,0.0,0.0,none
inventory,ppo,13,55,0.0,12.43955863809533,1.366722940738576,0.046693510332059825,1,balanced_restock,0.04754983869239123,0.9393516352320576,0.01309852607555128,-0.7542915266048201,1.548752609891625,0.0,0.0,none
inventory,ppo,13,56,1.1265472188709147,13.209115434911002,2.0982474193912037,0.0,1,balanced_restock,0.051278599778613834,0.9243466306191561,0.024374769602229972,-0.5413031521009399,0.6236001710626877,0.0,0.0,none
inventory,ppo,13,57,0.5180090060026856,13.09716520397647,2.1758719169564715,0.0,1,balanced_restock,0.0487872649435442,0.9339686775052785,0.017244057551177455,-1.0752640481667162,1.5293097956387638,0.0,0.0,none
inventory,ppo,13,58,2.0436115661906182,13.203451131394724,2.181218038685725,0.0,1,balanced_restock,0.06494903787349941,0.8704756105897582,0.06457535153674236,-2.036088323883178,2.938155838372044,0.0,0.0,none
inventory,ppo,13,59,4.788823782523366,14.100715824993165,1.6413238939880184,0.0,0,low_restock,0.046541015416747614,0.045148360421936144,0.9083106241613162,-2.2599240238015055,2.4219680949683386,0.0,0.0,none
inventory,ppo,13,60,5.942640068004302,12.642237158249698,3.1929286797043224,0.0,2,high_restock,0.023349947088491953,0.006882769584737911,0.9697672833267701,-0.9044367004807597,6.2044382039992865,0.0,0.0,none
inventory,ppo,13,61,0.0,10.863598805023917,3.082055265131505,0.06507798222870709,1,balanced_restock,0.05998744270374034,0.9174590755030979,0.02255348179316178,-0.690699272812011,0.215322847452936,0.0,0.0,none
inventory,ppo,13,62,0.0,11.069650016769435,3.144268862385955,0.059053441573573395,1,balanced_restock,0.05944448028317511,0.9183471493984392,0.022208370318385517,-0.663554138261968,0.282488454699742,0.0,0.0,none
inventory,ppo,13,63,0.0,10.832392341106956,2.9910206140438524,0.05420609611820856,1,balanced_restock,0.05943446275937023,0.9184864392080473,0.022079098032582508,-0.7856855912243059,1.1143312582752198,0.0,0.0,none
inventory,ppo,13,64,0.0,9.978021265434561,2.27596217059944,0.07601528414719748,1,balanced_restock,0.05846517014034384,0.9209114356435051,0.020623394216151003,-1.2305762732955992,0.24894859424090668,0.0,0.0,none
inventory,ppo,13,65,0.0,9.835031303160141,2.4636262391690567,0.15546004880278555,1,balanced_restock,0.06042155472799294,0.9175672061448417,0.02201123912716526,-1.522790361684232,0.22622918433503084,0.0,0.0,none
inventory,ppo,13,66,0.0,10.00411584699132,2.322675201501211,0.2076411360150414,1,balanced_restock,0.0583240834940401,0.921422895866965,0.02025302063899489,-1.5271134380672482,0.13313112777316072,0.0,0.0,none
inventory,ppo,13,67,0.0,9.908964586861908,2.2295648426359325,0.20841311394058,1,balanced_restock,0.05819717278364065,0.9217333467324456,0.02006948048391389,-1.5164461347503884,0.06016780609334637,0.0,0.0,none
inventory,ppo,13,68,0.0,9.86777000877895,2.1857522522579207,0.20650823834828363,1,balanced_restock,0.05813039043381373,0.9218858592673945,0.019983750298791826,-1.5488558874267957,0.24799928824262293,0.0,0.0,none
inventory,ppo,13,69,0.0,10.092074259493776,2.2913825293335055,0.2122956941833564,1,balanced_restock,0.05765702243663556,0.9225850329042067,0.019757944659157735,-1.9490071019875872,0.21885133222719058,0.0,0.0,none
inventory,ppo,13,70,0.0,10.203922928270032,2.1173713749472918,0.2837512682120691,1,balanced_restock,0.05595416793918379,0.925722427040044,0.0183234050207722,-1.9106226855981214,0.8304867880340021,0.0,0.0,none
inventory,ppo,13,71,0.0,11.030419190215277,2.036345133286901,0.27689690814252166,1,balanced_restock,0.052405670236816713,0.9315210126033209,0.0160733171598625,-2.151369856243017,0.5974698049149878,0.0,0.0,none
inventory,ppo,13,72,0.0,10.43935895456058,2.112304180357839,0.31988747432911013,1,balanced_restock,0.05485854804697431,0.9275800191329082,0.017561432820117504,-2.141580258628114,0.0033096705470292893,0.0,0.0,none
inventory,ppo,13,73,0.0,10.43716469030569,2.1105482983715698,0.31813933189787746,0,low_restock,0.0548614497194108,0.9275736823570284,0.01756486792356062,-1.8072904104124985,0.7411982334153226,0.0,0.0,none
inventory,ppo,13,74,0.0,9.703913692535744,2.215232089308254,0.29058757328794615,1,balanced_restock,0.05903853058388697,0.9205370467148585,0.020424422701254615,-1.7410804090046432,1.655068655312518,0.0,0.0,none
inventory,ppo,13,75,0.0,11.31981673245736,2.570445551765829,0.246621501607972,1,balanced_restock,0.05395568023995897,0.9285473368929611,0.017496982867079798,-1.6907576625108915,0.03421968408349093,0.0,0.0,none
inventory,ppo,13,76,0.0,11.349662557718075,2.5845686398776007,0.23763529687694493,1,balanced_restock,0.05394099857116247,0.9285452999648411,0.01751370146399646,-1.5241897836932194,1.0270234049704476,0.0,0.0,none
inventory,ppo,13,77,0.0,12.367950181374493,2.454251071530434,0.20789103280236065,1,balanced_restock,0.05028031330133453,0.9345416545549845,0.015178032143680876,-1.645379029968728,0.3485080315369938,0.0,0.0,none
inventory,ppo,13,78,0.0,12.040503071648462,2.571587801631314,0.22953196963727285,1,balanced_restock,0.051619513396149085,0.9323330513229229,0.0160474352809281,-1.4695050235003135,1.580833099174196,0.0,0.0,none
inventory,ppo,13,79,0.0,13.294463467280462,1.6094909914110516,0.19812589705362746,1,balanced_restock,0.046413596661609026,0.9411048300093828,0.012481573329008202,-1.282172479963577,0.20755572142874396,0.0,0.0,none
inventory,ppo,13,80,0.0,13.147269822602667,1.4670327304754693,0.16467365713635304,1,balanced_restock,0.04646310261533463,0.9410778479354841,0.012459049449181121,-1.0572401221466903,0.45008489114211214,0.0,0.0,none
inventory,ppo,13,81,0.0,13.583793850910501,1.5690613285604276,0.12450716466905182,1,balanced_restock,0.046025736475908095,0.9416675847872416,0.01230667873685031,-0.9543471300883976,0.16129268194927027,0.0,0.0,none
inventory,ppo,13,82,0.0,13.424606634012056,1.5506992864744495,0.10613341608721384,1,balanced_restock,0.04623251731184302,0.9413436459047109,0.01242383678344604,-0.5947012546773933,1.301021945683216,0.0,0.0,none
inventory,ppo,13,83,0.0,14.626694438228336,1.0572233625883678,0.04191093833524882,1,balanced_restock,0.044560360126705965,0.9441114685448925,0.011328171328401674,-0.4672403900051466,0.14374966343107334,0.0,0.0,none
inventory,ppo,13,84,0.0,14.505661583737918,1.1313648268769683,0.019150069643776187,1,balanced_restock,0.04471591330427006,0.9438264936509694,0.01145759304476044,-0.36048657852214716,0.22430840170194075,0.0,0.0,none
inventory,ppo,13,85,0.0,14.304214753603574,1.228163736206972,8.688902181199458e-05,1,balanced_restock,0.04497891084189095,0.9433653306868722,0.011655758471236873,-0.4679679941794337,0.6157025336976224,0.0,0.0,none
inventory,ppo,13,86,0.30847998336981064,13.804796302040689,1.4139348656933945,0.0,0,low_restock,0.04556590855673427,0.9411915994604116,0.013242491982854132,-3.9331176072189775,10.437627179728427,0.0,0.0,none
inventory,ppo,13,87,10.723193163482794,14.430506457917554,1.7076989203683555,0.0,2,high_restock,0.019832454092250533,0.0037436504455887866,0.9764238954621606,-2.089085911094862,6.370340816231204,0.0,0.0,none
inventory,ppo,13,88,4.42595974598532,13.471945085890548,1.62253145855317,0.0,1,balanced_restock,0.05336884452334781,0.06317742810656722,0.8834537273700851,-2.0468595217873267,0.46393724977838924,0.0,0.0,none
inventory,ppo,13,89,4.819598633678076,13.232020701748482,1.674708922289881,0.0,2,high_restock,0.037168209984707254,0.02469689242951737,0.9381348975857753,-0.7260265003872448,4.851362792191662,0.0,0.0,none
inventory,ppo,13,90,0.0,12.736150195337256,1.9200635420336007,0.033219017926293705,1,balanced_restock,0.048116234774644766,0.9381234992831715,0.01376026594218388,-0.6308113453208983,0.9728847823420803,0.0,0.0,none
inventory,ppo,13,91,0.7737467009168526,13.293053343509408,2.1113126542852454,0.0,1,balanced_restock,0.048991480003598306,0.9319401920917902,0.019068327904611417,-1.3290497673646975,2.1307210044331435,0.0,0.0,none
inventory,ppo,13,92,2.768713621041993,12.809104091511838,1.540460565009935,0.0,1,balanced_restock,0.08756188725416189,0.714533753325931,0.197904359419907,-1.8345579953856457,1.488787677421218,0.0,0.0,none
inventory,ppo,13,93,4.2130228439589885,13.157412619594734,1.444853105557779,0.0,0,low_restock,0.05975312251833756,0.08358945962880547,0.856657417852857,-2.680065833420643,3.1167508152774412,0.0,0.0,none
inventory,ppo,13,94,7.143045238344694,12.464689320933322,2.2506066934632285,0.0,2,high_restock,0.020663524157740303,0.004378431937464631,0.9749580439047951,-0.8142686260602816,6.362030654472793,0.0,0.0,none
inventory,ppo,13,95,0.783624645886519,12.621791180145415,2.158287776103147,0.0,1,balanced_restock,0.05122443754237249,0.9273694908694725,0.021406071588154916,-0.4277622911810397,1.2586026616175818,0.0,0.0,none
inventory,ppo,13,96,0.0,11.675844931864031,1.8843309370734924,0.012100409139471375,1,balanced_restock,0.05041019641685434,0.934459033614035,0.015130769969110603,-0.7575554528871675,1.2275844589742004,0.0,0.0,none
inventory,ppo,13,97,0.0,10.452368643573683,1.9655784054233758,0.07099204515842276,1,balanced_restock,0.054541641392566294,0.9277671007516345,0.01769125785579909,-1.1819203653983046,1.3684595258802905,0.0,0.0,none
inventory,ppo,13,98,0.0,9.102594517712442,1.7533314777932965,0.1467714938211258,1,balanced_restock,0.05975778758950754,0.9194859110686363,0.02075630134185596,-1.0037509130151627,1.409784896073502,0.0,0.0,none
inventory,ppo,13,99,0.0,10.162013669793154,2.6829078636932975,0.11495552018127907,1,balanced_restock,0.06039788026945335,0.9172609336399022,0.022341186090644487,-1.4168090313377166,0.975847503522556,0.0,0.0,none
inventory,ppo,13,100,0.0,9.201252492478405,2.8371016278122467,0.1887158984531637,1,balanced_restock,0.06850589682801518,0.9028345703504783,0.028659532821506413,-1.7402743793228717,0.4872179787339359,0.0,0.0,none
inventory,ppo,13,101,0.0,8.718719779645419,2.802357859892594,0.2464775677362271,0,low_restock,0.07245543004245905,0.8958562827101095,0.03168828724743137,-1.4447325176326982,0.09438968504283105,0.0,0.0,none
inventory,ppo,13,102,0.0,8.632057338136173,2.8335561745435704,0.2258450924344104,2,high_restock,0.07385119465711981,0.8930724748313107,0.033076330511569364,-2.4532222143755034,0.6677277713148048,0.0,0.0,none
inventory,ppo,13,103,0.0,9.271745377557002,2.6810781506371844,0.34164682399562557,1,balanced_restock,0.06578586515894455,0.9085411700819823,0.025672964759073155,-2.7821625527384786,2.1433626889401722,0.0,0.0,none
inventory,ppo,13,104,0.0,7.553970900691709,1.4024089642961075,0.4325290272747283,1,balanced_restock,0.06883122176164465,0.9056024897867347,0.025566288451620678,-3.041075315772886,0.388402732257853,0.0,0.0,none
inventory,ppo,13,105,0.0,7.939334288912077,1.4170417927904142,0.4787634492451582,1,balanced_restock,0.06544636119733312,0.9113907291416458,0.023162909661021205,-3.3605389971619206,0.05791824331488735,0.0,0.0,none
inventory,ppo,13,106,0.0,7.949338455402378,1.4173055061265118,0.5358105352074858,1,balanced_restock,0.06538127945976732,0.9116639042577421,0.022954816282490548,-3.368625489964647,1.1042762768984602,0.0,0.0,none
inventory,ppo,13,107,0.0,8.840267569170129,2.0697388933606993,0.5372545517794012,1,balanced_restock,0.06314236146774252,0.9145109550254091,0.022346683506848444,-3.888997260162793,0.9281344167594727,0.0,0.0,none
inventory,ppo,13,108,0.0,7.960562385531776,2.350661485817496,0.6301780821719274,1,balanced_restock,0.07421212985710714,0.8954045463372551,0.030383323805637776,-4.174992426950597,0.6380218682525831,0.0,0.0,none
inventory,ppo,13,109,0.0,8.517925314469705,2.044376867930829,0.6812486476697495,1,balanced_restock,0.06540511084391505,0.9111961705735998,0.023398718582485142,-4.32864347230686,0.28182373822030654,0.0,0.0,none
inventory,ppo,13,110,0.0,8.781079608665065,2.1414418473063335,0.7086863343405108,1,balanced_restock,0.06412154134968194,0.9132757908009427,0.022602667849375445,-4.146443230901879,1.514132156333518,0.0,0.0,none
inventory,ppo,13,111,0.0,10.035239415650105,2.989156887798863,0.6761505769467641,1,balanced_restock,0.0627168759882494,0.9145118775583125,0.022771246453437904,-4.217959196894286,0.17953019247741758,0.0,0.0,none
inventory,ppo,13,112,0.0,9.876665732675901,2.9059560098544837,0.688921285159694,1,balanced_restock,0.06299818942229432,0.9141678859271336,0.022833924650571987,-4.278106048111157,1.5201266402922298,0.0,0.0,none
inventory,ppo,13,113,0.0,11.027228030129091,1.9125396602463915,0.6996617943055637,1,balanced_restock,0.05164198903590997,0.933377342592929,0.014980668371161148,-4.173518014333231,1.0431815385345353,0.0,0.0,none
inventory,ppo,13,114,0.0,12.003686031543415,1.545921760241854,0.6809853597023626,1,balanced_restock,0.04833997236312267,0.9386004611475378,0.013059566489339546,-4.2677515903506755,0.2227856275544253,0.0,0.0,none
inventory,ppo,13,115,0.0,12.152229704890463,1.3807398885210491,0.6978127839911921,1,balanced_restock,0.04783690974245435,0.9394514140406947,0.01271167621685112,-4.492600699233116,1.0206846212703424,0.0,0.0,none
inventory,ppo,13,116,0.0,11.134606329171907,1.3127133630222363,0.7379644105773421,1,balanced_restock,0.049979189449620105,0.9363115274248329,0.013709283125546878,-4.380089274847874,0.540070343013473,0.0,0.0,none
inventory,ppo,13,117,0.0,11.594674805116032,1.5948645839542375,0.7178730847942631,1,balanced_restock,0.049322623271166655,0.9371252477730297,0.013552128955803528,-3.9721026685848524,1.6013139687897393,0.0,0.0,none
inventory,ppo,13,118,0.0,12.765008448815761,2.6853772039202504,0.6450183336758665,1,balanced_restock,0.04954667741141492,0.9360686663839943,0.014384656204590722,-3.6445425157577374,0.6476031303366189,0.0,0.0,none
inventory,ppo,13,119,0.0,13.322438746438735,3.0097841400119596,0.5865254492424531,1,balanced_restock,0.049498595592729705,0.9358913363106519,0.014610068096618528,-3.599398056662173,0.41034923301855,0.0,0.0,none
inventory,ppo,13,120,0.0,13.670883834221257,2.7932026867738076,0.5784639386896737,1,balanced_restock,0.04801537473260791,0.9383234283298557,0.013661196937536459,-3.2625006985923446,1.743512402719541,0.0,0.0,none
inventory,ppo,13,121,0.0,15.07525000160193,1.7617125454858604,0.5183036961772044,1,balanced_restock,0.04435508461470385,0.9443705641335661,0.011274351251729898,-2.806746145379567,0.8622631696104254,0.0,0.0,none
inventory,ppo,13,122,0.0,15.933357823670766,1.7846311666976467,0.43691895453206553,1,balanced_restock,0.04369579684989273,0.9453126005799882,0.010991602570119082,-2.722183840465634,0.8315677741615366,0.0,0.0,none
inventory,ppo,13,123,0.0,15.124797070298047,1.9782969837616622,0.4218185429402918,1,balanced_restock,0.044544543656785306,0.9439366970142551,0.011518759328959648,-2.426617078698627,0.10135559184204745,0.0,0.0,none
inventory,ppo,13,124,0.0,15.04481359264778,1.9452834374319539,0.36903876405332625,1,balanced_restock,0.04461937411349428,0.943806453061646,0.011574172824859704,-2.286299418419082,0.3555163655024344,0.0,0.0,none
inventory,ppo,13,125,0.0,15.282746595607728,1.6823158866347228,0.3439820390034075,1,balanced_restock,0.04418338693451399,0.9445707032490525,0.011245909816433645,-2.2301513543272002,0.7266343376687672,0.0,0.0,none
inventory,ppo,13,126,0.0,14.58087336066286,1.8701213531365033,0.33395559898700006,1,balanced_restock,0.04503664515987468,0.9431825591368236,0.011780795703301584,-2.165447491546151,1.2396376701132739,0.0,0.0,none
inventory,ppo,13,127,0.0,13.603246634583542,1.1080097886873277,0.32240133777609836,1,balanced_restock,0.0454914054526966,0.9428426908794264,0.011665903667877016,-2.1787780857454906,0.32186411809828,0.0,0.0,none
inventory,ppo,13,128,0.0,13.35851438680036,1.3170479928723307,0.3247818010259805,1,balanced_restock,0.04592625775434283,0.9420895892889889,0.01198415295666832,-2.1275202469373022,0.9337032095454028,0.0,0.0,none
inventory,ppo,13,129,0.0,12.747742079403313,0.6108786851086407,0.31562861552451826,1,balanced_restock,0.04640134630611374,0.9417089765526196,0.011889677141266675,-2.3099384044969735,0.9784094292592362,0.0,0.0,none
inventory,ppo,13,130,0.0,11.940902534805273,1.1633584144616038,0.3482032865173167,1,balanced_restock,0.04798451371007188,0.9390709453566303,0.012944540933297857,-2.2989360289055414,0.1247633075212864,0.0,0.0,none
inventory,ppo,13,131,0.0,11.82803831355415,1.110220006695366,0.34623857659027524,1,balanced_restock,0.04814160387495241,0.938860734505933,0.012997661619114673,-2.5256929118043057,0.7809210431927152,0.0,0.0,none
inventory,ppo,13,132,0.0,11.099386449354613,1.3881849507054493,0.38673087710791176,1,balanced_restock,0.0501804900364802,0.9356165885495188,0.014202921414001153,-2.362603545549191,0.6256742630165688,0.0,0.0,none
inventory,ppo,13,133,0.0,11.540436350490747,1.8310112293864493,0.357607775990927,1,balanced_restock,0.050129757739682965,0.9353701424148438,0.014500099845473199,-2.340634172422127,0.08284199383109182,0.0,0.0,none
inventory,ppo,13,134,0.0,11.467215186287937,1.7924616986150717,0.35368467364680833,1,balanced_restock,0.05021615493403809,0.935256367611516,0.014527477454445891,-2.738543927087501,0.893177434254962,0.0,0.0,none
inventory,ppo,13,135,0.0,10.928486193523682,2.501325679830525,0.4247399869799109,1,balanced_restock,0.0547594929710953,0.9275988403291223,0.017641666699782375,-2.6802009303440815,0.1366429348254218,0.0,0.0,none
inventory,ppo,13,136,0.0,11.046837746403648,2.568821299473554,0.41432159470430024,1,balanced_restock,0.05467825271064704,0.9276574002658468,0.017664347023506204,-3.02839889185361,0.4169665955251152,0.0,0.0,none
inventory,ppo,13,137,0.0,10.74323504987674,2.847784406296613,0.4764998021167161,1,balanced_restock,0.057711773156024194,0.9225489858721434,0.019739240971832453,-3.219792766839001,1.028946618133135,0.0,0.0,none
inventory,ppo,13,138,0.0,9.857026946775473,2.3260581936285316,0.5106772797926789,1,balanced_restock,0.05861059725983991,0.9216441638767516,0.019745238863408312,-3.3879233893388423,0.5748700307423654,0.0,0.0,none
inventory,ppo,13,139,0.0,9.381776957708208,2.004015339234226,0.540700605239079,1,balanced_restock,0.05916119932560988,0.9211444251105056,0.019694375563884616,-3.7163824683871405,0.25849348361278496,0.0,0.0,none
inventory,ppo,13,140,0.0,9.5554036467509,1.8217176931363794,0.5993540122119894,1,balanced_restock,0.05718041769469351,0.9246290156108555,0.018190566694450922,-4.08489936191052,1.319326412386018,0.0,0.0,none
inventory,ppo,13,141,0.0,8.488253921083903,1.048747358397063,0.6651606003411642,1,balanced_restock,0.059917922864567576,0.9211589443520781,0.018923132783354467,-4.3660638619364,0.194135231496309,0.0,0.0,none
inventory,ppo,13,142,0.0,8.655837574793026,0.9645846039709637,0.7153685467743571,1,balanced_restock,0.058766199671434996,0.9231149923568063,0.01811880797175873,-4.837076455418848,0.758536091255418,0.0,0.0,none
inventory,ppo,13,143,0.0,7.956790778550383,1.2467834498738644,0.7994779384676515,0,low_restock,0.06471053809279041,0.9136333824038451,0.021656079503364522,-4.175610843813764,0.851236718196316,0.0,0.0,none
inventory,ppo,13,144,0.0,8.380781363812698,1.9798892137866926,0.7135019363953149,1,balanced_restock,0.06602208275081697,0.9103543294655004,0.02362358778368261,-4.8213115797851005,0.40270872463156904,0.0,0.0,none
inventory,ppo,13,145,0.0,8.037677221505101,2.1736368283957224,0.796662782104482,1,balanced_restock,0.07129320196229555,0.9014880248362271,0.02721877320147734,-4.811707541855702,1.063572556265927,0.0,0.0,none
inventory,ppo,13,146,0.0,8.982979550137042,2.6610659500912117,0.7949477753313752,1,balanced_restock,0.06747258096642945,0.9072376164610039,0.02528980257256669,-5.164077997819542,0.19708103673973204,0.0,0.0,none
inventory,ppo,13,147,0.0,8.804964660292143,2.7175663296756105,0.8578710710392039,1,balanced_restock,0.06981591652579075,0.9033815405136931,0.026802542960516228,-5.431857703020144,0.6098844367457629,0.0,0.0,none
inventory,ppo,13,148,0.0,9.313046880996756,2.383612828778623,0.9056888755393114,1,balanced_restock,0.06225942051973248,0.9165488547505898,0.02119172472967769,-5.611169970993194,0.5851617704822173,0.0,0.0,none
inventory,ppo,13,149,0.0,8.861102182051422,2.0132953929689807,0.9377089233916416,1,balanced_restock,0.06270627568915765,0.9163000031405013,0.02099372117034094,-5.980599242254319,0.37669726777627055,0.0,0.0,none
inventory,ppo,13,150,0.0,9.101780843826951,1.730285790497582,1.0,1,balanced_restock,0.05951768051986935,0.9217368037310152,0.018745515749115413,-6.229669201843474,1.1205087413454187,0.0,0.0,none
inventory,ppo,13,151,0.0,8.403597744394771,0.853883942542679,1.0,1,balanced_restock,0.06074659493596184,0.9205611942283382,0.018692210835699996,-6.040802835610654,0.7688240265047727,0.0,0.0,none
inventory,ppo,13,152,0.0,9.082516795277739,1.2146599202340735,1.0,1,balanced_restock,0.057671645254951026,0.924995734540757,0.01733262020429197,-5.949383381796636,0.8359687801149887,0.0,0.0,none
inventory,ppo,13,153,0.0,9.778507603787657,1.6777333503134053,0.9981041753208277,1,balanced_restock,0.05573434174240902,0.9276274139172109,0.016638244340380033,-5.622286055187079,1.8527025629236809,0.0,0.0,none
inventory,ppo,13,154,0.0,11.044531590244176,3.029131994905977,0.9396939384262639,1,balanced_restock,0.05700303638976345,0.924480965206494,0.018515998403742576,-5.186640063957598,2.027539537400413,0.0,0.0,none
inventory,ppo,13,155,0.0,13.057219746470688,3.2614056835332206,0.8619000114209996,1,balanced_restock,0.05092183525633491,0.9338296459385107,0.015248518805154281,-5.324030844134492,0.5252752017257117,0.0,0.0,none
inventory,ppo,13,156,0.0,13.38791580063714,2.8540333270587572,0.8864340793097305,1,balanced_restock,0.04852739692701615,0.9377969115629272,0.01367569151005655,-5.118583271405165,0.7601397355918562,0.0,0.0,none
inventory,ppo,13,157,0.0,14.10354182148709,2.6003684397459206,0.8497470127509223,1,balanced_restock,0.04656712500183166,0.9408764203834822,0.012556454614686139,-5.149560292088709,0.13487082848011192,0.0,0.0,none
inventory,ppo,13,158,0.0,13.999557724269817,2.686082202831995,0.8552786235872694,1,balanced_restock,0.04692662130205202,0.9402949061722083,0.012778472525739633,-4.7314706120669365,0.3167902172578015,0.0,0.0,none
inventory,ppo,13,159,0.0,14.227038607800353,2.8935298885140566,0.7806197521548099,1,balanced_restock,0.0471108221179042,0.9398496202637614,0.013039557618334327,-4.609887811557218,0.9249607279260654,0.0,0.0,none
inventory,ppo,13,160,0.0,13.441880631000947,2.4050547890012277,0.7589085377780747,1,balanced_restock,0.047267555052269074,0.9398379658801267,0.01289447906760428,-4.118596451797684,1.5741861964857133,0.0,0.0,none
inventory,ppo,13,161,0.0,15.01358598084202,2.394671325307411,0.6711779378210149,1,balanced_restock,0.04505531629551776,0.9431310084961831,0.01181367520829899,-3.8515574179458096,0.16143678101008038,0.0,0.0,none
inventory,ppo,13,162,0.0,15.167564633648391,2.3858114240688395,0.6234923960617518,1,balanced_restock,0.04489484852976302,0.9433476618483315,0.011757489621905533,-3.8616202627636094,0.0929669115414265,0.0,0.0,none
inventory,ppo,13,163,0.0,15.21985007331275,2.3089618927781226,0.6252893326363589,1,balanced_restock,0.04473240628622915,0.9436283766732353,0.011639217040535409,-3.9637412380273895,1.3379502958065292,0.0,0.0,none
inventory,ppo,13,164,0.0,13.91932343509887,2.622663836855115,0.6435252210763196,1,balanced_restock,0.0470342911358124,0.9399865666839788,0.012979142180208753,-3.9309878901015316,0.23306645894036904,0.0,0.0,none
inventory,ppo,13,165,0.0,13.697249803639219,2.693155452597687,0.6376764089467021,1,balanced_restock,0.04761435885368213,0.9390523057710493,0.013333335375268556,-3.527615169276526,0.41908698816097745,0.0,0.0,none
inventory,ppo,13,166,0.0,13.477453206302892,2.34367738876352,0.5656455659422368,1,balanced_restock,0.047177197005346796,0.9398447434486242,0.01297805954602902,-3.6147466130621764,0.8862203363272051,0.0,0.0,none
inventory,ppo,13,167,0.0,12.592027012209083,2.309547474445871,0.5812047523325314,1,balanced_restock,0.048797052449345804,0.9373845403825375,0.01381840716811681,-3.5257926742935206,0.2492091641326026,0.0,0.0,none
inventory,ppo,13,168,0.0,12.839568971175222,2.285550297371292,0.5653201204095573,0,low_restock,0.04822249466443005,0.9382688348509461,0.013508670484623874,-2.882917685505672,0.2802955196865749,0.0,0.0,none
inventory,ppo,13,169,0.0,13.052058881304294,2.122511770891729,0.48266387241172715,0,low_restock,0.04748841073511981,0.9394128113261603,0.013098777938719778,-2.476344876847187,0.3096846334551792,0.0,0.0,none
inventory,ppo,13,170,0.0,12.786607533135864,2.2645295931478944,0.4100615851512833,1,balanced_restock,0.04841538376206613,0.9378307464674048,0.013753869770529038,-2.477354027751202,1.1424305380234634,0.0,0.0,none
inventory,ppo,13,171,0.0,12.225652853813312,1.2698156790721653,0.3780989335270003,1,balanced_restock,0.047577478243239504,0.9396542999923371,0.012768221764423406,-2.7142519544296007,0.6318363466537571,0.0,0.0,none
inventory,ppo,13,172,0.0,11.851236646581437,1.7770041173115692,0.42040213471957155,1,balanced_restock,0.049183581889832816,0.9369423300477119,0.013874088062455178,-2.666254981956191,0.11996604991065403,0.0,0.0,none
inventory,ppo,13,173,0.0,11.748844230843327,1.7150833113545194,0.4118312467778913,1,balanced_restock,0.04928182286529246,0.9368201167574376,0.013898060377269891,-2.6869201572828505,0.009589443464360551,0.0,0.0,none
inventory,ppo,13,174,0.0,11.739993820557057,1.7149832375608622,0.4155214566576519,1,balanced_restock,0.049299802468721045,0.936796288114772,0.013903909416506894,-2.5675708961055927,0.4896622741054809,0.0,0.0,none
inventory,ppo,13,175,0.0,12.221934951853985,1.7989336491962404,0.3942090885902845,1,balanced_restock,0.04844434753344432,0.9380430312639827,0.013512621202573098,-2.7416866467714156,0.8924156429359396,0.0,0.0,none
inventory,ppo,13,176,0.0,11.339168452449465,1.671802737506375,0.4253011869234671,1,balanced_restock,0.05017852434469094,0.935477113330239,0.014344362325070149,-2.68184914851548,0.8493927195991912,0.0,0.0,none
inventory,ppo,13,177,0.0,12.081007014785303,1.2582457709381838,0.41461591937776426,1,balanced_restock,0.04781634232271952,0.93932851751103,0.012855140166250592,-2.9457553813808754,0.9452813787879515,0.0,0.0,none
inventory,ppo,13,178,0.0,11.30124900143829,1.7905177457563026,0.46174203238944206,1,balanced_restock,0.05057118978509941,0.9348323388351442,0.014596471379756462,-3.1350475994876428,0.43290265456076776,0.0,0.0,none
inventory,ppo,13,179,0.0,10.879681394488019,1.8829454126164906,0.4955442141942219,1,balanced_restock,0.05209440959562672,0.9324381777337701,0.015467412670603198,-3.2978453831119805,0.8783466074055685,0.0,0.0,none
inventory,ppo,13,180,0.0,10.174313782484031,1.3603517179270284,0.5246152469842822,1,balanced_restock,0.052879928757705176,0.9316376078671146,0.015482463375180142,-3.3175933764362644,0.4025984172697215,0.0,0.0,none
inventory,ppo,13,181,0.0,10.560233175837878,1.4749783803203038,0.5281416743636187,1,balanced_restock,0.05188419936878538,0.9330967822402936,0.01501901839092096,-3.290844591877441,0.14430831854630413,0.0,0.0,none
inventory,ppo,13,182,0.0,10.477511391595097,1.3568293997699765,0.5233651056924002,1,balanced_restock,0.05186160649888942,0.9332075667895965,0.014930826711514043,-3.748970506459036,0.911125675295207,0.0,0.0,none
inventory,ppo,13,183,0.0,9.991962187304598,2.1234449389850907,0.6051733047248279,1,balanced_restock,0.056598186031334034,0.9252922056967934,0.018109608271872555,-4.171537626500874,0.7023079828456739,0.0,0.0,none
inventory,ppo,13,184,0.0,9.408774932466923,2.507417797760309,0.6806317190180132,2,high_restock,0.06262720783196753,0.9152304791413517,0.022142313026680724,-4.973336533321083,0.12359392065812756,0.0,0.0,none
inventory,ppo,13,185,0.0,9.461272124477246,2.521224157107213,0.7916672380930505,1,balanced_restock,0.062339482110200094,0.9159833600820895,0.02167715780771029,-4.725432089024239,0.31579041324685325,0.0,0.0,none
inventory,ppo,13,186,0.0,9.680403218530063,2.7482882754676687,0.7795414444686141,1,balanced_restock,0.06282366728514881,0.9148926022304296,0.022283730484421636,-4.800899766839674,0.3291681547282041,0.0,0.0,none
inventory,ppo,13,187,0.0,9.42486206259442,2.541240505294022,0.7930178155070845,1,balanced_restock,0.06276794135752294,0.9152582921909431,0.021973766451533837,-4.9884163012055485,0.8632135100273721,0.0,0.0,none
inventory,ppo,13,188,0.0,10.101385513133717,2.0061402033423916,0.8265029109295622,1,balanced_restock,0.05547293028172522,0.9275433202400742,0.016983749478200562,-4.712626509851854,1.7490156166200057,0.0,0.0,none
inventory,ppo,13,189,0.0,11.847277791622549,2.0982835490229594,0.7772547339021167,1,balanced_restock,0.04987084960627629,0.9360608730199185,0.014068277373805203,-4.8218473817503265,0.1014921225962327,0.0,0.0,none
inventory,ppo,13,190,0.0,11.928722878926887,2.0409515916926746,0.796758461026844,1,balanced_restock,0.049512988279553485,0.936658315859961,0.013828695860485471,-5.026692181380618,0.6977075811958156,0.0,0.0,none
inventory,ppo,13,191,0.0,11.246849769109051,2.1841538136575815,0.8333378895322531,1,balanced_restock,0.051856150833654475,0.9330283651129345,0.015115484053411045,-5.216063747498385,0.3026896051553375,0.0,0.0,none
inventory,ppo,13,192,0.0,10.962090048353218,2.281052487038313,0.8671542406247115,1,balanced_restock,0.053209890978292956,0.9309158240070521,0.015874285014654963,-5.384261594935781,0.06243330460499843,0.0,0.0,none
inventory,ppo,13,193,0.0,11.010386765674417,2.2552993595054707,0.8971895705242466,1,balanced_restock,0.05293054477329384,0.931405119931439,0.015664335295267076,-5.075300157597869,0.19131034677332337,0.0,0.0,none
inventory,ppo,13,194,0.0,11.093315880634963,2.4186348909194533,0.8420178852853337,1,balanced_restock,0.05333639971153878,0.9305874098322591,0.016076190456202254,-5.136154678796116,0.12188799162754188,0.0,0.0,none
inventory,ppo,13,195,0.0,11.21423175738553,2.4077746792225883,0.8528847640707349,1,balanced_restock,0.052850123937995784,0.9313663369320709,0.015783539129933303,-4.785698120059322,1.4841730882189255,0.0,0.0,none
inventory,ppo,13,196,0.0,12.602485153303245,2.9289328287569987,0.7903032357248787,0,low_restock,0.05078354025806951,0.9341607440248831,0.015055715717047289,-3.663426900732599,1.6452186630007302,0.0,0.0,none
inventory,ppo,13,197,0.0,14.231592116914467,3.0852741477329007,0.622040517987964,1,balanced_restock,0.047820167697301144,0.9385163462448846,0.013663486057814301,-3.2864831211979486,1.8702450004782212,0.0,0.0,none
inventory,ppo,13,198,0.0,16.044446184344583,2.6364029580807706,0.5225862716424908,1,balanced_restock,0.04443274400973513,0.9438818395141517,0.01168541647611321,-2.848703687941172,0.33606286855641065,0.0,0.0,none
inventory,ppo,13,199,0.0,16.366491174141743,2.6922058376405995,0.4444113728466379,1,balanced_restock,0.044281656042660586,0.9440451458195199,0.011673198137819392,-2.6609954012316783,1.295663760255223,0.0,0.0,none
inventory,ppo,13,200,0.0,16.987898193911093,1.5557753076595404,0.4108920359342283,1,balanced_restock,0.04294992313558728,0.9465151884139535,0.0105348884504593,-1.7571036443935593,1.934299546718972,1.0,1.0,inventory_demand_spike
inventory,ppo,13,201,0.0,18.371486189164404,2.897843134682712,0.24948279364170703,1,balanced_restock,0.043231128198269894,0.9455003764251954,0.011268495376534755,-0.7348063310776984,1.6853138035690618,1.0,0.0,inventory_demand_spike
inventory,ppo,13,202,0.0,19.77155142413725,3.818046548632545,0.06692970197816044,1,balanced_restock,0.04400029408790043,0.9439315366079942,0.012068169304105408,-2.766566738575424,6.941650621146384,1.0,0.0,inventory_demand_spike
inventory,ppo,13,203,6.875904967358355,20.691388796466544,4.058595606785208,0.0,2,high_restock,0.04607427339060936,0.04934476421124779,0.9045809623981428,-3.580425624564827,1.8901775270028403,1.0,0.0,inventory_demand_spike
inventory,ppo,13,204,8.686930355899506,21.159145291032832,3.786268620540718,0.0,2,high_restock,0.023294627298368807,0.007267686941416579,0.9694376857602146,-5.394581414566935,5.875376809596091,1.0,0.0,inventory_demand_spike
inventory,ppo,13,205,13.870232613048387,22.926535025688874,1.6579444225841913,0.0,2,high_restock,0.01980546403108852,0.003735820726917795,0.9764587152419938,-5.225966520449938,1.6226929990756702,1.0,0.0,inventory_demand_spike
inventory,ppo,13,206,13.38847577271411,21.770454265526723,2.6897003006984037,0.0,2,high_restock,0.019798621752550025,0.0037282928476082017,0.9764730853998417,-5.448082840810671,1.4080963455853557,1.0,0.0,inventory_demand_spike
inventory,ppo,13,207,14.023093830887632,20.54163459387177,2.4251299825508217,0.0,2,high_restock,0.01977173362496596,0.003705725222108233,0.9765225411529259,-7.4226392132759225,5.641648837238084,1.0,0.0,inventory_demand_spike
inventory,ppo,13,208,19.664683466502638,20.557755699828856,2.445331367995665,0.0,2,high_restock,0.019732111667656163,0.003679966913972718,0.976587921418371,-7.752700675707086,0.9619220443614666,1.0,0.0,inventory_demand_spike
inventory,ppo,13,209,20.60771621630596,20.38415717208129,2.521795760956087,0.0,2,high_restock,0.019712061776543614,0.003672196766647744,0.9766157414568086,-7.341484870982923,1.736382151896373,1.0,0.0,inventory_demand_spike
inventory,ppo,13,210,19.432813917094066,19.112516260809137,2.3892930911346464,0.0,2,high_restock,0.019700493605803625,0.0036672751094511007,0.9766322312847453,-8.21440825779814,2.566157667958211,1.0,0.0,inventory_demand_spike
inventory,ppo,13,211,21.92688073656612,19.707680992770403,2.2864591538437122,0.0,2,high_restock,0.01956108337653101,0.0036166499396802143,0.9768222666837887,-7.999150464717793,0.6842832133566582,1.0,0.0,inventory_demand_spike
inventory,ppo,13,212,21.31185847062227,19.457752927946927,2.452372055357124,0.0,2,high_restock,0.01960613128883749,0.003632709698805899,0.9767611590123566,-6.399119622761114,5.007798523271653,1.0,0.0,inventory_demand_spike
inventory,ppo,13,213,16.74034177931747,17.415131662562963,2.368828312296599,0.0,2,high_restock,0.019723002474318373,0.003674807444085524,0.9766021900815962,-4.756591244873032,4.837245940895796,1.0,0.0,inventory_demand_spike
inventory,ppo,13,214,12.047403556780093,16.287937468094828,2.6924212357636175,0.0,2,high_restock,0.0197916029963146,0.0037156797767783174,0.9764927172269071,-3.6667727772366745,3.1380052707984536,1.0,0.0,inventory_demand_spike
inventory,ppo,13,215,8.9336365063905,15.900164517859286,2.726538306748508,0.0,2,high_restock,0.020206909007605824,0.00405268920025664,0.9757404017921375,-2.7165920027185635,3.1620005243732736,1.0,0.0,inventory_demand_spike
inventory,ppo,13,216,6.21883429348161,14.858390711383098,1.4844418543495932,0.0,2,high_restock,0.025446841926901154,0.008772914478160341,0.9657802435949386,-3.42454000770321,2.3008939717877617,1.0,0.0,inventory_demand_spike
inventory,ppo,13,217,8.241542879152028,15.38593688170595,2.4459292879867305,0.0,2,high_restock,0.02049387881531054,0.004283729949587623,0.9752223912351019,-2.1927565910478366,3.5282875318178712,1.0,0.0,inventory_demand_spike
inventory,ppo,13,218,4.7221616887081055,15.596363981878127,2.3099536319151786,0.0,2,high_restock,0.06889899017199208,0.13506045624878368,0.7960405535792242,-2.669996249512036,1.8251650125038772,1.0,0.0,inventory_demand_spike
inventory,ppo,13,219,6.08570357003439,16.80766000265086,2.3788216999699787,0.0,2,high_restock,0.03406864929365076,0.021057316117288147,0.944874034589061,-3.2065743044729316,1.7929496388042174,1.0,0.0,inventory_demand_spike
inventory,ppo,13,220,7.618783727065519,17.737029444135004,2.354202994865311,0.0,2,high_restock,0.022852103328967595,0.006451459542888921,0.9706964371281435,-2.5952968296687655,1.7660470294400805,1.0,0.0,inventory_demand_spike
inventory,ppo,13,221,5.8722766561964725,17.930688472542975,2.177762233376828,0.0,2,high_restock,0.0506318895031577,0.06174732089753114,0.8876207895993111,-3.7017015426587068,3.1793309889741916,1.0,0.0,inventory_demand_spike
inventory,ppo,13,222,9.033432979024877,18.15837801997457,2.4295433090835052,0.0,2,high_restock,0.02056487610439948,0.004364018962019218,0.9750711049335813,-4.284141275173374,2.1269225668219183,1.0,0.0,inventory_demand_spike
inventory,ppo,13,223,10.697546500495356,19.19507696235745,1.6050549248247128,0.0,2,high_restock,0.020027831521155202,0.003911471530675191,0.9760606969481695,-4.231450836482094,0.3476145348910684,1.0,0.0,inventory_demand_spike
inventory,ppo,13,224,10.54700238994884,18.89225976398289,1.6855165928155842,0.0,2,high_restock,0.02003472180105004,0.0039160444727244885,0.9760492337262254,-3.7129598713607748,1.61077939484621,1.0,0.0,inventory_demand_spike
inventory,ppo,13,225,9.065599632459357,18.289363181078766,1.876754244145569,0.0,2,high_restock,0.0206275792033218,0.004400545714941799,0.9749718750817363,-3.9212770562279387,0.8138617437083164,1.0,0.0,inventory_demand_spike
inventory,ppo,13,226,9.660791589222683,18.757702986605246,1.5788024040176658,0.0,2,high_restock,0.02036635494452394,0.004183887683791751,0.9754497573716843,-5.537950954281947,4.652977161031412,1.0,0.0,inventory_demand_spike
inventory,ppo,13,227,14.279859869376992,19.049285378070422,2.0577433120007975,0.0,2,high_restock,0.01976313180112106,0.0036978331195474997,0.9765390350793314,-6.306187754985136,2.1979344941718644,1.0,0.0,inventory_demand_spike
inventory,ppo,13,228,16.47482215710039,19.15545513132101,2.099987597262843,0.0,2,high_restock,0.019746328490184557,0.003686152646098189,0.9765675188637173,-6.285310999380682,0.06332293341837565,1.0,0.0,inventory_demand_spike
inventory,ppo,13,229,16.415174283944808,19.173634378799193,2.0889676115164626,0.0,2,high_restock,0.019746791513400964,0.0036864232085360923,0.976566785278063,-6.93514904701965,2.029676298191988,1.0,0.0,inventory_demand_spike
inventory,ppo,13,230,18.271854420056144,19.841250957519357,1.612928903605117,0.0,2,high_restock,0.01973643777231055,0.003682051672931393,0.976581510554758,-8.015420016278267,3.127445937828033,1.0,0.0,inventory_demand_spike
inventory,ppo,13,231,21.358342903652193,20.339510262885902,1.533906126624882,0.0,2,high_restock,0.01965758828135245,0.003653283770968866,0.9766891279476787,-8.428304977459184,1.447679796912275,1.0,0.0,inventory_demand_spike
inventory,ppo,13,232,22.538014221311954,19.65163087038699,1.0533082510010088,0.0,2,high_restock,0.019352800340836765,0.003540108738869964,0.9771070909202932,-10.022202313076043,4.609149026710288,1.0,0.0,inventory_demand_spike
inventory,ppo,13,233,27.092006608788694,20.12343689033766,1.5851044194402004,0.0,2,high_restock,0.018855093446513066,0.003322615881950732,0.9778222906715361,-10.19445587841215,0.5242776793452484,1.0,0.0,inventory_demand_spike
inventory,ppo,13,234,27.584159652606147,20.23379707373227,1.442020190952348,0.0,2,high_restock,0.018842199348077016,0.003316105244620572,0.9778416954073025,-12.630893915541918,7.092866930247014,1.0,0.0,inventory_demand_spike
inventory,ppo,13,235,34.54541118726263,21.254711353441298,2.340614868724621,0.0,2,high_restock,0.018836584277976166,0.003290621847208752,0.9778727938748152,-13.300706509266817,1.9290991910509092,1.0,0.0,inventory_demand_spike
inventory,ppo,13,236,36.45916145504805,21.02016371027917,2.4036307758561324,0.0,2,high_restock,0.018861000875172614,0.0032875904065342125,0.9778514087182931,-13.761653079896277,1.3174358634527052,1.0,0.0,inventory_demand_spike
inventory,ppo,13,237,37.77615165684651,21.04762748710691,2.3831416655635937,0.0,2,high_restock,0.0188761733626498,0.0032868264227111058,0.9778370002146392,-15.557816988736516,5.13386650476408,1.0,0.0,inventory_demand_spike
inventory,ppo,13,238,42.90804853924719,21.1632083860917,2.465971207000093,0.0,2,high_restock,0.018942943162227343,0.0032880978399490073,0.9777689589978237,-16.511620128171703,2.7831318576452055,1.0,0.0,inventory_demand_spike
inventory,ppo,13,239,45.63320036620487,21.609808142719743,2.1196778134034844,0.0,2,high_restock,0.01894447540815138,0.003287206031207773,0.9777683185606408,-19.002821204175483,7.117960477830348,1.0,0.0,inventory_demand_spike
inventory,ppo,13,240,52.750917726215675,21.64110130779061,2.169494324476247,0.0,2,high_restock,0.01885492009755555,0.0032869007466137523,0.9778581791558307,-20.301604369964586,3.7322349832788535,1.0,0.0,inventory_demand_spike
inventory,ppo,13,241,56.46172677132739,22.00051306325587,1.9954328664766225,0.0,2,high_restock,0.018810463450729665,0.0033028258164185553,0.9778867107328517,-21.541843707996676,3.5997884649620766,1.0,0.0,inventory_demand_spike
inventory,ppo,13,242,60.005267737133366,22.445823216057367,1.5443305677230064,0.0,2,high_restock,0.018848336702763636,0.0033447131975713274,0.9778069500996649,-23.513681595751464,5.6350011686883565,1.0,0.0,inventory_demand_spike
inventory,ppo,13,243,65.63909027357562,22.546208346865683,1.6009399707151108,0.0,2,high_restock,0.019133851973356077,0.0035946492997242286,0.9772714987269197,-23.589582033646725,0.9056440975802492,1.0,0.0,inventory_demand_spike
inventory,ppo,13,244,65.85594866756207,22.04454966027144,2.3230910841284307,0.0,2,high_restock,0.01918781556270736,0.003696869122487511,0.9771153153148052,-24.983371661466034,4.069768399513592,1.0,0.0,inventory_demand_spike
inventory,ppo,13,245,69.83820474704582,21.41745740416603,1.7650528726887593,0.0,2,high_restock,0.01965948107743097,0.003982266714291946,0.976358252208277,-25.933420694956933,2.7217565635182224,1.0,0.0,inventory_demand_spike
inventory,ppo,13,246,72.55263055701981,21.218180757138487,1.7768905731005602,0.0,2,high_restock,0.019760011284569976,0.004044965493987368,0.9761950232214427,-26.091500032647474,0.8199029011322961,1.0,0.0,inventory_demand_spike
inventory,ppo,13,247,73.00428580756422,20.599803614086174,2.069905949644667,0.0,2,high_restock,0.019793704342112906,0.004067437982577816,0.9761388576753093,-27.566401010825963,4.239882787614801,1.0,0.0,inventory_demand_spike
inventory,ppo,13,248,77.2182886023599,20.31583966575686,1.6982192883079992,0.0,2,high_restock,0.019821813957953006,0.00408419114889612,0.9760939948931509,-26.256489990899265,4.025808630750126,1.0,0.0,inventory_demand_spike
inventory,ppo,13,249,73.47568568828362,19.52394740414431,2.9523983843577044,0.0,2,high_restock,0.01981619456997588,0.004084745021257948,0.9760990604087662,-27.152669249065035,2.58310108692891,1.0,0.0,inventory_demand_spike
inventory,ppo,13,250,76.03619785447154,19.239598621485147,2.7644238065626823,0.0,2,high_restock,0.019828772654701805,0.004093940436399261,0.9760772869088988,-25.907265225549203,3.797985324898738,1.0,0.0,inventory_demand_spike
inventory,ppo,13,251,72.4779006444263,17.9850540174813,3.19954600743879,0.0,2,high_restock,0.019836401150629908,0.0041020628738541644,0.9760615359755158,-26.50418592312081,1.7254555988093354,1.0,0.0,inventory_demand_spike
inventory,ppo,13,252,74.18338835177376,18.23582050884191,3.274545143166343,0.0,2,high_restock,0.01984151183041783,0.004105332666884836,0.9760531555026972,-25.09732071084027,4.359124887650588,1.0,0.0,inventory_demand_spike
inventory,ppo,13,253,70.16377345954363,16.589096971436746,2.909898059464323,0.0,2,high_restock,0.019868328619594845,0.0041222682112428966,0.9760094031691622,-23.353665949409145,4.993406722518984,1.0,0.0,inventory_demand_spike
inventory,ppo,13,254,65.18190271259756,16.341243404862787,3.141508004754553,0.0,2,high_restock,0.019828588266711068,0.004099594323591018,0.976071817409698,-22.83378664972553,1.8553794027572807,1.0,0.0,inventory_demand_spike
inventory,ppo,13,255,63.696533284930084,15.53206708609171,2.3790487752433367,0.0,2,high_restock,0.01983971107016579,0.004105662844198167,0.9760546260856361,-23.50528734295122,2.256999427888204,1.0,0.0,inventory_demand_spike
inventory,ppo,13,256,65.61510669414635,16.62744120994401,2.8408691079819075,0.0,2,high_restock,0.019822991094318163,0.004094632403085913,0.9760823765025958,-22.33503392406822,3.516158804385786,1.0,0.0,inventory_demand_spike
inventory,ppo,13,257,62.27152549733778,15.617627429112805,2.4357596831949424,0.0,2,high_restock,0.019823871679865417,0.004095888833519509,0.976080239486615,-21.8642245230256,1.4532603916352331,1.0,0.0,inventory_demand_spike
inventory,ppo,13,258,60.92635578007315,16.152516464105908,2.307783443626234,0.0,2,high_restock,0.019795083889654258,0.0040769228468516125,0.9761279932634942,-21.818386869533683,1.1344077711279301,1.0,0.0,inventory_demand_spike
inventory,ppo,13,259,60.795391055810526,17.122697668642594,1.7346537353070814,0.0,2,high_restock,0.019751869149235674,0.00404661964988896,0.9762015112008754,-20.86109057416253,2.750782966682122,1.0,0.0,inventory_demand_spike
inventory,ppo,13,260,58.06025878332153,16.87274509967829,1.8875657853417878,0.0,2,high_restock,0.019689364362945445,0.0040136757928068405,0.9762969598442477,-20.836509168372746,0.6873289402870935,1.0,0.0,inventory_demand_spike
inventory,ppo,13,261,57.99002619535071,16.474983900240876,1.3314412633458514,0.0,2,high_restock,0.019725269252454287,0.004027783866768623,0.9762469468807771,-19.501356035657377,3.818280440447117,1.0,0.0,inventory_demand_spike
inventory,ppo,13,262,54.17530295902108,16.380755492336665,1.4666195132667879,0.0,2,high_restock,0.019564187364753318,0.003932555055762516,0.9765032575794842,-19.55870313284695,0.38348851829746666,1.0,0.0,inventory_demand_spike
inventory,ppo,13,263,54.33915180813415,16.6825592056122,1.6372990872157764,0.0,2,high_restock,0.01951205301147104,0.0039047921233360747,0.9765831548651928,-20.655225551864426,3.298375389297872,1.0,0.0,inventory_demand_spike
inventory,ppo,13,264,57.47207300532693,17.335336389903283,2.4360274068433054,0.0,2,high_restock,0.019577200020238297,0.00395927998835677,0.976463519991405,-20.750604752483696,0.6975078495256033,1.0,0.0,inventory_demand_spike
inventory,ppo,13,265,57.744585007096276,17.936865244754948,2.211489112064126,0.0,2,high_restock,0.019485868050379693,0.0039011713885100424,0.9766129605611104,-20.685339180707057,0.18791751964414077,1.0,0.0,inventory_demand_spike
inventory,ppo,13,266,57.55811194487731,17.913617149905324,2.212052443006629,0.0,2,high_restock,0.01947539608679824,0.0038951533936780513,0.9766294505195237,-20.313718377833478,1.4376880150736562,1.0,0.0,inventory_demand_spike
inventory,ppo,13,267,56.49633822238137,18.46420705267206,1.414284212331293,0.0,2,high_restock,0.019297342184925403,0.003740718275120382,0.9769619395399541,-21.920029374758982,4.730850870755198,1.0,0.0,inventory_demand_spike
inventory,ppo,13,268,61.0857982135971,19.349329281092594,2.1452873526194622,0.0,2,high_restock,0.01944737747250725,0.0038710252065723484,0.9766815973209204,-22.90494814070352,2.8152168025990094,1.0,0.0,inventory_demand_spike
inventory,ppo,13,269,63.8998518305815,19.285555765050912,2.0954794714708718,0.0,2,high_restock,0.019652885633466444,0.00399057508909434,0.9763565392774393,-25.378893074498453,7.255072094473108,1.0,0.0,inventory_demand_spike
inventory,ppo,13,270,70.96826592713845,20.644736184008437,3.004446932010501,0.0,2,high_restock,0.019752995569828728,0.004051500747744314,0.976195503682427,-27.470865952599162,6.104801746465691,1.0,0.0,inventory_demand_spike
inventory,ppo,13,271,76.94533129314047,21.87744386965263,2.8504153250481856,0.0,2,high_restock,0.019796655400730764,0.004071169639306631,0.9761321749599625,-27.849536962583958,1.3580025173360522,1.0,0.0,inventory_demand_spike
inventory,ppo,13,272,78.0272484645256,22.306182048428848,2.15055130581823,0.0,2,high_restock,0.01979691344521784,0.004067962610729165,0.976135123944053,-30.55893886902513,7.7777368813657715,1.0,0.0,inventory_demand_spike
inventory,ppo,13,273,85.76839676864324,22.936519711009232,2.563453667819924,0.0,2,high_restock,0.01982558127783399,0.0040854061673486495,0.9760890125548174,-33.34168083369664,8.01683484483851,1.0,0.0,inventory_demand_spike
inventory,ppo,13,274,93.71908809627612,23.96384725313893,2.5361321872244953,0.0,2,high_restock,0.019830273726474838,0.004089529511046116,0.9760801967624789,-35.797484714265586,7.01659157450513,1.0,0.0,inventory_demand_spike
inventory,ppo,13,275,100.7356706121874,23.953480937009797,2.5316981919152997,0.0,2,high_restock,0.019842603047534834,0.004103853658825483,0.9760535432936396,-38.25914996177258,7.036598186370062,1.0,0.0,inventory_demand_spike
inventory,ppo,13,276,107.7689998907788,24.164733719527668,2.568651638492612,0.0,2,high_restock,0.01990667271815319,0.004142136409846081,0.9759511908720007,-40.23882235856356,5.995428400289461,1.0,0.0,inventory_demand_spike
inventory,ppo,13,277,113.42520673875305,25.07959165484549,0.8035678574463175,0.0,2,high_restock,0.019888875449892277,0.004132716871599279,0.9759784076785085,-42.24064326169921,5.734200601011495,1.0,0.0,inventory_demand_spike
inventory,ppo,13,278,119.14469503342633,24.67525965295662,0.874460818905285,0.0,2,high_restock,0.020038964548873845,0.0042047066163885035,0.9757563288347376,-43.98004574286809,5.005697697625059,1.0,0.0,inventory_demand_spike
inventory,ppo,13,279,124.11441640819456,24.07906566238369,0.8158807644042627,0.0,2,high_restock,0.02014440224338672,0.00425069650827789,0.9756049012483353,-45.372439217436465,4.028693489095657,1.0,0.0,inventory_demand_spike
inventory,ppo,13,280,128.09268347838992,23.471402573240503,1.0016438322459194,0.0,2,high_restock,0.02017698958428895,0.004264723983932043,0.975558286431779,-45.68112424103787,1.7080595474751497,1.0,0.0,inventory_demand_spike
inventory,ppo,13,281,128.97464068867964,22.241128159580175,1.792873106244114,0.0,2,high_restock,0.020185654994222608,0.0042686322182852185,0.9755457127874921,-45.480813794493116,1.510932594563094,1.0,0.0,inventory_demand_spike
inventory,ppo,13,282,128.4023251271232,20.995423677674033,2.4281624474678107,0.0,2,high_restock,0.020185880292150717,0.004269148044385912,0.9755449716634634,-46.76893150026403,3.7189056950693113,1.0,0.0,inventory_demand_spike
inventory,ppo,13,283,132.0826614293258,20.5875932791799,2.0831137008063765,0.0,2,high_restock,0.020177242799313246,0.004267695199596345,0.9755550620010905,-47.5193009288521,2.248313501675706,1.0,0.0,inventory_demand_spike
inventory,ppo,13,284,134.22657408243458,20.022431534848003,1.7100931378328137,0.0,2,high_restock,0.020149302335115915,0.004262628940099675,0.9755880687247845,-46.58407265690229,3.023213517338117,1.0,0.0,inventory_demand_spike
inventory,ppo,13,285,131.55449330543513,18.69236196540904,2.190425557161736,0.0,2,high_restock,0.020123101991544583,0.0042578804870594626,0.9756190175213959,-47.12015862075932,1.537404817117704,1.0,0.0,inventory_demand_spike
inventory,ppo,13,286,133.08616748788378,18.82230535984083,2.216929986235236,0.0,2,high_restock,0.020120500355633737,0.004257411713030124,0.9756220879313362,-47.410975211708816,0.8836602603087624,1.0,0.0,inventory_demand_spike
inventory,ppo,13,287,133.91707203345376,19.102949381266114,2.1088003185286306,0.0,2,high_restock,0.020124923965803464,0.004258212193715546,0.975616863840481,-47.28434957584408,0.9749870287658845,1.0,0.0,inventory_demand_spike
inventory,ppo,13,288,133.55528450241167,18.29452461461717,1.7011744050825004,0.0,2,high_restock,0.02001275550209101,0.004238089869041352,0.9757491546288677,-47.77276398535322,1.4106749788521658,1.0,0.0,inventory_demand_spike
inventory,ppo,13,289,134.95075424386636,18.14483603228636,1.5588317728048464,0.0,2,high_restock,0.019936354280068506,0.004224672382782614,0.9758389733371488,-48.444504021756735,2.261123796314819,1.0,0.0,inventory_demand_spike
inventory,ppo,13,290,136.87001149073353,19.06310363705968,0.7933795870787622,0.0,2,high_restock,0.01992629096807894,0.004222916924709503,0.9758507921072115,-47.65440856453547,2.480680147035232,1.0,0.0,inventory_demand_spike
inventory,ppo,13,291,134.6125958986728,18.305285682157805,1.4887649362515414,0.0,2,high_restock,0.019961082281881513,0.004228986751219518,0.975809930966899,-48.03045868490758,1.0757227834988041,1.0,0.0,inventory_demand_spike
inventory,ppo,13,292,135.68702481402167,18.35399055611358,1.5090096405864308,0.0,2,high_restock,0.01994869836530988,0.004226822081417491,0.9758244795532727,-47.503811658687795,1.5312453604585596,1.0,0.0,inventory_demand_spike
inventory,ppo,13,293,134.18231902482228,18.125406904482123,1.6773021124398362,0.0,2,high_restock,0.01997032332501841,0.004230606660371682,0.9757990700146099,-47.19020601368451,1.0113298344403605,1.0,0.0,inventory_demand_spike
inventory,ppo,13,294,133.28630289624147,17.667109730475023,1.577769044320102,0.0,2,high_restock,0.019887887107334298,0.00421629173696578,0.9758958211557,-46.47260093512885,2.2312476827299927,1.0,0.0,inventory_demand_spike
inventory,ppo,13,295,131.23600267179674,16.87319823621264,1.197716744487644,0.0,2,high_restock,0.0196808367144873,0.004181865499134023,0.9761372977863786,-47.27481438821494,2.505334824219188,1.0,0.0,inventory_demand_spike
inventory,ppo,13,296,133.52804110918555,17.783089042102546,1.639713468835988,0.0,2,high_restock,0.01991680729493251,0.004221279945756513,0.9758619127593109,-46.801237648357144,1.4408624519742264,1.0,0.0,inventory_demand_spike
inventory,ppo,13,297,132.17496470959185,17.297587979114027,1.5419505913786504,0.0,2,high_restock,0.019831261747095232,0.004206644246972452,0.9759620940059323,-47.865423400678765,3.214773013272865,1.0,0.0,inventory_demand_spike
inventory,ppo,13,298,135.21549543051077,18.20663528113769,2.0553427073088137,0.0,2,high_restock,0.02001765954144436,0.004238962139924551,0.9757433783186311,-47.34569122659892,1.49151570617397,1.0,0.0,inventory_demand_spike
inventory,ppo,13,299,133.73054636171122,18.088848693093944,2.130653294293609,0.0,2,high_restock,0.020036946922097936,0.004242393000472404,0.9757206600774297,-47.91340657941379,1.7973761930078431,1.0,0.0,inventory_demand_spike
inventory,ppo,13,300,135.35259022689655,18.823317511019958,1.8855197916866506,0.0,2,high_restock,0.020070786096063983,0.004248442360855818,0.9756807715430802,-49.31834075912209,135.53987458441728,1.0,1.0,inventory_demand_spike|inventory_sensor_noise
inventory,ppo,13,301,0.9931184811024377,1.0,0.9373613450341977,-0.14248863859998154,2,high_restock,0.0623852956543637,0.01848249620555926,0.9191322081400769,-47.62894042059383,0.19838574543249898,1.0,0.0,inventory_sensor_noise
inventory,ppo,13,302,1.0,1.0,1.0,0.04562289106406099,2,high_restock,0.06303558023371114,0.018100494804015953,0.9188639249622729,-45.250978373059084,0.08909496202049484,1.0,0.0,inventory_sensor_noise
inventory,ppo,13,303,0.9957652085994696,0.9579553152540459,0.9455667196960266,-0.010850476811334948,2,high_restock,0.06276175662907137,0.017898321673666975,0.9193399216972615,-42.2126018837559,0.10912992813723883,1.0,0.0,inventory_sensor_noise
inventory,ppo,13,304,0.9764526327100258,1.0,1.0,-0.09334670768108908,2,high_restock,0.06363745631991607,0.018908964246912387,0.9174535794331715,-40.46208560629716,0.2236494495884383,1.0,0.0,inventory_sensor_noise
inventory,ppo,13,305,1.0,1.0,1.0,0.12905967216203157,2,high_restock,0.06381595857216461,0.01812539744167631,0.918058643986159,-38.68683278411469,0.28081012442469244,1.0,0.0,inventory_sensor_noise
inventory,ppo,13,306,1.0,0.865195476621827,1.0,-0.11727763004004026,2,high_restock,0.061004656287435184,0.01689050368832625,0.9221048400242385,-38.169917892519365,0.2875775653510642,1.0,0.0,inventory_sensor_noise
inventory,ppo,13,307,1.0,0.9554971747075521,0.9934347894490773,0.1556754014992746,2,high_restock,0.06378520496853879,0.017708814871452757,0.9185059801600085,-37.68937749240981,0.24627274261671075,1.0,0.0,inventory_sensor_noise
inventory,ppo,13,308,0.8662856171257567,1.0,0.9220225586242446,-0.03324394477878031,2,high_restock,0.07336237697111707,0.023472065490267938,0.903165557538615,-37.870610138010676,0.12196918627613286,1.0,0.0,inventory_sensor_noise
inventory,ppo,13,309,0.9442397875058951,1.0,0.9844103790064583,0.03680881811579073,2,high_restock,0.06715416688564164,0.020056954330353087,0.9127888787840054,-36.615405469039835,0.1498328485948318,1.0,0.0,inventory_sensor_noise
inventory,ppo,13,310,1.0,0.8703444484767875,1.0,-0.011014637396576595,2,high_restock,0.06171904725727755,0.01688270417410469,0.9213982485686179,-35.29976805199447,0.18217123089633624,1.0,0.0,inventory_sensor_noise
inventory,ppo,13,311,0.8747357511887276,0.9555887237820131,1.0,0.09012209610673959,2,high_restock,0.07311896883893647,0.022316754311109778,0.9045642768499538,-34.42948085102975,0.09024554850743317,1.0,0.0,inventory_sensor_noise
inventory,ppo,13,312,0.9532437429096591,1.0,1.0,0.09301913011470361,2,high_restock,0.06694962014086575,0.01971483405192013,0.9133355458072141,-34.06464605994842,0.16220705188440018,1.0,0.0,inventory_sensor_noise
inventory,ppo,13,313,0.9981536473310056,1.0,0.9367036952419642,-0.04941613928817939,2,high_restock,0.06264356548611676,0.018267950247467253,0.919088484266416,-31.78164319990405,0.12504374313578692,1.0,0.0,inventory_sensor_noise
inventory,ppo,13,314,1.0,1.0,1.0,0.058408285046978606,2,high_restock,0.0631468771832628,0.018101954671877106,0.9187511681448601,-29.807958245516176,0.00681678582915686,1.0,0.0,inventory_sensor_noise
inventory,ppo,13,315,1.0,1.0,1.0,0.051591499217821746,2,high_restock,0.06308717769273624,0.018101074480018572,0.9188117478272452,-27.543281699100323,0.2379147987388699,1.0,0.0,inventory_sensor_noise
inventory,ppo,13,316,1.0,0.9771807358900467,0.9638650425822654,-0.18245336292799777,2,high_restock,0.06146486308555338,0.018028575301458006,0.9205065616129886,-25.660515479825598,0.05796792410161277,1.0,0.0,inventory_sensor_noise
inventory,ppo,13,317,1.0,1.0,1.0,-0.14328926888065588,2,high_restock,0.06171816222423169,0.01817223177098572,0.9201096060047826,-23.57014371952342,0.7005591416803986,1.0,0.0,inventory_sensor_noise
inventory,ppo,13,318,0.9696970940791982,0.9638095229122199,0.338779972392992,0.08330104279280975,2,high_restock,0.07024705539865517,0.020997489785899673,0.9087554548154451,-23.19699761700412,0.667829845109152,1.0,0.0,inventory_sensor_noise
inventory,ppo,13,319,1.0,0.9054250596796495,1.0,0.15006754229444105,2,high_restock,0.06335273586875315,0.017222183550378675,0.9194250805808682,-20.52868268220245,0.1308526843497533,1.0,0.0,inventory_sensor_noise
inventory,ppo,13,320,0.9103171474033551,1.0,1.0,0.16168613149738564,2,high_restock,0.07130415853266307,0.021445018514817532,0.9072508229525195,-19.71979221159867,0.09532195611791389,1.0,0.0,inventory_sensor_noise
inventory,ppo,13,321,0.8980176031790438,0.9224226853109434,1.0,0.10767912476997302,2,high_restock,0.0709561402318503,0.0209194457734655,0.9081244139946841,-16.94724023642401,0.08651227574293746,1.0,0.0,inventory_sensor_noise
inventory,ppo,13,322,0.9065126816486182,0.9479339086292785,0.9181546452480392,0.09975934659469879,2,high_restock,0.07079210437704402,0.021066124585625557,0.9081417710373305,-13.748475176630308,0.1126785718948421,1.0,0.0,inventory_sensor_noise
inventory,ppo,13,323,0.9636622649985787,1.0,1.0,0.10432505815900073,2,high_restock,0.06626051319839703,0.01934418115767797,0.914395305643925,-12.5425016727138,0.06672366253855026,1.0,0.0,inventory_sensor_noise
inventory,ppo,13,324,1.0,1.0,1.0,0.048364213298287495,2,high_restock,0.06305920343801115,0.018100736741983172,0.9188400598200057,-8.705277312176346,0.10388536438646528,1.0,0.0,inventory_sensor_noise
inventory,ppo,13,325,0.9060090007440951,0.9653899625645446,1.0,0.020796001508228943,2,high_restock,0.06971534262175931,0.021092619708484982,0.9091920376697558,-4.798268347539647,0.08362045007856166,1.0,0.0,inventory_sensor_noise
inventory,ppo,13,326,0.9805270504889001,1.0,1.0,0.0052529888566108995,2,high_restock,0.06407971870774702,0.01873983032774953,0.9171804509645034,-0.8189874851802921,0.1343455701177611,1.0,0.0,inventory_sensor_noise
inventory,ppo,13,327,0.8938925102213608,1.0,0.98718761502827,0.10713052040422237,2,high_restock,0.07212630206923452,0.022122030055527972,0.9057516678752375,-1.44652013193452,0.8379899458941181,1.0,0.0,inventory_sensor_noise
inventory,ppo,13,328,0.07967492636270296,1.0,0.89844482767809,0.2843354674240993,0,low_restock,0.24257146940684166,0.1791827659617737,0.5782457646313846,-0.9075369462938532,0.32963203518212186,1.0,0.0,inventory_sensor_noise
inventory,ppo,13,329,0.07218385575829322,1.0,0.6010837814658587,0.14228769139407962,2,high_restock,0.2461914604505219,0.1976222470056926,0.5561862925437856,-2.1691077693749703,0.26518754175353904,1.0,0.0,inventory_sensor_noise
inventory,ppo,13,330,-0.09021474250599011,0.9905066617970406,0.7808913128413218,0.24966671994950562,2,high_restock,0.2828447334653468,0.2746907694304152,0.44246449710423796,-3.1072220046809176,0.3066191430290235,1.0,0.0,inventory_sensor_noise
inventory,ppo,13,331,0.09250937124850507,1.0,0.9621737735046363,0.41602098983791325,2,high_restock,0.24467870514781925,0.1725687592712444,0.5827525355809363,-4.1329241689083105,0.2385695674010054,1.0,0.0,inventory_sensor_noise
inventory,ppo,13,332,-0.006341628875730447,1.0,1.0,0.6298271984789691,1,balanced_restock,0.2808910934541131,0.22088181989059152,0.4982270866552952,-4.051052053948399,0.1516041185170185,1.0,0.0,inventory_sensor_noise
inventory,ppo,13,333,-0.06381639647188907,0.9606103719548235,1.0,0.764470865405982,0,low_restock,0.3008030940535184,0.24587061380193279,0.45332629214454884,-3.887533676342752,0.10339177388497951,1.0,0.0,inventory_sensor_noise
inventory,ppo,13,334,0.02126381780973871,1.0,1.0,0.7208856242418256,2,high_restock,0.2795313093147116,0.20840337918010157,0.5120653115051869,-5.084704428611993,0.16469155114478862,1.0,0.0,inventory_sensor_noise
inventory,ppo,13,335,0.11525573757394543,1.0,0.9941311482864452,0.8559944049227264,2,high_restock,0.2630298185190149,0.168321965758312,0.5686482157226731,-5.680227134162448,0.1998963970626676,1.0,0.0,inventory_sensor_noise
inventory,ppo,13,336,0.007763729357107359,0.9485827653353203,0.8989937065418088,0.9852583708446725,0,low_restock,0.30058903788063146,0.21654644159878958,0.48286452052057904,-4.719958905025496,0.14086420650410383,1.0,0.0,inventory_sensor_noise
inventory,ppo,13,337,-0.032898763858013755,1.0,0.9601500985507522,0.8766054830991241,1,balanced_restock,0.3012535311731378,0.23977873471086675,0.4589677341159954,-4.887380966248427,0.10370292322565307,1.0,0.0,inventory_sensor_noise
inventory,ppo,13,338,0.025513611246499947,0.9705289873299219,1.0,0.8067074467398628,1,balanced_restock,0.2832139652951109,0.2031029884335799,0.5136830462713092,-4.805020286555215,0.07358986742219831,1.0,0.0,inventory_sensor_noise
inventory,ppo,13,339,-0.026096361917210476,1.0,1.0,0.8501048967739133,2,high_restock,0.2972383763423121,0.23329592821448542,0.4694656954432025,-5.348342095651528,0.11366798773219532,1.0,0.0,inventory_sensor_noise
inventory,ppo,13,340,-0.05549968043502688,1.0,1.0,0.7403057333197852,2,high_restock,0.2973867707846196,0.24770309054222495,0.45491013867315555,-5.609912592618041,0.30088975744129554,1.0,0.0,inventory_sensor_noise
inventory,ppo,13,341,0.09532040958571651,1.0,0.9813765085807734,1.0,2,high_restock,0.2769800240396691,0.17923361547891192,0.543786360481419,-5.796560999075507,0.17204018252536435,1.0,0.0,inventory_sensor_noise
inventory,ppo,13,342,-0.07459785109513616,1.0,0.9602205496782634,0.9833256336411309,2,high_restock,0.3141866490361903,0.2619820386615563,0.42383131230225324,-6.392661996797776,0.14173971397546412,1.0,0.0,inventory_sensor_noise
inventory,ppo,13,343,0.06038873966146866,1.0,1.0,0.9664033948455175,2,high_restock,0.2834386931701528,0.19297859378867047,0.5235827130411768,-6.766361544791164,0.16246227823742815,1.0,0.0,inventory_sensor_noise
inventory,ppo,13,344,-0.0764459257280147,1.0,0.9191202477752469,1.0,0,low_restock,0.31636492787021125,0.26610488832976065,0.41753018380002815,-5.053028053387192,0.26208752749543807,1.0,0.0,inventory_sensor_noise
inventory,ppo,13,345,0.02875325797683895,1.0,0.9063038949010084,0.7602944620675036,1,balanced_restock,0.2831554947661129,0.2112533354458682,0.505591169788019,-5.025577385584231,0.2634628508239243,1.0,0.0,inventory_sensor_noise
inventory,ppo,13,346,-0.17859772654546077,0.9775565803298479,0.9027972233298966,0.9212361880117229,0,low_restock,0.326731620906074,0.32036947586873676,0.35289890322518913,-4.136335950466201,0.24353217525455206,1.0,0.0,inventory_sensor_noise
inventory,ppo,13,347,-0.1111837018762397,0.8947968330451205,1.0,0.7251094073337605,1,balanced_restock,0.30870187146059297,0.2600448436702132,0.4312532848691939,-3.9057059919140213,0.25096060903713063,1.0,0.0,inventory_sensor_noise
inventory,ppo,13,348,0.06435190817118296,1.0,1.0,0.5798483645307073,2,high_restock,0.26053495863798254,0.18601571949473958,0.5534493218672779,-4.535906155165194,0.24482410195126836,1.0,0.0,inventory_sensor_noise
inventory,ppo,13,349,-0.06259134317207166,1.0,0.9898984764959916,0.7889469323343781,0,low_restock,0.30158709057920624,0.25261384451948315,0.44579906490131066,-3.3242721694636157,0.245415155796797,1.0,0.0,inventory_sensor_noise
inventory,ppo,13,350,0.018825377537542157,1.0,0.9944993097211026,0.5574760948249985,2,high_restock,0.2709828791684679,0.2075804157812771,0.521436705050255,-3.9767935409814696,0.18978194334330933,1.0,0.0,inventory_sensor_noise
inventory,ppo,13,351,-0.03389174585791692,0.8431210964807107,1.0,0.6501952565830308,2,high_restock,0.2886654819193704,0.2110989150767369,0.5002356030038928,-4.284121630525153,0.17757260058769084,1.0,0.0,inventory_sensor_noise
inventory,ppo,13,352,-0.09923839640251901,1.0,1.0,0.5987088178572582,2,high_restock,0.2978300133894948,0.2701766556132873,0.4319933309972178,-4.722558952826985,0.24540429599917968,1.0,0.0,inventory_sensor_noise
inventory,ppo,13,353,-0.03406603078248165,1.0,1.0,0.8353009378746864,0,low_restock,0.29811140986115203,0.23726102520406323,0.46462756493478474,-3.840955049891157,0.1253820583344356,1.0,0.0,inventory_sensor_noise
inventory,ppo,13,354,0.09028479159641871,0.9978103958530153,0.9843831674261994,0.8323254211275695,2,high_restock,0.26878223202453655,0.1787865687891214,0.5524311991863421,-4.477608530617077,0.1238825574451515,1.0,0.0,inventory_sensor_noise
inventory,ppo,13,355,-0.006528662833057931,1.0,1.0,0.7566592909594136,1,balanced_restock,0.2879892386895199,0.22254201906148888,0.48946874224899134,-4.143062553853089,0.1725964918087656,1.0,0.0,inventory_sensor_noise
inventory,ppo,13,356,-0.09270846973680318,1.0,0.9047143524687415,0.8719122095397049,2,high_restock,0.31319305863675273,0.27591393889042765,0.41089300247281957,-4.458887762831086,0.22878415642603506,1.0,0.0,inventory_sensor_noise
inventory,ppo,13,357,0.0502581993080885,0.9339558993279301,1.0,0.7360389453750903,2,high_restock,0.27264263407621564,0.1856886031222767,0.5416687628015077,-5.034186228338743,0.2634652764325677,1.0,0.0,inventory_sensor_noise
inventory,ppo,13,358,-0.0619714869559277,1.0,0.8326851758661682,0.8924434715188443,1,balanced_restock,0.31109897935503494,0.26473032183086936,0.4241706988140956,-4.710522390725296,0.1041398663096627,1.0,0.0,inventory_sensor_noise
inventory,ppo,13,359,-0.05113768423866898,0.9879984581644659,0.9354474238469052,0.8875830335557198,2,high_restock,0.30626877313978984,0.2491931502172943,0.44453807664291584,-5.662683284771181,0.15776657225099364,1.0,0.0,inventory_sensor_noise
inventory,ppo,13,360,0.03797822276374208,1.0,1.0,1.0,1,balanced_restock,0.2907091697774017,0.2034633851831163,0.505827445039482,-5.458561617879618,0.09450478691252333,1.0,0.0,inventory_sensor_noise
inventory,ppo,13,361,0.01614366504207838,1.0,0.9418616771977097,0.9287655823339765,2,high_restock,0.29406326447862563,0.21685754283370198,0.4890791926876723,-6.4457868451706695,0.13371663116393345,1.0,0.0,inventory_sensor_noise
inventory,ppo,13,362,0.07041213710304921,0.9380632808354826,0.8496243736011915,0.9796693448116016,0,low_restock,0.2868034081422881,0.18906989336367006,0.5241266984940418,-5.215051191131353,0.1566544135045857,1.0,0.0,inventory_sensor_noise
inventory,ppo,13,363,0.029431840042965743,1.0,0.9498505735808567,0.8849076849480001,1,balanced_restock,0.2883659958716157,0.209524448913347,0.5021095552150373,-5.27109159581081,0.053116336407596144,1.0,0.0,inventory_sensor_noise
inventory,ppo,13,364,0.01633719283459013,0.9957322634033763,1.0,0.8957103171284398,2,high_restock,0.2902907903048271,0.2120647987112691,0.4976444109839038,-6.287116707642062,0.11026123356772485,1.0,0.0,inventory_sensor_noise
inventory,ppo,13,365,0.02470365854219828,0.9609299082246071,1.0,1.0,0,low_restock,0.2938596368275948,0.20407400939279602,0.5020663537796092,-5.321125209188586,0.11517917352993215,1.0,0.0,inventory_sensor_noise
inventory,ppo,13,366,0.05514302231522049,0.9722749700838565,0.8909023571052473,0.9824306791721855,2,high_restock,0.28945163235745597,0.19821631962999237,0.5123320480125516,-6.572426292286299,0.12491693775848811,1.0,0.0,inventory_sensor_noise
inventory,ppo,13,367,0.003912295836228488,1.0,1.0,1.0,1,balanced_restock,0.2985268671683291,0.2194903518453454,0.4819827809863254,-6.323478001314042,0.07278365736586012,1.0,0.0,inventory_sensor_noise
inventory,ppo,13,368,0.004473535903628191,0.9272185065477654,1.0,1.0,2,high_restock,0.2986896261274017,0.20867938759222596,0.4926309862803723,-7.113321017490323,0.07442082118279188,1.0,0.0,inventory_sensor_noise
inventory,ppo,13,369,-0.02579383048223674,0.9195836015901446,1.0,0.932442221884723,2,high_restock,0.3021032570313932,0.2214676805270196,0.4764290624415872,-6.890610928539501,0.18722758603560238,1.0,0.0,inventory_sensor_noise
inventory,ppo,13,370,0.14316487480013876,1.0,1.0,0.938792635163375,2,high_restock,0.2598078994112778,0.15803202559230056,0.5821600749964216,-7.093749518154737,0.147458506586668,1.0,0.0,inventory_sensor_noise
inventory,ppo,13,371,0.0591493026790797,0.8944517031997241,0.9783775308820842,0.8833181304089638,1,balanced_restock,0.27919038615463165,0.17972109275906045,0.5410885210863079,-6.030954472749708,0.17788904317708604,1.0,0.0,inventory_sensor_noise
inventory,ppo,13,372,-0.05193943639686136,0.9667124385333883,1.0,1.0,0,low_restock,0.31039199134761547,0.24201342772485152,0.44759458092753296,-5.429078236041434,0.11991249274179833,1.0,0.0,inventory_sensor_noise
inventory,ppo,13,373,-0.022409771387034722,0.9844542606883895,0.9309224151719425,0.9082366095825678,2,high_restock,0.30182645198940083,0.23421712798299923,0.4639564200276,-6.468343560163666,0.13956019692590232,1.0,0.0,inventory_sensor_noise
inventory,ppo,13,374,-0.13782000815526385,0.9899755334194236,1.0,0.9450513978727372,0,low_restock,0.32102664052783136,0.29139013086815724,0.38758322860401134,-5.280421801315157,0.20556198481320465,1.0,0.0,inventory_sensor_noise
inventory,ppo,13,375,0.0372164193342837,0.9135800418744607,0.9256037628306686,0.9293381099071765,1,balanced_restock,0.28960357618678617,0.19554780550410994,0.5148486183091039,-5.709271845264958,0.11098706087764013,1.0,0.0,inventory_sensor_noise
inventory,ppo,13,376,0.07916851228324213,0.9645565651987353,1.0,0.9785797949339221,0,low_restock,0.27901528437813905,0.18023081075658992,0.5407539048652711,-5.196457162185482,0.22753353207201113,1.0,0.0,inventory_sensor_noise
inventory,ppo,13,377,-0.08284122490560365,0.8439807988598337,0.9685718670949102,0.8785892438450685,0,low_restock,0.3132312305291383,0.24022735524626304,0.44654141422459864,-4.803433685106378,0.2552492733049261,1.0,0.0,inventory_sensor_noise
inventory,ppo,13,378,0.08060123143890509,1.0,0.874023518103149,0.9504041000050767,2,high_restock,0.2820406476639904,0.19118204942775618,0.5267773029082534,-5.921966839065021,0.24079084400266115,1.0,0.0,inventory_sensor_noise
inventory,ppo,13,379,0.05013502168020814,0.7713602406152593,0.9221498908174357,1.0,0,low_restock,0.2894873120943567,0.1725538426983703,0.537958845207273,-4.755500570509874,0.280062214993214,1.0,0.0,inventory_sensor_noise
inventory,ppo,13,380,-0.12247222378810307,0.9477447043115981,1.0,0.8929044139772084,1,balanced_restock,0.31775326568131135,0.27580736863042243,0.4064393656882663,-5.083649936409834,0.21408990672813363,1.0,0.0,inventory_sensor_noise
inventory,ppo,13,381,0.04316005686302891,1.0,0.9351898519048278,1.0,0,low_restock,0.2917633002749079,0.20509483816360272,0.5031418615614894,-4.5302398323357504,0.13437918150195588,1.0,0.0,inventory_sensor_noise
inventory,ppo,13,382,0.04887372473713422,1.0,0.9850602771678547,0.8753482486900209,1,balanced_restock,0.281887811399698,0.1981014972077917,0.5200106913925103,-4.3417296372786796,0.09679659534238787,1.0,0.0,inventory_sensor_noise
inventory,ppo,13,383,0.034115563834476774,0.9944526520014556,1.0,0.7810200494676729,1,balanced_restock,0.2797521042551955,0.20218678236699225,0.5180611133778122,-3.935800672915833,0.06993455696017677,1.0,0.0,inventory_sensor_noise
inventory,ppo,13,384,0.07221143894558633,1.0,1.0,0.7226353469599269,0,low_restock,0.26675163261889817,0.18464722789238566,0.5486011394887162,-3.088583863067697,0.162607502137376,1.0,0.0,inventory_sensor_noise
inventory,ppo,13,385,0.12323692535106515,1.0,1.0,0.5682410482036547,2,high_restock,0.24380908583750216,0.16028658177911595,0.5959043323833818,-3.745543474060556,0.2988373189852335,1.0,0.0,inventory_sensor_noise
inventory,ppo,13,386,-0.15205749892616113,0.9336912002703354,0.9322935468080105,0.500893424231276,1,balanced_restock,0.3041597553904648,0.2929006351941893,0.4029396094153458,-3.557019378277909,0.16034905949499487,1.0,0.0,inventory_sensor_noise
inventory,ppo,13,387,-0.04368531884654393,0.8639440174334333,1.0,0.5681129016778994,2,high_restock,0.286182041698967,0.2178777825606036,0.49594017574042937,-4.297377512053163,0.2593478688619189,1.0,0.0,inventory_sensor_noise
inventory,ppo,13,388,0.10506785204815497,1.0,0.9036162354032531,0.6997668069067097,1,balanced_restock,0.2600835702000086,0.17512188666395773,0.5647945431360337,-3.872580156325497,0.17400785125094054,1.0,0.0,inventory_sensor_noise
inventory,ppo,13,389,0.009842141587072592,0.9514857864871353,0.9770231297090229,0.5837125294337907,2,high_restock,0.27507425513861605,0.20624275705732725,0.5186829878040566,-4.4784604376435215,0.27654840353442944,1.0,0.0,inventory_sensor_noise
inventory,ppo,13,390,-0.0528132195480122,1.0,0.9792654310452913,0.8486552938007749,0,low_restock,0.30313145960500915,0.24860050325660957,0.4482680371383813,-3.6633628649307495,0.1414073770619395,1.0,0.0,inventory_sensor_noise
inventory,ppo,13,391,-0.16433561859775117,0.9420228529453927,0.9760877058952662,0.7839455319405451,1,balanced_restock,0.31897336362288664,0.2999415870645778,0.38108504931253556,-3.410448887263268,0.27686975912996575,1.0,0.0,inventory_sensor_noise
inventory,ppo,13,392,0.09532147030865235,1.0,1.0,0.7111313004236605,0,low_restock,0.25989541726108945,0.1743211279756907,0.5657834547632199,-2.914766126709403,0.24899317616464775,1.0,0.0,inventory_sensor_noise
inventory,ppo,13,393,0.059841629483437464,0.9867134828044807,1.0,0.46503731201193615,2,high_restock,0.2548123251415763,0.18423562086829876,0.5609520539901249,-3.733463890952147,0.1733801438659462,1.0,0.0,inventory_sensor_noise
inventory,ppo,13,394,-0.012736055624352111,1.0,0.9649508317208051,0.617969251694661,2,high_restock,0.2828114611353282,0.22637152639475203,0.4908170124699197,-3.979984514857571,0.1575707910550706,1.0,0.0,inventory_sensor_noise
inventory,ppo,13,395,-0.029606425579661456,0.8995445610505179,0.8896729987669488,0.7117023699748607,2,high_restock,0.29478904213763957,0.22556233255957434,0.47964862530278607,-4.2685590311256805,0.1513894803085992,1.0,0.0,inventory_sensor_noise
inventory,ppo,13,396,0.007502125596846413,1.0,0.9966594916034026,0.7096226311185274,0,low_restock,0.28228099513267996,0.21522003948755694,0.5024989653797631,-3.6864891343817456,0.04879185628938367,1.0,0.0,inventory_sensor_noise
inventory,ppo,13,397,0.02606159600403208,0.9775654450547943,1.0,0.7486318998431712,1,balanced_restock,0.2798486060342859,0.20315670556342066,0.5169946884022935,-3.7576201757897696,0.10953986612615162,1.0,0.0,inventory_sensor_noise
inventory,ppo,13,398,0.03631729808879122,0.9207806855881391,0.9614296342957638,0.6638874556156027,2,high_restock,0.2733900380392431,0.1913840894849107,0.5352258724758462,-4.461542991942045,0.16388340202146232,1.0,0.0,inventory_sensor_noise
inventory,ppo,13,399,0.09699136679156632,1.0,1.0,0.7880367768329793,1,balanced_restock,0.2638911878041428,0.17472716221522183,0.5613816499806353,-4.318980784723095,0.13630460400188601,1.0,0.0,inventory_sensor_noise
inventory,ppo,13,400,0.013089911732589441,0.991182592641249,0.9134188495268503,0.8510085849800628,2,high_restock,0.2915884226891382,0.21817567260177773,0.4902359047090841,-4.848616966073999,0.16376339018491595,1.0,0.0,inventory_sensor_noise
inventory,ppo,13,401,-0.0007812385629060249,0.9619592079901225,0.9948995805293045,0.7126867739046767,0,low_restock,0.2844499799096927,0.2137092689468104,0.501840751143497,-3.9993549438585103,11.456209730850642,0.0,0.0,none
inventory,ppo,13,402,0.0,12.417835476308088,0.9130476950830665,0.6820276685461626,1,balanced_restock,0.047054864476897613,0.9408189692070565,0.012126166316045904,-4.321129889148619,0.6560220345580251,0.0,0.0,none
inventory,ppo,13,403,0.0,11.791225716602877,1.105620202679189,0.7073446230622533,1,balanced_restock,0.04826832435588872,0.9389508753088427,0.012780800335268586,-4.37150344915526,0.01924500899064308,0.0,0.0,none
inventory,ppo,13,404,0.0,11.77509885696696,1.1110405101182923,0.7163399016348678,1,balanced_restock,0.04830939890630868,0.9388934122632455,0.01279718883044589,-4.61142013427339,0.6933125404517935,0.0,0.0,none
inventory,ppo,13,405,0.0,11.268901626124265,1.5828574052666846,0.7591821668345339,1,balanced_restock,0.05011589518546624,0.9359720938750572,0.013912010939476607,-4.818125734388164,0.9393982307920558,0.0,0.0,none
inventory,ppo,13,406,0.0,10.42622807921459,1.169326445481459,0.7960938811407434,1,balanced_restock,0.051794215360657335,0.933717345650722,0.014488438988620761,-4.853174241654934,0.18537224516068831,0.0,0.0,none
inventory,ppo,13,407,0.0,10.31545175550894,1.0208262618721589,0.8023525431526668,1,balanced_restock,0.05194128070911304,0.9335885714242957,0.014470147866591314,-5.006770076687544,0.040541231197499875,0.0,0.0,none
inventory,ppo,13,408,0.0,10.285899531152689,1.0250655697310047,0.8297803708370612,1,balanced_restock,0.052073463419067975,0.9334122031914082,0.014514333389523832,-5.3013259226835885,0.6176989032776633,0.0,0.0,none
inventory,ppo,13,409,0.0,9.675443816179179,1.1033539673515356,0.8823796290506407,1,balanced_restock,0.05445831186001886,0.9298238773145996,0.015717810825381706,-5.80326984341147,1.0772361567287168,0.0,0.0,none
inventory,ppo,13,410,0.0,9.0203757271548,1.9538182461802533,0.9720124720377624,1,balanced_restock,0.06124465918100239,0.9187639835140572,0.019991357304940473,-5.786964765390335,0.6814541461113093,0.0,0.0,none
inventory,ppo,13,411,0.0,9.57790242249457,2.345654002203772,0.9691008509625598,1,balanced_restock,0.06026191515473556,0.9199427457123687,0.01979533913289591,-6.027724381592011,0.560121544133638,0.0,0.0,none
inventory,ppo,13,412,0.0,9.063624650157308,2.1258819392129635,1.0,1,balanced_restock,0.062145866758831554,0.9172163237029969,0.020637809538171584,-6.109456702045159,0.011510955210385056,0.0,0.0,none
inventory,ppo,13,413,0.0,9.073972482625932,2.1309242058716,1.0,1,balanced_restock,0.062109111559601506,0.9172699264345715,0.020620962005826998,-6.162695047900799,0.23189982965165817,0.0,0.0,none
inventory,ppo,13,414,0.0,9.303624477864048,2.0987140820652526,1.0,1,balanced_restock,0.06035812913741138,0.9200855464450501,0.01955632441753856,-5.952124908450737,1.4858836583968251,0.0,0.0,none
inventory,ppo,13,415,0.0,10.578172008556908,1.3349229714136408,0.9985937336519174,1,balanced_restock,0.051826092145802534,0.9337561023158825,0.01441780553831501,-6.003129443487369,0.24192751889041736,0.0,0.0,none
inventory,ppo,13,416,0.0,10.409897975912497,1.1611104380651538,1.0,1,balanced_restock,0.05209821160107832,0.9334439474771999,0.01445784092172181,-5.694257215151081,1.5428873274092882,0.0,0.0,none
inventory,ppo,13,417,0.0,11.676153978538983,2.0413633291448705,0.9525459312769787,1,balanced_restock,0.050182946846773345,0.9357936035550581,0.014023449598168538,-5.543898925738452,0.7502040536187091,0.0,0.0,none
inventory,ppo,13,418,0.0,12.425691457183456,2.0246665008099427,0.9256962367390091,1,balanced_restock,0.04837169316287146,0.9385041085702998,0.013124198266828618,-5.380764980740294,1.0937779714434268,0.0,0.0,none
inventory,ppo,13,419,0.0,13.340263939430846,1.4254513418057626,0.8965651751321954,1,balanced_restock,0.04607823250311096,0.9421575588234035,0.011764208673485418,-5.041692027631398,0.8596630036221415,0.0,0.0,none
inventory,ppo,13,420,0.0,14.168258593329927,1.6485638309197066,0.8360164335056067,1,balanced_restock,0.04518299930759755,0.9433542359351796,0.011462764757222854,-4.894063703706322,0.8510909207537485,0.0,0.0,none
inventory,ppo,13,421,0.0,14.664840740734196,0.9578634902197516,0.8096542328047003,1,balanced_restock,0.04451178626567759,0.9445775108798897,0.010910702854432554,-4.662388872538388,0.10453293639901119,0.0,0.0,none
inventory,ppo,13,422,0.0,14.579670856531735,0.9135723298558904,0.7682837272389977,1,balanced_restock,0.044567641830891985,0.9444965910837068,0.010935767085401234,-4.276937516829327,0.649114910696828,0.0,0.0,none
inventory,ppo,13,423,0.0,15.167403522272812,1.1803734346492543,0.6994531280052368,1,balanced_restock,0.04405481309556882,0.9451265589164434,0.010818627987987882,-3.8986633497283094,0.5426148604079987,0.0,0.0,none
inventory,ppo,13,424,0.0,15.705254077529963,1.156190689503817,0.6319041695943409,1,balanced_restock,0.043652836424471826,0.9456992921156155,0.010647871459912648,-3.502772526569322,0.18564667062157075,0.0,0.0,none
inventory,ppo,13,425,0.0,15.847298752655192,1.2525765975481575,0.5612093797445218,1,balanced_restock,0.04355547065399573,0.9457820354800383,0.010662493865966145,-3.015201802523761,0.8835205001727553,0.0,0.0,none
inventory,ppo,13,426,0.0,16.6971547529564,1.0272485485411362,0.47414317902210024,0,low_restock,0.043065145948209226,0.9465550975198388,0.010379756531951896,-2.0898250054210457,0.21343362344358785,0.0,0.0,none
inventory,ppo,13,427,0.0,16.781409667793355,0.8832394777476462,0.3410401795394724,1,balanced_restock,0.04304583529514617,0.9465904342976627,0.010363730407191145,-2.021728534675882,0.4125141082973974,0.0,0.0,none
inventory,ppo,13,428,0.0,16.43802245538361,1.1074946032152548,0.29673723833497895,1,balanced_restock,0.04321526624946447,0.9462411102169631,0.010543623533572298,-2.02971360203752,1.3822958557958773,0.0,0.0,none
inventory,ppo,13,429,0.0,15.472374369226975,2.096566680188283,0.29816314322098564,1,balanced_restock,0.044433500766736425,0.943982197544179,0.011584301689084453,-2.030591178915902,1.017736505903819,0.0,0.0,none
inventory,ppo,13,430,0.0,14.480453369133551,2.3243391554018245,0.2983198533778396,1,balanced_restock,0.04588001854803923,0.941643557326936,0.012476424125024557,-1.9389912096154114,1.306400225171897,0.0,0.0,none
inventory,ppo,13,431,0.0,13.490526482270875,1.4720136594482858,0.28196271600275197,1,balanced_restock,0.045920691927336124,0.941992092505151,0.012087215567512844,-1.8411714795508574,0.5244940338864243,0.0,0.0,none
inventory,ppo,13,432,0.0,13.07163381467547,1.1568663918604294,0.2644949070626531,1,balanced_restock,0.04619998080108869,0.9417137674178769,0.012086251781034363,-1.5247149586439215,0.3576376521295132,0.0,0.0,none
inventory,ppo,13,433,0.0,13.2425339400799,1.4659043292474663,0.2079848140435574,1,balanced_restock,0.04629427287494438,0.9413709366477224,0.012334790477333291,-1.795873978072517,1.1242867463541806,0.0,0.0,none
inventory,ppo,13,434,0.0,12.584599059912508,2.3762876351682425,0.2564060675129495,1,balanced_restock,0.04939643944318217,0.9360584272414222,0.014545133315395694,-1.9104996928371718,0.31565479353050496,0.0,0.0,none
inventory,ppo,13,435,0.0,12.300228715196827,2.5117589634018236,0.27687494514949496,1,balanced_restock,0.050557437066629504,0.9341464977603526,0.015296065173017851,-1.8146389035110233,0.020492989892116183,0.0,0.0,none
inventory,ppo,13,436,0.0,12.31088076526097,2.5154291957384354,0.2597569470555399,1,balanced_restock,0.05057347608678166,0.9340968953099245,0.015329628603293866,-1.9365793820740733,0.5513216557928803,0.0,0.0,none
inventory,ppo,13,437,0.0,11.76148024369196,2.555932043776725,0.28153203251322734,0,low_restock,0.05230137785054077,0.9313130711396681,0.0163855510097912,-1.1844776345984471,0.981689006084717,0.0,0.0,none
inventory,ppo,13,438,0.0,11.200593310113685,1.7567560449460835,0.17937100617829413,1,balanced_restock,0.05103269173987162,0.9337772254257082,0.015190082834420273,-1.7446094775479186,0.5159200956734926,0.0,0.0,none
inventory,ppo,13,439,0.0,10.928161251311495,2.1895914996999655,0.2472516924192712,1,balanced_restock,0.053467007333664315,0.9296458306663544,0.016887161999981297,-1.7605979364514552,0.24705568438706157,0.0,0.0,none
inventory,ppo,13,440,0.0,11.17475439096429,2.2044300700897344,0.2501067743663313,1,balanced_restock,0.052672480383451355,0.9309236506986909,0.016403868917857767,-2.0158958856069518,0.8858516674907261,0.0,0.0,none
inventory,ppo,13,441,0.0,10.296857544760178,2.0951050745922752,0.29569569385838423,1,balanced_restock,0.05540805933086613,0.9266575641820132,0.01793437648712069,-2.199916094948327,0.15893749937557344,0.0,0.0,none
inventory,ppo,13,442,0.0,10.141658217814365,2.1048245716540865,0.32855644552648694,1,balanced_restock,0.05609451065556373,0.925593098754054,0.018312390590382328,-2.7203725690306,1.5346921373903804,0.0,0.0,none
inventory,ppo,13,443,0.0,8.610262663919617,2.143165415204485,0.4214951016126072,1,balanced_restock,0.06565956490923433,0.9098032475693596,0.024537187521406052,-3.0225444573036313,0.22147877425469992,0.0,0.0,none
inventory,ppo,13,444,0.0,8.805162550610717,2.0528588304419437,0.4754543673756485,0,low_restock,0.06331447231100616,0.9140681992746796,0.022617328414314273,-2.4051789499303147,0.13990938532158897,0.0,0.0,none
inventory,ppo,13,445,0.0,8.73854746630285,1.9577940997245207,0.3973533839161276,1,balanced_restock,0.06313838529124927,0.9142585297892822,0.022603084919468587,-2.6610001457573933,0.49577857286933863,0.0,0.0,none
inventory,ppo,13,446,0.0,9.187239349623896,2.1682428324793146,0.4108928831709631,1,balanced_restock,0.06163209880565188,0.9165605453523022,0.02180735584204576,-2.8299799021959298,0.049272336073280895,0.0,0.0,none
inventory,ppo,13,447,0.0,9.224840481880992,2.178410917594541,0.44106783967784463,1,balanced_restock,0.06142234431160452,0.91698117586714,0.021596479821255423,-3.067035117991411,1.1996381234471094,0.0,0.0,none
inventory,ppo,13,448,0.0,9.933343627597974,1.2112692621232148,0.48339912821275194,1,balanced_restock,0.05337406400830109,0.9309306661997474,0.01569526979195151,-3.5223988175848335,0.7356909423600255,0.0,0.0,none
inventory,ppo,13,449,0.0,9.550364099296996,1.8341301800431533,0.5647140745687202,1,balanced_restock,0.05727875196438006,0.9243957729234417,0.018325475112178285,-3.5233928759831747,0.15651895510871333,0.0,0.0,none
inventory,ppo,13,450,0.0,9.65446518486785,1.951010955970338,0.5648915849969954,1,balanced_restock,0.057358811435823095,0.9241572514543952,0.018483937109781683,-3.650792450499444,0.15182415042603786,0.0,0.0,none
inventory,ppo,13,451,0.0,9.525519238144875,1.874160735194121,0.5876415090177579,1,balanced_restock,0.05760551921090407,0.9238793536099668,0.018515127179129134,-3.5624728938025503,0.814475211597048,0.0,0.0,none
inventory,ppo,13,452,0.0,10.168767520983451,2.373513097228249,0.5718701596075982,1,balanced_restock,0.05722379965981119,0.9239898695745156,0.01878633076567323,-3.5063793555344818,0.7398553756500649,0.0,0.0,none
inventory,ppo,13,453,0.0,10.901639406142326,2.4744310960081135,0.5618534563454431,1,balanced_restock,0.05453563185595319,0.9282181944936747,0.01724617365037204,-3.5446614329484305,1.851500478505612,0.0,0.0,none
inventory,ppo,13,454,0.0,11.944343461591009,0.9444717689030424,0.5686895415979341,1,balanced_restock,0.047808473321013435,0.9396184583138916,0.01257306836509511,-3.241271932015408,1.1533233167954493,0.0,0.0,none
inventory,ppo,13,455,0.0,12.705302359919417,1.8094348395973385,0.5145128450027515,1,balanced_restock,0.04746702882765295,0.939642371234824,0.01289059993752321,-3.3755442475754305,0.03680534500955771,0.0,0.0,none
inventory,ppo,13,456,0.0,12.688120507310035,1.8314464565384647,0.5384900442098983,1,balanced_restock,0.04752700613828097,0.9395593495989149,0.012913644262804226,-2.9458742533937508,1.1790513912179035,0.0,0.0,none
inventory,ppo,13,457,0.0,13.541496601021999,2.6413998047796916,0.4617632595345984,0,low_restock,0.047941524251199526,0.9384095221638663,0.013648953584934342,-2.384002185592247,0.45187248845808303,0.0,0.0,none
inventory,ppo,13,458,0.0,13.155942924855589,2.8669813555280004,0.39357181885575837,1,balanced_restock,0.049621761169347925,0.9355642397148259,0.014813999115826005,-2.0706277046469483,1.4030860405964916,0.0,0.0,none
inventory,ppo,13,459,0.0,14.485084320753703,3.3077437874428184,0.30546923297266937,1,balanced_restock,0.048616565307377825,0.9368535422999882,0.014529892392634131,-1.8009715583383668,0.10139543311217682,0.0,0.0,none
inventory,ppo,13,460,0.0,14.400750934192605,3.278585364989147,0.2573163497032798,1,balanced_restock,0.0487695551038553,0.936576040401911,0.01465440449423382,-1.6053036709405668,1.070975025458852,0.0,0.0,none
inventory,ppo,13,461,0.0,15.225601441587159,2.5963916289449926,0.22237565552510125,1,balanced_restock,0.04557148486549407,0.941944392491111,0.012484122643395039,-1.0886027398238336,0.31477274035271063,0.0,0.0,none
inventory,ppo,13,462,0.0,15.443178783924797,2.8043064913905953,0.13010763211139884,1,balanced_restock,0.04589528015939937,0.9412809037635945,0.012823816077005942,-0.8408589306956906,1.4293190237898599,0.0,0.0,none
inventory,ppo,13,463,0.0,16.307858137241393,1.6670618769248398,0.08586766619565905,1,balanced_restock,0.0435693355063544,0.9453864518822964,0.011044212611349155,-0.6001385234361843,0.6783604840559655,0.0,0.0,none
inventory,ppo,13,464,0.0,15.676222953026912,1.4234183617103786,0.042881879185032924,1,balanced_restock,0.04389915637495532,0.9449614536306593,0.01113938999438533,-0.6575453030065634,1.1844833089025668,0.0,0.0,none
inventory,ppo,13,465,0.0,14.858565638329509,2.2803501778259143,0.05313308982260061,1,balanced_restock,0.045633897059303825,0.9418750529802133,0.012491049960482965,-0.7970446233838299,1.3538749200084,0.0,0.0,none
inventory,ppo,13,466,1.2486989239537998,15.362998962142177,2.4086162798855844,0.0,1,balanced_restock,0.0471272269063379,0.9324539814410141,0.02041879165264806,-1.991495931435629,3.5075599200788434,0.0,0.0,none
inventory,ppo,13,467,4.661416946958941,14.753790238951371,1.8745778730386466,0.0,1,balanced_restock,0.06029853022594023,0.09107709680014853,0.8486243729739112,-1.9440072728690212,0.7268065300532214,0.0,0.0,none
inventory,ppo,13,468,4.525735065340061,14.10729433980724,2.177697010537726,0.0,2,high_restock,0.05616377041067882,0.07389642859389223,0.869939800995429,-0.7818336987318668,4.630562782194236,0.0,0.0,none
inventory,ppo,13,469,0.0,13.195762061760794,2.534176737227835,0.043184589059261924,1,balanced_restock,0.04896857620432017,0.9364186813456827,0.014612742449997157,-0.5655018161540869,0.27169009111463743,0.0,0.0,none
inventory,ppo,13,470,0.0,13.43010871713119,2.396863013556965,0.036696752884658373,1,balanced_restock,0.04808404610720433,0.9379102393622739,0.014005714530521778,-0.8947195910212196,1.557410606476889,0.0,0.0,none
inventory,ppo,13,471,1.5277702600606275,13.255814267221364,2.1524849811985995,0.0,1,balanced_restock,0.05536700336796831,0.9099331588589062,0.034699837773125214,-1.974037784002523,3.0851076401289768,0.0,0.0,none
inventory,ppo,13,472,4.611536525721494,13.19002391575251,2.0896646054609103,0.0,2,high_restock,0.041940256651834776,0.03400636477328211,0.9240533785748831,-0.7035514903467589,4.613412750613501,0.0,0.0,none
inventory,ppo,13,473,0.0,13.08597426106509,2.1646898038161484,0.029205623276206946,1,balanced_restock,0.0480882475235941,0.9380235839461547,0.013888168530251233,-0.8900859453625746,1.0821560280123574,0.0,0.0,none
inventory,ppo,13,474,0.0,12.47936938342323,3.0584504826289547,0.09465820452903118,1,balanced_restock,0.053011514796030154,0.9295291907360631,0.017459294467906637,-0.7861503578231428,0.1708967539937508,0.0,0.0,none
inventory,ppo,13,475,0.0,12.64837864582736,3.0756870391653104,0.07609827818270407,1,balanced_restock,0.05262639396626493,0.9301361547270595,0.017237451306675516,-1.1175616110513724,1.6509773857397738,0.0,0.0,none
inventory,ppo,13,476,0.0,11.000541920359444,2.992873312865428,0.13527885911631649,0,low_restock,0.05834586162299803,0.9205777965728479,0.021076341804153877,-0.4808417053189447,0.9742054712511075,0.0,0.0,none
inventory,ppo,13,477,0.0,10.325588431558339,2.2951179665114414,0.0537217330926687,1,balanced_restock,0.0569339715329422,0.9234398728410121,0.019626155626045635,-0.857841374459291,0.3660589650762676,0.0,0.0,none
inventory,ppo,13,478,0.0,9.96427528971867,2.2480600052748705,0.08890024543915911,1,balanced_restock,0.05831490321019258,0.9212275917812272,0.02045750500858018,-0.7778293987287792,1.1280539668260718,0.0,0.0,none
inventory,ppo,13,479,0.0,11.080641366584489,2.0867268352280295,0.07461239263013913,0,low_restock,0.05280235597957085,0.9305260022881395,0.01667164173228953,-0.5741689999722608,1.4462510134351831,0.0,0.0,none
inventory,ppo,13,480,0.0,9.679953394627205,2.4468620151949203,0.07038732142361799,1,balanced_restock,0.061462319697356126,0.9155349920442367,0.023002688258407147,-0.8047427640880651,0.7128705415780605,0.0,0.0,none
inventory,ppo,13,481,0.0,10.382047117408268,2.3237066093416163,0.07941835073001163,2,high_restock,0.05678356047005929,0.9237242295354089,0.019492209994531853,-1.5634017379164744,0.22876086985649502,0.0,0.0,none
inventory,ppo,13,482,0.0,10.193599918506177,2.245337642740319,0.18275031034222755,1,balanced_restock,0.0569372494202233,0.9237670630136692,0.019295687566107583,-1.9264335713791354,1.1707606358899074,0.0,0.0,none
inventory,ppo,13,483,0.0,9.328519507700388,3.0282253577141667,0.279720280603417,1,balanced_restock,0.0694508873799654,0.9012066958674204,0.029342416752614262,-2.1066234484828397,0.8597658782094565,0.0,0.0,none
inventory,ppo,13,484,0.0,8.67801487561485,2.466971631809456,0.31189704437193566,1,balanced_restock,0.06855915393525959,0.9038290297097923,0.02761181635494827,-2.4417800025057526,0.3843071243319434,0.0,0.0,none
inventory,ppo,13,485,0.0,8.98097249366627,2.2382213342483843,0.3717464290188844,0,low_restock,0.0637010037882038,0.9128573407902747,0.023441655421521428,-1.8367704640924571,0.07758037889076792,0.0,0.0,none
inventory,ppo,13,486,0.0,8.969930749989018,2.2265247201060556,0.29585186858793877,1,balanced_restock,0.06381727207990309,0.9124317419885359,0.023750985931560897,-1.872682928297014,0.9328515662359294,0.0,0.0,none
inventory,ppo,13,487,0.0,9.576797024048648,2.934524254995387,0.27012195148160967,1,balanced_restock,0.06629160780209807,0.9070381786289947,0.026670213568907294,-1.8845223986810011,1.6134437936154749,0.0,0.0,none
inventory,ppo,13,488,0.0,10.904777931745334,2.0181929207362095,0.27223614262160734,1,balanced_restock,0.05275943953159893,0.9309614301488481,0.016279130319553005,-1.970218827498603,0.25046353950528344,0.0,0.0,none
inventory,ppo,13,489,0.0,11.141011552460592,1.9363914459028386,0.28753907633903625,1,balanced_restock,0.05166363370481638,0.9327933360938124,0.015543030201371235,-1.9471189043026755,1.2984891939897771,0.0,0.0,none
inventory,ppo,13,490,0.0,12.036652745507691,0.9962403810661614,0.28341409005404916,1,balanced_restock,0.047663834511921396,0.939595894322347,0.012740271165731565,-2.111557393508472,0.4093614632151068,0.0,0.0,none
inventory,ppo,13,491,0.0,11.763032676459963,1.2993024538308267,0.3127781059836557,1,balanced_restock,0.048524088133630176,0.9381389254045845,0.01333698646178525,-2.095946303322434,0.5204973565939539,0.0,0.0,none
inventory,ppo,13,492,0.0,11.44184156243645,0.8897343944658157,0.30999041130757754,1,balanced_restock,0.04870483458363987,0.938100848093346,0.013194317323013962,-2.2662525477649873,0.42701214838104534,0.0,0.0,none
inventory,ppo,13,493,0.0,11.045674627290035,1.0461513212876348,0.34040224067231917,1,balanced_restock,0.049758110202079105,0.936433678079849,0.013808211718071922,-2.013119416179393,1.2328446075317105,0.0,0.0,none
inventory,ppo,13,494,0.0,11.892748528298025,1.9407620637697012,0.29519989574632016,1,balanced_restock,0.04962448846273114,0.9360164597420568,0.014359051795212015,-2.1454279329285457,0.396367954869814,0.0,0.0,none
inventory,ppo,13,495,0.0,11.504227428435325,2.015599875882113,0.31882641659438316,1,balanced_restock,0.05083683681852787,0.9340875663888278,0.015075596792644478,-1.9529119747557164,0.8983325624900522,0.0,0.0,none
inventory,ppo,13,496,0.0,12.39661354688189,2.112896185604675,0.2844485669206636,1,balanced_restock,0.0489660602804481,0.9369296382661769,0.014104301453374931,-1.9579910796888522,0.05226735689692592,0.0,0.0,none
inventory,ppo,13,497,0.0,12.344888059083955,2.120347889493781,0.28535554994443785,1,balanced_restock,0.04910118486455445,0.9367137595903952,0.014185055545050397,-1.6983055523103885,1.0894884368817763,0.0,0.0,none
inventory,ppo,13,498,0.0,13.419867488636495,1.9493102351333833,0.23898313434114082,1,balanced_restock,0.04674348856894134,0.9404478262275799,0.012808685203478805,-1.7496842748644732,0.7664742318794323,0.0,0.0,none
inventory,ppo,13,499,0.0,12.658587853287301,1.8606993526266122,0.24815790622579875,1,balanced_restock,0.04785014153911585,0.9387866153644593,0.013363243096424731,-1.8129922001534435,0.2586088536688227,0.0,0.0,none
inventory,ppo,13,500,0.0,12.831089331937756,1.6683611704163324,0.25946289288454344,1,balanced_restock,0.04716979397083864,0.939958587715343,0.012871618313818396,-1.4938541607695752,0.4952169865882873,0.0,0.0,none
inventory,ppo,13,501,0.0,13.147644534965355,2.0449045656052967,0.20247395728028128,1,balanced_restock,0.0474272036311028,0.9392994399585926,0.01327335641030472,-1.12071497707172,0.9922493068915472,0.0,0.0,none
inventory,ppo,13,502,0.0,14.093190256542831,2.3382680813962526,0.13584196019137856,1,balanced_restock,0.046661094805129866,0.9402899917900439,0.013048913404826192,-0.6525459158859616,0.6914964356836807,0.0,0.0,none
inventory,ppo,13,503,0.0,14.614399091061069,2.7849440722885768,0.052240342122493136,1,balanced_restock,0.04715286533261998,0.9392262667443737,0.013620867923006255,-0.45414260234926884,1.0848662071894672,0.0,0.0,none
inventory,ppo,13,504,0.2689788638550539,15.528006459932191,2.268051839322929,0.0,1,balanced_restock,0.04475092465572445,0.9422622289422101,0.01298684640206526,-2.6118638090368957,6.459726009525354,0.0,0.0,none
inventory,ppo,13,505,6.433896597248275,16.919259819833265,0.9315401307336959,0.0,2,high_restock,0.031408657480724356,0.016116132328081408,0.9524752101911943,-0.5875095274938292,6.722094535016217,0.0,0.0,none
inventory,ppo,13,506,0.0,15.915861583189363,2.6002670456899875,0.00848384419532664,1,balanced_restock,0.04511687147354453,0.9425253243447573,0.012357804181698144,-1.006764277847629,1.9007752711950088,0.0,0.0,none
inventory,ppo,13,507,1.8478979367075112,15.4713670300208,2.6241932591332335,0.0,2,high_restock,0.051686896807171534,0.9159089941132786,0.032404109079549694,-0.7087574963967642,2.016109225099144,0.0,0.0,none
inventory,ppo,13,508,0.0,14.709471048722992,2.362323057708554,0.03013526721370788,0,low_restock,0.04601581694487559,0.9412173099138881,0.012766873141236349,-0.796196823524576,2.207647174486349,0.0,0.0,none
inventory,ppo,13,509,1.7605623529273604,13.49831669781446,2.9157878284191425,0.0,1,balanced_restock,0.06299763185840598,0.8830601840738834,0.05394218406771059,-0.4521224681691224,2.634532465021005,0.0,0.0,none
inventory,ppo,13,510,0.0,11.68291451012754,2.17739376652171,0.016450440744486147,1,balanced_restock,0.05143099969998832,0.9326090710075078,0.01595992929250399,-0.6604958218659704,0.368193764507698,0.0,0.0,none
inventory,ppo,13,511,0.0,11.367534264069645,2.363719823974947,0.053659968190351875,1,balanced_restock,0.053155729191265016,0.9296998437866427,0.017144427022092287,-0.7264267391974402,0.8560971644037337,0.0,0.0,none
inventory,ppo,13,512,0.0,10.714353564664895,1.8104398619363156,0.06543334628525717,1,balanced_restock,0.05291795014214125,0.9305414100695764,0.016540639788282237,-0.6598648217818034,0.4952436651864175,0.0,0.0,none
inventory,ppo,13,513,0.0,10.472231686537402,1.3785810821299314,0.05354728960389346,1,balanced_restock,0.05227164950779778,0.9319100034980535,0.015818346994148903,-0.6751797677525659,0.39066153005064536,0.0,0.0,none
inventory,ppo,13,514,0.0,10.859938110033113,1.42646303119428,0.05628210138438679,1,balanced_restock,0.05121731977254743,0.9335571107710665,0.01522556945638605,-0.8084891617816572,0.34898103725276086,0.0,0.0,none
inventory,ppo,13,515,0.0,11.109083265968662,1.1832598943743264,0.08008735031815307,1,balanced_restock,0.04997470825050347,0.9357211850353588,0.014304106714137555,-1.282166370324025,1.328208768813019,0.0,0.0,none
inventory,ppo,13,516,0.0,10.445823628854864,2.3308968267678654,0.16467256612929018,1,balanced_restock,0.056330779789016516,0.9246603990656601,0.019008821145323315,-1.3618096773784019,0.03837305893750512,0.0,0.0,none
inventory,ppo,13,517,0.0,10.411542654547596,2.321147948626997,0.1788945852461432,1,balanced_restock,0.056394865127023866,0.9245922220445796,0.01901291282839644,-1.587710291793707,0.8009493868929273,0.0,0.0,none
inventory,ppo,13,518,0.0,9.68038632497024,1.9966435954060242,0.21923398067744765,1,balanced_restock,0.05790116177613172,0.9224934470180247,0.019605391205843526,-2.038737838015257,1.0925961608375694,0.0,0.0,none
inventory,ppo,13,519,0.0,8.591104824343272,2.0239454170288984,0.2997746139312959,1,balanced_restock,0.06493506212313985,0.9108045799381016,0.024260357938758564,-2.201708153012951,0.09929335634502616,0.0,0.0,none
inventory,ppo,13,520,0.0,8.516952521921766,1.964669035103552,0.32887645589516984,1,balanced_restock,0.0649685620071459,0.9109309229637567,0.024100515029097498,-2.5956152131114516,0.30458095466539614,0.0,0.0,none
inventory,ppo,13,521,0.0,8.716377893031432,1.7454629977133564,0.3992170023413306,1,balanced_restock,0.061779317545990656,0.9168005142193146,0.021420168234694528,-2.9351577217511142,0.7750026541078366,0.0,0.0,none
inventory,ppo,13,522,0.0,8.06662988906822,1.3273956177978257,0.4598495931698418,1,balanced_restock,0.06387682509385448,0.9140437193241338,0.022079455582011704,-3.1635750720525753,0.04159879704885214,0.0,0.0,none
inventory,ppo,13,523,0.0,8.060338049352827,1.3221854892623948,0.5006384057236742,1,balanced_restock,0.063905312799706,0.9141134369353954,0.02198125026489872,-3.1745849481025505,1.159563205240077,0.0,0.0,none
inventory,ppo,13,524,0.0,9.160382224781765,1.6889085096765504,0.5026044550183126,1,balanced_restock,0.05864079053780021,0.9222312996621689,0.019127909800031012,-3.5678486454830654,0.5913002899042289,0.0,0.0,none
inventory,ppo,13,525,0.0,8.584648768824714,1.8039536189837935,0.5728301152648331,1,balanced_restock,0.06301524315160367,0.9151518540556792,0.021832902792717157,-3.712228184365015,0.6311778537342642,0.0,0.0,none
inventory,ppo,13,526,0.0,9.208467571866091,1.7113746290766059,0.5986121757794669,1,balanced_restock,0.05846687730747106,0.9226821161079094,0.018851006584619436,-3.9521966820602166,0.2912767026425955,0.0,0.0,none
inventory,ppo,13,527,0.0,9.457402599227242,1.5663325072372662,0.6414636932250387,1,balanced_restock,0.05652069862724182,0.9259747625137031,0.017504538859055084,-3.8741674168656175,0.9219160724212838,0.0,0.0,none
inventory,ppo,13,528,0.0,10.223519137967395,2.07897326151723,0.6275298958688603,1,balanced_restock,0.05529493598336152,0.9274453537555242,0.017259710261114142,-3.663568222823569,0.8435760822600525,0.0,0.0,none
inventory,ppo,13,529,0.0,10.77754181319745,2.7140049107467576,0.5899228969327802,1,balanced_restock,0.05645195068306869,0.9249724546486267,0.018575594668304576,-3.7663596955584153,0.999421180571551,0.0,0.0,none
inventory,ppo,13,530,0.0,11.503722374811623,2.0275884487367364,0.6082785170640027,1,balanced_restock,0.05062812701299567,0.9347584594569784,0.014613413530025888,-3.5392099308141045,0.959601284387975,0.0,0.0,none
inventory,ppo,13,531,0.0,12.432545633877275,2.26523664548882,0.5677160590739473,1,balanced_restock,0.04903554848955307,0.937028256957503,0.013936194552943874,-3.439810240879226,1.1570080347487113,0.0,0.0,none
inventory,ppo,13,532,0.0,13.280966102952476,1.4787665318844443,0.5499661144427189,1,balanced_restock,0.04611879604435878,0.9418708259147052,0.012010378040936008,-3.465527670652208,0.29389210272923066,0.0,0.0,none
inventory,ppo,13,533,0.0,13.021599365533524,1.6168982568656034,0.5545585126164657,0,low_restock,0.046642919732732914,0.941020342424885,0.012336737842382168,-2.765886060857758,0.4869116846363428,0.0,0.0,none
inventory,ppo,13,534,0.0,12.594205404914529,1.4028729700980989,0.46176536801031387,1,balanced_restock,0.04708233103231398,0.9403979927077809,0.012519676259905188,-2.7151703735812753,0.8451480179015214,0.0,0.0,none
inventory,ppo,13,535,0.0,13.42797330494285,1.2709302381903191,0.42056613813951343,1,balanced_restock,0.04577723696074579,0.9423979216701059,0.011824841369148307,-2.294957961294409,0.858767731030325,0.0,0.0,none
inventory,ppo,13,536,0.0,13.91062992379924,1.977254464788501,0.3455282073740016,0,low_restock,0.04598528330548915,0.9416864776575192,0.012328239036991562,-1.3346753498167983,0.5278475050499681,0.0,0.0,none
inventory,ppo,13,537,0.0,14.41283722765607,2.060898001958336,0.20619202675299966,1,balanced_restock,0.04560361247786786,0.9421336830891174,0.012262704433014752,-1.5944842437576123,0.23245715396483493,0.0,0.0,none
inventory,ppo,13,538,0.0,14.27760856723649,2.249435611108947,0.22044361495671647,1,balanced_restock,0.0460967766643442,0.9412850100175325,0.012618213318123348,-1.1764239804944459,0.9500920507885028,0.0,0.0,none
inventory,ppo,13,539,0.0,15.223655200908283,2.295234182523436,0.14578999651686533,1,balanced_restock,0.04511909980895299,0.9427375983232399,0.012143301867807143,-0.8956866401771374,0.13481692531946607,0.0,0.0,none
inventory,ppo,13,540,0.0,15.348709333510346,2.2903471441646674,0.09565832860306026,1,balanced_restock,0.045040773254801825,0.9428307695490038,0.012128457196194294,-0.730694623787167,0.6641954297574005,0.0,0.0,none
inventory,ppo,13,541,0.0,14.710658343768102,2.1081976361332746,0.06619546853342269,1,balanced_restock,0.04548889574270983,0.9421925320217792,0.012318572235510906,-0.7026377729371192,0.687941224266796,0.0,0.0,none
inventory,ppo,13,542,0.0,14.030093942199198,2.20854763234862,0.06118531659591413,1,balanced_restock,0.04657682080733573,0.9404279297878891,0.012995249404775098,-0.5729545516942105,0.7484615474264616,0.0,0.0,none
inventory,ppo,13,543,0.0,14.553824230158506,1.6743519813522432,0.038027598516823295,1,balanced_restock,0.0450929830250576,0.9429985794167122,0.01190843755823018,-0.5643665731663153,0.8819091343766016,0.0,0.0,none
inventory,ppo,13,544,0.5839044947609011,14.157840850188293,1.146554362152125,0.0,1,balanced_restock,0.04503330534456646,0.9411470111583644,0.013819683497068923,-0.37027574237240035,1.000273143757285,0.0,0.0,none
inventory,ppo,13,545,0.029359263921143963,13.345088453227072,1.3267195372242027,0.0,1,balanced_restock,0.04614407525828679,0.9414075680222016,0.012448356719511566,-0.5244023054889639,0.9671661477324812,0.0,0.0,none
inventory,ppo,13,546,0.0,12.515730795745508,1.8225545913592833,0.029357554551600704,1,balanced_restock,0.048313656249813895,0.9378645453318732,0.01382179841831297,-0.8125274443691808,1.459433901748489,0.0,0.0,none
inventory,ppo,13,547,1.2929355553405166,13.115181543410902,2.1357029562333136,0.0,1,balanced_restock,0.0532790343624558,0.9180228594911065,0.028698106146437592,-0.5869129855499916,0.7923360427537179,0.0,0.0,none
inventory,ppo,13,548,0.648322815857119,12.66205094240695,2.2190304977554782,0.0,1,balanced_restock,0.05062877005811828,0.9295703278666444,0.01980090207523735,-0.6369913385596282,1.624428714338083,0.0,0.0,none
inventory,ppo,13,549,0.0,11.190740754648747,2.445406166173913,0.04946273902850505,1,balanced_restock,0.054212647958585214,0.9278747702295709,0.017912581811844026,-0.4789880871695209,0.564719990978246,0.0,0.0,none
inventory,ppo,13,550,0.0,11.69665792929197,2.6947260449041353,0.021247872708843017,1,balanced_restock,0.05382118715352281,0.9282949626237543,0.01788385022272284,-0.8565268228582283,0.7341914299841906,0.0,0.0,none
inventory,ppo,13,551,0.0,11.169688706576839,3.201475842292647,0.0886655040818265,1,balanced_restock,0.05930703797718033,0.9186136668514107,0.022079295171408938,-1.102557971966335,1.4775114311242254,0.0,0.0,none
inventory,ppo,13,552,0.0,9.885017959016057,2.4729630480643503,0.13259963785113127,1,balanced_restock,0.06026408327006302,0.9177656157595461,0.02197030097039084,-1.213403333098305,0.1656729565446872,0.0,0.0,none
inventory,ppo,13,553,0.0,9.736827104082815,2.4015823507265326,0.15239345233898302,1,balanced_restock,0.06052362200583614,0.9174520361766993,0.022024341817464353,-1.317686751403255,0.5886242352792959,0.0,0.0,none
inventory,ppo,13,554,0.0,10.298261467890933,2.2257325137700423,0.17101549132200985,1,balanced_restock,0.05635917532800608,0.9247235632166958,0.018917261455298238,-1.2883045981061843,0.588486144332546,0.0,0.0,none
inventory,ppo,13,555,0.0,9.97670872265834,1.7328915200842683,0.1657686782332472,1,balanced_restock,0.055232030158281424,0.927026462878715,0.017741506963003445,-1.7319409226790872,0.3245682940800656,0.0,0.0,none
inventory,ppo,13,556,0.0,9.811464750447852,2.000777832565932,0.24498945047840845,1,balanced_restock,0.05721612619933177,0.9236803553795788,0.019103518421089462,-1.9274911692776993,0.13704293158088385,0.0,0.0,none
inventory,ppo,13,557,0.0,9.937667006721592,1.9603504770374982,0.2799091373710177,1,balanced_restock,0.05633191525335456,0.9252444163221815,0.018423668424463805,-1.9217641142817463,0.3420567185018937,0.0,0.0,none
inventory,ppo,13,558,0.0,10.229098047041395,2.1394306309319298,0.27888644897888326,1,balanced_restock,0.05597051354137503,0.925665669255527,0.01836381720309787,-2.1701780078086106,0.3654958374936268,0.0,0.0,none
inventory,ppo,13,559,0.0,9.86877185898661,2.181673609040569,0.3232460728229662,1,balanced_restock,0.05787679685304371,0.9225801143526999,0.019543088794256293,-2.244625584294298,0.36049644805036535,0.0,0.0,none
inventory,ppo,13,560,0.0,9.609197534529716,1.9318694395040164,0.33654028290969606,1,balanced_restock,0.05770178399408421,0.9231512663510969,0.019146949654818935,-2.456160521663388,0.9420029153803485,0.0,0.0,none
inventory,ppo,13,561,0.0,10.189451002539247,1.1907564095804515,0.3743143788684622,1,balanced_restock,0.052443905485749086,0.9322427696885237,0.015313324825727243,-2.4808422900140363,0.4340142948586199,0.0,0.0,none
inventory,ppo,13,562,0.0,10.616622198159158,1.2673968172168286,0.3787218375025065,1,balanced_restock,0.05126907476916614,0.9340106823645691,0.014720242866264853,-2.3194792109125095,0.683567477387745,0.0,0.0,none
inventory,ppo,13,563,0.0,11.005712258423092,1.82868384396701,0.3499070019486624,1,balanced_restock,0.051636686114054024,0.9330000905925182,0.015363223293427921,-2.5186400956182147,0.18268809346670187,0.0,0.0,none
inventory,ppo,13,564,0.0,11.12884478047599,1.698497470440892,0.38547144564610974,1,balanced_restock,0.0508465204270331,0.9343755383358228,0.014777941237144307,-2.425781259639914,0.4563094884686762,0.0,0.0,none
inventory,ppo,13,565,0.0,11.54711081163596,1.880148002716513,0.3688895106499847,1,balanced_restock,0.05024206598711893,0.9351754367999141,0.014582497212966849,-2.54450866549679,0.3251714733183011,0.0,0.0,none
inventory,ppo,13,566,0.0,11.779129640416496,1.6533127010621238,0.3900908331244268,1,balanced_restock,0.049089066799372263,0.9371330665716876,0.013777866628940266,-2.2759213607077324,0.9043731326433336,0.0,0.0,none
inventory,ppo,13,567,0.0,12.51230232326576,2.180615484035783,0.34212881441209503,1,balanced_restock,0.048835732630482125,0.9371542960752649,0.014009971294252804,-2.04706933950941,0.22186794477366098,0.0,0.0,none
inventory,ppo,13,568,0.0,12.681024678507749,2.3187751252705096,0.3012623820552518,1,balanced_restock,0.04893014958122006,0.9368799607614839,0.014189889657295885,-1.7204548067774592,1.3566353298047673,0.0,0.0,none
inventory,ppo,13,569,0.0,13.99546322210189,1.988155946383689,0.24293835835311772,1,balanced_restock,0.04598124578692139,0.9416113180064539,0.012407436206624732,-1.3485748798579291,0.7254228693660859,0.0,0.0,none
inventory,ppo,13,570,0.0,14.693015949454963,2.1759021183084504,0.17653122854605877,1,balanced_restock,0.04548691896353888,0.9422392804474452,0.012273800589015995,-1.1235815778590075,1.6964891622806755,0.0,0.0,none
inventory,ppo,13,571,0.0,15.552317719094455,0.713690873330608,0.1363538531891085,1,balanced_restock,0.04378396617343176,0.945477702346235,0.010738331480333365,-0.6445044460178813,0.7137104974880811,0.0,0.0,none
inventory,ppo,13,572,0.0,16.078542286724627,1.1881923630852327,0.05080436536033593,1,balanced_restock,0.04353137937903886,0.9456297937175415,0.010838826903419647,-0.6527108931581799,1.0575195035121714,0.0,0.0,none
inventory,ppo,13,573,0.0,15.485896115878074,2.0640438738928455,0.05226980234967498,1,balanced_restock,0.04462668414946411,0.9435536422382744,0.011819673612261562,-0.3775232321300862,0.13927156746107944,0.0,0.0,none
inventory,ppo,13,574,0.0,15.357328936618433,2.042777796003045,0.003129148594658255,1,balanced_restock,0.044780898749244846,0.9432924929900993,0.0119266082606559,-0.412725191542838,1.0736915565877685,0.0,0.0,none
inventory,ppo,13,575,0.0,14.339624220787726,2.384905192539656,0.009415212775506785,1,balanced_restock,0.04660570188153597,0.9402541727220288,0.01314012539643521,-1.4121032621845528,3.0114063306155976,0.0,0.0,none
inventory,ppo,13,576,3.006009320527294,14.510155808752979,2.442406359911913,0.0,1,balanced_restock,0.08132951384355726,0.7487521590198771,0.16991832713656543,-2.9686824399629157,4.4753017366067835,0.0,0.0,none
inventory,ppo,13,577,7.453378399894046,14.20193679502351,2.0496787887587544,0.0,2,high_restock,0.020873099951402036,0.004572154425314063,0.9745547456232838,-1.4342579284564907,4.909511321698804,0.0,0.0,none
inventory,ppo,13,578,2.5550226527328306,14.442781763442017,1.8229496699210606,0.0,1,balanced_restock,0.06400354560627379,0.8628049516834139,0.07319150271031227,-3.041948136050536,5.12636295532184,0.0,0.0,none
inventory,ppo,13,579,7.662708960144389,14.776349872354093,2.1055625703579723,0.0,2,high_restock,0.020838567484057324,0.004553896267921232,0.9746075362480214,-1.7061094205900778,4.385603119659039,0.0,0.0,none
inventory,ppo,13,580,3.3317412016859365,15.198161219194281,1.5593866041773647,0.0,1,balanced_restock,0.07740454664929323,0.7619577332341523,0.16063772011655447,-1.373396370569922,1.0686461903690017,0.0,0.0,none
inventory,ppo,13,581,2.895418201628349,14.37788177622021,2.0873719782599003,0.0,1,balanced_restock,0.07618694303866956,0.7887600416029741,0.13505301535835634,-1.069028727365918,1.374008191440654,0.0,0.0,none
inventory,ppo,13,582,2.0257963639026233,13.314483592801713,2.116366339759808,0.0,1,balanced_restock,0.0631423771413967,0.8775143971054573,0.05934322575314586,-1.686230471223122,1.7683967348544989,0.0,0.0,none
inventory,ppo,13,583,3.7892299177803483,13.446841453009503,2.1196082132064884,0.0,1,balanced_restock,0.08482665979249167,0.22988899224874287,0.6852843479587655,-1.5939643476945573,1.4941681717129307,0.0,0.0,none
inventory,ppo,13,584,3.52561242198445,12.372580692368013,1.1151142314344578,0.0,0,low_restock,0.08806330903386432,0.24186318125567177,0.670073509710464,-2.3038833443890163,2.7972048687503817,0.0,0.0,none
inventory,ppo,13,585,6.0682381268257615,11.347299385027965,1.670278931014812,0.0,2,high_restock,0.021647885679945467,0.005114056612939537,0.973238057707115,-0.6853235656116491,6.075518907501862,0.0,0.0,none
inventory,ppo,13,586,0.0,11.057607445645209,1.7320945945756523,0.0259506367163659,1,balanced_restock,0.0516065969489517,0.9326613642918828,0.015732038759165356,-0.765615629043993,1.5182813484732292,0.0,0.0,none
inventory,ppo,13,587,1.1589017972685518,11.826621086673185,2.34042794215436,0.0,1,balanced_restock,0.059758965449254756,0.9036021515407786,0.03663888300996659,-0.3880636676210561,1.343494760411949,0.0,0.0,none
inventory,ppo,13,588,0.0,11.171994847391291,2.1577693300817695,0.005011369218045734,1,balanced_restock,0.052961405990060315,0.9300963121482955,0.01694228186164436,-0.40845786653114446,0.004061117613230274,0.0,0.0,none
inventory,ppo,13,589,0.0,11.173732849275249,2.158226674393904,0.00865319045199008,1,balanced_restock,0.05294934065662571,0.9301218686165956,0.016928790726778633,-0.6238510002393887,0.23312928698380175,0.0,0.0,none
inventory,ppo,13,590,0.0,11.326724874036376,1.9865779113456834,0.04711625004274799,1,balanced_restock,0.05167295470900858,0.9323965908425766,0.01593045444841479,-1.0927035957489046,1.2129584428953544,0.0,0.0,none
inventory,ppo,13,591,0.0,10.53154992465686,2.898693764651142,0.1308399278123044,1,balanced_restock,0.060050658084386026,0.9176914712773429,0.022257870638271015,-1.2359597970562963,1.389463998859709,0.0,0.0,none
inventory,ppo,13,592,0.0,9.578320147905549,1.88809553314917,0.15642139233148145,1,balanced_restock,0.057912614562669947,0.922442102829031,0.019645282608299144,-1.6512174510172226,0.7683813379470101,0.0,0.0,none
inventory,ppo,13,593,0.0,8.842115541509582,2.0952524012514444,0.23057454482450404,0,low_restock,0.06376504712002014,0.9124868749520082,0.02374807792797156,-1.471117947774178,1.2048930461562348,0.0,0.0,none
inventory,ppo,13,594,0.0,7.693349796892417,1.731790551322039,0.23055677638824607,0,low_restock,0.07044997448777901,0.901403182693407,0.02814684281881383,-1.156019628567183,0.19049080302471294,0.0,0.0,none
inventory,ppo,13,595,0.0,7.819578429180514,1.8628899047025482,0.17428921938699699,1,balanced_restock,0.07058219394026267,0.9006619747572961,0.02875583130244103,-1.4585250650405595,0.8664707215122507,0.0,0.0,none
inventory,ppo,13,596,0.0,8.685446326770863,1.886675132513901,0.1961651901858142,1,balanced_restock,0.06329870422050927,0.9134617744666452,0.023239521312845526,-1.9951684890736043,1.0119596461689218,0.0,0.0,none
inventory,ppo,13,597,0.0,7.70197826995673,2.1050089924906894,0.29199437304885795,1,balanced_restock,0.07438265289144018,0.8939011740075818,0.03171617310097801,-1.9155179056092413,1.4647292918096175,0.0,0.0,none
inventory,ppo,13,598,0.0,8.939248863519953,2.888840016245395,0.2777710545730788,2,high_restock,0.07131215584773383,0.8979851921630774,0.03070265198918891,-3.064805695168726,0.1763321590338124,0.0,0.0,none
inventory,ppo,13,599,0.0,8.915780631513632,2.9129880261497285,0.4508581598515582,1,balanced_restock,0.07148297858583741,0.8984394568863072,0.030077564527855195,-3.2527410923144275,0.5118207715502728,0.0,0.0,none
