env,policy,seed,t,q,mu,sigma,rho,a,action_label,p0,p1,p2,r,state_delta,intervention_active,intervention_start,intervention_name
traffic,dqn,17,0,22.0,19.01388273206096,1.6170588606954928,0.275,2,balanced,1.5170981704174066e-34,2.1832705686070615e-65,1.0,-2.5915915270167895,17.186236195829085,0.0,0.0,none
traffic,dqn,17,1,36.924823392537945,23.572466718913557,8.814340887439068,0.4615602924067243,2,balanced,1.8398250867393428e-34,2.2363524821347675e-48,1.0,-3.0090467647004933,6.530271545657531,0.0,0.0,none
traffic,dqn,17,2,42.97421370996162,26.014315849855876,9.098907366841324,0.5371776713745202,2,balanced,9.369038495804894e-32,3.493503470736667e-43,1.0,-4.101176532529102,15.42971955048506,0.0,0.0,none
traffic,dqn,17,3,57.80367815163799,30.0276150090025,10.52098269191322,0.7225459768954748,2,balanced,1.6462823734750538e-23,6.976090090060336e-32,1.0,-4.991886307294834,13.395775728767727,0.0,0.0,none
traffic,dqn,17,4,70.29702342995988,34.37873361134952,8.421813816864962,0.8787127928744984,2,balanced,8.560145636338362e-05,3.0589659320414866e-18,0.9999143985436367,-6.1703619056399654,17.402789544504582,0.0,0.0,none
traffic,dqn,17,5,86.55842393551183,38.91168478710237,4.1955174973930935,1.0,2,balanced,0.011608561366599058,3.583403628251422e-17,0.9883914386334008,-7.3587676510431725,18.01506254575228,0.0,0.0,none
traffic,dqn,17,6,104.56230305767856,39.52749593302813,4.349113442420739,1.0,2,balanced,0.3216730482132378,1.8296313832609738e-16,0.6783269517867621,-8.69286421322711,15.92732917640982,0.0,0.0,none
traffic,dqn,17,7,120.32601712493151,41.470360682993984,3.161506578619781,1.0,0,prioritize_ns,0.8236832425907038,6.58659114231605e-17,0.17631675740929628,-10.059582134064822,20.62973777502803,0.0,0.0,none
traffic,dqn,17,8,140.91787901890552,42.622840173453504,3.644306154002317,1.0,0,prioritize_ns,0.8292847199577505,1.006089721643726e-17,0.17071528004224953,-10.863276188933918,13.548996313141368,0.0,0.0,none
traffic,dqn,17,9,154.42760663034878,42.826116640077785,2.633742135128242,1.0,0,prioritize_ns,0.8235413724071866,6.910584663968641e-18,0.17645862759281344,-12.13258768083424,18.11061789463703,0.0,0.0,none
traffic,dqn,17,10,172.53442735977615,43.19520068485286,2.669805493523838,1.0,0,prioritize_ns,0.8236832425907038,2.434568340275478e-18,0.17631675740929628,-13.003718176795523,11.285998999317602,0.0,0.0,none
traffic,dqn,17,11,183.6476849638127,41.817076381226826,4.073390988845275,1.0,0,prioritize_ns,0.825026539966124,2.64055421588083e-18,0.17497346003387607,-14.138513802783995,16.21003331867655,0.0,0.0,none
traffic,dqn,17,12,199.8574723074924,41.90629103651217,4.077291061653021,1.0,0,prioritize_ns,0.8241790822663343,1.2515160298335251e-18,0.1758209177336658,-14.558522282931836,6.684096416849638,0.0,0.0,none
traffic,dqn,17,13,205.7913052613228,38.97468524848345,5.011346139994243,1.0,0,prioritize_ns,0.81684509245858,6.240996898395814e-18,0.18315490754142008,-15.422977156448901,12.760489839627294,0.0,0.0,none
traffic,dqn,17,14,218.55001062715732,38.82448079936171,4.8597646156550445,1.0,0,prioritize_ns,0.8142744377219298,4.303099469573041e-18,0.1857255622780703,-15.977398947190293,9.36760752979425,0.0,0.0,none
traffic,dqn,17,15,227.66383061896715,37.0258806518382,3.6533677081350797,1.0,0,prioritize_ns,0.7987367989110776,1.6661763225969074e-17,0.20126320108892234,-16.848301172086195,11.54956118115272,0.0,0.0,none
traffic,dqn,17,16,239.20862603260332,37.112188213758124,3.973700877242803,1.0,0,prioritize_ns,0.7999116375856443,8.656723110081026e-18,0.20008836241435562,-17.09853838536681,5.187117848621493,0.0,0.0,none
traffic,dqn,17,17,243.79700816365158,34.787907171231836,3.3023897494357484,1.0,0,prioritize_ns,0.7846492570213327,4.990233992801971e-17,0.2153507429786673,-17.068431852397023,2.626095529667956,0.0,0.0,none
traffic,dqn,17,18,242.884641007243,33.41866714918403,5.349130002831736,1.0,0,prioritize_ns,0.7914989334100753,7.175458834653228e-17,0.20850106658992473,-17.330905253729416,3.81097244105047,0.0,0.0,none
traffic,dqn,17,19,246.1582016674258,31.521638208053695,4.892410453147612,1.0,0,prioritize_ns,0.7794058019418018,2.9632263887260167e-16,0.22059419805819785,-17.623989118461115,4.116805552767826,0.0,0.0,none
traffic,dqn,17,20,250.1332456293467,30.49388300207591,4.591025820689793,1.0,0,prioritize_ns,0.7721013557261093,5.929783275035862e-16,0.22789864427389028,-18.143812478386668,5.755065162635403,0.0,0.0,none
traffic,dqn,17,21,255.64727714877233,29.2877302232338,3.467893191365987,1.0,0,prioritize_ns,0.757883980140768,1.6703217509417135e-15,0.2421160198592303,-18.186007832084133,2.823496698659185,0.0,0.0,none
traffic,dqn,17,22,253.6955338169111,27.97970513065191,5.033748207339914,1.0,0,prioritize_ns,0.7623356107994241,2.8191938563012155e-15,0.23766438920057295,-18.470445268085673,3.219338967727909,0.0,0.0,none
traffic,dqn,17,23,256.8120062494505,28.785473048441514,4.983938278467262,1.0,0,prioritize_ns,0.7656809698902319,1.3877655193736741e-15,0.23431903010976673,-18.32202222358863,4.516980074295509,0.0,0.0,none
traffic,dqn,17,24,252.9002868771627,27.348417041947393,6.726473953353147,1.0,0,prioritize_ns,0.7706805954376738,2.6358694755337335e-15,0.22931940456232372,-18.301069915900726,1.3979550531567806,0.0,0.0,none
traffic,dqn,17,25,251.9167876789658,26.356708409923822,6.785817419400822,1.0,0,prioritize_ns,0.7662936430859554,5.602820614102119e-15,0.23370635691403896,-18.495638558577614,1.3132169008444874,0.0,0.0,none
traffic,dqn,17,26,252.76157262847335,25.422859095940208,6.413255375545777,1.0,0,prioritize_ns,0.759002186418546,1.2210345527794446e-14,0.24099781358144187,-18.40683702105392,2.3528029382786686,0.0,0.0,none
traffic,dqn,17,27,250.44625480091563,25.35014419680091,6.8251990212174825,1.0,0,prioritize_ns,0.7616714724262235,1.2370513991236424e-14,0.23832852757376422,-18.985269330858124,6.005004029369295,0.0,0.0,none
traffic,dqn,17,28,256.1642576436447,25.870450278838838,8.58411870792236,1.0,0,prioritize_ns,0.7755198151189456,3.676233174277063e-15,0.2244801848810507,-19.0787852625587,0.8843692678060299,0.0,0.0,none
traffic,dqn,17,29,255.60096744829576,26.54013611422662,8.711923400889773,1.0,0,prioritize_ns,0.7796156087719431,2.198169215737734e-15,0.22038439122805467,-19.668533937330384,7.717572746479331,0.0,0.0,none
traffic,dqn,17,30,263.0200928077089,28.220661025748637,10.013208926924328,1.0,0,prioritize_ns,0.7949426811630608,3.0061065998532176e-16,0.205057318836939,-19.685756232847798,1.0135517907671232,0.0,0.0,none
traffic,dqn,17,31,262.2263601857145,27.89295751144824,10.551619703250612,1.0,0,prioritize_ns,0.796846339199618,3.306238171096813e-16,0.2031536608003816,-20.2360464388794,7.523267779990361,0.0,0.0,none
traffic,dqn,17,32,269.5010107311142,29.810951186039716,10.569446536505394,1.0,0,prioritize_ns,0.8047130321052022,5.861900737453912e-17,0.19528696789479796,-20.717671588265294,5.94873263976903,0.0,0.0,none
traffic,dqn,17,33,275.43907561688036,29.85496359464714,10.922813682365048,1.0,0,prioritize_ns,0.8064718625835106,3.9306378551478213e-17,0.19352813741648947,-21.69434937854893,12.773590262393794,0.0,0.0,none
traffic,dqn,17,34,287.90106117970106,32.46001874628107,11.960701769065857,1.0,0,prioritize_ns,0.8223318533430608,2.391723349952629e-18,0.17766814665693917,-22.167744019083415,6.134689711793855,0.0,0.0,none
traffic,dqn,17,35,294.027166721301,32.20141478271843,12.156591388999015,1.0,0,prioritize_ns,0.8218319303815607,2.0970816333645966e-18,0.17816806961843926,-23.604054873084287,20.057768248842937,0.0,0.0,none
traffic,dqn,17,36,313.62140164117454,36.27900829109202,13.480697204094495,1.0,0,prioritize_ns,0.8431216547086122,2.884294981812419e-20,0.15687834529138767,-24.48717612661317,10.351189751398366,0.0,0.0,none
traffic,dqn,17,37,323.93769575914075,36.88733700560531,14.073268816786982,1.0,0,prioritize_ns,0.8475265949164323,9.768724690664809e-21,0.15247340508356758,-25.591695970874966,15.494109648394863,0.0,0.0,none
traffic,dqn,17,38,339.3130394116264,38.77479275894922,13.751163021090441,1.0,0,prioritize_ns,0.8515211774096989,1.4132609920513681e-21,0.1484788225903012,-27.173742650047945,21.12758060671125,0.0,0.0,none
traffic,dqn,17,39,360.31032346524967,40.481852457109724,15.355741424115678,1.0,0,prioritize_ns,0.8632187447377327,9.62178833725417e-23,0.13678125526226728,-28.333967889452072,16.07627216078447,0.0,0.0,none
traffic,dqn,17,40,376.1856657819668,42.43169981213316,13.737678320657718,1.0,0,prioritize_ns,0.8613633754794734,2.0174208257702427e-23,0.1386366245205266,-29.263885948217112,12.001162054208093,0.0,0.0,none
traffic,dqn,17,41,388.07896709344254,40.891513090453586,14.190557364305816,1.0,0,prioritize_ns,0.8575892974712778,3.2922438645148864e-23,0.14241070252872232,-30.08670181484422,10.444733938817961,0.0,0.0,none
traffic,dqn,17,42,398.51472768362885,40.91540638489762,14.622757627483354,1.0,0,prioritize_ns,0.8588370200175164,1.8075078180627104e-23,0.14116297998248356,-31.457226219204617,16.58846803299646,0.0,0.0,none
traffic,dqn,17,43,415.0637154047721,41.15013519862915,15.742212615948555,1.0,0,prioritize_ns,0.8636793100018363,5.1976329890911144e-24,0.1363206899981638,-32.911631691092815,18.37572723604066,0.0,0.0,none
traffic,dqn,17,44,433.43169140389995,40.624273587730066,15.833200060205897,1.0,0,prioritize_ns,0.8610715739709943,3.44854658987608e-24,0.1389284260290056,-34.48969911608095,20.85202701865804,0.0,0.0,none
traffic,dqn,17,45,454.20402815291175,41.603672474189,17.368724268319134,1.0,0,prioritize_ns,0.8696592415619052,4.15977832534545e-25,0.13034075843809484,-35.75539845470234,13.87791925340026,0.0,0.0,none
traffic,dqn,17,46,468.02563675622025,41.98933393255555,18.556597856028095,1.0,0,prioritize_ns,0.8750414377695188,1.171393504760364e-25,0.12495856223048117,-36.86848127718447,11.90452561333901,0.0,0.0,none
traffic,dqn,17,47,479.88512914620514,42.27408029251526,19.551127815870743,1.0,0,prioritize_ns,0.8792504866457316,4.119669976843762e-26,0.12074951335426835,-38.13067986316728,15.750684735440688,0.0,0.0,none
traffic,dqn,17,48,495.61419139534536,42.11009519811464,20.359694007799963,1.0,0,prioritize_ns,0.8810531717609313,1.8309462859443956e-26,0.11894682823906869,-38.72489668653753,7.149020516507713,0.0,0.0,none
traffic,dqn,17,49,501.93119056790977,39.699899832801954,22.682402362349457,1.0,0,prioritize_ns,0.8828830286820242,3.820212733031882e-26,0.11711697131797587,-39.51702504946689,7.502890626268589,0.0,0.0,none
traffic,dqn,17,50,508.88765329829323,36.936725029076285,23.198017562465303,1.0,0,prioritize_ns,0.8764758704129971,1.8612676407464268e-25,0.1235241295870029,-40.21591185174942,6.442178150499533,0.0,0.0,none
traffic,dqn,17,51,514.9701861500226,35.38890987876049,24.650161388282477,1.0,0,prioritize_ns,0.8773192131610513,2.7790853460260154e-25,0.1226807868389487,-40.578430674273946,3.3565341891896865,0.0,0.0,none
traffic,dqn,17,52,517.0525924134145,33.43349265344185,26.412616889086106,1.0,0,prioritize_ns,0.8785749378801028,5.978684710487221e-25,0.12142506211989729,-41.28004348817324,6.1459905711427965,0.0,0.0,none
traffic,dqn,17,53,522.7250789522031,31.42217751137155,25.16734263531066,1.0,0,prioritize_ns,0.8668104328150339,3.195002042874194e-24,0.13318956718496608,-41.74724039794846,3.766539467552249,0.0,0.0,none
traffic,dqn,17,54,526.2631036291816,30.866382612254352,26.333658619868665,1.0,0,prioritize_ns,0.8699357302881339,2.8008777524200768e-24,0.13006426971186616,-42.26559482052926,4.113667738362222,0.0,0.0,none
traffic,dqn,17,55,530.2391209972081,30.270293539782973,27.204420337259673,1.0,0,prioritize_ns,0.871529541782677,2.745026204380628e-24,0.12847045821732303,-42.661168752354385,2.8767112947975577,0.0,0.0,none
traffic,dqn,17,56,532.9123382041596,29.588430410827364,28.019552419468074,1.0,0,prioritize_ns,0.87267326142606,3.088857534687363e-24,0.12732673857393992,-43.41219576829536,8.520180359363952,0.0,0.0,none
traffic,dqn,17,57,541.1873926813341,30.826960053583917,29.626721072689712,1.0,0,prioritize_ns,0.8824278664544911,5.054167528427761e-25,0.11757213354550883,-43.52056948424561,2.8767225964169323,0.0,0.0,none
traffic,dqn,17,58,539.8296990956006,29.42092402867949,31.73747063639092,1.0,0,prioritize_ns,0.8866659755107382,7.421631956515405e-25,0.11333402448926168,-43.62188821410252,2.2691712554791583,0.0,0.0,none
traffic,dqn,17,59,538.4649083650527,28.44036094717423,33.262259307549044,1.0,0,prioritize_ns,0.8898164101481629,9.690338847601378e-25,0.11018358985183704,-43.920243781316955,1.543196200985257,0.0,0.0,none
traffic,dqn,17,60,539.0063696239648,27.753449725351334,34.53364720790298,1.0,0,prioritize_ns,0.8925625233915799,1.0241590118230813e-24,0.10743747660842011,-44.20089961581126,2.6567138101630703,0.0,0.0,none
traffic,dqn,17,61,541.6182110567086,27.74117457050979,35.019715021986464,1.0,0,prioritize_ns,0.8941903875496509,7.851471104503619e-25,0.10580961245034907,-44.552519538263695,5.123685254678435,0.0,0.0,none
traffic,dqn,17,62,546.5723639673229,27.07699425719776,33.893933498479484,1.0,0,prioritize_ns,0.887935471334355,1.5309690019806105e-24,0.11206452866564492,-45.22843436049578,8.207056672493957,0.0,0.0,none
traffic,dqn,17,63,554.4383742441664,28.921735029713147,35.33566614787691,1.0,0,prioritize_ns,0.8976504404031856,1.7187782373538284e-25,0.10234955959681427,-45.692519437329736,6.06532909906946,0.0,0.0,none
traffic,dqn,17,64,560.3126498297286,30.36954829293516,34.905619429803515,1.0,0,prioritize_ns,0.8995192720695291,5.307030553770725e-26,0.10048072793047104,-46.390420577976656,8.387214616261573,0.0,0.0,none
traffic,dqn,17,65,568.556520709628,31.91003021713263,35.009914089297745,1.0,0,prioritize_ns,0.9032942067038784,1.1564885036715067e-26,0.09670579329612154,-46.779259103550686,6.759349078433221,0.0,0.0,none
traffic,dqn,17,66,575.160990755793,32.70855593981689,33.81319689478751,1.0,0,prioritize_ns,0.9008791448995754,7.28860218570493e-27,0.09912085510042459,-47.255372819878005,6.5487849739920225,0.0,0.0,none
traffic,dqn,17,67,581.6975846474222,33.02504413601987,33.56955750313712,1.0,0,prioritize_ns,0.9004860393354017,4.7615934082822e-27,0.09951396066459814,-47.788566107499946,8.081338108645596,0.0,0.0,none
traffic,dqn,17,68,589.7779410637197,33.06791336391066,33.451117471274515,1.0,0,prioritize_ns,0.8998277813740775,3.423794808610848e-27,0.10017221862592252,-48.26967986959828,6.606498337829113,0.0,0.0,none
traffic,dqn,17,69,596.3825488407487,33.213979802204015,33.390776813738334,1.0,0,prioritize_ns,0.8996515935589441,2.378085841274375e-27,0.10034840644105592,-49.131104584811325,12.953549121889557,0.0,0.0,none
traffic,dqn,17,70,609.2206254017176,34.13282093841793,34.8515834519717,1.0,0,prioritize_ns,0.9061560406079822,4.273581043174133e-28,0.09384395939201788,-49.697244332479585,8.77403287370498,0.0,0.0,none
traffic,dqn,17,71,617.9768796024528,34.56317776933194,34.49597377964931,1.0,0,prioritize_ns,0.9055731149422439,2.4298846371353163e-28,0.09442688505775607,-50.383450764877416,10.33541003364001,0.0,0.0,none
traffic,dqn,17,72,628.2788147239958,35.31624601531471,34.144233062817115,1.0,0,prioritize_ns,0.9057399952920315,1.0175752359262944e-28,0.09426000470796847,-50.70892583376017,6.132484671915926,0.0,0.0,none
traffic,dqn,17,73,634.3964041786614,34.92369262298836,33.97580103017437,1.0,0,prioritize_ns,0.9039745112122062,1.1159541058063742e-28,0.09602548878779378,-51.67585744782115,12.39882154324836,0.0,0.0,none
traffic,dqn,17,74,646.7318107917931,36.06985239020891,34.480614993958824,1.0,0,prioritize_ns,0.9076811262619064,2.3974234897099834e-29,0.0923188737380936,-52.51180189575422,12.647990178214357,0.0,0.0,none
traffic,dqn,17,75,659.3764479542083,36.03116451049815,34.19198057633041,1.0,0,prioritize_ns,0.9060729634534851,1.6027844701113183e-29,0.0939270365465149,-53.14733051644775,9.855361507671192,0.0,0.0,none
traffic,dqn,17,76,669.2233271371335,36.24928950693619,33.84623169391823,1.0,0,prioritize_ns,0.9050289248529941,1.0161283142122162e-29,0.09497107514700584,-53.81881562243127,8.195131272917056,0.0,0.0,none
traffic,dqn,17,77,677.3817681249413,35.82059068018913,34.49139411125699,1.0,0,prioritize_ns,0.905698299993216,7.969898264854962e-30,0.09430170000678399,-54.31575262186459,7.364808939981141,0.0,0.0,none
traffic,dqn,17,78,684.729935151934,36.066706194654515,34.06211655607445,1.0,0,prioritize_ns,0.9045662655332045,5.647197051890468e-30,0.09543373446679537,-55.35658699192969,12.18250390708838,0.0,0.0,none
traffic,dqn,17,79,696.8780796984818,36.029253781337744,34.97567161141709,1.0,0,prioritize_ns,0.9068595405620415,2.561831897128954e-30,0.09314045943795857,-56.5165300871236,13.591202361157865,0.0,0.0,none
traffic,dqn,17,80,710.4056811314867,36.20584663545567,36.2770539747444,1.0,0,prioritize_ns,0.9107837412900653,8.183482343125322e-31,0.08921625870993474,-57.40927599786502,8.47243760659106,0.0,0.0,none
traffic,dqn,17,81,718.7028509112815,35.89590475482957,37.9632060062862,1.0,0,prioritize_ns,0.9148248917604958,4.101006630334762e-31,0.08517510823950429,-57.96100229777673,6.763024840771252,0.0,0.0,none
traffic,dqn,17,82,725.4273978498334,35.609125944978395,38.62406255828705,1.0,0,prioritize_ns,0.9158089190054228,3.056852083394891e-31,0.08419108099457717,-58.91982067736087,9.88589568456545,0.0,0.0,none
traffic,dqn,17,83,735.2374467238835,36.10150231438989,39.74274038755795,1.0,0,prioritize_ns,0.9196425311777929,9.612028071139842e-32,0.08035746882220708,-59.674742782445136,6.489205576498885,0.0,0.0,none
traffic,dqn,17,84,741.3519860992835,34.89478128016035,41.54995415086743,1.0,0,prioritize_ns,0.9219921007855413,9.855481426190915e-32,0.07800789921445879,-60.788481858198,12.126587726005834,0.0,0.0,none
traffic,dqn,17,85,753.4451749746474,34.60789876863217,42.402369029825365,1.0,0,prioritize_ns,0.9231777955470523,5.503193737059856e-32,0.07682220445294782,-61.20957945440992,3.6790613840123143,0.0,0.0,none
traffic,dqn,17,86,756.1764282080971,33.494715459363135,44.60158965588042,1.0,0,prioritize_ns,0.9267027235112548,5.302211310034038e-32,0.07329727648874512,-61.777355389952945,4.898717110773496,0.0,0.0,none
traffic,dqn,17,87,760.8534392773694,33.08520828550719,45.99991031433134,1.0,0,prioritize_ns,0.9293763330618007,3.6689706133770636e-32,0.07062366693819944,-62.41525167491889,5.625068434906542,0.0,0.0,none
traffic,dqn,17,88,766.3173146776268,32.21597359074862,47.01573094479323,1.0,0,prioritize_ns,0.9300781630021641,3.939203372641387e-32,0.06992183699783601,-63.1884487595024,6.58952989313483,0.0,0.0,none
traffic,dqn,17,89,772.7014105039314,32.26988488092955,48.64739214304148,1.0,0,prioritize_ns,0.9338543242032589,1.6600808036607256e-32,0.06614567579674105,-64.47778091145048,14.166378481441829,0.0,0.0,none
traffic,dqn,17,90,786.6809566487016,32.64715633481079,50.90930176010949,1.0,0,prioritize_ns,0.9390807104104043,3.229909825085095e-33,0.06091928958959573,-64.92250216684529,3.505093361967363,0.0,0.0,none
traffic,dqn,17,91,790.0619935048765,32.777113059355834,51.82438673050308,1.0,0,prioritize_ns,0.9411693956017185,1.8625407584909177e-33,0.05883060439828138,-65.762306841148,9.408008056914802,0.0,0.0,none
traffic,dqn,17,92,799.3829825290463,33.705908650335374,52.70023943527455,1.0,0,prioritize_ns,0.9440738263146949,4.691591853417239e-34,0.05592617368530503,-66.97654729099375,14.090533019328486,0.0,0.0,none
traffic,dqn,17,93,813.2692959882867,35.39039626213198,54.39609342846225,1.0,0,prioritize_ns,0.9492005402963102,4.2030229108685635e-35,0.050799459703689945,-67.84521938081974,8.018627510550731,0.0,0.0,none
traffic,dqn,17,94,821.158246849705,35.691367269154725,55.800464430732994,1.0,0,prioritize_ns,0.9519079548684388,1.494128184204684e-35,0.048092045131561324,-68.53262740084827,7.340991044156597,0.0,0.0,none
traffic,dqn,17,95,828.365426644959,34.33689399925149,56.13529434335705,1.0,0,prioritize_ns,0.9505947548144925,2.699147067591769e-35,0.04940524518550734,-69.40440355528249,9.960984795029386,0.0,0.0,none
traffic,dqn,17,96,838.239990177153,35.63559933445531,55.96922933263948,1.0,0,prioritize_ns,0.9517288138635259,7.195609268091923e-36,0.048271186136474104,-70.21129258054896,9.294030300841289,0.0,0.0,none
traffic,dqn,17,97,847.4999275464731,35.623389003485386,56.76447147000519,1.0,0,prioritize_ns,0.9528381329658233,3.755677642747179e-36,0.04716186703417665,-70.76461578151358,7.172772117725282,0.0,0.0,none
traffic,dqn,17,98,854.4843204430642,34.243004890955525,55.891857339509755,1.0,0,prioritize_ns,0.9493885651109318,1.0546295575909908e-35,0.05061143488906803,-71.69459866993056,11.487127976901412,0.0,0.0,none
traffic,dqn,17,99,865.8884114236396,34.946032914786905,57.07784623582326,1.0,0,prioritize_ns,0.9520418961921002,2.5891742079225797e-36,0.04795810380789981,-72.2843962530087,8.13450164368479,0.0,0.0,none
traffic,dqn,17,100,874.02060954844,35.1310365806962,57.02088753409022,1.0,0,prioritize_ns,0.9519972884918988,1.6376860786172754e-36,0.04800271150810122,-72.87939432036467,8.610424562514345,0.0,0.0,none
traffic,dqn,17,101,882.6269479661476,34.87739155779891,56.94333504218369,1.0,0,prioritize_ns,0.9513234279682939,1.4176797282965992e-36,0.04867657203170606,-74.10052747489681,18.133553623257935,0.0,0.0,none
traffic,dqn,17,102,900.5306366738348,36.60614182547231,59.24444785511186,1.0,0,prioritize_ns,0.9567959640765575,8.438287265035569e-38,0.043204035923442435,-74.59121741733406,6.880092317607764,0.0,0.0,none
traffic,dqn,17,103,907.4103900203281,36.58521391545275,59.30945718368559,1.0,0,prioritize_ns,0.9567151548042914,6.282531601818105e-38,0.04328484519570855,-75.31534539341473,10.450741265870974,0.0,0.0,none
traffic,dqn,17,104,917.859225785148,36.394162872301685,59.25180594858024,1.0,0,prioritize_ns,0.9561863669391407,4.776856316846225e-38,0.04381363306085918,-75.96234092979616,9.30443524190747,0.0,0.0,none
traffic,dqn,17,105,927.1598376708841,36.62784562448881,59.123252095722556,1.0,0,prioritize_ns,0.9559813501370537,2.8406615691467847e-38,0.04401864986294638,-76.4330561129138,8.479418251587894,0.0,0.0,none
traffic,dqn,17,106,935.6185881908439,36.598328044939265,58.53231873320139,1.0,0,prioritize_ns,0.9548583556593461,2.4941683028757183e-38,0.045141644340653896,-76.76892032549992,6.942934230006431,0.0,0.0,none
traffic,dqn,17,107,941.5857797654418,34.2110286183214,55.90595967893772,1.0,0,prioritize_ns,0.9469411833996276,2.819721037578418e-37,0.053058816600372455,-77.14209642680979,5.956003344186456,0.0,0.0,none
traffic,dqn,17,108,947.5388067103239,34.025683337999176,55.87289676119385,1.0,0,prioritize_ns,0.9463988589047058,2.550924152446976e-37,0.053601141095294236,-77.9669629410522,11.543892740072385,0.0,0.0,none
traffic,dqn,17,109,959.0735866598162,34.242872174933645,56.27680283962953,1.0,0,prioritize_ns,0.9472348095807392,1.16664894268981e-37,0.05276519041926073,-78.45363000046757,7.912828319727491,0.0,0.0,none
traffic,dqn,17,110,966.971430068804,33.962318479584,55.87904521416515,1.0,0,prioritize_ns,0.9458513081811414,1.1821351930696809e-37,0.05414869181885868,-78.57953231322618,2.6897732382664654,0.0,0.0,none
traffic,dqn,17,111,969.2101756256934,32.7183174869699,56.70084807080267,1.0,0,prioritize_ns,0.9456508945074971,2.0521093019546702e-37,0.05434910549250292,-79.13652118941847,6.935776051254689,0.0,0.0,none
traffic,dqn,17,112,976.1350697657748,32.909858000066606,57.038698353719724,1.0,0,prioritize_ns,0.9463492981834316,1.18622777728133e-37,0.05365070181656839,-79.21480119725598,1.8239714312653894,0.0,0.0,none
traffic,dqn,17,113,976.3063539303037,31.753509443995956,58.43883818028252,1.0,0,prioritize_ns,0.9474297072238866,1.726235081180551e-37,0.05257029277611333,-79.70880939456369,5.741757254730863,0.0,0.0,none
traffic,dqn,17,114,981.8864099084606,30.562564649728877,57.79665273206836,1.0,0,prioritize_ns,0.9443310728754559,4.123450412976633e-37,0.05566892712454414,-79.87393668135194,2.1360318024662464,0.0,0.0,none
traffic,dqn,17,115,983.6220445027398,29.330122886787137,57.619758081935665,1.0,0,prioritize_ns,0.9420819125605256,1.0191278072932642e-36,0.05791808743947446,-79.78938060451316,3.960001061084606,0.0,0.0,none
traffic,dqn,17,116,980.3312928559174,28.2242234460448,59.524895460103615,1.0,0,prioritize_ns,0.9443823883953985,1.3882260726658315e-36,0.055617611604601505,-79.52310490829436,6.288506212013663,0.0,0.0,none
traffic,dqn,17,117,974.6402784292177,25.701041732688587,60.414400499446,1.0,0,prioritize_ns,0.9426124653246067,8.487977984698671e-36,0.0573875346753933,-79.60750998322011,2.5229947180717778,0.0,0.0,none
traffic,dqn,17,118,972.4869224654944,25.236113707038164,61.644198194955486,1.0,0,prioritize_ns,0.9444848859112394,8.621914229465495e-36,0.05551511408876055,-80.14315417290761,4.0225551986041275,0.0,0.0,none
traffic,dqn,17,119,976.4154040444917,24.905798827206226,62.443494691543776,1.0,0,prioritize_ns,0.9455001256588014,7.113697065849675e-36,0.0544998743411987,-80.19507237242101,1.779302026356599,0.0,0.0,none
traffic,dqn,17,120,974.8441564739621,24.24442239424449,62.95308078537345,1.0,0,prioritize_ns,0.9455001256588014,1.0441739134068162e-35,0.0544998743411987,-80.46467574249729,3.28227575952502,0.0,0.0,none
traffic,dqn,17,121,977.8037501866513,25.49449146614682,63.62499337853528,1.0,0,prioritize_ns,0.9484895434183872,2.8917403591806027e-36,0.05151045658161292,-81.07207711336919,5.324003894682683,0.0,0.0,none
traffic,dqn,17,122,982.6423806166181,27.600420437480096,64.33049759574105,1.0,0,prioritize_ns,0.9523530495586441,3.879915415301934e-37,0.04764695044135583,-81.90116705852533,7.940536474278686,0.0,0.0,none
traffic,dqn,17,123,990.177261010397,29.53806770898053,65.91896226391674,1.0,0,prioritize_ns,0.9571177628369031,3.887339557768321e-38,0.04288223716309705,-82.51743548610034,7.119088969316317,0.0,0.0,none
traffic,dqn,17,124,997.2062394201103,30.158167075123735,66.8625548904965,1.0,0,prioritize_ns,0.9590393521950873,1.3239624729865942e-38,0.04096064780491269,-83.71670227318597,14.76546103452967,0.0,0.0,none
traffic,dqn,17,125,1011.5422083971998,33.33961038464758,68.4043887072307,1.0,0,prioritize_ns,0.9641530716582061,4.019338194369583e-40,0.03584692834179385,-84.30936937038338,6.828328553933701,0.0,0.0,none
traffic,dqn,17,126,1018.3274872150068,34.10474740567112,68.37933787600684,1.0,0,prioritize_ns,0.9646892026137698,1.7296570820831348e-40,0.035310797386230185,-85.31442929201464,10.461761477259525,0.0,0.0,none
traffic,dqn,17,127,1028.6809271196196,35.207709300600285,69.39826398077508,1.0,0,prioritize_ns,0.9668201687947758,3.480743929477168e-41,0.0331798312052241,-86.60020729349344,16.879045179385816,0.0,0.0,none
traffic,dqn,17,128,1045.3780734104846,37.0401624800175,71.05645192381525,1.0,0,prioritize_ns,0.9700134939339985,2.5076336685749405e-42,0.029986506066001513,-88.01807218239883,18.335262417187952,0.0,0.0,none
traffic,dqn,17,129,1063.5512896772295,39.26901005142385,72.0302573113021,1.0,0,prioritize_ns,0.9724931960183081,1.599346204977104e-43,0.027506803981691776,-88.86972630621553,10.404574344044844,0.0,0.0,none
traffic,dqn,17,130,1073.8990967720993,38.47137767497984,72.76635390833832,1.0,0,prioritize_ns,0.9724931960183081,1.4619207800508648e-43,0.027506803981691776,-90.47783648177429,21.521425729536592,0.0,0.0,none
traffic,dqn,17,131,1095.2130904573353,41.377120648465635,73.43125720184523,1.0,0,prioritize_ns,0.9748690530618772,5.491391864807572e-45,0.025130946938122855,-91.5425559484303,14.014693668420406,0.0,0.0,none
traffic,dqn,17,132,1109.2071833587313,42.10525124782235,73.21485868743,1.0,0,prioritize_ns,0.9749884019816643,1.9147618053624697e-45,0.025011598018335683,-92.58380794473413,12.702409996659853,0.0,0.0,none
traffic,dqn,17,133,1121.8439417232403,41.29317366255117,74.21690048084815,1.0,0,prioritize_ns,0.9752018398044143,1.465554978293986e-45,0.02479816019558566,-93.81842970459732,17.82746728570132,0.0,0.0,none
traffic,dqn,17,134,1139.6709050501129,41.22392307457667,74.10212800524828,1.0,0,prioritize_ns,0.9747971775843293,7.614902443066364e-46,0.025202822415670772,-94.68356773034195,11.617046728319632,0.0,0.0,none
traffic,dqn,17,135,1151.2851385868303,41.47720836294623,74.06747825421819,1.0,0,prioritize_ns,0.974773174620712,3.931219718858897e-46,0.025226825379287925,-95.63977637672156,13.603679529857361,0.0,0.0,none
traffic,dqn,17,136,1164.7243513927035,39.9022521870737,72.66492025057133,1.0,0,prioritize_ns,0.9720986237904434,1.1704252067599902e-45,0.027901376209556714,-96.90513642662916,17.105474899130574,0.0,0.0,none
traffic,dqn,17,137,1181.804143439734,40.51939201620053,73.36998307492655,1.0,0,prioritize_ns,0.9729852096621656,2.845744598296213e-46,0.027014790337834466,-97.84309849782785,12.305835365947516,0.0,0.0,none
traffic,dqn,17,138,1194.1019140735436,40.45159447006064,73.81023866518035,1.0,0,prioritize_ns,0.9732152722214947,1.5370273208204517e-46,0.026784727778505272,-99.1167875728563,15.298441478031952,0.0,0.0,none
traffic,dqn,17,139,1209.3840295593668,39.94262490185079,74.3003487684923,1.0,0,prioritize_ns,0.9731132583642919,1.0039720305388644e-46,0.02688674163570807,-100.46090496553197,18.01480658970924,0.0,0.0,none
traffic,dqn,17,140,1227.3452210805406,41.21201649874207,74.86382066494244,1.0,0,prioritize_ns,0.974288412990169,1.5176015347632528e-47,0.025711587009830984,-101.03052957969179,7.044075301863077,0.0,0.0,none
traffic,dqn,17,141,1233.700317674681,39.79519325639545,77.55163688585658,1.0,0,prioritize_ns,0.9757392586827325,1.3282383986123786e-47,0.02426074131726757,-102.04342761116516,11.460999705969098,0.0,0.0,none
traffic,dqn,17,142,1245.0762675434862,38.65442482075043,78.35221556337007,1.0,0,prioritize_ns,0.9755536309695494,1.4685113905557847e-47,0.024446369030450475,-102.72314267290774,9.3199736236434,0.0,0.0,none
traffic,dqn,17,143,1254.3691347290537,38.053444131102026,78.73083150001449,1.0,0,prioritize_ns,0.9753666188083668,1.365870407171329e-47,0.024633381191633115,-103.28697578855518,6.742274696423498,0.0,0.0,none
traffic,dqn,17,144,1260.8417837691031,36.29155084194724,79.40818999004118,1.0,0,prioritize_ns,0.9747251018697572,3.067013429039251e-47,0.02527489813024264,-103.5518663128001,3.8504325775442454,0.0,0.0,none
traffic,dqn,17,145,1262.9563820632197,33.12223219653585,78.85166109359388,1.0,0,prioritize_ns,0.9718859428738872,3.596804783098638e-46,0.028114057126112837,-104.25337266091584,7.602620456417682,0.0,0.0,none
traffic,dqn,17,146,1270.508420827949,33.36162063065365,79.6938258506199,1.0,0,prioritize_ns,0.9728307684643189,1.6451218439131565e-46,0.027169231535681047,-104.74572430534046,5.819389484390186,0.0,0.0,none
traffic,dqn,17,147,1276.2103749560363,32.226821482510054,79.43839682800719,1.0,0,prioritize_ns,0.9716178771000951,3.293264782527016e-46,0.02838212289990485,-105.08491947611145,2.635104438591676,0.0,0.0,none
traffic,dqn,17,148,1278.210738329788,30.768320720146896,80.3412242209369,1.0,0,prioritize_ns,0.971401639453534,6.573609539889612e-46,0.028598360546466146,-105.40934694797974,2.174145237308712,0.0,0.0,none
traffic,dqn,17,149,1278.7931837220299,29.59027999058545,82.07324180672022,1.0,0,prioritize_ns,0.9722571081173828,8.531020323631134e-46,0.02774289188261737,-105.47668935664976,0.8560890062620821,0.0,0.0,none
traffic,dqn,17,150,1278.7187559369743,29.152474774750942,82.80514035463695,1.0,0,prioritize_ns,0.9727014121390802,9.219439881935711e-46,0.027298587860919855,-105.55584334547342,2.1508980425316966,0.0,0.0,none
traffic,dqn,17,151,1277.4980592416243,27.397927682735094,83.0456117026748,1.0,0,prioritize_ns,0.9716716880201136,3.2971571702100914e-45,0.0283283119798864,-105.9522019323513,4.029996748825585,0.0,0.0,none
traffic,dqn,17,152,1281.5139165982007,27.060708328432902,83.03878570382334,1.0,0,prioritize_ns,0.9713473306904065,3.5883328293223436e-45,0.028652669309593447,-106.29390559703023,1.8435359278757046,0.0,0.0,none
traffic,dqn,17,153,1282.9388261290599,26.945617559854384,84.20283538541912,1.0,0,prioritize_ns,0.9724409013306342,2.471411536196001e-45,0.02755909866936563,-106.86462365609847,6.994513160005499,0.0,0.0,none
traffic,dqn,17,154,1289.6345676865296,28.168276792899928,85.81384865069997,1.0,0,prioritize_ns,0.9747251018697572,4.3342850460343416e-46,0.02527489813024264,-107.01798681589136,0.927250881765262,0.0,0.0,none
traffic,dqn,17,155,1290.473198814025,28.350888575410163,86.16476882199085,1.0,0,prioritize_ns,0.9752018398044143,3.2351551965337684e-46,0.02479816019558566,-107.54768451048781,5.2644442830241545,0.0,0.0,none
traffic,dqn,17,156,1295.5729321020021,29.614974572075607,86.49519369030045,1.0,0,prioritize_ns,0.9762653142298868,9.108401501863013e-47,0.023734685770113232,-108.15306570544257,6.728197681497932,0.0,0.0,none
traffic,dqn,17,157,1302.2018598127565,30.137588642911243,87.52127165023879,1.0,0,prioritize_ns,0.9773923886503367,3.292991267982862e-47,0.022607611349663274,-108.03838184894374,2.35189478617457,0.0,0.0,none
traffic,dqn,17,158,1300.212963800655,29.454827534319083,88.57461822514924,1.0,0,prioritize_ns,0.9778834111979205,4.148585180325365e-47,0.022116588802079524,-108.23506394115195,3.0647972604882607,0.0,0.0,none
traffic,dqn,17,159,1303.1505325590042,28.703192974494975,88.12884078477697,1.0,0,prioritize_ns,0.9770006966218517,7.476075730084792e-47,0.022999303378148414,-108.30738642825352,1.2221446992367837,0.0,0.0,none
traffic,dqn,17,160,1304.3657198737048,28.778504211936063,88.02260673384083,1.0,0,prioritize_ns,0.9769347734830501,6.967998623527102e-47,0.02306522651694984,-108.69936697728532,4.697626756762903,0.0,0.0,none
traffic,dqn,17,161,1309.0554728355125,28.696508146702122,88.28181890245337,1.0,0,prioritize_ns,0.9770226300899744,5.572173294291617e-47,0.02297736991002561,-109.05249565474733,4.500862008074222,0.0,0.0,none
traffic,dqn,17,162,1313.5263267978014,28.264893397008997,87.99383909159974,1.0,0,prioritize_ns,0.9764681184484193,7.039889279647087e-47,0.02353188155158074,-109.66635812012412,9.790053036588809,0.0,0.0,none
traffic,dqn,17,163,1323.0420452803924,30.565816295947492,88.03849368194733,1.0,0,prioritize_ns,0.9777987710969442,8.394776276585392e-48,0.022201228903055724,-110.31672582568363,9.15030254232208,0.0,0.0,none
traffic,dqn,17,164,1332.100241116778,31.789941711554796,88.46115403326331,1.0,0,prioritize_ns,0.9787736003754708,1.9978721106983458e-48,0.021226399624529248,-111.14544898432565,11.168059788038052,0.0,0.0,none
traffic,dqn,17,165,1343.0946348786706,33.745783000993114,88.30769365342685,1.0,0,prioritize_ns,0.9796092082819085,3.102598163741072e-49,0.020390791718091508,-111.85198328345675,11.600848662376647,0.0,0.0,none
traffic,dqn,17,166,1354.595834087988,35.108072250495056,87.63965590325341,1.0,0,prioritize_ns,0.9797646796927887,8.744125498408446e-50,0.020235320307211393,-112.87055081152661,14.204338049279253,0.0,0.0,none
traffic,dqn,17,167,1368.6592262554032,37.02657989152031,87.08870345974022,1.0,0,prioritize_ns,0.9802430819947855,1.4073687545591412e-50,0.01975691800521462,-114.19848954951853,18.884545640866815,0.0,0.0,none
traffic,dqn,17,168,1387.3808188071644,38.86775470535446,88.74342751308686,1.0,0,prioritize_ns,0.982151261550011,9.264413105190685e-52,0.017848738449988986,-115.22908709723689,12.93477873128329,0.0,0.0,none
traffic,dqn,17,169,1400.2924762841617,39.63844703347671,88.80372145416626,1.0,0,prioritize_ns,0.982423116732664,2.976401683629066e-52,0.01757688326733593,-116.76371950012727,20.570199093284284,0.0,0.0,none
traffic,dqn,17,170,1420.7399206308867,41.52905715044327,90.01231725531817,1.0,0,prioritize_ns,0.983847165177859,2.0503096689158699e-53,0.016152834822140957,-117.63884387738123,12.296372146061954,0.0,0.0,none
traffic,dqn,17,171,1433.0348397412167,41.68780113064583,89.90968990205167,1.0,0,prioritize_ns,0.9837693843030739,1.126684181302764e-53,0.01623061569692618,-118.61414180468788,11.674215880064985,0.0,0.0,none
traffic,dqn,17,172,1444.6382412345552,41.19580299583042,91.09557692622019,1.0,0,prioritize_ns,0.9841546388118627,6.671478707708576e-54,0.015845361188137366,-119.7560613107184,12.951788937118891,0.0,0.0,none
traffic,dqn,17,173,1457.5122217964145,40.026280597849976,91.89662531749646,1.0,0,prioritize_ns,0.9840016286382053,7.066061357385513e-54,0.01599837136179475,-121.09613085754084,15.281290033144698,0.0,0.0,none
traffic,dqn,17,174,1472.727003728735,40.48690548891467,93.24423822139295,1.0,0,prioritize_ns,0.9848401390558006,1.673218074399518e-54,0.015159860944199459,-122.08733923834419,9.459464376886379,0.0,0.0,none
traffic,dqn,17,175,1481.901338586722,38.232283591167054,93.72353594651402,1.0,0,prioritize_ns,0.9840936082881853,5.180231923254374e-54,0.01590639171181471,-122.87593909410754,7.3923427962472195,0.0,0.0,none
traffic,dqn,17,176,1488.7825530364748,37.14954265905162,96.19806454559352,1.0,0,prioritize_ns,0.9850141100116382,3.720111054317948e-54,0.01498588998836185,-123.54092514163544,5.869916936968746,0.0,0.0,none
traffic,dqn,17,177,1494.0357604552646,35.879503844141944,98.48864047114314,1.0,0,prioritize_ns,0.9857180660748888,3.504055657253767e-54,0.014281933925111153,-124.76501230516033,12.886498554466543,0.0,0.0,none
traffic,dqn,17,178,1506.8185064670324,35.86125693412363,100.12048496225654,1.0,0,prioritize_ns,0.986454808987919,1.188434559844629e-54,0.013545191012080945,-125.31185682285096,4.088216863416902,0.0,0.0,none
traffic,dqn,17,179,1509.7873350664395,33.41206626754092,101.4992666521528,1.0,0,prioritize_ns,0.9862046355788149,4.058846944342022e-54,0.013795364421185227,-126.09987458553076,6.044712554590908,0.0,0.0,none
traffic,dqn,17,180,1515.4955686393464,32.71884601052487,103.36315104235243,1.0,0,prioritize_ns,0.9868660772502583,2.824377958713987e-54,0.01313392274974158,-126.4719644417666,2.6848700526288165,0.0,0.0,none
traffic,dqn,17,181,1516.603162431203,31.5641218789456,105.51916017305955,1.0,0,prioritize_ns,0.9874962070929073,3.037977767608712e-54,0.012503792907092767,-126.96962972032665,4.921343890965546,0.0,0.0,none
traffic,dqn,17,182,1521.4586763550562,31.484583179958328,106.31746075791078,1.0,0,prioritize_ns,0.987794098235795,2.002710506193298e-54,0.012205901764204979,-127.6289200016719,7.172531857499146,0.0,0.0,none
traffic,dqn,17,183,1528.4578565089707,30.3278700083877,105.25977221273095,1.0,0,prioritize_ns,0.9868153502832675,5.084147524673866e-54,0.013184649716732577,-128.1925490216064,6.5535804237115824,0.0,0.0,none
traffic,dqn,17,184,1534.9490854386352,31.032350074439147,105.82286295966203,1.0,0,prioritize_ns,0.9873140386536431,1.8896624570166093e-54,0.01268596134635695,-128.64415044581847,2.914969926626508,0.0,0.0,none
traffic,dqn,17,185,1537.235946611222,30.34807559437516,107.49590930880619,1.0,0,prioritize_ns,0.987841105940262,1.610872030253381e-54,0.01215889405973805,-129.28832522732813,5.598780992597447,0.0,0.0,none
traffic,dqn,17,186,1542.7285134015501,31.22507019406944,108.1353927948814,1.0,0,prioritize_ns,0.9883802284022112,5.346225208992402e-55,0.011619771597788748,-129.69530731463317,3.4046001548514586,0.0,0.0,none
traffic,dqn,17,187,1545.930174523627,30.894299633714162,109.24501395104127,1.0,0,prioritize_ns,0.9887337034579725,4.0885632416213134e-55,0.01126629654202747,-129.8081622307387,2.2357015532025426,0.0,0.0,none
traffic,dqn,17,188,1545.2551332322942,29.359455344664646,110.72384243952798,1.0,0,prioritize_ns,0.9888742472946889,7.928351502256968e-55,0.011125752705311033,-130.18176701962355,2.752794215818848,0.0,0.0,none
traffic,dqn,17,189,1547.8641398964903,28.58301089157098,111.13383540542596,1.0,0,prioritize_ns,0.9888203983014915,1.1006826558453705e-54,0.01117960169850862,-130.95868940020776,10.940557254230768,0.0,0.0,none
traffic,dqn,17,190,1558.5017018704707,30.253151051849688,113.06999142389458,1.0,0,prioritize_ns,0.9899864293768268,1.048284620554353e-55,0.010013570623173138,-131.4596579208557,6.057834510035417,0.0,0.0,none
traffic,dqn,17,191,1564.543058700055,30.362909059700986,113.50279598524122,1.0,0,prioritize_ns,0.9901496739612133,6.471987405169209e-56,0.009850326038786605,-132.43484467886688,13.530608788920526,0.0,0.0,none
traffic,dqn,17,192,1577.834746179942,32.38091433126296,115.03121767436406,1.0,0,prioritize_ns,0.9911355013688279,4.884673903541459e-57,0.00886449863117206,-132.9800428955268,6.706107423942716,0.0,0.0,none
traffic,dqn,17,193,1584.3234284647929,33.81365904649975,114.12782320422255,1.0,0,prioritize_ns,0.9911526449170697,1.7468244033428067e-57,0.008847355082930386,-133.80906101101394,10.812030233242895,0.0,0.0,none
traffic,dqn,17,194,1594.9990317143538,35.42697836357267,113.5545049647763,1.0,0,prioritize_ns,0.9913054655721152,4.0933630906862104e-58,0.008694534427884813,-134.56179321013283,11.59223038305173,0.0,0.0,none
traffic,dqn,17,195,1606.5882249359515,35.61730461309613,113.3696221776832,1.0,0,prioritize_ns,0.9912378710012225,2.3321689490120178e-58,0.008762128998777409,-135.40870575632047,12.67137274224391,0.0,0.0,none
traffic,dqn,17,196,1619.175126813777,36.92641362274434,112.72168553592589,1.0,0,prioritize_ns,0.9912717331445982,6.489082133249445e-59,0.008728266855401876,-135.69194814542158,4.70150512514455,0.0,0.0,none
traffic,dqn,17,197,1623.4580940019227,35.12466956439612,113.43866590890333,1.0,0,prioritize_ns,0.9910665973403089,1.623072931747074e-58,0.008933402659691085,-135.8295299114639,2.751846250883835,0.0,0.0,none
traffic,dqn,17,198,1625.9956009637528,34.33443449979195,114.15227977496622,1.0,0,prioritize_ns,0.991083872947128,2.0618352156387694e-58,0.008916127052872005,-136.60905656187822,12.738004089284729,0.0,0.0,none
traffic,dqn,17,199,1638.7244834867047,34.745090354470186,113.8999711057844,1.0,0,prioritize_ns,0.9910319465530383,9.719906904111196e-59,0.008968053446961635,-136.88154889812176,4.5634437236497964,0.0,0.0,none
traffic,dqn,17,200,1643.0484439456436,33.29204380193843,113.76943266459955,1.0,0,prioritize_ns,0.990596511513092,2.5053215779548174e-58,0.009403488486907878,-137.59780720242827,12.65494784228095,1.0,1.0,traffic_wave_shift
traffic,dqn,17,201,1655.4873074631387,31.56243612987233,112.21031862620734,1.0,0,prioritize_ns,0.989480457659223,9.22555469176336e-58,0.010519542340777044,-138.6668528545356,17.472758369701705,1.0,0.0,traffic_wave_shift
traffic,dqn,17,202,1672.9245200152627,32.49328520266799,111.59841711313163,1.0,0,prioritize_ns,0.9894090645880402,2.7482591163709554e-58,0.010590935411959828,-139.5109999146223,11.862625329544262,1.0,0.0,traffic_wave_shift
traffic,dqn,17,203,1684.7856464450174,32.65800909625291,111.50662623448693,1.0,0,prioritize_ns,0.9893680535516258,1.5250985398030712e-58,0.010631946448374225,-140.6611609603038,16.198351709473254,1.0,0.0,traffic_wave_shift
traffic,dqn,17,204,1700.8994570225937,31.634994707177803,110.20849360122797,1.0,0,prioritize_ns,0.9884026381763671,2.604434503427072e-58,0.01159736182363297,-141.36077585925779,10.158956607203605,1.0,0.0,traffic_wave_shift
traffic,dqn,17,205,1711.0332729292422,31.096965796719722,110.67828015777604,1.0,0,prioritize_ns,0.9883802284022112,2.1675535764379793e-58,0.011619771597788748,-142.26716681417912,12.835615940675286,1.0,0.0,traffic_wave_shift
traffic,dqn,17,206,1723.86863964532,31.176266436436247,110.68873237583824,1.0,0,prioritize_ns,0.9883352803959932,1.1899892755986146e-58,0.01166471960400687,-143.25988898489817,12.090452346729286,1.0,0.0,traffic_wave_shift
traffic,dqn,17,207,1735.9108453464094,30.09726506622934,110.697441237583,1.0,0,prioritize_ns,0.9878879348271963,1.602144636775311e-58,0.012112065172803613,-144.61973772354312,18.438861356961535,1.0,0.0,traffic_wave_shift
traffic,dqn,17,208,1754.2538101680361,31.393632744603728,112.056367481453,1.0,0,prioritize_ns,0.9887771336422382,1.7764777401713527e-59,0.011222866357761726,-145.6478093352789,13.57594353963741,1.0,0.0,traffic_wave_shift
traffic,dqn,17,209,1767.819027702889,30.883914136059026,112.23329448235764,1.0,0,prioritize_ns,0.9886134119056955,1.3887072279089135e-59,0.011386588094304588,-146.5605331836292,12.476346797982256,1.0,0.0,traffic_wave_shift
traffic,dqn,17,210,1780.2845559243801,31.350256599027603,112.0044707730093,1.0,0,prioritize_ns,0.9886024135592595,6.296107626673616e-60,0.011397586440740529,-147.2191092326244,7.394504656949905,1.0,0.0,traffic_wave_shift
traffic,dqn,17,211,1787.2505460069385,30.176381272323738,114.18980781994459,1.0,0,prioritize_ns,0.989087090465875,5.325214540195508e-60,0.010912909534125171,-148.0874199930108,10.72038305351544,1.0,0.0,traffic_wave_shift
traffic,dqn,17,212,1797.9456770063346,29.906966331985053,114.87406019281671,1.0,0,prioritize_ns,0.9892440755284819,3.2973513238489575e-60,0.010755924471518184,-149.39529338375831,15.208909952171433,1.0,0.0,traffic_wave_shift
traffic,dqn,17,213,1813.138155040464,29.276868974485616,115.19426393393626,1.0,0,prioritize_ns,0.989087090465875,2.500757347562747e-60,0.010912909534125171,-150.38334797611714,12.33791920366877,1.0,0.0,traffic_wave_shift
traffic,dqn,17,214,1825.463018551386,29.028798169699492,115.70460753310452,1.0,0,prioritize_ns,0.9891501545867687,1.50949411334243e-60,0.010849845413231337,-151.08892974518432,7.713470100062559,1.0,0.0,traffic_wave_shift
traffic,dqn,17,215,1833.0128414873684,28.045657112597667,116.94203562463757,1.0,0,prioritize_ns,0.9893268854222143,1.4936324459488436e-60,0.010673114577785832,-152.0097184803625,9.935443665357694,1.0,0.0,traffic_wave_shift
traffic,dqn,17,216,1842.9105769187718,28.632006182366684,117.57769978582634,1.0,0,prioritize_ns,0.9896718474806949,5.1284774135169705e-61,0.010328152519305191,-153.66576280900804,21.01706833567137,1.0,0.0,traffic_wave_shift
traffic,dqn,17,217,1863.6096254490403,30.63278968854114,120.62128594844562,1.0,0,prioritize_ns,0.9911697556058313,1.7134616458870243e-62,0.0088302443941687,-154.69010786993698,12.884665924032705,1.0,0.0,traffic_wave_shift
traffic,dqn,17,218,1876.4761152706758,30.167592046042337,121.12293004249436,1.0,0,prioritize_ns,0.9911697556058313,1.1892005844307442e-62,0.0088302443941687,-156.49519889036074,22.793470788793012,1.0,0.0,traffic_wave_shift
traffic,dqn,17,219,1899.0268087734828,32.21275804441932,123.73555882996128,1.0,0,prioritize_ns,0.9923341253113541,4.122023951414848e-64,0.007665874688645945,-157.91072027707844,16.812835919978482,1.0,0.0,traffic_wave_shift
traffic,dqn,17,220,1915.7394582912984,34.04532336078598,123.75796704330958,1.0,0,prioritize_ns,0.9926399177884423,5.201385296897348e-65,0.007360082211557655,-159.5525223550244,23.32654138759085,1.0,0.0,traffic_wave_shift
traffic,dqn,17,221,1938.9032440174144,36.69853341972848,123.03199161349052,1.0,0,prioritize_ns,0.9928785712542649,3.512886205831506e-66,0.007121428745735101,-161.4279296180186,24.80390139084938,1.0,0.0,traffic_wave_shift
traffic,dqn,17,222,1963.6588341620052,37.50984174259297,124.34958775999021,1.0,0,prioritize_ns,0.9932941520716714,4.330536976825898e-67,0.006705847928328613,-162.9092224955778,21.195348555666587,1.0,0.0,traffic_wave_shift
traffic,dqn,17,223,1984.7207435108778,39.14892564804039,122.63139716317839,1.0,0,prioritize_ns,0.9930827580570845,9.566794263270856e-68,0.006917241942915581,-164.76090294219577,26.00840961567893,1.0,0.0,traffic_wave_shift
traffic,dqn,17,224,2010.7110473648975,39.83684771828289,123.31567746973727,1.0,0,prioritize_ns,0.9932941520716714,1.5288665447603346e-68,0.006705847928328613,-166.58390185866767,25.65094386241545,1.0,0.0,traffic_wave_shift
traffic,dqn,17,225,2036.2684741251333,41.60580316676692,122.02740147087236,1.0,0,prioritize_ns,0.9931892695576481,2.1937225323196741e-69,0.006810730442351977,-168.45237223581307,26.931751288145772,1.0,0.0,traffic_wave_shift
traffic,dqn,17,226,2063.1893743394176,42.3572260644007,122.16783910115866,1.0,0,prioritize_ns,0.9932811299991624,3.8649523035657325e-70,0.006718870000837655,-170.0130456282562,24.049032450040276,1.0,0.0,traffic_wave_shift
traffic,dqn,17,227,2087.230890788629,42.21441132532476,121.58384205006466,1.0,0,prioritize_ns,0.992988204618503,1.931496355108938e-70,0.007011795381497108,-171.20438790248085,16.95216589289318,1.0,0.0,traffic_wave_shift
traffic,dqn,17,228,2104.0824425148785,41.372339800800184,123.2245883513845,1.0,0,prioritize_ns,0.9932024684496267,1.0140776899908296e-70,0.006797531550373378,-172.96472433369928,24.917692015021096,1.0,0.0,traffic_wave_shift
traffic,dqn,17,229,2128.999201093439,41.15763074570828,123.20416006591881,1.0,0,prioritize_ns,0.9930558727381692,4.2349440964960706e-71,0.006944127261830782,-174.32129642278483,21.856860065753672,1.0,0.0,traffic_wave_shift
traffic,dqn,17,230,2150.82296016455,40.41089720788335,122.26168409087998,1.0,0,prioritize_ns,0.9925826201226954,4.102692445263917e-71,0.007417379877304607,-175.51681416450256,16.77616549251458,1.0,0.0,traffic_wave_shift
traffic,dqn,17,231,2167.4715389742573,38.35643292696794,122.47079833630212,1.0,0,prioritize_ns,0.9921385416382085,8.783849094555769e-71,0.0078614583617916,-176.9066605961606,20.90854395984727,1.0,0.0,traffic_wave_shift
traffic,dqn,17,232,2188.357922893651,37.72540642100447,121.74417405833515,1.0,0,prioritize_ns,0.991700312756668,7.554038199701218e-71,0.008299687243331863,-177.91908123867745,15.055386958229864,1.0,0.0,traffic_wave_shift
traffic,dqn,17,233,2203.4071644370947,37.364944384443255,121.97884947103083,1.0,0,prioritize_ns,0.9916033001532646,4.848285206983747e-71,0.00839669984673549,-179.30489465571296,20.429627342416573,1.0,0.0,traffic_wave_shift
traffic,dqn,17,234,2223.784186691348,36.456997119581956,120.8289498389303,1.0,0,prioritize_ns,0.9909271930866544,6.041462612984501e-71,0.009072806913345634,-180.49209764629904,18.656647931920336,1.0,0.0,traffic_wave_shift
traffic,dqn,17,235,2242.40295776335,35.815999519760126,119.82845101282629,1.0,0,prioritize_ns,0.9903102833254365,6.302788377732129e-71,0.009689716674563486,-181.85242007069047,18.419720661932423,1.0,0.0,traffic_wave_shift
traffic,dqn,17,236,2260.818237169605,36.16933963906953,120.0252870188736,1.0,0,prioritize_ns,0.9903849642677099,2.0989939718848003e-71,0.009615035732289974,-182.70710240055328,13.242210830453661,1.0,0.0,traffic_wave_shift
traffic,dqn,17,237,2273.967309157739,34.62187725281751,120.27710777296208,1.0,0,prioritize_ns,0.9899864293768268,3.5206083765731262e-71,0.010013570623173138,-183.62223587435167,13.491626890938416,1.0,0.0,traffic_wave_shift
traffic,dqn,17,238,2287.454390557803,34.30944522414162,120.43527761772529,1.0,0,prioritize_ns,0.9898695883364156,2.3958789423799197e-71,0.01013041166358438,-183.95877137159894,5.923020016274438,1.0,0.0,traffic_wave_shift
traffic,dqn,17,239,2291.8271123796703,31.108585137664353,122.82608599326473,1.0,0,prioritize_ns,0.9898695883364156,9.531570782341913e-71,0.01013041166358438,-184.54131280780962,8.45390588298418,1.0,0.0,traffic_wave_shift
traffic,dqn,17,240,2300.013937221481,29.022195891626108,122.52375570717709,1.0,0,prioritize_ns,0.9890976262707148,3.552496228905282e-70,0.010902373729285245,-185.27208381505127,8.921137583348125,1.0,0.0,traffic_wave_shift
traffic,dqn,17,241,2308.6827036780073,27.072893301680438,121.72412872160346,1.0,0,prioritize_ns,0.9881308789536605,1.3873130171715133e-69,0.011869121046339474,-185.76783364123133,5.987536700996037,1.0,0.0,traffic_wave_shift
traffic,dqn,17,242,2314.4849243146555,25.603523031383315,121.88469782883107,1.0,0,prioritize_ns,0.9876400801786768,3.082374072001306e-69,0.012359919821323135,-186.02275404936105,4.476672144506026,1.0,0.0,traffic_wave_shift
traffic,dqn,17,243,2318.332066085747,23.675535105588914,120.65061669676999,1.0,0,prioritize_ns,0.9863368685130414,1.6837330257968391e-68,0.013663131486958581,-186.57768557431348,8.18334924170072,1.0,0.0,traffic_wave_shift
traffic,dqn,17,244,2326.4782459553408,24.43022671513412,120.45722869726396,1.0,0,prioritize_ns,0.9864678513445929,7.299411649424999e-69,0.013532148655407106,-187.06525744295854,5.192020211723956,1.0,0.0,traffic_wave_shift
traffic,dqn,17,245,2331.594209275966,23.816054410897088,121.095026127233,1.0,0,prioritize_ns,0.9864938989111259,7.487318917213989e-69,0.01350610108887402,-187.2550221688157,2.4971843054429246,1.0,0.0,traffic_wave_shift
traffic,dqn,17,246,2333.674596382094,22.49837854081747,121.50933186629142,1.0,0,prioritize_ns,0.9862046355788149,1.5876985960539924e-68,0.013795364421185227,-187.45568594944814,2.227059712516988,1.0,0.0,traffic_wave_shift
traffic,dqn,17,247,2335.697366771758,21.742488491420588,122.05414848409762,1.0,0,prioritize_ns,0.9862046355788149,2.1240001390311206e-68,0.013795364421185227,-188.01841771523277,7.2065543234769445,1.0,0.0,traffic_wave_shift
traffic,dqn,17,248,2342.851188007682,22.40382438438703,122.61974708588065,1.0,0,prioritize_ns,0.9866748522941186,7.92509904491751e-69,0.013325147705881429,-188.4871206750559,5.9347215249566005,1.0,0.0,traffic_wave_shift
traffic,dqn,17,249,2348.7662745685957,21.957605722651113,122.43655466900233,1.0,0,prioritize_ns,0.9863894110125203,9.190616146271316e-69,0.013610588987479697,-189.5821620497435,15.91420055924828,1.0,0.0,traffic_wave_shift
traffic,dqn,17,250,2364.273978186757,24.035953782158266,125.34402389064206,1.0,0,prioritize_ns,0.9883577758353339,3.7640518019040724e-70,0.011642224164666006,-190.26633866472702,10.663365287551912,1.0,0.0,traffic_wave_shift
traffic,dqn,17,251,2374.7835686256003,25.721794448701253,124.70074377236236,1.0,0,prioritize_ns,0.9885362026220039,8.633114561338412e-71,0.011463797377996032,-191.19115062478946,15.012835675841826,1.0,0.0,traffic_wave_shift
traffic,dqn,17,252,2389.529758494031,28.266478344454594,123.49256197117522,1.0,0,prioritize_ns,0.9887337034579725,1.0619448440805563e-71,0.01126629654202747,-192.5998794191892,20.18695585503924,1.0,0.0,traffic_wave_shift
traffic,dqn,17,253,2409.529997776208,30.835761953705127,124.44250780342101,1.0,0,prioritize_ns,0.9897711907943205,4.885359158865986e-73,0.010228809205679625,-193.73789988672837,16.387776524338086,1.0,0.0,traffic_wave_shift
traffic,dqn,17,254,2425.6986930229414,32.88648369086905,122.7316443411225,1.0,0,prioritize_ns,0.9895916858989275,9.712484765470422e-74,0.010408314101072437,-195.20170305422525,20.693626676595173,1.0,0.0,traffic_wave_shift
traffic,dqn,17,255,2446.3528776145718,33.915779885562905,123.48754990978716,1.0,0,prioritize_ns,0.9900443486605144,1.4727784463079239e-74,0.00995565133948569,-196.49870638202475,20.41020416107649,1.0,0.0,traffic_wave_shift
traffic,dqn,17,256,2466.583395951472,35.859965465174284,121.61066308602962,1.0,0,prioritize_ns,0.9897513980768414,2.826528397928401e-75,0.01024860192315863,-197.98444940513176,19.975913170064352,1.0,0.0,traffic_wave_shift
traffic,dqn,17,257,2486.5293415752435,36.89991661624253,121.2717504794538,1.0,0,prioritize_ns,0.9898106628082411,6.356683084499353e-76,0.010189337191758949,-199.5863918397074,22.169386674265546,1.0,0.0,traffic_wave_shift
traffic,dqn,17,258,2508.686311810913,37.33126280694101,121.87533639092179,1.0,0,prioritize_ns,0.9900443486605144,1.483886489578581e-76,0.00995565133948569,-200.89190802095288,19.413962144143508,1.0,0.0,traffic_wave_shift
traffic,dqn,17,259,2528.0468741439818,37.96963622420807,120.58575054200429,1.0,0,prioritize_ns,0.9896318433492118,6.404425623893064e-77,0.010368156650788152,-202.52631892018374,24.66183249686486,1.0,0.0,traffic_wave_shift
traffic,dqn,17,260,2552.689984796203,38.76742143632623,121.12111793092421,1.0,0,prioritize_ns,0.989908684514805,1.0478307581783014e-77,0.010091315485195006,-204.392463906955,25.48509234179978,1.0,0.0,traffic_wave_shift
traffic,dqn,17,261,2578.136864533068,39.81069371631922,122.04730704627362,1.0,0,prioritize_ns,0.9903849642677099,1.211167862679358e-78,0.009615035732289974,-206.58303372484093,31.11678125089467,1.0,0.0,traffic_wave_shift
traffic,dqn,17,262,2609.1365505592985,42.021441796811,123.59201886916101,1.0,0,prioritize_ns,0.9913054655721152,3.7622907432074804e-80,0.008694534427884813,-208.38821220399018,26.59258352840767,1.0,0.0,traffic_wave_shift
traffic,dqn,17,263,2635.711228311225,42.90498330006238,123.17806777467402,1.0,0,prioritize_ns,0.9912886155422945,7.393808657751032e-81,0.008711384457705508,-209.9945572633554,21.622946440689685,1.0,0.0,traffic_wave_shift
traffic,dqn,17,264,2657.3283652920118,43.35629822960597,122.96008528635939,1.0,0,prioritize_ns,0.9912208911330882,2.2993027165091323e-81,0.008779108866911802,-211.94068989293794,27.173579079636074,1.0,0.0,traffic_wave_shift
traffic,dqn,17,265,2684.496600650268,43.86132317081304,123.1480675312109,1.0,0,prioritize_ns,0.9912548183179649,4.7729263402602583e-82,0.008745181682035148,-213.79858311725388,25.084641412196962,1.0,0.0,traffic_wave_shift
traffic,dqn,17,266,2709.575370812083,43.787701255802986,123.6857493730213,1.0,0,prioritize_ns,0.9912886155422945,1.4699954787869447e-82,0.008711384457705508,-215.33331068931562,19.754378444547108,1.0,0.0,traffic_wave_shift
traffic,dqn,17,267,2729.1858225844585,41.509854405031945,124.37644665703827,1.0,0,prioritize_ns,0.9908743626108194,2.7829547401163463e-82,0.00912563738918052,-217.11018552777614,22.63627522163607,1.0,0.0,traffic_wave_shift
traffic,dqn,17,268,2751.7976476408917,40.717283865933304,125.06793452205694,1.0,0,prioritize_ns,0.9907856336783791,1.542770643832637e-82,0.009214366321620981,-218.52292076093656,17.802226190170312,1.0,0.0,traffic_wave_shift
traffic,dqn,17,269,2769.5033498944827,39.934996920494235,126.74584756156914,1.0,0,prioritize_ns,0.991083872947128,7.40452263141473e-83,0.008916127052872005,-220.1017045209661,20.320239603412116,1.0,0.0,traffic_wave_shift
traffic,dqn,17,270,2789.776452168294,38.55597030360512,126.63746248150758,1.0,0,prioritize_ns,0.9905874104123901,9.192489578937806e-83,0.009412589587609823,-221.69161843458636,20.57696744472578,1.0,0.0,traffic_wave_shift
traffic,dqn,17,271,2810.332411960663,37.651408229716026,126.42328103907614,1.0,0,prioritize_ns,0.990159194107741,8.236532332025343e-83,0.00984080589225902,-223.09677670283028,16.01591631127951,1.0,0.0,traffic_wave_shift
traffic,dqn,17,272,2826.16908295467,36.896652074042336,128.6903871819292,1.0,0,prioritize_ns,0.9906960501316063,3.421965920737548e-83,0.009303949868393646,-224.21842887091952,12.438280348525224,1.0,0.0,traffic_wave_shift
traffic,dqn,17,273,2838.2366651493203,34.78780350168574,130.84376492462556,1.0,0,prioritize_ns,0.990856684808409,4.742427908981804e-83,0.009143315191591,-224.92095620715105,8.685209458594107,1.0,0.0,traffic_wave_shift
traffic,dqn,17,274,2846.3904214949393,32.87741432009126,133.1458365939652,1.0,0,prioritize_ns,0.9911355013688279,6.3337537600643216e-83,0.00886449863117206,-225.59261318281253,8.299908798084646,1.0,0.0,traffic_wave_shift
traffic,dqn,17,275,2854.288237116687,30.402356989678623,133.76799868905948,1.0,0,prioritize_ns,0.9906960501316063,2.3293723964642797e-82,0.009303949868393646,-226.76261817012275,12.962395329310562,1.0,0.0,traffic_wave_shift
traffic,dqn,17,276,2867.1509244208783,28.86370249204295,133.3124656772642,1.0,0,prioritize_ns,0.9900635812940538,4.9862245048098223e-82,0.009936418705946226,-227.69817582825013,12.476394055323041,1.0,0.0,traffic_wave_shift
traffic,dqn,17,277,2879.599132589073,28.18600992688056,132.8192569870438,1.0,0,prioritize_ns,0.9895916858989275,5.838099939617272e-82,0.010408314101072437,-228.63672833123192,11.50764706251508,1.0,0.0,traffic_wave_shift
traffic,dqn,17,278,2891.090053226446,28.070677615425048,133.42866840714373,1.0,0,prioritize_ns,0.9897116988662837,3.193160037963687e-82,0.01028830113371619,-229.1479212122294,6.400017630790287,1.0,0.0,traffic_wave_shift
traffic,dqn,17,279,2897.426837655061,27.70728323202431,134.24923729627054,1.0,0,prioritize_ns,0.989908684514805,2.4202390046409168e-82,0.010091315485195006,-230.20856569023564,13.230723747396395,1.0,0.0,traffic_wave_shift
traffic,dqn,17,280,2910.601270046236,28.76260658590967,134.85970815471873,1.0,0,prioritize_ns,0.9903476953191931,5.155271474178263e-83,0.009652304680806878,-231.30495238968422,15.791093232090294,1.0,0.0,traffic_wave_shift
traffic,dqn,17,281,2926.3726251198727,29.344340139798863,135.39315981899875,1.0,0,prioritize_ns,0.9906237625491514,1.4403813032024432e-83,0.009376237450848677,-232.21072780248676,13.490547369515085,1.0,0.0,traffic_wave_shift
traffic,dqn,17,282,2939.860995478765,29.55237257793835,135.26883807844953,1.0,0,prioritize_ns,0.9905326203030361,7.327392379447491e-84,0.009467379696963896,-233.41016636158236,17.17089301938289,1.0,0.0,traffic_wave_shift
traffic,dqn,17,283,2956.9858151526205,30.679152385234886,135.8260503242654,1.0,0,prioritize_ns,0.9909622449295259,1.2738621428485593e-84,0.009037755070474059,-234.23839001675896,14.241669949304264,1.0,0.0,traffic_wave_shift
traffic,dqn,17,284,2970.845274207899,32.183687310567606,132.9145331427205,1.0,0,prioritize_ns,0.9902350280480346,6.338478101389002e-85,0.009764971951965387,-234.86157649951195,10.687668205215461,1.0,0.0,traffic_wave_shift
traffic,dqn,17,285,2981.5211128380115,31.683968558355133,132.9693270954554,1.0,0,prioritize_ns,0.9900635812940538,5.77025076726883e-85,0.009936418705946226,-235.8314651625243,15.156872616560536,1.0,0.0,traffic_wave_shift
traffic,dqn,17,286,2996.668217781681,31.559118532361673,132.43978785128778,1.0,0,prioritize_ns,0.9897513980768414,4.0427753504530626e-85,0.01024860192315863,-236.88758795689606,16.531263347730142,1.0,0.0,traffic_wave_shift
traffic,dqn,17,287,3013.1851973355756,32.16484037136205,132.11551120705695,1.0,0,prioritize_ns,0.9896917922309993,1.4442271355543287e-85,0.010308207769000701,-237.60368990311397,12.254241005403781,1.0,0.0,traffic_wave_shift
traffic,dqn,17,288,3025.36618046811,31.176073063097846,131.21417233985017,1.0,0,prioritize_ns,0.988991813981597,2.464584060281081e-85,0.011008186018403072,-238.81229066821305,17.85552410087225,1.0,0.0,traffic_wave_shift
traffic,dqn,17,289,3043.1996189008105,31.97086893858218,131.6097909696275,1.0,0,prioritize_ns,0.9892440755284819,5.6531162110945006e-86,0.010755924471518184,-240.17535554584944,19.651828552670345,1.0,0.0,traffic_wave_shift
traffic,dqn,17,290,3062.769775557904,33.749732543978276,131.41236211213067,1.0,0,prioritize_ns,0.9895916858989275,7.105894181558385e-87,0.010408314101072437,-241.2944115381773,18.993337331882877,1.0,0.0,traffic_wave_shift
traffic,dqn,17,291,3081.725787021333,34.511513847930175,130.49793242867335,1.0,0,prioritize_ns,0.9893474891602738,2.4937879272608673e-87,0.010652510839726164,-242.6763596859388,20.527766679152197,1.0,0.0,traffic_wave_shift
traffic,dqn,17,292,3102.2379434513555,35.310549223155775,130.54468596474558,1.0,0,prioritize_ns,0.9894702878753826,5.741738371583324e-88,0.01052971212461742,-243.8884626020255,17.068442085061825,1.0,0.0,traffic_wave_shift
traffic,dqn,17,293,3119.206732144589,36.26811033529564,128.97147198946354,1.0,0,prioritize_ns,0.9890130573694068,2.383079511338748e-88,0.01098694263059318,-245.21428189551153,19.48585944408256,1.0,0.0,traffic_wave_shift
traffic,dqn,17,294,3138.688013677979,36.597678955433665,128.70732692335807,1.0,0,prioritize_ns,0.9889064335079604,9.026527278752507e-89,0.011093566492039636,-246.38067584229785,16.08193415357703,1.0,0.0,traffic_wave_shift
traffic,dqn,17,295,3154.7401443303747,35.89407375449418,129.38750878111392,1.0,0,prioritize_ns,0.9888634980520277,6.1673233344543536e-89,0.011136501947972353,-247.31680080432068,13.430660395381135,1.0,0.0,traffic_wave_shift
traffic,dqn,17,296,3168.0932629397234,34.77349518367803,130.29369073158088,1.0,0,prioritize_ns,0.9888203983014915,5.954010870437317e-89,0.01117960169850862,-248.73628397714847,20.33412437802197,1.0,0.0,traffic_wave_shift
traffic,dqn,17,297,3188.427254528666,34.737862215462044,130.2294211955233,1.0,0,prioritize_ns,0.9886682464686385,2.678034364742492e-89,0.011331753531361453,-249.78930341322842,14.962341896273518,1.0,0.0,traffic_wave_shift
traffic,dqn,17,298,3203.3828645890235,34.3352264888869,130.4276312235115,1.0,0,prioritize_ns,0.9885362026220039,1.808271448641846e-89,0.011463797377996032,-250.8774427008664,14.949479758601193,1.0,0.0,traffic_wave_shift
traffic,dqn,17,299,3218.3042884039323,33.423254945190614,130.3478547095113,1.0,0,prioritize_ns,0.9881079503727456,1.9658455355866694e-89,0.011892049627254351,-251.87159592830974,12.980320112129187,1.0,0.0,traffic_wave_shift
traffic,dqn,17,300,3231.2499467511843,32.80196048416195,131.0638389008629,1.0,0,prioritize_ns,0.9881308789536605,1.418746563496013e-89,0.011869121046339474,-253.33577808353937,3233.0237681412573,1.0,1.0,traffic_wave_shift|traffic_signal_latency
traffic,dqn,17,301,1.0,1.0,1.0,1.0,2,balanced,8.112969020550387e-15,1.8023089611082803e-24,0.9999999999999918,-253.98624014772008,0.0,1.0,0.0,traffic_signal_latency
traffic,dqn,17,302,1.0,1.0,1.0,1.0,2,balanced,8.112969020550387e-15,1.8023089611082803e-24,0.9999999999999918,-254.65139549132905,0.0,1.0,0.0,traffic_signal_latency
traffic,dqn,17,303,1.0,1.0,1.0,1.0,2,balanced,8.112969020550387e-15,1.8023089611082803e-24,0.9999999999999918,-255.61022682336616,0.0,1.0,0.0,traffic_signal_latency
traffic,dqn,17,304,1.0,1.0,1.0,1.0,2,balanced,8.112969020550387e-15,1.8023089611082803e-24,0.9999999999999918,-256.6089057175587,0.03604989483514698,1.0,0.0,traffic_signal_latency
traffic,dqn,17,305,1.0,1.0,1.0,0.963950105164853,2,balanced,7.506018052967636e-15,1.4706426151342418e-24,0.9999999999999925,-257.5333474676167,0.009710336627553273,1.0,0.0,traffic_signal_latency
traffic,dqn,17,306,1.0,1.0,1.0,0.9736604417924063,2,prioritize_ew,7.664345566952103e-15,1.5533081679064103e-24,0.9999999999999922,-257.90477882399364,0.011042425421732283,1.0,0.0,traffic_signal_latency
traffic,dqn,17,307,1.0,1.0,1.0,0.962618016370674,2,balanced,7.484973583902923e-15,1.4597324556264829e-24,0.9999999999999925,-258.58583160291084,0.0002549983163085967,1.0,0.0,traffic_signal_latency
traffic,dqn,17,308,1.0,1.0,1.0,0.9628730146869826,2,balanced,7.488629248584317e-15,1.4615154436248359e-24,0.9999999999999925,-258.87917443744993,0.03516553852045412,1.0,0.0,traffic_signal_latency
traffic,dqn,17,309,1.0,1.0,1.0,0.9980385532074367,2,balanced,8.078380618735246e-15,1.7823989837760884e-24,0.999999999999992,-259.4969697155668,0.0019614467925632706,1.0,0.0,traffic_signal_latency
traffic,dqn,17,310,1.0,1.0,1.0,1.0,2,prioritize_ns,8.112969020550387e-15,1.8023089611082803e-24,0.9999999999999918,-260.584485126533,0.030941806027061536,1.0,0.0,traffic_signal_latency
traffic,dqn,17,311,1.0,1.0,1.0,0.9690581939729385,2,balanced,7.588936279619103e-15,1.5136259325101324e-24,0.9999999999999925,-261.0381966454395,0.013388125001324913,1.0,0.0,traffic_signal_latency
traffic,dqn,17,312,1.0,1.0,1.0,0.9824463189742634,2,balanced,7.812649636477212e-15,1.6324297932982644e-24,0.9999999999999922,-262.0354641774397,0.017553681025736623,1.0,0.0,traffic_signal_latency
traffic,dqn,17,313,1.0,1.0,1.0,1.0,2,balanced,8.112969020550387e-15,1.8023089611082803e-24,0.9999999999999918,-262.39639161491624,0.0,1.0,0.0,traffic_signal_latency
traffic,dqn,17,314,1.0,1.0,1.0,1.0,2,balanced,8.112969020550387e-15,1.8023089611082803e-24,0.9999999999999918,-263.151210683396,0.007277900662613246,1.0,0.0,traffic_signal_latency
traffic,dqn,17,315,1.0,1.0,1.0,0.9927220993373868,2,prioritize_ns,7.987189094267115e-15,1.729670458125401e-24,0.999999999999992,-263.95125834453967,0.006068453950842767,1.0,0.0,traffic_signal_latency
traffic,dqn,17,316,1.0,1.0,1.0,0.986653645386544,2,balanced,7.88258031302291e-15,1.6713457594948287e-24,0.9999999999999922,-264.9152113107375,0.013346354613456013,1.0,0.0,traffic_signal_latency
traffic,dqn,17,317,1.0,1.0,1.0,1.0,2,balanced,8.112969020550387e-15,1.8023089611082803e-24,0.9999999999999918,-265.19565325959684,0.08463807079019392,1.0,0.0,traffic_signal_latency
traffic,dqn,17,318,1.0,1.0,1.0,0.9153619292098061,2,balanced,6.760459411560412e-15,1.1182597442926587e-24,0.9999999999999933,-265.7324881416049,0.08463807079019392,1.0,0.0,traffic_signal_latency
traffic,dqn,17,319,1.0,1.0,1.0,1.0,2,balanced,8.112969020550387e-15,1.8023089611082803e-24,0.9999999999999918,-266.9131605264215,0.0,1.0,0.0,traffic_signal_latency
traffic,dqn,17,320,1.0,1.0,1.0,1.0,2,balanced,8.112969020550387e-15,1.8023089611082803e-24,0.9999999999999918,-268.0940112510582,0.0,1.0,0.0,traffic_signal_latency
traffic,dqn,17,321,1.0,1.0,1.0,1.0,2,balanced,8.112969020550387e-15,1.8023089611082803e-24,0.9999999999999918,-268.7606676576176,0.0,1.0,0.0,traffic_signal_latency
traffic,dqn,17,322,1.0,1.0,1.0,1.0,2,balanced,8.112969020550387e-15,1.8023089611082803e-24,0.9999999999999918,-269.41911948572,0.013587289596485697,1.0,0.0,traffic_signal_latency
traffic,dqn,17,323,1.0,1.0,1.0,0.9864127104035143,2,balanced,7.877770635758652e-15,1.6691030268819688e-24,0.9999999999999922,-269.7971422309528,0.013587289596485697,1.0,0.0,traffic_signal_latency
traffic,dqn,17,324,1.0,1.0,1.0,1.0,2,balanced,8.112969020550387e-15,1.8023089611082803e-24,0.9999999999999918,-269.84859149688833,0.022166004929395022,1.0,0.0,traffic_signal_latency
traffic,dqn,17,325,1.0,1.0,1.0,0.977833995070605,2,balanced,7.733892801513504e-15,1.590532075678518e-24,0.9999999999999922,-270.1348807557023,0.0028053578768172382,1.0,0.0,traffic_signal_latency
traffic,dqn,17,326,1.0,1.0,1.0,0.9750286371937877,2,balanced,7.687771019637328e-15,1.5654909148588701e-24,0.9999999999999922,-270.77580237357364,0.02497136280621226,1.0,0.0,traffic_signal_latency
traffic,dqn,17,327,1.0,1.0,1.0,1.0,2,balanced,8.112969020550387e-15,1.8023089611082803e-24,0.9999999999999918,-271.3080696136976,0.02857913833798209,1.0,0.0,traffic_signal_latency
traffic,dqn,17,328,1.0,1.0,1.0,0.9714208616620179,2,balanced,7.628875513302095e-15,1.5340875687410162e-24,0.9999999999999925,-271.1948170606758,0.02725279661885549,1.0,0.0,traffic_signal_latency
traffic,dqn,17,329,1.0,1.0,1.0,0.9986736582808734,2,balanced,8.091210491801888e-15,1.788719927396174e-24,0.999999999999992,-271.4252380108657,0.004401889282881544,1.0,0.0,traffic_signal_latency
traffic,dqn,17,330,1.0,1.0,1.0,0.9942717689979919,2,balanced,8.014535765402196e-15,1.7449396425019544e-24,0.999999999999992,-271.7361618348548,0.005728231002008144,1.0,0.0,traffic_signal_latency
traffic,dqn,17,331,1.0,1.0,1.0,1.0,2,balanced,8.112969020550387e-15,1.8023089611082803e-24,0.9999999999999918,-271.954496311981,0.030637940599182678,1.0,0.0,traffic_signal_latency
traffic,dqn,17,332,1.0,1.0,1.0,0.9693620594008173,2,balanced,7.59542373772787e-15,1.5164000033316009e-24,0.9999999999999925,-272.18837841064027,0.02278216227878327,1.0,0.0,traffic_signal_latency
traffic,dqn,17,333,1.0,1.0,1.0,0.9921442216796006,2,balanced,7.975497675383839e-15,1.7237685904970082e-24,0.999999999999992,-272.4548450948692,0.05503332597746258,1.0,0.0,traffic_signal_latency
traffic,dqn,17,334,1.0,1.0,1.0,0.937110895702138,2,balanced,7.0840358295641644e-15,1.2642187484475557e-24,0.9999999999999929,-272.5164949451952,0.056597833933573094,1.0,0.0,traffic_signal_latency
traffic,dqn,17,335,1.0,1.0,1.0,0.9937087296357111,2,balanced,8.002804317244098e-15,1.73919796584988e-24,0.999999999999992,-272.69173696883547,0.013794737354587139,1.0,0.0,traffic_signal_latency
traffic,dqn,17,336,1.0,1.0,1.0,0.979913992281124,2,balanced,7.768902717229109e-15,1.6090843310613511e-24,0.9999999999999922,-272.4821169239676,0.016329241428388763,1.0,0.0,traffic_signal_latency
traffic,dqn,17,337,1.0,1.0,1.0,0.9635847508527352,2,balanced,7.499606958687221e-15,1.4675939088974862e-24,0.9999999999999925,-272.75213914457413,0.0038996594412669117,1.0,0.0,traffic_signal_latency
traffic,dqn,17,338,1.0,1.0,1.0,0.9674844102940021,2,balanced,7.564888482190416e-15,1.5003808706881135e-24,0.9999999999999925,-272.34940824308785,0.03251558970599788,1.0,0.0,traffic_signal_latency
traffic,dqn,17,339,1.0,1.0,1.0,1.0,2,balanced,8.112969020550387e-15,1.8023089611082803e-24,0.9999999999999918,-272.6911765343524,0.03129675309530888,1.0,0.0,traffic_signal_latency
traffic,dqn,17,340,1.0,1.0,1.0,0.9687032469046911,2,balanced,7.584305773765115e-15,1.5104881199830983e-24,0.9999999999999925,-272.95098748309204,0.024446808469387737,1.0,0.0,traffic_signal_latency
traffic,dqn,17,341,1.0,1.0,1.0,0.9931500553740789,2,balanced,7.994017001729589e-15,1.733686800802485e-24,0.999999999999992,-273.46380777242746,0.00011135438895415462,1.0,0.0,traffic_signal_latency
traffic,dqn,17,342,1.0,1.0,1.0,0.9930387009851247,2,balanced,7.992065575643413e-15,1.7328404806822187e-24,0.999999999999992,-274.0090782648674,0.0017567893656826872,1.0,0.0,traffic_signal_latency
traffic,dqn,17,343,1.0,1.0,1.0,0.991281911619442,2,balanced,7.961879314571193e-15,1.715372267194399e-24,0.999999999999992,-274.19461642566,0.059429292314413296,1.0,0.0,traffic_signal_latency
traffic,dqn,17,344,1.0,1.0,1.0,0.9318526193050287,2,balanced,7.004923850349281e-15,1.2272688523475517e-24,0.9999999999999929,-274.73382195604046,0.000753897789257052,1.0,0.0,traffic_signal_latency
traffic,dqn,17,345,1.0,1.0,1.0,0.9326065170942858,2,balanced,7.0169053909743165e-15,1.232523527783586e-24,0.9999999999999929,-275.0670625762818,0.004294274354361138,1.0,0.0,traffic_signal_latency
traffic,dqn,17,346,1.0,1.0,1.0,0.9283122427399246,2,balanced,6.952108185328896e-15,1.2030906583253942e-24,0.9999999999999931,-276.17111827125433,0.07168775726007537,1.0,0.0,traffic_signal_latency
traffic,dqn,17,347,1.0,1.0,1.0,1.0,2,prioritize_ew,8.112969020550387e-15,1.8023089611082803e-24,0.9999999999999918,-276.745756070798,0.002859032343971002,1.0,0.0,traffic_signal_latency
traffic,dqn,17,348,1.0,1.0,1.0,0.997140967656029,2,prioritize_ew,8.062617929850965e-15,1.77328409350968e-24,0.999999999999992,-277.38915700341215,0.032232437445916085,1.0,0.0,traffic_signal_latency
traffic,dqn,17,349,1.0,1.0,1.0,0.9649085302101129,2,balanced,7.522528901132777e-15,1.4787433251913613e-24,0.9999999999999925,-278.24728406161256,0.033228797639383356,1.0,0.0,traffic_signal_latency
traffic,dqn,17,350,1.0,1.0,1.0,0.9316797325707296,2,balanced,7.002359040278343e-15,1.2260709326258722e-24,0.9999999999999929,-279.6464884729255,0.007864620131867173,1.0,0.0,traffic_signal_latency
traffic,dqn,17,351,1.0,1.0,1.0,0.9238151124388624,2,balanced,6.884546929702796e-15,1.1727848086960688e-24,0.9999999999999931,-280.79869442814686,0.07618488756113762,1.0,0.0,traffic_signal_latency
traffic,dqn,17,352,1.0,1.0,1.0,1.0,2,balanced,8.112969020550387e-15,1.8023089611082803e-24,0.9999999999999918,-281.80885111360874,0.0,1.0,0.0,traffic_signal_latency
traffic,dqn,17,353,1.0,1.0,1.0,1.0,2,balanced,8.112969020550387e-15,1.8023089611082803e-24,0.9999999999999918,-282.9243488895146,0.0,1.0,0.0,traffic_signal_latency
traffic,dqn,17,354,1.0,1.0,1.0,1.0,2,balanced,8.112969020550387e-15,1.8023089611082803e-24,0.9999999999999918,-283.86372935669357,0.0,1.0,0.0,traffic_signal_latency
traffic,dqn,17,355,1.0,1.0,1.0,1.0,2,balanced,8.112969020550387e-15,1.8023089611082803e-24,0.9999999999999918,-284.9750004325932,0.024295171465676724,1.0,0.0,traffic_signal_latency
traffic,dqn,17,356,1.0,1.0,1.0,0.9757048285343233,2,balanced,7.699980536742601e-15,1.5714262368594978e-24,0.9999999999999922,-285.8178768158708,0.04301600186826071,1.0,0.0,traffic_signal_latency
traffic,dqn,17,357,1.0,1.0,1.0,0.9326888266660626,2,balanced,7.017761999090322e-15,1.2329749740374191e-24,0.9999999999999929,-286.6113354199597,0.06731117333393744,1.0,0.0,traffic_signal_latency
traffic,dqn,17,358,1.0,1.0,1.0,1.0,2,balanced,8.112969020550387e-15,1.8023089611082803e-24,0.9999999999999918,-287.4043030653224,0.0,1.0,0.0,traffic_signal_latency
traffic,dqn,17,359,1.0,1.0,1.0,1.0,2,balanced,8.112969020550387e-15,1.8023089611082803e-24,0.9999999999999918,-288.13161356835366,0.028573936826777002,1.0,0.0,traffic_signal_latency
traffic,dqn,17,360,1.0,1.0,1.0,0.971426063173223,2,balanced,7.627944310921401e-15,1.5340875687410162e-24,0.9999999999999925,-289.35353194053033,0.0008922700528184446,1.0,0.0,traffic_signal_latency
traffic,dqn,17,361,1.0,1.0,1.0,0.9723183332260414,2,balanced,7.643790221192179e-15,1.5419729605399471e-24,0.9999999999999925,-289.8955427169619,0.027681666773958558,1.0,0.0,traffic_signal_latency
traffic,dqn,17,362,1.0,1.0,1.0,1.0,2,balanced,8.112969020550387e-15,1.8023089611082803e-24,0.9999999999999918,-290.47726537918555,0.006419009525009733,1.0,0.0,traffic_signal_latency
traffic,dqn,17,363,1.0,1.0,1.0,0.9935809904749903,2,prioritize_ew,8.001827472043328e-15,1.738136767538894e-24,0.999999999999992,-290.27804005996126,0.006419009525009733,1.0,0.0,traffic_signal_latency
traffic,dqn,17,364,1.0,1.0,1.0,1.0,2,balanced,8.112969020550387e-15,1.8023089611082803e-24,0.9999999999999918,-290.56574155208324,0.04699838109171239,1.0,0.0,traffic_signal_latency
traffic,dqn,17,365,1.0,1.0,1.0,0.9530016189082876,2,balanced,7.33124634988905e-15,1.3825531248001038e-24,0.9999999999999927,-290.50295769985655,0.03721917599884195,1.0,0.0,traffic_signal_latency
traffic,dqn,17,366,1.0,1.0,1.0,0.9902207949071296,2,balanced,7.943434439945566e-15,1.7053506467046554e-24,0.999999999999992,-291.01652247313694,0.00019056731465483256,1.0,0.0,traffic_signal_latency
traffic,dqn,17,367,1.0,1.0,1.0,0.9900302275924747,2,prioritize_ew,7.939556756625008e-15,1.7032701899094015e-24,0.999999999999992,-290.94286274839897,0.01056364521927633,1.0,0.0,traffic_signal_latency
traffic,dqn,17,368,1.0,1.0,1.0,0.9794665823731984,2,prioritize_ew,7.762267086003065e-15,1.6049647635549124e-24,0.9999999999999922,-290.82668454956774,0.10134584175990002,1.0,0.0,traffic_signal_latency
traffic,dqn,17,369,1.0,1.0,1.0,0.8781207406132984,2,balanced,6.2356342691078385e-15,9.064791402761168e-25,0.9999999999999938,-290.6921396360208,0.0863796831312621,1.0,0.0,traffic_signal_latency
traffic,dqn,17,370,1.0,1.0,1.0,0.9645004237445605,2,balanced,7.515186267356703e-15,1.475317596897952e-24,0.9999999999999925,-290.53145109081714,0.029706346846910092,1.0,0.0,traffic_signal_latency
traffic,dqn,17,371,1.0,1.0,1.0,0.9942067705914706,2,balanced,8.011601292096826e-15,1.7438749408189058e-24,0.999999999999992,-290.9949533997984,0.005793229408529443,1.0,0.0,traffic_signal_latency
traffic,dqn,17,372,1.0,1.0,1.0,1.0,2,balanced,8.112969020550387e-15,1.8023089611082803e-24,0.9999999999999918,-291.18543169948475,0.006431472074339917,1.0,0.0,traffic_signal_latency
traffic,dqn,17,373,1.0,1.0,1.0,0.9935685279256601,2,balanced,8.00085074607908e-15,1.7377124695384285e-24,0.999999999999992,-290.84708382820975,0.006431472074339917,1.0,0.0,traffic_signal_latency
traffic,dqn,17,374,1.0,1.0,1.0,1.0,2,balanced,8.112969020550387e-15,1.8023089611082803e-24,0.9999999999999918,-290.9298687434632,0.0,1.0,0.0,traffic_signal_latency
traffic,dqn,17,375,1.0,1.0,1.0,1.0,2,balanced,8.112969020550387e-15,1.8023089611082803e-24,0.9999999999999918,-291.23585041717376,0.06526014273277592,1.0,0.0,traffic_signal_latency
traffic,dqn,17,376,1.0,1.0,1.0,0.9347398572672241,2,balanced,7.048669636048195e-15,1.2473566183618357e-24,0.9999999999999929,-291.7176846722384,0.05567522494351329,1.0,0.0,traffic_signal_latency
traffic,dqn,17,377,1.0,1.0,1.0,0.9904150822107374,2,balanced,7.946343945232602e-15,1.707225230432989e-24,0.999999999999992,-291.88059386307253,0.010614825939572747,1.0,0.0,traffic_signal_latency
traffic,dqn,17,378,1.0,1.0,1.0,0.9798002562711646,2,balanced,7.766058180963623e-15,1.6079062339832625e-24,0.9999999999999922,-292.0127477378913,0.0411617513166016,1.0,0.0,traffic_signal_latency
traffic,dqn,17,379,1.0,1.0,1.0,0.938638504954563,2,balanced,7.108290269499645e-15,1.2752233419408663e-24,0.9999999999999929,-292.13107487739455,0.009774949388541398,1.0,0.0,traffic_signal_latency
traffic,dqn,17,380,1.0,1.0,1.0,0.9288635555660216,2,prioritize_ew,6.959750196610867e-15,1.2067678076718644e-24,0.9999999999999931,-292.4348829834026,0.07113644443397837,1.0,0.0,traffic_signal_latency
traffic,dqn,17,381,1.0,1.0,1.0,1.0,2,balanced,8.112969020550387e-15,1.8023089611082803e-24,0.9999999999999918,-292.9941322805538,0.05406331076535109,1.0,0.0,traffic_signal_latency
traffic,dqn,17,382,1.0,1.0,1.0,0.9459366892346489,2,balanced,7.220229553213297e-15,1.3287770776205522e-24,0.9999999999999927,-293.94854764708856,0.05406331076535109,1.0,0.0,traffic_signal_latency
traffic,dqn,17,383,1.0,1.0,1.0,1.0,2,balanced,8.112969020550387e-15,1.8023089611082803e-24,0.9999999999999918,-294.5236821546714,0.05753280355865198,1.0,0.0,traffic_signal_latency
traffic,dqn,17,384,1.0,1.0,1.0,0.942467196441348,2,balanced,7.167540202246034e-15,1.3029171452251604e-24,0.9999999999999929,-295.50989740506276,0.05753280355865198,1.0,0.0,traffic_signal_latency
traffic,dqn,17,385,1.0,1.0,1.0,1.0,2,balanced,8.112969020550387e-15,1.8023089611082803e-24,0.9999999999999918,-296.39302100046143,0.051840703478645445,1.0,0.0,traffic_signal_latency
traffic,dqn,17,386,1.0,1.0,1.0,0.9481592965213546,2,balanced,7.254685156696225e-15,1.3454253394991547e-24,0.9999999999999927,-297.00385378773103,0.041462566122761335,1.0,0.0,traffic_signal_latency
traffic,dqn,17,387,1.0,1.0,1.0,0.9896218626441159,2,balanced,7.932775365139905e-15,1.699531761535192e-24,0.999999999999992,-297.6263804285154,0.05168286800543409,1.0,0.0,traffic_signal_latency
traffic,dqn,17,388,1.0,1.0,1.0,0.9379389946386818,2,balanced,7.097018969368357e-15,1.2699416350927615e-24,0.9999999999999929,-298.2744156660566,0.0580782002596123,1.0,0.0,traffic_signal_latency
traffic,dqn,17,389,1.0,1.0,1.0,0.9960171948982941,2,balanced,8.043939679277853e-15,1.7620635454171288e-24,0.999999999999992,-299.63568115311153,0.0039828051017059,1.0,0.0,traffic_signal_latency
traffic,dqn,17,390,1.0,1.0,1.0,1.0,2,balanced,8.112969020550387e-15,1.8023089611082803e-24,0.9999999999999918,-300.19189537629893,0.0,1.0,0.0,traffic_signal_latency
traffic,dqn,17,391,1.0,1.0,1.0,1.0,2,balanced,8.112969020550387e-15,1.8023089611082803e-24,0.9999999999999918,-300.99854292400363,0.0,1.0,0.0,traffic_signal_latency
traffic,dqn,17,392,1.0,1.0,1.0,1.0,2,balanced,8.112969020550387e-15,1.8023089611082803e-24,0.9999999999999918,-301.9140125713498,0.0,1.0,0.0,traffic_signal_latency
traffic,dqn,17,393,1.0,1.0,1.0,1.0,2,balanced,8.112969020550387e-15,1.8023089611082803e-24,0.9999999999999918,-302.68211871838514,0.0,1.0,0.0,traffic_signal_latency
traffic,dqn,17,394,1.0,1.0,1.0,1.0,2,balanced,8.112969020550387e-15,1.8023089611082803e-24,0.9999999999999918,-303.2198917693913,0.0,1.0,0.0,traffic_signal_latency
traffic,dqn,17,395,1.0,1.0,1.0,1.0,2,balanced,8.112969020550387e-15,1.8023089611082803e-24,0.9999999999999918,-303.4400851449053,0.005776218960030666,1.0,0.0,traffic_signal_latency
traffic,dqn,17,396,1.0,1.0,1.0,0.9942237810399693,2,balanced,8.012579330463688e-15,1.744300743512632e-24,0.999999999999992,-304.0643714337303,0.005776218960030666,1.0,0.0,traffic_signal_latency
traffic,dqn,17,397,1.0,1.0,1.0,1.0,2,balanced,8.112969020550387e-15,1.8023089611082803e-24,0.9999999999999918,-304.692772652635,0.0,1.0,0.0,traffic_signal_latency
traffic,dqn,17,398,1.0,1.0,1.0,1.0,2,balanced,8.112969020550387e-15,1.8023089611082803e-24,0.9999999999999918,-305.2976910743399,0.0,1.0,0.0,traffic_signal_latency
traffic,dqn,17,399,1.0,1.0,1.0,1.0,2,balanced,8.112969020550387e-15,1.8023089611082803e-24,0.9999999999999918,-305.3982232657269,0.03141105631280516,1.0,0.0,traffic_signal_latency
traffic,dqn,17,400,1.0,1.0,1.0,0.9685889436871948,2,balanced,7.581528826542677e-15,1.5095664724920338e-24,0.9999999999999925,-306.2867603934346,0.03141105631280516,1.0,0.0,traffic_signal_latency
traffic,dqn,17,401,1.0,1.0,1.0,1.0,2,balanced,8.112969020550387e-15,1.8023089611082803e-24,0.9999999999999918,-306.4375899252032,4063.1388368726502,0.0,0.0,none
traffic,dqn,17,402,4062.4550281078546,30.4707268220772,114.18895096623075,1.0,0,prioritize_ns,0.9632305339244013,2.1340186407675927e-101,0.036769466075598736,-307.39865726900433,10.169823509768388,0.0,0.0,none
traffic,dqn,17,403,4072.4133549843555,31.249754569670692,116.0994880135232,1.0,0,prioritize_ns,0.9660920419951724,4.108950703600676e-102,0.033907958004827626,-308.2151110735021,7.753854890644478,0.0,0.0,none
traffic,dqn,17,404,4080.015085583962,31.491461229769307,117.60863858475228,1.0,0,prioritize_ns,0.9680204398748077,1.4911338206527772e-102,0.03197956012519235,-308.58289028279364,2.3386405353293758,0.0,0.0,none
traffic,dqn,17,405,4082.248396272465,32.0271858599588,118.04973046034301,1.0,0,prioritize_ns,0.9689738206081602,7.834797414639251e-103,0.03102617939183979,-308.9699579685889,3.1333815499938202,0.0,0.0,none
traffic,dqn,17,406,4084.972523347913,30.609022017044385,118.67103789575889,1.0,0,prioritize_ns,0.9683812327313545,1.6223793424462319e-102,0.03161876726864548,-309.7871090276676,8.927401406783478,0.0,0.0,none
traffic,dqn,17,407,4093.7240166795627,32.25379771434175,119.30709862360644,1.0,0,prioritize_ns,0.9702962496606208,2.6588869923318667e-103,0.029703750339379227,-310.6296409536696,10.310164942584661,0.0,0.0,none
traffic,dqn,17,408,4104.010811247281,32.319491252585,119.99778163621139,1.0,0,prioritize_ns,0.9709092429574353,1.3042765845431887e-103,0.029090757042564665,-311.25744193358355,6.215746480493264,0.0,0.0,none
traffic,dqn,17,409,4110.150086905443,32.02700026429605,120.92473779733054,1.0,0,prioritize_ns,0.9716178771000951,9.11196366927679e-104,0.02838212289990485,-311.49389856407885,2.451482583057958,0.0,0.0,none
traffic,dqn,17,410,4112.584862509199,32.06729324734683,121.20760011349124,1.0,0,prioritize_ns,0.9718859428738872,7.238364964433011e-104,0.028114057126112837,-312.42093646531924,11.327533356361249,0.0,0.0,none
traffic,dqn,17,411,4123.760841564243,33.757663643265936,121.95134202122091,1.0,0,prioritize_ns,0.9735944821139189,1.0045998133591642e-104,0.026405517886081174,-313.1141581004457,8.919686023980807,0.0,0.0,none
traffic,dqn,17,412,4132.673302305664,33.789857125220344,122.30884150197512,1.0,0,prioritize_ns,0.9739932150764022,5.966135798907993e-105,0.026006784923597617,-313.9259783850528,11.925480897463364,0.0,0.0,none
traffic,dqn,17,413,4144.592695226391,34.11637679582208,122.50518798603525,1.0,0,prioritize_ns,0.9742394408803315,2.648125990268255e-105,0.025760559119668493,-314.5060430269012,7.493382235452283,0.0,0.0,none
traffic,dqn,17,414,4152.079370820651,34.38585678304172,122.67206042050859,1.0,0,prioritize_ns,0.9744347860767304,1.494493093880422e-105,0.025565213923269593,-315.01102099437816,9.064698822349767,0.0,0.0,none
traffic,dqn,17,415,4160.773867451548,35.63780098846961,120.43439896672842,1.0,0,prioritize_ns,0.9730876959261983,8.807864679432552e-106,0.026912304073801848,-315.1320443718902,3.293628444663293,0.0,0.0,none
traffic,dqn,17,416,4163.366762057845,33.92118409872051,121.51980780488829,1.0,0,prioritize_ns,0.9728307684643189,1.9612403895181686e-105,0.027169231535681047,-316.09220509172513,14.087626796915778,0.0,0.0,none
traffic,dqn,17,417,4177.395348221151,34.94440918309736,122.30275700796115,1.0,0,prioritize_ns,0.9741412240872889,3.889838890497369e-106,0.02585877591271116,-316.40468058985107,4.651952638878792,0.0,0.0,none
traffic,dqn,17,418,4181.797527315582,33.440966417838176,122.33655680852678,1.0,0,prioritize_ns,0.9730365001376665,9.78706066406373e-106,0.02696349986233355,-317.3320230471441,13.94750038985178,0.0,0.0,none
traffic,dqn,17,419,4195.67550552012,34.71922693989378,122.8847703773332,1.0,0,prioritize_ns,0.9743372944539102,1.7570690709325493e-106,0.025662705546089896,-317.73184618214896,7.770914620488054,0.0,0.0,none
traffic,dqn,17,420,4203.413133804974,34.527853270685334,122.1922397404064,1.0,0,prioritize_ns,0.9733928914303027,1.8540359786854106e-106,0.026607108569697214,-317.87334357200115,3.1622857859894884,0.0,0.0,none
traffic,dqn,17,421,4206.531742265035,34.63299604143789,121.67913384211273,1.0,0,prioritize_ns,0.9728823439906924,1.7995620997495275e-106,0.027117656009307576,-318.5063146246728,8.470875404761289,0.0,0.0,none
traffic,dqn,17,422,4214.904213019422,33.50177295965401,121.06448115224343,1.0,0,prioritize_ns,0.97129292184185,3.636371782369502e-106,0.02870707815815,-319.23571847528626,8.658941909443906,0.0,0.0,none
traffic,dqn,17,423,4223.5168887897025,34.34387229482405,121.3644141061746,1.0,0,prioritize_ns,0.9720986237904434,1.2214256199862654e-106,0.027901376209556714,-319.6035532626565,4.66171006571751,0.0,0.0,none
traffic,dqn,17,424,4227.689392786023,32.402777453180526,120.62016821048692,1.0,0,prioritize_ns,0.9697281305754024,5.601127029958337e-106,0.030271869424597638,-320.093431266529,6.112025922338738,0.0,0.0,none
traffic,dqn,17,425,4233.788829682439,32.075139175493,120.83553668767566,1.0,0,prioritize_ns,0.9696132500732395,5.149321632284045e-106,0.030386749926760413,-320.633566743939,6.857877676284005,0.0,0.0,none
traffic,dqn,17,426,4240.601956830584,32.81404291310973,120.57900997828735,1.0,0,prioritize_ns,0.9698425902673944,2.437699114712541e-106,0.030157409732605497,-321.26118054175015,7.701875934807752,0.0,0.0,none
traffic,dqn,17,427,4248.295398469382,32.67823708999207,120.91278451892745,1.0,0,prioritize_ns,0.9699566305886773,1.7491692101435128e-106,0.030043369411322737,-322.1392966446582,10.697696157254772,0.0,0.0,none
traffic,dqn,17,428,4258.908732915009,33.07836882506133,122.19252262213833,1.0,0,prioritize_ns,0.9715099574136776,5.3641205532393476e-107,0.028490042586322463,-323.0754306659889,10.775731119605226,0.0,0.0,none
traffic,dqn,17,429,4269.579602035082,34.37804184981175,122.94070937224778,1.0,0,prioritize_ns,0.9730365001376665,1.0094720948587173e-107,0.02696349986233355,-323.5626308428716,4.740831791107987,0.0,0.0,none
traffic,dqn,17,430,4274.139818690053,34.07019780152273,124.19973366638719,1.0,0,prioritize_ns,0.9739932150764022,6.81049021363968e-108,0.026006784923597617,-323.7600059601232,3.4486806797642426,0.0,0.0,none
traffic,dqn,17,431,4273.586735065608,32.59695564700487,127.26845562992531,1.0,0,prioritize_ns,0.9758085141318649,7.305923898390623e-108,0.024191485868135024,-324.48995779248384,6.516514762279136,0.0,0.0,none
traffic,dqn,17,432,4279.94824173843,32.33056865380965,128.65598417684035,1.0,0,prioritize_ns,0.9768023732674583,4.2409258947318766e-108,0.02319762673254162,-324.7470301046673,2.2872160955675356,0.0,0.0,none
traffic,dqn,17,433,4280.953603542632,30.408974125524594,129.38267501849157,1.0,0,prioritize_ns,0.9762200155633391,1.3260772635075336e-107,0.02377998443666076,-325.3320697240513,4.2290406508423946,0.0,0.0,none
traffic,dqn,17,434,4284.967367148601,29.077553022703803,129.42515311684798,1.0,0,prioritize_ns,0.9752961303267709,2.979707658933462e-107,0.0247038696732291,-326.17528925345357,7.008541169703673,0.0,0.0,none
traffic,dqn,17,435,4291.591030206621,29.49024230331371,131.6782453428596,1.0,0,prioritize_ns,0.9774570340514706,7.669477383657146e-108,0.022542965948529392,-326.57156613261606,2.4564547037618114,0.0,0.0,none
traffic,dqn,17,436,4293.924623527696,30.067577692417625,132.18341439570975,1.0,0,prioritize_ns,0.9781771750265408,3.7994638077811455e-108,0.021822824973459238,-327.5232591573505,11.220361538201193,0.0,0.0,none
traffic,dqn,17,437,4304.878579807565,30.986067613826993,134.43368796373,1.0,0,prioritize_ns,0.980318590959467,5.615717394796774e-109,0.019681409040532987,-327.99077182040133,3.5180902678122865,0.0,0.0,none
traffic,dqn,17,438,4308.291864538727,31.467652199218936,135.1369110887793,1.0,0,prioritize_ns,0.9810582921748147,2.6702790667863363e-109,0.018941707825185387,-329.2544235058997,14.194583309692337,0.0,0.0,none
traffic,dqn,17,439,4322.073728396113,33.42127224950251,137.91716155436623,1.0,0,prioritize_ns,0.9836912350979719,1.3487348605205597e-110,0.016308764902028133,-330.07795437412346,8.654723258762347,0.0,0.0,none
traffic,dqn,17,440,4330.647424023003,33.81127876327623,139.03245205573157,1.0,0,prioritize_ns,0.9843964652097964,4.831345600305312e-111,0.015603534790203506,-331.3768194595171,16.500071142664464,0.0,0.0,none
traffic,dqn,17,441,4346.888401698619,36.5927556341846,139.89638392209037,1.0,0,prioritize_ns,0.9859092655162919,2.2853320679193384e-112,0.014090734483708199,-332.22170430362144,11.33173396657947,0.0,0.0,none
traffic,dqn,17,442,4358.216714987146,36.66762703591597,140.16453872725532,1.0,0,prioritize_ns,0.985990433713597,1.2281388750846529e-112,0.014009566286403145,-333.8458497068139,21.00413225307294,0.0,0.0,none
traffic,dqn,17,443,4378.9253125213745,40.12668959652948,140.7665736694908,1.0,0,prioritize_ns,0.9873750507184357,3.201552681800669e-114,0.012624949281564409,-335.1745406535849,16.15760974172242,0.0,0.0,none
traffic,dqn,17,444,4395.040793947128,40.593413110202846,141.8351147982197,1.0,0,prioritize_ns,0.9878996141864553,7.989117098383355e-115,0.012100385813544712,-336.00882254389137,10.034285478128028,0.0,0.0,none
traffic,dqn,17,445,4405.067234206528,40.88396203670502,142.10522977847273,1.0,0,prioritize_ns,0.9880849780328519,3.8489451338021942e-115,0.01191502196714824,-337.1377826272611,16.39457547620353,0.0,0.0,none
traffic,dqn,17,446,4421.461576465808,40.91463495343785,142.0233389811032,1.0,0,prioritize_ns,0.9879462204837635,1.9579097084858827e-115,0.012053779516236447,-338.10326878434694,12.846593484334468,0.0,0.0,none
traffic,dqn,17,447,4434.304282831859,41.21751356894275,142.11346051796397,1.0,0,prioritize_ns,0.9880157976440955,8.825611970069875e-116,0.011984202355904468,-339.36769286006137,15.480290901315367,0.0,0.0,none
traffic,dqn,17,448,4449.74640322188,40.16421814010125,141.84720314430976,1.0,0,prioritize_ns,0.9874236517231209,1.1128176466792798e-115,0.012576348276879083,-340.59669201710096,14.861122969623748,0.0,0.0,none
traffic,dqn,17,449,4464.584066079337,39.908654426441935,142.64182508899876,1.0,0,prioritize_ns,0.9875923050469558,5.531352436519367e-116,0.012407694953044229,-341.66277733845305,13.893732563967822,0.0,0.0,none
traffic,dqn,17,450,4478.445630100639,40.675679178822236,142.0899913534935,1.0,0,prioritize_ns,0.9874962070929073,2.1115967485801738e-116,0.012503792907092767,-342.39510991757066,10.115720309673467,0.0,0.0,none
traffic,dqn,17,451,4488.444554799971,39.396595666832425,142.93453123413136,1.0,0,prioritize_ns,0.9873993743536803,2.689980247154823e-116,0.01260062564631965,-343.6126845771723,16.10154082450729,0.0,0.0,none
traffic,dqn,17,452,4504.518021695821,40.04274777279217,143.63150062174665,1.0,0,prioritize_ns,0.987782318291503,6.73785128854739e-117,0.012217681708496946,-344.23815902350697,9.402685934819651,0.0,0.0,none
traffic,dqn,17,453,4513.831846890142,38.81708873365204,144.03265266058082,1.0,0,prioritize_ns,0.9875203002546722,9.839275006072375e-117,0.012479699745327848,-345.10377239535524,11.57440997427533,0.0,0.0,none
traffic,dqn,17,454,4525.387151835522,38.16061715123677,144.13724201643637,1.0,0,prioritize_ns,0.9872772918000768,9.571521415067819e-117,0.012722708199923246,-345.81581063128203,10.76441489554073,0.0,0.0,none
traffic,dqn,17,455,4536.128850339585,37.53664404778918,143.82228351550202,1.0,0,prioritize_ns,0.9868280501184434,1.0862213997548238e-116,0.013171949881556448,-346.4544098493479,9.22223286595725,0.0,0.0,none
traffic,dqn,17,456,4545.349391653986,37.38096737080284,143.90572017185875,1.0,0,prioritize_ns,0.9867516696703927,8.00867442964924e-117,0.01324833032960731,-347.1027727827216,9.410727126657939,0.0,0.0,none
traffic,dqn,17,457,4554.5356806161635,36.00353178406873,142.3968956757091,1.0,0,prioritize_ns,0.9853843298993641,2.5615588681463496e-116,0.014615670100635955,-347.4980048208373,4.4826826365387635,0.0,0.0,none
traffic,dqn,17,458,4557.929982595583,34.81962714108841,145.0748664538849,1.0,0,prioritize_ns,0.9863368685130414,2.1423314662800906e-116,0.013663131486958581,-347.66500121880597,3.274645172097747,0.0,0.0,none
traffic,dqn,17,459,4560.669988618152,33.05656735652614,145.40241522199028,1.0,0,prioritize_ns,0.9857455360224819,6.342243071002128e-116,0.014254463977518126,-347.7881996342531,2.384213214332789,0.0,0.0,none
traffic,dqn,17,460,4560.629688510206,30.90016763412401,146.41867738793104,1.0,0,prioritize_ns,0.9855243103102435,2.2348823449912947e-115,0.014475689689756632,-348.39067263556734,6.919089598350983,0.0,0.0,none
traffic,dqn,17,461,4567.53173243321,30.436468155845006,146.56211151487017,1.0,0,prioritize_ns,0.9852997024317107,2.2562999393853265e-115,0.014700297568289321,-348.49459018740504,2.5127490857369827,0.0,0.0,none
traffic,dqn,17,462,4566.262509062755,28.345365689318335,147.1368031524026,1.0,0,prioritize_ns,0.9847817080000935,9.256349890908192e-115,0.015218291999906508,-348.68505827773157,1.2332848348768608,0.0,0.0,none
traffic,dqn,17,463,4567.221006763161,27.858204833515707,147.74091236672334,1.0,0,prioritize_ns,0.9849273716910543,1.040873330328549e-114,0.01507262830894569,-348.52438073062837,5.762257408468816,0.0,0.0,none
traffic,dqn,17,464,4562.075668461017,26.28113596857301,149.80051378281524,1.0,0,prioritize_ns,0.9854404813796805,2.050975026518835e-114,0.014559518620319442,-348.6129179369608,0.7212628864565133,0.0,0.0,none
traffic,dqn,17,465,4562.752278294955,26.42451795695,150.0051131215393,1.0,0,prioritize_ns,0.9856076636305632,1.674241020819188e-114,0.014392336369436931,-349.1012589455432,5.340911378397749,0.0,0.0,none
traffic,dqn,17,466,4568.083446316027,26.11034277656347,150.07774809265604,1.0,0,prioritize_ns,0.985496420308618,1.6480982815379704e-114,0.014503579691381979,-349.0320795015513,2.7246883179680013,0.0,0.0,none
traffic,dqn,17,467,4565.468799000963,25.841257987641676,150.79548009296786,1.0,0,prioritize_ns,0.9858003197936877,1.7583634456059235e-114,0.014199680206312393,-349.4090932538848,2.3242631318479035,0.0,0.0,none
traffic,dqn,17,468,4567.390505545941,26.033899756556014,152.08858960493026,1.0,0,prioritize_ns,0.9865198970247337,9.022572878347173e-115,0.013480102975266339,-349.99138947850975,6.3942628645673265,0.0,0.0,none
traffic,dqn,17,469,4573.375175291545,28.25990136610568,152.4280633911309,1.0,0,prioritize_ns,0.9874478829124612,1.18693325483757e-115,0.012552117087538799,-350.4452942431497,4.365591429623584,0.0,0.0,none
traffic,dqn,17,470,4577.616485322284,28.972841405465807,153.17732586439163,1.0,0,prioritize_ns,0.9880157976440955,4.5253240844742065e-116,0.011984202355904468,-350.60994678996684,1.4174589668577067,0.0,0.0,none
traffic,dqn,17,471,4578.728278101165,28.128966357027743,153.4242704779695,1.0,0,prioritize_ns,0.9878058669624095,7.444857836874519e-116,0.012194133037590526,-350.95605704634033,4.342795187554604,0.0,0.0,none
traffic,dqn,17,472,4582.769518607129,29.46014392123315,152.55466625387373,1.0,0,prioritize_ns,0.9878762443333003,3.146424376268583e-116,0.01212375566669971,-351.5140467081406,6.99102800778705,0.0,0.0,none
traffic,dqn,17,473,4589.661889978768,30.454276886565516,153.1722333581687,1.0,0,prioritize_ns,0.9884026381763671,9.10797241527044e-117,0.01159736182363297,-352.0197378462674,5.689681612463753,0.0,0.0,none
traffic,dqn,17,474,4595.329251810915,30.390815303873968,153.6716924078006,1.0,0,prioritize_ns,0.9885362026220039,6.359248703901127e-117,0.011463797377996032,-353.3213576723122,18.124913445955375,0.0,0.0,none
traffic,dqn,17,475,4612.803426768138,33.037388289170835,157.69181036890913,1.0,0,prioritize_ns,0.9907319866190857,1.0732911240118724e-118,0.009268013380914325,-354.22748172713864,13.574291999458922,0.0,0.0,none
traffic,dqn,17,476,4626.1415912024895,35.482662620264804,157.07910631762292,1.0,0,prioritize_ns,0.991083872947128,1.2283861107224924e-119,0.008916127052872005,-355.37527008344154,15.019680885714333,0.0,0.0,none
traffic,dqn,17,477,4641.004462330857,37.646988744745556,157.11870628138004,1.0,0,prioritize_ns,0.991554373058874,1.300393831572399e-120,0.008445626941126032,-356.2759288439016,11.34973156423818,0.0,0.0,none
traffic,dqn,17,478,4652.319438379782,38.53150968020272,157.04558783462693,1.0,0,prioritize_ns,0.9916842215225259,4.28880528078893e-121,0.008315778477474129,-357.8784651134526,21.601869997772795,0.0,0.0,none
traffic,dqn,17,479,4673.69169224485,41.67248808678695,157.08809403567085,1.0,0,prioritize_ns,0.9922744656025764,1.6704525276169143e-122,0.007725534397423479,-358.95005838466267,13.362880124544107,0.0,0.0,none
traffic,dqn,17,480,4687.012276646123,40.841769975596925,157.7502902688569,1.0,0,prioritize_ns,0.9922143452346321,1.417608751144383e-122,0.007785654765367813,-360.13596733417563,15.80335715378809,0.0,0.0,none
traffic,dqn,17,481,4702.804619314573,41.3326056224165,158.07753748465151,1.0,0,prioritize_ns,0.9923933278354767,4.5317670369572945e-123,0.007606672164523265,-361.1815893721886,15.470366073931006,0.0,0.0,none
traffic,dqn,17,482,4718.273293335803,41.45376620098917,157.88344832844425,1.0,0,prioritize_ns,0.9923043528216078,2.3325446049525355e-123,0.007695647178392188,-362.7862513379045,21.366554829271305,0.0,0.0,none
traffic,dqn,17,483,4739.541385250989,43.444389374241304,158.36857814772824,1.0,0,prioritize_ns,0.9927391335017144,1.8349443909267053e-124,0.007260866498285615,-364.1341782974754,16.586497276956013,0.0,0.0,none
traffic,dqn,17,484,4756.097320711457,42.48112569332128,158.66015322952555,1.0,0,prioritize_ns,0.9925682266657089,1.7033948914869453e-124,0.007431773334291191,-365.3613723417139,16.30210600207678,0.0,0.0,none
traffic,dqn,17,485,4772.388490429966,43.07524275676857,158.60121071005725,1.0,0,prioritize_ns,0.9925682266657089,5.661256407499478e-125,0.007431773334291191,-366.1448036671806,9.214340571473315,0.0,0.0,none
traffic,dqn,17,486,4781.0520609575615,41.64948832859769,161.39653577005015,1.0,0,prioritize_ns,0.9930423911926235,4.3427094407736973e-125,0.006957608807376377,-367.28721741623843,15.129952189694357,0.0,0.0,none
traffic,dqn,17,487,4796.175909236479,41.580523180135216,161.82069412139347,1.0,0,prioritize_ns,0.9930693283432538,2.1082734111325024e-125,0.006930671656746301,-368.10142203648115,10.698409267567756,0.0,0.0,none
traffic,dqn,17,488,4806.646244963397,39.42097194248157,161.41526956127245,1.0,0,prioritize_ns,0.9924812819385679,7.859187645809109e-125,0.007518718061432194,-368.9829657637881,10.906611416311202,0.0,0.0,none
traffic,dqn,17,489,4817.48875687409,38.27828723252661,161.71255680711357,1.0,0,prioritize_ns,0.9923043528216078,1.0532584238340047e-124,0.007695647178392188,-369.74230266119986,8.716044385353339,0.0,0.0,none
traffic,dqn,17,490,4826.0632551686895,36.734952947744745,161.96854119876832,1.0,0,prioritize_ns,0.9920002454916221,2.126988452160517e-124,0.007999754508377905,-370.74450782940636,11.177156832485007,0.0,0.0,none
traffic,dqn,17,491,4837.194916233473,37.228571055182464,162.84677690787805,1.0,0,prioritize_ns,0.9923341253113541,6.827168132521396e-125,0.007665874688645945,-371.40856280768315,8.071586179761876,0.0,0.0,none
traffic,dqn,17,492,4845.131307559521,35.79107966460848,162.5340235239093,1.0,0,prioritize_ns,0.991875291221819,1.5990742805771125e-124,0.008124708778180903,-372.26737940062526,8.013796806624647,0.0,0.0,none
traffic,dqn,17,493,4852.942384695084,35.25922794633749,164.24432963391453,1.0,0,prioritize_ns,0.9922444632191525,9.477727827496737e-125,0.0077555367808475675,-372.5698616823804,3.5760385858332184,0.0,0.0,none
traffic,dqn,17,494,4855.13508523858,33.52926567289826,166.47756648351105,1.0,0,prioritize_ns,0.9925103751011916,1.4569059406834067e-124,0.007489624898808396,-372.9519327033987,3.0318223904902557,0.0,0.0,none
traffic,dqn,17,495,4856.212405115044,32.029829989271136,168.88235785116024,1.0,0,prioritize_ns,0.9928785712542649,1.8641023510330014e-124,0.007121428745735101,-372.91977505985415,4.762057603050164,0.0,0.0,none
traffic,dqn,17,496,4852.782287448013,29.11747424290818,170.4410975381251,1.0,0,prioritize_ns,0.9926826025287876,1.1065500777955817e-123,0.007317397471212289,-373.12512138264043,1.5725279283344493,0.0,0.0,none
traffic,dqn,17,497,4853.1828703477295,27.610312557641794,170.6431893002331,1.0,0,prioritize_ns,0.9924520766240994,3.114819282051757e-123,0.007547923375900623,-373.445725587294,2.338913807023267,0.0,0.0,none
traffic,dqn,17,498,4855.088836292086,26.42929031940062,169.9776082845654,1.0,0,prioritize_ns,0.9920311850466846,8.664068817702246e-123,0.007968814953315289,-373.58561132497925,0.8701972649021839,0.0,0.0,none
traffic,dqn,17,499,4855.872978796049,26.147578711494013,170.2286110401123,1.0,0,prioritize_ns,0.9920311850466846,9.51561803708677e-123,0.007968814953315289,-373.76477588353333,2.5063333080833634,0.0,0.0,none
traffic,dqn,17,500,4858.35189145016,26.427897267023166,170.4696923789235,1.0,0,prioritize_ns,0.9921537607074791,6.414280002875318e-123,0.007846239292520898,-374.1306189589982,4.732495768625443,0.0,0.0,none
traffic,dqn,17,501,4862.799580828918,28.00345867618089,170.10612445388634,1.0,0,prioritize_ns,0.9923637835053328,1.8670570415108397e-123,0.007636216494667212,-374.49482325973656,3.7206054744826633,0.0,0.0,none
traffic,dqn,17,502,4866.441341508212,28.651694232096588,170.50646795083154,1.0,0,prioritize_ns,0.9925682266657089,8.650553044762602e-124,0.007431773334291191,-374.768973162635,2.8564496110417457,0.0,0.0,none
traffic,dqn,17,503,4869.273264775598,28.83688569670256,170.83084290284214,1.0,0,prioritize_ns,0.992710922416408,5.969560213144382e-124,0.007289077583591924,-375.39360861506606,9.436497558240223,0.0,0.0,none
traffic,dqn,17,504,4878.491292238781,30.523662688546473,171.94000440346647,1.0,0,prioritize_ns,0.9932811299991624,7.896306204136397e-125,0.006718870000837655,-375.6393614265427,3.9736227791753373,0.0,0.0,none
traffic,dqn,17,505,4882.439825617293,30.817586833426606,171.60478694118487,1.0,0,prioritize_ns,0.9932287900693889,6.030386685729475e-125,0.006771209930611185,-376.37049727048253,11.261988746003984,0.0,0.0,none
traffic,dqn,17,506,4893.5890664533645,32.157897124889516,172.4594141212974,1.0,0,prioritize_ns,0.9936116790902788,1.0442410051892729e-125,0.0063883209097212856,-377.1027357630794,9.3435175907537,0.0,0.0,none
traffic,dqn,17,507,4902.858774938545,33.28348668606672,172.78632956642377,1.0,0,prioritize_ns,0.9938787187092715,2.724797529105383e-126,0.006121281290728532,-377.8468717407433,9.680410542523521,0.0,0.0,none
traffic,dqn,17,508,4912.433837198958,34.6321144846718,172.32836227299651,1.0,0,prioritize_ns,0.9939964042034285,7.838158099013379e-127,0.00600359579657149,-378.8050242216883,14.691220487308227,0.0,0.0,none
traffic,dqn,17,509,4927.069305288461,35.71560260993583,173.00739591742087,1.0,0,prioritize_ns,0.9942474549497627,1.5080522319797538e-127,0.0057525450502372046,-379.63820439790913,11.228197251209686,0.0,0.0,none
traffic,dqn,17,510,4938.13567479969,37.139169836479326,171.7498842059338,1.0,0,prioritize_ns,0.9941573948247951,5.050884685901876e-128,0.0058426051752048505,-379.91895300527403,5.897327714242133,0.0,0.0,none
traffic,dqn,17,511,4943.924994959195,36.06718570116591,172.08618209999665,1.0,0,prioritize_ns,0.9940659331606164,7.822243530236416e-128,0.00593406683938367,-380.5958476842323,10.059098870103998,0.0,0.0,none
traffic,dqn,17,512,4953.981558619989,36.22455673628859,171.92421984444968,1.0,0,prioritize_ns,0.9939964042034285,4.856601742525736e-128,0.00600359579657149,-380.89792519589645,5.672199191785751,0.0,0.0,none
traffic,dqn,17,513,4959.597100079732,35.43265257615468,172.0356899587025,1.0,0,prioritize_ns,0.9939024378074247,6.637559992836457e-128,0.006097562192575309,-381.27689707211533,5.780753464036264,0.0,0.0,none
traffic,dqn,17,514,4964.992552738361,33.584649489979974,171.09171654067393,1.0,0,prioritize_ns,0.9933330680687192,2.9041733974568743e-127,0.0066669319312806586,-381.76863867378734,7.097864924711264,0.0,0.0,none
traffic,dqn,17,515,4972.0075205156745,32.77436914319699,170.37522555516261,1.0,0,prioritize_ns,0.9929609544025984,5.075209849308654e-127,0.007039045597401514,-382.7606251057548,13.354612745905248,0.0,0.0,none
traffic,dqn,17,516,4985.185158810097,34.252032770180435,171.960167440517,1.0,0,prioritize_ns,0.9935868362586746,5.631435239865977e-128,0.006413163741325347,-383.55967754334335,10.660852554798707,0.0,0.0,none
traffic,dqn,17,517,4995.839681228423,34.371624521686684,172.30748148504765,1.0,0,prioritize_ns,0.9936610782629057,2.9332038952622074e-128,0.006338921737094389,-384.1603446835944,6.769045904080128,0.0,0.0,none
traffic,dqn,17,518,5002.588928362172,34.598365656488035,172.77249120205602,1.0,0,prioritize_ns,0.9937587407701782,1.5949120376848748e-128,0.006241259229821674,-384.77475544158926,6.794398512064638,0.0,0.0,none
traffic,dqn,17,519,5009.363820458053,34.87425354393835,173.2067424006404,1.0,0,prioritize_ns,0.9939024378074247,8.438710545696197e-129,0.006097562192575309,-385.79005258905715,10.770896478876004,0.0,0.0,none
traffic,dqn,17,520,5020.039553706954,35.60640663825592,174.43347888556482,1.0,0,prioritize_ns,0.994269753485008,2.0526600119945626e-129,0.005730246514992079,-386.50193788118315,7.859532280723442,0.0,0.0,none
traffic,dqn,17,521,5027.823746089905,34.527717455961614,174.55606055198615,1.0,0,prioritize_ns,0.9941118405241954,3.166324442138983e-129,0.005888159475804548,-387.4944655841177,11.894350339174162,0.0,0.0,none
traffic,dqn,17,522,5039.661349022849,34.764333558885504,175.69216777087428,1.0,0,prioritize_ns,0.9943140930647723,1.103059147445661e-129,0.005685906935227819,-388.6179717181294,12.850948673892258,0.0,0.0,none
traffic,dqn,17,523,5052.38335490043,35.95888530765173,177.0598279586861,1.0,0,prioritize_ns,0.9947391477427643,1.6595867074579482e-130,0.005260852257235711,-389.3975704611796,8.988309749729186,0.0,0.0,none
traffic,dqn,17,524,5061.356995363321,36.3986349810538,177.32460942439448,1.0,0,prioritize_ns,0.9948403768236574,7.510384795582361e-131,0.005159623176342565,-390.5099612000074,11.51097356614634,0.0,0.0,none
traffic,dqn,17,525,5072.752805853951,36.54265042939942,178.9424089338558,1.0,0,prioritize_ns,0.9951325826547209,2.3918069598282016e-131,0.004867417345279046,-391.5199521111057,9.265612142495112,0.0,0.0,none
traffic,dqn,17,526,5081.893440911383,36.81393896429563,180.43464271340878,1.0,0,prioritize_ns,0.9954083163222202,8.013769642175737e-132,0.00459168367777983,-391.8243821813682,5.010389173306861,0.0,0.0,none
traffic,dqn,17,527,5081.966350788177,34.4610003530655,184.85757880944712,1.0,0,prioritize_ns,0.9958660319095476,1.0095499582516041e-131,0.004133968090452445,-392.37948559852913,4.099660881631694,0.0,0.0,none
traffic,dqn,17,528,5085.352351810646,32.59379938204323,186.2198478555735,1.0,0,prioritize_ns,0.9958499191637799,2.196427585805117e-131,0.004150080836220232,-392.9072875162375,3.769113113680381,0.0,0.0,none
traffic,dqn,17,529,5088.634520992349,31.455505125805644,187.6819919362338,1.0,0,prioritize_ns,0.9959456659132401,2.712486812323319e-131,0.0040543340867600355,-393.8071717203332,8.71861722470755,0.0,0.0,none
traffic,dqn,17,530,5097.301596135107,30.909758056231233,188.45546133887132,1.0,0,prioritize_ns,0.9959614084284943,2.179578835723014e-131,0.004038591571505557,-394.8545644739494,9.979724079826175,0.0,0.0,none
traffic,dqn,17,531,5107.083065179335,31.037924853590503,190.4306396392586,1.0,0,prioritize_ns,0.9962637794165885,6.64935799249026e-132,0.0037362205834114964,-396.24979045128407,16.903711278938157,0.0,0.0,none
traffic,dqn,17,532,5123.487435770501,34.30421699646497,192.8726503162983,1.0,0,prioritize_ns,0.9968519294453704,1.272093962468972e-133,0.0031480705546296176,-397.54540746053664,14.956480661716094,0.0,0.0,none
traffic,dqn,17,533,5138.226582242862,36.574846086443145,194.01200038819672,1.0,0,prioritize_ns,0.9971550903350206,8.558456342608794e-135,0.0028449096649795012,-398.8459380548336,15.487698136573337,0.0,0.0,none
traffic,dqn,17,534,5153.521960718643,38.97748794525881,193.62793925960094,1.0,0,prioritize_ns,0.997263778900852,8.608403917289178e-136,0.0027362210991480392,-400.0868935448513,14.217074623629324,0.0,0.0,none
traffic,dqn,17,535,5167.691122867938,40.077905346566254,194.01412106097945,1.0,0,prioritize_ns,0.9973580531566689,1.840182413072119e-136,0.0026419468433311636,-400.9601693722129,8.998577040059546,0.0,0.0,none
traffic,dqn,17,536,5176.539791265847,39.89134521730239,195.63912926031324,1.0,0,prioritize_ns,0.9975080321463846,8.328067297991544e-137,0.0024919678536153497,-401.67424396623426,9.964942965418173,0.0,0.0,none
traffic,dqn,17,537,5186.41755589869,38.58602402563751,195.80034572594587,1.0,0,prioritize_ns,0.9974090206355707,1.378303376441228e-136,0.002590979364429334,-402.61697685017026,13.284820646806894,0.0,0.0,none
traffic,dqn,17,538,5199.698706086593,38.2944247687462,195.68863548664157,1.0,0,prioritize_ns,0.9973477402942144,1.028213791722511e-136,0.0026522597057856566,-404.0315457661963,19.267893457407077,0.0,0.0,none
traffic,dqn,17,539,5218.891449874858,39.0738978312428,197.19950474268146,1.0,0,prioritize_ns,0.9975273768433653,1.5285786321860594e-137,0.0024726231566347748,-405.23589902629925,15.48721588487977,0.0,0.0,none
traffic,dqn,17,540,5234.3596935215655,39.33371413072542,197.92046926434134,1.0,0,prioritize_ns,0.9975939111608827,5.14047940748223e-138,0.002406088839117293,-405.7471182518588,7.0093541700964295,0.0,0.0,none
traffic,dqn,17,541,5241.332803868398,38.958602520510134,198.52550583566028,1.0,0,prioritize_ns,0.997603269129871,4.146696427020123e-138,0.0023967308701289603,-406.8985629595487,16.78413510157428,0.0,0.0,none
traffic,dqn,17,542,5258.059649050108,40.328418630283785,198.31707071294784,1.0,0,prioritize_ns,0.9976586593489525,7.976622612019412e-139,0.002341340651047526,-407.52801256320197,9.016120312479927,0.0,0.0,none
traffic,dqn,17,543,5267.01697312258,39.4636534071973,198.8729052735687,1.0,0,prioritize_ns,0.9976403393179369,8.624627099168248e-139,0.0023596606820630445,-408.3775509668167,11.90785142526632,0.0,0.0,none
traffic,dqn,17,544,5278.801503875189,37.982010800066256,198.02055810735527,1.0,0,prioritize_ns,0.9974490875787134,2.134206493176644e-138,0.002550912421286719,-408.9027291099173,6.903622297623412,0.0,0.0,none
traffic,dqn,17,545,5285.469916508723,36.22204459743163,198.3284424082725,1.0,0,prioritize_ns,0.9973373872828826,5.406870282236787e-138,0.002662612717117335,-409.7435367802914,12.304570260712179,0.0,0.0,none
traffic,dqn,17,546,5297.721864564016,37.277812139123675,197.90704823517714,1.0,0,prioritize_ns,0.9973580531566689,1.6947494117615994e-138,0.0026419468433311636,-409.92785385628787,3.7805991505679737,0.0,0.0,none
traffic,dqn,17,547,5300.189538741763,34.42597793833104,198.17267161695517,1.0,0,prioritize_ns,0.9971661501557534,1.171577483721013e-137,0.002833849844246685,-410.2551340243386,4.441157325104348,0.0,0.0,none
traffic,dqn,17,548,5304.509310047923,33.498467385068814,198.62342478931478,1.0,0,prioritize_ns,0.9971328414066062,1.671608712111917e-137,0.0028671585933937862,-410.7635413133076,7.577320370608632,0.0,0.0,none
traffic,dqn,17,549,5312.006206070719,32.640940439106195,197.93278627375688,1.0,0,prioritize_ns,0.9969839337826155,2.921890582337043e-137,0.0030160662173845665,-411.0147136341484,3.22036345272522,0.0,0.0,none
traffic,dqn,17,550,5315.113584297535,31.928733557762474,198.38853037006538,1.0,0,prioritize_ns,0.9969721649754317,3.7225412321916977e-137,0.0030278350245683794,-411.79000090808603,10.170032331955952,0.0,0.0,none
traffic,dqn,17,551,5325.267650122967,31.50915711179034,198.00322470982147,1.0,0,prioritize_ns,0.9968641641227171,3.8104059319065076e-137,0.003135835877283034,-412.00530267753106,3.20510312619769,0.0,0.0,none
traffic,dqn,17,552,5328.464139563379,31.654920164323283,197.8191202845238,1.0,0,prioritize_ns,0.9968519294453704,3.196134797745726e-137,0.0031480705546296176,-412.14624046262253,2.1649864011321966,0.0,0.0,none
traffic,dqn,17,553,5327.941699499326,30.68647789028077,199.68361540610692,1.0,0,prioritize_ns,0.9969956569837995,3.524514249012128e-137,0.003004343016200306,-411.96600242127056,5.533225847929196,0.0,0.0,none
traffic,dqn,17,554,5323.327107014695,28.264180188795194,201.54227038494312,1.0,0,prioritize_ns,0.9970073347546454,1.3723769616676595e-136,0.0029926652453546383,-411.81550345073106,4.709340620454498,0.0,0.0,none
traffic,dqn,17,555,5319.060413743471,26.78936588918727,202.88321795678542,1.0,0,prioritize_ns,0.9970535950245228,3.1049477669899864e-136,0.002946404975477049,-411.51064451350214,7.445748395858583,0.0,0.0,none
traffic,dqn,17,556,5312.521866178347,23.450843211076027,201.64191572091292,1.0,0,prioritize_ns,0.9966233876182606,7.490038803276098e-135,0.0033766123817395013,-412.199062069982,8.01395688454214,0.0,0.0,none
traffic,dqn,17,557,5320.13602715221,24.334377517766168,203.98016821803805,1.0,0,prioritize_ns,0.9969603503859165,1.2718525335636321e-135,0.0030396496140834887,-412.5149993614409,1.603683482345751,0.0,0.0,none
traffic,dqn,17,558,5320.163900078915,24.44444011591757,205.5798275680228,1.0,0,prioritize_ns,0.9971439874741471,6.756002023645563e-136,0.0028560125258528073,-413.2500518459342,8.071001413837173,0.0,0.0,none
traffic,dqn,17,559,5327.639530500534,26.862484697167794,207.42619536036545,1.0,0,prioritize_ns,0.9974983032597357,4.320502258207689e-137,0.0025016967402642916,-413.5642422519143,3.1816213988158593,0.0,0.0,none
traffic,dqn,17,560,5330.485416620866,28.285000575478726,207.4164233871861,1.0,0,prioritize_ns,0.9975845167424336,1.3333263500035417e-137,0.0024154832575663415,-413.7766665885626,2.868672222802422,0.0,0.0,none
traffic,dqn,17,561,5332.129622881494,29.921551340629282,205.72894962813774,1.0,0,prioritize_ns,0.9975465717403025,6.574461281482703e-138,0.0024534282596974846,-414.52919887291586,7.430968392378721,0.0,0.0,none
traffic,dqn,17,562,5339.474143922356,29.867623354029245,206.8578401016197,1.0,0,prioritize_ns,0.9976403393179369,3.39780754565235e-138,0.0023596606820630445,-414.70004751914604,1.3892783195374734,0.0,0.0,none
traffic,dqn,17,563,5338.858836319077,29.738987248032583,208.09676849128482,1.0,0,prioritize_ns,0.997748152720497,2.515463791471409e-138,0.00225184727950302,-415.50868991938773,9.998874535225422,0.0,0.0,none
traffic,dqn,17,564,5348.770339526061,30.226161805105384,209.3224344735437,1.0,0,prioritize_ns,0.9978594107418892,7.583198243895032e-139,0.0021405892581107663,-416.0673528663421,5.027526921207763,0.0,0.0,none
traffic,dqn,17,565,5353.676852685648,30.638287212956463,210.33846016538408,1.0,0,prioritize_ns,0.9979572352193652,3.1987234940201568e-139,0.0020427647806347724,-416.514780177527,4.680193346438369,0.0,0.0,none
traffic,dqn,17,566,5358.307649826299,31.23560538896107,210.65961215244923,1.0,0,prioritize_ns,0.998012225787616,1.5169673444210674e-139,0.001987774212383911,-417.53373985901834,13.320684366058291,0.0,0.0,none
traffic,dqn,17,567,5371.462797066183,32.397730628765444,212.4009329167334,1.0,0,prioritize_ns,0.9981827168835503,2.0215086372593213e-140,0.001817283116449832,-418.73060284123886,15.116918346862676,0.0,0.0,none
traffic,dqn,17,568,5386.2604771975,35.4803281756846,212.61882142185829,1.0,0,prioritize_ns,0.9983321176728251,1.0144953912234844e-141,0.0016678823271748684,-420.258266959782,20.326474607904707,0.0,0.0,none
traffic,dqn,17,569,5406.339891361124,37.51391036701252,215.0369281818236,1.0,0,prioritize_ns,0.9985449370614672,4.2046074065314485e-143,0.001455062938532843,-421.3589262374827,14.424798380281883,0.0,0.0,none
traffic,dqn,17,570,5420.633999871881,39.39142943724676,214.55923336777047,1.0,0,prioritize_ns,0.9985785956475733,6.757646818204007e-144,0.0014214043524267083,-422.4284301151924,14.790306398045923,0.0,0.0,none
traffic,dqn,17,571,5435.113592836731,41.361188602086415,212.27568355380134,1.0,0,prioritize_ns,0.9985220570197841,1.86182204985077e-144,0.001477942980215951,-423.7055997574571,15.440245677749884,0.0,0.0,none
traffic,dqn,17,572,5450.5297645127075,41.813393489304886,213.00940569880913,1.0,0,prioritize_ns,0.9985730403667223,5.397363024091336e-145,0.0014269596332777221,-425.4473659429294,23.694291497010276,0.0,0.0,none
traffic,dqn,17,573,5474.0779433317575,43.56349322685149,214.9689655371344,1.0,0,prioritize_ns,0.9987156918798661,2.8055713093410306e-146,0.0012843081201339697,-426.72977526102017,15.51417387827253,0.0,0.0,none
traffic,dqn,17,574,5489.542577023187,42.64053713241266,215.79531168913232,1.0,0,prioritize_ns,0.9987156918798661,2.193532907037138e-146,0.0012843081201339697,-428.2574408607207,20.406360972168656,0.0,0.0,none
traffic,dqn,17,575,5509.90566433718,43.854332893059635,216.33470303184228,1.0,0,prioritize_ns,0.9987696417179502,3.1602544747180093e-147,0.0012303582820496156,-429.44073589251593,15.332342945252492,0.0,0.0,none
traffic,dqn,17,576,5525.231777657846,44.02363696422281,216.73760103931207,1.0,0,prioritize_ns,0.9987792047532855,1.2818679872091574e-147,0.0012207952467143705,-430.4870672598388,15.00449234754212,0.0,0.0,none
traffic,dqn,17,577,5540.235968897025,43.94124087686341,216.78500093788563,1.0,0,prioritize_ns,0.9987696417179502,7.162525536390008e-148,0.0012303582820496156,-431.27421007783323,10.681007714332466,0.0,0.0,none
traffic,dqn,17,578,5550.585515561334,41.301514445915366,216.83651798998187,1.0,0,prioritize_ns,0.9986697984900882,3.260245773272978e-147,0.0013302015099117559,-432.2279608109918,12.82294389563882,0.0,0.0,none
traffic,dqn,17,579,5563.390033962126,40.769491387787824,217.2714319356235,1.0,0,prioritize_ns,0.9986645991810267,2.4513554754754896e-147,0.0013354008189733722,-432.96592163835265,10.7462576680577,0.0,0.0,none
traffic,dqn,17,580,5573.887597360395,38.79638660464324,216.09241790587896,1.0,0,prioritize_ns,0.998516281097091,1.0238755708854844e-146,0.0014837189029090864,-434.0042553031106,13.947665988618724,0.0,0.0,none
traffic,dqn,17,581,5587.832481156161,38.520140699663116,216.12834356046397,1.0,0,prioritize_ns,0.9984929511366406,6.954841143671764e-147,0.0015070488633593833,-434.4465329508904,5.745294134407527,0.0,0.0,none
traffic,dqn,17,582,5592.993732449416,36.55155271047823,217.70775835954817,1.0,0,prioritize_ns,0.998498817743263,1.4159437458437812e-146,0.0015011822567369915,-435.1765383675093,7.601755367472972,0.0,0.0,none
traffic,dqn,17,583,5600.464273527638,35.97575159326071,218.99078358880283,1.0,0,prioritize_ns,0.9985449370614672,1.019913127508781e-146,0.001455062938532843,-435.4823916373742,3.608935621362315,0.0,0.0,none
traffic,dqn,17,584,5603.18204769843,33.95840274726095,220.24315075112284,1.0,0,prioritize_ns,0.9985278104907205,2.666156181864905e-146,0.001472189509279534,-435.856371412436,3.044043519674528,0.0,0.0,none
traffic,dqn,17,585,5605.213959309311,32.26527238978311,221.75008331359174,1.0,0,prioritize_ns,0.9985449370614672,5.139238694363439e-146,0.001455062938532843,-436.10288077469994,2.8365025971974367,0.0,0.0,none
traffic,dqn,17,586,5605.141729753139,29.461849719395666,221.32422981028247,1.0,0,prioritize_ns,0.9983959107471775,4.818447867224508e-145,0.0016040892528226655,-436.4576820469921,2.619149263371878,0.0,0.0,none
traffic,dqn,17,587,5607.578543567399,28.91696222359667,222.11478589012452,1.0,0,prioritize_ns,0.9984207405711987,4.990983459233024e-145,0.001579259428801316,-436.78661560342135,1.5152934639330347,0.0,0.0,none
traffic,dqn,17,588,5608.2450581157755,27.556156917627494,222.12381683063904,1.0,0,prioritize_ns,0.9983515170581486,1.3355638309328748e-144,0.001648482941851288,-436.99189947474645,1.6977698781724297,0.0,0.0,none
traffic,dqn,17,589,5607.551099245612,26.87381030943635,223.51494829532567,1.0,0,prioritize_ns,0.998408374000318,1.410716874982218e-144,0.0015916259996820179,-437.4811746479313,4.67042274126781,0.0,0.0,none
traffic,dqn,17,590,5611.92801293088,27.342810724313797,225.07556156731542,1.0,0,prioritize_ns,0.9985104826352893,4.8758056695228464e-145,0.0014895173647107272,-437.73817646748245,1.6333846970446284,0.0,0.0,none
traffic,dqn,17,591,5613.402898612987,27.65223377196974,225.7055736075453,1.0,0,prioritize_ns,0.9985674634052898,2.9116426908281066e-145,0.001432536594710079,-437.78828266996226,1.0730693388789352,0.0,0.0,none
traffic,dqn,17,592,5612.7775559861,27.03980248374031,226.32634113427173,1.0,0,prioritize_ns,0.9985785956475733,3.827324781370973e-145,0.0014214043524267083,-437.618723880459,4.585920935260943,0.0,0.0,none
traffic,dqn,17,593,5608.584577056085,26.067903788062075,227.9090639281481,1.0,0,prioritize_ns,0.9986168825762602,5.461225195274997e-145,0.0013831174237397678,-437.9298477309655,3.746441543104575,0.0,0.0,none
traffic,dqn,17,594,5612.185931856047,26.926966522087035,228.48184578863328,1.0,0,prioritize_ns,0.9986801365375205,2.0249580795495002e-145,0.0013198634624794732,-438.4392072085893,4.87438234342427,0.0,0.0,none
traffic,dqn,17,595,5616.962813838817,27.006960181587566,229.44859434281676,1.0,0,prioritize_ns,0.9987256737086126,1.1271102937781985e-145,0.0012743262913872736,-438.9021636620331,5.841455723201403,0.0,0.0,none
traffic,dqn,17,596,5622.680164002599,27.855453077922384,230.2939178759667,1.0,0,prioritize_ns,0.9987934102877537,3.519248628115841e-146,0.0012065897122463891,-439.0405690315239,2.276821359852858,0.0,0.0,none
traffic,dqn,17,597,5624.867938764418,28.418076555663543,230.00929194860956,1.0,0,prioritize_ns,0.9987934102877537,2.3351853311258233e-146,0.0012065897122463891,-439.21344343028926,3.7067985959160072,0.0,0.0,none
traffic,dqn,17,598,5627.48439290162,29.779963169106956,227.76434463726167,1.0,0,prioritize_ns,0.9987355780553607,1.6429129497173714e-146,0.0012644219446392272,-439.81380108270815,8.721251729721688,0.0,0.0,none
traffic,dqn,17,599,5636.09088078319,30.780989785428652,228.7575937454763,1.0,0,prioritize_ns,0.9988074507197912,3.87217130020736e-147,0.0011925492802088101,-440.1464532997496,4.123793927670321,0.0,0.0,none
